JoinField,JoinField2,JoinFieldAlt,Spanish,Polish,Indian_langs,Tagalog,Chinese,Ukranian,Arabic,Korean,Russian,V_20_VAP_White_pct,V_20_VAP_Hispanic_pct,V_20_VAP_Black_pct,V_20_VAP_Asian_pct,V_20_VAP_Native_pct,V_20_VAP_Pacific_pct,bach_pct,owner_pct,renter_pct,drive_pct,transit_pct,walk_pct,bike_pct,wfh_pct,X_22_2022_Age_Age_0_9_pct,X_22_2022_Age_Age_10_19_pct,X_22_2022_Age_Age_20_29_pct,X_22_2022_Age_Age_30_39_pct,X_22_2022_Age_Age_40_49_pct,X_22_2022_Age_Age_50_59_pct,X_22_2022_Age_Age_60_69_pct,X_22_2022_Age_Age_70_79_pct,X_22_2022_Age_Age_O79_pct,X_22_2022_Household_Income_U10K_pct,X_22_2022_Household_Income_10_15K_pct,X_22_2022_Household_Income_15_20K_pct,X_22_2022_Household_Income_20_25K_pct,X_22_2022_Household_Income_25_30K_pct,X_22_2022_Household_Income_30_35K_pct,X_22_2022_Household_Income_35_40K_pct,X_22_2022_Household_Income_40_45K_pct,X_22_2022_Household_Income_45_50K_pct,X_22_2022_Household_Income_50_60K_pct,X_22_2022_Household_Income_60_75K_pct,X_22_2022_Household_Income_75_100K_pct,X_22_2022_Household_Income_100_125K_pct,X_22_2022_Household_Income_125_150K_pct,X_22_2022_Household_Income_150_200K_pct,X_22_2022_Household_Income_O200K_pct,ward_preci,20Primary,Kaegi_margin,Assessor_tot_vote,Harris3_margin,SA_tot_vote,yes_margin,tot_union,median_voting_age,median_household_income,Pres_tot,20Primary_std,Kaegi_margin_std,Harris3_margin_std,yes_margin_std,prog_score_v1_recency,prog_score_v2_equal,prog_score_v3_recent_heavy,prog_score_predicted,prog_score_imputed,imputation_method,jurisdiction,precinct_name,in_chicago,in_evanston,in_skokie,township,in_cook,in_lake,in_mchenry,estimated_turnout_high,estimated_turnout,estimated_turnout_low,estimated_turnout_high_old,estimated_turnout_old,estimated_turnout_low_old,win_prob_Fine,median_pct_Fine,median_votes_Fine,win_prob_Biss,median_pct_Biss,median_votes_Biss,win_prob_Abughazaleh,median_pct_Abughazaleh,median_votes_Abughazaleh,win_prob_Simmons,median_pct_Simmons,median_votes_Simmons,win_prob_Amiwala,median_pct_Amiwala,median_votes_Amiwala,win_prob_Andrew,median_pct_Andrew,median_votes_Andrew,win_prob_Huynh,median_pct_Huynh,median_votes_Huynh,JoinField_norm,JoinField2_norm,JoinFieldAlt_norm,border_uncertainty_mult,exp_Fine,exp_Biss,exp_Abughazaleh,exp_Simmons,exp_Amiwala,exp_Andrew,exp_Huynh,exp_Others,adjusted_Fine,adjusted_Biss,adjusted_Abughazaleh,adjusted_Simmons,adjusted_Amiwala,adjusted_Andrew,adjusted_Huynh,final_Fine,final_Biss,final_Abughazaleh,final_Simmons,final_Amiwala,final_Andrew,final_Huynh,raw_Fine,raw_Biss,raw_Abughazaleh,raw_Simmons,raw_Amiwala,raw_Andrew,raw_Huynh,outside_chicago_weight,evanston_weight,chicago_weight,geo_boost_Biss_evanston,geo_boost_Abughazaleh_chicago,geo_boost_Simmons_chicago,geo_boost_Huynh_chicago,geo_boost_Fine_outside_chicago,geo_boost_Amiwala_niles,tot_cohabitating_couples,straight_cohabitating,lgbt_cohabitating,mlm_cohabitating,wlw_cohabitating,lgbt_pct,mlm_pct,wlw_pct,tot_pop,original_estimated_turnout,area_adjustment_factor
CITY OF CHICAGO:WARD 46 PRECINCT 20,CITY OF CHICAGO:WARD 46 PRECINCT 20,CITY OF CHICAGO:Ward 46 Precinct 20,TRUE, ,,TRUE,TRUE,,,TRUE,,0.324850263,0.104743956,0.335078528,0.223833058,0.023909739,0.001726258,0.3083,0.2236,0.7764,0.4179,0.3305,0.0344,0.0427,0.1574,0.137071736,0.067933505,0.234349959,0.172367622,0.117050832,0.094294464,0.061823014,0.074310967,0.040797902,0.185706639,0.084621839,0.018067269,0.084787465,0.036537449,0.002804025,0.01255697,0.011163306,0.062313416,0.104470857,0.096561366,0.106224755,0.028540758,0.062093387,0.070925676,0.032624822,46020.0,0.244589254,0.25388601,193.0,0.214285714,280.0,0.813114754,610.0,38.2,50138,312.3410185,1.096260924,-0.538289729,1.068619564,1.587176007,0.800677556,0.803441692,0.85371313,1.058303414,0.800677556,complete,CITY OF CHICAGO,Ward 46 Precinct 20,1,0,0,,0,0,0,624,416,277,149,112,75,0.08904,18.40709856960643,77,0.47346,26.800634953020076,111,0.42558,26.137394511295252,109,0.00872,11.159179904009198,46,0.0009,5.137779521301256,21,0.002,6.293525967832448,26,0.0003,3.059133816211185,13,CITY OF CHICAGO:WARD 46 PRECINCT 20,CITY OF CHICAGO:WARD 46 PRECINCT 20,CITY OF CHICAGO:WARD 46 PRECINCT 20,1.2,32.89816372,12.48020483,12.48020483,12.48020483,12.48020483,2.350406073,12.48020483,2.350406073,15.580981928389228,22.623971260818355,22.61244986022235,10.46160282757532,4.4760759163165655,5.5811081012530375,2.5867545666887186,18.18643891265487,26.443426875989008,25.89938302414693,11.016007979937227,5.055140151679435,6.238711485202984,2.973569012455975,13.264180294578292,24.5155492320264,26.027473777116906,13.746474205115518,4.186433096385815,0.014326349537121549,0.017289673464767393,0.2,0.3,1.0,1.000088439,1.5,1.8,1.4,1.0,1.000039806,433.3594056,403.5798841,52.95711223,37.32405943,15.6330528,0.122201368,0.086127263,0.036074105,3677.787281,416,1.0000000000000002
CITY OF CHICAGO:WARD 40 PRECINCT 02,CITY OF CHICAGO:WARD 40 PRECINCT 02,CITY OF CHICAGO:Ward 40 Precinct 02,TRUE, ,True, , ,,, ,,0.266333634,0.191068365,0.267741503,0.269222408,0.022033998,0.003098746,0.2581,0.4522,0.5478,0.7351,0.1342,0.0,0.0206,0.1085,0.176613636,0.089263126,0.116447455,0.13072505,0.156894366,0.133540872,0.118406933,0.056079991,0.022028571,0.108803931,0.074605268,0.035626311,0.029319274,0.131279951,0.041262285,0.002114819,0.067915237,0.008707989,0.039832502,0.10940676,0.133679716,0.09723915,0.037197014,0.025949506,0.057060288,40002.0,-0.064672003,0.306358382,173.0,0.136986301,292.0,0.752122241,589.0,46.4,50092,294.8071269,-0.221245916,-0.216194695,0.797316012,1.393139599,0.540109943,0.43825375,0.611922395,0.459111855,0.540109943,complete,CITY OF CHICAGO,Ward 40 Precinct 02,1,0,0,,0,0,0,725,483,322,148,111,74,0.11126,18.936052400948366,91,0.53302,27.11697621719894,131,0.33936,24.49225007897234,118,0.0129,12.016055593098981,58,0.00124,4.970611782301313,24,0.00188,6.4110068714768484,31,0.00034,3.0298697408585413,15,CITY OF CHICAGO:WARD 40 PRECINCT 02,CITY OF CHICAGO:WARD 40 PRECINCT 02,CITY OF CHICAGO:WARD 40 PRECINCT 02,1.2,43.65349663,10.02177276,10.02177276,10.02177276,10.02177276,3.118819775,10.02177276,3.118819775,15.580551822107902,22.228184735824094,20.575912607400905,10.988001961842503,4.255201171671425,5.580243592555333,2.5876461695104678,18.707942188112327,26.782411808879466,24.18841858875357,11.933118450044896,4.9215698208826915,6.271301473310519,3.0079151120829635,13.263750188296966,24.11976270703214,23.990936524295464,14.272873339382702,3.9655583517406736,0.013461840839417368,0.01818127628651656,0.2,0.3,1.0,1.103213405,1.5,1.8,1.4,1.0,1.019094305,960.6962444,943.6882152,37.54193916,26.0449195,11.49701967,0.039077845,0.027110462,0.011967383,2794.717841,483,1.0000000000000004
CITY OF CHICAGO:WARD 40 PRECINCT 03,CITY OF CHICAGO:WARD 40 PRECINCT 03,CITY OF CHICAGO:Ward 40 Precinct 03,TRUE, ,True, , ,,, ,,0.367977893,0.210377527,0.170029032,0.243593412,0.027621658,0.001735153,0.2393,0.2815,0.7185,0.4472,0.3287,0.0101,0.0412,0.139,0.134424762,0.089150124,0.123431815,0.157000987,0.150191225,0.122197187,0.117982968,0.062685825,0.042935107,0.075163822,0.050790335,0.022630867,0.081730145,0.077763644,0.041639156,0.049845048,0.046864602,0.0417723,0.095454721,0.087377403,0.113960625,0.085528867,0.0340353,0.031679919,0.063763246,40003.0,0.304792622,0.476923077,260.0,0.163265306,294.0,0.666666667,546.0,45.9,51236,288.2690656,1.352737762,0.830795162,0.889549409,1.121278483,1.002271369,1.048590204,0.97046321,0.591217516,1.002271369,complete,CITY OF CHICAGO,Ward 40 Precinct 03,1,0,0,,0,0,0,875,583,389,132,99,66,0.11214,18.92163821270554,110,0.53182,27.06759149046192,158,0.339,24.435104947706666,142,0.01406,12.063736724778328,70,0.0008,5.018325692006289,29,0.00194,6.352823104413058,37,0.00024,3.149961449198868,18,CITY OF CHICAGO:WARD 40 PRECINCT 03,CITY OF CHICAGO:WARD 40 PRECINCT 03,CITY OF CHICAGO:WARD 40 PRECINCT 03,1.2,25.77782197,14.10775802,14.10775802,14.10775802,14.10775802,1.841693957,14.10775802,1.841693957,15.580794680667534,22.228618618008483,20.576266674668855,10.980407080634187,4.255246826882663,5.576949581990233,2.58451961251703,18.711122526078622,26.787443696403344,24.192598847069505,11.92605831973181,4.922290326564606,6.268191316937214,3.00497240928132,13.263993046856598,24.12019658921653,23.991290591563413,14.265278458174386,3.9656040069519123,0.010167830274316638,0.015054719293079086,0.2,0.3,1.0,1.038371389,1.5,1.8,1.4,1.0,1.006186241,992.1537101,946.7043098,91.04451547,54.06712064,36.97739483,0.091764527,0.054494702,0.037269825,4844.672301,583,0.9999999999999993
CITY OF CHICAGO:WARD 40 PRECINCT 04,CITY OF CHICAGO:WARD 40 PRECINCT 04,CITY OF CHICAGO:Ward 40 Precinct 04,TRUE, ,True, , ,,, ,,0.415440296,0.214092066,0.074220137,0.294086665,0.018173934,0.000933405,0.274,0.5715,0.4285,0.7033,0.1102,0.0,0.0528,0.1279,0.115898108,0.133058607,0.107242665,0.111444042,0.145032086,0.147212565,0.139942184,0.076898511,0.023271231,0.016200358,0.063853144,0.006650746,0.01607188,0.02280534,0.048250257,0.035973597,0.040582535,0.060356119,0.116793865,0.05230579,0.141925281,0.107017446,0.084700808,0.05532377,0.131189065,40004.0,0.228287325,0.447619048,105.0,-0.192488263,213.0,0.576086957,552.0,48.9,78551,281.1366351,1.026811866,0.650916078,-0.359065596,0.833115875,0.39935681,0.537944556,0.219954779,0.066123388,0.39935681,complete,CITY OF CHICAGO,Ward 40 Precinct 04,1,0,0,,0,0,0,644,0,286,150,113,75,0.11094,18.888347803524457,0,0.53264,27.181011199355055,0,0.33922,24.497170513114828,0,0.01408,12.036184783455667,0,0.00062,5.007792288812333,0,0.0022,6.366138570888766,0,0.0003,3.1085485808323496,0,CITY OF CHICAGO:WARD 40 PRECINCT 04,CITY OF CHICAGO:WARD 40 PRECINCT 04,CITY OF CHICAGO:WARD 40 PRECINCT 04,1.21547,49.87682585,8.599256863,8.599256863,8.599256863,8.599256863,3.563444919,8.599256863,3.563444919,15.58031621016113,22.227763800172145,20.57556910508246,10.972356532525664,4.25515687875782,5.575405495079598,2.585107572683029,18.713137925517998,26.790497817576234,24.19519870305799,11.918321554858826,4.92297689109403,6.266815705270311,3.005728844691052,13.263514576350193,24.119341771380192,23.99059302197702,14.257227910065863,3.9655140588270683,0.008623743363681402,0.01564267945907763,0.2,0.3,1.0,1.005740232,1.5,1.8,1.4,1.0,1.056804025,674.0657063,663.4844646,30.50494591,17.62760551,12.8773404,0.045255152,0.026151168,0.019103984,4283.173001,2,0.16755869134060636
CITY OF CHICAGO:WARD 40 PRECINCT 05,CITY OF CHICAGO:WARD 40 PRECINCT 05,CITY OF CHICAGO:Ward 40 Precinct 05,TRUE, ,True, , ,,, ,,0.279423686,0.238417167,0.15771448,0.325280181,0.022841212,0.001458378,0.2342,0.4216,0.5784,0.6759,0.0855,0.0,0.006,0.2119,0.114685521,0.165558422,0.124695096,0.090374031,0.160838613,0.1799866,0.098660033,0.026504625,0.038697059,0.01883403,0.048667355,0.052628389,0.00968482,0.046433633,0.060286321,0.021217471,0.033109628,0.029333473,0.09317498,0.073918864,0.145180981,0.077202902,0.144261622,0.068983653,0.077081877,40005.0,0.370000134,0.471861472,231.0,0.081967213,183.0,0.678733032,442.0,47.2,77189,233.5870985,1.630533125,0.799725139,0.604211389,1.159665393,0.945901588,1.048533762,0.857037114,0.299617665,0.945901588,complete,CITY OF CHICAGO,Ward 40 Precinct 05,1,0,0,,0,0,0,485,323,215,102,77,51,0.11186,18.94298519297559,61,0.53426,27.127583228021223,88,0.33848,24.404476407202402,79,0.01224,12.087143018130106,39,0.00074,5.0009693187087505,16,0.00202,6.374723456388579,21,0.0004,3.0649580782578623,10,CITY OF CHICAGO:WARD 40 PRECINCT 05,CITY OF CHICAGO:WARD 40 PRECINCT 05,CITY OF CHICAGO:WARD 40 PRECINCT 05,1.2,27.64550323,13.68084725,13.68084725,13.68084725,13.68084725,1.975130261,13.68084725,1.975130261,15.580020622602193,22.22723571429392,20.575138163387056,10.978772100171643,4.255101310971932,5.578427367489825,2.5882282001066024,18.710284432407782,26.785966520460224,24.191441995984405,11.92425596380505,4.922358636238346,6.269678999368271,3.0086908938023575,13.263218988791257,24.118813685501966,23.990162080281614,14.263643477711842,3.9654584910411805,0.011645615773909036,0.018763306882651175,0.2,0.3,1.0,1.012574921,1.5,1.8,1.4,1.0,1.033604447,794.5993904,785.3470594,27.14535709,14.86266971,12.28268738,0.034162318,0.018704607,0.015457711,4265.4384,323,0.9999999829355964
CITY OF CHICAGO:WARD 40 PRECINCT 06,CITY OF CHICAGO:WARD 40 PRECINCT 06,CITY OF CHICAGO:Ward 40 Precinct 06,TRUE, ,True, , ,,, ,,0.284697117,0.203927552,0.216503133,0.292759606,0.021602321,0.00071651,0.2276,0.4362,0.5638,0.6125,0.1413,0.0,0.064,0.1164,0.115210709,0.120910573,0.125048961,0.122623324,0.124157867,0.145168942,0.140804685,0.058872039,0.047202899,0.058901925,0.092231022,0.065448075,0.053444382,0.044462353,0.039045314,0.053698862,0.048082373,0.063964759,0.132283929,0.069588512,0.086740237,0.076367353,0.029174134,0.03820393,0.048362838,40006.0,0.229757004,0.422053232,263.0,0.15625,256.0,0.697959184,490.0,48.9,48493,251.1209901,1.033072955,0.493983543,0.864927263,1.220829843,0.886388832,0.903203401,0.878733604,0.643507695,0.886388832,complete,CITY OF CHICAGO,Ward 40 Precinct 06,1,0,0,,0,0,0,381,254,169,124,93,62,0.11096,18.937379143260447,48,0.53448,27.13279818848588,69,0.33802,24.417552713429913,62,0.01324,12.057595625445346,31,0.00094,4.953285381931163,13,0.0021,6.372960813770668,16,0.00026,3.0531095581189165,8,CITY OF CHICAGO:WARD 40 PRECINCT 06,CITY OF CHICAGO:WARD 40 PRECINCT 06,CITY OF CHICAGO:WARD 40 PRECINCT 06,1.2,29.72295187,13.20598828,13.20598828,13.20598828,13.20598828,2.123553374,13.20598828,2.123553374,15.580328785278677,22.227786266415364,20.57558743854174,10.983724217342473,4.2551592427661085,5.5793405455143,2.5877931318321155,18.709070367364205,26.784130979013767,24.189877408352103,11.929019135021814,4.921937802886844,6.270489050646285,3.00815269878141,13.263527151467741,24.11936423762341,23.990611355436297,14.268595594882672,3.965516422835357,0.012558793798383386,0.018328238608164116,0.2,0.3,1.0,1.012530389,1.5,1.8,1.4,1.0,1.009030507,324.9087449,315.0921303,13.397214,7.116085057,6.281128947,0.041233775,0.021901796,0.019331979,2396.762117,254,0.9999999823829462
CITY OF CHICAGO:WARD 48 PRECINCT 08,CITY OF CHICAGO:WARD 48 PRECINCT 08,CITY OF CHICAGO:Ward 48 Precinct 08,TRUE, ,True, , ,,, ,,0.709058479,0.082826848,0.077405955,0.120105514,0.003690528,0.001376767,0.4169,0.4691,0.5309,0.5418,0.2504,0.0,0.0069,0.1887,0.009712954,0.035514243,0.217438167,0.10622823,0.178900853,0.142815539,0.105726251,0.121508722,0.082154918,0.047911574,0.093863632,0.034689121,0.012498676,0.057250287,0.028051402,0.127440586,0.018500865,0.01299297,0.066500721,0.13541996,0.117854729,0.076616168,0.044610379,0.022561173,0.103237636,48008.0,0.218744169,0.450381679,131.0,0.032520325,246.0,0.578723404,470.0,47.6,60033,187.5234849,0.986156359,0.66787414,0.430663935,0.841503244,0.676000177,0.731549419,0.61582308,-0.026915648,0.676000177,complete,CITY OF CHICAGO,Ward 48 Precinct 08,1,0,0,,0,0,0,461,307,205,78,59,39,0.10838,18.963732889129435,58,0.53598,27.145086132118546,83,0.33852,24.48970493135039,75,0.01372,12.059260069039086,37,0.0009,5.012863645929479,15,0.0021,6.355669187183683,20,0.0004,3.010608099070722,9,CITY OF CHICAGO:WARD 48 PRECINCT 08,CITY OF CHICAGO:WARD 48 PRECINCT 08,CITY OF CHICAGO:WARD 48 PRECINCT 08,1.2,37.86637598,11.344581,11.344581,11.344581,11.344581,2.70535951,11.344581,2.70535951,15.581964843284927,22.23070918756997,20.57797267293226,10.973999551242347,4.255466806864266,5.571615959480768,2.5767635071340953,18.715584928859574,26.794680601987952,24.1985287239604,11.92043020965234,4.922999385943132,6.263047491096209,2.9974061005668466,13.265163209473991,24.12228715877802,23.992996589826816,14.258870928782546,3.9658239869335152,0.0048342077648525945,0.00729861391014406,0.2,0.3,1.0,1.003716995,1.5,1.8,1.4,1.0,1.00026038,84.33170631,79.23976377,11.60519755,8.948995787,2.656201761,0.137613693,0.106116622,0.031497071,296.6954233,307,0.999999877983449
CITY OF CHICAGO:WARD 48 PRECINCT 16,CITY OF CHICAGO:WARD 48 PRECINCT 16,CITY OF CHICAGO:Ward 48 Precinct 16,TRUE,TRUE,True, , ,,, ,,0.410933966,0.149698008,0.231391529,0.195388687,0.020471656,0.002589781,0.2924,0.1856,0.8144,0.3308,0.4635,0.0267,0.0364,0.1426,0.136131465,0.083164237,0.210226728,0.215535351,0.096448677,0.084152671,0.079162181,0.071694313,0.023484377,0.082194963,0.078913007,0.058946548,0.087796964,0.084449794,0.006138599,0.072265886,0.022712813,0.041891888,0.126379821,0.06708721,0.110699322,0.065047999,0.03635312,0.043267043,0.015855023,48016.0,0.285883844,0.232876712,219.0,0.231527094,203.0,0.796437659,393.0,37.2,45786,182.4713467,1.272183073,-0.667252654,1.12913293,1.534120912,0.802741051,0.817046065,0.865158424,0.831879568,0.802741051,complete,CITY OF CHICAGO,Ward 48 Precinct 16,1,0,0,,0,0,0,561,374,249,188,141,94,0.0888,18.409940855361175,69,0.46946,26.743606063325416,100,0.43108,26.252288766937216,98,0.00786,11.102307340813708,42,0.00066,5.060632767470831,19,0.00174,6.37671775625966,24,0.0004,3.030729467389257,11,CITY OF CHICAGO:WARD 48 PRECINCT 16,CITY OF CHICAGO:WARD 48 PRECINCT 16,CITY OF CHICAGO:WARD 48 PRECINCT 16,1.2,32.81928535,12.49823468,12.49823468,12.49823468,12.49823468,2.344770616,12.49823468,2.344770616,15.581251465243918,22.647965788376105,22.734027952797792,10.421878749241678,4.489269080172308,5.577584854928806,2.5833765291000645,18.159580175823077,26.42911304017033,26.00352230283309,10.954897983317421,5.06366992573797,6.233445639098001,2.96844837508657,13.264449831432982,24.539543759584152,26.14905186969235,13.706750126781877,4.199626260241557,0.010803103212890196,0.013911635876113245,0.2,0.3,1.0,1.00574553,1.5,1.8,1.4,1.0,1.000483621,318.4338355,299.1766254,45.21120455,35.82491922,9.38628533,0.141979901,0.112503494,0.029476407,1817.290579,374,0.9999999999999997
CITY OF CHICAGO:WARD 48 PRECINCT 18,CITY OF CHICAGO:WARD 48 PRECINCT 18,CITY OF CHICAGO:Ward 48 Precinct 18,TRUE,TRUE,True, , ,,, ,,0.426426209,0.141125548,0.239467617,0.18227056,0.017540259,0.002527608,0.3298,0.1206,0.8794,0.306,0.3601,0.0,0.1282,0.1561,0.111560322,0.070246275,0.209276836,0.201659193,0.111845165,0.090472411,0.086413144,0.087635179,0.030891474,0.080367818,0.080462037,0.065016719,0.08277143,0.077115866,0.020119672,0.076137569,0.02545568,0.042313815,0.12025228,0.073873634,0.105563547,0.05614917,0.031498699,0.038704464,0.024197603,48018.0,0.273155245,0.046357616,151.0,0.211594203,345.0,0.773529412,680.0,38.6,43537,305.8029572,1.217957023,-1.812176589,1.059172966,1.461242557,0.465670584,0.481548989,0.581195379,1.114444343,0.465670584,complete,CITY OF CHICAGO,Ward 48 Precinct 18,1,0,0,,0,0,0,564,376,251,178,134,89,0.08864,18.40982304657908,69,0.47588,26.799469171080297,101,0.42478,26.113844131463416,98,0.00814,11.121091393999269,42,0.00068,5.194358576369725,20,0.00164,6.343293936301905,24,0.00024,3.0593723894280616,12,CITY OF CHICAGO:WARD 48 PRECINCT 18,CITY OF CHICAGO:WARD 48 PRECINCT 18,CITY OF CHICAGO:WARD 48 PRECINCT 18,1.2,46.92983996,9.272872886,9.272872886,9.272872886,9.272872886,3.352897803,9.272872886,3.352897803,15.58137577169074,22.61526969363367,22.564549998249042,10.466972787780648,4.470892957946209,5.577517467245791,2.5828988204219034,18.201757583134484,26.456499824982146,25.864085425535734,11.030828282871886,5.052771676898737,6.236071116825007,2.9706635318184307,13.264574137879803,24.506847664841718,25.9795739151436,13.751844165320847,4.181250138015458,0.010735715529874599,0.013433927197952417,0.2,0.3,1.0,1.005117199,1.5,1.8,1.4,1.0,1.00034776,245.751363,230.8936379,34.8887355,27.64351942,7.245216079,0.141967617,0.112485722,0.029481896,3460.302455,376,1.0
CITY OF CHICAGO:WARD 48 PRECINCT 22,CITY OF CHICAGO:WARD 48 PRECINCT 22,CITY OF CHICAGO:Ward 48 Precinct 22,TRUE,TRUE,True, , ,,, ,,0.62149366,0.090077088,0.119764469,0.158553577,0.008995602,0.00019183,0.447,0.8933,0.1067,0.3442,0.4675,0.0,0.0779,0.1104,0.019136647,0.00970025,0.117076466,0.090232409,0.040002366,0.218738067,0.173021134,0.232160072,0.099932589,0.031055446,0.031482924,5.69e-09,0.068578428,0.018547778,0.053264452,1.03e-08,0.037095521,1.72e-08,0.062538362,0.164978528,0.140390678,0.052836978,0.124649185,0.152470824,0.062110865,48022.0,0.31711491,0.191304348,230.0,-0.1796875,256.0,0.556195965,347.0,61.0,80780,149.4838557,1.405232856,-0.922439365,-0.314137797,0.76983636,0.062685948,0.234623013,-0.047066214,0.293271071,0.062685948,complete,CITY OF CHICAGO,Ward 48 Precinct 22,1,0,0,,0,0,0,476,317,211,117,88,59,0.12408,22.087316004085633,70,0.81374,32.70773464958832,104,0.0568,18.80404038189229,60,0.00394,9.847815394688997,31,0.00026,3.7290103506279904,12,0.00084,6.392230564850792,20,0.00034,3.128509691546287,10,CITY OF CHICAGO:WARD 48 PRECINCT 22,CITY OF CHICAGO:WARD 48 PRECINCT 22,CITY OF CHICAGO:WARD 48 PRECINCT 22,1.2,64.2601632,5.311542942,5.311542942,5.311542942,5.311542942,4.591061043,5.311542942,4.591061043,17.11597290607618,25.204786524952745,15.079653197514418,8.67765485495234,3.077069696624468,5.573653321005716,2.5794396610617785,21.88782929466289,32.39193902274502,18.66606020442456,9.808460532010361,3.654807673132024,6.3342916566091,3.0692890584824712,14.799171272265246,27.096364496160792,18.494677114408976,11.96252623249254,2.787426876693717,0.006871569289800085,0.009974767837827463,0.2,0.3,1.0,1.006867829,1.5,1.8,1.4,1.0,1.000299022,14.14588037,13.18864034,2.084656083,1.701760141,0.382895942,0.147368423,0.120300759,0.027067664,33.98408025,317,0.9999999999971385
CITY OF CHICAGO:WARD 48 PRECINCT 33,CITY OF CHICAGO:WARD 48 PRECINCT 33,CITY OF CHICAGO:Ward 48 Precinct 33,TRUE,TRUE,True, ,TRUE,,, ,,0.676982537,0.090909088,0.087040622,0.135396509,0.011605415,0.001934236,0.447,0.8933,0.1067,0.3442,0.4675,0.0,0.0779,0.1104,0.018617026,0.0106383,0.11702128,0.090425534,0.037234052,0.218085081,0.175531893,0.231382952,0.101063819,0.030172413,0.034482759,5.48e-09,0.068965516,0.017241384,0.056034475,9.61e-09,0.034482757,1.65e-09,0.064655174,0.163793086,0.142241368,0.051724133,0.124999983,0.150862047,0.060344822,48033.0,0.46012016,0.420289855,138.0,-0.081632653,196.0,0.565217391,253.0,61.1,80303,104.6089805,2.014460138,0.483159275,0.030012659,0.79853636,0.63309736,0.831542108,0.472791471,0.184960134,0.63309736,complete,CITY OF CHICAGO,Ward 48 Precinct 33,1,0,0,,0,0,0,306,204,136,82,62,41,0.12556,20.003318408621656,41,0.58334,28.10749648523787,57,0.28022,23.780603413252038,49,0.00802,10.816877291772627,22,0.00062,4.849601807071606,10,0.00196,6.363468201648498,13,0.00028,3.0886481139442057,6,CITY OF CHICAGO:WARD 48 PRECINCT 33,CITY OF CHICAGO:WARD 48 PRECINCT 33,CITY OF CHICAGO:WARD 48 PRECINCT 33,1.2,39.65821749,10.93500552,10.93500552,10.93500552,10.93500552,2.83337745,10.93500552,2.83337745,16.178379046704332,22.673031839337003,19.793333738198278,9.796200966817391,4.0759937648549105,5.5722252835703285,2.5776884617958142,19.743592772056115,27.74613737360292,23.57226772464857,10.694826915509767,4.761593931417102,6.27979224239458,3.0144664824373755,13.861577412893396,24.56460981054505,23.208357655092836,13.08107234435759,3.7863509449241595,0.005443531854412483,0.008223568571862957,0.2,0.3,1.0,1.005725631,1.5,1.8,1.4,1.0,1.000292469,48.14782026,44.8896971,7.095468234,5.792218957,1.303249277,0.147368421,0.120300751,0.027067669,115.6703816,204,0.9999999357983236
CITY OF CHICAGO:WARD 50 PRECINCT 01,CITY OF CHICAGO:WARD 50 PRECINCT 01,CITY OF CHICAGO:Ward 50 Precinct 01,TRUE, ,True, , ,,, ,,0.688563181,0.107836941,0.054645599,0.136293979,0.008689145,0.000698883,0.3525,0.9601,0.0399,0.5371,0.0807,0.0,0.0849,0.2675,0.231180876,0.151010147,0.08407101,0.094198673,0.149042239,0.077121846,0.120667897,0.062527885,0.030179427,0.027261821,0.047579221,0.013077922,0.009616128,0.008221799,0.005817768,0.028763303,0.035227805,0.01365494,0.005192692,0.106649798,0.150431799,0.119883091,0.137957448,0.152247779,0.138416686,50001.0,0.157462502,0.286713287,143.0,-0.373015873,252.0,0.009259259,432.0,47.0,110115,246.0688519,0.72508578,-0.336783632,-0.9926769,-0.970141693,-0.565405379,-0.393629111,-0.685214937,0.03995022,-0.565405379,complete,CITY OF CHICAGO,Ward 50 Precinct 01,1,0,0,,0,0,0,471,314,209,115,87,58,0.38416,26.61523924136383,84,0.55262,28.823034272220355,91,0.05612,17.414276121776616,55,0.00464,9.312114456216298,29,0.00104,5.013946807590022,16,0.00104,6.576847474440154,21,0.00038,3.239975003498031,10,CITY OF CHICAGO:WARD 50 PRECINCT 01,CITY OF CHICAGO:WARD 50 PRECINCT 01,CITY OF CHICAGO:WARD 50 PRECINCT 01,1.5,83.45115717,1.764447186,1.764447186,1.764447186,1.764447186,5.96215972,1.764447186,1.764447186,18.898386772746385,20.42533830189992,12.897035832163684,7.591267108391332,3.7823082077176418,5.571342621149762,2.5771057753250304,26.303802267157067,28.415425831671875,17.321515211925792,9.235852739049367,4.933638396645132,6.433734389812317,3.1687086058048943,16.58158513893545,22.316916273107967,16.312059749058243,10.87613848593153,3.4926653877868907,0.004560869433846329,0.007640882101079266,0.2,0.3,1.0,1.722757668,1.5,1.8,1.4,1.0,1.307720928,341.0277284,338.2955325,6.209536174,3.228958809,2.980577365,0.018208303,0.009468317,0.008739985,1441.000045,314,1.0000000000000002
CITY OF CHICAGO:WARD 50 PRECINCT 02,CITY OF CHICAGO:WARD 50 PRECINCT 02,CITY OF CHICAGO:Ward 50 Precinct 02,TRUE, ,True, , ,,, ,,0.535663463,0.139107497,0.077320887,0.235015398,0.014948847,0.002833743,0.3445,0.8479,0.1521,0.9317,0.0,0.0,0.0231,0.0452,0.189046616,0.165243719,0.082852261,0.094459096,0.176364422,0.056222037,0.129746597,0.086105643,0.01995961,0.120736892,0.009078554,0.023211381,0.022785514,0.023937252,0.020994977,0.00507161,0.005071611,0.054309134,0.000638801,0.096502941,0.029450417,0.086162473,0.159649633,0.086063022,0.25633579,50002.0,-0.062020018,0.209302326,86.0,-0.381642512,207.0,0.222453222,481.0,46.6,125321,227.6434065,-0.209947998,-0.811961048,-1.022954462,-0.291904499,-0.665492648,-0.584192002,-0.75324514,-0.3457029,-0.665492648,complete,CITY OF CHICAGO,Ward 50 Precinct 02,1,0,0,,0,0,0,492,328,219,101,76,51,0.38374,26.62930685907344,87,0.55402,28.811324536437887,95,0.05554,17.43818509687988,57,0.0043,9.324574228923815,31,0.00072,5.023134968420222,16,0.0012,6.577024058884653,22,0.00048,3.1941257890347075,10,CITY OF CHICAGO:WARD 50 PRECINCT 02,CITY OF CHICAGO:WARD 50 PRECINCT 02,CITY OF CHICAGO:WARD 50 PRECINCT 02,1.8,85.0513149,1.478700377,1.478700377,1.478700377,1.478700377,6.076482832,1.478700377,1.478700377,18.89745129553833,20.423667012672627,12.895671985405393,7.592289061220875,3.782132346468991,5.574175106574244,2.5823135581282535,26.301298701723145,28.41176552184566,17.318880288228527,9.23673998602507,4.933624072584942,6.436509679143894,3.1738591925152133,16.580649661727392,22.315244983880675,16.31069590229995,10.877160438761074,3.49248952653824,0.007393354858328198,0.01284866490430232,0.2,0.3,1.0,2.425456198,1.5,1.8,1.4,1.0,1.304866349,335.8399051,333.1492722,6.115074784,3.179838874,2.935235909,0.018208303,0.009468318,0.008739986,2510.999891,328,1.0
CITY OF CHICAGO:WARD 50 PRECINCT 03,CITY OF CHICAGO:WARD 50 PRECINCT 03,CITY OF CHICAGO:Ward 50 Precinct 03,TRUE, ,True, , ,,, ,,0.475569515,0.143770666,0.129174508,0.242442599,0.020238796,0.000694491,0.3261,0.8229,0.1771,0.6721,0.2339,0.0,0.0115,0.042,0.226818427,0.161728817,0.08008675,0.084172723,0.18556689,0.158695843,0.057504015,0.036588157,0.008838379,1.79e-09,0.01350081,6.2e-10,0.008556699,1.05e-09,8.41e-10,0.007269667,0.062617996,0.017113398,1.34e-09,0.05976016,0.205440486,0.098010477,0.196949589,0.098085949,0.232694763,50003.0,0.026329458,0.387755102,147.0,-0.255813953,215.0,0.194594595,370.0,46.1,128520,181.8769775,0.166436164,0.2834488,-0.581324524,-0.380531572,-0.202768852,-0.127992783,-0.2934352,0.07466451,-0.202768852,complete,CITY OF CHICAGO,Ward 50 Precinct 03,1,0,0,,0,0,0,426,284,189,134,101,67,0.11666,21.012382872121954,60,0.7908,31.78221560577439,90,0.08356,19.475427071852973,55,0.00672,11.101488093048124,32,0.0006,3.8825162050953583,11,0.00134,6.380718957557496,18,0.00032,3.103776631629214,9,CITY OF CHICAGO:WARD 50 PRECINCT 03,CITY OF CHICAGO:WARD 50 PRECINCT 03,CITY OF CHICAGO:WARD 50 PRECINCT 03,1.8,74.52683829,3.358099846,3.358099846,3.358099846,3.358099846,5.324562635,3.358099846,3.358099846,16.528398537180337,24.76804025492028,15.850062479614994,9.836863157074557,3.2534243259716282,5.57578554114528,2.5836744832604923,20.807028224522355,31.36696627899255,19.365252098047314,11.060497436281425,3.8364102892999603,6.319711555495159,3.0568115594276795,14.211596903369403,26.659618226128327,19.265086396509552,13.121734534614756,2.963781506040877,0.009003789429364225,0.014209590036540948,0.2,0.3,1.0,2.077168939,1.5,1.8,1.4,1.0,1.121744494,282.8265735,280.560665,5.149792108,2.677891955,2.471900153,0.018208304,0.009468318,0.008739986,1478.863664,284,0.9999999999999999
CITY OF CHICAGO:WARD 50 PRECINCT 04,CITY OF CHICAGO:WARD 50 PRECINCT 04,CITY OF CHICAGO:Ward 50 Precinct 04,TRUE, ,True, , ,,, ,,0.393122979,0.198577613,0.175185445,0.225753506,0.017993963,0.000963096,0.2143,0.4753,0.5247,0.7072,0.2179,0.0,0.0232,0.032,0.090252139,0.216265792,0.128880349,0.149358692,0.13484663,0.160299214,0.058071586,0.039796901,0.022228698,0.004998703,1.64e-09,0.008331171,0.0439033,1.33e-09,0.002777058,0.009164289,0.160678724,0.079197723,0.00722035,0.024403307,0.148095588,0.269889131,0.069198845,0.031142369,0.140999439,50004.0,0.153758275,0.329545455,176.0,-0.023474178,213.0,0.569230769,390.0,43.1,101040,197.0333923,0.709305127,-0.073863773,0.234135825,0.81130418,0.372703409,0.42022034,0.335486506,0.161219261,0.372703409,complete,CITY OF CHICAGO,Ward 50 Precinct 04,1,0,0,,0,0,0,449,299,199,116,87,58,0.09652,18.557338122801536,55,0.49032,26.89826044838366,80,0.40126,25.739664305541243,77,0.00868,11.395458231252533,34,0.00072,5.06390338299599,15,0.00222,6.283123820853925,19,0.00028,3.0170420000226286,9,CITY OF CHICAGO:WARD 50 PRECINCT 04,CITY OF CHICAGO:WARD 50 PRECINCT 04,CITY OF CHICAGO:WARD 50 PRECINCT 04,1.5,51.06261278,8.328212103,8.328212103,8.328212103,8.328212103,3.64816335,8.328212103,3.64816335,15.580963730359343,22.50872513262206,22.018616189059614,10.604031183725226,4.4116742777558855,5.576695583575858,2.58375735447229,18.339835575720404,26.54712965672824,25.41411627322622,11.269053547249891,5.018008655180384,6.244130450623777,2.980403283337519,13.264162096548407,24.400303103830108,25.433640105954172,13.888902561265425,4.122031457825135,0.009913831859941479,0.014292461248338967,0.2,0.3,1.0,1.976456266,1.5,1.8,1.4,1.0,1.065929615,413.305789,409.9945261,7.525597609,3.913310926,3.612286683,0.018208304,0.009468319,0.008739986,1772.136416,299,0.9999999999999997
CITY OF CHICAGO:WARD 50 PRECINCT 08,CITY OF CHICAGO:WARD 50 PRECINCT 08,CITY OF CHICAGO:Ward 50 Precinct 08,TRUE, ,True, , ,,, ,,0.21743713,0.199092468,0.254440551,0.324250489,0.019505159,0.003106812,0.1949,0.2437,0.7563,0.5714,0.1995,0.046,0.0697,0.0688,0.161107355,0.107143869,0.123613437,0.12950619,0.152395161,0.144448684,0.109411026,0.048996546,0.023377734,0.095990603,0.075134823,0.05333325,0.052250257,0.113074813,0.02329761,0.002010411,0.057983907,0.05888611,0.048618846,0.100495385,0.152863129,0.066809121,0.046174739,0.009529835,0.04354716,50008.0,0.090871364,0.221374046,131.0,0.0,210.0,0.750519751,481.0,46.0,47286,267.763328,0.441395929,-0.737860318,0.316524909,1.388041573,0.339538421,0.352025523,0.332438299,0.884120024,0.339538421,complete,CITY OF CHICAGO,Ward 50 Precinct 08,1,0,0,,0,0,0,278,185,123,151,114,76,0.1103,18.891919171043487,35,0.53564,27.16234851499847,50,0.33746,24.45421497346325,45,0.01362,12.03764814086595,22,0.00108,5.0465844425795074,9,0.00168,6.329893893225639,12,0.00022,3.0638294796937378,6,CITY OF CHICAGO:WARD 50 PRECINCT 08,CITY OF CHICAGO:WARD 50 PRECINCT 08,CITY OF CHICAGO:WARD 50 PRECINCT 08,1.2,52.53526314,7.991596688,7.991596688,7.991596688,7.991596688,3.75337671,7.991596688,3.75337671,15.580030379891006,22.227253146307806,20.575152388690043,10.98650103732831,4.255103145253921,5.581099629573289,2.5900477208772847,18.70752136883673,26.781641828915564,24.18782735711781,11.931528682466357,4.92165228500442,6.272173383302123,3.010332536423429,13.26322874608007,24.118831117515853,23.9901763055846,14.271372414868509,3.96546032532317,0.014317877857372423,0.020582827653333708,0.2,0.3,1.0,1.04367862,1.5,1.8,1.4,1.0,1.016454508,345.3018016,338.3560756,12.56845674,8.930218989,3.638237755,0.036398468,0.025862069,0.0105364,5187.09212,185,0.9999999999999997
CITY OF CHICAGO:WARD 50 PRECINCT 13,CITY OF CHICAGO:WARD 50 PRECINCT 13,CITY OF CHICAGO:Ward 50 Precinct 13,TRUE, ,True, , ,,, ,,0.340675811,0.226174387,0.08951552,0.340396073,0.014160971,0.001019559,0.4257,0.6467,0.3533,0.7501,0.0796,0.0,0.0441,0.1153,0.138982606,0.165732634,0.096299843,0.1535561,0.141616982,0.094212024,0.134115914,0.061675597,0.0138083,0.058430554,0.019533916,0.029079947,0.033126744,0.041816954,0.030472241,0.015202186,0.026611697,0.033659615,0.084079405,0.063356291,0.119494292,0.09543524,0.115278801,0.058715566,0.175706551,50013.0,-0.043390965,0.178294574,129.0,0.088709677,248.0,0.597785978,542.0,45.2,88522,275.4901277,-0.130584987,-1.002298221,0.627875921,0.902147301,0.175131094,0.099285004,0.280849278,0.319893587,0.175131094,complete,CITY OF CHICAGO,Ward 50 Precinct 13,1,0,0,,0,0,0,546,364,243,120,90,60,0.11628,20.965424062014627,76,0.79312,31.741192287934002,116,0.08164,19.513948568215252,71,0.00712,11.121423009251355,40,0.00048,3.9202430241154995,14,0.00114,6.333361867067899,23,0.00022,3.103559959109916,11,CITY OF CHICAGO:WARD 50 PRECINCT 13,CITY OF CHICAGO:WARD 50 PRECINCT 13,CITY OF CHICAGO:WARD 50 PRECINCT 13,1.298350287,59.6751206,6.35958263,6.35958263,6.35958263,6.35958263,4.263483125,6.35958263,4.263483125,16.527470336964974,24.766381966500905,15.848709242097428,9.832915689975412,3.2532498327317443,5.576863999690538,2.5876405299663503,20.806840227057414,31.366528291317977,19.36460107655155,11.056334311803731,3.8366791445173622,6.320853399362651,3.060840991455773,14.210668703154036,26.657959937708952,19.263733158991986,13.11778706751561,2.9636070128009933,0.010082247974621903,0.018175636742399085,0.2,0.3,1.0,1.068405152,1.5,1.8,1.4,1.0,1.112873517,589.230008,585.3453024,14.87022677,9.488064492,5.382162278,0.02523671,0.01610248,0.00913423,3148.764387,364,1.0000000000000002
CITY OF CHICAGO:WARD 50 PRECINCT 15,CITY OF CHICAGO:WARD 50 PRECINCT 15,CITY OF CHICAGO:Ward 50 Precinct 15,TRUE, ,True, , ,,, ,,0.321204433,0.247203577,0.122900509,0.298492477,0.024208046,0.002973283,0.2785,0.5052,0.4948,0.7077,0.1157,0.0079,0.043,0.1059,0.15075442,0.156560977,0.10567714,0.143401037,0.132512709,0.108781216,0.136623526,0.05099172,0.014697256,0.036538775,0.02364304,0.041443955,0.027084281,0.030950137,0.028677895,0.009662567,0.04059102,0.020204486,0.078143587,0.13016832,0.152933707,0.07641858,0.062328967,0.058832818,0.182377866,50015.0,0.182560849,0.486956522,230.0,-0.04379562,274.0,0.632495164,517.0,45.5,80377,248.7435133,0.832009111,0.892384198,0.162812134,1.012568161,0.658023704,0.724943401,0.54559745,0.32105569,0.658023704,complete,CITY OF CHICAGO,Ward 50 Precinct 15,1,0,0,,0,0,0,537,358,239,119,90,60,0.10946,18.92322218518065,68,0.54064,27.217085292738236,97,0.33324,24.44894588090977,88,0.01336,12.037534031499836,43,0.00084,4.981043211771484,18,0.00208,6.3429459097641585,23,0.00038,3.0476124095776487,11,CITY OF CHICAGO:WARD 50 PRECINCT 15,CITY OF CHICAGO:WARD 50 PRECINCT 15,CITY OF CHICAGO:WARD 50 PRECINCT 15,1.216344769,38.61262502,11.17400492,11.17400492,11.17400492,11.17400492,2.758675199,11.17400492,2.758675199,15.580274460997162,22.22768921264891,20.575508238327558,10.976207054133376,4.255149030292841,5.576860157527494,2.5862611997702873,18.711675262660513,26.788198501081926,24.193281606427824,11.921929770384333,4.922620071431286,6.268180063010227,3.0067921670703313,13.263472827186225,24.11926718385696,23.990532155222116,14.261078431673575,3.96550621036209,0.010078405811578279,0.016796306546336154,0.2,0.3,1.0,1.069004535,1.5,1.8,1.4,1.0,1.057217204,543.3060701,536.5580059,22.30002246,14.23375637,8.066266097,0.041045046,0.026198412,0.014846633,3459.170854,358,1.0000000000000002
CITY OF CHICAGO:WARD 50 PRECINCT 17,CITY OF CHICAGO:WARD 50 PRECINCT 17,CITY OF CHICAGO:Ward 50 Precinct 17,TRUE,TRUE,True, , ,,, ,,0.354379443,0.172899619,0.107608209,0.357421498,0.01629125,0.00083226,0.0904,0.3657,0.6343,0.7717,0.071,0.0,0.1048,0.0524,0.208865394,0.173772743,0.068563051,0.177260642,0.105657914,0.082045095,0.098327754,0.058099265,0.027408143,0.085550322,0.014110373,0.009292423,0.012518317,0.13890826,0.043076862,0.089077917,0.007742149,0.056181571,0.08788813,0.029351755,0.14825947,0.117885058,0.057430148,0.056181575,0.046545671,50017.0,-0.139915365,-0.0625,96.0,0.0,90.0,0.603375527,237.0,43.9,54954,149.7810403,-0.541795749,-2.480385329,0.316524909,0.919929418,-0.360599622,-0.446431688,-0.208008302,0.043152723,-0.360599622,complete,CITY OF CHICAGO,Ward 50 Precinct 17,1,0,0,,0,0,0,231,154,103,148,111,74,0.10966,20.575865651853597,32,0.76948,31.420220032480167,48,0.11416,20.80892560026489,32,0.005,10.463046000268196,16,0.00036,4.034226410590288,6,0.00104,6.391507351955,10,0.0003,3.0510585622987016,5,CITY OF CHICAGO:WARD 50 PRECINCT 17,CITY OF CHICAGO:WARD 50 PRECINCT 17,CITY OF CHICAGO:WARD 50 PRECINCT 17,1.5,79.11109678,2.539469781,2.539469781,2.539469781,2.539469781,5.652084532,2.539469781,2.539469781,16.527309005237715,25.027087847474576,17.193628983798178,9.482633899826041,3.3991011801950886,5.577747664728527,2.588812735504806,20.408497971488394,31.055101355038705,20.626810019187772,10.435017974270743,3.9511275158140315,6.297923236836601,3.0381993694301888,14.210507371426779,26.918665818682623,20.608652900692736,12.76750527736624,3.1094583602643375,0.010965913012610596,0.01934784228085471,0.2,0.3,1.0,1.024981016,1.5,1.8,1.4,1.0,1.207343385,303.9886839,301.7234925,7.928169816,4.077344547,3.850825269,0.026080477,0.013412817,0.01266766,2874.99996,154,1.0000000000000002
CITY OF CHICAGO:WARD 50 PRECINCT 19,CITY OF CHICAGO:WARD 50 PRECINCT 19,CITY OF CHICAGO:Ward 50 Precinct 19,TRUE, ,True, , ,,, ,,0.183749338,0.183749339,0.137546466,0.492830585,0.013276686,0.002655337,0.1044,0.0699,0.9301,0.714,0.0288,0.0,0.0459,0.1057,0.120377982,0.204190636,0.070254729,0.144207066,0.161462611,0.086277733,0.172555456,0.008216929,0.03245686,0.027972031,5.16e-09,0.087412581,3.91e-09,2.26e-09,3.05e-09,0.124125868,2.26e-09,4.63e-09,0.262237752,2.34e-09,0.277972022,0.045454544,0.012237766,0.122377615,0.040209794,50019.0,0.266335588,0.157894737,76.0,-0.024390244,82.0,0.806763285,207.0,45.7,59933,129.8696718,1.188904096,-1.127520046,0.230920639,1.566969982,0.369020322,0.464818668,0.322240716,0.424316638,0.369020322,complete,CITY OF CHICAGO,Ward 50 Precinct 19,1,0,0,,0,0,0,183,122,81,133,100,67,0.11102,18.907539610956913,23,0.53388,27.17160268804776,33,0.3393,24.49752954227695,30,0.01238,12.066141931677858,15,0.00104,4.998830530852754,6,0.00202,6.368438111854272,8,0.00036,3.0606699370328916,4,CITY OF CHICAGO:WARD 50 PRECINCT 19,CITY OF CHICAGO:WARD 50 PRECINCT 19,CITY OF CHICAGO:WARD 50 PRECINCT 19,1.292952351,51.22636234,8.290782564,8.290782564,8.290782564,8.290782564,3.659862421,8.290782564,3.659862421,15.578432926783696,22.224399195248,20.57282343698158,10.975824885508558,4.254802838527373,5.5816003529033305,2.5959333864572254,18.708419160780128,26.782707651001882,24.188877812141335,11.920941296603464,4.922461594700954,6.272862915733741,3.016407011104945,13.26163129297276,24.115977166456048,23.987847353876138,14.260696263048757,3.9651600185966216,0.014818601187414581,0.02646849323327398,0.2,0.3,1.0,1.024826837,1.5,1.8,1.4,1.0,1.107936828,325.9667632,321.2062956,11.77589374,8.2681807,3.507713044,0.036126057,0.025365104,0.010760953,2433.999949,122,1.0
CITY OF CHICAGO:WARD 50 PRECINCT 20,CITY OF CHICAGO:WARD 50 PRECINCT 20,CITY OF CHICAGO:Ward 50 Precinct 20,TRUE, ,True, , ,,, ,,0.18921233,0.222602743,0.096746581,0.47431506,0.02140411,0.002568493,0.1429,0.3456,0.6544,0.6375,0.1301,0.0,0.1318,0.0049,0.152953049,0.342756165,0.106511866,0.124684501,0.177688035,0.036850089,0.027258968,0.007067141,0.024230187,0.146718134,0.16795365,6.03e-09,0.127413117,0.009652514,0.090733586,1.8e-09,2.62e-09,0.036679539,0.036679544,0.02509653,0.208494206,6.16e-09,0.00579152,7.68e-09,0.144787636,50020.0,0.304149335,0.3875,160.0,0.140350877,114.0,0.666666667,204.0,38.0,32660,112.6329648,1.349997247,0.281882888,0.809124917,1.121278483,0.836483651,0.890570884,0.820194458,0.728716606,0.836483651,complete,CITY OF CHICAGO,Ward 50 Precinct 20,1,0,0,,0,0,0,221,147,98,100,75,50,0.08794,18.379326727481445,27,0.47316,26.812037964753433,39,0.42786,26.203890420315147,39,0.00778,11.037307358798753,16,0.00088,5.124049605481421,8,0.00212,6.384528299176509,9,0.00026,3.025653702168275,4,CITY OF CHICAGO:WARD 50 PRECINCT 20,CITY OF CHICAGO:WARD 50 PRECINCT 20,CITY OF CHICAGO:WARD 50 PRECINCT 20,1.212604775,31.54619658,12.78923472,12.78923472,12.78923472,12.78923472,2.253814913,12.78923472,2.253814913,15.578608378593525,22.62443336049713,22.63322645121319,10.434244750789698,4.4782582091098995,5.580050748492775,2.5942503636686114,18.183382124805465,26.443814766531663,25.923654326718932,10.98482509581462,5.058295937597499,6.237647256802557,2.9810579337957024,13.26180674478259,24.516011331705176,26.048250368107748,13.719116128329897,4.188615389179148,0.013268996776859415,0.02478547044466023,0.2,0.3,1.0,1.024667484,1.5,1.8,1.4,1.0,1.055471473,328.9694823,324.1651625,11.88437022,8.344344858,3.540025358,0.036126057,0.025365103,0.010760954,1981.000115,147,1.0
CITY OF CHICAGO:WARD 50 PRECINCT 21,CITY OF CHICAGO:WARD 50 PRECINCT 21,CITY OF CHICAGO:Ward 50 Precinct 21,TRUE, ,True, , ,,, ,,0.183964306,0.212058601,0.239535464,0.360699808,0.021593191,0.002451587,0.2326,0.3538,0.6462,0.6296,0.1438,0.0165,0.0453,0.1546,0.091081197,0.160617706,0.155583495,0.130965647,0.146583804,0.160342106,0.102235738,0.034056924,0.018533383,0.034899111,0.06455034,0.089244339,0.082718923,0.031025873,0.037714779,7.02e-10,0.025164325,0.137991587,0.06767978,0.077387811,0.170859124,0.056990804,0.058408712,0.023939963,0.041424528,50021.0,0.321836818,0.205882353,136.0,0.035714286,168.0,0.842592593,432.0,44.4,49880,247.2575903,1.425349006,-0.832954121,0.44187402,1.680954304,0.580458304,0.678805802,0.533071947,0.708243016,0.580458304,complete,CITY OF CHICAGO,Ward 50 Precinct 21,1,0,0,,0,0,0,438,292,195,159,120,80,0.09568,18.595348254108245,54,0.49534,26.92991756584358,79,0.39618,25.56458545486372,75,0.00998,11.438990690562015,33,0.0008,5.126285593031378,15,0.0018,6.352808060069617,19,0.00022,3.027091920894967,9,CITY OF CHICAGO:WARD 50 PRECINCT 21,CITY OF CHICAGO:WARD 50 PRECINCT 21,CITY OF CHICAGO:WARD 50 PRECINCT 21,1.2,41.90347115,10.42179002,10.42179002,10.42179002,10.42179002,2.993789377,10.42179002,2.993789377,15.579684988713295,22.47587370197079,21.85921122195454,10.649267697642632,4.394348644523156,5.581496819221019,2.591520667296984,18.375989808535355,26.566823984758962,25.277446693620007,11.34328601865655,5.00719292911016,6.251351548746056,2.990586458639332,13.262883354902359,24.367451673178838,25.274235138849097,13.93413907518283,4.104705824592404,0.014715067505102316,0.02205577407303254,0.2,0.3,1.0,1.024984989,1.5,1.8,1.4,1.0,1.023968852,470.4557234,466.4261239,15.1109976,5.54069925,9.570298351,0.032119914,0.011777302,0.020342612,3897.677311,292,0.9999999999999999
CITY OF CHICAGO:WARD 50 PRECINCT 23,CITY OF CHICAGO:WARD 50 PRECINCT 23,CITY OF CHICAGO:Ward 50 Precinct 23,TRUE,TRUE,True, , ,,, ,,0.37553525,0.181461505,0.080091619,0.351983203,0.012219934,0.001077157,0.2243,0.5031,0.4969,0.7973,0.0491,0.0,0.0536,0.0436,0.116605719,0.256752514,0.14788291,0.102381181,0.163206847,0.077585481,0.066416456,0.056106749,0.013062143,0.090115807,0.005917761,0.048402469,0.005417809,0.060530142,0.018028755,0.08476721,0.011650099,0.035797126,0.062268468,0.067701393,0.239688498,0.060733115,0.034399976,0.027034043,0.147547329,50023.0,0.035021481,0.079365079,63.0,-0.289855072,138.0,0.451697128,383.0,42.1,75981,245.7716673,0.203465696,-1.609564442,-0.700801194,0.437392622,-0.507803519,-0.41737683,-0.564488392,0.113289917,-0.507803519,complete,CITY OF CHICAGO,Ward 50 Precinct 23,1,0,0,,0,0,0,452,301,201,127,96,64,0.35818,25.944839620058662,78,0.54848,28.471599975765006,86,0.08818,19.109713576961955,58,0.00314,8.60254440628787,26,0.00086,5.09383936547593,15,0.00102,6.492583018853523,20,0.00014,3.1688452060300856,10,CITY OF CHICAGO:WARD 50 PRECINCT 23,CITY OF CHICAGO:WARD 50 PRECINCT 23,CITY OF CHICAGO:WARD 50 PRECINCT 23,1.5,82.38790102,1.954317249,1.954317249,1.954317249,1.954317249,5.886195489,1.954317249,1.954317249,18.896342916862636,20.725004303585685,14.457344247735396,7.182971916946197,3.9514621457368735,5.576859703081158,2.588018223862518,25.672510610785526,28.101876239582122,18.937739087925756,8.490894686852647,5.055203504509903,6.407041864905906,3.147411447504576,16.5795412830517,22.616582274793732,17.872368164629954,10.467843294486396,3.6618193258061225,0.01007795136524212,0.01855333063856667,0.2,0.3,1.0,1.013004638,1.5,1.8,1.4,1.0,1.176268814,707.0906507,701.2484373,19.24641727,10.44205608,8.80436118,0.027219165,0.014767634,0.012451531,4608.196845,301,0.9999999747298517
CITY OF CHICAGO:WARD 50 PRECINCT 26,CITY OF CHICAGO:WARD 50 PRECINCT 26,CITY OF CHICAGO:Ward 50 Precinct 26,TRUE,TRUE,True, , ,,, ,,0.442234308,0.121901369,0.06070353,0.363775011,0.0218424,1.29e-10,0.2337,0.2739,0.7261,0.8015,0.0291,0.0,0.0,0.1694,0.135464181,0.169182169,0.073446733,0.109793604,0.182885651,0.130035496,0.116125391,0.064230403,0.018836372,0.031110388,0.001253777,0.00062689,0.017881334,0.133048365,0.003761329,0.049953519,0.117176509,0.080701081,0.018600538,0.14011589,0.027419912,0.148578871,0.044916948,0.12599588,0.058858771,50026.0,-0.157986337,0.188118812,101.0,-0.272727273,66.0,0.321888412,233.0,47.3,64912,135.2189947,-0.618781238,-0.941993376,-0.640686472,0.024430182,-0.54644825,-0.544257726,-0.565733999,-0.263554451,-0.54644825,complete,CITY OF CHICAGO,Ward 50 Precinct 26,1,0,0,,0,0,0,180,120,80,99,75,50,0.3875,26.609682452789272,32,0.551,28.761349294968753,35,0.05506,17.4342206603042,21,0.0044,9.319341241635982,11,0.00064,5.056982661589314,6,0.0011,6.53102590250047,8,0.0003,3.2072202434927144,4,CITY OF CHICAGO:WARD 50 PRECINCT 26,CITY OF CHICAGO:WARD 50 PRECINCT 26,CITY OF CHICAGO:WARD 50 PRECINCT 26,1.8,83.11350372,1.824743363,1.824743363,1.824743363,1.824743363,5.938036103,1.824743363,1.824743363,18.896231178521177,20.421487196414947,12.893893157846314,7.589934891405587,3.7819029755123412,5.576582322776953,2.5882132446726835,26.299984900840652,28.409253230634466,17.316832406109675,9.23392524382149,4.933955000746529,6.438942338100292,3.1797843218133317,16.57942954471024,22.313065167622995,16.308917074740872,10.874806268945786,3.49226015558159,0.009800571061036774,0.018748351448732343,0.2,0.3,1.0,1.025137143,1.5,1.8,1.4,1.0,1.394978052,374.5393716,371.7484672,9.768165319,5.023627894,4.744537425,0.026080477,0.013412817,0.01266766,1484.411587,120,1.0
CITY OF CHICAGO:WARD 40 PRECINCT 01,CITY OF CHICAGO:WARD 40 PRECINCT 01,CITY OF CHICAGO:Ward 40 Precinct 01,TRUE, ,, , ,,, ,,0.522121826,0.184541308,0.115251215,0.161948791,0.025169868,0.001303683,0.3757,0.584,0.416,0.6807,0.1432,0.0145,0.0495,0.1115,0.091649622,0.104334907,0.116918077,0.136791769,0.10561182,0.167713137,0.168373555,0.074972501,0.033634611,0.031344157,0.038687082,0.03629209,0.013139437,0.028241764,0.091972143,0.024599096,0.055971368,0.006854594,0.053902851,0.096234348,0.097143061,0.095804401,0.056270109,0.115820095,0.157723403,40001.0,0.058657426,0.380952381,126.0,-0.126934985,323.0,0.607142857,560.0,51.7,80858,228.2377757,0.30415894,0.241691155,-0.128988336,0.931914482,0.293879333,0.33719406,0.200642854,0.14178002,0.293879333,complete,CITY OF CHICAGO,Ward 40 Precinct 01,1,0,0,,0,0,0,564,376,251,139,105,70,0.11052,18.921385108125637,71,0.53864,27.17729289556694,102,0.33446,24.391196972733432,92,0.0132,12.066880980497452,45,0.00094,5.040389699726175,19,0.00184,6.355081349177693,24,0.0004,3.07530764992744,12,CITY OF CHICAGO:WARD 40 PRECINCT 01,CITY OF CHICAGO:WARD 40 PRECINCT 01,CITY OF CHICAGO:WARD 40 PRECINCT 01,1.208996067,54.55159005,7.530708794,7.530708794,7.530708794,7.530708794,3.897432988,7.530708794,3.897432988,15.581568339341402,22.230000808184897,20.5773946036716,10.976686381865104,4.255392267711413,5.57360324634269,2.5795164752431226,18.71388722002487,26.791937705986864,24.196276522132116,11.922822566401441,4.922711988869903,6.264958573966753,3.000082864684495,13.264766705530466,24.121578779392944,23.992418520566158,14.261557759405303,3.965749447780661,0.006821494626773389,0.010051582019171132,0.2,0.3,1.0,1.179458441,1.5,1.8,1.4,1.0,1.045235975,388.3669525,384.0270519,16.81708679,12.20598434,4.611102451,0.043302054,0.031428998,0.011873056,1836.271782,376,1.0
CITY OF CHICAGO:WARD 40 PRECINCT 07,CITY OF CHICAGO:WARD 40 PRECINCT 07,CITY OF CHICAGO:Ward 40 Precinct 07,TRUE, ,, , ,,, ,,0.429447738,0.284001125,0.149252379,0.129871632,0.03603004,3.97e-05,0.2953,0.3647,0.6353,0.4495,0.3634,0.0099,0.0352,0.1314,0.109402394,0.093445641,0.212762547,0.164885176,0.126158677,0.071652152,0.1070646,0.05834701,0.056281805,0.042102788,0.048592159,0.045252079,0.05236975,0.009276873,0.065568495,0.050655329,0.051327082,0.033266737,0.104352946,0.042275708,0.065624208,0.073245887,0.124075322,0.092056453,0.099958185,40007.0,0.410539868,0.559322034,236.0,0.02739726,292.0,0.722627737,548.0,40.8,59735,273.4098354,1.803239455,1.336590762,0.412683129,1.299308285,1.073899775,1.212955408,0.91384532,0.586905455,1.073899775,complete,CITY OF CHICAGO,Ward 40 Precinct 07,1,0,0,,0,0,0,596,397,265,178,134,89,0.09386,18.5004421330763,73,0.48142,26.806804147768226,106,0.41342,25.879592249819826,103,0.00848,11.269473325051875,45,0.00078,5.1030350839186065,20,0.00182,6.359414800410549,25,0.00022,2.9672744621450198,12,CITY OF CHICAGO:WARD 40 PRECINCT 07,CITY OF CHICAGO:WARD 40 PRECINCT 07,CITY OF CHICAGO:WARD 40 PRECINCT 07,1.2,23.54726277,14.6176147,14.6176147,14.6176147,14.6176147,1.682331874,14.6176147,1.682331874,15.581872300239123,22.564428210900275,22.298666607601,10.529874534031727,4.442072815413253,5.573835619880287,2.5786238021137984,18.27171922573881,26.505076399797314,25.64855373449592,11.143342568261607,5.036320863555646,6.236832703083156,2.9708319471339766,13.265070666428187,24.45600618210832,25.713690524495558,13.814745911571926,4.1524299954825015,0.0070538681643713365,0.009158908889847168,0.2,0.3,1.0,1.015254262,1.5,1.8,1.4,1.0,1.003559489,414.9516958,396.4432434,40.84329333,31.56743141,9.27586192,0.098429031,0.076074955,0.022354076,2698.723029,397,0.9999999980287605
CITY OF CHICAGO:WARD 40 PRECINCT 10,CITY OF CHICAGO:WARD 40 PRECINCT 10,CITY OF CHICAGO:Ward 40 Precinct 10,TRUE, ,, , ,,, ,,0.562544434,0.231667934,0.086952523,0.118889771,0.014858729,0.000446238,0.4324,0.3368,0.6632,0.4898,0.1693,0.0086,0.0678,0.2475,0.133629057,0.055223591,0.089637724,0.246653769,0.177055938,0.145628253,0.100622239,0.041365627,0.010183803,0.035187046,0.059772375,0.009224719,0.063319455,0.009865717,0.085696085,0.008731604,0.008928897,0.000697384,0.03593385,0.023496757,0.166683617,0.115406249,0.11948169,0.122809942,0.134764612,40010.0,0.197215708,0.278195489,133.0,0.076660988,587.0,0.615615616,999.0,43.2,98869,435.9698137,0.894441364,-0.38906906,0.585587733,0.958868999,0.481571896,0.512457259,0.496197991,0.470882451,0.481571896,complete,CITY OF CHICAGO,Ward 40 Precinct 10,1,0,0,,0,0,0,824,549,366,152,114,76,0.0947,18.53748952939482,102,0.49208,26.96461091089557,148,0.40022,25.63194276611546,141,0.0095,11.365626795757718,62,0.0009,5.119593469670619,28,0.0022,6.365023281996482,35,0.0004,3.017861164459263,17,CITY OF CHICAGO:WARD 40 PRECINCT 10,CITY OF CHICAGO:WARD 40 PRECINCT 10,CITY OF CHICAGO:WARD 40 PRECINCT 10,1.2,46.22603256,9.433747748,9.433747748,9.433747748,9.433747748,3.302614352,9.433747748,3.302614352,15.581976363579905,22.508182967656857,22.007974009706828,10.601008861661048,4.410550394299944,5.5718548682493685,2.576889261495754,18.34691097196272,26.55566408185076,25.40956553397588,11.269039441905557,5.017928504516506,6.23966172639566,2.9739071814593543,13.265174729768969,24.399760938864905,25.422997926601386,13.885880239201247,4.120907574369194,0.005073116533452342,0.007424368271802834,0.2,0.3,1.0,1.004923975,1.5,1.8,1.4,1.0,1.002475231,546.8938401,488.6592269,147.9958589,101.0753923,46.92046664,0.270611676,0.184817207,0.085794469,2695.692862,549,0.9999999908487014
CITY OF CHICAGO:WARD 40 PRECINCT 14,CITY OF CHICAGO:WARD 40 PRECINCT 14,CITY OF CHICAGO:Ward 40 Precinct 14,TRUE, ,, , ,,, ,,0.656676506,0.193973958,0.059795524,0.079194118,0.016844374,0.000239027,0.5739,0.3722,0.6278,0.5087,0.2568,0.0109,0.0303,0.1781,0.102635485,0.045588608,0.198957229,0.301920891,0.109881312,0.099601383,0.061364025,0.045983226,0.034067841,0.012904046,0.013663045,0.030881148,0.002660987,0.013119679,0.097860523,0.016969056,0.038372914,0.036509377,0.085895895,0.093046125,0.103089556,0.083325808,0.094126033,0.082590079,0.194985729,40014.0,0.315749624,0.333333333,141.0,0.18762089,517.0,0.748099891,921.0,36.6,89094,387.2315387,1.399416499,-0.050612362,0.97503203,1.380343236,0.883606404,0.926044851,0.89340384,0.442295031,0.883606404,complete,CITY OF CHICAGO,Ward 40 Precinct 14,1,0,0,,0,0,0,329,219,146,166,125,83,0.08652,18.349484874569,40,0.46884,26.765699925697113,59,0.4347,26.250718972243675,57,0.00728,11.025667976091059,24,0.00064,5.145120251597788,11,0.00186,6.323833770447982,14,0.00016,3.013840902284999,7,CITY OF CHICAGO:WARD 40 PRECINCT 14,CITY OF CHICAGO:WARD 40 PRECINCT 14,CITY OF CHICAGO:WARD 40 PRECINCT 14,1.2,29.8226849,13.1831915,13.1831915,13.1831915,13.1831915,2.130678791,13.1831915,2.130678791,15.58235251678978,22.654635483217312,22.75987021907739,10.40277439383517,4.4921045665712445,5.5702132773711845,2.57444660733036,18.15996500027366,26.435601292102415,26.03246213353693,10.932615167064968,5.066567070055519,6.226011193628233,2.959455585404718,13.265550882978843,24.54621345442536,26.174894135971947,13.687645771375369,4.202461746640493,0.003431525655268527,0.004981714106408758,0.2,0.3,1.0,1.000991148,1.5,1.8,1.4,1.0,1.00210322,280.4721431,267.2374128,29.87839569,17.04357164,12.83482405,0.106528924,0.060767431,0.045761493,1374.014008,219,0.9999999732864693
CITY OF CHICAGO:WARD 40 PRECINCT 21,CITY OF CHICAGO:WARD 40 PRECINCT 21,CITY OF CHICAGO:Ward 40 Precinct 21,TRUE, ,, , ,,, ,,0.6852705,0.169663785,0.049203852,0.084590246,0.014359655,0.000915403,0.5457,0.5365,0.4635,0.4507,0.3403,0.0054,0.0759,0.1223,0.110489192,0.022098235,0.269610832,0.332979773,0.11089515,0.082149213,0.037370348,0.026979085,0.007428171,0.010396953,2.01e-10,0.019737694,6.17e-10,0.007589732,0.042335635,0.016818332,0.004252887,0.025492311,0.056262645,0.11872238,0.104633253,0.140993029,0.06638533,0.135481606,0.250898212,40021.0,0.415665259,0.496551724,290.0,0.178217822,404.0,0.702741703,693.0,34.4,116625,293.6183885,1.825074514,0.951283135,0.942029377,1.236044543,1.150303378,1.238607892,1.090987675,0.433367188,1.150303378,complete,CITY OF CHICAGO,Ward 40 Precinct 21,1,0,0,,0,0,0,639,426,284,177,133,89,0.08832,18.403252420756765,78,0.46558,26.740100820944,114,0.4354,26.307806597945927,112,0.00768,11.14376626510065,47,0.00076,5.114165896188264,22,0.00198,6.286628472971348,27,0.00028,2.9794794145020287,13,CITY OF CHICAGO:WARD 40 PRECINCT 21,CITY OF CHICAGO:WARD 40 PRECINCT 21,CITY OF CHICAGO:WARD 40 PRECINCT 21,1.2,21.34388477,15.12125835,15.12125835,15.12125835,15.12125835,1.524911749,15.12125835,1.524911749,15.582301383461196,22.654544130290184,22.759795671003072,10.401885889719932,4.492094953968248,5.570038434579695,2.5745026248249396,18.160179294341926,26.435933547269247,26.032771036807347,10.931767933200708,5.066642085479085,6.225854146452777,2.9595293985153304,13.26549974965026,24.54612210149823,26.17481958789763,13.68675726726013,4.202452134037498,0.003256682863778811,0.005037731600988575,0.2,0.3,1.0,1.000497386,1.5,1.8,1.4,1.0,1.000844583,419.375997,392.9901072,57.66230636,40.45657234,17.20573402,0.137495486,0.096468498,0.041026988,1696.14624,426,0.9999999937847606
CITY OF CHICAGO:WARD 46 PRECINCT 11,CITY OF CHICAGO:WARD 46 PRECINCT 11,CITY OF CHICAGO:Ward 46 Precinct 11,TRUE, ,, , ,,, ,,0.581125579,0.129096514,0.17988734,0.100050393,0.021601067,0.002369987,0.6305,0.2361,0.7639,0.2517,0.4814,0.0296,0.0103,0.2164,0.012369413,0.018363203,0.34575512,0.249358491,0.114615642,0.100594591,0.113361916,0.018251506,0.027330118,0.029282447,0.080761402,0.011367041,0.016789282,0.034185407,0.054789136,0.069891147,0.004187251,0.073095623,0.046014496,0.081112213,0.198079046,0.088632808,0.094704113,0.040416206,0.076692381,46011.0,0.274882326,0.282608696,184.0,0.144032922,486.0,0.681818182,924.0,34.9,74727,401.199215,1.225314689,-0.361979146,0.822048067,1.169480228,0.673389297,0.71371596,0.695055719,1.008171423,0.673389297,complete,CITY OF CHICAGO,Ward 46 Precinct 11,1,0,0,,0,0,0,879,586,391,170,128,85,0.08834,18.377279475504476,108,0.46534,26.69632403441821,156,0.43662,26.315851714075787,154,0.0073,11.109153633121,65,0.00056,5.112776614627656,30,0.00176,6.290173124626261,37,8e-05,3.032622233436878,18,CITY OF CHICAGO:WARD 46 PRECINCT 11,CITY OF CHICAGO:WARD 46 PRECINCT 11,CITY OF CHICAGO:WARD 46 PRECINCT 11,1.2,37.97433744,11.31990339,11.31990339,11.31990339,11.31990339,2.713072805,11.31990339,2.713072805,15.582154884197937,22.654282400086196,22.759582087450667,10.41219370041025,4.492067413432636,5.574024484051566,2.5777750671265407,18.156355311678105,26.429814045725163,26.02732138869942,10.94134974689702,5.0656616780045,6.229606813084969,2.962568457977254,13.265353250387001,24.545860371294243,26.174606004345225,13.697065077950448,4.202424593501885,0.007242732335649434,0.008310173902589504,0.2,0.3,1.0,1.000022824,1.5,1.8,1.4,1.0,1.000018777,499.7652912,461.7781149,71.85943664,56.83484736,15.02458928,0.143786369,0.113723078,0.030063291,2034.675218,586,1.0000000000000004
CITY OF CHICAGO:WARD 46 PRECINCT 13,CITY OF CHICAGO:WARD 46 PRECINCT 13,CITY OF CHICAGO:Ward 46 Precinct 13,TRUE, ,, , ,,, ,,0.654059431,0.14684,0.11709939,0.068062709,0.019250271,0.000766551,0.3358,0.2027,0.7973,0.2277,0.3,0.0007,0.0284,0.4418,0.062040413,0.065145583,0.22371666,0.327088816,0.061485469,0.106428845,0.086350036,0.016378549,0.051365629,0.091829708,0.087468422,0.031157602,0.057102969,0.019857996,0.025921228,0.014668975,0.006793898,0.015481388,0.045801586,0.123344195,0.052151012,0.105148898,0.030112092,0.209744821,0.083415209,46013.0,0.252537377,0.232758621,232.0,0.150515464,485.0,0.760736196,978.0,35.7,72637,420.2190297,1.130121313,-0.667977541,0.844800331,1.420543305,0.653339754,0.681871852,0.68592545,0.482537965,0.653339754,complete,CITY OF CHICAGO,Ward 46 Precinct 13,1,0,0,,0,0,0,408,272,181,197,148,99,0.0872,18.396309836026262,50,0.46842,26.81187056406828,73,0.43378,26.326143230584663,72,0.0079,11.018505366921863,30,0.00056,5.0931020924025665,14,0.00196,6.322686205855763,17,0.00018,2.9576105185297967,8,CITY OF CHICAGO:WARD 46 PRECINCT 13,CITY OF CHICAGO:WARD 46 PRECINCT 13,CITY OF CHICAGO:WARD 46 PRECINCT 13,1.2,38.80816518,11.12930875,11.12930875,11.12930875,11.12930875,2.772645546,11.12930875,2.772645546,15.582457997236864,22.65482393071062,22.76002400066028,10.407437265369147,4.492124395940653,5.571561879971091,2.57501622975252,18.158545808968118,26.433358933043515,26.030430171667327,10.937006994925694,5.066149168197607,6.227260476832722,2.9599258884314614,13.265656363425927,24.546401901918667,26.17504791755484,13.692308642909346,4.202481576009902,0.004780128255174922,0.005551336528568856,0.2,0.3,1.0,1.000011991,1.5,1.8,1.4,1.0,1.000012353,487.2903388,450.1134772,70.28934087,55.63978937,14.6495515,0.1442453,0.114182008,0.030063292,2350.276627,272,1.0000000000000009
CITY OF CHICAGO:WARD 46 PRECINCT 14,CITY OF CHICAGO:WARD 46 PRECINCT 14,CITY OF CHICAGO:Ward 46 Precinct 14,TRUE, ,, , ,,, ,,0.563675589,0.149484795,0.199547075,0.076455683,0.013631798,0.000640233,0.4298,0.2977,0.7023,0.3865,0.3026,0.0,0.0288,0.282,0.064527588,0.036080565,0.236382432,0.289142561,0.126181695,0.137045765,0.062994681,0.026263919,0.021380795,0.056528189,0.115086558,0.013696665,0.031062916,0.014523265,0.136611341,0.002108695,0.011556567,0.013355047,0.0461438,0.103903019,0.061509378,0.077703445,0.050981615,0.137215941,0.128013559,46014.0,0.205406933,0.094594595,148.0,0.16,250.0,0.772893773,546.0,36.5,68565,248.7435133,0.92933741,-1.51607998,0.878088919,1.459220389,0.432516835,0.437641684,0.520606282,0.65410502,0.432516835,complete,CITY OF CHICAGO,Ward 46 Precinct 14,1,0,0,,0,0,0,255,170,113,188,141,94,0.08738,18.4022013412411,31,0.4701,26.81187031092731,46,0.4317,26.257222045442084,45,0.00814,11.041666125400159,19,0.00086,5.117789747817695,9,0.00148,6.320332484276905,11,0.00034,3.024233368884719,5,CITY OF CHICAGO:WARD 46 PRECINCT 14,CITY OF CHICAGO:WARD 46 PRECINCT 14,CITY OF CHICAGO:WARD 46 PRECINCT 14,1.2,48.40160649,8.936459495,8.936459495,8.936459495,8.936459495,3.458048017,8.936459495,3.458048017,15.58237846600682,22.654681843135567,22.759908050844142,10.413951283249673,4.492109444789197,5.574046328834315,2.5770150568562213,18.156152974176653,26.429531876740956,26.027019378665912,10.943065967470984,5.0655316061317,6.229597924520508,2.9617777143597244,13.265576832195883,24.546259814343614,26.1749319677387,13.698822660789872,4.202466624858445,0.007264577118399037,0.007550163632270278,0.2,0.3,1.0,1.000011892,1.5,1.8,1.4,1.0,1.000009492,214.8189662,198.6735534,30.59130843,24.13314326,6.458165161,0.142405063,0.112341772,0.030063291,2542.25187,170,1.0
CITY OF CHICAGO:WARD 46 PRECINCT 16,CITY OF CHICAGO:WARD 46 PRECINCT 16,CITY OF CHICAGO:Ward 46 Precinct 16,TRUE, ,, , ,,, ,,0.551756769,0.101140536,0.200308539,0.138017533,0.025879564,0.001797239,0.536,0.2589,0.7411,0.2724,0.4497,0.0436,0.0014,0.2261,0.037185925,0.011205884,0.082867838,0.303522775,0.168657264,0.073887564,0.154074407,0.075734876,0.092863429,0.047226989,0.013016482,0.004277733,0.002233541,0.077209069,0.00683607,0.064301508,0.037118841,0.041637671,0.185642327,0.040016785,0.070750747,0.058199912,0.045156984,0.084005867,0.22236944,46016.0,-0.149099755,0.331034483,290.0,0.369863014,365.0,0.802968961,741.0,44.7,67684,401.7935842,-0.580922851,-0.064723563,1.614660892,1.554899042,0.850536754,0.63097838,1.047273257,0.848401999,0.850536754,complete,CITY OF CHICAGO,Ward 46 Precinct 16,1,0,0,,0,0,0,986,657,438,135,102,68,0.09708,18.615723686393856,122,0.49682,26.908844713194334,177,0.3927,25.484512081031514,167,0.01048,11.422312016736424,75,0.00062,5.053157313134342,33,0.002,6.363631260622713,42,0.0003,3.0558190790147903,20,CITY OF CHICAGO:WARD 46 PRECINCT 16,CITY OF CHICAGO:WARD 46 PRECINCT 16,CITY OF CHICAGO:WARD 46 PRECINCT 16,1.2,31.02546607,12.90826224,12.90826224,12.90826224,12.90826224,2.216611374,12.90826224,2.216611374,15.581795110255413,22.47258967275667,21.82593206175865,10.657416480873401,4.390802580265637,5.575439854590861,2.5800040388927568,18.38954375282119,26.580055113502222,25.25298455620664,11.359114725771486,5.0052177941671,6.245993126739302,2.9797683728585063,13.264993476444477,24.364167643964716,25.240955978653208,13.9422878584136,4.101159760334887,0.008658102874945676,0.010539145668805634,0.2,0.3,1.0,1.000027248,1.5,1.8,1.4,1.0,1.000009121,960.4714362,890.636884,148.155501,124.4914374,23.66406364,0.154252896,0.129614929,0.024637967,3125.040344,657,0.9999999637882252
CITY OF CHICAGO:WARD 46 PRECINCT 19,CITY OF CHICAGO:WARD 46 PRECINCT 19,CITY OF CHICAGO:Ward 46 Precinct 19,TRUE, ,, , ,,, ,,0.431475888,0.119318094,0.306514016,0.129036389,0.027850273,0.001684754,0.3102,0.3233,0.6767,0.4139,0.2679,0.036,0.039,0.2348,0.088089717,0.098379678,0.186058085,0.19756608,0.146035501,0.175724724,0.078107199,0.018100308,0.011938708,0.095841893,0.072486125,0.049904449,0.039566537,0.026433507,0.048043093,0.017387674,0.014142947,0.037241563,0.0580786,0.139556391,0.098920899,0.055128964,0.025913016,0.11589352,0.105460824,46019.0,-0.040562001,0.348314607,178.0,0.20855615,374.0,0.757062147,708.0,40.8,64393,367.6173548,-0.118533107,0.041348298,1.048510084,1.408854997,0.711749387,0.595045068,0.80244239,0.86794259,0.711749387,complete,CITY OF CHICAGO,Ward 46 Precinct 19,1,0,0,,0,0,0,699,466,311,134,101,67,0.0919,18.393508908207547,86,0.4808,26.853820155060404,125,0.41592,25.958152213894447,121,0.00876,11.272202028853515,53,0.00072,5.16201231270261,24,0.00178,6.360543192639587,30,0.00012,3.003921456336141,14,CITY OF CHICAGO:WARD 46 PRECINCT 19,CITY OF CHICAGO:WARD 46 PRECINCT 19,CITY OF CHICAGO:WARD 46 PRECINCT 19,1.2,36.40327737,11.6790131,11.6790131,11.6790131,11.6790131,2.600828573,11.6790131,2.600828573,15.58188021494292,22.56444235101943,22.298678146570655,10.542433894953632,4.442074303305935,5.578199004733999,2.5816225906344115,18.267360318597348,26.498157666019782,25.642441065932033,11.155093510932122,5.0351579441777705,6.2409161443448316,2.9735507920625532,13.265078581131984,24.456020322227477,25.713702063465213,13.827305272493831,4.152431483375184,0.011417253018082708,0.012157697410460043,0.2,0.3,1.0,1.000080349,1.5,1.8,1.4,1.0,1.000054181,131.3412183,117.6252064,24.93820399,20.98965477,3.948549224,0.189873402,0.159810112,0.030063291,2183.372932,466,0.9999999999999997
CITY OF CHICAGO:WARD 46 PRECINCT 22,CITY OF CHICAGO:WARD 46 PRECINCT 22,CITY OF CHICAGO:Ward 46 Precinct 22,TRUE, ,, , ,,, ,,0.409362527,0.118307738,0.371541553,0.094522614,0.013836048,0.003061623,0.2592,0.0433,0.9567,0.2758,0.4609,0.0156,0.031,0.1974,0.103258455,0.064793748,0.213393323,0.167857527,0.146141694,0.096788815,0.099345987,0.045980522,0.062439929,0.201775963,0.108245198,0.070733223,0.056280304,0.053276292,0.012100219,0.000377198,0.030083698,0.072478376,0.092403442,0.08114738,0.101552451,0.05267001,0.014737842,0.039239774,0.012898629,46022.0,0.399190531,0.182481752,137.0,0.385214008,257.0,0.824620573,593.0,41.7,34004,315.3128646,1.754889302,-0.976595757,1.668539428,1.623779644,1.009018167,1.017653154,1.139195422,1.049147014,1.009018167,complete,CITY OF CHICAGO,Ward 46 Precinct 22,1,0,0,,0,0,0,618,412,275,138,104,69,0.09452,18.51150836412269,76,0.48196,26.83487560929082,111,0.4121,25.85677722197573,107,0.00858,11.327512795385159,47,0.00072,5.09881451192344,21,0.00188,6.351494427887361,26,0.00024,3.025983471208985,12,CITY OF CHICAGO:WARD 46 PRECINCT 22,CITY OF CHICAGO:WARD 46 PRECINCT 22,CITY OF CHICAGO:WARD 46 PRECINCT 22,1.2,25.56089214,14.1573434,14.1573434,14.1573434,14.1573434,1.826195426,14.1573434,1.826195426,15.582207265042111,22.54386496209672,22.190088340446483,10.576407214515019,4.430307541734807,5.579241594135226,2.581211792804339,18.293459872603737,26.51392587699613,25.55019002708746,11.20906649717683,5.027644042080165,6.243604932817849,2.9747861933042725,13.265405631231175,24.435442933304767,25.60511225734104,13.861278592055218,4.140664721804057,0.01245984241930987,0.011746899580388066,0.2,0.3,1.0,1.000058227,1.5,1.8,1.4,1.0,1.000030998,334.345354,309.572613,44.27880805,35.90772258,8.371085469,0.132434345,0.107397103,0.025037242,3115.633376,412,0.9999999999999997
CITY OF CHICAGO:WARD 46 PRECINCT 23,CITY OF CHICAGO:WARD 46 PRECINCT 23,CITY OF CHICAGO:Ward 46 Precinct 23,TRUE, ,, , ,,, ,,0.417018258,0.124110684,0.238459171,0.211959888,0.026052651,0.00270143,0.362,0.3005,0.6995,0.3647,0.3188,0.0022,0.1229,0.182,0.071614346,0.056961671,0.196514866,0.199237689,0.123650962,0.195196243,0.090956782,0.034516818,0.031350623,0.062083385,0.113818881,0.037802164,0.098078328,0.032887119,0.028514709,0.016231207,0.025173919,0.03051708,0.066736141,0.12103643,0.120568105,0.061114181,0.035805171,0.090810361,0.05882282,46023.0,0.181529204,0.159574468,188.0,0.309904153,313.0,0.800362976,551.0,42.5,58225,252.3097286,0.827614124,-1.117209229,1.404218777,1.546608582,0.722968529,0.665308063,0.870750672,0.948341864,0.722968529,complete,CITY OF CHICAGO,Ward 46 Precinct 23,1,0,0,,0,0,0,575,383,255,145,109,73,0.09518,18.55145135079674,71,0.48966,26.899500444134084,103,0.40286,25.740429359586038,99,0.00928,11.40829821693761,44,0.00084,5.087060215157538,19,0.00178,6.265294828456377,24,0.0004,3.06029500984304,12,CITY OF CHICAGO:WARD 46 PRECINCT 23,CITY OF CHICAGO:WARD 46 PRECINCT 23,CITY OF CHICAGO:WARD 46 PRECINCT 23,1.2,35.95017263,11.78258285,11.78258285,11.78258285,11.78258285,2.568456549,11.78258285,2.568456549,15.581094437711265,22.523066439323827,22.091517827703026,10.590186953965429,4.419584345574981,5.578151188119665,2.5843137262012386,18.319903080138037,26.532757506223756,25.472469579975993,11.241302554688264,5.022274642620673,6.244298239260418,2.9796718391593022,13.264292803900329,24.414644410531874,25.506541744597584,13.875058331505628,4.12994152564423,0.011369436403748979,0.014848832977287146,0.2,0.3,1.0,1.000168813,1.5,1.8,1.4,1.0,1.000098028,302.7640509,278.4751391,57.24284396,43.94275838,13.30008558,0.189067506,0.145138626,0.04392888,1964.860658,383,1.0000000000000002
CITY OF CHICAGO:WARD 47 PRECINCT 03,CITY OF CHICAGO:WARD 47 PRECINCT 03,CITY OF CHICAGO:Ward 47 Precinct 03,TRUE, ,, , ,,, ,,0.731094879,0.124165454,0.041005726,0.084543504,0.021216113,0.000378031,0.7011,0.2959,0.7041,0.4131,0.1987,0.0274,0.0027,0.3316,0.077021791,0.013870645,0.182865273,0.364550307,0.149957861,0.125052888,0.045796121,0.036759092,0.004126021,0.00719666,3.64e-10,5.95e-10,2.89e-10,0.020906423,0.033589168,0.028636697,0.0018421,0.005233934,0.114638103,0.106845827,0.166798189,0.109261749,0.130482326,0.142167362,0.132401462,47003.0,0.304662682,0.218604651,215.0,0.205333333,375.0,0.670454545,704.0,36.7,103275,285.5944042,1.352184195,-0.7548599,1.037198721,1.133328917,0.660464436,0.691962983,0.729511583,0.535229874,0.660464436,complete,CITY OF CHICAGO,Ward 47 Precinct 03,1,0,0,,0,0,0,641,15,285,202,152,101,0.08592,18.33827188255481,3,0.46976,26.77260450256608,4,0.43346,26.26989100966357,4,0.00818,11.086623671535417,2,0.00058,5.197887948046277,1,0.00196,6.363870870669608,1,0.00014,3.0536116551170007,0,CITY OF CHICAGO:WARD 47 PRECINCT 03,CITY OF CHICAGO:WARD 47 PRECINCT 03,CITY OF CHICAGO:WARD 47 PRECINCT 03,1.2,38.51090925,11.1972549,11.1972549,11.1972549,11.1972549,2.751408125,11.1972549,2.751408125,15.582301826385095,22.654544921601758,22.759796316748705,10.401231884744487,4.492095037233932,5.569808956634205,2.574341934598635,18.160405925004092,26.4362947404844,26.033094499830824,10.931156952194076,5.066702975006522,6.225639154882391,2.9593831946641305,13.265500192574159,24.546122892809805,26.174820233643263,13.686103262284686,4.202452217303182,0.003027204918288627,0.004877041374683488,0.2,0.3,1.0,1.000249092,1.5,1.8,1.4,1.0,1.000619793,288.5662744,272.0620456,34.91203412,23.52744768,11.38458644,0.120984457,0.081532216,0.039452242,1561.388587,35,0.43473547527461437
CITY OF CHICAGO:WARD 47 PRECINCT 04,CITY OF CHICAGO:WARD 47 PRECINCT 04,CITY OF CHICAGO:Ward 47 Precinct 04,TRUE, ,, , ,,, ,,0.667433886,0.151569221,0.065387616,0.092218337,0.020887302,0.001364924,0.7329,0.4705,0.5295,0.4608,0.1663,0.0237,0.0,0.3366,0.048307231,0.018339263,0.185388646,0.271036741,0.182828043,0.158263561,0.048024755,0.058541172,0.029270585,0.011904387,2.49e-09,0.018314439,1.21e-09,0.013732708,0.032691704,0.038833711,0.012280898,0.021977326,0.070708798,0.096355255,0.098550733,0.089351758,0.152795249,0.177899373,0.164603656,47004.0,0.315362468,0.258333333,240.0,0.147679325,474.0,0.67251462,855.0,40.4,123684,346.8144325,1.397767147,-0.510990398,0.834846121,1.139882665,0.659084281,0.715376384,0.682978229,0.541831426,0.659084281,complete,CITY OF CHICAGO,Ward 47 Precinct 04,1,0,0,,0,0,0,867,578,385,194,146,97,0.09388,18.482478453949412,107,0.48192,26.84967240247368,155,0.41348,25.921280877287302,150,0.00824,11.281894326810146,65,0.00076,5.118217046706796,30,0.00144,6.321180176480894,37,0.00028,3.0502980185287205,18,CITY OF CHICAGO:WARD 47 PRECINCT 04,CITY OF CHICAGO:WARD 47 PRECINCT 04,CITY OF CHICAGO:WARD 47 PRECINCT 04,1.2,38.56841124,11.18411121,11.18411121,11.18411121,11.18411121,2.755516349,11.18411121,2.755516349,15.582229100208547,22.574470849787662,22.347660844063476,10.51081104950594,4.447396887924906,5.570659427556698,2.5751839218564414,18.262428719658335,26.501809351954687,25.69269485993774,11.115851488446085,5.0400921582036675,6.233032653874439,2.966768209991493,13.265427466397611,24.46604882099571,25.762684760958035,13.795682427046138,4.157754067994155,0.003877675840781955,0.005719028632490227,0.2,0.3,1.0,1.000255043,1.5,1.8,1.4,1.0,1.000411194,451.3639926,419.6713905,71.56393994,52.13944185,19.42449808,0.158550396,0.115515289,0.043035108,1728.23374,578,0.9999999733126511
CITY OF CHICAGO:WARD 48 PRECINCT 01,CITY OF CHICAGO:WARD 48 PRECINCT 01,CITY OF CHICAGO:Ward 48 Precinct 01,TRUE, ,, , ,,, ,,0.661027311,0.158000107,0.088808169,0.07044014,0.025884462,0.000934675,0.5865,0.5296,0.4704,0.3665,0.3035,0.0505,0.0054,0.2573,0.10626028,0.034698587,0.135801347,0.272316539,0.143684114,0.165724174,0.119292032,0.01400518,0.008217748,0.015713785,0.038312434,0.006355261,0.012074997,0.007626314,0.012307484,0.002470407,0.069796109,0.049314641,0.086106424,0.027783902,0.146437522,0.08890329,0.190050984,0.10284873,0.143897713,48001.0,-0.222361586,0.498007968,251.0,0.276752768,542.0,0.739726027,876.0,41.1,107227,334.9270484,-0.893031016,0.960222105,1.287864873,1.353703335,0.895279413,0.677189824,1.017414423,0.596236096,0.895279413,complete,CITY OF CHICAGO,Ward 48 Precinct 01,1,0,0,,0,0,0,840,560,373,134,101,67,0.09258,18.515591896723603,104,0.48632,26.924932374178244,151,0.41018,25.849118536704918,145,0.00832,11.256091823400066,63,0.00074,5.12275896452471,29,0.00158,6.366014132849178,36,0.00028,2.9850966121629208,17,CITY OF CHICAGO:WARD 48 PRECINCT 01,CITY OF CHICAGO:WARD 48 PRECINCT 01,CITY OF CHICAGO:WARD 48 PRECINCT 01,1.2,29.40582243,13.27847708,13.27847708,13.27847708,13.27847708,2.100896093,13.27847708,2.100896093,15.582435468868281,22.5583804524191,22.263132120714722,10.535026669086921,4.438235938008676,5.5708265581966945,2.574584352891779,18.28339035891631,26.515139212279415,25.621976352597947,11.155696408683207,5.034453447839074,6.234526402619039,2.9674952591314345,13.265633835057345,24.449958423627148,25.67815603760928,13.81989804662712,4.148593118077924,0.0040448064807784385,0.005119459667827933,0.2,0.3,1.0,1.005338659,1.5,1.8,1.4,1.0,1.000740114,433.4562437,388.591458,102.1735099,76.78119163,25.3923183,0.235718164,0.177137122,0.058581042,2225.907351,560,0.999999999999999
CITY OF CHICAGO:WARD 48 PRECINCT 07,CITY OF CHICAGO:WARD 48 PRECINCT 07,CITY OF CHICAGO:Ward 48 Precinct 07,TRUE, ,, , ,,, ,,0.686641516,0.140686267,0.059995548,0.091558263,0.014118535,0.001303392,0.5362,0.4349,0.5651,0.3451,0.3902,0.0043,0.0262,0.2233,0.09422136,0.04297043,0.140172013,0.257687762,0.165110405,0.106758547,0.100310864,0.055689266,0.037079353,0.030965618,0.015579042,0.019227315,0.009625173,0.005920192,0.02944728,0.023887863,0.042392505,0.023081552,0.06579388,0.053746401,0.195509109,0.146635899,0.055702398,0.10528036,0.177205412,48007.0,0.286910855,0.434628975,283.0,0.301204819,415.0,0.690751445,692.0,41.6,98059,269.249251,1.276558319,0.571178154,1.373686072,1.197899753,1.11454335,1.104830574,1.168314449,0.383283689,1.11454335,complete,CITY OF CHICAGO,Ward 48 Precinct 07,1,0,0,,0,0,0,723,482,321,161,121,81,0.09306,18.49609964971873,89,0.4888,26.984968187730786,130,0.40636,25.81212345948417,124,0.00882,11.25997562334618,54,0.00088,5.0354514682734095,24,0.0019,6.271529140482423,30,0.00018,3.1169804986814804,15,CITY OF CHICAGO:WARD 48 PRECINCT 07,CITY OF CHICAGO:WARD 48 PRECINCT 07,CITY OF CHICAGO:WARD 48 PRECINCT 07,1.2,22.35268963,14.89066779,14.89066779,14.89066779,14.89066779,1.596985713,14.89066779,1.596985713,15.582235355023247,22.5462664449166,22.202247806327136,10.548395657077108,4.431627071733683,5.570494466668633,2.575047827591371,18.299128766582108,26.525782910466933,25.57242422605607,11.180406043099392,5.030733480799271,6.235218796161298,2.968983218901347,13.265433721212311,24.437844416124648,25.617271723221695,13.833267034617307,4.141984251802931,0.003712714952716489,0.005582934367420026,0.2,0.3,1.0,1.002242445,1.5,1.8,1.4,1.0,1.00094994,314.1051123,278.9273463,75.66168973,57.25082653,18.4108632,0.24088016,0.182266459,0.058613701,1605.586381,482,0.9999999999999993
CITY OF CHICAGO:WARD 48 PRECINCT 21,CITY OF CHICAGO:WARD 48 PRECINCT 21,CITY OF CHICAGO:Ward 48 Precinct 21,TRUE, ,, , ,,, ,,0.364733985,0.132803925,0.31281453,0.188943297,0.029036808,0.000595829,0.2734,0.099,0.901,0.368,0.4353,0.0156,0.091,0.084,0.066983324,0.10089024,0.131368015,0.210661076,0.101768781,0.193834017,0.129381505,0.039585445,0.025527596,0.135768922,0.239984387,0.115334138,0.085577353,0.04018448,0.031426991,0.039858769,0.016732678,0.029163296,0.059130537,0.078337703,0.02879899,0.036446413,0.014426701,0.034007715,0.014820925,48021.0,0.399011289,0.192,250.0,0.358600583,343.0,0.790378007,582.0,45.7,20521,299.5620806,1.7541257,-0.918169193,1.575132293,1.514843249,0.963583671,0.981483012,1.082313528,0.997704572,0.963583671,complete,CITY OF CHICAGO,Ward 48 Precinct 21,1,0,0,,0,0,0,737,491,327,162,122,81,0.10868,18.8993069710168,93,0.53402,27.14383288874457,133,0.34102,24.459622382749163,120,0.01316,12.052294747253233,59,0.00088,5.052479918548911,25,0.00192,6.399024263624742,31,0.00032,3.069850353811735,15,CITY OF CHICAGO:WARD 48 PRECINCT 21,CITY OF CHICAGO:WARD 48 PRECINCT 21,CITY OF CHICAGO:WARD 48 PRECINCT 21,1.2,27.04906865,13.81717905,13.81717905,13.81717905,13.81717905,1.932518051,13.81717905,1.932518051,15.581312541305257,22.22954380880694,20.57702167173978,10.992240502394875,4.2553441799956975,5.579709981690821,2.5846386609693757,18.70781894320537,26.782380762252725,24.18831658378207,11.937364347781005,4.921262124509968,6.270697469719714,3.004837210815579,13.264510907494321,24.121121780014988,23.992045588634337,14.277111879935074,3.9657013600649464,0.012928229974905168,0.015173767745424553,0.2,0.3,1.0,1.000315601,1.5,1.8,1.4,1.0,1.000138115,454.3331971,421.1422597,81.86084284,63.65583377,18.20500907,0.180177991,0.14010826,0.040069731,3762.619828,491,0.9999999999999999
CITY OF CHICAGO:WARD 48 PRECINCT 25,CITY OF CHICAGO:WARD 48 PRECINCT 25,CITY OF CHICAGO:Ward 48 Precinct 25,TRUE, ,, , ,,, ,,0.691542659,0.118714084,0.08449691,0.095348151,0.022530404,0.00129684,0.4469,0.3575,0.6425,0.4162,0.3447,0.0491,0.0139,0.1473,0.057347736,0.067235842,0.275038723,0.155859867,0.209292321,0.052864343,0.127147666,0.034116912,0.02109659,0.01810897,0.016788917,0.015468861,1.71e-09,0.057283096,0.078348259,0.023547228,3.21e-09,0.131039015,0.080988369,0.118684399,0.148144017,0.022227182,0.015468861,0.107649835,0.166252987,48025.0,0.087031517,0.422018349,218.0,0.228235294,425.0,0.674351585,694.0,40.0,69912,285.8915888,0.425037512,0.493769418,1.117579453,1.145726629,0.864782447,0.795528253,0.929192687,0.412743007,0.864782447,complete,CITY OF CHICAGO,Ward 48 Precinct 25,1,0,0,,0,0,0,762,508,339,119,90,60,0.09104,18.549991622722967,94,0.47906,26.850745628559036,136,0.4182,26.01857083295941,132,0.00886,11.183953445772643,57,0.00076,5.180746314483664,26,0.0018,6.304589724113596,32,0.00028,2.9574850559807726,15,CITY OF CHICAGO:WARD 48 PRECINCT 25,CITY OF CHICAGO:WARD 48 PRECINCT 25,CITY OF CHICAGO:WARD 48 PRECINCT 25,1.2,30.50341284,13.0275921,13.0275921,13.0275921,13.0275921,2.179313331,13.0275921,2.179313331,15.58219944231169,22.583823057242675,22.396091657597406,10.49964146752313,4.452648309855306,5.5712616652292395,2.575704428527145,18.24970303128506,26.49300094748746,25.731963763862737,11.09563887387385,5.043073307624889,6.232821846408612,2.966475671523827,13.265397808500754,24.475401028450722,25.811115574491964,13.784512845063329,4.163005489924555,0.004479913513323836,0.006239535303193687,0.2,0.3,1.0,1.021779331,1.5,1.8,1.4,1.0,1.000969012,301.2435699,279.2192636,50.65590452,34.50474659,16.15115793,0.168155969,0.114541023,0.053614947,1375.99997,508,1.0000000000000009
CITY OF CHICAGO:WARD 48 PRECINCT 28,CITY OF CHICAGO:WARD 48 PRECINCT 28,CITY OF CHICAGO:Ward 48 Precinct 28,TRUE, ,, , ,,, ,,0.605953354,0.194380082,0.0966877,0.091581316,0.021263417,0.00038292,0.6136,0.4741,0.5259,0.4184,0.2853,0.0313,0.0148,0.247,0.062323363,0.039151743,0.184195469,0.271056201,0.158818646,0.12734517,0.103000668,0.033730133,0.020378607,0.005984441,5.35e-10,0.022940357,0.008322788,0.037152512,1.08e-09,5.54e-11,0.018114777,0.010607315,0.026619643,0.05142655,0.223456818,0.193931962,0.110373124,0.127349668,0.163720042,48028.0,0.288988266,-0.068376068,234.0,0.193650794,315.0,0.874782609,575.0,38.7,112295,232.9927293,1.285408451,-2.516454831,0.996195637,1.783360891,0.358206256,0.387127537,0.480019876,0.634031683,0.358206256,complete,CITY OF CHICAGO,Ward 48 Precinct 28,1,0,0,,0,0,0,509,339,226,159,120,80,0.08932,18.479162760580937,63,0.47238,26.82128066039402,91,0.42756,26.111796530719573,89,0.00812,11.062679362606339,38,0.00054,5.076111217160182,17,0.00174,6.321942644420534,21,0.00034,2.9946830736995356,10,CITY OF CHICAGO:WARD 48 PRECINCT 28,CITY OF CHICAGO:WARD 48 PRECINCT 28,CITY OF CHICAGO:WARD 48 PRECINCT 28,1.2,51.70690196,8.180941798,8.180941798,8.180941798,8.180941798,3.694194527,8.180941798,3.694194527,15.582235136574644,22.614453705086525,22.553684366606568,10.459467394749417,4.46974026143012,5.571517385948751,2.5757580314015747,18.210035785901162,26.466981213846413,25.861513176361214,11.026518873809996,5.053110717475066,6.230532983701222,2.963984690971356,13.265433502763708,24.506031676294572,25.968708283501126,13.744338772289616,4.180097441499369,0.004735634232835191,0.006293138177623344,0.2,0.3,1.0,1.004636212,1.5,1.8,1.4,1.0,1.001353568,274.5621694,245.7362082,65.62506068,49.47434477,16.15071592,0.239017126,0.180193596,0.05882353,1187.157943,339,1.0000000000000004
CITY OF CHICAGO:WARD 48 PRECINCT 30,CITY OF CHICAGO:WARD 48 PRECINCT 30,CITY OF CHICAGO:Ward 48 Precinct 30,TRUE, ,, , ,,, ,,0.756118092,0.099253241,0.054272242,0.074274914,0.010773761,7.41e-11,0.376,0.4469,0.5531,0.4209,0.3799,0.0,0.0356,0.1359,0.094899894,0.031285214,0.247995042,0.157513566,0.071467048,0.107618111,0.231437132,0.024563604,0.03322039,0.028868639,0.070227941,9.24e-10,8.56e-10,2.33e-09,0.045246608,0.016123092,0.133286409,0.116908445,0.089935771,0.04284089,0.140408198,0.092596366,0.053659221,0.059840431,0.110057984,48030.0,-0.041161349,0.324561404,228.0,0.083900227,441.0,0.667721519,632.0,43.6,59934,243.3941904,-0.121086434,-0.104457742,0.610995834,1.1246343,0.450729716,0.37752149,0.497424585,0.083004897,0.450729716,complete,CITY OF CHICAGO,Ward 48 Precinct 30,1,0,0,,0,0,0,770,513,342,122,92,61,0.09458,18.55959304563863,95,0.49236,26.918468506021338,138,0.40036,25.673101170385838,132,0.0095,11.354127452103517,58,0.00064,5.117863866636084,26,0.00236,6.298188369627968,32,0.0002,3.0590539797361225,16,CITY OF CHICAGO:WARD 48 PRECINCT 30,CITY OF CHICAGO:WARD 48 PRECINCT 30,CITY OF CHICAGO:WARD 48 PRECINCT 30,1.2,47.59249377,9.121404831,9.121404831,9.121404831,9.121404831,3.400241038,9.121404831,3.400241038,15.582399130820152,22.49953307491898,21.96011631639327,10.611426336874054,4.405372873368297,5.569949717744951,2.5741022039643715,18.360740117148726,26.566173508317974,25.37129359517928,11.28885448133742,5.015034796260919,6.238608697892699,2.9719722459294284,13.265597497009216,24.391111046127026,25.37514023328783,13.896297714414253,4.115730053437546,0.0031679660290347923,0.004637310740420423,0.2,0.3,1.0,1.011357243,1.5,1.8,1.4,1.0,1.000901793,301.613181,279.5618517,50.71805739,34.54708279,16.1709746,0.168155971,0.114541025,0.053614947,1179.110627,513,1.0000000000000002
CITY OF CHICAGO:WARD 48 PRECINCT 31,CITY OF CHICAGO:WARD 48 PRECINCT 31,CITY OF CHICAGO:Ward 48 Precinct 31,TRUE, ,, , ,,, ,,0.629137565,0.155579539,0.103789664,0.095104353,0.031600481,0.000454296,0.481,0.521,0.479,0.3258,0.3583,0.0066,0.0262,0.268,0.109232203,0.038991888,0.160433286,0.276603945,0.165434133,0.135103784,0.089168813,0.015602293,0.009429656,0.00631461,3.21e-09,0.033460806,0.02541726,0.016337876,0.011802365,3.59e-09,0.070764024,2.85e-09,0.062553293,0.070646995,0.192729657,0.141218753,0.110597954,0.14764203,0.110514367,48031.0,0.130147696,0.009174312,218.0,0.205633803,355.0,0.776377953,635.0,38.5,101766,240.1251598,0.608719947,-2.040421609,1.038253303,1.470304664,0.312167412,0.269214076,0.465975257,0.51934322,0.312167412,complete,CITY OF CHICAGO,Ward 48 Precinct 31,1,0,0,,0,0,0,591,394,263,166,125,83,0.0896,18.36527361334244,72,0.47394,26.791962526239743,106,0.42614,26.160515356324726,103,0.0071,11.158548103610176,44,0.00094,5.137538471159013,20,0.00182,6.301159881243742,25,0.00046,3.0360070380230564,12,CITY OF CHICAGO:WARD 48 PRECINCT 31,CITY OF CHICAGO:WARD 48 PRECINCT 31,CITY OF CHICAGO:WARD 48 PRECINCT 31,1.2,53.74600242,7.714848371,7.714848371,7.714848371,7.714848371,3.83987786,7.714848371,3.83987786,15.582201752524353,22.619096658950426,22.577872721602198,10.453671199626548,4.472362484204101,5.571793811924567,2.57606548973905,18.203743558792258,26.46265545866155,25.881116450297405,11.016251813615321,5.054609645573227,6.230408887747442,2.9638916273792355,13.265400118713417,24.510674630158473,25.992896638496756,13.738542577166747,4.182719664273351,0.005012060208651213,0.006600596515098628,0.2,0.3,1.0,1.00289843,1.5,1.8,1.4,1.0,1.000659055,275.8660018,246.903153,65.93669832,49.70928663,16.22741169,0.239017124,0.180193595,0.058823529,1248.803596,394,1.0000000000000002
CITY OF CHICAGO:WARD 48 PRECINCT 34,CITY OF CHICAGO:WARD 48 PRECINCT 34,CITY OF CHICAGO:Ward 48 Precinct 34,TRUE, ,, , ,,, ,,0.641613194,0.192483961,0.08890926,0.065994503,0.012832265,1.6e-10,0.5774,0.5315,0.4685,0.6767,0.1772,0.0109,0.042,0.0814,0.092419523,0.043613709,0.125649019,0.389408083,0.092938739,0.099688476,0.132398751,0.010903429,0.012980271,3.21e-09,0.040682415,2.52e-09,0.023622048,0.015748032,0.013123362,0.032808399,0.014435696,4.13e-09,0.05511811,0.08136483,0.018372712,0.297900243,0.073490811,0.124671913,0.208661418,48034.0,0.162779445,0.401960784,204.0,0.182432432,296.0,0.780991736,484.0,37.0,117181,187.8206696,0.747736883,0.370648586,0.95682171,1.484982562,0.910955918,0.890047435,0.924310773,0.324333942,0.910955918,complete,CITY OF CHICAGO,Ward 48 Precinct 34,1,0,0,,0,0,0,570,380,253,156,117,78,0.08798,18.349977668266998,70,0.46824,26.825579520344828,102,0.43384,26.288619584202667,100,0.00748,11.082538574588327,42,0.0005,5.102628242006689,19,0.00166,6.2271177750448885,24,0.0003,3.069720349665931,12,CITY OF CHICAGO:WARD 48 PRECINCT 34,CITY OF CHICAGO:WARD 48 PRECINCT 34,CITY OF CHICAGO:WARD 48 PRECINCT 34,1.2,28.85240016,13.40497721,13.40497721,13.40497721,13.40497721,2.061356893,13.40497721,2.061356893,15.582477595411142,22.654858944089103,22.76005257314311,10.405203625137439,4.492128080220045,5.570730274974791,2.574371522374989,18.159352486902847,26.434647820592485,26.031580449971877,10.934926575709593,5.066359795325851,6.226479002173139,2.9593313113906476,13.265675961600206,24.54643691529715,26.175076490037668,13.690075002677638,4.202485260289294,0.003948523258875042,0.004906629151037423,0.2,0.3,1.0,1.025538087,1.5,1.8,1.4,1.0,1.00191008,306.4543816,284.0491061,51.53213351,35.10159815,16.43053536,0.168155969,0.114541022,0.053614947,1925.999912,380,1.0
CITY OF CHICAGO:WARD 48 PRECINCT 35,CITY OF CHICAGO:WARD 48 PRECINCT 35,CITY OF CHICAGO:Ward 48 Precinct 35,TRUE, ,, , ,,, ,,0.644500099,0.156435465,0.081521572,0.101358034,0.025378525,0.001747784,0.6622,0.5497,0.4503,0.4047,0.2159,0.0792,0.0358,0.2521,0.120447027,0.036046022,0.135050859,0.23414911,0.132023875,0.206259979,0.079083747,0.0249251,0.032014281,0.020920235,3.32e-09,6.67e-10,0.022311843,0.023152552,2.05e-09,1.56e-09,0.00750894,0.00625745,0.037152176,0.038300969,0.153521529,0.096149719,0.076228582,0.111914299,0.406581699,48035.0,0.480195117,0.111111111,126.0,0.03777336,503.0,0.615384615,780.0,43.3,158263,282.6225581,2.099982953,-1.414695431,0.449100906,0.958134112,0.35804243,0.523130635,0.343236485,0.703563083,0.35804243,complete,CITY OF CHICAGO,Ward 48 Precinct 35,1,0,0,,0,0,0,953,635,423,154,116,77,0.09576,18.536678593529317,118,0.49362,26.93410076394874,171,0.39924,25.638945289571236,163,0.00846,11.400912642293346,72,0.00098,5.147405118392514,33,0.00172,6.3715072817927485,40,0.00022,3.006279866842541,19,CITY OF CHICAGO:WARD 48 PRECINCT 35,CITY OF CHICAGO:WARD 48 PRECINCT 35,CITY OF CHICAGO:WARD 48 PRECINCT 35,1.2,51.71417851,8.179278538,8.179278538,8.179278538,8.179278538,3.6947144,8.179278538,3.6947144,15.582142493083989,22.506128470237137,21.996097699431715,10.603882777845907,4.409267375806522,5.571312728677793,2.5759372872566826,18.350382271519088,26.55832671543217,25.40002284614871,11.274263939021052,5.017188728555205,6.239328660497009,2.9731642808932093,13.265340859273053,24.397706441445184,25.411121616326273,13.888754155386106,4.119624555875771,0.004530976961876886,0.006472394032731208,0.2,0.3,1.0,1.010435087,1.5,1.8,1.4,1.0,1.001655113,525.6416396,480.0665093,104.2720646,74.92240367,29.34966089,0.198371013,0.142535138,0.055835875,1830.164575,635,0.9999999999999994
CITY OF CHICAGO:WARD 49 PRECINCT 02,CITY OF CHICAGO:WARD 49 PRECINCT 02,CITY OF CHICAGO:Ward 49 Precinct 02,TRUE, ,, , ,,, ,,0.509879982,0.123193231,0.2996313,0.063365632,0.028604525,0.001669104,0.4251,0.3625,0.6375,0.5174,0.2491,0.0105,0.0137,0.1966,0.059408297,0.048631021,0.13744029,0.176816427,0.122008391,0.213320607,0.076193514,0.108430638,0.057750774,0.030943097,0.022021916,0.046711282,0.024013021,0.105615043,0.00111581,0.030372574,0.0150005,0.046006395,0.074592499,0.102303117,0.173561536,0.098994301,0.069606854,0.080416286,0.078725728,49002.0,0.217901146,0.436619718,142.0,0.105413105,351.0,0.798192771,664.0,50.2,75188,300.4536344,0.982564934,0.583398079,0.686501196,1.539704476,0.918435798,0.948042171,0.866127603,0.613481345,0.918435798,complete,CITY OF CHICAGO,Ward 49 Precinct 02,1,0,0,,0,0,0,798,532,355,140,105,70,0.10978,18.963209898423916,101,0.53054,27.11326649701647,144,0.34214,24.48730544676936,130,0.014,12.066331840986507,64,0.00102,4.985344188910566,27,0.00202,6.353801525917829,34,0.0005,3.1118760681861675,17,CITY OF CHICAGO:WARD 49 PRECINCT 02,CITY OF CHICAGO:WARD 49 PRECINCT 02,CITY OF CHICAGO:WARD 49 PRECINCT 02,1.5,28.5909495,13.46473907,13.46473907,13.46473907,13.46473907,2.042677577,13.46473907,2.042677577,15.58250250640744,22.231669756760574,20.57875654035349,10.992190577619464,4.255567882665221,5.576543320028544,2.578316797488098,18.710029595780775,26.786095814591377,24.191301811447232,11.93772432597633,4.921391931086621,6.267574711953618,2.9985592512304797,13.265700872596504,24.12324772796862,23.993780457248047,14.277061955159663,3.96592506273447,0.009761568312628477,0.008851904264146823,0.2,0.3,1.0,2.033115494,1.5,1.8,1.4,1.0,1.001493365,330.8441175,311.1074743,42.94726713,31.26148793,11.68577919,0.129811186,0.094490082,0.035321103,3166.772518,532,0.9999999608651576
CITY OF CHICAGO:WARD 49 PRECINCT 03,CITY OF CHICAGO:WARD 49 PRECINCT 03,CITY OF CHICAGO:Ward 49 Precinct 03,TRUE, ,, , ,,, ,,0.476728993,0.162883737,0.310970206,0.063846038,0.01457074,0.002568709,0.4627,0.3632,0.6368,0.4345,0.3277,0.0641,0.0113,0.1624,0.048118292,0.038204195,0.125577197,0.14942784,0.076821527,0.203955857,0.159802489,0.112187626,0.085904968,0.004578753,0.07579737,0.020695851,0.13057108,0.018593307,0.039697234,0.016567254,0.051712957,0.048670288,0.10720374,0.086377072,0.119196454,0.06602583,0.052464302,0.068224619,0.093623882,49003.0,0.36246187,0.300411523,243.0,0.188405797,483.0,0.759116022,905.0,54.5,58686,395.255523,1.598418807,-0.252698739,0.977786877,1.415389021,0.872660799,0.934723991,0.881273376,0.900925308,0.872660799,complete,CITY OF CHICAGO,Ward 49 Precinct 03,1,0,0,,0,0,0,1139,759,506,149,112,75,0.11138,18.941269893290684,144,0.53624,27.142292484163335,206,0.33658,24.37703129912151,185,0.01212,12.063614606030152,92,0.00098,5.0681541927040685,38,0.00238,6.395759032138004,49,0.00032,3.044851419625511,23,CITY OF CHICAGO:WARD 49 PRECINCT 03,CITY OF CHICAGO:WARD 49 PRECINCT 03,CITY OF CHICAGO:WARD 49 PRECINCT 03,1.331691232,30.21724061,13.09300476,13.09300476,13.09300476,13.09300476,2.158867785,13.09300476,2.158867785,15.582497954114048,22.231661623800367,20.57874990349421,10.993091819529337,4.255567026875263,5.5768699810103834,2.578559136315251,18.709696940737363,26.785573932102142,24.19086620177461,11.938570249924746,4.921309036422858,6.267880431991264,2.9987806491134408,13.265696320303112,24.123239595008414,23.993773820388768,14.277963197069536,3.965924206944512,0.01008822929446759,0.009094243091299636,0.2,0.3,1.0,1.495947163,1.5,1.8,1.4,1.0,1.001368314,475.3112545,448.8217734,58.97658047,44.48233602,14.49424445,0.124079916,0.093585699,0.030494217,2606.220653,759,0.9999999924098956
CITY OF CHICAGO:WARD 49 PRECINCT 08,CITY OF CHICAGO:WARD 49 PRECINCT 08,CITY OF CHICAGO:Ward 49 Precinct 08,TRUE, ,, , ,,, ,,0.447309086,0.278283138,0.179956168,0.083872854,0.035819997,0.003645006,0.432,0.3485,0.6515,0.3457,0.3028,0.0661,0.0582,0.2092,0.122110578,0.085004715,0.188592523,0.18961683,0.187335545,0.112512545,0.072392928,0.031801367,0.010632969,0.047755731,0.063931415,0.052652497,0.03365627,0.035617255,0.036187417,0.05659668,0.030413861,0.052849712,0.071178315,0.125689549,0.125810375,0.089471941,0.039776967,0.05158533,0.086826685,49008.0,0.358688541,0.303797468,158.0,0.367601246,642.0,0.817658349,1042.0,40.5,62287,435.3754445,1.582343768,-0.231914543,1.606722595,1.601630615,1.142133492,1.139695609,1.235538889,1.095741887,1.142133492,complete,CITY OF CHICAGO,Ward 49 Precinct 08,1,0,0,,0,0,0,978,652,435,161,121,81,0.09072,18.413755805956384,120,0.48174,26.89227505613464,175,0.41646,25.96427211297254,169,0.0079,11.221380715301695,73,0.00082,5.168042165488659,34,0.00208,6.326900542627456,41,0.00028,3.015624810855806,20,CITY OF CHICAGO:WARD 49 PRECINCT 08,CITY OF CHICAGO:WARD 49 PRECINCT 08,CITY OF CHICAGO:WARD 49 PRECINCT 08,1.2,21.57089776,15.06936818,15.06936818,15.06936818,15.06936818,1.54113067,15.06936818,1.54113067,15.582308181417222,22.572260835079952,22.335657624725812,10.523190054428955,4.44609750513977,5.573665779760192,2.5769948042467425,18.26240634918698,26.49893456357164,25.678365827113154,11.129900633642107,5.038467487395705,6.236031247426494,2.968571333730354,13.265506547606286,24.463838806288,25.75068154162037,13.808061431969154,4.156454685209019,0.006884028044275557,0.007529911022791303,0.2,0.3,1.0,1.061157724,1.5,1.8,1.4,1.0,1.002127207,492.1447306,461.6965716,64.49685546,40.90484113,23.59201433,0.131052618,0.083115471,0.047937147,3632.161615,652,1.0
CITY OF CHICAGO:WARD 49 PRECINCT 09,CITY OF CHICAGO:WARD 49 PRECINCT 09,CITY OF CHICAGO:Ward 49 Precinct 09,TRUE, ,, , ,,, ,,0.360912359,0.321301878,0.232088829,0.075808071,0.037403019,0.002381731,0.2933,0.2226,0.7774,0.4352,0.3239,0.0195,0.0391,0.1347,0.158788475,0.112936485,0.147843562,0.205275308,0.174202592,0.092427781,0.080139389,0.027192622,0.001193786,0.050933719,0.040956051,0.02701408,0.031768385,0.057186734,0.063971475,0.045968894,0.060982928,0.047437412,0.115699879,0.097749296,0.133229022,0.085158805,0.049352935,0.034456902,0.058133484,49009.0,0.471287647,0.346341463,205.0,0.406504065,492.0,0.829834254,905.0,39.0,56377,404.7654303,2.062035578,0.029236402,1.743262739,1.640366007,1.336847898,1.368725182,1.411755409,0.970119003,1.336847898,complete,CITY OF CHICAGO,Ward 49 Precinct 09,1,0,0,,0,0,0,894,596,397,192,144,96,0.09024,18.412011559172512,110,0.477,26.85911002866299,160,0.42196,26.108897830819355,156,0.00804,11.167602326775869,67,0.00066,5.094803786057707,30,0.00178,6.3357869811362875,38,0.00032,3.055319371010486,18,CITY OF CHICAGO:WARD 49 PRECINCT 09,CITY OF CHICAGO:WARD 49 PRECINCT 09,CITY OF CHICAGO:WARD 49 PRECINCT 09,1.208209701,16.70030265,16.18267888,16.18267888,16.18267888,16.18267888,1.193151481,16.18267888,1.193151481,15.582384602732484,22.607666840962096,22.517546736458712,10.479903510000604,4.465825611705117,5.5749386495463655,2.5776126504667816,18.215589278847396,26.467302666421737,25.826579037952698,11.052940379765198,5.049784669159158,6.234298173591265,2.9661832363289897,13.265582968921548,24.499244812170144,25.93257065335327,13.764774887540803,4.176182791774366,0.008156897830449695,0.008147757242830513,0.2,0.3,1.0,1.178293066,1.5,1.8,1.4,1.0,1.004093175,621.0448544,579.1458045,80.9491157,49.08037446,31.86874124,0.130343429,0.079028711,0.051314717,4034.25927,596,1.0
CITY OF CHICAGO:WARD 49 PRECINCT 10,CITY OF CHICAGO:WARD 49 PRECINCT 10,CITY OF CHICAGO:Ward 49 Precinct 10,TRUE, ,, , ,,, ,,0.354837097,0.309683352,0.262230276,0.067017506,0.048998773,0.001745009,0.344,0.483,0.517,0.5695,0.0913,0.0157,0.0421,0.2695,0.127852535,0.118097896,0.148873194,0.165636331,0.144238893,0.120108071,0.105416022,0.069443875,0.000333183,0.033922193,0.012969253,0.01722617,0.029668657,0.054717713,0.117581476,0.02831692,0.068742337,0.035834339,0.084884093,0.094956354,0.168840138,0.059241752,0.0494675,0.045775855,0.09785525,49010.0,0.491310638,0.452054795,219.0,0.121661721,337.0,0.736334405,622.0,43.2,62549,277.2732353,2.147337009,0.678144351,0.743530184,1.342913516,1.087600583,1.227981265,0.990710366,0.844291141,1.087600583,complete,CITY OF CHICAGO,Ward 49 Precinct 10,1,0,0,,0,0,0,726,484,323,172,129,86,0.0959,18.5724457824121,90,0.48982,26.90202033560803,130,0.40178,25.689745881787925,124,0.00946,11.349803280866658,55,0.00088,5.0516652978589605,24,0.00188,6.387341693075252,31,0.00028,3.0733375254724042,15,CITY OF CHICAGO:WARD 49 PRECINCT 10,CITY OF CHICAGO:WARD 49 PRECINCT 10,CITY OF CHICAGO:WARD 49 PRECINCT 10,1.232637715,23.13884272,14.71097052,14.71097052,14.71097052,14.71097052,1.653152343,14.71097052,1.653152343,15.58246790150682,22.509061131266826,22.008690630488644,10.615413656778856,4.410642798981579,5.575582568200259,2.5777704429189345,18.342761918991478,26.549186147774215,25.403806876524747,11.28269318440381,5.016662259998579,6.243084058918807,2.974482995454792,13.265666267695885,24.400639102474873,25.423714547383202,13.900285034319054,4.120999979050828,0.008800816484342881,0.008305549694983302,0.2,0.3,1.0,1.218287718,1.5,1.8,1.4,1.0,1.00821719,504.4294818,488.7926535,55.75593317,39.12139041,16.63454276,0.110532662,0.077555718,0.032976944,2316.066795,484,1.0000000000000002
CITY OF CHICAGO:WARD 49 PRECINCT 11,CITY OF CHICAGO:WARD 49 PRECINCT 11,CITY OF CHICAGO:Ward 49 Precinct 11,TRUE, ,, , ,,, ,,0.313048503,0.262384607,0.325841673,0.089591897,0.030076546,0.002177413,0.2601,0.4533,0.5467,0.6307,0.1698,0.0146,0.0551,0.1169,0.135191698,0.126839496,0.142315389,0.140610535,0.169985654,0.136469792,0.089210716,0.037488399,0.021888322,0.045138839,0.018825562,0.053444345,0.031961057,0.022826888,0.040029833,0.074028608,0.046405178,0.032434569,0.073044332,0.101776848,0.147954694,0.067190675,0.114843909,0.055326218,0.074768443,49011.0,0.422433108,0.441048035,229.0,0.147632312,359.0,0.778097983,694.0,43.9,69117,321.5537412,1.85390673,0.610580744,0.834681116,1.475776622,1.091813742,1.193736303,1.020002704,0.799622046,1.091813742,complete,CITY OF CHICAGO,Ward 49 Precinct 11,1,0,0,,0,0,0,720,480,320,138,104,69,0.09574,18.59560931747556,89,0.4954,26.948376317177903,129,0.39548,25.56566659114914,123,0.0105,11.442921688784828,55,0.00078,5.141734623589896,25,0.00188,6.3208367522515605,30,0.00022,3.016317367591141,14,CITY OF CHICAGO:WARD 49 PRECINCT 11,CITY OF CHICAGO:WARD 49 PRECINCT 11,CITY OF CHICAGO:WARD 49 PRECINCT 11,1.5,23.01442271,14.73941019,14.73941019,14.73941019,14.73941019,1.644263168,14.73941019,1.644263168,15.582253988168862,22.49221987351479,21.92354917148457,10.642483303110897,4.401402839853512,5.577858280419706,2.58009040489789,18.36212913391568,26.55973734427668,25.33013452702704,11.325345706629319,5.010651661044727,6.24661794143875,2.9780611277342426,13.265452354357926,24.38379784472284,25.33857308837913,13.927354680651096,4.1117600199227615,0.011076528703790233,0.010625511673938708,0.2,0.3,1.0,1.631871465,1.5,1.8,1.4,1.0,1.017510099,466.0240678,452.3043753,35.8200504,24.45079022,11.36926018,0.076863091,0.052466797,0.024396294,3337.576457,480,1.0
CITY OF CHICAGO:WARD 49 PRECINCT 12,CITY OF CHICAGO:WARD 49 PRECINCT 12,CITY OF CHICAGO:Ward 49 Precinct 12,TRUE, ,, , ,,, ,,0.247475877,0.265864487,0.388515848,0.097201073,0.027612441,0.002226784,0.184,0.2808,0.7192,0.7202,0.1287,0.0031,0.0619,0.0754,0.1503474,0.083378734,0.206049574,0.091142525,0.152716374,0.130025475,0.129062076,0.049822791,0.007455051,0.076060067,0.025876715,0.089867126,0.052858704,0.045034962,0.040154032,0.071889275,0.08222919,0.06014408,0.05577861,0.11600633,0.176788598,0.012375138,0.046796711,0.033407701,0.01473276,49012.0,0.63011176,0.345454545,220.0,0.296551724,290.0,0.810897436,624.0,44.6,46333,323.0396642,2.738653973,0.023792168,1.357354755,1.58012202,1.286850807,1.424980729,1.273325612,0.806309068,1.286850807,complete,CITY OF CHICAGO,Ward 49 Precinct 12,1,0,0,,0,0,0,650,433,289,112,84,56,0.09678,18.591815355620188,81,0.49572,26.918516885777894,117,0.395,25.50862687498353,110,0.0094,11.528170482115852,50,0.00068,5.082650968389054,22,0.00202,6.3595402141929505,28,0.0004,3.01632462320721,13,CITY OF CHICAGO:WARD 49 PRECINCT 12,CITY OF CHICAGO:WARD 49 PRECINCT 12,CITY OF CHICAGO:WARD 49 PRECINCT 12,1.8,17.84608022,15.92077938,15.92077938,15.92077938,15.92077938,1.275011447,15.92077938,1.275011447,15.582181884153423,22.47563196709084,21.838614458495414,10.669597592978374,4.392189539594643,5.579774279912267,2.581669233267771,18.381779609703226,26.570722127617458,25.256670495757348,11.368157741492073,5.004643696590816,6.249798877866347,2.98090489303916,13.265380250342487,24.36720993829889,25.253638375389972,13.954468970518572,4.102546719663892,0.012992528196351072,0.012204340043819858,0.2,0.3,1.0,2.401659801,1.5,1.8,1.4,1.0,1.020650278,622.1519721,603.2556245,45.44450848,29.80546556,15.63904291,0.073044064,0.04790705,0.025137014,4397.823751,433,1.0000000000000016
CITY OF CHICAGO:WARD 49 PRECINCT 13,CITY OF CHICAGO:WARD 49 PRECINCT 13,CITY OF CHICAGO:Ward 49 Precinct 13,TRUE, ,, , ,,, ,,0.306333203,0.296968784,0.330231122,0.063250637,0.030350173,0.00553434,0.2559,0.2688,0.7312,0.5447,0.2695,0.0172,0.0455,0.1168,0.15013346,0.162728797,0.160057732,0.144449021,0.168972408,0.098381105,0.081266357,0.026888971,0.007122149,0.051556524,0.010135053,0.025147957,0.028139966,0.048973744,0.091304089,0.119666495,0.061903882,0.013418181,0.053448688,0.142741239,0.148766795,0.038101327,0.07830237,0.044636786,0.043756904,49013.0,0.474698468,0.278688525,244.0,0.234866828,413.0,0.799227799,777.0,41.2,59309,377.7216313,2.07656627,-0.386042621,1.140854645,1.542997226,1.000022718,1.09359388,1.009474871,0.927055238,1.000022718,complete,CITY OF CHICAGO,Ward 49 Precinct 13,1,0,0,,0,0,0,948,632,421,142,107,71,0.09148,18.46430793083269,117,0.48488,26.841188820731045,170,0.41146,25.82922856056461,163,0.00936,11.289494166550956,71,0.0006,5.146745702392412,33,0.00184,6.3443164138791195,40,0.00038,2.9634604292517697,19,CITY OF CHICAGO:WARD 49 PRECINCT 13,CITY OF CHICAGO:WARD 49 PRECINCT 13,CITY OF CHICAGO:WARD 49 PRECINCT 13,1.5,25.85043794,14.09115961,14.09115961,14.09115961,14.09115961,1.846881997,14.09115961,1.846881997,15.582503596091959,22.556150867724043,22.251112931392118,10.55752202176754,4.436934495973498,5.577393402788575,2.5789025950853075,18.27982384550001,26.50663481593953,25.602673994287983,11.179217223041574,5.031888775194257,6.240859266994512,2.9715795211085534,13.265701962281023,24.44772883893209,25.666136848286676,13.842393399307738,4.147291676042746,0.010611651072658825,0.009437701861356064,0.2,0.3,1.0,1.802198744,1.5,1.8,1.4,1.0,1.007594169,928.7487984,893.6989461,92.32215432,59.65231452,32.6698398,0.099404871,0.064228686,0.035176185,5963.172894,632,1.0000000000000002
CITY OF CHICAGO:WARD 49 PRECINCT 14,CITY OF CHICAGO:WARD 49 PRECINCT 14,CITY OF CHICAGO:Ward 49 Precinct 14,TRUE, ,, , ,,, ,,0.397826038,0.230883268,0.312549257,0.060397013,0.02581176,0.003683935,0.3742,0.2952,0.7048,0.5563,0.259,0.0087,0.0138,0.1569,0.086887719,0.075270329,0.196010453,0.137551171,0.142457764,0.163773075,0.095708628,0.061834356,0.040506505,0.052228539,0.075911381,0.01945812,0.048660862,0.068142515,0.021766429,0.035746655,0.0460893,0.052017671,0.053447131,0.10299111,0.202520393,0.072014409,0.037444328,0.04419114,0.067370016,49014.0,0.469932356,0.234042553,141.0,0.234848485,528.0,0.81256656,939.0,44.9,63864,426.1627217,2.056261803,-0.660096286,1.140790265,1.585432029,0.939049799,1.030596953,0.961088462,0.766006993,0.939049799,complete,CITY OF CHICAGO,Ward 49 Precinct 14,1,0,0,,0,0,0,1223,815,543,162,122,81,0.09618,18.592150614819936,152,0.49802,26.987585286793838,220,0.39278,25.511324509125643,208,0.01014,11.566400184367003,94,0.00058,5.05560428726916,41,0.00186,6.28915211812921,51,0.00044,3.048145347837777,25,CITY OF CHICAGO:WARD 49 PRECINCT 14,CITY OF CHICAGO:WARD 49 PRECINCT 14,CITY OF CHICAGO:WARD 49 PRECINCT 14,1.8,27.87920367,13.62742848,13.62742848,13.62742848,13.62742848,1.991826966,13.62742848,1.991826966,15.582530636831843,22.469201140945874,21.802767371262686,10.673330111491033,4.388312353931882,5.57683709629022,2.578423017729181,18.393678119370637,26.58098882717239,25.229911354674677,11.379267421970075,5.002842746697591,6.247595994462399,2.9783929777186704,13.265729003020907,24.36077911215392,25.217791288157244,13.958201489031232,4.098669534001131,0.010055344574303583,0.008958124505229806,0.2,0.3,1.0,2.129500586,1.5,1.8,1.4,1.0,1.003513767,569.7705552,539.8140963,71.58544859,51.66337858,19.92207001,0.12563908,0.090674006,0.034965075,3876.739126,815,1.0
CITY OF CHICAGO:WARD 49 PRECINCT 15,CITY OF CHICAGO:WARD 49 PRECINCT 15,CITY OF CHICAGO:Ward 49 Precinct 15,TRUE, ,, , ,,, ,,0.406823555,0.209923868,0.294443306,0.080142696,0.031233967,0.002786761,0.3318,0.4109,0.5891,0.5077,0.2912,0.0313,0.0284,0.1057,0.117448041,0.155182393,0.15774874,0.144853505,0.11585868,0.129565995,0.10540833,0.054985088,0.018949229,0.045592501,0.072116238,0.015127493,0.018988665,0.042786578,0.049525428,0.055712344,0.056740828,0.020199492,0.101667257,0.093338996,0.157919052,0.099334405,0.028296119,0.099189022,0.04346558,49015.0,0.198243001,0.223021583,139.0,0.323017408,517.0,0.820330969,846.0,43.5,63462,389.6090155,0.898817811,-0.72774712,1.450243353,1.610133062,0.863004331,0.807861776,0.991480646,0.859310601,0.863004331,complete,CITY OF CHICAGO,Ward 49 Precinct 15,1,0,0,,0,0,0,1032,688,459,189,142,95,0.0962,18.557418096575145,128,0.49234,26.938014327150768,185,0.4,25.64896873283023,176,0.00906,11.387103503582496,78,0.0005,5.060152785573563,35,0.00166,6.363159696623258,44,0.00024,3.0421305972996007,21,CITY OF CHICAGO:WARD 49 PRECINCT 15,CITY OF CHICAGO:WARD 49 PRECINCT 15,CITY OF CHICAGO:WARD 49 PRECINCT 15,1.306990804,30.56825208,13.01277128,13.01277128,13.01277128,13.01277128,2.183945765,13.01277128,2.183945765,15.582343528131512,22.501785035488403,21.972153765430125,10.62738258336848,4.4066766699027085,5.576772746079346,2.5790270956351784,18.350868869490622,26.553400896673722,25.371987989489156,11.301297509647709,5.014049381471846,6.244803691960117,2.976269103333259,13.265541894320576,24.39336300669645,25.387177682324683,13.912253960908679,4.117033849971957,0.009990994363429992,0.00956220241122712,0.2,0.3,1.0,1.404166572,1.5,1.8,1.4,1.0,1.002435033,557.6965642,520.4310402,71.30712235,49.5307216,21.77640075,0.127860071,0.08881303,0.039047041,3124.403268,688,1.0000000000000004
CITY OF CHICAGO:WARD 50 PRECINCT 07,CITY OF CHICAGO:WARD 50 PRECINCT 07,CITY OF CHICAGO:Ward 50 Precinct 07,TRUE, ,, , ,,, ,,0.415819364,0.221593836,0.246030546,0.113576778,0.028187662,0.000377632,0.3308,0.3725,0.6275,0.7223,0.1082,0.0064,0.0492,0.1043,0.124451323,0.122271332,0.150895643,0.12877699,0.152303824,0.129601165,0.1366996,0.03717271,0.017827414,0.02682907,0.023542269,0.019323226,0.021751025,0.008074519,0.020354444,0.069009541,0.038714692,0.029662839,0.109265455,0.083941192,0.116606224,0.086602124,0.072994353,0.097703324,0.175625702,50007.0,0.067071469,0.445454545,220.0,0.018469657,379.0,0.697547684,734.0,45.0,85619,315.3128646,0.340004229,0.63762955,0.381349251,1.219520732,0.648760442,0.64462594,0.596105105,0.46975052,0.648760442,complete,CITY OF CHICAGO,Ward 50 Precinct 07,1,0,0,,0,0,0,761,507,338,133,100,67,0.10958,18.917722890259597,96,0.5319,27.107626178846246,137,0.34178,24.463215302094834,124,0.01368,12.058293491402509,61,0.0009,4.980897172261846,25,0.00194,6.3773408185674345,32,0.00022,3.058779200552403,16,CITY OF CHICAGO:WARD 50 PRECINCT 07,CITY OF CHICAGO:WARD 50 PRECINCT 07,CITY OF CHICAGO:WARD 50 PRECINCT 07,1.322865613,38.99976398,11.08551348,11.08551348,11.08551348,11.08551348,2.786334303,11.08551348,2.786334303,15.582026709127083,22.23081971481173,20.578062868104894,10.987511353933265,4.25547843708268,5.576169049726909,2.5797068167490034,18.71083649117807,26.78725806259048,24.19232050917271,11.933161245870734,4.9217698438242,6.267291230295408,3.0000400591348115,13.265225075316147,24.122397686019777,23.993086784999452,14.272382731473463,3.9658356171519293,0.009387298010993275,0.010241923525052066,0.2,0.3,1.0,1.460977582,1.5,1.8,1.4,1.0,1.028961243,668.3803969,657.6348806,31.99001661,21.98441044,10.00560616,0.047861991,0.032892063,0.014969928,3071.171124,507,1.0000000000000002
CITY OF CHICAGO:WARD 50 PRECINCT 24,CITY OF CHICAGO:WARD 50 PRECINCT 24,CITY OF CHICAGO:Ward 50 Precinct 24, , ,, , ,,,TRUE,,0.614311404,0.075451945,0.023885931,0.267133925,0.003351244,0.000998702,0.3894,0.744,0.256,0.7474,0.0857,0.0164,0.0,0.0775,0.124698898,0.143815851,0.09402236,0.073280347,0.123042014,0.098350868,0.131398271,0.094530264,0.116861128,0.098764659,0.031193702,0.063770903,0.022540449,0.05057966,0.003767183,0.011946902,0.001403311,0.033577383,0.061538369,0.171762471,0.051935532,0.055232338,0.049734216,0.105767716,0.186485206,50024.0,0.067739019,0.185185185,81.0,-0.656716418,268.0,-0.115789474,475.0,55.6,70560,322.7424796,0.342848109,-0.960001075,-1.988401998,-1.367961127,-1.226504033,-0.993379023,-1.425508628,-0.206410627,-1.226504033,complete,CITY OF CHICAGO,Ward 50 Precinct 24,1,0,0,,0,0,0,501,27,223,130,98,65,0.38466,26.718141419341023,7,0.5532,28.933496116513346,8,0.05622,17.362428446249535,5,0.00434,9.224106092965414,2,0.00062,5.030775733532411,1,0.00064,6.478354981761145,2,0.00032,3.2156578118886845,1,CITY OF CHICAGO:WARD 50 PRECINCT 24,CITY OF CHICAGO:WARD 50 PRECINCT 24,CITY OF CHICAGO:WARD 50 PRECINCT 24,1.8,90.13691038,0.570544486,0.570544486,0.570544486,0.570544486,6.439822701,0.570544486,0.570544486,18.955824886883985,20.466655875322676,12.818071442812151,7.471854808243647,3.7644247240459814,5.573402143924779,2.5828326643364696,26.426593744582878,28.51743007947417,17.241447055250518,9.09748343945597,4.915654487974204,6.4377135265498495,3.1763551087788486,16.63902325307305,22.358233846530723,16.23309535970671,10.756726185783846,3.4747819041152304,0.0066203922088636045,0.013367771112518282,0.2,0.3,1.0,1.015924493,1.5,1.8,1.4,1.0,1.328917027,308.416185,306.1789692,4.474431751,3.515624927,0.958806824,0.014507772,0.011398964,0.003108808,2083.396355,51,0.5331999747165258
CITY OF CHICAGO:WARD 50 PRECINCT 25,CITY OF CHICAGO:WARD 50 PRECINCT 25,CITY OF CHICAGO:Ward 50 Precinct 25, , ,, , ,,,TRUE,,0.565565561,0.091091093,0.031031032,0.296296298,0.002002003,0.001001001,0.4335,0.8182,0.1818,0.7447,0.083,0.0186,0.0,0.0607,0.100393701,0.170603675,0.078083992,0.076115486,0.140419949,0.106955383,0.137139107,0.075459318,0.114829393,0.093607304,0.018264841,0.00913242,0.006849316,0.052511417,7.87e-10,3.36e-09,1.8e-09,0.0456621,0.066210044,0.232876708,0.038812786,0.052511418,0.045662102,0.116438354,0.221461183,50025.0,0.032432805,0.225225225,111.0,-0.333333333,48.0,0.62962963,135.0,54.4,73382,63.00313599,0.192437485,-0.714220342,-0.85340011,1.003451994,-0.197516503,-0.092932743,-0.349609976,-0.030339655,-0.197516503,complete,CITY OF CHICAGO,Ward 50 Precinct 25,1,0,0,,0,0,0,125,83,55,141,106,71,0.11608,21.001152578301895,17,0.79116,31.69891787788428,26,0.08342,19.489691251293795,16,0.00752,11.158052740204404,9,0.0006,3.875112421039009,3,0.00104,6.3789489012929685,5,0.00018,3.1147995719263473,3,CITY OF CHICAGO:WARD 50 PRECINCT 25,CITY OF CHICAGO:WARD 50 PRECINCT 25,CITY OF CHICAGO:WARD 50 PRECINCT 25,1.5,74.35254455,3.389224202,3.389224202,3.389224202,3.389224202,5.312110236,3.389224202,3.389224202,16.527888223324496,24.767128546925196,15.849318485114644,9.828599438440037,3.253328391585286,5.574251311990766,2.584379681544214,20.80938966652901,31.37070709353332,19.36731124832682,11.052215326357937,3.8369954766781142,6.318359599635238,3.057699031005996,14.21108658951356,26.658706518133243,19.264342402009202,13.113470815980236,2.963685571654535,0.007469560274850189,0.014914788320263092,0.2,0.3,1.0,1.015701033,1.5,1.8,1.4,1.0,1.276480302,115.8176965,114.977568,1.6802569,1.320201803,0.360055097,0.014507773,0.011398964,0.003108809,770.4693795,83,0.9999999788818856
CITY OF CHICAGO:WARD 49 PRECINCT 07,CITY OF CHICAGO:WARD 49 PRECINCT 07,CITY OF CHICAGO:Ward 49 Precinct 07, , ,True, , ,,, ,,0.561867757,0.115617145,0.16204005,0.143278132,0.021694456,0.00128147,0.2882,0.1829,0.8171,0.3471,0.3294,0.0141,0.1118,0.1804,0.075463443,0.124167098,0.31500456,0.15869796,0.086862262,0.090750639,0.081905657,0.047094345,0.020054036,0.158018645,0.105325108,0.110685853,0.060497733,0.031917386,0.019537412,0.022684397,0.025170544,0.041887283,0.038898899,0.10088208,0.113790892,0.064470735,0.024165463,0.039420277,0.042647294,49007.0,0.342753485,0.449101796,167.0,0.176699029,515.0,0.755529686,859.0,34.1,38090,411.6006762,1.514457652,0.66001774,0.936698755,1.403979756,1.071012586,1.128788476,1.032594642,0.731235753,1.071012586,complete,CITY OF CHICAGO,Ward 49 Precinct 07,1,0,0,,0,0,0,1040,693,462,157,118,79,0.08688,18.371419208647644,127,0.46696,26.760367800382845,185,0.43572,26.33164757841874,182,0.00786,11.023131844945325,76,0.00084,5.173481196706452,36,0.00152,6.299872241172744,44,0.00022,2.9876144423122892,21,CITY OF CHICAGO:WARD 49 PRECINCT 07,CITY OF CHICAGO:WARD 49 PRECINCT 07,CITY OF CHICAGO:WARD 49 PRECINCT 07,1.2,23.63407536,14.59777125,14.59777125,14.59777125,14.59777125,1.688534191,14.59777125,1.688534191,15.581745261190083,22.65355058266255,22.758984891702266,10.410424076025988,4.49199040801442,5.574490792303124,2.579518643309984,18.15622527682498,26.429533133457166,26.02715996396153,10.939560328242218,5.0657651389474685,6.230097343904456,2.9643362567286258,13.264943627379147,24.545128553870597,26.174008808596824,13.695295453566187,4.202347588083669,0.007709040587208596,0.01005375008603305,0.2,0.3,1.0,1.053520167,1.5,1.8,1.4,1.0,1.000980571,572.5180584,547.0169955,57.14020335,38.38077641,18.75942694,0.099805067,0.067038543,0.032766524,4184.528418,693,1.0
CITY OF CHICAGO:WARD 48 PRECINCT 12,CITY OF CHICAGO:WARD 48 PRECINCT 12,CITY OF CHICAGO:Ward 48 Precinct 12, ,TRUE,, , ,,, ,,0.575612395,0.119368591,0.195688902,0.103898603,0.015703114,0.000112462,0.476,0.2334,0.7666,0.2531,0.4684,0.0316,0.0289,0.1815,0.024679862,0.01306792,0.246483365,0.20329445,0.142732349,0.097297233,0.088657801,0.072547988,0.111239032,0.066781272,0.150100974,0.058430486,0.022678924,0.017657338,0.034768977,0.033349782,0.058757873,0.01337279,0.030538765,0.116778428,0.09991261,0.116259692,0.039299066,0.104906679,0.036406342,48012.0,0.205970712,0.404255319,282.0,0.242718447,412.0,0.69121813,706.0,41.9,61742,317.3931568,0.931739206,0.3847333,1.168412062,1.199384425,0.944734534,0.921067248,0.994203496,0.89639415,0.944734534,complete,CITY OF CHICAGO,Ward 48 Precinct 12,1,0,0,,0,0,0,789,526,351,186,140,93,0.09404,18.49190513713608,97,0.4874,26.896487124310692,141,0.40658,25.775186703971663,136,0.00914,11.284677473258627,59,0.00082,5.125934889766265,27,0.00174,6.3861515721598785,34,0.00028,3.0666032880229106,16,CITY OF CHICAGO:WARD 48 PRECINCT 12,CITY OF CHICAGO:WARD 48 PRECINCT 12,CITY OF CHICAGO:WARD 48 PRECINCT 12,1.2,27.68520736,13.67177176,13.67177176,13.67177176,13.67177176,1.977966918,13.67177176,1.977966918,15.582118418831216,22.539003636136727,22.165721784053694,10.568630693969254,4.427662340777957,5.574550567851182,2.578266358797944,18.304325242264902,26.525423287982772,25.53671824330243,11.206681408020117,5.027367917435648,6.2396172451482546,2.972544097912326,13.26531678502028,24.430581607344774,25.580745700948253,13.853502071509453,4.138019520847206,0.007768816135266351,0.008801465573992917,0.2,0.3,1.0,1.000677865,1.5,1.8,1.4,1.0,1.000202248,382.3810386,340.0137033,85.27202524,57.62904257,27.64298267,0.223002755,0.150711036,0.072291719,1825.204708,526,1.0
CITY OF CHICAGO:WARD 48 PRECINCT 13,CITY OF CHICAGO:WARD 48 PRECINCT 13,CITY OF CHICAGO:Ward 48 Precinct 13, , ,, ,TRUE,,, ,,0.520830179,0.075144659,0.087452839,0.141220137,0.011012579,3.56e-10,0.5818,0.6725,0.3275,0.3756,0.3325,0.0,0.0517,0.2403,5.88e-09,0.121124838,0.108239212,0.099219241,0.13143327,0.128856145,0.126279022,0.066360939,0.048965337,0.059785739,0.047828574,0.009783121,0.011957154,0.052176622,0.006522081,0.022827275,0.016305196,0.045654551,0.083700002,0.153268841,0.141311691,0.03369741,0.036958446,0.050002602,0.058698704,48013.0,0.300782925,0.273972603,292.0,-0.161676647,334.0,0.548387097,558.0,50.3,65745,251.1209901,1.335655754,-0.414990713,-0.250923755,0.74499389,0.195025843,0.353683794,0.074104333,0.492613897,0.195025843,complete,CITY OF CHICAGO,Ward 48 Precinct 13,1,0,0,,0,0,0,587,186,261,163,123,82,0.1172,21.00487410552469,39,0.79066,31.67819512933289,59,0.08412,19.476778723787014,36,0.00652,11.16885961131721,21,0.00026,3.9329496958940875,7,0.00092,6.368013225912242,12,0.00032,3.1060172387709146,6,CITY OF CHICAGO:WARD 48 PRECINCT 13,CITY OF CHICAGO:WARD 48 PRECINCT 13,CITY OF CHICAGO:WARD 48 PRECINCT 13,1.2,58.83321004,6.552024829,6.552024829,6.552024829,6.552024829,4.203332907,6.552024829,4.203332907,16.529357714095575,24.769753885174126,15.851460878544664,9.834340877059145,3.2536046425507354,5.572366587351725,2.577977787712026,20.809892691023546,31.371732281812136,19.36854334581482,11.058307080170438,3.8366061727905723,6.31638680413865,3.0512090663162605,14.212556080284639,26.661331856382173,19.266484795439222,13.119212254599343,2.9639618226199844,0.005584835635809277,0.008512894488074721,0.2,0.3,1.0,1.008536959,1.5,1.8,1.4,1.0,1.000310848,56.27918184,52.28990167,8.637550588,7.936187162,0.701363426,0.153476833,0.141014615,0.012462218,195.9762063,224,0.8304798316110706
CITY OF CHICAGO:WARD 48 PRECINCT 14,CITY OF CHICAGO:WARD 48 PRECINCT 14,CITY OF CHICAGO:Ward 48 Precinct 14, ,TRUE,, , ,,, ,,0.490780659,0.124218627,0.225803497,0.149944743,0.01444612,0.001712089,0.5414,0.4,0.6,0.3411,0.4322,0.0,0.034,0.1875,0.026451525,0.032357343,0.306400792,0.132147116,0.125131085,0.155771853,0.102704852,0.060694191,0.058341243,0.038401391,0.060638605,0.0332674,0.011706666,0.06250443,0.042372385,0.040890644,0.029459751,0.019460595,0.050665758,0.073003393,0.223177006,0.098772521,0.075305265,0.055053062,0.085321129,48014.0,-0.009164544,0.176470588,119.0,0.181538462,325.0,0.758064516,620.0,42.1,79215,286.1887734,0.015225531,-1.013494529,0.953684076,1.412043849,0.435710586,0.341864732,0.558074455,0.862810186,0.435710586,complete,CITY OF CHICAGO,Ward 48 Precinct 14,1,0,0,,0,0,0,503,335,223,185,139,93,0.09498,18.52259614592953,62,0.4881,26.888395485275208,90,0.4048,25.785384101907965,86,0.00896,11.351660493138152,38,0.00088,5.149982821634151,17,0.00202,6.34979774806797,21,0.00026,3.0258958050585227,10,CITY OF CHICAGO:WARD 48 PRECINCT 14,CITY OF CHICAGO:WARD 48 PRECINCT 14,CITY OF CHICAGO:WARD 48 PRECINCT 14,1.2,48.25963824,8.968910307,8.968910307,8.968910307,8.968910307,3.44790511,8.968910307,3.44790511,15.581682088854144,22.533521508440387,22.14084862567854,10.577001868042544,4.424951816017943,5.5764161325052735,2.5810729836992308,18.308927734847146,26.526917777925153,25.514496343651196,11.219294132449104,5.025548095082786,6.2418127225498985,2.9756806355611656,13.264880455043208,24.425099479648434,25.5558725425731,13.861873245582743,4.135308996087192,0.009634380789357114,0.011608090475279572,0.2,0.3,1.0,1.000963755,1.5,1.8,1.4,1.0,1.000201177,136.3020692,121.5078481,29.45392985,20.21636013,9.23756972,0.21609305,0.148320273,0.067772777,1299.8374,335,0.9999999999999997
CITY OF CHICAGO:WARD 48 PRECINCT 32,CITY OF CHICAGO:WARD 48 PRECINCT 32,CITY OF CHICAGO:Ward 48 Precinct 32, , ,, ,TRUE,,, ,,0.46815271,0.158667631,0.219818585,0.144360212,0.026939241,0.002452948,0.3527,0.3023,0.6977,0.3844,0.3474,0.0082,0.0818,0.1631,0.020120971,0.083106963,0.217405646,0.182325797,0.137616235,0.142923154,0.090674569,0.121329972,0.004496693,0.181603602,0.057084434,0.031721626,0.027026715,0.041784488,0.010976609,0.056708188,0.008025055,0.149043018,0.136741369,0.108312491,0.070893415,0.01534435,0.027192633,0.040786614,0.036755393,48032.0,0.326169155,0.223404255,188.0,0.217054264,258.0,0.822975518,531.0,42.6,47854,229.1293295,1.443805517,-0.725398136,1.078336552,1.618546206,0.817275638,0.853822535,0.862178442,0.814643985,0.817275638,complete,CITY OF CHICAGO,Ward 48 Precinct 32,1,0,0,,0,0,0,467,311,207,156,117,78,0.09358,18.56824866879583,58,0.4888,26.875908807991074,84,0.40596,25.735791610526014,80,0.00904,11.440495122009429,36,0.0007,5.064650473679451,16,0.00168,6.272859153310044,20,0.00024,3.027775828324654,9,CITY OF CHICAGO:WARD 48 PRECINCT 32,CITY OF CHICAGO:WARD 48 PRECINCT 32,CITY OF CHICAGO:WARD 48 PRECINCT 32,1.2,32.26700938,12.6244728,12.6244728,12.6244728,12.6244728,2.305313313,12.6244728,2.305313313,15.581735007476276,22.52185955945186,22.080333211256782,10.592406115716736,4.418390517556727,5.576124878669871,2.5806875149003012,18.324458360822813,26.537235687720724,25.464458189145766,11.246064280766623,5.021662412542348,6.242512406510199,2.9762861045579387,13.26493337366534,24.413437530659905,25.49535712815134,13.877277493256935,4.128747697625975,0.009343126953955574,0.011222621676350207,0.2,0.3,1.0,1.010294807,1.5,1.8,1.4,1.0,1.000470578,282.4138608,262.6932181,43.47159419,40.30308829,3.168505896,0.153928685,0.142709314,0.011219371,2167.709131,311,1.0000000000000002
CITY OF CHICAGO:WARD 50 PRECINCT 09,CITY OF CHICAGO:WARD 50 PRECINCT 09,CITY OF CHICAGO:Ward 50 Precinct 09, ,TRUE,, , ,,, ,,0.74966352,0.036339168,0.025572006,0.165545088,2.46e-10,4.28e-11,0.4456,0.8191,0.1809,0.7769,0.1172,0.0,0.0099,0.096,0.027874564,0.034843207,0.063879209,0.075493612,0.170731706,0.109175375,0.205574911,0.164924506,0.147502904,0.019267823,0.069364161,0.071290943,0.036608863,0.030828516,0.017341041,0.057803467,0.05202312,0.019267823,0.040462428,0.219653176,0.177263968,0.069364162,0.053949904,0.036608864,0.028901735,50009.0,0.228199998,0.262295082,122.0,-0.341176471,85.0,0.424657534,146.0,62.0,65855,69.83838187,1.026439838,-0.486671702,-0.880927761,0.351371151,-0.188183878,0.002552882,-0.364880007,-0.550770734,-0.188183878,complete,CITY OF CHICAGO,Ward 50 Precinct 09,1,0,0,,0,0,0,179,119,79,53,40,27,0.12508,22.208417199074933,26,0.81656,32.911801009015896,39,0.05428,18.618067847627035,22,0.00304,9.622638580664283,11,0.00026,3.6211066026634766,4,0.0006,6.425853223575887,8,0.00018,3.1297018899247258,4,CITY OF CHICAGO:WARD 50 PRECINCT 09,CITY OF CHICAGO:WARD 50 PRECINCT 09,CITY OF CHICAGO:WARD 50 PRECINCT 09,1.8,74.03917547,3.445183819,3.445183819,3.445183819,3.445183819,5.289721613,3.445183819,3.445183819,17.21370322875013,25.277222510500636,14.950961906100197,8.476892764922777,3.0476398973025773,5.571184554514555,2.5779571393959215,22.07343927607415,32.56923798720495,18.550154016071332,9.589709401856277,3.624536939152905,6.334808087504072,3.0707917342027486,14.896901594939195,27.168800481708683,18.365985822994755,11.761764142462976,2.7579970773718263,0.004402802798639213,0.0084922461719701,0.2,0.3,1.0,1.310388272,1.5,1.8,1.4,1.0,1.515921344,39.81163902,39.60913832,0.60750212,0.32400113,0.28350099,0.01525941,0.008138352,0.007121058,298.0216897,119,0.9999999999999999
CITY OF CHICAGO:WARD 50 PRECINCT 11,CITY OF CHICAGO:WARD 50 PRECINCT 11,CITY OF CHICAGO:Ward 50 Precinct 11, ,TRUE,, , ,,, ,,0.750659992,0.100818733,0.044239761,0.0750849,0.015743841,9.99e-11,0.2576,0.6333,0.3667,0.7426,0.1347,0.0,0.0507,0.048,0.219544978,0.239110714,0.077978201,0.186029604,0.084629532,0.026217072,0.059085469,0.085276504,0.022127925,0.189219621,2.58e-09,1.41e-09,7.58e-10,0.033774709,0.041506251,1.61e-09,0.020753126,3.74e-10,0.064231387,0.056812839,0.111653667,0.090744045,0.071806433,0.213603778,0.105894138,50011.0,0.266070237,0.160493827,81.0,-0.628070175,285.0,-0.218683652,471.0,38.2,95981,251.7153594,1.187773655,-1.11156586,-1.887860128,-1.695299939,-1.184301447,-0.876738068,-1.386525859,-0.341150357,-1.184301447,complete,CITY OF CHICAGO,Ward 50 Precinct 11,1,0,0,,0,0,0,491,327,218,102,77,51,0.35328,25.837483191135856,84,0.54308,28.35351336842571,93,0.0987,19.608361987457545,64,0.0029,8.385126740736586,27,0.00086,5.085976876915421,17,0.0009,6.482046408441285,21,0.00028,3.1385666611807506,10,CITY OF CHICAGO:WARD 50 PRECINCT 11,CITY OF CHICAGO:WARD 50 PRECINCT 11,CITY OF CHICAGO:WARD 50 PRECINCT 11,1.5,89.90896324,0.611249953,0.611249953,0.611249953,0.611249953,6.42353704,0.611249953,0.611249953,18.89896678566466,20.82139264458688,14.933791636200581,7.0587887779226435,4.003211133453811,5.569688224348769,2.5739474556182023,25.49411621584576,28.02036746416011,19.421964092603737,8.270948845389022,5.090747602766535,6.3905314641072675,3.124001757194011,16.582165151853722,22.712970615794926,18.34881555309514,10.343660155462842,3.71356831352306,0.0029064726328531286,0.004482562394250828,0.2,0.3,1.0,1.264134628,1.5,1.8,1.4,1.0,1.224702533,375.5135691,373.6035306,5.730115678,3.056061785,2.674053893,0.01525941,0.008138352,0.007121058,1937.000042,327,1.0000000000000007
CITY OF CHICAGO:WARD 50 PRECINCT 12,CITY OF CHICAGO:WARD 50 PRECINCT 12,CITY OF CHICAGO:Ward 50 Precinct 12, ,TRUE,, , ,,, ,,0.606921778,0.105759298,0.041899782,0.067161473,0.016349581,0.0,0.4456,0.8191,0.1809,0.7769,0.1172,0.0,0.0099,0.096,0.185279077,0.186616596,0.067325868,0.144349872,0.079019697,0.026286398,0.058093034,0.071074129,0.02097692,0.135671018,0.009577816,0.003380408,0.002253605,0.020508377,0.028009907,0.00619741,0.019638962,0.002253604,0.044703172,0.060043692,0.10162384,0.08324037,0.064728211,0.169958397,0.087232801,50012.0,0.194143995,0.566666667,60.0,-0.25,80.0,0.264516129,155.0,40.4,96470,84.40042746,0.881355331,1.381674865,-0.560918856,-0.158089134,0.241778133,0.386005552,0.052393251,-0.215899826,0.241778133,complete,CITY OF CHICAGO,Ward 50 Precinct 12,1,0,0,,0,0,0,287,191,127,96,72,48,0.09044,18.454554578726185,35,0.48046,26.85799753931538,51,0.41774,25.98706088574004,50,0.0089,11.20394108587505,21,0.00062,5.136122991384435,10,0.00156,6.3103659059277755,12,0.00028,3.0210895079491187,6,CITY OF CHICAGO:WARD 50 PRECINCT 12,CITY OF CHICAGO:WARD 50 PRECINCT 12,CITY OF CHICAGO:WARD 50 PRECINCT 12,1.8,56.82620531,7.010781878,7.010781878,7.010781878,7.010781878,4.059942652,7.010781878,4.059942652,15.582466537285674,22.57489504615049,22.348007007267825,10.509136245130339,4.4474415239465,5.569446396866169,2.5735194263840504,18.263442572383408,26.50346372687107,25.694111171747878,11.114363818554347,5.040280871139995,6.231865595017275,2.9651496863524662,13.265664903474738,24.46647301735854,25.763030924162383,13.794007622670538,4.157798704015749,0.002664645150253082,0.00405453316009939,0.2,0.3,1.0,1.368806277,1.5,1.8,1.4,1.0,1.373408651,102.1761487,101.6564328,1.559147749,0.831545466,0.727602283,0.01525941,0.008138352,0.007121058,764.8703161,191,1.0000000000000002
CITY OF CHICAGO:WARD 50 PRECINCT 14,CITY OF CHICAGO:WARD 50 PRECINCT 14,CITY OF CHICAGO:Ward 50 Precinct 14, ,TRUE,, , ,,, ,,0.721407627,0.032258068,0.038123167,0.214076237,0.005865103,0.002932551,0.4222,0.5719,0.4281,0.9237,0.0176,0.0191,0.0294,0.0103,0.291111102,0.057777784,0.057777777,0.264444436,0.022222226,0.091111108,0.066666671,0.057777782,0.091111113,0.087499996,0.081249997,0.074999997,0.018750001,0.01875,0.05,0.012500002,0.018750001,9.35e-10,0.0375,0.074999999,0.062500004,0.112500003,0.099999998,0.249999991,1.2e-08,50014.0,0.562963891,0.565217391,46.0,-0.384615385,52.0,0.193277311,119.0,38.9,85000,60.32847456,2.452592352,1.372778667,-1.033388578,-0.384722268,0.25321695,0.601815043,-0.073823774,-0.371435095,0.25321695,complete,CITY OF CHICAGO,Ward 50 Precinct 14,1,0,0,,0,0,0,104,69,46,46,35,23,0.09014,18.403423593102787,13,0.47666,26.831091342261402,19,0.42298,26.10100734525066,18,0.00744,11.136806727911946,8,0.00068,5.110010898379091,4,0.00178,6.378932790073646,4,0.00032,3.044917372815358,2,CITY OF CHICAGO:WARD 50 PRECINCT 14,CITY OF CHICAGO:WARD 50 PRECINCT 14,CITY OF CHICAGO:WARD 50 PRECINCT 14,1.8,56.3298316,7.124241967,7.124241967,7.124241967,7.124241967,4.024479281,7.124241967,4.024479281,15.581074383337315,22.607677349395708,22.527755060303253,10.460149943713049,4.466893551653513,5.572616118994304,2.5805444035388727,18.215940706941062,26.470468234784544,25.84139926313084,11.031611447642964,5.051913099104235,6.232102672050459,2.9692420184123365,13.264272749526379,24.499255320603755,25.94277897719781,13.745021321253247,4.177250731722761,0.005834367278387999,0.011079510314921406,0.2,0.3,1.0,1.163247065,1.5,1.8,1.4,1.0,1.483391361,70.55941729,70.20051893,1.076695071,0.57423737,0.502457701,0.01525941,0.008138352,0.007121058,327.8220572,69,1.0000000000000002
CITY OF CHICAGO:WARD 50 PRECINCT 16,CITY OF CHICAGO:WARD 50 PRECINCT 16,CITY OF CHICAGO:Ward 50 Precinct 16, ,TRUE,, , ,,, ,,0.795454515,0.012987032,0.03571429,0.14285714,0.003246752,1.73e-10,0.4456,0.8191,0.1809,0.7769,0.1172,0.0,0.0099,0.096,0.027932999,0.036312875,0.064245813,0.075418997,0.170391051,0.106145237,0.20670389,0.164804451,0.148044675,0.018604653,0.069767438,0.069767429,0.037209298,0.032558135,0.018604652,0.055813946,0.051162786,0.018604651,0.041860458,0.218604624,0.176744177,0.069767454,0.055813964,0.037209329,0.027906994,50016.0,0.133812196,0.438596491,57.0,-0.413793103,58.0,0.125,112.0,62.1,65904,53.19604407,0.624331355,0.59553225,-1.135795805,-0.601933915,-0.305479244,-0.129466528,-0.5067451,-0.591059295,-0.305479244,complete,CITY OF CHICAGO,Ward 50 Precinct 16,1,0,0,,0,0,0,128,85,57,45,34,23,0.12716,22.242814159277856,19,0.81426,32.95899044472803,28,0.053,18.64990162526965,16,0.00414,9.677573945100402,8,0.00044,3.7208005381138047,3,0.00076,6.378240502453955,5,0.00024,3.0569306964745095,3,CITY OF CHICAGO:WARD 50 PRECINCT 16,CITY OF CHICAGO:WARD 50 PRECINCT 16,CITY OF CHICAGO:WARD 50 PRECINCT 16,1.8,77.64776844,2.800782395,2.800782395,2.800782395,2.800782395,5.547537183,2.800782395,2.800782395,17.223697875520152,25.284862037387686,14.938415872185892,8.458564642856853,3.0447385788911774,5.570961414196773,2.577057009517683,22.091726871399995,32.58654894878157,18.538389375019293,9.569628485897216,3.621380221935235,6.334848440947459,3.0701550980856775,14.906896241709216,27.176440008595733,18.35343978908045,11.743436020397052,2.7550957589604264,0.004179662480857133,0.007592116293731691,0.2,0.3,1.0,1.43232667,1.5,1.8,1.4,1.0,1.519159543,42.56921883,42.35269177,0.649581165,0.346443285,0.303137879,0.01525941,0.008138352,0.007121058,318.6643507,85,0.9999999999999999
CITY OF CHICAGO:WARD 50 PRECINCT 18,CITY OF CHICAGO:WARD 50 PRECINCT 18,CITY OF CHICAGO:Ward 50 Precinct 18, ,TRUE,, , ,,, ,,0.907692257,0.01538463,0.025641029,3.74e-08,2.32e-09,2.43e-10,0.4279,0.6584,0.3416,0.8876,0.042,0.0144,0.0246,0.0313,0.292096193,0.054982835,0.058419246,0.261168364,0.024054998,0.089347074,0.065292105,0.061855678,0.092783501,0.085714291,0.085714276,0.076190468,0.019047618,0.019047621,0.047619045,0.019047619,0.019047621,1.26e-09,0.03809524,0.076190483,0.066666678,0.104761902,0.09523809,0.247619029,1.29e-08,50018.0,0.228200041,0.391304348,23.0,-0.5,36.0,0.24137931,58.0,40.5,80357,38.63399848,1.026440021,0.305235398,-1.438362622,-0.231694648,-0.331075727,-0.084595463,-0.601829159,-0.58840546,-0.331075727,complete,CITY OF CHICAGO,Ward 50 Precinct 18,1,0,0,,0,0,0,122,81,54,25,19,13,0.10682,20.482744804042003,17,0.7623,31.359993989926792,25,0.12408,21.179592225606154,17,0.00486,10.346439150225898,8,0.00034,4.031377580484303,3,0.00124,6.340994761377824,5,0.00036,3.019513507961931,2,CITY OF CHICAGO:WARD 50 PRECINCT 18,CITY OF CHICAGO:WARD 50 PRECINCT 18,CITY OF CHICAGO:WARD 50 PRECINCT 18,1.8,78.34469366,2.676329567,2.676329567,2.676329567,2.676329567,5.597328937,2.676329567,2.676329567,16.530695905805466,25.113082901552808,17.610596242828333,9.37124994471812,3.444422364294984,5.567496224852639,2.569960417841174,20.297382673713333,30.97543561861475,21.01550377446206,10.245357577877586,3.9858016738714905,6.280760434360689,3.012435689166534,14.213894271994532,27.004660872760855,21.02562015972289,12.656121322258318,3.154779544364233,0.0007144731367228324,0.0004955246172229944,0.2,0.3,1.0,1.195214148,1.5,1.8,1.4,1.0,1.359256999,77.14981646,76.75739624,1.177260678,0.627872362,0.549388317,0.01525941,0.008138352,0.007121058,394.9019089,81,0.9999999999999997
CITY OF CHICAGO:WARD 50 PRECINCT 27,CITY OF CHICAGO:WARD 50 PRECINCT 27,CITY OF CHICAGO:Ward 50 Precinct 27, ,TRUE,, , ,,, ,,0.706552709,0.074074065,0.025641028,0.188034195,1.16e-09,6.15e-10,0.4456,0.8191,0.1809,0.7769,0.1172,0.0,0.0099,0.096,0.025229408,0.034403677,0.061926605,0.077981685,0.17201832,0.110091738,0.208715567,0.165137596,0.144495405,0.019157101,0.068965519,0.072796934,0.038314173,0.030651339,0.015325678,0.057471254,0.049808423,0.019157085,0.042145593,0.222222192,0.180076605,0.068965525,0.053639856,0.034482801,0.02681992,50027.0,0.40697096,0.181818182,44.0,-0.191489362,47.0,0.252747253,91.0,61.9,65819,60.62565916,1.788035285,-0.980668998,-0.355559678,-0.195529638,-0.150290253,0.064069243,-0.234216038,-0.477286647,-0.150290253,complete,CITY OF CHICAGO,Ward 50 Precinct 27,1,0,0,,0,0,0,102,68,45,47,36,24,0.1251,22.242870823247685,15,0.8152,32.87992539485779,22,0.05528,18.63003231665095,13,0.00336,9.699863320383935,7,0.0002,3.7137198367145428,3,0.00066,6.4300127746575635,4,0.0002,3.110211117150616,2,CITY OF CHICAGO:WARD 50 PRECINCT 27,CITY OF CHICAGO:WARD 50 PRECINCT 27,CITY OF CHICAGO:WARD 50 PRECINCT 27,1.8,72.71766903,3.68117071,3.68117071,3.68117071,3.68117071,5.195306715,3.68117071,3.68117071,17.203710466183406,25.269586349862003,14.96351068702377,8.49603754514371,3.0505415699271445,5.571687794441635,2.5790450000168743,22.054811266626604,32.55138692028895,18.561604657326242,9.610613822603034,3.6276367155950737,6.3350278961169995,3.071596163509548,14.88690883237247,27.16116432107005,18.37853460391833,11.780908922683908,2.7608987499963935,0.004906042725719074,0.009580106792923215,0.2,0.3,1.0,1.229592428,1.5,1.8,1.4,1.0,1.512172583,39.45230639,39.25163342,0.602018915,0.321076754,0.280942161,0.01525941,0.008138352,0.007121058,295.3317808,68,0.9999999999999997
COOK:8200007,COOK:8200007,COOK:Niles Precinct 7,,,True,,,,,TRUE,,0.522771413,0.083520746,0.067549829,0.324468598,0.013012827,2.69e-06,0.3107,0.6366,0.3634,0.7237,0.0522,0.0774,0.0107,0.1159,0.093529137,0.195945804,0.111155215,0.089269126,0.143808553,0.092408578,0.163102072,0.085070079,0.025711436,0.055323576,0.010740555,0.00660951,0.028894338,0.029731102,0.011598854,0.013217197,0.018179746,5.9e-06,0.17666721,0.179125397,0.101648265,0.081861003,0.114804139,0.100863484,0.070729726,,-0.113144484,0.357512953,193.0,-0.151162791,172.0,0.456628478,611.0,48.5,72480,334.0354946,-0.427747131,0.097811184,-0.214022485,0.453080801,-0.001346943,-0.022719408,-0.039607559,0.038896412,-0.001346943,complete,COOK,Niles Precinct 7,0,0,1,Niles,1,0,0,575,383,255,285,214,143,0.17654,24.528798254965295,94,0.78682,33.33552479562517,128,0.03472,17.572494049891755,67,0.00102,7.332216590628161,28,0.00026,4.117463251857053,16,0.00054,6.479194535714168,25,0.0001,3.1734091433505878,12,COOK:8200007,COOK:8200007,COOK:NILES PRECINCT 7,1.0,66.72182819,4.751872893,4.751872893,4.751872893,4.751872893,4.766934455,4.751872893,4.751872893,19.035412964145628,24.766651608263096,12.979829869258403,5.459235882515044,3.2532782057603096,5.575896890701588,2.5807859796992876,24.38869305453218,33.10158007277259,17.548839374578527,7.243982668851507,4.027246928102869,6.384117596206881,3.1182177470218906,16.718611330334692,26.658229579471143,16.39485378615296,8.744107260055243,2.9636353858295585,0.009115138985672467,0.011321086475336193,1.0,0.3,0.2,1.098683647,1.000023076,1.000036922,1.000018461,1.399981539,1.6,740.6038422,734.442896,9.398783005,6.748332926,2.650450079,0.012690702,0.009111933,0.003578769,3160.47,383,0.9999999999999991
COOK:8200002,COOK:8200002,COOK:Niles Precinct 2,,,,,,,,TRUE,,0.608826056,0.088646262,0.031417533,0.264079974,0.009848961,7.65e-07,0.2553,0.7197,0.2803,0.8584,0.0484,0.0118,0.0307,0.0425,0.072189062,0.101695263,0.107757572,0.105483997,0.051111139,0.256726506,0.10733046,0.082473716,0.115232285,0.034442017,0.013772391,0.077085841,0.067466568,0.022033654,0.026193571,0.033047867,0.067449635,0.044056113,0.027573702,0.123943625,0.136357091,0.046872152,0.077120177,0.144617925,0.057967668,,0.072142555,0.286956522,115.0,-0.503759398,133.0,0.276315789,456.0,54.9,70514,251.1209901,0.361607939,-0.335290565,-1.451557263,-0.120550696,-0.567764166,-0.386447646,-0.78078609,-0.513106063,-0.567764166,complete,COOK,Niles Precinct 2,0,0,1,Niles,1,0,0,342,174,152,225,169,113,0.51542,30.422404550061,53,0.4626,29.738894197620645,52,0.02028,15.580993352953316,27,0.00074,6.0230456179444305,10,0.00046,5.1059928488893584,9,0.00038,6.583833594750976,11,0.00012,3.2376632034948423,6,COOK:8200002,COOK:8200002,COOK:NILES PRECINCT 2,1.0,83.49235642,1.757090063,1.757090063,1.757090063,1.757090063,5.965103197,1.757090063,1.757090063,21.823124278344864,20.423174968359888,10.466077676410935,3.96397156768579,3.782080571153375,5.57354393036802,2.578375410072955,30.11755391605411,29.443360491041307,15.522996985019187,5.938358247278209,5.093282441007006,6.481541410072186,3.21558395159443,19.506322644533928,22.314752939567935,13.881101593305493,7.248842945225989,3.492437751222624,0.006762178652104369,0.008910516849003952,1.0,0.3,0.2,1.000043383,1.031673159,1.050677054,1.025338527,1.374661473,1.6,913.8157554,912.8121204,4.421621085,1.475471437,2.946149648,0.004838635,0.001614627,0.003224008,2536.73,186,0.9338783552655344
COOK:8200026,COOK:8200026,COOK:Niles Precinct 26,,,,,,,,TRUE,,0.597709288,0.102954059,0.02211904,0.281385559,0.004889029,0.002980923,0.372,0.9297,0.0703,0.7539,0.0552,0.0,0.042,0.1457,0.130455901,0.13694335,0.092147644,0.104934843,0.136734535,0.129639609,0.140480777,0.091129724,0.037533617,0.052358805,0.013799329,0.011876476,0.04741959,0.006178124,3.23e-05,0.019020119,0.008272376,0.007548515,0.021988493,0.031939657,0.113219177,0.112184012,0.060291759,0.211730766,0.282140529,,0.106855302,0.229813665,161.0,-0.15625,128.0,0.20950324,463.0,51.3,147459,278.7591583,0.50949029,-0.686054782,-0.231877444,-0.333102473,-0.259522876,-0.185386102,-0.268821144,-0.345551152,-0.259522876,complete,COOK,Niles Precinct 26,0,0,1,Niles,1,0,0,365,171,162,231,174,116,0.1737,24.572111739408275,42,0.78986,33.43278229335476,57,0.03472,17.673400537327293,30,0.0009,7.2368066993758475,12,0.00018,4.081181439546125,7,0.00056,6.480014803705059,11,8e-05,3.1002271477970877,5,COOK:8200026,COOK:8200026,COOK:NILES PRECINCT 26,1.0,76.31740855,3.038350284,3.038350284,3.038350284,3.038350284,5.452489751,3.038350284,3.038350284,19.035893260428985,24.76738097601013,12.980336419643702,5.457047605785888,3.253354953411538,5.573670601307308,2.578813007303024,24.390453594596394,33.10436434592901,17.550614067869,7.241593223281186,4.027383485763344,6.381957628407244,3.11631109622027,16.71909162661805,26.658958947218178,16.39536033653826,8.741918983326087,2.963712133480787,0.006888849591391521,0.009348114079072873,1.0,0.3,0.2,1.000893101,1.001512364,1.002419782,1.001209891,1.398790109,1.6,610.2076325,608.167818,8.751722889,3.732128455,5.019594434,0.014342205,0.006116162,0.008226043,2550.47,187,0.9157798268362027
COOK:8200053,COOK:8200053,COOK:Niles Precinct 53,,,,,,,,TRUE,,0.52383997,0.061480265,0.035265486,0.375667828,0.008549417,0.000537505,0.4863,0.6561,0.3439,0.7176,0.0238,0.0,0.0442,0.1966,0.084820234,0.101543511,0.037219728,0.243948507,0.096964695,0.161699885,0.07612575,0.110341228,0.087336461,0.043382411,5.51e-06,0.011752621,0.019013764,0.043394641,0.050654686,0.028926444,0.013605392,0.01355541,0.129244021,0.10756507,0.125677116,0.031693076,0.031704751,0.104009301,0.245815789,,-0.201578159,0.287356322,261.0,-0.290322581,248.0,0.380239521,668.0,51.0,82738,314.7184953,-0.804489996,-0.332836443,-0.702442046,0.210063451,-0.397221463,-0.407426258,-0.456224621,0.012548274,-0.397221463,complete,COOK,Niles Precinct 53,0,0,1,Niles,1,0,0,545,363,242,272,204,136,0.17502,24.591256506542823,89,0.78792,33.44888526937392,121,0.03524,17.61148455992955,64,0.00088,7.31191561232597,27,0.00014,4.080218807352319,15,0.0005,6.420291797736979,23,0.0003,3.165891322793085,11,COOK:8200053,COOK:8200053,COOK:NILES PRECINCT 53,1.0,80.00830218,2.37925209,2.37925209,2.37925209,2.37925209,5.716185284,2.37925209,2.37925209,19.034842187328337,24.76578483869666,12.979227892464621,5.457245465723357,3.253187000015812,5.5761386156542825,2.5820191163118333,24.388807554474376,33.10183596859402,17.548894322653865,7.241746775064809,4.027476267395992,6.384412495704256,3.119504058179117,16.7180405535174,26.657362809904708,16.39425180935918,8.742116843263556,2.963544180085061,0.009356863938366784,0.01255422308788203,1.0,0.3,0.2,1.000205559,1.012293777,1.019670043,1.009835022,1.390164978,1.6,737.5214156,732.4074396,12.27383455,6.136836134,6.136998415,0.016642004,0.008320892,0.008321112,3048.19,363,0.9999999999999987
COOK:8200059,COOK:8200059,COOK:Niles Precinct 59,,,,,,,,TRUE,,0.575022542,0.075403271,0.025132739,0.318299371,0.010605298,0.000558563,0.3969,0.9592,0.0408,0.767,0.0748,0.0,0.007,0.1506,0.151011427,0.144104641,0.072623965,0.155617938,0.114916695,0.14987753,0.119160775,0.023902049,0.06878498,0.002427017,0.032346654,0.025163443,0.013197327,8.97e-06,0.002416579,0.0167927,0.023973863,0.025171173,0.018005244,0.04316517,0.151040115,0.099534933,0.107904284,0.197784846,0.241067687,,0.031958344,0.404255319,235.0,-0.051020408,196.0,0.285294118,680.0,48.6,135833,336.4129714,0.190416199,0.3847333,0.137454754,-0.091987802,0.149857968,0.155154113,0.146318096,-0.36517713,0.149857968,complete,COOK,Niles Precinct 59,0,0,1,Niles,1,0,0,534,356,237,282,212,141,0.17452,24.595389188856693,88,0.7902,33.422718501534156,119,0.03358,17.63150648798453,63,0.00094,7.266403251070136,26,0.00016,4.086532959777928,15,0.00056,6.444803657118878,23,4e-05,3.1170041572607805,11,COOK:8200059,COOK:8200059,COOK:NILES PRECINCT 59,1.0,60.73266932,6.117850301,6.117850301,6.117850301,6.117850301,4.339039589,6.117850301,4.339039589,19.03548173962823,24.766756049252,12.979902404167415,5.457011543855673,3.2532891955533496,5.574577441726365,2.5800407907447007,24.38986369934814,33.1034625760924,17.549994258301638,7.241527826552269,4.027429499683647,6.382862585626345,3.11753699646199,16.718680105817295,26.658334020460046,16.394926321061973,8.741882921395872,2.9636463756225986,0.0077956900104493,0.010575897520749533,1.0,0.3,0.2,1.007284279,1.000220373,1.000352597,1.000176299,1.399823701,1.6,458.4577968,455.7560789,4.502985773,2.251257648,2.251728125,0.009822029,0.004910501,0.004911528,1937.19,356,0.9999999999999999
COOK:8300027,COOK:8300027,COOK:Northfield Precinct 27,,,,,,,,TRUE,,0.437793071,0.089391292,0.065904886,0.395352981,0.013961799,0.001194928,0.2952,0.27,0.73,0.7813,0.101,0.0,0.0098,0.0993,0.159125692,0.077494058,0.114553367,0.082758559,0.135310736,0.111662098,0.116523921,0.081204053,0.121367516,0.040131663,0.071967418,0.03112693,0.047449501,0.069469157,0.070987714,0.027853365,0.000151877,0.067740594,0.069285791,0.062623925,0.176786838,0.067013183,0.056500485,0.103531315,0.037380242,,-0.02592563,0.180952381,105.0,-0.178294574,129.0,0.24742268,388.0,53.3,60919,231.2096217,-0.056179616,-0.985983608,-0.30924894,-0.212468783,-0.416277169,-0.390970237,-0.39993291,-0.204775457,-0.416277169,complete,COOK,Northfield Precinct 27,0,0,0,Northfield,1,0,0,357,238,159,200,150,100,0.17414,24.593022019748243,59,0.79012,33.39701082721164,79,0.034,17.593580244506395,42,0.00096,7.334420493135382,17,0.00016,4.0880649314142685,10,0.00044,6.489924652527601,15,0.00018,3.1516913129844637,8,COOK:8300027,COOK:8300027,COOK:NORTHFIELD PRECINCT 27,1.0,80.4526771,2.299898216,2.299898216,2.299898216,2.299898216,5.747933606,2.299898216,2.299898216,19.034622734243257,24.765451581897075,12.978996443568064,5.458771147589147,3.253151933101038,5.577431176883416,2.583047900490326,24.38775040741375,33.10015553135666,17.54783560593158,7.243419861989181,4.027368980988174,6.38565963448143,3.120487419905649,16.71782110043232,26.657029553105122,16.394020360462623,8.743642525129346,2.963509113170287,0.010649425167500634,0.013583007266374863,1.0,0.3,0.2,1.000000002,1.000000028,1.000000045,1.000000023,1.399999977,1.000005417,399.3976497,398.8912727,4.500695499,2.983373997,1.517321503,0.011268708,0.007469683,0.003799025,2931.14,238,0.9996855758578771
COOK:8300033,COOK:8300033,COOK:Northfield Precinct 33,,,,,,,,TRUE,,0.481759525,0.073461187,0.029387786,0.410908563,0.002564887,1.5e-07,0.4861,0.7301,0.2699,0.8704,0.0058,0.0,0.0008,0.1161,0.051069087,0.095748967,0.054061192,0.183091192,0.108188449,0.174823201,0.141560858,0.099876042,0.091581011,0.027993994,0.020490763,0.038748187,0.059183125,0.023690731,0.033382859,0.171094367,0.100072757,0.015101947,0.052977367,0.058118552,0.085121179,0.076548852,0.062548764,0.072244476,0.10268208,,0.177601482,0.25,48.0,-0.344262295,61.0,0.216117216,273.0,53.7,51933,158.3993938,0.810881344,-0.562143511,-0.891758309,-0.312061331,-0.409034417,-0.238770452,-0.539631989,-0.201438124,-0.409034417,complete,COOK,Northfield Precinct 33,0,0,0,Northfield,1,0,0,206,77,91,136,102,68,0.17698,24.546334950628435,19,0.78832,33.38727670008925,26,0.0328,17.605864794412796,14,0.00108,7.315670245120459,6,0.0002,4.091265759071732,3,0.00048,6.442291009135848,5,0.00014,3.1779195507083484,2,COOK:8300033,COOK:8300033,COOK:NORTHFIELD PRECINCT 33,1.0,80.28554724,2.329743288,2.329743288,2.329743288,2.329743288,5.73599303,2.329743288,2.329743288,19.03444931824491,24.765188236040785,12.97881354825152,5.456745163221873,3.253124222558567,5.576760406980246,2.583078458500959,24.388468329392385,33.10133681186748,17.548522202149385,7.2411692739180795,4.027559943760599,6.385045883820247,3.120574997158269,16.717647684433974,26.656766207248833,16.393837465146078,8.741616540762072,2.963481402627816,0.009978655264330425,0.013613565277007548,1.0,0.3,0.2,1.000000034,1.000003875,1.000006199,1.0000031,1.3999969,1.000228011,426.4016665,425.9263992,1.725375387,0.439633453,1.285741934,0.004046362,0.001031031,0.00301533,1082.19,89,0.8654139639471679
COOK:8300043,COOK:8300043,COOK:Northfield Precinct 43,,,,,,,,TRUE,,0.657690264,0.011790302,0.010915841,0.310326666,0.004199327,9.62e-07,0.4503,0.8579,0.1421,0.7455,0.11,0.0001,0.0002,0.1209,0.113029634,0.070981225,0.047935287,0.122266951,0.109551205,0.155897933,0.072198007,0.147076887,0.161062873,0.015981025,0.014443229,0.013031587,0.015918284,0.014449827,0.01446445,0.004384193,0.001564894,6.32e-05,0.053565045,0.099806572,0.143108311,0.086722563,0.094017922,0.088368798,0.340110064,,-0.427180367,0.5,168.0,-0.102564103,156.0,0.193162393,585.0,57.0,130982,232.6955447,-1.765594711,0.972449942,-0.043452022,-0.385087858,-0.133206893,-0.305421162,-0.080813065,-0.471224087,-0.133206893,complete,COOK,Northfield Precinct 43,0,0,0,Northfield,1,0,0,444,0,197,197,148,99,0.17594,24.906790155772974,0,0.79196,33.648589523953774,0,0.03046,17.348347951308725,0,0.00066,6.974502999223857,0,0.00024,4.021780542993372,0,0.00054,6.436472117020799,0,0.0002,3.1806726269423318,0,COOK:8300043,COOK:8300043,COOK:NORTHFIELD PRECINCT 43,1.0,72.0956372,3.792249514,3.792249514,3.792249514,3.792249514,5.150865712,3.792249514,3.792249514,19.265680205827515,24.91199971648407,12.761111542757185,5.198713704638607,3.19446870859986,5.574003572347801,2.5796008333566434,24.752408413203817,33.381621348123055,17.300998720390588,6.916149092897691,3.9561929241191662,6.385249310252981,3.120057633079132,16.94887857201658,26.803577687692115,16.176135459651743,8.483585082178806,2.904825888669109,0.007221820631885381,0.010135940132692114,1.0,0.3,0.2,1.000000076,1.000000023,1.000000037,1.000000019,1.399999981,1.000046327,233.1007269,232.8893167,0.842641354,0.164729332,0.677912022,0.003614924,0.000706687,0.002908236,991.46,0,0.057568774015592246
COOK:8300049,COOK:8300049,COOK:Northfield Precinct 49,,,,,,,,TRUE,,0.52831508,0.048237719,0.03534653,0.388902766,0.00401713,0.0,0.4813,0.7423,0.2577,0.6716,0.1161,0.0,0.0002,0.2014,0.116666557,0.172585758,0.06451288,0.088709529,0.182261918,0.122041466,0.147849705,0.074728442,0.030643746,0.014679165,0.016311465,0.013046866,0.011419179,0.011416873,0.0,0.078306559,0.013049172,0.0,0.06525047,0.047311318,0.115826386,0.009782267,0.086456527,0.057093585,0.46005017,,-0.269352965,,,-0.203703704,108.0,,,50.2,165014,198.8164999,-1.093222478,,-0.398429271,,,,,-0.16662278,-0.16662278,demographic_only,COOK,Northfield Precinct 49,0,0,0,Northfield,1,0,0,299,199,133,170,128,85,0.17492,24.555885597421856,49,0.79114,33.41730211775803,67,0.03206,17.604455228560813,35,0.00094,7.323087168560536,15,0.00034,4.082409486326,8,0.00048,6.48527563445917,13,0.00012,3.1041920141544552,6,COOK:8300049,COOK:8300049,COOK:NORTHFIELD PRECINCT 49,1.0,73.29700725,3.577715879,3.577715879,3.577715879,3.577715879,5.236697477,3.577715879,3.577715879,19.0346946422229,24.765560779829528,12.979072282203624,5.4571793504587305,3.253163423443007,5.576435900954333,2.5824464442824433,24.388621621272595,33.10155394982661,17.548697169106966,7.241664526003313,4.027497300917644,6.384710634896946,3.1199322400423646,16.717893008411963,26.657138751037575,16.394096199098183,8.74205072799893,2.963520603512256,0.009654149238417346,0.012981551058491959,1.0,0.3,0.2,1.000000021,1.000000336,1.000000537,1.000000269,1.399999731,1.000079597,304.3368166,304.1108798,0.677810282,0.0,0.677810282,0.002227171,0.0,0.002227171,1597.98,199,0.9999999999999997
COOK:8300051,COOK:8300051,COOK:Northfield Precinct 51,,,,,,,,TRUE,,0.669932263,0.045271922,0.01841806,0.25326262,0.007179084,0.001560917,0.4967,0.5251,0.4749,0.6186,0.1288,0.0,0.0,0.2526,0.078802891,0.145784984,0.033276447,0.047230771,0.109341923,0.210536425,0.088267441,0.145019132,0.141739986,0.074022154,0.036007526,0.017024795,0.048495766,0.032506801,0.102003296,0.048493306,0.0,0.015538605,0.013518004,0.026041551,0.040616581,0.114056491,0.053556611,0.065665444,0.312453074,,-0.395697855,0.510703364,327.0,-0.259475219,343.0,-0.045630317,1293.0,57.8,110024,585.7508539,-1.631473724,1.038151192,-0.594174744,-1.144762735,-0.479335105,-0.583065003,-0.481557053,-0.283909151,-0.479335105,complete,COOK,Northfield Precinct 51,0,0,0,Northfield,1,0,0,993,662,441,487,366,244,0.52628,30.951111102531527,205,0.45674,30.050158420789685,199,0.01582,15.220926095334047,101,0.00048,5.5024211140159744,36,0.0003,5.029452005100985,33,0.00034,6.529426043673131,43,4e-05,3.2432627404688086,21,COOK:8300051,COOK:8300051,COOK:NORTHFIELD PRECINCT 51,1.0,81.81980374,2.055764738,2.055764738,2.055764738,2.055764738,5.845607834,2.055764738,2.055764738,22.145398291232294,20.626510271458777,10.159766420753183,3.6027201566360842,3.699731275849336,5.57294057223944,2.5778595142527947,30.681538874458436,29.849536757846625,15.141532224492815,5.4449799816923745,4.989547458181664,6.4857060707819265,3.2198360746125902,19.828596657421357,22.518088242666824,13.574790337647741,6.887591534176283,3.410088455918585,0.006158820523523977,0.008394621028843332,1.0,0.3,0.2,1.000002221,1.000001079,1.000001727,1.000000863,1.399999137,1.003164534,755.6133524,755.0740467,4.849174393,1.077980119,3.771194273,0.006417534,0.001426629,0.004990905,2880.99,662,1.0
COOK:8300053,COOK:8300053,COOK:Northfield Precinct 53,,,,,,,,TRUE,,0.677387491,0.016466326,0.010968177,0.288771029,0.000919245,0.000913098,0.5002,0.666,0.334,0.6394,0.1218,0.0,0.0,0.2302,0.135009569,0.124270733,0.031329374,0.06980691,0.15913233,0.118119582,0.165367521,0.125266341,0.071697642,0.026571614,0.012080275,0.024145265,0.004848554,0.012079515,0.009665958,1.21e-05,1.71e-05,0.007240861,0.02419845,0.048359145,0.111152126,0.058004027,0.077310963,0.161747618,0.422566502,,-0.482417313,0.54973822,191.0,-0.283236994,173.0,0.143369176,558.0,57.4,176063,229.4265141,-2.000913725,1.27776173,-0.677573229,-0.543495776,-0.353721201,-0.48605525,-0.392024796,-0.401592789,-0.353721201,complete,COOK,Northfield Precinct 53,0,0,0,Northfield,1,0,0,414,276,184,183,138,92,0.17806,25.000588408079654,69,0.7922,33.696893408706025,93,0.02776,17.303757501078167,48,0.00098,6.934863713261505,19,0.00016,4.0187854720386245,11,0.00066,6.468236775718951,18,0.00018,3.1945103662969916,9,COOK:8300053,COOK:8300053,COOK:NORTHFIELD PRECINCT 53,1.0,78.93604899,2.570728793,2.570728793,2.570728793,2.570728793,5.63957826,2.570728793,2.570728793,19.31194242840706,24.941386378265058,12.71758806378147,5.147314448574072,3.182740169685758,5.573524522467786,2.578907222584671,24.825308346176683,33.43769851389759,17.251291948882105,6.851206594354768,3.9418623828415043,6.385357946989798,3.119951708923993,16.995140794596125,26.832964349473105,16.132611980676028,8.43218582611427,2.8930973497550068,0.006742770751870697,0.009442329360719863,1.0,0.3,0.2,1.000000826,1.000000071,1.000000114,1.000000057,1.399999943,1.0002895,460.7456873,460.3405834,2.505402954,0.468048104,2.03735485,0.005437713,0.001015849,0.004421864,1749.24,276,0.9992650119003378
COOK:8000011,COOK:8000011,COOK:Maine Precinct 11,,,True,,,,,,,0.645315084,0.0901276,0.020678019,0.249284021,0.013033045,0.005422739,0.3173,0.8016,0.1984,0.868,0.0219,0.0,0.0047,0.1055,0.142596436,0.135062772,0.054932877,0.168190618,0.151973851,0.146762134,0.058653129,0.061569932,0.080258252,0.00544645,0.0,0.045474623,0.010738485,0.021422669,0.045492175,0.051040081,1.9e-05,0.00537135,0.019000292,0.125750458,0.085835011,0.056386589,0.219442,0.174156314,0.134424466,,-0.13320307,,,-0.31147541,61.0,,,47.4,128193,138.4880253,-0.513200203,,-0.776683717,,,,,-0.593924937,-0.593924937,demographic_only,COOK,Maine Precinct 11,0,0,0,Maine,1,0,0,143,95,63,115,87,58,0.51412,30.389894188403368,29,0.4641,29.704908101239013,28,0.02024,15.550478593301628,15,0.00052,5.974676984856696,6,0.00038,5.184661178025518,5,0.00044,6.5478566007051455,6,0.0002,3.296644817333129,3,COOK:8000011,COOK:8000011,COOK:MAINE PRECINCT 11,1.0,83.93753017,1.677593539,1.677593539,1.677593539,1.677593539,5.996908592,1.677593539,1.677593539,21.82328922588337,20.423425454192717,10.466251640362108,3.9634788137932233,3.782106928501111,5.572914855606898,2.5777604840316335,30.118116433312114,29.444100326027016,15.523479707992824,5.937760217388971,5.093306356631342,6.48092885523606,3.2149855454781053,19.506487592072435,22.315003425400764,13.881275557256666,7.248350191333422,3.49246410857036,0.006133103890981765,0.00829559080768245,1.0,0.3,0.2,1.000006993,1.005890117,1.009424187,1.004712094,1.395287906,1.099180115,249.7576847,249.1498739,1.215746918,0.314017697,0.901729221,0.004867706,0.001257289,0.003610416,1097.21,95,0.9999999999999997
COOK:8000015,COOK:8000015,COOK:Maine Precinct 15,,,True,,,,,,,0.572795276,0.05059736,0.013320026,0.356417369,0.009205733,0.000583678,0.3396,0.9628,0.0372,0.9028,0.0209,0.0,0.0,0.0763,0.136565942,0.074503675,0.082930509,0.212736796,0.072344186,0.187481585,0.095901582,0.092759752,0.044775973,0.018911743,0.007940693,0.003163441,0.037959742,0.025217274,0.023778669,0.056708377,0.006300991,0.020560691,0.082061086,0.017428651,0.080502006,0.146641844,0.099366111,0.173371561,0.20008712,,-0.195598215,0.327433628,113.0,-0.359223301,103.0,0.167883212,411.0,50.9,120367,231.2096217,-0.779014392,-0.086826957,-0.944268074,-0.465508901,-0.585429949,-0.568904581,-0.660502648,-0.618108171,-0.585429949,complete,COOK,Maine Precinct 15,0,0,0,Maine,1,0,0,282,188,125,100,75,50,0.52062,30.46165481201938,57,0.45942,29.734325449644928,56,0.01876,15.634672188592841,29,0.00038,6.00565067799665,11,0.00038,5.169463680850451,10,0.00032,6.470958188415288,12,0.00012,3.2724863195659997,6,COOK:8000015,COOK:8000015,COOK:MAINE PRECINCT 15,1.0,83.79531025,1.702990342,1.702990342,1.702990342,1.702990342,5.986747703,1.702990342,1.702990342,21.82209488699591,20.42161175649459,10.46499201615807,3.9625171728322384,3.7819160823347753,5.575097995983062,2.5811163423534613,30.116900046034782,29.442054074890127,15.522017282518252,5.936553886945891,5.093645087718167,6.483138827885751,3.2183682360734607,19.505293253184973,22.313189727702635,13.880015933052627,7.247388550372437,3.4922732624040242,0.008316244267145619,0.011651449129510084,1.0,0.3,0.2,1.0000154,1.002643951,1.004230321,1.002115161,1.397884839,1.177057709,448.8390684,448.0496865,1.579223218,0.529170315,1.050052904,0.003518462,0.001178976,0.002339486,1856.38,188,0.9999999999999989
COOK:8000032,COOK:8000032,COOK:Maine Precinct 32,,,True,,,,,,,0.697155997,0.052780152,0.011796642,0.231780954,0.011342899,0.001300863,0.2826,0.8071,0.1929,0.8851,0.0315,0.0,0.0,0.0835,0.158710269,0.092180344,0.063698918,0.11371237,0.106239011,0.207338263,0.075258901,0.061856206,0.121005718,0.004266744,0.003686909,0.004285046,0.004298294,0.045570459,0.01561679,0.009959278,0.018959925,0.007946121,0.062423305,0.022183758,0.199727286,0.249387501,0.115329192,0.16895506,0.06740433,,0.023782904,0.184615385,130.0,-0.46969697,132.0,0.180722892,498.0,53.5,110132,276.9760507,0.1555874,-0.96349872,-1.332005803,-0.424661832,-0.789904059,-0.641144739,-0.928076272,-0.792820859,-0.789904059,complete,COOK,Maine Precinct 32,0,0,0,Maine,1,0,0,312,208,139,104,78,52,0.51802,30.451476362121323,63,0.46092,29.718593595389414,62,0.01946,15.585651701645114,32,0.00072,6.04118001920123,13,0.00026,5.1522026721485865,11,0.00032,6.550776167405346,14,0.0003,3.256324107568527,7,COOK:8000032,COOK:8000032,COOK:MAINE PRECINCT 32,1.0,86.66894086,1.189834196,1.189834196,1.189834196,1.189834196,6.19205396,1.189834196,1.189834196,21.82348435274124,20.423721769699704,10.466457433303798,3.963099343652897,3.782138108271914,5.5722772110275525,2.57708230409166,30.11865357162314,29.444826833732666,15.52395945295562,5.937301423704297,5.093311654003107,6.480304175583093,3.2143203304645103,19.506682718930303,22.31529974090775,13.881481350198356,7.247970721193096,3.492495288341163,0.00549545931163629,0.007617410867709162,1.0,0.3,0.2,1.00001618,1.008797441,1.014075906,1.007037953,1.392962047,1.274381893,506.7854229,506.3877911,1.777822056,0.646895772,1.130926284,0.003508037,0.001276469,0.002231568,2110.24,208,1.0000000000000002
COOK:8000040,COOK:8000040,COOK:Maine Precinct 40,,,True,,,,,,,0.525263665,0.037732184,0.014798216,0.414095745,0.002961034,1.95e-06,0.3754,0.9604,0.0396,0.9378,0.0113,0.0,0.0,0.0508,0.115453682,0.107800812,0.080026729,0.08496515,0.105100715,0.183646279,0.154552831,0.118912394,0.049541407,0.01282788,0.017000853,5.15e-05,0.025396518,0.014875223,0.099526872,0.052883604,3.46e-05,0.042321083,0.048710551,0.046644959,0.070125187,0.154488214,0.12917545,0.086928239,0.19900926,,0.025942733,0.56097561,82.0,-0.108433735,83.0,0.220630372,349.0,55.3,111263,223.7800066,0.164788648,1.34674103,-0.06405311,-0.297703559,0.264559076,0.287443252,0.194259804,-0.602770535,0.264559076,complete,COOK,Maine Precinct 40,0,0,0,Maine,1,0,0,260,173,115,182,137,91,0.19228,22.55898183341339,39,0.61606,29.123380507858275,50,0.1866,22.423024081990466,39,0.00258,7.959474719962128,14,0.00074,5.23931111972342,9,0.00144,6.379318275185023,11,0.0003,3.1519958399261845,5,COOK:8000040,COOK:8000040,COOK:MAINE PRECINCT 40,1.0,55.83586014,7.237152956,7.237152956,7.237152956,7.237152956,3.989187539,7.237152956,3.989187539,17.954114987797738,22.247498428910703,16.968258358052026,6.177509001317992,4.246117892487935,5.5764249243025805,2.582993148319023,22.336482783681017,28.75672453468932,22.19807152574962,7.864585887040939,5.226565928774451,6.347233748148666,3.0830130339824184,15.637313353986803,24.13907640011875,20.383282274946584,9.46238037885819,3.956475072557184,0.009643172586664939,0.013528255095071658,1.0,0.3,0.2,1.000008372,1.001133036,1.001812857,1.000906429,1.399093571,1.079165544,425.3317478,424.5812083,1.503486969,0.503201277,1.000285692,0.003534857,0.00118308,0.002351778,1483.31,173,0.9999999999999996
COOK:8000051,COOK:8000051,COOK:Maine Precinct 51,,,True,,,,,,,0.503659235,0.132234321,0.039916079,0.32521659,0.007284125,0.001039386,0.2446,0.6885,0.3115,0.8758,0.0067,0.0747,0.0034,0.0394,0.120425887,0.184237103,0.162345726,0.09476249,0.112425525,0.145224773,0.0948433,0.047430743,0.038304451,0.050227929,5.91e-05,0.057368648,0.01791113,0.029869569,0.039422736,0.031061928,0.021508128,0.008442907,0.120549554,0.150466023,0.202980248,0.013243666,0.074007245,0.074176701,0.108704535,,0.169009174,0.365384615,104.0,-0.487179487,78.0,0.318435754,358.0,45.8,72320,229.4265141,0.774276614,0.146130388,-1.393365505,0.013446188,-0.331642291,-0.114878079,-0.587339776,-0.218722514,-0.331642291,complete,COOK,Maine Precinct 51,0,0,0,Maine,1,0,0,251,167,111,204,153,102,0.17194,24.54099641450795,41,0.7939,33.39250400328303,56,0.03256,17.63076670671571,29,0.00086,7.295588773606532,12,0.00014,4.0893011179339105,7,0.00044,6.503288518241562,11,0.00016,3.1392684439540144,5,COOK:8000051,COOK:8000051,COOK:MAINE PRECINCT 51,1.0,78.35977412,2.673636588,2.673636588,2.673636588,2.673636588,5.598406358,2.673636588,2.673636588,19.03540462541684,24.76663894524646,12.979821074715481,5.45776141001501,3.253276873295598,5.575143566279621,2.580454049814198,24.389389470195994,33.10270609348051,17.549521466465784,7.242352082503339,4.027373576690987,6.383406603688968,3.117928149040854,16.718602991605906,26.658216916454506,16.39484499161004,8.742632787555209,2.963634053364847,0.008361814563705588,0.010989156590247082,1.0,0.3,0.2,1.000001556,1.003390737,1.005425179,1.002712589,1.397287411,1.018891627,410.6616062,409.7763729,3.503096994,2.051487608,1.451609386,0.008530374,0.004995567,0.003534807,1964.76,167,0.9995355750176086
COOK:8000073,COOK:8000073,COOK:Maine Precinct 73,,,True,,,,,,,0.600475761,0.09521001,0.036093184,0.270423317,0.008584608,0.000368801,0.3466,0.5969,0.4031,0.8971,0.0133,0.0,0.0,0.0747,0.033137417,0.000559279,0.056875078,0.147806433,0.073889842,0.122691303,0.254351335,0.074570948,0.236118365,0.192655823,0.067966594,0.059369296,3.52e-05,0.079962927,0.092911325,1.44e-05,3.84e-05,0.014715753,0.032010014,0.048284162,0.167087472,0.043983695,0.041427596,0.12992397,0.029613472,,0.188448365,0.03125,64.0,-0.536231884,69.0,0.234285714,350.0,62.9,47394,219.9166068,0.857090955,-1.904912783,-1.565528385,-0.254261612,-0.95916489,-0.716902956,-1.128889976,-0.537345032,-0.95916489,complete,COOK,Maine Precinct 73,0,0,0,Maine,1,0,0,234,156,104,101,76,51,0.54054,31.94238053992523,50,0.44992,30.788512458579163,48,0.009,14.459633827802623,23,0.00014,4.567957568309577,7,0.0002,4.85445268521067,8,0.00014,6.487445487226356,10,6e-05,3.2228192818107764,5,COOK:8000073,COOK:8000073,COOK:MAINE PRECINCT 73,1.0,88.34885706,0.889844589,0.889844589,0.889844589,0.889844589,6.312075407,0.889844589,0.889844589,22.731986423603654,20.996246923122037,9.601408921258038,2.9467308789564584,3.549672247894617,5.573815617492735,2.5786399618478635,31.716349543490026,30.593779156873804,14.438744349425447,4.5405009122037425,4.798711175534642,6.495278449183157,3.2293138553555942,20.41518478979272,22.887824894330084,13.016432838152596,6.231602256496657,3.260029427963866,0.007033865776818731,0.009175068623912045,1.0,0.3,0.2,1.000002244,1.000967731,1.001548369,1.000774184,1.399225816,1.020790841,335.2888305,334.5872669,3.041115326,1.871842711,1.169272614,0.009070136,0.005582777,0.003487359,1564.3,156,1.0000000000000002
COOK:8200003,COOK:8200003,COOK:Niles Precinct 3,,,True,,,,,,,0.746669319,0.055582461,0.023987405,0.170244544,0.002344416,9.55e-07,0.4786,0.8028,0.1972,0.6637,0.1121,0.0033,0.007,0.2029,0.138486524,0.124235228,0.060593977,0.119636149,0.118651651,0.139008885,0.151221368,0.093174343,0.054991877,0.030504887,0.005549851,0.004159899,0.012503696,0.011096422,0.019408745,0.006937799,0.019415388,0.005544009,0.031927675,0.04717425,0.127536897,0.101241811,0.104009715,0.141504486,0.331484469,,-0.249460148,0.230046948,213.0,-0.326315789,190.0,-0.041871921,812.0,53.7,143508,353.6496784,-1.008475612,-0.684622803,-0.828770109,-1.132806093,-0.895698104,-0.913668654,-0.878718395,-0.367298885,-0.895698104,complete,COOK,Niles Precinct 3,0,0,1,Niles,1,0,0,564,376,251,286,215,143,0.51658,30.381398448932906,114,0.46118,29.693732880722468,112,0.02068,15.662522101596444,59,0.0006,6.0249384272381175,23,0.0004,5.129239845498061,19,0.00036,6.470362918565159,24,0.0002,3.293976052724548,12,COOK:8200003,COOK:8200003,COOK:NILES PRECINCT 3,1.0,87.77962632,0.991494484,0.991494484,0.991494484,0.991494484,6.271406773,0.991494484,0.991494484,21.824170370016247,20.424763540980557,10.467180949864353,3.9640755159899,3.782247728555027,5.571245158611028,2.575257339997178,30.119084962373822,29.445692391377147,15.524609234132203,5.938512359004853,5.093069231793956,6.479243010090501,3.2124662532939623,19.50736873620531,22.316341512188604,13.882204866758912,7.248946893530099,3.492604908624276,0.004463406895111708,0.00579244677322677,1.0,0.3,0.2,1.001854798,1.000140512,1.00022482,1.00011241,1.39988759,1.6,702.8715688,700.622016,4.126783068,1.034174428,3.092608641,0.005871319,0.001471356,0.004399963,2148.0,376,1.0000000000000009
COOK:8200030,COOK:8200030,COOK:Niles Precinct 30,,,True,,,,,,,0.523998077,0.088933959,0.008866179,0.380600037,0.007214009,0.001602022,0.4571,0.9038,0.0962,0.6242,0.0287,0.0,0.0146,0.3204,0.040120798,0.121566973,0.077048172,0.1208914,0.211533582,0.139366692,0.109367586,0.075492382,0.104612416,0.027414384,1.29e-05,0.00551169,0.010924054,0.01461203,3.61e-05,0.036402717,0.010939844,0.072808307,0.031017317,0.041860899,0.369294698,0.113015656,0.000190244,0.07468547,0.191273699,,-0.014897334,0.388059701,134.0,-0.184210526,76.0,0.242774566,346.0,48.9,91820,189.9009618,-0.009197154,0.285318542,-0.330012601,-0.227255899,-0.102368323,-0.070286778,-0.154313487,-0.022965041,-0.102368323,complete,COOK,Niles Precinct 30,0,0,1,Niles,1,0,0,224,149,99,173,130,87,0.17474,24.566365495307046,37,0.78894,33.49347640262798,50,0.03452,17.627374934802575,26,0.00076,7.302095196142869,11,0.00026,4.033231622657603,6,0.00058,6.404199691058605,10,0.0002,3.124188644441924,5,COOK:8200030,COOK:8200030,COOK:NILES PRECINCT 30,1.0,70.93049933,4.000313021,4.000313021,4.000313021,4.000313021,5.067622551,4.000313021,4.000313021,19.03478720231088,24.765701339615593,12.97916990183937,5.455814416679299,3.253178213833015,5.575512960876861,2.5818378598411216,24.38941429424369,33.10282292651818,17.54948378771207,7.240161172063282,4.027604107802067,6.383827596472793,3.119363557254363,16.717985568499945,26.65727931082364,16.39419381873393,8.740685794219498,2.963535393902264,0.008731209160945566,0.01237296661717031,1.0,0.3,0.2,1.056752425,1.024061822,1.038498916,1.019249458,1.380750542,1.6,223.8393014,223.5844407,1.531241102,1.019858276,0.511382826,0.006840805,0.004556207,0.002284598,1147.13,149,0.9999999999999999
COOK:8200032,COOK:8200032,COOK:Niles Precinct 32,,,True,,,,,,,0.624334717,0.064145954,0.100066897,0.212999071,0.006277793,3.86e-06,0.3888,0.6903,0.3097,0.7305,0.1227,0.008,0.0447,0.0722,0.100282488,0.065442942,0.06830964,0.10322935,0.101712352,0.17002664,0.188929719,0.135139461,0.06692741,0.061762603,0.173413617,0.01764878,0.032431933,1.9e-05,0.144053153,0.017627112,0.0,0.029406507,0.017705658,0.141103565,0.085324102,0.111726851,0.047117582,0.094162034,0.026497545,,-0.007884172,0.11627907,86.0,-0.162790698,86.0,0.422222222,225.0,57.3,60631,119.1710261,0.020680138,-1.382972567,-0.254833823,0.343623656,-0.345927045,-0.318375649,-0.33321868,-0.110310572,-0.345927045,complete,COOK,Niles Precinct 32,0,0,1,Niles,1,0,0,209,139,93,88,66,44,0.17768,24.954144339582403,35,0.79154,33.778757277516554,47,0.02928,17.33338132100769,24,0.00088,6.891695357683095,10,8e-05,3.9873926015930983,6,0.00046,6.470216579003331,9,8e-05,3.134375966383636,4,COOK:8200032,COOK:8200032,COOK:NILES PRECINCT 32,1.0,78.73513936,2.606606057,2.606606057,2.606606057,2.606606057,5.625224292,2.606606057,2.606606057,19.301281666476797,24.935413713360802,12.72942318535004,5.165338111645797,3.1858168834894296,5.5743181331846285,2.5776145967232926,24.805879094893687,33.421663116072295,17.26271173236833,6.873277107058851,3.944915737851596,6.3858615642328544,3.118369089588828,16.98448003266586,26.82699168456885,16.144447102244598,8.450209489185996,2.8961740635586786,0.007536381468712215,0.008149703499341441,1.0,0.3,0.2,1.086719674,1.000145885,1.000233416,1.000116708,1.399883292,1.6,98.76092634,97.87676406,1.326243416,0.972578505,0.353664911,0.013428827,0.009847807,0.003581021,817.88,139,0.9999999999999999
COOK:8200038,COOK:8200038,COOK:Niles Precinct 38,,,True,,,,,,,0.55488127,0.059780896,0.022866042,0.358862392,0.002410028,0.000801739,0.3801,0.8527,0.1473,0.7848,0.0754,0.0057,0.0063,0.1049,0.067506071,0.07799363,0.075981099,0.119241764,0.120443036,0.105644176,0.184294573,0.17019965,0.078696002,0.007009183,0.006979051,1.36e-05,0.063685222,0.039810141,0.100521702,0.021900507,0.068668939,2.59e-05,0.07367074,0.060749179,0.134450367,0.098644608,0.108568504,0.148410845,0.066891495,,-0.055902759,0.379518072,332.0,-0.177966102,236.0,0.235751295,772.0,58.8,85592,416.3556298,-0.183887409,0.23288683,-0.308096078,-0.249599137,-0.139594815,-0.127173948,-0.175779241,-0.373351333,-0.139594815,complete,COOK,Niles Precinct 38,0,0,1,Niles,1,0,0,624,416,277,326,245,163,0.17852,25.217010207252557,105,0.7951,33.92047501612204,141,0.02528,17.08976268321393,71,0.00054,6.659507501708911,28,0.00022,3.90920727411677,16,0.00032,6.459682098918837,27,2e-05,3.1452286465172263,13,COOK:8200038,COOK:8200038,COOK:NILES PRECINCT 38,1.0,72.33016737,3.750368489,3.750368489,3.750368489,3.750368489,5.167621697,3.750368489,3.750368489,19.47223774890088,25.041775863386285,12.563544741508563,4.967265983094872,3.141431027093917,5.575418493456357,2.5813180810160294,25.078624892688566,33.63079466616386,17.074536608202287,6.623201844428269,3.8917970552723156,6.389305862967079,3.124416512344062,17.155436115089945,26.93335383459433,15.978568658403121,8.252137360635071,2.851788207163166,0.008636741740440374,0.011853187792078272,1.0,0.3,0.2,1.000225552,1.003517608,1.005628173,1.002814087,1.397185913,1.6,898.12689,894.2710592,7.472248265,3.209927107,4.262321158,0.008319814,0.003574024,0.004745789,2269.44,416,0.9999999999999994
COOK:8200046,COOK:8200046,COOK:Niles Precinct 46,,,True,,,,,,,0.582284448,0.04450307,0.011965542,0.36187042,0.002510425,0.001252475,0.4712,0.965,0.035,0.7117,0.0291,0.0,0.003,0.2562,0.113291333,0.089252286,0.096384234,0.109855152,0.111491988,0.167187417,0.128140834,0.0875232,0.096873554,0.055852437,2.16e-06,0.006470195,0.009556532,0.027147815,0.027083578,0.014437781,0.017572271,0.019199786,0.016046958,0.04785545,0.17214535,0.130774025,0.044693953,0.086073807,0.325087904,,-0.056572886,0.454545455,154.0,-0.307189542,153.0,0.27198364,489.0,53.9,116561,284.1084812,-0.186742267,0.693432953,-0.761641285,-0.134332628,-0.154810708,-0.097320806,-0.287674804,-0.302091693,-0.154810708,complete,COOK,Niles Precinct 46,0,0,1,Niles,1,0,0,419,279,186,226,170,113,0.17266,24.551123551174545,68,0.78988,33.39582585887507,93,0.03532,17.604213917381927,49,0.001,7.294295265043896,20,0.0004,4.015612181569112,11,0.00062,6.488184428512701,18,0.00012,3.2313146904961494,9,COOK:8200046,COOK:8200046,COOK:NILES PRECINCT 46,1.0,72.87950956,3.652270173,3.652270173,3.652270173,3.652270173,5.206869396,3.652270173,3.652270173,19.03499600293504,24.766018419813996,12.979390115986934,5.456079012128827,3.2532115785664817,5.575181810943151,2.5812745289372208,24.389595209428357,33.10308922586256,17.5496821743103,7.240466670527378,4.027559741724182,6.383490320201149,3.118794100012528,16.718194369124102,26.657596391022043,16.394414032881492,8.740950389669026,2.9635687586357307,0.008400059227234748,0.011809635713269475,1.0,0.3,0.2,1.014814009,1.009878366,1.015805386,1.007902693,1.392097307,1.6,353.2571028,352.3278424,3.389530651,2.983209999,0.406320652,0.009595081,0.008444869,0.001150212,1499.08,279,0.9999999999999996
COOK:8200050,COOK:8200050,COOK:Niles Precinct 50,,,True,,,,,,,0.54422029,0.085551412,0.021846753,0.345867578,0.00438028,0.001248558,0.2892,0.9113,0.0887,0.8226,0.0428,0.0,0.0,0.1288,0.121725184,0.133269444,0.044343224,0.082488693,0.17036932,0.123057006,0.163706934,0.105117866,0.05592233,0.050267891,0.022629259,0.023871943,0.011377422,0.013845119,0.027677707,0.023887386,0.005039029,0.041480675,0.030244897,0.028937167,0.08555569,0.134589323,0.163441758,0.243922053,0.093232679,,0.021297853,0.098214286,224.0,-0.020134228,149.0,0.245841035,541.0,54.5,125091,267.763328,0.14500065,-1.493860964,0.245858298,-0.217500494,-0.320039863,-0.330125628,-0.204843078,-0.557473437,-0.320039863,complete,COOK,Niles Precinct 50,0,0,1,Niles,1,0,0,402,268,179,223,168,112,0.1735,24.583297034455377,66,0.78966,33.3683428487505,89,0.03498,17.670282135939118,47,0.00098,7.289355968062703,20,0.0002,4.063830406056422,11,0.00054,6.459912013158537,17,0.00014,3.150934444097586,8,COOK:8200050,COOK:8200050,COOK:NILES PRECINCT 50,1.0,78.04798162,2.729314668,2.729314668,2.729314668,2.729314668,5.576130374,2.729314668,2.729314668,19.035174405056015,24.76628933749034,12.979578269979065,5.45668998417249,3.2532400858529913,5.575100417239213,2.5808863992289663,24.38956477166104,33.103017885164,17.54967024722189,7.241153243765509,4.0274889991021015,6.383392625672418,3.11838966947948,16.71837277124508,26.657867308698386,16.394602186873623,8.741561361712689,2.9635972659222403,0.008318665523296964,0.011421506005015333,1.0,0.3,0.2,1.000082996,1.002223774,1.003558039,1.001779019,1.398220981,1.6,308.5570185,307.6973848,1.14676506,0.286913403,0.859851658,0.003716542,0.000929855,0.002786686,2171.59,268,0.9999999999999993
COOK:8200052,COOK:8200052,COOK:Niles Precinct 52,,,True,,,,,,,0.538847116,0.070321273,0.026468854,0.359801209,0.011864546,1.59e-06,0.478,0.9531,0.0469,0.7266,0.0325,0.0,0.0069,0.2259,0.071034516,0.139585265,0.057741246,0.093634418,0.156008837,0.12948926,0.167644827,0.06553631,0.119325321,0.051603613,0.0,4.87e-06,0.010749434,0.032245104,2.67e-05,0.032259367,0.025793349,0.034414821,0.05589836,0.025822482,0.240867121,0.077478055,0.015071789,0.073112129,0.32465284,,-0.053734368,0.45631068,103.0,-0.011494253,87.0,0.24,350.0,55.1,98995,179.202316,-0.174649686,0.704268564,0.276182667,-0.236082667,0.187512955,0.14242972,0.214263544,-0.192403163,0.187512955,complete,COOK,Niles Precinct 52,0,0,1,Niles,1,0,0,228,152,101,156,117,78,0.17508,24.56195309904065,37,0.79084,33.428197361555604,51,0.03236,17.544714520011137,27,0.0009,7.315938463475219,11,0.0002,4.1024530731632325,6,0.0005,6.403046070529844,10,0.00012,3.1605974486568518,5,COOK:8200052,COOK:8200052,COOK:NILES PRECINCT 52,1.0,59.15206759,6.479141021,6.479141021,6.479141021,6.479141021,4.226113654,6.479141021,4.226113654,19.04652455007801,24.77330888493332,12.968470214771074,5.4439826104323625,3.250273530164051,5.575539811379373,2.581394736510178,24.40731904244833,33.11637480621708,17.536901194188204,7.2251375243363976,4.023933588152464,6.383972649887928,3.1190386368360445,16.729722916267075,26.66488685614137,16.383494131665632,8.728853987972562,2.9606307102333,0.008758059663456233,0.011929843286226913,1.0,0.3,0.2,1.018861211,1.070337315,1.112539703,1.056269852,1.343730148,1.6,476.1392699,475.5964984,3.254671089,2.170433409,1.08423768,0.006835544,0.0045584,0.002277144,1656.95,152,0.9999999999999997
COOK:8200060,COOK:8200060,COOK:Niles Precinct 60,,,True,,,,,,,0.59484097,0.057910856,0.066541501,0.275406768,0.013018184,0.001444241,0.351,0.7255,0.2745,0.7815,0.0788,0.0091,0.0588,0.0595,0.09718865,0.079089517,0.066759187,0.115048867,0.089893722,0.158138429,0.180005976,0.121999447,0.091876205,0.060968886,0.129884569,0.018275071,0.061933938,0.007146694,0.119741121,0.010169443,3.14e-05,0.02739284,0.039846066,0.113909919,0.096548687,0.09753334,0.069199864,0.110764383,0.036653759,,-0.124516501,0.203703704,216.0,-0.088495575,226.0,0.482309125,537.0,57.5,63241,312.9353877,-0.476193905,-0.846327483,0.005925347,0.534779034,-0.147242327,-0.195454252,-0.106966407,-0.232537123,-0.147242327,complete,COOK,Niles Precinct 60,0,0,1,Niles,1,0,0,509,339,226,258,194,129,0.17836,24.942859586870693,85,0.79114,33.767963993487385,114,0.0292,17.279112104887886,59,0.00074,6.9219975276017,23,8e-05,3.9648642332169164,13,0.00034,6.452113272810897,22,0.00014,3.1571480853776075,11,COOK:8200060,COOK:8200060,COOK:NILES PRECINCT 60,1.0,72.60789906,3.700772788,3.700772788,3.700772788,3.700772788,5.18746421,3.700772788,3.700772788,19.323596894488468,24.948868061213084,12.70680096452346,5.1374636363843695,3.1798222421610127,5.5747751308313145,2.579192757388167,24.842201828873645,33.44957171121585,17.237599902419056,6.838318561498142,3.9380176059996947,6.3866695718429405,3.1202982602171025,17.00679526067753,26.84044603242113,16.121824881418018,8.422335013924569,2.8901794222302617,0.007993379115398928,0.009727864164215732,1.0,0.3,0.2,1.257072717,1.000097239,1.000155583,1.000077791,1.399922209,1.6,497.1729256,494.5554717,4.533425349,2.757750401,1.775674948,0.009118408,0.005546864,0.003571544,2390.03,339,0.9999999999999997
CITY OF CHICAGO:WARD 40 PRECINCT 15,CITY OF CHICAGO:WARD 40 PRECINCT 15,CITY OF CHICAGO:Ward 40 Precinct 15,,,,,,,,,,0.691882952,0.138821939,0.046805571,0.104928661,0.021959851,0.00077484,0.6629,0.4061,0.5939,0.3131,0.2515,0.0132,0.0263,0.3932,0.094190912,0.033383276,0.16889947,0.267121952,0.162950428,0.164695438,0.059560688,0.028609491,0.020588345,0.033602875,0.00499205,0.010188139,0.03795241,0.059110314,0.00687318,0.006215833,0.061423548,0.023018067,0.064112848,0.056251743,0.097907427,0.146665735,0.051174033,0.120942544,0.219569254,40015.0,0.283296475,0.257142857,140.0,0.164619165,407.0,0.723837209,688.0,38.9,106537,274.0042046,1.26116043,-0.518297985,0.894301149,1.303155997,0.69839397,0.735079898,0.73023822,0.577323902,0.69839397,complete,CITY OF CHICAGO,Ward 40 Precinct 15,1,0,0,,0,0,0,734,489,326,144,108,72,0.0896,18.436951689153126,90,0.47248,26.76828041004712,131,0.42624,26.128728642952826,128,0.0089,11.16842436420884,55,0.0007,5.110153192257559,25,0.0018,6.307434351423395,31,0.00028,3.0132940074564054,15,CITY OF CHICAGO:WARD 40 PRECINCT 15,CITY OF CHICAGO:WARD 40 PRECINCT 15,CITY OF CHICAGO:WARD 40 PRECINCT 15,1.2,36.94649755,11.55484493,11.55484493,11.55484493,11.55484493,2.639638886,11.55484493,2.639638886,15.582108658074212,22.609525146659983,22.529262945514088,10.461714197888682,4.467087985943426,5.570424982327622,2.5754388964719777,18.217273006534878,26.472776858812164,25.84323758422056,11.033419043894618,5.051917166061186,6.229914403290685,2.9641393792523494,13.265307024263276,24.50110311786803,25.944286862408646,13.746585575428881,4.177445166012674,0.0036432306117063686,0.005974003248026468,0.2,0.3,1.0,1.001821548,1.5,1.8,1.4,1.0,1.001560105,372.1985129,331.2662687,86.18701809,60.89443021,25.29258787,0.231561962,0.163607398,0.067954565,1790.911297,489,0.9999999999999999
CITY OF CHICAGO:WARD 40 PRECINCT 16,CITY OF CHICAGO:WARD 40 PRECINCT 16,CITY OF CHICAGO:Ward 40 Precinct 16,,,,,,,,,,0.67034891,0.171483883,0.035321443,0.102119833,0.015107046,0.00367985,0.5692,0.5313,0.4687,0.4158,0.1681,0.0001,0.0331,0.3829,0.068355952,0.084819092,0.125189636,0.258165525,0.173056989,0.119821532,0.102214504,0.034127175,0.034249596,3.51e-10,2.31e-10,0.033218554,0.01003044,0.023845199,2.88e-09,0.00234543,0.079424301,0.0249264,0.09948518,0.036171134,0.138039132,0.13716999,0.061442678,0.14820266,0.205698899,40016.0,0.326490081,0.434920635,315.0,0.265536723,354.0,0.699088146,658.0,41.6,109571,257.6590514,1.445172718,0.572968472,1.248499078,1.224421427,1.10309806,1.122765424,1.12824479,0.338363312,1.10309806,complete,CITY OF CHICAGO,Ward 40 Precinct 16,1,0,0,,0,0,0,671,447,298,156,117,78,0.09184,18.455504221788694,82,0.4885,26.912445297324183,120,0.40794,25.89622909027688,116,0.00864,11.276059488779259,50,0.00076,5.0610663217096565,23,0.00198,6.326550087302595,28,0.00034,2.9989453611913954,13,CITY OF CHICAGO:WARD 40 PRECINCT 16,CITY OF CHICAGO:WARD 40 PRECINCT 16,CITY OF CHICAGO:WARD 40 PRECINCT 16,1.2,22.6838977,14.81496092,14.81496092,14.81496092,14.81496092,1.620648841,14.81496092,1.620648841,15.58213527433036,22.546087644425857,22.20210189712979,10.546341856093314,4.431608257469193,5.570042370723841,2.5750812570324326,18.299663493744138,26.52661236085222,25.573173737668462,11.17844999444755,5.030909934174808,6.234808986526682,2.9690589346525837,13.265333640519424,24.437665615633904,25.617125814024348,13.831213233633513,4.141965437538442,0.0032606190079252848,0.005616363808481534,0.2,0.3,1.0,1.000896062,1.5,1.8,1.4,1.0,1.001037589,341.5990862,303.9978317,77.81055625,55.14576896,22.66478729,0.227783268,0.161434182,0.066349086,1442.84694,447,0.9999999999999999
CITY OF CHICAGO:WARD 40 PRECINCT 19,CITY OF CHICAGO:WARD 40 PRECINCT 19,CITY OF CHICAGO:Ward 40 Precinct 19,,,,,,,,,,0.685831811,0.174298921,0.038719753,0.085215051,0.022328217,0.00241334,0.4928,0.5294,0.4706,0.3934,0.2467,0.0071,0.0272,0.312,0.133370862,0.063410589,0.121482972,0.315232449,0.160515294,0.078147948,0.065369286,0.037553458,0.024917142,0.020501229,0.009303558,0.027616471,0.022964584,0.04082349,0.011058122,0.008255043,0.008333679,0.061983651,0.105646418,0.079809681,0.094719372,0.172538071,0.099477645,0.056313206,0.18065578,40019.0,0.244617689,0.233160622,193.0,0.088161209,397.0,0.620289855,690.0,37.8,101302,308.7748033,1.096382062,-0.665509908,0.625950922,0.973739226,0.460597462,0.507640576,0.484259531,0.334082073,0.460597462,complete,CITY OF CHICAGO,Ward 40 Precinct 19,1,0,0,,0,0,0,735,33,327,136,102,68,0.08892,18.386893948159443,6,0.46966,26.80273657751363,9,0.43076,26.231974923025113,9,0.0077,11.087728904203725,4,0.00084,5.136382224740382,2,0.00182,6.36424870075944,2,0.0003,2.9715390616002404,1,CITY OF CHICAGO:WARD 40 PRECINCT 19,CITY OF CHICAGO:WARD 40 PRECINCT 19,CITY OF CHICAGO:WARD 40 PRECINCT 19,1.2,47.15470991,9.221472573,9.221472573,9.221472573,9.221472573,3.368963614,9.221472573,3.368963614,15.582295462853056,22.635723166420224,22.66283893477121,10.42638388111088,4.481579846254316,5.569760229143252,2.574330202049855,18.18455417550346,26.45203473838694,25.953615890306814,10.97388624414159,5.060528845144568,6.227138256929576,2.960919291653488,13.26549382904212,24.52730113762827,26.077862851665767,13.711255258651079,4.191937026323566,0.0029784774273361493,0.004865308825903634,0.2,0.3,1.0,1.000371731,1.5,1.8,1.4,1.0,1.003063035,465.580744,454.8362011,29.1513435,19.86628165,9.285061856,0.062612863,0.042669895,0.019942968,2155.702375,65,0.5086976051824742
CITY OF CHICAGO:WARD 40 PRECINCT 20,CITY OF CHICAGO:WARD 40 PRECINCT 20,CITY OF CHICAGO:Ward 40 Precinct 20,,,,,,,,,,0.71342699,0.153159543,0.037830372,0.077687512,0.019209586,0.002032058,0.5615,0.4115,0.5885,0.4239,0.2549,0.0095,0.0794,0.2252,0.100614834,0.025387032,0.204512678,0.350935844,0.130848749,0.064937156,0.070331446,0.043549817,0.008882445,0.041514855,0.010578231,0.016249114,0.007025551,0.019353525,0.017640732,0.025214576,0.017112323,0.0474354,0.076204634,0.081372309,0.155253684,0.139623548,0.137715161,0.068317029,0.139389327,40020.0,0.428342713,0.333333333,147.0,-0.083900227,441.0,0.591478697,798.0,35.9,97592,316.501603,1.879082677,-0.050612362,0.022053985,0.882081852,0.497448669,0.683151538,0.365229158,0.463813722,0.497448669,complete,CITY OF CHICAGO,Ward 40 Precinct 20,1,0,0,,0,0,0,1160,773,515,174,131,87,0.08718,18.40544151043237,142,0.46796,26.806997936036602,207,0.43448,26.310469516210233,203,0.00764,11.01731506685018,85,0.00078,5.1540387877572105,40,0.00166,6.331403109488639,49,0.0003,3.0327279149215745,23,CITY OF CHICAGO:WARD 40 PRECINCT 20,CITY OF CHICAGO:WARD 40 PRECINCT 20,CITY OF CHICAGO:WARD 40 PRECINCT 20,1.2,45.5251392,9.593956523,9.593956523,9.593956523,9.593956523,3.252539094,9.593956523,3.252539094,15.582366793282043,22.654660989074124,22.759891032997302,10.40103315140638,4.492107250422581,5.569567646677406,2.5739493329056273,18.16059208080832,26.43660305165022,26.033356373730136,10.930992839110486,5.06673113126264,6.2254046087295585,2.958997356775089,13.265565159471107,24.54623896028217,26.17491494989186,13.68590452894658,4.20246443049183,0.00278589496149006,0.0044844396816762,0.2,0.3,1.0,1.000366713,1.5,1.8,1.4,1.0,1.001837832,684.1071611,659.1939165,55.27444615,34.28501082,20.98943533,0.080797935,0.050116433,0.030681502,2575.624972,773,0.9999999752447936
CITY OF CHICAGO:WARD 41 PRECINCT 28,CITY OF CHICAGO:WARD 41 PRECINCT 28,CITY OF CHICAGO:Ward 41 Precinct 28,,,,,,,,,,0.852636121,0.08716025,0.014264664,0.033653522,0.015195415,0.000491333,0.4313,0.6533,0.3467,0.6743,0.1277,0.0,0.0501,0.1381,0.157038563,0.096756158,0.109407407,0.21331126,0.074965463,0.16827765,0.079500709,0.063756034,0.036986755,0.024331387,0.006216302,0.02589141,0.021067132,0.014400398,0.06273745,0.073135533,0.002869063,0.030511114,0.013272232,0.09222382,0.091129056,0.133269166,0.085424518,0.110061228,0.21346019,41028.0,-0.140610918,-0.023809524,84.0,-0.695067265,446.0,0.243979058,955.0,44.9,107919,399.1189228,-0.544758926,-2.242888724,-2.123004844,-0.22342403,-1.441343723,-1.283519131,-1.609240865,-0.325778325,-1.441343723,complete,CITY OF CHICAGO,Ward 41 Precinct 28,1,0,0,,0,0,0,704,65,313,149,112,75,0.36384,26.12447991617728,17,0.54964,28.596354757259903,19,0.08106,18.812953036220996,12,0.00332,8.679366750329063,6,0.0009,5.087902164767441,3,0.001,6.5059541906317175,4,0.00024,3.141412747383707,2,CITY OF CHICAGO:WARD 41 PRECINCT 28,CITY OF CHICAGO:WARD 41 PRECINCT 28,CITY OF CHICAGO:WARD 41 PRECINCT 28,1.5,91.065444,0.404732384,0.404732384,0.404732384,0.404732384,6.506161694,0.404732384,0.404732384,18.899359386482292,20.66455706528622,14.122423639969352,7.268947885996422,3.9152302332988937,5.567929416844111,2.571366481724476,25.813906889473728,28.178743085268895,18.59967505639075,8.648006487843206,5.029426133018445,6.405135831686863,3.1377839583845373,16.582557752671356,22.55613503649427,17.53744755686391,10.55381926353662,3.6255874133681427,0.0011476651281945552,0.0019015885005250325,0.2,0.3,1.0,1.000000469,1.0,1.0,1.0,1.0,1.12679101,525.9261399,521.9510405,9.267638444,3.420471105,5.847167338,0.017621559,0.00650371,0.011117849,2620.018388,106,0.6091832781645362
CITY OF CHICAGO:WARD 41 PRECINCT 29,CITY OF CHICAGO:WARD 41 PRECINCT 29,CITY OF CHICAGO:Ward 41 Precinct 29,,,,,,,,,,0.876320575,0.072774611,0.012703781,0.029260312,0.011296139,1.16e-11,0.3957,0.9681,0.0319,0.7425,0.058,0.0,0.0936,0.105,0.140132461,0.095796664,0.083418392,0.159457931,0.109438031,0.199110676,0.123130393,0.045379503,0.044135948,0.080090387,4.13e-10,0.026317985,0.009626214,0.001698702,0.01518926,0.022947001,0.003044049,0.021465378,0.001698702,0.032895714,0.058438788,0.084239886,0.109873975,0.133387682,0.399086275,41029.0,-0.117679931,0.022222222,45.0,-0.72875226,553.0,0.155190134,973.0,50.9,162173,398.8217382,-0.447068926,-1.96032866,-2.2412316,-0.505889583,-1.468045959,-1.288629692,-1.658566341,-0.52493792,-1.468045959,complete,CITY OF CHICAGO,Ward 41 Precinct 29,1,0,0,,0,0,0,863,575,383,139,105,70,0.38518,26.60379737743628,153,0.55452,28.787718796930882,166,0.0537,17.47032984788221,100,0.0043,9.380773363315747,54,0.00074,5.020150616747313,29,0.0013,6.5615805567057786,38,0.00026,3.206177565538632,18,CITY OF CHICAGO:WARD 41 PRECINCT 29,CITY OF CHICAGO:WARD 41 PRECINCT 29,CITY OF CHICAGO:WARD 41 PRECINCT 29,1.5,91.15823671,0.388162004,0.388162004,0.388162004,0.388162004,6.51279126,0.388162004,0.388162004,18.8994010162306,20.427150312063738,12.898514513499961,7.588773641281975,3.7824988763133414,5.567787992365209,2.5711240658470054,26.307250058870107,28.420244432073854,17.324893999043105,9.233397984917728,4.9337851115300895,6.430279360166228,3.162826495465335,16.582599382419662,22.318728283271785,16.31353843039452,10.873645018822174,3.4928560563825903,0.0010062406492926895,0.0016591726230539721,0.2,0.3,1.0,1.00000123,1.0,1.0,1.0,1.0,1.314687698,600.5958227,595.7523081,10.897908,4.036262234,6.861645766,0.018145161,0.00672043,0.011424731,1963.464304,575,0.9999999882850177
CITY OF CHICAGO:WARD 41 PRECINCT 30,CITY OF CHICAGO:WARD 41 PRECINCT 30,CITY OF CHICAGO:Ward 41 Precinct 30,,,,,,,,,,0.816991162,0.117419842,0.013211712,0.037370594,0.012476461,2.91e-11,0.3154,0.8291,0.1709,0.8386,0.0913,0.0,0.0,0.0701,0.135765976,0.060369677,0.103575349,0.139512749,0.106488211,0.183555981,0.134493866,0.081668797,0.054569393,0.100598319,0.010798118,0.023329962,0.014563308,0.009593901,0.014405079,0.003894968,0.023235307,0.020708478,0.039596894,0.032321757,0.079360335,0.112131385,0.129859695,0.132866903,0.252735591,41030.0,-0.023287169,0.186206897,145.0,-0.74566474,346.0,0.130998703,771.0,52.3,127977,338.196079,-0.044939313,-0.953729424,-2.3005906,-0.58285015,-1.196092501,-0.970527372,-1.462105146,-0.790004389,-1.196092501,complete,CITY OF CHICAGO,Ward 41 Precinct 30,1,0,0,,0,0,0,528,352,235,141,106,71,0.38336,26.61556842569299,94,0.55462,28.791371333037514,101,0.05536,17.483034925951337,62,0.00434,9.359386709791853,33,0.0007,5.017955435993579,18,0.00126,6.428237363709482,23,0.00036,3.241293105815784,11,CITY OF CHICAGO:WARD 41 PRECINCT 30,CITY OF CHICAGO:WARD 41 PRECINCT 30,CITY OF CHICAGO:WARD 41 PRECINCT 30,1.8,89.97440038,0.599564571,0.599564571,0.599564571,0.599564571,6.42821219,0.599564571,0.599564571,18.899324163770018,20.42701301027985,12.898402469103452,7.588749447928345,3.7824844287463,5.5679829361842845,2.571525717657428,26.307101622365305,28.420010058800994,17.324718260263182,9.233354374077413,4.933794202950613,6.430472540159242,3.1632263834496945,16.582522529959082,22.318590981487898,16.31342638599801,10.873620825468544,3.492841608815549,0.0012011844683682453,0.0020608244334769377,0.2,0.3,1.0,1.000002329,1.0,1.0,1.0,1.0,1.361497555,437.0584538,435.4863011,3.144305472,2.096203609,1.048101864,0.007194245,0.004796163,0.002398082,1895.999977,352,1.0000000000000009
CITY OF CHICAGO:WARD 41 PRECINCT 31,CITY OF CHICAGO:WARD 41 PRECINCT 31,CITY OF CHICAGO:Ward 41 Precinct 31,,,,,,,,,,0.869079097,0.086009151,0.007262446,0.0243495,0.006512171,2.2e-11,0.4514,0.9693,0.0307,0.756,0.0522,0.0,0.0096,0.1821,0.17681259,0.094356381,0.057548589,0.148205739,0.128872126,0.167779593,0.124048349,0.040125549,0.062251083,0.086971911,0.003548198,0.021057107,0.049618988,0.001831684,0.020797798,0.017332629,0.032671553,0.055321098,0.020353727,0.015945934,0.030493585,0.138909063,0.126004786,0.173430176,0.205711765,41031.0,-0.06699621,0.373134328,134.0,-0.751412429,354.0,0.138282387,687.0,51.1,126021,304.0198496,-0.231147443,0.193701023,-2.320763696,-0.559678455,-0.938433768,-0.729472143,-1.256692079,-0.594217625,-0.938433768,complete,CITY OF CHICAGO,Ward 41 Precinct 31,1,0,0,,0,0,0,522,348,232,149,112,75,0.387,26.616611646238418,93,0.553,28.849492023098467,100,0.0536,17.48741682105158,61,0.00434,9.30012341919933,32,0.0009,4.998983661755281,17,0.00074,6.50161678288788,23,0.00042,3.180116425935712,11,CITY OF CHICAGO:WARD 41 PRECINCT 31,CITY OF CHICAGO:WARD 41 PRECINCT 31,CITY OF CHICAGO:WARD 41 PRECINCT 31,1.8,88.17019562,0.921748904,0.921748904,0.921748904,0.921748904,6.299310958,0.921748904,0.921748904,18.89944755073897,20.427233448907558,12.898582356882834,7.588378509816756,3.7825076243797584,5.567526903214831,2.570781651585132,26.307556852451643,28.420637750002594,17.325154780820988,9.232982887700553,4.933818445483277,6.430030457709883,3.162496267897494,16.582645916928033,22.318811420115605,16.313606273777392,10.873249887356955,3.4928648044490074,0.0007451514989150173,0.0013167583611805964,0.2,0.3,1.0,1.000001023,1.0,1.0,1.0,1.0,1.137157487,397.6858638,396.2566187,2.85988795,1.906591939,0.953296011,0.007191324,0.004794216,0.002397108,1634.064495,348,1.0000000000000002
CITY OF CHICAGO:WARD 46 PRECINCT 06,CITY OF CHICAGO:WARD 46 PRECINCT 06,CITY OF CHICAGO:Ward 46 Precinct 06,,,,,,,,,,0.690042503,0.101586336,0.087026634,0.113968037,0.017463241,0.001178532,0.6907,0.3612,0.6388,0.2722,0.4076,0.0,0.019,0.2592,0.06881433,0.018548338,0.288511241,0.325912828,0.09024675,0.079856303,0.056482809,0.054456205,0.017171196,0.043887851,0.015616786,0.015312962,0.044781613,0.01481192,0.005381084,0.025189854,0.041204844,0.018695073,0.05161947,0.07351721,0.233430128,0.108611949,0.074535031,0.091498781,0.141905446,46006.0,0.386278112,0.219251337,187.0,0.026578073,602.0,0.659388646,1145.0,34.6,91063,509.0772262,1.699880147,-0.750890299,0.409807967,1.098124804,0.485223437,0.614230655,0.444338899,0.769695181,0.485223437,complete,CITY OF CHICAGO,Ward 46 Precinct 06,1,0,0,,0,0,0,942,628,419,193,145,97,0.0865,18.377186145195836,115,0.47002,26.813255000717756,168,0.43302,26.260788115364825,165,0.00742,11.051611599295383,69,0.00096,5.14063783314032,32,0.00174,6.3018641880953155,40,0.00034,3.047956135188623,19,CITY OF CHICAGO:WARD 46 PRECINCT 06,CITY OF CHICAGO:WARD 46 PRECINCT 06,CITY OF CHICAGO:WARD 46 PRECINCT 06,1.2,46.06465795,9.470634427,9.470634427,9.470634427,9.470634427,3.291084958,9.470634427,3.291084958,15.582023001584378,22.654046783451808,22.759389813738995,10.40467042620369,4.49204262069488,5.571747220313561,2.5766529076830005,18.158714210977205,26.433548987528436,26.03069625074209,10.934277230791276,5.0663416477401055,6.227491182550283,2.961607931737031,13.265221367773442,24.545624754659855,26.174413730633553,13.68954180374389,4.2023998007641294,0.004965468597645458,0.0071880144590494525,0.2,0.3,1.0,1.000005598,1.5,1.8,1.4,1.0,1.000004587,277.0964869,258.8359443,41.44853283,33.62258591,7.825946925,0.149581589,0.121338911,0.028242678,2505.854466,628,0.9999999427739995
CITY OF CHICAGO:WARD 46 PRECINCT 07,CITY OF CHICAGO:WARD 46 PRECINCT 07,CITY OF CHICAGO:Ward 46 Precinct 07,,,,,,,,,,0.632338287,0.100998888,0.191101781,0.066228447,0.014420394,0.00214187,0.5199,0.2377,0.7623,0.2657,0.3664,0.0106,0.0639,0.2909,0.111882121,0.051369372,0.336129152,0.265739664,0.094940551,0.0656847,0.037330558,0.023995548,0.012928333,0.023654285,0.058171727,0.019492519,0.035163438,0.044733176,0.016308329,0.032280784,0.014384653,0.053684104,0.058516185,0.067771512,0.160489296,0.060732818,0.112862019,0.118640203,0.123114952,46007.0,0.390746289,0.347985348,273.0,0.083333333,312.0,0.687055477,703.0,32.6,86814,339.6820021,1.71891536,0.039327183,0.609006163,1.186141714,0.777356685,0.888347605,0.721488397,0.879225852,0.777356685,complete,CITY OF CHICAGO,Ward 46 Precinct 07,1,0,0,,0,0,0,437,43,194,221,166,111,0.08916,18.414267085636943,8,0.46978,26.805515272113922,12,0.43052,26.288740905612308,11,0.00746,11.030144663070576,5,0.00084,5.160594555124446,2,0.00194,6.295897756127716,3,0.0003,2.965026688843389,1,CITY OF CHICAGO:WARD 46 PRECINCT 07,CITY OF CHICAGO:WARD 46 PRECINCT 07,CITY OF CHICAGO:WARD 46 PRECINCT 07,1.2,33.79761846,12.2746093,12.2746093,12.2746093,12.2746093,2.414667528,12.2746093,2.414667528,15.58247537857429,22.65485498356978,22.76004934118221,10.41335881037125,4.492127663474781,5.5735830248795235,2.5763577350448594,18.156532821143603,26.430154565587067,26.02755584604119,10.94254476955554,5.065601152193647,6.229151257781368,2.961137029764014,13.265673744763355,24.546432954777828,26.175073258076768,13.698230187911449,4.202484843544029,0.006801273163607989,0.00689284182090813,0.2,0.3,1.0,1.000004756,1.5,1.8,1.4,1.0,1.000004858,305.3599641,280.8026981,44.19118997,31.43056521,12.76062476,0.144718349,0.102929555,0.041788794,1983.53456,69,0.6184181131531523
CITY OF CHICAGO:WARD 46 PRECINCT 08,CITY OF CHICAGO:WARD 46 PRECINCT 08,CITY OF CHICAGO:Ward 46 Precinct 08,,,,,,,,,,0.743048896,0.107170274,0.055785781,0.077610777,0.017605012,0.000238423,0.5604,0.2597,0.7403,0.2315,0.3463,0.0108,0.0508,0.3547,0.069789026,0.029856089,0.382978701,0.260571731,0.087162317,0.095218018,0.024563422,0.045464792,0.004395903,0.006651968,0.047645076,0.015239239,0.01130874,0.0114444,0.026418273,0.014704539,0.010446804,0.041392148,0.061150513,0.089703623,0.146257235,0.147075181,0.065134938,0.149519365,0.155907958,46008.0,0.308863547,-0.02739726,146.0,-0.028169014,426.0,0.629459148,869.0,32.2,102998,406.8457225,1.370080612,-2.264911589,0.217658006,1.002909637,-0.033808094,0.081434167,-0.006563326,0.592893398,-0.033808094,complete,CITY OF CHICAGO,Ward 46 Precinct 08,1,0,0,,0,0,0,567,211,252,223,168,112,0.10306,20.377575386402125,43,0.75652,31.238463214801747,66,0.13352,21.531002867214532,45,0.00502,10.11885329876444,21,0.00038,4.080163854993867,9,0.0013,6.355977829154019,13,0.0002,3.023090979604394,6,CITY OF CHICAGO:WARD 46 PRECINCT 08,CITY OF CHICAGO:WARD 46 PRECINCT 08,CITY OF CHICAGO:WARD 46 PRECINCT 08,1.2,68.14061249,4.498514691,4.498514691,4.498514691,4.498514691,4.868299361,4.498514691,4.498514691,16.529960471907422,25.194064442546015,18.03367199944322,9.26217488957872,3.4902828361608242,5.570066253125461,2.574292620800611,20.174113647085115,30.87719712053509,21.399369155020842,10.056053626077988,4.020474366616866,6.276016048619033,3.0094534781114928,14.213158838096485,27.085642413754062,21.44869591633778,12.547046267118919,3.200640016230073,0.0032845014095444383,0.004827727576660157,0.2,0.3,1.0,1.000005894,1.5,1.8,1.4,1.0,1.000007251,446.1335426,413.0226808,55.35030735,36.08472958,19.26557777,0.12406668,0.080883247,0.043183433,2542.125441,244,0.8635393272009693
CITY OF CHICAGO:WARD 46 PRECINCT 10,CITY OF CHICAGO:WARD 46 PRECINCT 10,CITY OF CHICAGO:Ward 46 Precinct 10,,,,,,,,,,0.647933089,0.126523997,0.131519549,0.079232947,0.022647253,0.00055813,0.5874,0.3439,0.6561,0.3528,0.3406,0.0589,0.0266,0.1999,0.037264882,0.082508449,0.274972071,0.223395073,0.067098064,0.135496226,0.107459642,0.01769262,0.054112972,0.098941239,0.057875636,0.041680983,0.063150289,0.035967184,0.00474954,0.020685926,0.016021023,0.030350052,0.07473977,0.107078775,0.087810045,0.113713214,0.030765981,0.167940055,0.048530288,46010.0,0.367219639,0.274725275,273.0,0.199170124,482.0,0.707021792,826.0,36.3,67822,342.6538481,1.618687731,-0.410370531,1.015567244,1.249660855,0.808074276,0.868386325,0.83751046,0.842649646,0.808074276,complete,CITY OF CHICAGO,Ward 46 Precinct 10,1,0,0,,0,0,0,1251,491,556,192,144,96,0.08712,18.3177005934429,90,0.46848,26.792679499748722,132,0.4351,26.311433584400625,129,0.0068,11.010660998187772,54,0.00064,5.188810206917612,25,0.00164,6.316957412997322,31,0.00022,2.9994382016966226,15,CITY OF CHICAGO:WARD 46 PRECINCT 10,CITY OF CHICAGO:WARD 46 PRECINCT 10,CITY OF CHICAGO:WARD 46 PRECINCT 10,1.2,32.61595995,12.54471039,12.54471039,12.54471039,12.54471039,2.330244053,12.54471039,2.330244053,15.582352148848912,22.654634825867667,22.75986968265068,10.408499127551554,4.492104497401691,5.572212691010926,2.575834577839343,18.157987704307693,26.432450601024552,26.029639795431457,10.937963863864196,5.066034649177583,6.22788393980761,2.960716888453337,13.265550515037976,24.546212797075714,26.17489359954524,13.693370505091753,4.20246167747094,0.005430939295010575,0.0063696846153918525,0.2,0.3,1.0,1.000029977,1.5,1.8,1.4,1.0,1.000043985,793.8549282,718.8327554,147.8907302,121.3289131,26.56181704,0.186294403,0.15283512,0.033459283,3007.247694,560,0.8758986274282541
CITY OF CHICAGO:WARD 46 PRECINCT 12,CITY OF CHICAGO:WARD 46 PRECINCT 12,CITY OF CHICAGO:Ward 46 Precinct 12,,,,,,,,,,0.67666562,0.092284982,0.093873627,0.127715221,0.015256825,0.000306031,0.6155,0.4482,0.5518,0.3478,0.39,0.0098,0.0378,0.2022,0.034863091,0.020748937,0.322820279,0.240279226,0.088462855,0.094516009,0.078595467,0.092801084,0.02691305,0.024008738,0.011576043,0.048381134,0.000982866,0.038284845,0.00900891,0.042210703,0.017519468,0.019438734,0.05280348,0.151292947,0.236580968,0.106164262,0.045169681,0.105384287,0.091192935,46012.0,0.343840707,0.507692308,260.0,-0.095320624,577.0,0.620658949,1123.0,35.5,83928,473.1178891,1.519089408,1.019668204,-0.01802904,0.974913431,0.720198656,0.873910501,0.541810748,0.624150933,0.720198656,complete,CITY OF CHICAGO,Ward 46 Precinct 12,1,0,0,,0,0,0,1191,794,529,167,126,84,0.08746,18.315118677765984,145,0.46508,26.743842495546854,212,0.43612,26.31572622175402,209,0.00862,11.036107036235295,88,0.00062,5.1078384308835325,41,0.00182,6.365578044518726,51,0.00028,3.12673344267079,25,CITY OF CHICAGO:WARD 46 PRECINCT 12,CITY OF CHICAGO:WARD 46 PRECINCT 12,CITY OF CHICAGO:WARD 46 PRECINCT 12,1.2,36.06176078,11.75707626,11.75707626,11.75707626,11.75707626,2.576428953,11.75707626,2.576428953,15.581892734237766,22.653814052594033,22.759199894950108,10.405107225601888,4.492018131612692,5.572244453580896,2.5774494026027996,18.158327736357077,26.43290973665579,26.030152298701545,10.934642036928455,5.066281610868965,6.2279740058576945,2.9623900166969084,13.26509110042683,24.54539202380208,26.174223811844666,13.689978603142087,4.202375311681941,0.0054627018649795675,0.007984509378848254,0.2,0.3,1.0,1.000010459,1.5,1.8,1.4,1.0,1.000006884,63.01027362,58.83135383,10.64318539,8.488430096,2.154755295,0.168911906,0.134715017,0.034196888,1968.078649,794,0.999999986276902
CITY OF CHICAGO:WARD 46 PRECINCT 15,CITY OF CHICAGO:WARD 46 PRECINCT 15,CITY OF CHICAGO:Ward 46 Precinct 15,,,,,,,,,,0.550124727,0.114859623,0.202861722,0.123409837,0.019608676,0.001451408,0.6861,0.4693,0.5307,0.2971,0.3984,0.0274,0.0516,0.2104,0.036306473,0.019621372,0.173705247,0.248680654,0.1840235,0.112457798,0.10652082,0.063540007,0.055144129,0.038368983,0.044867524,0.004884149,0.008769139,0.063139656,0.064090116,0.040720608,0.035049917,0.046492066,0.136890547,0.046580155,0.102117787,0.075357415,0.06014332,0.071478793,0.161049826,46015.0,0.110103315,0.258215962,213.0,-0.112135177,651.0,0.602982293,1073.0,42.3,65387,464.7967202,0.523327391,-0.511710865,-0.077044339,0.918678416,0.153275478,0.213312651,0.09520408,1.116955411,0.153275478,complete,CITY OF CHICAGO,Ward 46 Precinct 15,1,0,0,,0,0,0,866,577,385,163,123,82,0.1089,20.494846312195225,118,0.76546,31.321697010397976,181,0.11886,20.93835406562154,121,0.00502,10.42639103584986,60,0.00048,3.979406587301283,23,0.00092,6.317075824199284,36,0.00036,3.0777933354362723,18,CITY OF CHICAGO:WARD 46 PRECINCT 15,CITY OF CHICAGO:WARD 46 PRECINCT 15,CITY OF CHICAGO:WARD 46 PRECINCT 15,1.2,60.59049084,6.150349167,6.150349167,6.150349167,6.150349167,4.328881662,6.150349167,4.328881662,16.529526483243014,25.06867028490631,17.39075808841069,9.441425321072984,3.4205460353773427,5.575185369608051,2.5793476316939885,20.352844450883442,31.012332399496653,20.80701406808442,10.356704198301157,3.9666930199760015,6.291857990710756,3.0252313146140035,14.212724849432078,26.960248256114358,20.805782005305247,12.726296698613183,3.1309032154465917,0.008403617892135399,0.00988273847003735,0.2,0.3,1.0,1.000018149,1.5,1.8,1.4,1.0,1.000010199,142.531368,132.2340533,21.54226663,17.06314153,4.479125095,0.151140531,0.119714992,0.031425539,1968.559374,577,0.9999999928564826
CITY OF CHICAGO:WARD 46 PRECINCT 17,CITY OF CHICAGO:WARD 46 PRECINCT 17,CITY OF CHICAGO:Ward 46 Precinct 17,,,,,,,,,,0.479117422,0.126209537,0.314079612,0.067967876,0.025539095,0.002041643,0.5198,0.3573,0.6427,0.341,0.3319,0.0728,0.0161,0.2174,0.068732423,0.098342759,0.164950359,0.261194695,0.140467018,0.146607505,0.095579882,0.012979992,0.011145367,0.056427606,0.042974122,0.035592797,0.009140064,0.047312849,0.055448619,0.022270828,0.012686207,0.026911628,0.078689912,0.105656219,0.144640936,0.058777904,0.063999432,0.109260201,0.130210677,46017.0,0.034848521,0.420408163,245.0,0.302158273,556.0,0.757635468,1015.0,38.3,76191,404.7654303,0.202728856,0.483885494,1.377032481,1.410678912,0.986011798,0.868581436,1.087702007,1.235392676,0.986011798,complete,CITY OF CHICAGO,Ward 46 Precinct 17,1,0,0,,0,0,0,797,531,354,142,107,71,0.09,18.411055881229686,98,0.47222,26.74311781394921,142,0.42674,26.117547783295613,139,0.0086,11.210582980275138,60,0.0006,5.189844307830517,28,0.0017,6.314229412163734,34,0.00014,3.026937976939702,16,CITY OF CHICAGO:WARD 46 PRECINCT 17,CITY OF CHICAGO:WARD 46 PRECINCT 17,CITY OF CHICAGO:WARD 46 PRECINCT 17,1.2,26.30643866,13.9869279,13.9869279,13.9869279,13.9869279,1.879460924,13.9869279,1.879460924,15.582458895867688,22.624258658387024,22.60248464099959,10.464338285578549,4.475039323498688,5.577048504880727,2.578818367076734,18.19228114626316,26.45015091992719,25.893353404642227,11.02147290489365,5.05462088290035,6.2349086297132725,2.9658895537265884,13.265657262056752,24.51583662959507,26.01750855789415,13.749209663118748,4.1853965035679375,0.010266753164811064,0.009353473852782634,0.2,0.3,1.0,1.000051305,1.5,1.8,1.4,1.0,1.000054762,402.3038733,366.150597,74.2742258,60.17509184,14.09913396,0.184622199,0.149576218,0.035045981,2292.383753,531,0.9999999999999999
CITY OF CHICAGO:WARD 46 PRECINCT 18,CITY OF CHICAGO:WARD 46 PRECINCT 18,CITY OF CHICAGO:Ward 46 Precinct 18,,,,,,,,,,0.508288128,0.120245423,0.260239878,0.099727636,0.019801413,0.001666676,0.5312,0.3856,0.6144,0.4612,0.2867,0.0452,0.0197,0.1812,0.081061317,0.05886911,0.283013745,0.219709575,0.10419457,0.147288282,0.069921681,0.025523016,0.010418705,0.084202037,0.054545145,0.049896944,0.059501507,0.017568273,0.024252306,0.013199888,0.025577479,0.050608214,0.066037643,0.082053652,0.114234048,0.064644783,0.019160114,0.139870494,0.134647473,46018.0,0.162579539,0.172093023,215.0,0.150793651,504.0,0.740659341,910.0,35.8,69983,379.8019236,0.746885249,-1.040365659,0.845776705,1.356672501,0.487131345,0.477242199,0.560838246,0.946179384,0.487131345,complete,CITY OF CHICAGO,Ward 46 Precinct 18,1,0,0,,0,0,0,822,548,365,135,102,68,0.08774,18.389451916045356,101,0.46788,26.806965469004084,147,0.43362,26.310613331341827,144,0.00804,11.06934835484127,61,0.00052,5.109834299929422,28,0.002,6.210268140018854,34,0.0002,3.0117556441697295,17,CITY OF CHICAGO:WARD 46 PRECINCT 18,CITY OF CHICAGO:WARD 46 PRECINCT 18,CITY OF CHICAGO:WARD 46 PRECINCT 18,1.2,45.98038054,9.489898385,9.489898385,9.489898385,9.489898385,3.285063768,9.489898385,3.285063768,15.582157942620517,22.65428786415167,22.759586546372475,10.418610052076591,4.492067988388401,5.576256265862219,2.579312317515565,18.154145802387415,26.42629396058366,26.02416737874288,10.94734411710135,5.065065522156428,6.231696773812027,2.963963887282682,13.265356308809581,24.545865835359717,26.174610463267033,13.70348142961679,4.20242516845765,0.009474514146302874,0.009847424291613754,0.2,0.3,1.0,1.000103063,1.5,1.8,1.4,1.0,1.000098458,373.0660171,340.4490029,68.54861399,55.16324879,13.38536521,0.183743924,0.147864577,0.035879347,2829.196014,548,1.0
CITY OF CHICAGO:WARD 46 PRECINCT 21,CITY OF CHICAGO:WARD 46 PRECINCT 21,CITY OF CHICAGO:Ward 46 Precinct 21,,,,,,,,,,0.551242916,0.124926697,0.21057751,0.10929724,0.017769401,0.005277823,0.3758,0.3525,0.6475,0.3068,0.3683,0.0161,0.0245,0.2802,0.049188688,0.015353048,0.114000021,0.146829769,0.13353189,0.195836847,0.10067425,0.113136668,0.131448821,0.036856648,0.167487173,0.095659015,0.060016261,0.067480422,0.009118268,0.023656504,1.98e-09,0.002981306,0.046709332,0.118328286,0.180506432,0.015780451,0.064928442,0.068101529,0.042389928,46021.0,0.058716841,0.247311828,93.0,0.027777778,288.0,0.684647303,482.0,53.3,57867,214.5672839,0.304412058,-0.578644516,0.414018662,1.178480554,0.34052735,0.329566689,0.357417744,0.570710397,0.34052735,complete,CITY OF CHICAGO,Ward 46 Precinct 21,1,0,0,,0,0,0,504,336,224,129,97,65,0.11024,18.889483139452285,63,0.5376,27.174365067855344,91,0.33518,24.431918511513242,82,0.01368,12.069692195417447,41,0.00078,5.0014317220336775,17,0.00224,6.356451530744467,21,0.00028,3.0382675010779727,10,CITY OF CHICAGO:WARD 46 PRECINCT 21,CITY OF CHICAGO:WARD 46 PRECINCT 21,CITY OF CHICAGO:WARD 46 PRECINCT 21,1.2,52.49142578,8.001616941,8.001616941,8.001616941,8.001616941,3.750244755,8.001616941,3.750244755,15.582067261727529,22.230892164598508,20.578121990371237,10.98471563625733,4.255486060604546,5.575085774115133,2.5788149137846674,18.711917212905757,26.78895902742573,24.193737722538522,11.930545707197313,4.922029825097472,6.2662738727074,2.9992140741942444,13.265265627916593,24.122470135806555,23.993145907265795,14.26958701379753,3.9658432406737947,0.008304022399217754,0.009350020560716312,0.2,0.3,1.0,1.000139496,1.5,1.8,1.4,1.0,1.000052343,114.1151468,107.5335277,15.89714101,13.87202722,2.025113798,0.139307896,0.121561665,0.017746231,2187.745744,336,0.9999999999999997
CITY OF CHICAGO:WARD 47 PRECINCT 02,CITY OF CHICAGO:WARD 47 PRECINCT 02,CITY OF CHICAGO:Ward 47 Precinct 02,,,,,,,,,,0.725247432,0.140075561,0.039855005,0.076813078,0.022298013,0.001201421,0.6426,0.3037,0.6963,0.4013,0.2931,0.0076,0.0016,0.2662,0.077051974,0.038046617,0.183745784,0.385129285,0.108009756,0.099188681,0.061530717,0.039489788,0.007807398,0.050011073,0.008275425,0.001420132,0.002021842,0.017426364,0.016185879,0.018087778,0.042316628,0.006396735,0.12258447,0.1341636,0.117151201,0.109067242,0.080478247,0.127678239,0.146735145,47002.0,0.228419931,0.455445545,202.0,0.142118863,387.0,0.671428571,700.0,36.0,92309,315.6100492,1.027376791,0.698958042,0.815330151,1.136427601,0.898318482,0.919523146,0.877479883,0.455765884,0.898318482,complete,CITY OF CHICAGO,Ward 47 Precinct 02,1,0,0,,0,0,0,653,1,290,186,140,93,0.08778,18.373854646605462,0,0.46948,26.862315407620095,0,0.4327,26.285371803392866,0,0.00714,11.021593358288865,0,0.00064,5.117564970933369,0,0.00202,6.368163188658915,0,0.00024,2.9865428652351165,0,CITY OF CHICAGO:WARD 47 PRECINCT 02,CITY OF CHICAGO:WARD 47 PRECINCT 02,CITY OF CHICAGO:WARD 47 PRECINCT 02,1.2,29.29795905,13.30313227,13.30313227,13.30313227,13.30313227,2.093189804,13.30313227,2.093189804,15.58237507935699,22.65467579267135,22.759903113394728,10.401201738286225,4.492108808129679,5.569604569419595,2.573946212783234,18.160548857173243,26.43653567010512,26.033294187036653,10.931153129784311,5.066716686343039,6.225438103221567,2.958990808402515,13.265573445546053,24.546253763879395,26.174927030289286,13.686073115826424,4.202465988198928,0.0028228177036789337,0.004481319559282966,0.2,0.3,1.0,1.000172928,1.5,1.8,1.4,1.0,1.000635693,348.9292569,334.6849957,25.72168578,14.63729678,11.084389,0.073716048,0.041949182,0.031766866,1740.223224,6,0.2367080415808751
CITY OF CHICAGO:WARD 47 PRECINCT 05,CITY OF CHICAGO:WARD 47 PRECINCT 05,CITY OF CHICAGO:Ward 47 Precinct 05,,,,,,,,,,0.666584681,0.120742447,0.072422322,0.129249424,0.013845971,0.002246661,0.462,0.1293,0.8707,0.3241,0.3926,0.012,0.0521,0.1787,0.073983332,0.027770731,0.175858892,0.385631755,0.132652934,0.070688495,0.065603124,0.056903911,0.010906826,0.083706657,0.094531821,0.027730268,0.037874067,0.021677437,0.021679996,1.32e-09,0.066849329,0.012613283,0.023465916,0.113380886,0.204592102,0.077865118,0.089756573,0.038591703,0.085684844,47005.0,0.104371751,0.31884058,276.0,0.359605911,609.0,0.78388998,1018.0,36.3,74536,397.9301844,0.49890993,-0.139574298,1.578660768,1.49420279,0.966024881,0.858049797,1.110147075,0.563578495,0.966024881,complete,CITY OF CHICAGO,Ward 47 Precinct 05,1,0,0,,0,0,0,1019,679,453,196,147,98,0.08732,18.329262783615103,124,0.46618,26.741406657723232,182,0.43622,26.35180706910976,179,0.00724,11.115509588759004,75,0.00078,5.119486969615658,35,0.00204,6.298858441487079,43,0.00022,3.0691894151781653,21,CITY OF CHICAGO:WARD 47 PRECINCT 05,CITY OF CHICAGO:WARD 47 PRECINCT 05,CITY OF CHICAGO:WARD 47 PRECINCT 05,1.2,26.96748133,13.83582811,13.83582811,13.83582811,13.83582811,1.926689053,13.83582811,1.926689053,15.581878196238277,22.653788079538007,22.759178699774743,10.403382726796721,4.492015398600364,5.571680925227741,2.5771089704975645,18.158896870749793,26.43381398086085,26.03096553868567,10.93302590523909,5.06643983527958,6.227448102082162,2.9620872091692942,13.26507656242734,24.545366050746054,26.1742026166693,13.68825410433692,4.202372578669612,0.004899173511825091,0.007644077273613185,0.2,0.3,1.0,1.000277738,1.5,1.8,1.4,1.0,1.000264393,593.114351,515.8859215,148.8964127,106.8841471,42.01226559,0.251041663,0.180208331,0.070833332,2842.392935,679,0.9999999972636666
CITY OF CHICAGO:WARD 47 PRECINCT 06,CITY OF CHICAGO:WARD 47 PRECINCT 06,CITY OF CHICAGO:Ward 47 Precinct 06,,,,,,,,,,0.642621722,0.120080663,0.070356097,0.141371992,0.018356167,0.003918421,0.6466,0.2884,0.7116,0.3761,0.3768,0.0089,0.0103,0.2107,0.105751045,0.01495132,0.179767825,0.297357314,0.202521378,0.100568816,0.046770069,0.035429207,0.016883024,0.074100489,0.049507736,0.004266212,0.037535648,0.026467839,0.008786073,1.17e-09,0.056950218,0.021217876,0.043495015,0.124466374,0.234555592,0.055254556,0.098364081,0.070950102,0.094082189,47006.0,0.183342881,0.210084034,238.0,0.382524272,515.0,0.789221557,835.0,37.8,80671,368.8060932,0.835340704,-0.807162632,1.65909906,1.511164217,0.881986173,0.799610337,1.053883917,0.580976123,0.881986173,complete,CITY OF CHICAGO,Ward 47 Precinct 06,1,0,0,,0,0,0,735,490,327,207,156,104,0.08836,18.381068688550307,90,0.47314,26.840485794547387,132,0.4277,26.193112983655954,128,0.0079,11.077594854093316,54,0.00064,5.113802888551488,25,0.00172,6.34079394607186,31,0.00054,3.084972322073895,15,CITY OF CHICAGO:WARD 47 PRECINCT 06,CITY OF CHICAGO:WARD 47 PRECINCT 06,CITY OF CHICAGO:WARD 47 PRECINCT 06,1.2,29.88086603,13.16989258,13.16989258,13.16989258,13.16989258,2.134835536,13.16989258,2.134835536,15.581763323638368,22.63477246604049,22.662063120741042,10.428460860986313,4.48147980889804,5.571893581698262,2.577654723196873,18.18287222391295,26.449260257744342,25.951252309539186,10.97565049050859,5.060257564127946,6.229206196458749,2.9641783997746693,13.264961689827432,24.52635043724854,26.0770870376356,13.713332238526512,4.191836988967289,0.00511182998234622,0.008189829972921794,0.2,0.3,1.0,1.000407642,1.5,1.8,1.4,1.0,1.000248681,286.60711,249.2884764,71.95032605,51.64898939,20.30133666,0.251041665,0.180208333,0.070833332,1705.935597,490,1.0000000000000007
CITY OF CHICAGO:WARD 48 PRECINCT 02,CITY OF CHICAGO:WARD 48 PRECINCT 02,CITY OF CHICAGO:Ward 48 Precinct 02,,,,,,,,,,0.524633749,0.079893467,0.126497984,0.247669728,0.01731025,2.37e-10,0.2801,0.4145,0.5855,0.2604,0.3507,0.005,0.188,0.1846,0.027855147,0.380222773,0.263231156,0.073816148,0.040389971,0.044568244,0.05013927,0.079387177,0.040389964,0.128440347,0.041284401,0.032110095,0.036697246,0.036697243,0.013761466,0.027522932,0.013761466,0.091743099,0.059633021,0.14678897,0.12385319,0.07339448,0.027522935,0.082568791,0.064220171,48002.0,0.493100537,0.563636364,110.0,-0.011363636,176.0,0.734265734,286.0,28.8,61875,124.520349,2.15496229,1.363073733,0.276641103,1.336332422,1.094920268,1.282752387,0.893698011,0.882590481,1.094920268,complete,CITY OF CHICAGO,Ward 48 Precinct 02,1,0,0,,0,0,0,309,206,137,98,74,49,0.05156,16.474710742333308,34,0.1942,22.406552355013485,46,0.74584,30.260159975270696,62,0.00322,9.583248855291094,20,0.00294,9.28884319001957,19,0.00208,6.378932213402594,13,0.00016,3.1691745535050386,7,CITY OF CHICAGO:WARD 48 PRECINCT 02,CITY OF CHICAGO:WARD 48 PRECINCT 02,CITY OF CHICAGO:WARD 48 PRECINCT 02,1.2,22.92303626,14.76029912,14.76029912,14.76029912,14.76029912,1.637734072,14.76029912,1.637734072,14.395091413979276,18.173967905486712,24.9388750617722,8.696315709477897,7.596224285113793,5.575827482084915,2.583875299126165,16.18109831132141,22.019076573756212,29.76846625826284,9.383432069947952,9.16247367695855,6.280435836480459,3.0176947153390175,12.07828978016834,20.06554587669476,28.35389897866676,11.981187087018096,7.306581465183043,0.009045730368999723,0.01441040590221385,0.2,0.3,1.0,1.014378169,1.5,1.8,1.4,1.0,1.000331602,38.6774361,36.63060277,4.275354298,3.114135969,1.16121833,0.110538721,0.080515574,0.030023146,362.9227151,206,0.9999998504760115
CITY OF CHICAGO:WARD 48 PRECINCT 03,CITY OF CHICAGO:WARD 48 PRECINCT 03,CITY OF CHICAGO:Ward 48 Precinct 03,,,,,,,,,,0.472845026,0.143584212,0.212578016,0.166577827,0.015423083,0.00306252,0.4876,0.1557,0.8443,0.387,0.3679,0.0056,0.06,0.1557,0.070592077,0.042168997,0.279813701,0.238590443,0.09527809,0.102409078,0.096212696,0.054310599,0.020624317,0.077034966,0.08215671,0.038228751,0.042918696,0.026256827,0.03798784,0.079290192,0.039578673,0.049169828,0.077564296,0.135312442,0.141097268,0.045955999,0.032904665,0.047497283,0.047045563,48003.0,0.23483683,0.079812207,213.0,0.113043478,230.0,0.795652174,460.0,36.0,53530,211.2982532,1.054713899,-1.606819804,0.713282089,1.531622036,0.389056374,0.423199555,0.447072881,0.969638958,0.389056374,complete,CITY OF CHICAGO,Ward 48 Precinct 03,1,0,0,,0,0,0,483,322,215,184,138,92,0.08946,18.34350797935643,59,0.47086,26.810070585693452,86,0.4289,26.260003202024475,85,0.00808,11.096264743825225,36,0.00072,5.158725163970958,17,0.00162,6.3828105863576425,21,0.00036,2.9883563461494074,10,CITY OF CHICAGO:WARD 48 PRECINCT 03,CITY OF CHICAGO:WARD 48 PRECINCT 03,CITY OF CHICAGO:WARD 48 PRECINCT 03,1.2,50.33519327,8.494484172,8.494484172,8.494484172,8.494484172,3.596192935,8.494484172,3.596192935,15.581524474922546,22.653156134024687,22.75866300397195,10.414272059798499,4.491948902194332,5.576418389138453,2.58162099812589,18.154497466320354,26.426740301664815,26.024706716237638,10.943081415553959,5.065374329676755,6.23193177090409,2.9663454417088366,13.26472284111161,24.544734105232735,26.17368692086651,13.699143437338698,4.202306082263582,0.009636637422537741,0.012156104901938537,0.2,0.3,1.0,1.002170401,1.5,1.8,1.4,1.0,1.000319608,201.9950768,190.8006232,27.57192157,21.92610904,5.645812536,0.136497988,0.10854774,0.027950248,1484.467619,322,1.0000000000000004
CITY OF CHICAGO:WARD 48 PRECINCT 04,CITY OF CHICAGO:WARD 48 PRECINCT 04,CITY OF CHICAGO:Ward 48 Precinct 04,,,,,,,,,,0.556649334,0.155132126,0.156714512,0.132713924,0.019999688,0.002543108,0.4594,0.3271,0.6729,0.3344,0.4775,0.0303,0.0308,0.1046,0.035965887,0.0567077,0.090777311,0.183302396,0.087189768,0.178071144,0.161717873,0.069022453,0.137245467,0.115918026,0.085547335,0.077379532,0.076529098,0.041328327,0.019259023,0.046599993,0.041027131,0.023697961,0.021584116,0.125375144,0.099488382,0.110428306,0.05915768,0.011213874,0.045466072,48004.0,0.356888962,0.3203125,256.0,0.126934985,323.0,0.811394892,509.0,54.4,44563,230.9124371,1.574677247,-0.130539103,0.762038154,1.581704584,0.865706311,0.946970221,0.828719898,0.643815448,0.865706311,complete,CITY OF CHICAGO,Ward 48 Precinct 04,1,0,0,,0,0,0,533,355,237,166,125,83,0.10948,18.961267697749427,67,0.53582,27.152742009415643,96,0.3381,24.484916027456816,87,0.01334,12.056204892574849,43,0.00086,4.971718812428175,18,0.00198,6.362359091035796,23,0.00042,3.1234925815938768,11,CITY OF CHICAGO:WARD 48 PRECINCT 04,CITY OF CHICAGO:WARD 48 PRECINCT 04,CITY OF CHICAGO:WARD 48 PRECINCT 04,1.2,30.46976045,13.03528429,13.03528429,13.03528429,13.03528429,2.17690904,13.03528429,2.17690904,15.58184536688047,22.230495735413186,20.577798486425625,10.980229354728362,4.255444346381541,5.574106906905423,2.578905331705057,18.71312271356886,26.7907995169173,24.195297769101323,11.926250077015828,4.9224169138566545,6.265390482494762,2.9993999691117064,13.265043733069534,24.122073706621233,23.992822403320183,14.26510073226856,3.9658015264507895,0.007325155189506832,0.009440438481105587,0.2,0.3,1.0,1.000305154,1.5,1.8,1.4,1.0,1.000094105,112.9759985,105.7849381,17.82221652,14.6507681,3.171448424,0.157752237,0.129680359,0.028071878,1414.391135,355,1.0
CITY OF CHICAGO:WARD 48 PRECINCT 05,CITY OF CHICAGO:WARD 48 PRECINCT 05,CITY OF CHICAGO:Ward 48 Precinct 05,,,,,,,,,,0.826168164,0.03738319,0.042990675,0.085981335,0.007476638,6.23e-10,0.6751,0.119,0.881,0.4133,0.3761,0.0139,0.0268,0.17,0.010327025,0.041308087,0.15662651,0.125645459,0.053356298,0.172117038,0.158347665,0.166953513,0.115318405,0.051391876,0.049250535,0.044967875,0.034261244,0.017130623,0.072805132,0.036402571,0.143468925,0.094218406,0.066381154,0.132762307,0.115631699,0.021413295,0.012847974,0.036402569,0.070663815,48005.0,0.266367925,0.516908213,207.0,-0.125506073,247.0,0.621621622,296.0,57.0,47670,117.9822877,1.189041857,1.076238874,-0.123973176,0.977975997,0.648519385,0.779820888,0.467760572,0.179763771,0.648519385,complete,CITY OF CHICAGO,Ward 48 Precinct 05,1,0,0,,0,0,0,338,225,150,85,64,43,0.11606,19.251553917029508,43,0.55292,27.502253727179095,62,0.31638,24.195500035752577,54,0.0115,11.673948890019977,26,0.00076,4.963228669031429,11,0.00194,6.329325638700251,14,0.00044,3.0684269323948383,7,CITY OF CHICAGO:WARD 48 PRECINCT 05,CITY OF CHICAGO:WARD 48 PRECINCT 05,CITY OF CHICAGO:WARD 48 PRECINCT 05,1.2,39.0098614,11.08320543,11.08320543,11.08320543,11.08320543,2.787055713,11.08320543,2.787055713,15.777881349078651,22.376395582198146,20.32125469613155,10.585149290792096,4.196692905858571,5.569896317536302,2.574449761107915,19.051456438369627,27.10716662267679,23.997292731968408,11.51874733393379,4.870907825034461,6.266670992347224,3.0004354977361456,13.461079715267715,24.267973553406193,23.73627861302611,13.870020668332295,3.90705008592782,0.0031145658203859854,0.004984867883963575,0.2,0.3,1.0,1.001712776,1.5,1.8,1.4,1.0,1.000201894,83.33127375,76.58348709,12.29029556,9.502725114,2.787570446,0.147487192,0.11403552,0.033451672,617.168627,225,0.9999999999999997
CITY OF CHICAGO:WARD 48 PRECINCT 06,CITY OF CHICAGO:WARD 48 PRECINCT 06,CITY OF CHICAGO:Ward 48 Precinct 06,,,,,,,,,,0.48691272,0.131148339,0.230130061,0.144306018,0.017406268,0.003391467,0.4347,0.2359,0.7641,0.3227,0.4363,0.0113,0.0416,0.1848,0.061343306,0.038226563,0.258019268,0.215424239,0.121873708,0.146088235,0.093284406,0.050248448,0.015491825,0.071816297,0.050090693,0.034061304,0.04418292,0.058374365,0.044880919,0.054039836,0.018820079,0.027666993,0.064633496,0.101343013,0.169265651,0.075631439,0.058428719,0.049238559,0.077525717,48006.0,-0.026372211,0.155963303,218.0,0.225,400.0,0.795163585,703.0,37.9,64652,293.3212039,-0.058082129,-1.13937591,1.106224298,1.530067681,0.476139128,0.359708485,0.62544229,0.873772313,0.476139128,complete,CITY OF CHICAGO,Ward 48 Precinct 06,1,0,0,,0,0,0,828,552,368,177,133,89,0.08746,18.317845368907637,101,0.47254,26.82464716654437,148,0.42978,26.182544419270148,145,0.00748,11.139357689884827,61,0.0007,5.179174699572843,29,0.00184,6.31359787198896,35,0.0002,2.994191398717801,17,CITY OF CHICAGO:WARD 48 PRECINCT 06,CITY OF CHICAGO:WARD 48 PRECINCT 06,CITY OF CHICAGO:WARD 48 PRECINCT 06,1.2,46.46630354,9.378827096,9.378827096,9.378827096,9.378827096,3.319780489,9.378827096,3.319780489,15.581735521014796,22.632371496603078,22.649904073803445,10.444358148504751,4.480160332919786,5.576410993861101,2.5808841698651976,18.18143371336525,26.444123126792952,25.934966186243486,10.992907251592353,5.0582956383243385,6.233633643963326,2.9673178817847314,13.26493388720386,24.523949467811125,26.064927990698003,13.72922952604495,4.190517512989035,0.009629242145185162,0.011419276641246524,0.2,0.3,1.0,1.001444699,1.5,1.8,1.4,1.0,1.00028682,332.6062305,297.3281899,69.619947,51.727372,17.892575,0.209316425,0.155521356,0.053795069,2372.686339,552,0.9999999999999999
CITY OF CHICAGO:WARD 48 PRECINCT 09,CITY OF CHICAGO:WARD 48 PRECINCT 09,CITY OF CHICAGO:Ward 48 Precinct 09,,,,,,,,,,0.53352715,0.096929771,0.098501618,0.258618198,0.010510748,0.000926944,0.5731,0.6432,0.3568,0.4014,0.3632,0.0202,0.0426,0.1614,0.064279328,0.086804877,0.113462404,0.182464974,0.124772247,0.108961881,0.127327898,0.140724974,0.051201418,0.15533084,0.038073441,0.074504147,0.015157444,0.011941062,0.064053939,0.02106601,0.026532646,0.036596299,0.019064144,0.061955564,0.097143806,0.07388239,0.084636884,0.10085749,0.119203894,48009.0,-0.068026353,0.238709677,155.0,-0.022988506,174.0,0.526479751,321.0,48.6,69123,136.7049177,-0.235536032,-0.631447735,0.235840424,0.675299717,0.058176739,0.011039094,0.103137005,0.589081824,0.058176739,complete,CITY OF CHICAGO,Ward 48 Precinct 09,1,0,0,,0,0,0,231,154,103,102,77,51,0.11826,21.061986142192485,32,0.79024,31.75101254939775,49,0.0832,19.535527561202557,30,0.00652,11.09769407814477,17,0.00036,3.819626938003055,6,0.00106,6.442306214186183,10,0.00036,3.0602618963808212,5,CITY OF CHICAGO:WARD 48 PRECINCT 09,CITY OF CHICAGO:WARD 48 PRECINCT 09,CITY OF CHICAGO:WARD 48 PRECINCT 09,1.2,64.43695401,5.271132461,5.271132461,5.271132461,5.271132461,4.603691844,5.271132461,4.603691844,16.528245258344352,24.767766412580617,15.849839012018162,9.834285718967951,3.2533955109377013,5.575291437871096,2.5838632170680973,20.807776032881872,31.36815210202375,19.365908365352617,11.057916225569546,3.836592869653972,6.319274502785179,3.05705734379949,14.211443624533416,26.659344383788664,19.26486292891272,13.11915709650815,2.9637526910069503,0.008509686155179564,0.01439832384414614,0.2,0.3,1.0,1.00088031,1.5,1.8,1.4,1.0,1.000159361,200.448039,192.9017599,27.3552618,23.11047979,4.244782007,0.136470588,0.115294118,0.021176471,922.9999896,154,1.0000000000000002
CITY OF CHICAGO:WARD 48 PRECINCT 10,CITY OF CHICAGO:WARD 48 PRECINCT 10,CITY OF CHICAGO:Ward 48 Precinct 10,,,,,,,,,,0.767646283,0.094493758,0.03231995,0.08582097,0.018741121,0.000455716,0.6153,0.4337,0.5663,0.3229,0.294,0.0228,0.0,0.342,0.133701156,0.039997976,0.171083875,0.176384069,0.196310461,0.101713211,0.133509264,0.029014988,0.018285001,0.009078375,0.005447024,0.011551458,0.062460828,2.35e-09,0.037239355,0.021347492,0.034351494,0.007625834,0.081681158,0.10942736,0.146017917,0.086782263,0.06356745,0.075170555,0.248251434,48010.0,0.035760997,0.438016529,363.0,0.234714004,507.0,0.723378213,817.0,42.8,95509,309.6663571,0.206616163,0.591972227,1.140318267,1.301695786,0.903520821,0.810150611,0.969554353,0.355689439,0.903520821,complete,CITY OF CHICAGO,Ward 48 Precinct 10,1,0,0,,0,0,0,779,519,346,192,144,96,0.09198,18.499619929320684,96,0.49052,26.92564419348034,140,0.40506,25.75538888049168,134,0.00974,11.339869535406653,59,0.00088,5.132507573668745,27,0.0016,6.348796774978181,33,0.00022,3.0335999722264377,16,CITY OF CHICAGO:WARD 48 PRECINCT 10,CITY OF CHICAGO:WARD 48 PRECINCT 10,CITY OF CHICAGO:WARD 48 PRECINCT 10,1.2,29.11395858,13.34519072,13.34519072,13.34519072,13.34519072,2.080043908,13.34519072,2.080043908,15.582289721207323,22.51814799405132,22.056904910903828,10.584242109937737,4.415866300044472,5.569595409232414,2.574235797427728,18.336660228582893,26.550948629209262,25.45272573048721,11.24354709437579,5.02150381286589,6.236720248266376,2.970571698279001,13.265488087396387,24.409725965259366,25.471928827798386,13.869113487477936,4.126223480113722,0.00281365751649784,0.004770904203776825,0.2,0.3,1.0,1.000932833,1.5,1.8,1.4,1.0,1.000613243,259.4616441,228.629344,62.97105354,47.81619404,15.1548595,0.242698892,0.184290029,0.058408863,1102.502713,519,1.0
CITY OF CHICAGO:WARD 48 PRECINCT 11,CITY OF CHICAGO:WARD 48 PRECINCT 11,CITY OF CHICAGO:Ward 48 Precinct 11,,,,,,,,,,0.730795001,0.071363727,0.058764671,0.114495094,0.011982851,0.000369325,0.6107,0.3958,0.6042,0.3593,0.3075,0.0184,0.0,0.2986,0.115633768,0.038859447,0.138920995,0.201894422,0.188587147,0.109403661,0.12869119,0.047541372,0.030467998,0.0277141,0.010580461,0.009123686,0.043485418,5.14e-10,0.047537619,0.025272809,0.049362358,0.014478525,0.079492826,0.079055334,0.150289619,0.096009914,0.054433843,0.076827869,0.236335619,48011.0,0.276451883,0.42081448,221.0,0.008695652,345.0,0.637383178,535.0,43.7,93946,210.703884,1.232001275,0.48637962,0.347044692,1.028118475,0.684890357,0.773386015,0.599622092,0.353455191,0.684890357,complete,CITY OF CHICAGO,Ward 48 Precinct 11,1,0,0,,0,0,0,597,398,265,117,88,59,0.0956,18.55063628316661,74,0.4934,26.914445052893317,107,0.39868,25.58560826090983,102,0.00912,11.358633050141112,45,0.0008,5.089946559678632,20,0.0022,6.345986456659592,25,0.0002,3.058628864395738,12,CITY OF CHICAGO:WARD 48 PRECINCT 11,CITY OF CHICAGO:WARD 48 PRECINCT 11,CITY OF CHICAGO:WARD 48 PRECINCT 11,1.2,37.49986594,11.42835712,11.42835712,11.42835712,11.42835712,2.679174235,11.42835712,2.679174235,15.582018007229397,22.496500875216256,21.94744215732725,10.614631363298347,4.403986976245916,5.570971466123292,2.576132198259999,18.36310269700845,26.566971768767793,25.360204982534633,11.29421080697441,5.0141903943324415,6.239812499247348,2.974184293201365,13.265216373418461,24.388078846424303,25.362466074221807,13.899502740838546,4.114344156315165,0.004189714407375954,0.006667305036047548,0.2,0.3,1.0,1.001145535,1.5,1.8,1.4,1.0,1.000490008,282.6899593,249.0973962,68.60853999,52.09694111,16.51159889,0.242698892,0.18429003,0.058408862,1206.669444,398,1.0000000000000004
CITY OF CHICAGO:WARD 48 PRECINCT 15,CITY OF CHICAGO:WARD 48 PRECINCT 15,CITY OF CHICAGO:Ward 48 Precinct 15,,,,,,,,,,0.456730634,0.148611216,0.224471631,0.16575554,0.014541005,0.001873238,0.3965,0.0689,0.9311,0.2768,0.549,0.0144,0.0377,0.1222,0.072854233,0.051557373,0.282075886,0.208459624,0.093736998,0.08514885,0.113309609,0.063280915,0.029576511,0.069988267,0.10774014,0.050673452,0.028490554,0.016895869,0.04754473,0.08906755,0.044441118,0.048593649,0.081832629,0.142552495,0.120383748,0.046770601,0.027356055,0.044612287,0.033056856,48015.0,0.227813285,0.306930693,101.0,0.292775665,263.0,0.851239669,484.0,36.5,49647,215.4588377,1.024792373,-0.212681636,1.344101637,1.708463379,0.998099865,0.966168938,1.073686404,0.922503832,0.998099865,complete,CITY OF CHICAGO,Ward 48 Precinct 15,1,0,0,,0,0,0,414,276,184,180,135,90,0.08736,18.336735349610272,51,0.46786,26.777246641156683,74,0.43332,26.27479417588694,73,0.00814,11.055542140524329,31,0.00064,5.0965924687534,14,0.00222,6.308345065134036,17,0.00046,3.0629510800841224,8,CITY OF CHICAGO:WARD 48 PRECINCT 15,CITY OF CHICAGO:WARD 48 PRECINCT 15,CITY OF CHICAGO:WARD 48 PRECINCT 15,1.2,25.91265775,14.07693754,14.07693754,14.07693754,14.07693754,1.851327285,14.07693754,1.851327285,15.581532266856197,22.653170054807212,22.7586743639531,10.415227976981651,4.491950367007339,5.576731467738808,2.581811119303033,18.154181566899748,26.426238348454323,26.024255339389754,10.943976905168471,5.0652865937217415,6.232223987525437,2.9665147009069712,13.26473063304526,24.54474802601526,26.17369828084766,13.70009935452185,4.202307547076589,0.009949716022892307,0.012346226079081486,0.2,0.3,1.0,1.002997449,1.5,1.8,1.4,1.0,1.000355442,202.6057005,191.357105,27.65867643,21.99348928,5.665187154,0.136514799,0.108553161,0.027961638,1825.999982,276,1.0000000000000004
CITY OF CHICAGO:WARD 48 PRECINCT 17,CITY OF CHICAGO:WARD 48 PRECINCT 17,CITY OF CHICAGO:Ward 48 Precinct 17,,,,,,,,,,0.508076355,0.066079294,0.146842873,0.255506595,0.016152716,1.07e-11,0.5991,0.4475,0.5525,0.3177,0.3272,0.0498,0.0239,0.2561,0.031645568,0.003797471,0.069620254,0.206329106,0.132911387,0.203797461,0.137974681,0.11898734,0.094936709,0.099650347,0.02797203,0.043706293,0.066433563,0.019230769,0.047202797,0.017482517,0.034965037,0.04020979,0.083916079,0.066433569,0.096153845,0.24825173,0.026223776,0.019230769,0.062937063,48017.0,-0.002077177,0.106382979,235.0,-0.096774194,124.0,0.594059406,202.0,53.2,64342,91.53285795,0.045418949,-1.443718473,-0.023130744,0.8902919,-0.139639561,-0.132784592,-0.117708791,0.826279826,-0.139639561,complete,CITY OF CHICAGO,Ward 48 Precinct 17,1,0,0,,0,0,0,257,171,114,75,57,38,0.11814,21.008232969939012,36,0.79122,31.658958852584497,54,0.08226,19.506515963443068,33,0.00682,11.176432907162463,19,0.00034,3.9268525736643802,7,0.00086,6.4872843943987455,11,0.00036,3.0940644530893637,5,CITY OF CHICAGO:WARD 48 PRECINCT 17,CITY OF CHICAGO:WARD 48 PRECINCT 17,CITY OF CHICAGO:WARD 48 PRECINCT 17,1.2,72.33180202,3.750076582,3.750076582,3.750076582,3.750076582,5.167738485,3.750076582,3.750076582,16.528274743675055,24.767819089989693,15.849881999139985,9.838169176447206,3.253401053913019,5.576569076317724,2.584647098201466,20.806261969987087,31.36571056816748,19.36443844139523,11.061744320388406,3.8363146320765886,6.320459213175292,3.0577482968763436,14.21147310986412,26.65939706119774,19.264905916034543,13.123040553987405,2.963758233982268,0.00978732460180778,0.01518220497751469,0.2,0.3,1.0,1.000718135,1.5,1.8,1.4,1.0,1.000113431,420.1779119,387.4735862,71.94655692,54.97575426,16.97080266,0.171228794,0.13083923,0.040389564,1903.117043,171,0.9999999763965921
CITY OF CHICAGO:WARD 48 PRECINCT 19,CITY OF CHICAGO:WARD 48 PRECINCT 19,CITY OF CHICAGO:Ward 48 Precinct 19,,,,,,,,,,0.677890309,0.102792363,0.08163469,0.12364466,0.013580273,0.002136198,0.6107,0.3957,0.6043,0.3592,0.3076,0.0184,0.0,0.2986,0.104937485,0.031902893,0.161218637,0.21803211,0.178938357,0.105641993,0.120127331,0.046036868,0.033164327,0.023173848,0.016028554,0.008832514,0.052168379,1.31e-09,0.037877787,0.033297141,0.040821959,0.021933805,0.081298222,0.073241667,0.162098533,0.098566817,0.046280041,0.063978895,0.240401836,48019.0,0.400322085,0.293532338,201.0,-0.030769231,260.0,0.503957784,379.0,42.5,92170,153.9416247,1.759709919,-0.294925748,0.20853183,0.603650241,0.414123752,0.569241561,0.341981805,0.481789552,0.414123752,complete,CITY OF CHICAGO,Ward 48 Precinct 19,1,0,0,,0,0,0,513,342,228,81,61,41,0.09382,18.546895103130712,63,0.48878,26.892519767028254,92,0.40482,25.767763355582773,88,0.00956,11.339103502075174,39,0.00072,5.080046955583837,17,0.00192,6.2975613121093845,22,0.00038,3.0998708211926282,11,CITY OF CHICAGO:WARD 48 PRECINCT 19,CITY OF CHICAGO:WARD 48 PRECINCT 19,CITY OF CHICAGO:WARD 48 PRECINCT 19,1.2,49.21969646,8.749462157,8.749462157,8.749462157,8.749462157,3.516496375,8.749462157,3.516496375,15.581931306586887,22.52456155852549,22.09273791184115,10.578374090064326,4.41974166934958,5.571812683702288,2.5770162174906552,18.325555235185977,26.541875044093064,25.480316814605054,11.230524508284171,5.023481771998921,6.2382547361467875,2.972669331752464,13.26512967277595,24.416139529733538,25.50776182873571,13.863245467604525,4.130098849418829,0.005030931986372057,0.007551324266704237,0.2,0.3,1.0,1.001078684,1.5,1.8,1.4,1.0,1.00036341,291.906076,257.2183451,70.84528097,53.79537901,17.04990195,0.242698891,0.184290028,0.058408863,1246.097514,342,1.0000000000000007
CITY OF CHICAGO:WARD 48 PRECINCT 20,CITY OF CHICAGO:WARD 48 PRECINCT 20,CITY OF CHICAGO:Ward 48 Precinct 20,,,,,,,,,,0.620869518,0.099130427,0.076521775,0.180869585,0.024347823,0.00347826,0.6076,0.5735,0.4265,0.3938,0.2041,0.09,0.0192,0.2473,0.032310177,4.87e-09,0.064620384,0.216478179,0.142164777,0.206785133,0.132471728,0.114701126,0.090468492,0.102272719,0.025,0.040909089,0.070454538,0.02045455,0.045454545,0.013636368,0.022727277,0.03409091,0.086363633,0.061363638,0.095454563,0.272727248,0.02954546,0.015909095,0.063636368,48020.0,0.187216301,0.328413284,271.0,-0.098765432,162.0,0.642023346,257.0,52.6,69444,104.3117959,0.851842148,-0.080813462,-0.030119541,1.042880311,0.357751195,0.445947364,0.262537814,0.699974081,0.357751195,complete,CITY OF CHICAGO,Ward 48 Precinct 20,1,0,0,,0,0,0,312,208,139,86,65,43,0.11308,18.960718442763465,39,0.53688,27.142204314511453,56,0.3334,24.44184073866339,51,0.0136,12.035494471892878,25,0.00074,5.022148939275676,10,0.00202,6.415685294745202,13,0.00028,3.058720941745597,6,CITY OF CHICAGO:WARD 48 PRECINCT 20,CITY OF CHICAGO:WARD 48 PRECINCT 20,CITY OF CHICAGO:WARD 48 PRECINCT 20,1.2,51.72711383,8.176321808,8.176321808,8.176321808,8.176321808,3.695638563,8.176321808,3.695638563,15.581389047231092,22.229680491484586,20.577133210917903,10.973443954076885,4.255358562417343,5.572945846611183,2.579682142993423,18.714723729885016,26.793209453863103,24.197357102103645,11.919710905504049,4.922989869760979,6.264369511375056,3.0003168695746054,13.264587413420156,24.121258462692634,23.99215712781246,14.258315331617084,3.965715742486592,0.0061640948952670785,0.01021724976947153,0.2,0.3,1.0,1.001130115,1.5,1.8,1.4,1.0,1.000181117,74.33439426,71.53592292,10.14445853,8.570318405,1.574140124,0.136470588,0.115294118,0.021176471,444.5790456,208,1.0000000000000002
CITY OF CHICAGO:WARD 48 PRECINCT 23,CITY OF CHICAGO:WARD 48 PRECINCT 23,CITY OF CHICAGO:Ward 48 Precinct 23,,,,,,,,,,0.574468082,0.075435204,0.112185689,0.23017408,0.010638298,0.000967118,0.5615,0.4099,0.5901,0.2921,0.4911,0.0495,0.037,0.107,0.037760417,1.3e-09,0.132812496,0.134114588,0.07682292,0.180989584,0.154947916,0.087239584,0.195312494,0.110062892,2.84e-09,0.044025157,0.059748429,0.037735848,0.011006291,0.062893079,0.029874215,0.011006291,0.006289312,0.160377352,0.17295597,0.163522017,0.077044022,0.009433963,0.044025158,48023.0,-0.207235412,0.358108108,296.0,-0.13442623,305.0,0.501144165,437.0,56.8,71912,207.1376688,-0.828590879,0.101464468,-0.155280921,0.594699232,-0.004596029,-0.071927025,-0.021266808,0.655671241,-0.004596029,complete,CITY OF CHICAGO,Ward 48 Precinct 23,1,0,0,,0,0,0,536,357,238,144,108,72,0.1199,21.32821228107207,76,0.79954,31.983411286101692,114,0.07316,19.270753008195648,69,0.00618,10.734590202161048,38,0.00026,3.8463620649202945,14,0.00078,6.401466500954581,23,0.00018,3.0795372109780446,11,CITY OF CHICAGO:WARD 48 PRECINCT 23,CITY OF CHICAGO:WARD 48 PRECINCT 23,CITY OF CHICAGO:WARD 48 PRECINCT 23,1.2,66.86669274,4.726003829,4.726003829,4.726003829,4.726003829,4.777284289,4.726003829,4.726003829,16.704548625532524,24.898845778027493,15.618761505170248,9.487866991475425,3.200494960478129,5.575038673527129,2.582753433061326,21.12873284203228,31.67270982109312,19.15762531314909,10.686148010629957,3.7825723239679863,6.323981654921251,3.060907476272758,14.38774699172159,26.79042374923554,19.033785422064806,12.772738369015624,2.910852140547378,0.008256921811213399,0.013288539837374908,0.2,0.3,1.0,1.000386685,1.5,1.8,1.4,1.0,1.000099019,32.06101875,30.2118916,4.466353189,3.897390954,0.568962235,0.1393079,0.121561669,0.017746231,582.3781844,357,0.9999999999999999
CITY OF CHICAGO:WARD 48 PRECINCT 24,CITY OF CHICAGO:WARD 48 PRECINCT 24,CITY OF CHICAGO:Ward 48 Precinct 24,,,,,,,,,,0.571083637,0.096425086,0.178613611,0.148176116,0.011599893,0.000471749,0.4626,0.3435,0.6565,0.4877,0.282,0.0026,0.0225,0.1751,0.014428457,0.055673208,0.076948379,0.238331927,0.1505497,0.1534983,0.125898653,0.075870845,0.108800521,0.065308288,0.030683236,0.031349826,0.112690851,0.034285985,0.023679738,0.02335366,0.068268978,0.036748899,0.034454799,0.190560418,0.126872431,0.068253108,0.033143264,0.025465961,0.094880549,48024.0,-0.058954336,0.056994819,193.0,0.036697248,436.0,0.6,825.0,48.6,63084,391.9864923,-0.196887659,-1.746881461,0.445323995,0.909190802,-0.083092415,-0.14731358,0.0354351,0.458353832,-0.083092415,complete,CITY OF CHICAGO,Ward 48 Precinct 24,1,0,0,,0,0,0,881,587,391,178,134,89,0.11604,20.932664681540388,123,0.79162,31.72603496554324,186,0.08384,19.477951861619864,114,0.0069,11.198260970728318,66,0.00046,3.874092871019657,23,0.00092,6.313883403040833,37,0.00022,3.0868462335569196,18,CITY OF CHICAGO:WARD 48 PRECINCT 24,CITY OF CHICAGO:WARD 48 PRECINCT 24,CITY OF CHICAGO:WARD 48 PRECINCT 24,1.2,70.17418157,4.135371821,4.135371821,4.135371821,4.135371821,5.013587503,4.135371821,4.135371821,16.52929179972886,24.769636124987063,15.851364780965174,9.841561847586597,3.253592251246347,5.575061788475852,2.5800755723830955,20.80684523881177,31.366799941685365,19.365521742288976,11.065388439710144,3.836087139560711,6.318905047142456,3.0531298928670094,14.212490165917925,26.66121409619511,19.266388697859732,13.126433225126796,2.963949431315596,0.008280036759936701,0.010610679159144334,0.2,0.3,1.0,1.000197755,1.5,1.8,1.4,1.0,1.000046112,446.3500784,420.6067286,62.18009109,54.25906023,7.921030853,0.139307898,0.121561668,0.017746229,2321.199062,587,0.9999999913339671
CITY OF CHICAGO:WARD 48 PRECINCT 26,CITY OF CHICAGO:WARD 48 PRECINCT 26,CITY OF CHICAGO:Ward 48 Precinct 26,,,,,,,,,,0.591999965,0.067428566,0.101714278,0.237714262,0.012571428,2.91e-11,0.583,0.5601,0.4399,0.6095,0.1895,0.0,0.0282,0.1729,6.23e-10,0.070512814,0.101282047,0.155128193,0.158974344,0.167948706,0.124358966,0.12820512,0.093589738,0.16297785,0.092555324,2.36e-09,0.010060362,0.014084507,0.07042253,0.01609658,4.91e-09,0.046277664,0.01609658,0.136820916,0.148893347,0.072434602,0.098591538,0.014084507,0.100603614,48026.0,0.069363315,0.291666667,96.0,-0.03255814,215.0,0.632545932,381.0,52.3,67831,154.5359939,0.349767893,-0.306377934,0.202253161,1.01272967,0.299841725,0.314593198,0.277373717,0.213174146,0.299841725,complete,CITY OF CHICAGO,Ward 48 Precinct 26,1,0,0,,0,0,0,387,258,172,117,88,59,0.11228,18.976883207029438,49,0.53454,27.189011190848777,70,0.33752,24.45884296663914,63,0.01228,11.98836360660911,31,0.001,5.027935209334396,13,0.002,6.352387204902782,16,0.00038,3.03972360857647,8,CITY OF CHICAGO:WARD 48 PRECINCT 26,CITY OF CHICAGO:WARD 48 PRECINCT 26,CITY OF CHICAGO:WARD 48 PRECINCT 26,1.2,54.28929028,7.590664741,7.590664741,7.590664741,7.590664741,3.878693007,7.590664741,3.878693007,15.580850391078544,22.228718148182985,20.57634789574276,10.97500109415152,4.25525729993573,5.574914975988546,2.582915361329903,18.713170625844565,26.79066273666843,24.19528303686827,11.920991946094693,4.922790886196618,6.266283381617587,3.0034948287762533,13.264048757267608,24.120296119391032,23.99137181263732,14.259872471691718,3.965614480004979,0.008133224272629719,0.013450468105951865,0.2,0.3,1.0,1.002115259,1.5,1.8,1.4,1.0,1.000178899,247.5273593,228.2836165,34.71420284,27.167637,7.546565843,0.140243902,0.109756098,0.030487805,698.2900235,258,0.9999999284619929
CITY OF CHICAGO:WARD 48 PRECINCT 27,CITY OF CHICAGO:WARD 48 PRECINCT 27,CITY OF CHICAGO:Ward 48 Precinct 27,,,,,,,,,,0.543677875,0.112388958,0.135791187,0.189597869,0.010702973,0.001495167,0.2261,0.3072,0.6928,0.2832,0.3522,0.0106,0.1768,0.1712,0.036869813,0.276029873,0.29178471,0.104571008,0.10016084,0.040788324,0.063864613,0.064889249,0.021041571,0.122847674,0.058560574,0.057580744,0.056944846,0.05492519,0.034842595,0.07650953,0.017875469,0.042488305,0.067822004,0.113180311,0.113657732,0.043325155,0.032778443,0.04273376,0.063927667,48027.0,0.125457794,0.1875,128.0,0.049586777,242.0,0.756097561,451.0,32.1,47343,268.9520664,0.588740147,-0.945791875,0.490563343,1.405786345,0.375006809,0.38482449,0.39615458,0.78978401,0.375006809,complete,CITY OF CHICAGO,Ward 48 Precinct 27,1,0,0,,0,0,0,651,434,289,132,99,66,0.08822,18.344386558351125,80,0.46522,26.7349235113997,116,0.43546,26.280417827781456,114,0.00798,11.072492763732495,48,0.00064,5.156480190629089,22,0.0022,6.343929075309954,28,0.00028,3.046686044943561,13,CITY OF CHICAGO:WARD 48 PRECINCT 27,CITY OF CHICAGO:WARD 48 PRECINCT 27,CITY OF CHICAGO:WARD 48 PRECINCT 27,1.2,50.96018537,8.351624752,8.351624752,8.351624752,8.351624752,3.640845434,8.351624752,3.640845434,15.581306338627122,22.65276641972969,22.758344979677172,10.407959153873433,4.491907894545019,5.574791921003399,2.58124924098863,18.15628229063745,26.42954499427929,26.02726727475038,10.9371115498454,5.06592892739298,6.2304370116791965,2.9661053934817363,13.264504704816186,24.544344390937738,26.17336889657173,13.692830531413632,4.202265074614268,0.008010169287482861,0.011784347764678873,0.2,0.3,1.0,1.017020545,1.5,1.8,1.4,1.0,1.000494442,206.8005371,196.0349775,22.64255599,16.44558232,6.196973673,0.109489832,0.079523886,0.029965946,3178.528628,434,0.9999999999999996
CITY OF CHICAGO:WARD 48 PRECINCT 29,CITY OF CHICAGO:WARD 48 PRECINCT 29,CITY OF CHICAGO:Ward 48 Precinct 29,,,,,,,,,,0.683722349,0.054610693,0.13872627,0.104437802,0.015327423,0.000120468,0.5915,0.3481,0.6519,0.2233,0.48,0.0,0.0297,0.2671,0.021531324,0.045641141,0.105195851,0.117532386,0.071560909,0.182140466,0.169410234,0.166171543,0.120816145,0.067553843,0.046267697,0.055723278,0.034150003,0.015955189,0.078503117,0.022238179,0.12376202,0.077253452,0.063192891,0.114317173,0.097290228,0.068227207,0.024891068,0.038352712,0.072321943,48029.0,0.143332146,0.23566879,157.0,0.0625,192.0,0.666666667,204.0,58.3,48615,107.2836419,0.664888001,-0.650113836,0.535885851,1.121278483,0.40508441,0.417984625,0.428664655,0.517555513,0.40508441,complete,CITY OF CHICAGO,Ward 48 Precinct 29,1,0,0,,0,0,0,375,250,167,75,57,38,0.11756,19.486996107585338,49,0.56176,27.61687579205748,69,0.3079,24.165256184055934,60,0.00986,11.328672866685627,28,0.00084,4.907968009336075,12,0.0018,6.317141093664216,16,0.00028,3.104503597079304,8,CITY OF CHICAGO:WARD 48 PRECINCT 29,CITY OF CHICAGO:WARD 48 PRECINCT 29,CITY OF CHICAGO:WARD 48 PRECINCT 29,1.2,49.6219351,8.657519271,8.657519271,8.657519271,8.657519271,3.545234275,8.657519271,3.545234275,15.904842002759462,22.47040377770015,20.153826604260708,10.3414994895087,4.158417479573962,5.572975356939403,2.5771915844594724,19.267189968925443,27.305008418931767,23.86028332220844,11.264845808214533,4.835902602298813,6.273010016075034,3.0064373054124123,13.588040368948526,24.361981748908196,23.568850521155266,13.626370867048898,3.868774659643211,0.006193605223487434,0.007726691235521221,0.2,0.3,1.0,1.000719731,1.5,1.8,1.4,1.0,1.000143658,15.39185359,13.84964446,2.933221577,2.146997229,0.786224348,0.190569743,0.139489193,0.05108055,57.28295072,250,0.9999999999999997
CITY OF CHICAGO:WARD 49 PRECINCT 01,CITY OF CHICAGO:WARD 49 PRECINCT 01,CITY OF CHICAGO:Ward 49 Precinct 01,,,,,,,,,,0.300799198,0.141814356,0.499050594,0.047206612,0.031950519,0.001766438,0.3304,0.3258,0.6742,0.3954,0.2816,0.085,0.0803,0.1469,0.095836014,0.089532603,0.171191273,0.146649669,0.117342126,0.201854404,0.118979704,0.044496348,0.014117859,0.122558509,0.061980893,0.017466658,0.107731874,0.071751273,0.029651316,0.012442501,0.016166076,0.029148437,0.022735486,0.099326123,0.213463026,0.070947724,0.01264021,0.041440308,0.070549587,49001.0,0.308764319,-0.099099099,111.0,0.262032086,374.0,0.765690377,717.0,46.2,61264,328.0918025,1.369657883,-2.70504428,1.23619859,1.436304116,0.320933148,0.334279077,0.501317051,1.546744164,0.320933148,complete,CITY OF CHICAGO,Ward 49 Precinct 01,1,0,0,,0,0,0,827,551,367,117,88,59,0.11036,18.975786079580192,105,0.53628,27.131803397344534,149,0.33682,24.43969252509602,135,0.01328,12.01363039134378,66,0.00086,4.950245148507794,27,0.002,6.348380171839227,35,0.0004,3.021101685148358,17,CITY OF CHICAGO:WARD 49 PRECINCT 01,CITY OF CHICAGO:WARD 49 PRECINCT 01,CITY OF CHICAGO:WARD 49 PRECINCT 01,1.8,53.35884511,7.803344,7.803344,7.803344,7.803344,3.812217443,7.803344,3.812217443,15.582655628141993,22.231943318428584,20.578979778909694,11.008237296588828,4.2555966681655,5.5817398129018825,2.581389954243452,18.704538868925187,26.777530339690696,24.184129544952704,11.95286298731021,4.919940872632984,6.27240681269789,3.0012680158567684,13.265853994331056,24.12352128963663,23.994003695804253,14.293108674129027,3.965953848234749,0.014958061185966452,0.011925061019500766,0.2,0.3,1.0,2.479172073,1.5,1.8,1.4,1.0,1.003167403,483.3391235,452.0477291,66.31351261,46.186209,20.12730361,0.137198727,0.095556529,0.041642198,2782.949482,551,1.0000000000000002
CITY OF CHICAGO:WARD 49 PRECINCT 04,CITY OF CHICAGO:WARD 49 PRECINCT 04,CITY OF CHICAGO:Ward 49 Precinct 04,,,,,,,,,,0.505132931,0.128750952,0.26517735,0.082667915,0.021217852,0.001345394,0.5372,0.249,0.751,0.3249,0.3994,0.0216,0.0522,0.1662,0.036604124,0.013148446,0.28071768,0.266857187,0.186292782,0.073382574,0.081366141,0.036701188,0.024929864,0.040605755,0.054266419,0.045758586,0.05140361,0.021738742,0.067533329,0.078062788,0.099425619,0.144566981,0.039201352,0.039755978,0.081211673,0.145184366,0.062147783,0.001091414,0.028045588,49004.0,0.519855016,0.360995851,241.0,0.401785714,448.0,0.819025522,862.0,36.5,46425,401.7935842,2.268941033,0.119190514,1.726702389,1.605980023,1.375979625,1.43020349,1.435279405,1.182857213,1.375979625,complete,CITY OF CHICAGO,Ward 49 Precinct 04,1,0,0,,0,0,0,1011,674,449,176,132,88,0.08714,18.435761618972446,124,0.46862,26.755499333466076,180,0.43402,26.31437272465023,177,0.00758,11.037159655810125,74,0.00076,5.182869212375953,35,0.00172,6.33526919583583,43,0.00016,2.9986363476398865,20,CITY OF CHICAGO:WARD 49 PRECINCT 04,CITY OF CHICAGO:WARD 49 PRECINCT 04,CITY OF CHICAGO:WARD 49 PRECINCT 04,1.226962452,15.85145856,16.37670593,16.37670593,16.37670593,16.37670593,1.132505898,16.37670593,1.132505898,15.582319599334255,22.654576674100074,22.75982222820747,10.419140334746405,4.492098378387523,5.576013558304326,2.5785835217940325,18.15425515627644,26.426497298296873,26.02431393670203,10.947893211787209,5.065040358246261,6.231448227725306,2.963229253032322,13.265517965523319,24.54615464530812,26.174846145102027,13.704011712286604,4.202455558456772,0.009231806588409708,0.009118628570081246,0.2,0.3,1.0,1.208261524,1.5,1.8,1.4,1.0,1.000907783,451.8067025,422.4469952,62.64949932,40.30509669,22.34440263,0.138664387,0.089208718,0.049455669,2852.343026,674,0.9999999845111796
CITY OF CHICAGO:WARD 49 PRECINCT 05,CITY OF CHICAGO:WARD 49 PRECINCT 05,CITY OF CHICAGO:Ward 49 Precinct 05,,,,,,,,,,0.596884681,0.106269647,0.169720942,0.105757741,0.016264206,0.001009363,0.5037,0.2561,0.7439,0.4815,0.2782,0.0215,0.0425,0.172,0.019212926,0.151034283,0.243969333,0.201573911,0.073136648,0.193297297,0.080456574,0.03176091,0.00555809,0.088790516,0.094598149,0.09872757,0.043619733,0.014352464,0.002735553,0.051095103,0.018479535,0.071645495,0.043009826,0.102960453,0.130058688,0.097700337,0.056062037,0.026419362,0.059745152,49005.0,0.202274151,0.138888889,216.0,0.211650485,515.0,0.762057878,933.0,37.0,53710,404.7654303,0.915991212,-1.244185046,1.059370503,1.424747992,0.553319095,0.538981166,0.657396962,0.636100362,0.553319095,complete,CITY OF CHICAGO,Ward 49 Precinct 05,1,0,0,,0,0,0,747,498,332,149,112,75,0.0867,18.34215766938261,91,0.46928,26.84362628647905,134,0.43352,26.290629539098887,131,0.0081,11.041977222365107,55,0.0005,5.06231975909691,25,0.00166,6.341063707966704,32,0.00024,3.105072126221927,15,CITY OF CHICAGO:WARD 49 PRECINCT 05,CITY OF CHICAGO:WARD 49 PRECINCT 05,CITY OF CHICAGO:WARD 49 PRECINCT 05,1.2,43.07815779,10.15328254,10.15328254,10.15328254,10.15328254,3.077714748,10.15328254,3.077714748,15.58210080177057,22.65418577840748,22.759503239839407,10.411336657683368,4.492057246425761,5.573868428842677,2.577854339323191,18.156553365293295,26.43011989212837,26.027607281329388,10.94053113103998,5.065733306644686,6.229467746666446,2.96266471896427,13.265299167959634,24.545763749615528,26.174527156733966,13.696208035223567,4.202414426495009,0.007086677126760669,0.00838944609924,0.2,0.3,1.0,1.076050413,1.5,1.8,1.4,1.0,1.000581406,212.0221191,198.3081787,27.7704025,17.3353297,10.43507279,0.130978799,0.081761892,0.049216906,1770.61969,498,0.9999999707135472
CITY OF CHICAGO:WARD 49 PRECINCT 06,CITY OF CHICAGO:WARD 49 PRECINCT 06,CITY OF CHICAGO:Ward 49 Precinct 06,,,,,,,,,,0.580914389,0.109365215,0.114924979,0.179308475,0.010845234,0.002318395,0.1882,0.1669,0.8331,0.2911,0.3322,0.0091,0.1804,0.1815,0.005573232,0.355746546,0.293001257,0.112294392,0.023745593,0.114353973,0.045609647,0.033686214,0.015989131,0.102961485,0.119408978,0.260135415,0.101040205,0.028196977,0.006423679,0.024742086,0.001174948,0.029784518,0.022598485,0.110231713,0.030683219,0.036627911,0.055635159,0.065933444,0.004421764,49006.0,0.31417198,0.301775148,169.0,0.166666667,36.0,0.813953488,86.0,28.7,20866,54.08759788,1.392695461,-0.244328299,0.901487421,1.589844285,0.860803913,0.909924717,0.859116454,0.73828552,0.860803913,complete,CITY OF CHICAGO,Ward 49 Precinct 06,1,0,0,,0,0,0,299,199,133,127,96,64,0.05012,16.445701310044807,33,0.1941,22.39122154939131,45,0.74636,30.283402251406876,60,0.00394,9.575108362291413,19,0.00322,9.23790581216445,18,0.00212,6.415292553240739,13,0.00014,3.117881853945339,6,CITY OF CHICAGO:WARD 49 PRECINCT 06,CITY OF CHICAGO:WARD 49 PRECINCT 06,CITY OF CHICAGO:WARD 49 PRECINCT 06,1.2,30.64861829,12.99440133,12.99440133,12.99440133,12.99440133,2.189687521,12.99440133,2.189687521,14.396063093601745,18.17512521690768,24.93981947965275,8.69593760962847,7.596346063097069,5.5739811299346265,2.5803488771379306,16.182539680171228,22.021124522660692,29.77031898186297,9.383223387697978,9.162654684261543,6.278618688195696,3.0141974972163097,12.079261459790809,20.066703188115728,28.35484339654731,11.980808987168668,7.306703243166318,0.0071993782187107,0.010883983913979206,0.2,0.3,1.0,1.031998361,1.5,1.8,1.4,1.0,1.000519237,90.1034767,84.00952214,11.897721,7.254707999,4.643012999,0.132045082,0.080515295,0.051529787,506.4737302,199,0.9999999874081414
CITY OF CHICAGO:WARD 49 PRECINCT 16,CITY OF CHICAGO:WARD 49 PRECINCT 16,CITY OF CHICAGO:Ward 49 Precinct 16,,,,,,,,,,0.529341217,0.157746999,0.223410526,0.081928695,0.018413367,0.003197167,0.5522,0.2018,0.7982,0.4441,0.2879,0.0524,0.0195,0.1524,0.098654134,0.076096634,0.157072341,0.194886278,0.217266266,0.118219438,0.059517878,0.029504443,0.048782587,0.04864539,0.09458416,0.036912748,0.03028062,0.055642314,0.038279529,0.037295055,0.032408086,0.042197378,0.086672259,0.114712454,0.140074455,0.034919731,0.073448575,0.078554998,0.05537225,49016.0,0.417957802,0.322916667,192.0,0.256017505,457.0,0.850356295,842.0,42.2,59663,369.697647,1.834841146,-0.114553752,1.215088764,1.705653088,1.098282073,1.160257311,1.109248364,0.984480108,1.098282073,complete,CITY OF CHICAGO,Ward 49 Precinct 16,1,0,0,,0,0,0,909,606,404,190,143,95,0.09244,18.479874892851118,112,0.4909,26.94263406161701,163,0.40576,25.78374025917944,156,0.0085,11.316826572854719,69,0.00058,5.0786465128066824,31,0.00154,6.338147844289047,38,0.00028,3.0254377688856144,18,CITY OF CHICAGO:WARD 49 PRECINCT 16,CITY OF CHICAGO:WARD 49 PRECINCT 16,CITY OF CHICAGO:WARD 49 PRECINCT 16,1.21926463,22.82447772,14.78282743,14.78282743,14.78282743,14.78282743,1.630692567,14.78282743,1.630692567,15.582326604130872,22.532321677474776,22.129669761455148,10.580521245166455,4.423758729720184,5.574833271791419,2.577740647471971,18.313031620880405,26.53068513391666,25.5058738664071,11.225268555299067,5.024817579926613,6.240441124069362,2.972559561567223,13.265524970319936,24.423899648682823,25.544693678349706,13.865392622706654,4.1341159097894336,0.00805152007550258,0.008275754248019913,0.2,0.3,1.0,1.19539407,1.5,1.8,1.4,1.0,1.001542201,532.4805278,497.3310659,72.05000761,48.1046091,23.94539851,0.135310127,0.090340598,0.044969529,2768.433209,606,0.9999999999999994
CITY OF CHICAGO:WARD 49 PRECINCT 17,CITY OF CHICAGO:WARD 49 PRECINCT 17,CITY OF CHICAGO:Ward 49 Precinct 17,,,,,,,,,,0.511551676,0.1840873,0.208977524,0.084321059,0.026375148,0.000773557,0.4604,0.308,0.692,0.3325,0.2714,0.0237,0.0781,0.2677,0.102850529,0.081504363,0.215288307,0.18341128,0.16415652,0.140690799,0.074282435,0.025929789,0.011885978,0.050859303,0.057049888,0.045293496,0.029067711,0.033069901,0.027664123,0.06672881,0.033958968,0.04998336,0.091679332,0.105247263,0.135204012,0.075763594,0.08449498,0.030684248,0.083251009,49017.0,0.314577564,0.132075472,159.0,0.266159696,526.0,0.812080537,894.0,40.1,62087,395.8498922,1.39442332,-1.286008346,1.250685573,1.583885837,0.721372821,0.735746596,0.824360617,1.023570725,0.721372821,complete,CITY OF CHICAGO,Ward 49 Precinct 17,1,0,0,,0,0,0,1062,708,472,190,143,95,0.0911,18.40749612765629,130,0.47756,26.819724512270295,190,0.41892,26.001523749681677,184,0.00922,11.231526949847058,80,0.00076,5.099726835003018,36,0.00214,6.328982241400716,45,0.0003,3.030994618558284,21,CITY OF CHICAGO:WARD 49 PRECINCT 17,CITY OF CHICAGO:WARD 49 PRECINCT 17,CITY OF CHICAGO:WARD 49 PRECINCT 17,1.2,36.01443551,11.76789378,11.76789378,11.76789378,11.76789378,2.573047805,11.76789378,2.573047805,15.582303934258235,22.58165844042611,22.384125484969353,10.512833062376526,4.451353704058912,5.57448443407804,2.5775773075225197,18.249443363567018,26.489755751902404,25.717308052686008,11.110449333122558,5.041377754529244,6.236019625498706,2.968323560760495,13.265502300447299,24.473236411634158,25.79914940186391,13.797704439916725,4.161710884128161,0.0077026823621240605,0.008112414298568264,0.2,0.3,1.0,1.131727368,1.5,1.8,1.4,1.0,1.00182124,548.0623795,512.4343897,69.8099077,48.20878604,21.60112166,0.127375843,0.087962224,0.039413619,3541.72464,708,0.9999999999999996
CITY OF CHICAGO:WARD 50 PRECINCT 05,CITY OF CHICAGO:WARD 50 PRECINCT 05,CITY OF CHICAGO:Ward 50 Precinct 05,,,,,,,,,,0.514108344,0.230590342,0.114021704,0.127864487,0.026685471,0.004028364,0.3192,0.5823,0.4177,0.5605,0.246,0.0151,0.0162,0.1172,0.127394033,0.205798172,0.094713078,0.092723505,0.168231367,0.079915625,0.131944371,0.050069423,0.049210424,0.008113289,0.043857588,0.012252968,0.01167519,0.026368122,0.01692073,0.024850027,0.025032023,0.023710927,0.145323596,0.119851333,0.149900262,0.041260955,0.060932843,0.038426631,0.251523516,50005.0,-0.141843384,0.377358491,106.0,-0.174193548,310.0,0.442675159,628.0,46.7,82012,303.722665,-0.550009446,0.219630515,-0.294855262,0.408690895,-0.028620406,-0.054135824,-0.076764293,0.291892482,-0.028620406,complete,CITY OF CHICAGO,Ward 50 Precinct 05,1,0,0,,0,0,0,744,496,331,155,117,78,0.11998,21.00858899923972,104,0.79046,31.69284837073178,157,0.08052,19.47753477725898,97,0.00696,11.139752642355258,55,0.00044,3.885409001900787,19,0.00144,6.431299491165429,32,0.0002,3.1235402052321004,15,CITY OF CHICAGO:WARD 50 PRECINCT 05,CITY OF CHICAGO:WARD 50 PRECINCT 05,CITY OF CHICAGO:WARD 50 PRECINCT 05,1.301674419,67.91812609,4.538245011,4.538245011,4.538245011,4.538245011,4.852403842,4.538245011,4.538245011,16.529484271293597,24.76997998761668,15.851645388250276,9.836568221101974,3.2536284341585686,5.572809195351354,2.5778459835476077,20.809235074397183,31.37068829156263,19.367962085153614,11.060535974575641,3.8364483505796074,6.316779907892101,3.0510277579056644,14.212682637482661,26.661557958824726,19.266669305144834,13.121439598642173,2.9639856142278176,0.006027443635437776,0.008381090323656361,0.2,0.3,1.0,1.263324004,1.5,1.8,1.4,1.0,1.116025292,450.0806171,445.0852719,18.48277747,14.48650118,3.996276287,0.041065482,0.032186459,0.008879023,3434.004168,496,0.9999999999999994
CITY OF CHICAGO:WARD 50 PRECINCT 06,CITY OF CHICAGO:WARD 50 PRECINCT 06,CITY OF CHICAGO:Ward 50 Precinct 06,,,,,,,,,,0.521952237,0.165509455,0.143886061,0.15201453,0.023652687,0.001862731,0.387,0.7042,0.2958,0.6353,0.1655,0.0317,0.0605,0.107,0.118073545,0.092792606,0.094615415,0.135201469,0.090722051,0.170818329,0.16282973,0.081789908,0.053156948,0.020407073,0.039915844,0.03143544,0.013215675,0.022038369,0.051842513,0.045457581,0.062027687,0.006061014,0.055355564,0.109672569,0.14843966,0.039433312,0.0529178,0.100348966,0.201430933,50006.0,-0.130213465,0.174418605,172.0,-0.070063694,157.0,0.759450172,291.0,53.4,82170,126.006272,-0.500463964,-1.026090367,0.070617103,1.416452057,0.047236814,-0.009871293,0.063334493,0.276660162,0.047236814,complete,CITY OF CHICAGO,Ward 50 Precinct 06,1,0,0,,0,0,0,350,233,155,140,105,70,0.1171,21.01270095377617,49,0.7909,31.738935126546032,74,0.0835,19.474054320670987,45,0.00664,11.180108650060191,26,0.00038,3.904673255700644,9,0.00128,6.374243018235531,15,0.0002,3.091321519199626,7,CITY OF CHICAGO:WARD 50 PRECINCT 06,CITY OF CHICAGO:WARD 50 PRECINCT 06,CITY OF CHICAGO:WARD 50 PRECINCT 06,1.296170874,64.86334716,5.173668384,5.173668384,5.173668384,5.173668384,4.634155461,5.173668384,4.634155461,16.52925542718835,24.76957114314186,15.851311752873151,9.838759240671841,3.2535854135379174,5.5741796897022695,2.5795898961280637,20.807908849795748,31.3685128177858,19.36654647934281,11.062621444356795,3.8362876158952424,6.318089483323471,3.052710751566574,14.212453793377414,26.661149114349907,19.26633566976771,13.12363061821204,2.9639425936071664,0.0073979379863536665,0.01012500290411264,0.2,0.3,1.0,1.369512401,1.5,1.8,1.4,1.0,1.060692921,223.8862144,221.4013507,9.193995439,7.206104481,1.987890958,0.041065483,0.032186459,0.008879023,877.3319889,233,1.0
CITY OF CHICAGO:WARD 50 PRECINCT 10,CITY OF CHICAGO:WARD 50 PRECINCT 10,CITY OF CHICAGO:Ward 50 Precinct 10,,,,,,,,,,0.527495146,0.118076694,0.071082065,0.268662478,0.017627396,0.003424007,0.3391,0.4707,0.5293,0.7068,0.088,0.0246,0.0622,0.1062,0.20486741,0.171532725,0.052695913,0.177781178,0.067455376,0.110874941,0.102655902,0.058911183,0.053225373,0.03177079,0.046514599,0.028641005,0.045977382,0.016425498,0.088994301,0.025879115,0.036920905,0.013733644,0.059541701,0.069841937,0.065964825,0.182280564,0.075324927,0.106955644,0.105233164,50010.0,0.211406477,0.125,96.0,-0.311258278,151.0,0.256097561,328.0,48.6,88552,209.5151456,0.954896512,-1.329440238,-0.775921633,-0.184871252,-0.506915967,-0.333834153,-0.595333463,0.047282999,-0.506915967,complete,CITY OF CHICAGO,Ward 50 Precinct 10,1,0,0,,0,0,0,378,252,168,146,110,73,0.3853,26.58703993951823,67,0.55236,28.74700922116983,72,0.056,17.44490299607336,44,0.00416,9.338448539508562,24,0.00076,4.966165523135036,13,0.00098,6.4967379838865105,16,0.00044,3.3206030323103124,8,CITY OF CHICAGO:WARD 50 PRECINCT 10,CITY OF CHICAGO:WARD 50 PRECINCT 10,CITY OF CHICAGO:WARD 50 PRECINCT 10,1.8,82.37062902,1.957401581,1.957401581,1.957401581,1.957401581,5.884961493,1.957401581,1.957401581,18.89713245817987,20.42309738955635,12.895207147465982,7.591522503174872,3.782072407931213,5.574751310433594,2.5838185975901844,26.30103550182106,28.411201873216537,17.318402158177634,9.235841383487735,4.933724899201057,6.437096638594259,3.175374987568158,16.580330824368932,22.314675360764397,16.31023106436054,10.87639388071507,3.492429588000462,0.007969558717678632,0.014353704366233297,0.2,0.3,1.0,1.068500762,1.5,1.8,1.4,1.0,1.430568289,472.440191,470.6236773,6.965930776,3.961569149,3.004361627,0.014744577,0.008385335,0.006359242,2671.164959,252,1.0000000000000007
CITY OF CHICAGO:WARD 50 PRECINCT 22,CITY OF CHICAGO:WARD 50 PRECINCT 22,CITY OF CHICAGO:Ward 50 Precinct 22,,,,,,,,,,0.525975497,0.126151741,0.079683247,0.251695738,0.013793382,0.002733035,0.3,0.517,0.483,0.5715,0.1345,0.0201,0.089,0.1597,0.183430068,0.192988126,0.054876821,0.161237197,0.086331356,0.117027058,0.102157797,0.057101151,0.044850428,0.035512137,0.043037175,0.02356971,0.058225819,0.018581569,0.10306487,0.021894512,0.032259833,0.020314086,0.070249844,0.072181722,0.065204791,0.171352029,0.088525114,0.075688356,0.100338433,50022.0,0.248717852,0.098039216,102.0,-0.535714286,280.0,0.09127789,493.0,48.0,75425,313.8269415,1.113849471,-1.494935609,-1.563711732,-0.709214576,-0.931259232,-0.663503111,-1.111300956,0.241017173,-0.931259232,complete,CITY OF CHICAGO,Ward 50 Precinct 22,1,0,0,,0,0,0,434,289,193,135,102,68,0.38316,26.63110621836876,77,0.5539,28.773082859678745,83,0.05704,17.515325601666714,51,0.00394,9.294576116502814,27,0.00072,5.001692010749342,14,0.0009,6.527057208951422,19,0.00034,3.248375933518804,9,CITY OF CHICAGO:WARD 50 PRECINCT 22,CITY OF CHICAGO:WARD 50 PRECINCT 22,CITY OF CHICAGO:WARD 50 PRECINCT 22,1.5,88.10675834,0.933077162,0.933077162,0.933077162,0.933077162,6.294778688,0.933077162,0.933077162,18.897293233812203,20.42338462539708,12.895441544758707,7.592344482631738,3.7821026322950053,5.5746127627048825,2.5831650967170523,26.300937753247528,28.411218995169815,17.318479251610242,9.236763581085231,4.933632760622884,6.436940852250622,3.174704248080101,16.580491600001267,22.314962596605127,16.310465461653266,10.877215860171937,3.4924598123642543,0.007831010988966316,0.013700203493101094,0.2,0.3,1.0,1.068425016,1.5,1.8,1.4,1.0,1.221304205,638.398429,637.297742,7.704808751,4.953091305,2.751717445,0.012068966,0.007758621,0.004310345,3199.798492,289,0.9999999999999997
COOK:7501001,COOK:7501001,COOK:Evanston Ward 1 Precinct 1,,,,,,,,,,0.465692137,0.104620447,0.073235215,0.303889042,0.022195081,0.012160597,0.2301,0.445,0.555,0.227,0.1057,0.0,0.4159,0.2207,0.009982913,0.362094446,0.426386859,0.034624049,0.010471263,0.0327561,0.045933348,0.023333201,0.020580788,0.084867503,0.036534889,0.034713537,0.037408154,0.033566703,0.007683226,0.036596344,0.011874673,0.112535465,0.069504321,0.044647947,0.131637073,0.052306556,0.066795457,0.048985073,0.156506045,,0.848959732,0.473684211,19.0,0.06122449,49.0,0.83908046,174.0,25.5,65979,163.1543474,3.670984466,0.810913792,0.531409097,1.669781102,1.356814578,1.670772115,1.128941974,1.365540035,1.356814578,complete,COOK,Evanston Ward 1 Precinct 1,0,1,0,Evanston,1,0,0,383,222,170,26,20,13,0.02802,17.241882080735202,38,0.86126,34.537065411815895,77,0.10896,22.82233783518884,51,6e-05,4.498412199673102,10,0.00096,8.351543847895462,19,0.00066,6.230332626470196,14,8e-05,2.936482038732958,7,COOK:7501001,COOK:7501001,COOK:EVANSTON WARD 1 PRECINCT 1,1.2,16.26202258,16.28286004,16.28286004,16.28286004,16.28286004,1.161838605,16.28286004,1.161838605,16.52561420414397,33.729030776708356,20.7152929366774,4.6994532117800984,7.5961241366469405,5.575596560812824,2.580196381413633,17.18332952916745,34.17557171778925,22.67091540320729,4.434882427782758,8.291947753714474,6.161109863993547,2.894920746411666,14.208812570333036,35.6206087479164,24.13031685357196,7.984324589320297,7.30648131671619,0.008814809096908011,0.010731488189681759,1.0,1.0,0.2,3.0,1.002686841,1.004298946,1.002149473,1.397850527,1.006807594,191.2464053,187.3021674,7.773902079,5.27002047,2.50388161,0.040648618,0.027556181,0.013092438,2907.95,230,0.9661643523313448
COOK:7501002,COOK:7501002,COOK:Evanston Ward 1 Precinct 2,,,,,,,,,,0.608574199,0.047519447,0.09998095,0.233615459,0.000617864,5.09e-06,0.3739,0.44,0.56,0.2935,0.1671,0.0001,0.3558,0.1835,0.028169624,0.180381473,0.381097052,0.079858439,0.04037533,0.073807679,0.093252564,0.092584877,0.030472961,0.141423797,0.031408334,0.041094743,0.050977248,0.039469306,0.039475274,0.070823148,0.037885215,0.009902322,0.051157381,0.079064867,0.025000776,0.141399352,0.037968069,0.074071588,0.128878582,,-0.252809307,0.509157509,273.0,0.120622568,257.0,0.614100186,539.0,28.9,57338,195.8446539,-1.022743613,1.028662156,0.73988299,0.954047938,0.601225028,0.424962368,0.664209153,1.14185852,0.601225028,complete,COOK,Evanston Ward 1 Precinct 2,0,1,0,Evanston,1,0,0,462,308,205,199,150,100,0.0284,17.30771094823844,53,0.86032,34.57377410920151,106,0.10898,22.725305724053165,70,0.00034,4.600489598277615,14,0.00116,8.299021622394246,26,0.00072,6.215359163809836,19,8e-05,2.9500596200226963,9,COOK:7501002,COOK:7501002,COOK:EVANSTON WARD 1 PRECINCT 2,1.2,41.01208671,10.62554086,10.62554086,10.62554086,10.62554086,2.930104503,10.62554086,2.930104503,16.526789335060325,33.7311428222574,20.716119180864705,4.701250400689285,7.5962493212338185,5.574775309213734,2.5782775222140746,17.18405085300785,34.177018004000196,22.670428786222644,4.436449570892525,8.291557726765053,6.160229613180256,2.8929428879979056,14.20998770124939,35.62272079346544,24.131143097759264,7.986121778229484,7.306606501303068,0.00799355749781835,0.008812628990123557,1.0,1.0,0.2,3.0,1.002956311,1.004730098,1.002365049,1.397634951,1.014424818,114.9560493,112.4116642,4.880928714,3.212561382,1.668367332,0.042459085,0.027945997,0.014513089,930.84,308,1.0000000000000002
COOK:7501003,COOK:7501003,COOK:Evanston Ward 1 Precinct 3,,,,,,,,,,0.670772766,0.048754703,0.088654837,0.176222101,0.011247165,0.00160467,0.3361,0.6941,0.3059,0.3216,0.1371,0.0061,0.3132,0.2216,0.05452976,0.271148729,0.254819264,0.038852011,0.079197412,0.110552016,0.089332311,0.077503105,0.024065391,0.082639116,0.091123304,0.00449451,0.010462213,0.013246638,0.023301427,0.018588841,0.014705216,0.005826116,0.085038176,0.091763983,0.068260819,0.080882717,0.044136476,0.042821904,0.322708542,,-0.090424569,0.504424779,226.0,0.125628141,199.0,0.462093863,554.0,41.9,96539,204.1658228,-0.330956335,0.99961089,0.757451426,0.470467913,0.58298425,0.474143474,0.63964584,0.748050157,0.58298425,complete,COOK,Evanston Ward 1 Precinct 3,0,1,0,Evanston,1,0,0,474,316,211,164,123,82,0.00926,18.09574756262045,57,0.98192,41.28544671125133,130,0.0087,18.28503778109759,58,8e-05,5.12338562825675,16,0.0,4.416798142654947,14,0.0,6.129942251184589,19,4e-05,2.734099974029042,9,COOK:7501003,COOK:7501003,COOK:EVANSTON WARD 1 PRECINCT 3,1.245642386,41.79468516,10.4466561,10.4466561,10.4466561,10.4466561,2.986017172,10.4466561,2.986017172,17.922250401635598,41.477780521366455,18.354973142030914,5.944716139352041,4.427533504495074,5.573180327757491,2.576283019771259,18.15572831522217,41.03601749828802,18.254188265464713,5.10965119474891,4.367218723726677,6.078779845392436,2.8110935992235135,15.605448767824662,43.369358492574506,21.769997058925473,9.22958751689224,4.137890684564322,0.006398576041575106,0.006818126547307854,1.0,1.0,0.2,3.0,1.000686018,1.001097629,1.000548815,1.399451185,1.010066356,157.0778835,154.7465511,3.832895471,1.562412575,2.270482897,0.024401242,0.009946738,0.014454504,960.61,316,1.0000000000000002
COOK:7501004,COOK:7501004,COOK:Evanston Ward 1 Precinct 4,,,,,,,,,,0.71074879,0.045625937,0.046657638,0.147100973,0.004305566,1.23e-05,0.4068,0.3068,0.6932,0.2714,0.1633,0.0039,0.1472,0.3095,0.081344783,0.084635852,0.278337047,0.077265574,0.04219973,0.039315467,0.114339069,0.087316466,0.159312986,0.138559443,0.013635286,0.021752766,0.013645786,0.010910682,0.017204747,0.029036792,0.045293317,0.070664194,0.018173347,0.036280342,0.0554043,0.048920946,0.145779065,0.108629908,0.190176051,,-0.309491763,0.560723514,387.0,0.027906977,430.0,0.473684211,779.0,47.5,105863,317.3931568,-1.264220751,1.345193571,0.414472121,0.507340464,0.418565638,0.250696351,0.451320792,0.578100418,0.418565638,complete,COOK,Evanston Ward 1 Precinct 4,0,1,0,Evanston,1,0,0,776,446,345,234,176,117,0.0102,18.648005701106353,83,0.98306,41.27377291958467,184,0.00664,17.449386186642997,78,2e-05,5.674259067744908,25,2e-05,4.336678765521098,19,6e-05,6.103328030105177,27,0.0,2.8627351315207505,13,COOK:7501004,COOK:7501004,COOK:EVANSTON WARD 1 PRECINCT 4,1.2,49.0220705,8.794635097,8.794635097,8.794635097,8.794635097,3.502377008,8.794635097,3.502377008,17.922575048407744,40.93182870534227,17.00423024883242,6.219262692762657,4.255418717450888,5.571360945742797,2.5748039832360434,18.591845270848598,40.91704499982551,17.400345016962554,5.6644865248969305,4.296532721644778,6.104884404288757,2.8375385035993124,15.605773414596806,42.82340667655032,20.41925416572698,9.504134070302856,3.9657758975201367,0.004579194026881124,0.005339090012092011,1.0,1.0,0.2,3.0,1.008429462,1.01348714,1.00674357,1.39325643,1.00513203,184.2988397,181.5304789,6.476708117,3.830946899,2.645761219,0.035142425,0.020786603,0.014355821,1369.58,463,0.9640657200648043
COOK:7502001,COOK:7502001,COOK:Evanston Ward 2 Precinct 1,,,,,,,,,,0.588614184,0.081255706,0.108621507,0.201781368,0.01437226,0.000395782,0.4706,0.4091,0.5909,0.4871,0.1149,0.045,0.1185,0.2014,0.080531936,0.112281117,0.25698746,0.120148619,0.097919709,0.091171204,0.106464539,0.098408659,0.036086756,0.063974621,0.051647535,0.022291518,0.030214786,0.030985922,0.027306328,0.098236023,0.050228253,0.013818656,0.055299214,0.064621485,0.098326763,0.081798929,0.054509006,0.067403299,0.18933766,,-0.174157342,0.540669856,418.0,0.166666667,396.0,0.591836735,1029.0,41.4,72998,426.7570909,-0.687672537,1.222096721,0.901487421,0.883220883,0.738699118,0.579783122,0.803039978,0.694730033,0.738699118,complete,COOK,Evanston Ward 2 Precinct 1,0,1,0,Evanston,1,0,0,1028,685,457,342,257,171,0.00888,18.167214506014012,124,0.98196,41.295811943328296,283,0.00898,18.263452664094764,125,6e-05,5.11144476238029,35,4e-05,4.376859619031377,30,4e-05,6.119119452215527,42,4e-05,2.812231948822956,19,COOK:7502001,COOK:7502001,COOK:EVANSTON WARD 2 PRECINCT 1,1.204417625,35.319966,11.9266342,11.9266342,11.9266342,11.9266342,2.523431498,11.9266342,2.523431498,17.921965463032603,41.49788360849439,18.406240768710738,5.935084368184972,4.434059220181549,5.574306442601951,2.577363500068762,18.138796024948128,41.039588260157686,18.284980511596274,5.089670263999229,4.369693929858341,6.078840166111332,2.8111082853954525,15.605163829221667,43.389461579702434,21.821264685605296,9.219955745725171,4.144416400250798,0.007524690886034531,0.007898606844810589,1.0,1.0,0.2,3.0,1.002726086,1.004361738,1.002180869,1.397819131,1.0518336,543.8351797,533.8908594,24.42978688,13.56964969,10.86013718,0.044921307,0.024951769,0.019969538,2961.91,685,1.0
COOK:7502002,COOK:7502002,COOK:Evanston Ward 2 Precinct 2,,,,,,,,,,0.473289784,0.203313488,0.25718532,0.070955231,0.027195455,0.001192846,0.3675,0.7194,0.2806,0.5934,0.1092,0.0501,0.0443,0.1961,0.152629055,0.123018801,0.086886501,0.098413285,0.1433328,0.173233068,0.108751306,0.060686163,0.05304902,0.017618464,0.085550755,0.004458351,4.93e-05,0.018338818,0.02855604,0.0022626,0.041849521,0.026355644,0.065820171,0.035145913,0.103198051,0.065823636,0.120796136,0.138309807,0.245866751,,0.169222686,0.55952381,168.0,0.376623377,154.0,0.776119403,402.0,51.1,126029,161.6684244,0.775186213,1.337829339,1.638388246,1.469482135,1.391541686,1.305221483,1.458175039,0.575668058,1.391541686,complete,COOK,Evanston Ward 2 Precinct 2,0,1,0,Evanston,1,0,0,381,254,169,130,98,65,0.01022,18.661304374105665,47,0.98298,41.19591035940257,105,0.00658,17.39942476187557,44,8e-05,5.741897402704089,15,4e-05,4.316665375945855,11,0.0001,6.0938081981588805,15,0.0,2.8510969719172135,7,COOK:7502002,COOK:7502002,COOK:EVANSTON WARD 2 PRECINCT 2,1.309022673,15.52526271,16.45126711,16.45126711,16.45126711,16.45126711,1.109200868,16.45126711,1.109200868,17.92342393274192,40.9341172363749,17.005125535141012,6.230870834190071,4.255554362637142,5.575529771373251,2.5750637593019734,18.58781277786207,40.91442796444315,17.394835666920777,5.674029795563745,4.295354219743354,6.1087359838936575,2.83748103363969,15.606622298930985,42.825695207582946,20.42014945203557,9.51574221173027,3.9659115427063907,0.008748019657334648,0.005598866078021966,1.0,1.0,0.2,3.0,1.008459638,1.013535422,1.006767711,1.393232289,1.123308367,188.2021507,186.4006475,6.663091011,3.867738607,2.795352404,0.035403905,0.02055098,0.014852925,1237.52,254,0.9999999999999994
COOK:7502003,COOK:7502003,COOK:Evanston Ward 2 Precinct 3,,,,,,,,,,0.133118669,0.235009852,0.597180765,0.05352578,0.033799427,0.006280487,0.2185,0.8624,0.1376,0.7357,0.0998,0.02,0.0227,0.1013,0.060366648,0.16459384,0.134884084,0.051621063,0.116021437,0.136270249,0.110209026,0.055135029,0.170898624,0.021064972,0.02432616,0.027626283,0.014579799,0.355453064,0.021064416,0.006593895,0.082415028,0.021018578,0.019420553,0.017892744,0.060003684,0.011496472,0.100231727,0.089006243,0.127806386,,0.113019667,0.058823529,153.0,0.460122699,163.0,0.819095477,398.0,54.5,41777,212.4869917,0.535751559,-1.735656155,1.931452084,1.606202572,0.724007567,0.584437515,0.993410481,1.16437332,0.724007567,complete,COOK,Evanston Ward 2 Precinct 3,0,1,0,Evanston,1,0,0,494,329,219,171,129,86,0.01082,18.606827506927523,61,0.98238,41.23293564814142,136,0.00654,17.379552508095408,57,0.0001,5.723804431169827,19,2e-05,4.346822637722811,14,0.0001,6.2149457246931705,20,4e-05,2.877701597078715,9,COOK:7502003,COOK:7502003,COOK:EVANSTON WARD 2 PRECINCT 3,1.5,35.90836098,11.79214008,11.79214008,11.79214008,11.79214008,2.56546932,11.79214008,2.56546932,17.9236182389174,40.93464107183107,17.005330462539927,6.249055974623479,4.255585411269214,5.584615016766804,2.5788827368747693,18.580227958099616,40.90713580643464,17.384858152309867,5.688941780264964,4.293391431097676,6.117321765967201,2.8408005478924747,15.606816605106465,42.82621904303911,20.420354379434485,9.533927352163678,3.9659425913384627,0.017833265050888142,0.00941784365081821,1.0,1.0,0.2,3.0,1.004708999,1.007534398,1.003767199,1.396232801,1.294121887,383.0549715,379.3525441,14.05813617,7.552642154,6.505494017,0.036700049,0.019716862,0.016983186,1290.96,329,1.0000000000000002
COOK:7502004,COOK:7502004,COOK:Evanston Ward 2 Precinct 4,,,,,,,,,,0.368999262,0.210280383,0.362537238,0.044702483,0.038725364,0.00253349,0.3732,0.746,0.254,0.5838,0.1092,0.0408,0.0334,0.2157,0.141127649,0.130662488,0.092392491,0.117154263,0.146903422,0.14471714,0.135607124,0.052793255,0.038642168,0.044476209,0.001857262,0.019494952,0.00394847,0.013204441,0.043945144,0.0093794,0.004310373,0.056985841,0.016912163,0.064737815,0.101263693,0.076609087,0.115492165,0.120285201,0.307097784,,0.014146626,0.361403509,285.0,0.515358362,293.0,0.768352365,613.0,48.7,134281,303.4254804,0.114535177,0.121692871,2.125316836,1.444772739,1.152657572,0.951579406,1.387405058,0.85944027,1.152657572,complete,COOK,Evanston Ward 2 Precinct 4,0,1,0,Evanston,1,0,0,735,490,327,209,157,105,0.00992,18.685335459122935,92,0.98356,41.2247690583467,202,0.00636,17.348032607107378,85,2e-05,5.7399514878929425,28,4e-05,4.311123793083972,21,8e-05,6.2114348502271115,30,2e-05,2.8855412903248725,14,COOK:7502004,COOK:7502004,COOK:EVANSTON WARD 2 PRECINCT 4,1.5,21.27884884,15.13612413,15.13612413,15.13612413,15.13612413,1.520265264,15.13612413,1.520265264,17.923716602376768,40.93490625263388,17.00543420277271,6.236616692634886,4.255601128993324,5.577880127063799,2.5755754961700004,18.585674599157475,40.912774277434686,17.391957675038633,5.678748395450522,4.294757964318652,6.110929049871485,2.8378354807949964,15.606914968565832,42.82648422384192,20.42045811966727,9.521488070175085,3.965958309062573,0.011098375347882836,0.0061106029460492005,1.0,1.0,0.2,3.0,1.020192339,1.032307743,1.016153871,1.383846129,1.195666641,465.918252,461.51748,15.71657138,10.05831794,5.658253436,0.033732466,0.02158816,0.012144305,2437.85,490,1.0
COOK:7502005,COOK:7502005,COOK:Evanston Ward 2 Precinct 5,,,,,,,,,,0.350561715,0.129907422,0.444682452,0.071525879,0.034071153,3.71e-06,0.4618,0.9098,0.0902,0.7486,0.0463,0.0458,0.0003,0.1587,0.149626768,0.10684282,0.04499068,0.134371314,0.096415599,0.178159853,0.17048535,0.093331861,0.025775756,0.006932352,0.011423949,4.3e-05,0.006924887,0.018291365,0.000112999,0.038809066,0.027389475,0.150685127,0.038834454,0.102911749,0.066594216,0.116623708,0.03921189,0.180575335,0.194636425,,0.079039563,0.383084577,201.0,0.431372549,102.0,0.781990521,422.0,54.3,106655,105.2033497,0.390990395,0.254779371,1.830545524,1.488160012,1.135074339,0.991118826,1.302959678,0.798317228,1.135074339,complete,COOK,Evanston Ward 2 Precinct 5,0,1,0,Evanston,1,0,0,245,163,109,154,116,77,0.0103,18.60753857157872,30,0.98302,41.205027422575256,67,0.00642,17.42361975948655,28,6e-05,5.7089781288749775,9,4e-05,4.283259964516921,7,0.00016,6.179182711170037,10,0.0,2.839634651444747,5,COOK:7502005,COOK:7502005,COOK:EVANSTON WARD 2 PRECINCT 5,1.5,21.76869523,15.02415604,15.02415604,15.02415604,15.02415604,1.55526229,15.02415604,1.55526229,17.923417571071067,40.93410008576841,17.005118825726566,6.240845200675153,4.255553346091078,5.580766990108201,2.5774977757247237,18.583525698585767,40.910109971173405,17.38922807629301,5.682208216164372,4.294265737718301,6.1136989473488725,2.839640794782705,15.60661593726013,42.82567805697646,20.420142742621124,9.525716578215352,3.9659105261603274,0.013985238392285188,0.00803288250077236,1.0,1.0,0.2,3.0,1.046601752,1.074562803,1.037281401,1.362718599,1.31306477,141.2372284,139.6127783,6.315409194,2.348993844,3.96641535,0.044714905,0.016631549,0.028083356,306.29,163,1.0
COOK:7503001,COOK:7503001,COOK:Evanston Ward 3 Precinct 1,,,,,,,,,,0.76333708,0.077789885,0.059052351,0.088548471,0.015625834,0.001824577,0.5582,0.5579,0.4421,0.3609,0.2571,0.0493,0.0561,0.2765,0.093136169,0.110018647,0.15457925,0.150222489,0.153445662,0.14005144,0.091496846,0.078534418,0.026203578,0.057475879,0.005195744,0.015917645,0.00547554,0.0409063,0.048206557,0.054128729,0.016480414,0.039701639,0.0022835,0.03015996,0.11701989,0.091666488,0.042445619,0.143764905,0.286859689,,-0.151489679,0.573643411,258.0,0.034749035,259.0,0.444444444,594.0,44.8,117971,236.26176,-0.591104343,1.424500728,0.438486206,0.414319549,0.52450959,0.421550535,0.527896724,0.388075367,0.52450959,complete,COOK,Evanston Ward 3 Precinct 1,0,1,0,Evanston,1,0,0,572,377,254,196,147,98,0.00872,18.326393095485194,69,0.98256,41.21053497067416,155,0.00844,18.06011744524017,68,6e-05,5.323469097716843,20,8e-05,4.4519848424752695,17,0.00014,6.098138887169859,23,0.0,2.860093186369334,11,COOK:7503001,COOK:7503001,COOK:EVANSTON WARD 3 PRECINCT 1,1.2,44.33569336,9.865837627,9.865837627,9.865837627,9.865837627,3.167559253,9.865837627,3.167559253,17.92322780062171,41.35936220437145,18.0569087519334,6.004845334979848,4.389576454571264,5.570401092157404,2.573077755378492,18.251952971872278,41.01183965413175,18.07092393295094,5.22970709440282,4.352165481268144,6.08210029120105,2.813988016239446,15.606426166810772,43.250940175579494,21.471932668827957,9.289716712520047,4.0999336346405135,0.003619340441487988,0.0036128621545405944,1.0,1.0,0.2,3.0,1.026416004,1.042265606,1.021132803,1.378867197,1.005858316,465.4031747,460.7961682,16.40729731,13.73000297,2.677294343,0.035253944,0.029501309,0.005752634,1877.93,378,0.9976884723054638
COOK:7503002,COOK:7503002,COOK:Evanston Ward 3 Precinct 2,,,,,,,,,,0.751287828,0.064957756,0.072659887,0.083406656,0.013143258,0.00218523,0.5939,0.6111,0.3889,0.404,0.204,0.0375,0.0513,0.3032,0.093934041,0.110947167,0.148105551,0.148841474,0.148595073,0.136600461,0.091934412,0.079044098,0.023695707,0.056420222,0.007189631,0.015279525,0.007369919,0.039503958,0.046307322,0.052780986,0.016880206,0.035146149,0.001730763,0.033874944,0.115727654,0.091106587,0.043354357,0.138140245,0.280885518,,-0.09363271,0.498432602,319.0,0.177700348,287.0,0.543604651,688.0,44.9,117188,281.7310043,-0.344623574,0.962828667,0.940213159,0.729779422,0.700533092,0.572049419,0.77416584,0.373124221,0.700533092,complete,COOK,Evanston Ward 3 Precinct 2,0,1,0,Evanston,1,0,0,675,418,300,219,165,110,0.00872,18.220762742044183,76,0.98272,41.317117390275925,173,0.00842,18.07777010626109,76,0.0,5.294330239390316,22,4e-05,4.449824670977483,19,6e-05,6.105478593308562,26,4e-05,2.8365075145925336,12,COOK:7503002,COOK:7503002,COOK:EVANSTON WARD 3 PRECINCT 2,1.221782839,36.85921466,11.57479588,11.57479588,11.57479588,11.57479588,2.633402968,11.57479588,2.633402968,17.92328512235879,41.355342487430235,18.046655578872027,6.007708454843241,4.388271364807233,5.570665639265109,2.5730874567034756,18.254983743659572,41.01074444342782,18.06413618172911,5.234511444376864,4.35155846319257,6.082555143212408,2.8141880224680844,15.606483488547857,43.24692045863828,21.461679495766585,9.29257983238344,4.098628544876482,0.0038838875491934,0.0036225634795243704,1.0,1.0,0.2,3.0,1.049878364,1.079805382,1.039902691,1.360097309,1.004912647,247.1785182,244.735004,8.713317886,7.295515798,1.417802088,0.035251113,0.029515169,0.005735944,908.75,426,0.9816974936063521
COOK:7503003,COOK:7503003,COOK:Evanston Ward 3 Precinct 3,,,,,,,,,,0.721467116,0.069675513,0.096086916,0.095442684,0.016352296,0.000587408,0.6944,0.5595,0.4405,0.4709,0.1959,0.0467,0.011,0.2751,0.104197343,0.082671265,0.118864558,0.209253046,0.170991199,0.100873103,0.145125191,0.058023711,0.010000585,0.030440495,0.019924134,0.003258948,0.007369207,0.019159123,0.018530402,0.002574319,0.017177792,0.001776056,0.064676036,0.044244191,0.125958516,0.14263191,0.066066427,0.109478955,0.326733491,,0.019754071,,,0.272171254,327.0,,,43.7,125862,304.0198496,0.138423869,,1.271784789,,,,,0.446709156,0.446709156,demographic_only,COOK,Evanston Ward 3 Precinct 3,0,1,0,Evanston,1,0,0,741,494,329,165,124,83,0.00926,18.219562532895207,90,0.9826,41.31887810371999,204,0.008,18.095760405490175,89,6e-05,5.23391312338485,26,2e-05,4.32363452972407,21,4e-05,6.163118642261935,30,2e-05,2.876715042279313,14,COOK:7503003,COOK:7503003,COOK:EVANSTON WARD 3 PRECINCT 3,1.5,47.77099793,9.080602713,9.080602713,9.080602713,9.080602713,3.412994251,9.080602713,3.412994251,17.92315094288471,41.40507177582731,18.170277602479356,5.983551219965998,4.404020915999277,5.571586721265291,2.5737769491388365,18.215043726541833,41.02115081838058,18.14019844293636,5.1852561950101625,4.3577747142363545,6.080926127635147,2.8123274173260016,15.606349309073776,43.29664974703535,21.585301519373914,9.268422597506197,4.114378096068527,0.004804969549374764,0.004312055914885059,1.0,1.0,0.2,3.0,1.222973865,1.356758185,1.178379092,1.221620908,1.005887775,241.8744875,237.1192347,11.76395818,5.373639723,6.390318453,0.048636623,0.022216645,0.026419977,1764.25,494,1.0000000000000002
COOK:7503004,COOK:7503004,COOK:Evanston Ward 3 Precinct 4,,,,,,,,,,0.75268919,0.067074393,0.073469071,0.061647795,0.011325849,0.001226687,0.6628,0.6298,0.3702,0.5003,0.2442,0.0301,0.0325,0.1929,0.056092136,0.079248806,0.054743119,0.166054686,0.227191841,0.075685652,0.236970494,0.060499519,0.01560234,0.064847361,0.028133741,0.00188235,0.023456804,0.008042819,0.007057798,0.001600883,0.036386856,0.000167421,0.048267688,0.075641204,0.071561407,0.136563363,0.089762661,0.146126142,0.232590091,,0.002942972,0.459854015,137.0,0.168141593,339.0,0.510204082,294.0,47.5,121784,352.7581246,0.066805658,0.726018879,0.906664079,0.623521684,0.664738417,0.580752575,0.729920718,0.262415405,0.664738417,complete,COOK,Evanston Ward 3 Precinct 4,0,1,0,Evanston,1,0,0,842,501,374,178,134,89,0.0097,18.621736414394324,93,0.98256,41.25467353954627,207,0.00744,17.43297091056964,87,0.00016,5.65407309390993,28,2e-05,4.3305489904004135,22,0.0001,6.217892172112319,31,2e-05,2.806818358748389,14,COOK:7503004,COOK:7503004,COOK:EVANSTON WARD 3 PRECINCT 4,1.5,38.33308971,11.23790053,11.23790053,11.23790053,11.23790053,2.738703826,11.23790053,2.738703826,17.923527693456627,40.93439696778944,17.005234967655554,6.221144153836958,4.2555709428011355,5.570203148338253,2.5723970512144354,18.59210381324667,40.918914515010414,17.40042168638002,5.666052143516613,4.2964260873014775,6.103677115958872,2.8350820806523642,15.60672605964569,42.82597493899748,20.420258884550112,9.506015531377157,3.965928122870384,0.0034213966223372878,0.0029321579904843754,1.0,1.0,0.2,3.0,1.189447699,1.303116319,1.15155816,1.24844184,1.002912245,292.2857571,285.8635355,15.53602476,7.462278001,8.073746761,0.053153547,0.025530762,0.027622785,1249.21,515,0.9720884489404759
COOK:7503005,COOK:7503005,COOK:Evanston Ward 3 Precinct 5,,,,,,,,,,0.674878137,0.069994308,0.072672328,0.164468027,0.009864428,0.00065836,0.6996,0.5698,0.4302,0.446,0.2838,0.0437,0.0319,0.1942,0.097397616,0.065878587,0.144796599,0.194427736,0.167731219,0.114876807,0.13395361,0.071448148,0.009489679,0.043923419,0.021369526,0.009826941,0.018970665,0.033222004,0.028858683,0.010313614,0.049566886,0.001680044,0.047284161,0.021949808,0.129847166,0.126643745,0.078682262,0.09491811,0.282942966,,-0.042588327,0.363636364,220.0,0.234567901,243.0,0.657232704,636.0,43.9,116421,246.9604057,-0.127165609,0.13539897,1.139805479,1.091266073,0.686523337,0.559826228,0.802519187,0.512635858,0.686523337,complete,COOK,Evanston Ward 3 Precinct 5,0,1,0,Evanston,1,0,0,599,399,266,211,159,106,0.00938,18.270673274638057,73,0.982,41.208987957444826,164,0.00844,18.09777254153368,72,0.0,5.221525662545226,21,2e-05,4.402451279044669,18,0.00016,6.152097838457875,25,0.0,2.838264734177873,11,COOK:7503005,COOK:7503005,COOK:EVANSTON WARD 3 PRECINCT 5,1.297905268,37.43273179,11.44370251,11.44370251,11.44370251,11.44370251,2.674377843,11.44370251,2.674377843,17.922381437843523,41.39464874121937,18.14883877824543,5.986161239832185,4.401269456340094,5.572472968147634,2.5756985209399086,18.221402359564884,41.01779094164959,18.127427609219268,5.192278815430616,4.3567970959114355,6.0822720028405275,2.8147086174501115,15.605579804032587,43.28622671242742,21.56386269513999,9.271032617372384,4.111626636409343,0.0056912164317180595,0.0062336277159575505,1.0,1.0,0.2,3.0,1.093715101,1.149944161,1.074972081,1.325027919,1.008758342,68.57974747,67.24745529,3.327502847,1.552726715,1.774776132,0.048520197,0.022641184,0.025879012,1254.67,399,1.0
COOK:7504001,COOK:7504001,COOK:Evanston Ward 4 Precinct 1,,,,,,,,,,0.705923117,0.045910356,0.156177252,0.090377066,0.022081307,0.001580036,0.4366,0.4506,0.5494,0.3566,0.2645,0.0825,0.0406,0.2333,0.117565718,0.112506378,0.178833905,0.110160574,0.178227548,0.137924232,0.102577212,0.036835494,0.025368942,0.063202128,0.013307609,4.47e-05,0.023302637,0.043127663,0.013313651,0.000147541,0.020005481,0.112740987,0.073085944,0.10957674,0.079861052,0.029930965,0.083104323,0.142653144,0.192595389,,0.189150118,0.57037037,135.0,0.5625,128.0,0.763157895,304.0,44.3,83811,125.4119028,0.860080545,1.404409579,2.290773382,1.428247493,1.638947033,1.49587775,1.79792616,0.596639198,1.638947033,complete,COOK,Evanston Ward 4 Precinct 1,0,1,0,Evanston,1,0,0,312,208,139,99,75,50,0.00872,18.254267507825027,38,0.98226,41.24024183907834,86,0.0088,18.065201524495816,38,8e-05,5.262998120093147,11,2e-05,4.359693168337089,9,0.0001,6.125541037283661,13,2e-05,2.8393165300742056,6,COOK:7504001,COOK:7504001,COOK:EVANSTON WARD 4 PRECINCT 1,1.2,11.13239357,17.45538018,17.45538018,17.45538018,17.45538018,0.795352764,17.45538018,0.795352764,17.923207415166026,41.38017850773274,18.108455392845364,5.999445712931859,4.396144443815508,5.573148183004763,2.5743879700927508,18.233392721879994,41.01429587413572,18.100014281240142,5.212952860302565,4.354251863917669,6.083659495842527,2.814110344747824,15.606405781355088,43.27175647894079,21.523479309739923,9.284317090472058,4.106501623884758,0.006366431288846843,0.00492307686879952,1.0,1.0,0.2,3.0,1.021247495,1.033995991,1.016997996,1.383002004,1.015451918,101.8232043,100.6060826,2.840923923,0.815307446,2.025616477,0.027900555,0.008007089,0.019893466,554.02,208,1.0000000000000002
COOK:7504002,COOK:7504002,COOK:Evanston Ward 4 Precinct 2,,,,,,,,,,0.684346628,0.090102848,0.128464983,0.089222354,0.018627256,0.002940493,0.4353,0.4571,0.5429,0.3826,0.2537,0.0721,0.0346,0.2348,0.107923045,0.09686981,0.17483285,0.105398098,0.165278853,0.161015918,0.10720829,0.052329733,0.029143405,0.048638718,0.014222162,4.63e-05,0.02429497,0.034386137,0.026281252,7.51e-05,0.01219045,0.101104398,0.097074175,0.109225495,0.1032187,0.046541716,0.095092745,0.113398619,0.174209098,,0.085146719,0.542056075,214.0,0.277777778,180.0,0.697368421,456.0,45.9,82862,169.9895933,0.417007944,1.230605852,1.291462427,1.218950439,1.126952114,1.039506666,1.177343266,0.519605105,1.126952114,complete,COOK,Evanston Ward 4 Precinct 2,0,1,0,Evanston,1,0,0,401,267,178,162,122,81,0.01026,18.64475178967096,50,0.98206,41.168978796587055,110,0.00738,17.419331108282126,47,8e-05,5.728036115941966,15,8e-05,4.281868533405926,11,0.00014,6.076403572393518,16,0.0,2.852786533872067,8,COOK:7504002,COOK:7504002,COOK:EVANSTON WARD 4 PRECINCT 2,1.2,21.99817495,14.97170203,14.97170203,14.97170203,14.97170203,1.571657446,14.97170203,1.571657446,17.923220288071345,40.933568225008486,17.004910758783335,6.223923951740041,4.255521821785394,5.572350256507823,2.573993744448817,18.590566491618464,40.91685051588429,17.39849462300092,5.668326258895325,4.296090935848104,6.105747033530511,2.836601583288814,15.606418654260409,42.82514619621653,20.419934675677894,9.50879532928024,3.9658790018546433,0.005568504791907218,0.004528851224865961,1.0,1.0,0.2,3.0,1.030278762,1.04844602,1.02422301,1.37577699,1.019690679,244.5630068,241.6777662,7.063364057,2.463936976,4.599427081,0.028881572,0.010074856,0.018806716,1283.9,267,0.9999999999999997
COOK:7504003,COOK:7504003,COOK:Evanston Ward 4 Precinct 3,,,,,,,,,,0.548530802,0.070472037,0.033216263,0.33676337,0.001964668,3.28e-06,0.6435,0.3967,0.6033,0.3137,0.3092,0.1285,0.0586,0.1898,0.025899893,0.02340708,0.42696213,0.129591345,0.043052751,0.088614757,0.11507422,0.093887412,0.053510413,0.155627625,0.034158875,0.027156736,0.050746418,0.018895229,0.01067352,0.061493833,0.075465083,0.015300644,0.029664884,0.079113816,0.12039351,0.036657966,0.11080724,0.068439229,0.105405394,,-0.028789085,0.420289855,138.0,-0.052631579,133.0,0.572864322,398.0,33.2,63947,148.2951173,-0.068378433,0.483159275,0.131799906,0.822863658,0.362378935,0.342361101,0.320266696,1.064164252,0.362378935,complete,COOK,Evanston Ward 4 Precinct 3,0,1,0,Evanston,1,0,0,353,235,157,154,116,77,0.00788,18.006383676059226,42,0.98274,41.32342082586737,97,0.00916,18.58993986946491,44,2e-05,4.9562482929543625,12,8e-05,4.443071402010456,10,0.00012,6.069051494493086,14,0.0,2.8429252375484326,7,COOK:7504003,COOK:7504003,COOK:EVANSTON WARD 4 PRECINCT 3,1.2,51.52153165,8.223313364,8.223313364,8.223313364,8.223313364,3.680950764,8.223313364,3.680950764,17.920460663107036,41.67749387378268,18.858453350968713,5.837440804900195,4.491645735542178,5.575214275245004,2.5807396421107205,17.997331696532818,41.079692398683946,18.56157525950453,4.905055731990637,4.392718991449584,6.070783467610946,2.805519896293973,15.603659029296102,43.56907184499073,22.27347726786327,9.122312182440394,4.202002915611427,0.00843252352908762,0.011274748886769482,1.0,1.0,0.2,3.0,1.007828585,1.012525736,1.006262868,1.393737132,1.01453096,108.9228596,106.8457836,5.31643254,2.822902436,2.493530104,0.048809153,0.025916529,0.022892624,1002.64,235,1.0000000000000002
COOK:7504004,COOK:7504004,COOK:Evanston Ward 4 Precinct 4,,,,,,,,,,0.717049361,0.067632695,0.122335504,0.066769822,0.016218737,0.000670986,0.5857,0.5169,0.4831,0.373,0.1727,0.1568,0.0597,0.2066,0.067691373,0.122973018,0.166247921,0.09741107,0.090286503,0.131491259,0.176571661,0.109060066,0.038267128,0.062142258,0.066671074,0.024013816,0.020581769,0.013248842,0.014369976,0.03008435,0.023684297,0.017639437,0.075377601,0.059721084,0.098849156,0.056583408,0.082757075,0.133465406,0.220810452,,-0.142459546,0.73126615,387.0,0.206730769,416.0,0.584816133,843.0,52.6,98386,341.1679251,-0.552634403,2.392048022,1.042103407,0.860886136,1.095074571,0.93560079,1.116375095,0.853696384,1.095074571,complete,COOK,Evanston Ward 4 Precinct 4,0,1,0,Evanston,1,0,0,842,561,374,255,192,128,0.00996,18.618888601600695,104,0.98282,41.209433386502724,231,0.0069,17.376318937309602,97,8e-05,5.713619417420746,32,0.0,4.353937962194398,24,0.00024,6.11770000803954,34,0.0,2.811069012745711,16,COOK:7504004,COOK:7504004,COOK:EVANSTON WARD 4 PRECINCT 4,1.2,22.91850485,14.7613349,14.7613349,14.7613349,14.7613349,1.637410326,14.7613349,1.637410326,17.923470592319184,40.93424302723503,17.00517474523832,6.22371725798337,4.255561818478643,5.571678960797547,2.573191601626671,18.590935352405378,40.91764407023623,17.39890852019211,5.668162324151857,4.296139435732017,6.105082018351212,2.8358057209976457,15.606668958508246,42.82582099844307,20.42019866213288,9.50858863552357,3.9659189985478918,0.004897209081631047,0.003726708402719779,1.0,1.0,0.2,3.0,1.009251535,1.014802456,1.007401228,1.392598772,1.042067498,490.7259445,483.4292525,20.26487093,10.45210479,9.812766148,0.041295699,0.021299271,0.019996428,2495.45,561,0.9999999999999997
COOK:7504005,COOK:7504005,COOK:Evanston Ward 4 Precinct 5,,,,,,,,,,0.667997955,0.091685146,0.191352506,0.036159656,0.026672286,0.012727789,0.3967,0.4915,0.5085,0.3949,0.2714,0.0603,0.0301,0.2323,0.127572667,0.108672637,0.080854656,0.08256927,0.205860594,0.169905978,0.152914785,0.046456801,0.025192613,0.06756076,0.01142235,0.019698829,0.025336809,0.030942156,0.011298597,7.49e-05,0.019714642,0.162890775,0.025601889,0.062040279,0.070550832,0.047906384,0.078911809,0.132372899,0.2336761,,0.042002814,0.572327044,159.0,0.253731343,134.0,0.742765273,311.0,50.1,97472,103.1230575,0.233207391,1.416420375,1.207064849,1.363372135,1.152401933,1.055016188,1.182811666,0.464636473,1.152401933,complete,COOK,Evanston Ward 4 Precinct 5,0,1,0,Evanston,1,0,0,240,160,107,100,75,50,0.01004,18.672586920376585,30,0.98286,41.2331099771592,66,0.0069,17.407424467584903,28,6e-05,5.722361171261328,9,6e-05,4.368994474967751,7,8e-05,6.166564823877178,10,0.0,2.838357007987133,5,COOK:7504005,COOK:7504005,COOK:EVANSTON WARD 4 PRECINCT 5,1.2,21.28590282,15.13451174,15.13451174,15.13451174,15.13451174,1.520769234,15.13451174,1.520769234,17.92381183911384,40.93516300401855,17.00553464536935,6.22755279103548,4.255616347091266,5.572919731740405,2.5730948663016666,18.589670939529576,40.916950342289994,17.397160433614395,5.671316888568442,4.295756412912463,6.106218114386502,2.8356043107650737,15.607010205302904,42.8267409752266,20.42055856226391,9.512424168575679,3.9659735271605143,0.006137980024489,0.003629973077715263,1.0,1.0,0.2,3.0,1.033070486,1.052912777,1.026456389,1.373543611,1.035944101,118.1881457,116.8518319,3.464385723,1.343755994,2.120629728,0.029312464,0.011369634,0.017942829,640.92,160,1.0
COOK:7504006,COOK:7504006,COOK:Evanston Ward 4 Precinct 6,,,,,,,,,,0.641279696,0.049509428,0.087275951,0.205636043,0.010477027,0.001160186,0.6375,0.332,0.668,0.3447,0.1621,0.1819,0.0833,0.2181,0.06287314,0.070349091,0.338240281,0.130166576,0.066331524,0.089540205,0.119551633,0.084439856,0.038507696,0.083016749,0.007010622,0.02388988,0.043175576,0.014814674,0.019340585,0.094309127,0.052291674,5.84e-05,0.076166447,0.08297852,0.136387107,0.027444558,0.070548028,0.053632911,0.21493514,,-0.014547946,0.547619048,336.0,0.136645963,322.0,0.627421759,671.0,36.1,75540,280.5422659,-0.0077087,1.26475346,0.796121503,0.996428061,0.842781601,0.762398581,0.849526185,1.200366184,0.842781601,complete,COOK,Evanston Ward 4 Precinct 6,0,1,0,Evanston,1,0,0,647,431,287,225,169,113,0.00826,17.965550970617834,77,0.98206,41.289102278182185,178,0.00958,18.515288176294625,80,4e-05,4.98798009139631,21,4e-05,4.442893104843904,19,2e-05,6.092649431092149,26,0.0,2.861410682042551,12,COOK:7504006,COOK:7504006,COOK:EVANSTON WARD 4 PRECINCT 6,1.2,31.31212983,12.84273722,12.84273722,12.84273722,12.84273722,2.237092037,12.84273722,2.237092037,17.921922490528367,41.68143485523724,18.85999508524645,5.841015293278057,4.491879324318473,5.573797587760952,2.577212647791485,17.99747915271435,41.08228737413174,18.56121673865443,4.90798185266807,4.392529381482236,6.069278410283884,2.801904532131727,15.605120856717429,43.573012826445286,22.275019002141008,9.125886670818256,4.202236504387723,0.007015836045035818,0.0077477545675340665,1.0,1.0,0.2,3.0,1.006697853,1.010716565,1.005358283,1.394641717,1.022565186,288.7553091,282.6451958,14.95261152,8.100721721,6.851889795,0.051782984,0.028053932,0.023729052,1378.17,431,0.9999999999999996
COOK:7504007,COOK:7504007,COOK:Evanston Ward 4 Precinct 7,,,,,,,,,,0.642077896,0.048844193,0.101731177,0.198655505,0.006495568,0.0,0.5991,0.4747,0.5253,0.2967,0.3776,0.0321,0.0633,0.2303,0.032581856,0.031502857,0.19128984,0.159069523,0.069245681,0.123300458,0.189337237,0.105046089,0.09862646,0.101927847,0.049033805,8.96e-05,0.049064208,0.035016035,0.015783614,0.071836804,0.075388772,0.02987444,0.014071941,0.057898028,0.099962496,0.031621915,0.194506387,0.056262699,0.117661374,,-0.160029931,,,0.115942029,138.0,,,53.3,75004,117.9822877,-0.627487305,,0.723455351,,,,,0.59792657,0.59792657,demographic_only,COOK,Evanston Ward 4 Precinct 7,0,1,0,Evanston,1,0,0,279,186,124,99,75,50,0.0099,18.59764788456132,35,0.98344,41.17128116547868,77,0.00642,17.41792871089778,32,8e-05,5.703069684630833,11,2e-05,4.359842399939538,8,0.0001,6.156113935709947,11,4e-05,2.841785539522367,5,COOK:7504007,COOK:7504007,COOK:EVANSTON WARD 4 PRECINCT 7,1.2,41.15320435,10.59328448,10.59328448,10.59328448,10.59328448,2.940186639,10.59328448,2.940186639,17.922000310629617,40.93027925368213,17.003624094562557,6.221919015337873,4.25532687877532,5.574044767301287,2.577174047018563,18.590061712450222,40.914281872603965,17.398169166364248,5.666653497475788,4.296183271933403,6.107493789852118,2.8398341313867026,15.60519867681868,42.82185722489018,20.418648011457115,9.506790392878072,3.965684058844569,0.007263015585371242,0.00770915379461212,1.0,1.0,0.2,3.0,1.012667516,1.020268025,1.010134013,1.389865987,1.009494661,40.23328515,39.7898969,1.351928968,0.692625312,0.659303656,0.033602252,0.017215231,0.01638702,692.77,186,1.0
COOK:7505001,COOK:7505001,COOK:Evanston Ward 5 Precinct 1,,,,,,,,,,0.122626221,0.256747952,0.607204034,0.0193155,0.040753156,0.001498083,0.1642,0.5008,0.4992,0.7748,0.0337,0.0,0.04,0.1331,0.181024628,0.147301391,0.166609621,0.148765006,0.112952631,0.076499006,0.089229653,0.052276136,0.025341929,0.040590907,0.114562335,0.16422787,0.012444788,0.028711625,0.068178969,0.106135324,0.000443888,0.006664025,0.000124269,0.069315718,0.109666931,0.110317816,0.02600901,0.092158856,0.05044767,,0.035449682,0.010752688,186.0,0.465346535,202.0,0.819277108,498.0,40.5,38358,259.7393437,0.205289907,-2.030732947,1.949786573,1.606780398,0.607230649,0.432780983,0.910631768,1.236178064,0.607230649,complete,COOK,Evanston Ward 5 Precinct 1,0,1,0,Evanston,1,0,0,609,406,271,151,114,76,0.00886,18.104202600107506,74,0.9825,41.32602420661947,168,0.0085,18.314542734227597,74,8e-05,5.094581784922105,21,0.0,4.383911751787082,18,6e-05,6.186569704091614,25,0.0,2.8576938237423564,12,COOK:7505001,COOK:7505001,COOK:EVANSTON WARD 5 PRECINCT 1,1.5,40.75561677,10.68416423,10.68416423,10.68416423,10.68416423,2.911781033,10.68416423,2.911781033,17.92399962033148,41.540935820029716,18.501208770966922,5.943581853649645,4.446212506899256,5.584131709722278,2.5779099944055663,18.100549873872755,41.042326981854856,18.32828480931458,5.074738226397675,4.371632963217104,6.086077620454434,2.8090669669550317,15.607197986520541,43.43251379123777,21.91623268786148,9.228453231189844,4.156569686968505,0.017349958006361202,0.008445101181615195,1.0,1.0,0.2,3.0,1.00116997,1.001871953,1.000935976,1.399064024,1.294745614,298.4691841,296.6344943,9.573950749,2.746292636,6.827658112,0.032076848,0.00920126,0.022875588,1937.62,406,1.0
COOK:7505002,COOK:7505002,COOK:Evanston Ward 5 Precinct 2,,,,,,,,,,0.575980078,0.075687274,0.093391679,0.246105071,0.005143003,0.001363663,0.3449,0.2545,0.7455,0.2668,0.0617,0.0664,0.4512,0.1538,0.057602691,0.074432499,0.516891288,0.071095435,0.056644037,0.067733386,0.064737793,0.066848545,0.024014325,0.190484653,0.041308106,0.011168797,0.058982117,0.039918386,0.04692321,0.05596604,0.041511313,0.021378435,0.104889214,0.062068353,0.030808058,0.065886611,0.050305193,0.03026269,0.148138825,,0.226000343,0.538461538,195.0,0.300813008,246.0,0.718574109,533.0,27.4,48213,287.971881,1.017068924,1.20854124,1.372310903,1.286412417,1.256607569,1.221083371,1.286853075,1.577316901,1.256607569,complete,COOK,Evanston Ward 5 Precinct 2,0,1,0,Evanston,1,0,0,695,463,309,224,168,112,0.02898,17.29519186211726,80,0.8571,34.53508969267188,160,0.11188,22.839944192423552,106,0.00032,4.5190450718138315,21,0.0011,8.335151244292922,39,0.00054,6.220958992080326,29,8e-05,2.9297637210907714,14,COOK:7505002,COOK:7505002,COOK:EVANSTON WARD 5 PRECINCT 2,1.201223388,18.57350232,15.75450672,15.75450672,15.75450672,15.75450672,1.326982047,15.75450672,1.326982047,16.52658048091389,33.730767451765274,20.71597233380104,4.700833299896878,7.596227072376543,5.5748701156215805,2.578594906382776,17.18395015223878,34.17679881562724,22.670585309778524,4.436083444406161,8.29164825237119,6.16033780753302,2.8932736601115248,14.209778847102953,35.622345422973325,24.1309962506956,7.985704677437077,7.306584252445791,0.008088363905664867,0.009130013158825109,1.0,1.0,0.2,3.0,1.001002614,1.001604182,1.000802091,1.399197909,1.02543401,324.2627099,320.1775104,4.595849431,2.042599747,2.553249684,0.014173228,0.006299213,0.007874016,3518.58,463,0.9999999999999997
COOK:7505003,COOK:7505003,COOK:Evanston Ward 5 Precinct 3,,,,,,,,,,0.200094474,0.17519338,0.562925044,0.059764043,0.029990779,0.004435587,0.2285,0.4136,0.5864,0.5651,0.0789,0.0121,0.0752,0.2222,0.123969098,0.184634178,0.107128787,0.122830772,0.182324795,0.096807309,0.092539871,0.063039574,0.026725615,0.092756508,0.040871916,0.039038872,0.067463361,0.024503236,0.045315308,0.051766348,0.03284699,0.147149831,0.069708886,0.084757186,0.086640597,0.066274499,0.010131865,0.025334062,0.115440531,,0.083595762,0.195652174,184.0,0.581395349,172.0,0.792494481,453.0,44.8,48583,247.8519595,0.410400597,-0.895750783,2.357091807,1.52157642,1.042998631,0.84832951,1.34475109,1.414582651,1.042998631,complete,COOK,Evanston Ward 5 Precinct 3,0,1,0,Evanston,1,0,0,594,396,264,158,119,79,0.00854,18.252105466934847,72,0.98276,41.22501098434763,163,0.00856,18.056961489006664,72,6e-05,5.279460416429995,21,0.0,4.3665822888346275,17,4e-05,6.114487827844661,24,4e-05,2.858994418760858,11,COOK:7505003,COOK:7505003,COOK:EVANSTON WARD 5 PRECINCT 3,1.272019058,24.4899049,14.40214748,14.40214748,14.40214748,14.40214748,1.749678848,14.40214748,1.749678848,17.92354869381095,41.36022730930054,18.05724718588403,6.031811402697951,4.38962773083432,5.583799561545857,2.57864232824151,18.241061738286103,41.00132736861279,18.05583013719535,5.251595917487116,4.349250243492553,6.094779104239777,2.81883293275274,15.606747060000016,43.25180528050859,21.47227110277859,9.31668278023815,4.099984910903569,0.01701780982994118,0.009177435017558772,1.0,1.0,0.2,3.0,1.001002161,1.001603457,1.000801728,1.399198272,1.090750541,389.0242924,385.7671054,13.28870795,4.499241878,8.789466069,0.03415907,0.011565452,0.022593618,3044.52,396,1.0000000000000002
COOK:7506001,COOK:7506001,COOK:Evanston Ward 6 Precinct 1,,,,,,,,,,0.828757625,0.039073519,0.032333815,0.071319935,0.006014442,0.001501044,0.5924,0.7767,0.2233,0.5352,0.0988,0.0244,0.0329,0.2962,0.1192549,0.122760175,0.039519858,0.06762629,0.137369726,0.141687396,0.12824138,0.088119784,0.15542049,0.027442191,0.026173133,0.023533207,0.007834034,0.007835513,0.011801764,0.006532992,0.00262524,0.014373028,0.024851503,0.064032384,0.041974202,0.085118433,0.048505105,0.102175069,0.505192201,,-0.350761842,0.591731266,387.0,0.01305483,383.0,0.384439359,874.0,57.8,201028,350.6778324,-1.440038479,1.535530744,0.362344426,0.22342446,0.350553578,0.170315288,0.388959406,-0.180487616,0.350553578,complete,COOK,Evanston Ward 6 Precinct 1,0,1,0,Evanston,1,0,0,818,545,363,266,200,133,0.01076,18.982540032399147,103,0.98378,41.61226158845567,227,0.0053,17.09779704740262,93,0.0001,5.330776731311917,29,0.0,4.235932562040781,23,4e-05,6.114807124276253,33,2e-05,2.946401980645711,16,COOK:7506001,COOK:7506001,COOK:EVANSTON WARD 6 PRECINCT 1,1.5,52.04668383,8.10327515,8.10327515,8.10327515,8.10327515,3.71847021,8.10327515,3.71847021,18.245573286342953,41.29476166682929,16.69868280603292,5.858286503589255,4.173185147738124,5.5692725452732645,2.5721786111336447,18.96322112674591,41.31257187573267,17.0972573935223,5.2863777026307766,4.212798813640159,6.104166701058464,2.836283828736153,15.928771652532015,43.18633963803734,20.11370672292748,9.143157881129454,3.8835423278073726,0.0024907935573481605,0.0027137179096935328,1.0,1.0,0.2,3.0,1.000119867,1.000191787,1.000095894,1.399904106,1.12970274,423.5760187,420.6413207,7.457323258,4.792206519,2.665116738,0.017605631,0.011313687,0.006291944,1914.39,545,0.9999999999999994
COOK:7506002,COOK:7506002,COOK:Evanston Ward 6 Precinct 2,,,,,,,,,,0.87816546,0.035910499,0.045164025,0.026728682,0.010889224,9.4e-06,0.6258,0.9585,0.0415,0.4976,0.1385,0.0289,0.0456,0.2817,0.12492004,0.151654923,0.02061095,0.026882948,0.217991254,0.150368168,0.188792587,0.088441978,0.030337152,5.8e-05,0.033250742,0.018144145,7.75e-06,1.11e-05,0.01517785,4e-05,3.29e-05,0.003035348,0.009136727,0.01824069,0.072824438,0.154152654,0.057599213,0.148357717,0.469930748,,-0.327789464,0.601895735,211.0,0.041860465,215.0,0.489959839,498.0,54.9,189866,187.5234849,-1.342172146,1.597924054,0.463445725,0.559118366,0.500140787,0.319579,0.528914132,-0.068903137,0.500140787,complete,COOK,Evanston Ward 6 Precinct 2,0,1,0,Evanston,1,0,0,464,309,206,140,105,70,0.01042,18.62052590965969,58,0.98226,41.2808018273183,128,0.0071,17.365130755555963,54,8e-05,5.743829243496217,18,4e-05,4.32199235573647,13,0.0001,6.162243960240607,19,0.0,2.825528009737589,9,COOK:7506002,COOK:7506002,COOK:EVANSTON WARD 6 PRECINCT 2,1.8,45.4064992,9.621075012,9.621075012,9.621075012,9.621075012,3.244062871,9.621075012,3.244062871,17.92391697704899,40.935446448320235,17.00564553038639,6.219823756854398,4.255633147324492,5.568636044199402,2.5709076716096657,18.59310635515781,40.920579574393834,17.401626535656433,5.664977303090644,4.296610471011803,6.102147256764173,2.833629945991746,15.607115343238055,42.827024419528286,20.420669447280947,9.504695134394597,3.9659903273937402,0.001854292483486252,0.0014427783857145255,1.0,1.0,0.2,3.0,1.000061286,1.000098058,1.000049029,1.399950971,1.132561806,224.9988271,223.7139059,3.642944766,2.783995963,0.858948803,0.01619095,0.01237338,0.00381757,790.53,309,1.0000000000000002
COOK:7506003,COOK:7506003,COOK:Evanston Ward 6 Precinct 3,,,,,,,,,,0.886786063,0.027989546,0.0277029,0.051778077,0.00146283,2.34e-05,0.6372,0.9749,0.0251,0.449,0.1583,0.0192,0.0318,0.329,0.132095351,0.144832679,0.008882009,0.036821608,0.192706866,0.151583228,0.204188269,0.083454129,0.045435861,0.000301941,0.048103483,0.034739513,0.000135016,0.000199895,0.027271812,0.00027517,0.00010789,0.016061459,0.000436167,0.033220047,0.094457364,0.15052015,0.05447029,0.140073157,0.399626647,,-0.204145471,0.584541063,207.0,0.113122172,221.0,0.531827515,487.0,56.5,164171,186.6319311,-0.815427192,1.49139459,0.713558288,0.69231264,0.673358129,0.520459581,0.711977871,-0.077831499,0.673358129,complete,COOK,Evanston Ward 6 Precinct 3,0,1,0,Evanston,1,0,0,450,300,200,142,107,71,0.0106,18.829777166641044,56,0.9823,41.44143432536816,124,0.0069,17.262796039354672,52,6e-05,5.506366203262928,17,6e-05,4.2351618767706976,13,8e-05,6.143742673379336,18,0.0,2.8030206571928824,8,COOK:7506003,COOK:7506003,COOK:EVANSTON WARD 6 PRECINCT 3,1.8,37.97562713,11.31960859,11.31960859,11.31960859,11.31960859,2.713164947,11.31960859,2.713164947,18.0962199115286,41.12790184381625,16.84118756063833,6.0255734909867495,4.211462507526308,5.568707889559269,2.5714895250338725,18.791480830842442,41.1307172003569,17.23894917523001,5.461795421753507,4.251793876572683,6.1029741200095025,2.834966817301415,15.779418277717662,43.01947981502429,20.256211477532887,9.310444868526949,3.921819687595557,0.001926137843352845,0.0020246318099213794,1.0,1.0,0.2,3.0,1.000048719,1.000077951,1.000038975,1.399961025,1.2685455,324.9221122,323.0721058,5.246254414,4.011603213,1.234651201,0.016146191,0.012346353,0.003799837,1046.67,300,1.0
COOK:7506004,COOK:7506004,COOK:Evanston Ward 6 Precinct 4,,,,,,,,,,0.871873615,0.017809786,0.057909439,0.043053499,0.003928322,0.000895706,0.6067,0.7927,0.2073,0.5515,0.203,0.0149,0.0054,0.2178,0.16846463,0.10135294,0.027598932,0.106982703,0.165945183,0.077094361,0.141711354,0.067749886,0.143100011,0.018545377,0.037310373,0.02411619,0.004763501,0.004673234,0.030825663,0.003713407,5.58e-07,0.006659869,0.022025049,0.065269724,0.048565915,0.091016962,0.110556941,0.122932934,0.409024304,,-0.283829859,0.617312073,439.0,-0.009756098,410.0,0.480176211,908.0,56.4,162998,364.0511396,-1.154896569,1.692555299,0.2822832,0.527993562,0.48070185,0.336983873,0.469761715,-0.23032524,0.48070185,complete,COOK,Evanston Ward 6 Precinct 4,0,1,0,Evanston,1,0,0,869,579,386,171,129,86,0.00986,18.750344637459897,109,0.98426,41.39834238322906,240,0.00564,17.26944660142049,100,0.0001,5.524754909550898,32,4e-05,4.28559247082698,25,0.0001,6.119445077028596,35,0.0,2.846855398049412,16,COOK:7506004,COOK:7506004,COOK:EVANSTON WARD 6 PRECINCT 4,1.8,46.26449741,9.424955531,9.424955531,9.424955531,9.424955531,3.305362469,9.424955531,3.305362469,18.08481169519005,41.11528350796125,16.852234370217754,6.040106503845998,4.214419783865599,5.5693550929151225,2.5715976839945656,18.777645721275093,41.11623690227735,17.24900857427948,5.476657780132628,4.254619999057172,6.103527406073981,2.8349810589707336,15.768010061379115,43.006861479169295,20.267258287112313,9.324977881386197,3.9247769639348475,0.0025733411992069238,0.002132790770614333,1.0,1.0,0.2,3.0,1.000168664,1.000269862,1.000134931,1.399865069,1.441425005,411.3253339,408.3598031,7.37564592,4.548385613,2.827260308,0.017931417,0.011057879,0.006873538,1646.59,579,1.000000000000001
COOK:7506005,COOK:7506005,COOK:Evanston Ward 6 Precinct 5,,,,,,,,,,0.853446097,0.045819698,0.032728831,0.054063577,0.003280702,0.000820549,0.6054,0.6954,0.3046,0.3445,0.1729,0.0,0.0588,0.4101,0.10327568,0.121307396,0.048367292,0.113022061,0.137642632,0.122518949,0.177674663,0.089209526,0.086981801,0.022316185,0.003762121,0.012421876,0.042028673,0.011138471,0.070469062,0.011141187,0.025964485,0.050702345,0.045792563,0.124991255,0.052046949,0.068158914,0.021159973,0.073210851,0.364695091,,-0.237399688,0.655737705,366.0,0.075718016,383.0,0.443890274,802.0,55.6,109986,298.9677113,-0.957095951,1.928426193,0.582278114,0.412556559,0.645478635,0.491541229,0.663626012,0.128683497,0.645478635,complete,COOK,Evanston Ward 6 Precinct 5,0,1,0,Evanston,1,0,0,720,480,320,242,182,121,0.01046,18.685045065852954,90,0.98282,41.26593301160545,198,0.0064,17.34912531551844,83,0.00012,5.587744439564471,27,4e-05,4.283881409143719,21,0.00012,6.120787843819275,29,4e-05,2.8374687423953175,14,COOK:7506005,COOK:7506005,COOK:EVANSTON WARD 6 PRECINCT 5,1.5,39.13733137,11.05406861,11.05406861,11.05406861,11.05406861,2.796162792,11.05406861,2.796162792,17.99264511905524,41.01190820672585,16.939658759139228,6.141741456499622,4.237934046410848,5.568898881490803,2.5716278906954284,18.672367029456964,41.0042371148151,17.33656116299705,5.583416873666999,4.278711715081699,6.1027217375133525,2.8346618085352877,15.675843485244306,42.9034861779339,20.354682676033786,9.42661283403982,3.9482912264800962,0.0021171297748867925,0.002162997471477267,1.0,1.0,0.2,3.0,1.000111393,1.000178228,1.000089114,1.399910886,1.085195792,319.707147,317.4340278,5.888041793,3.75795177,2.130090023,0.018416985,0.011754356,0.006662629,1614.62,480,1.0
COOK:7506006,COOK:7506006,COOK:Evanston Ward 6 Precinct 6,,,,,,,,,,0.927781237,0.018149124,0.018673964,0.022750509,0.005731372,0.001255589,0.5693,0.7705,0.2295,0.3982,0.1467,0.0041,0.0549,0.3778,0.120034944,0.133382638,0.03171002,0.09901768,0.140218559,0.117843483,0.13487843,0.101815903,0.12109834,0.027441196,0.009640958,0.018911732,0.020084258,0.004170185,0.040150381,0.015513192,0.004000835,0.035796534,0.022182163,0.082354617,0.064719526,0.047345474,0.043699135,0.069687991,0.494301822,,-0.356878983,,,0.091428571,350.0,,,56.8,195912,314.7184953,-1.466098565,,0.637418628,,,,,-0.182851815,-0.182851815,demographic_only,COOK,Evanston Ward 6 Precinct 6,0,1,0,Evanston,1,0,0,758,505,337,203,153,102,0.00366,20.091852021130705,101,0.99592,46.05430532420193,233,0.00038,12.920684810952448,65,0.0,4.678811241258223,24,0.0,3.227542268090139,16,4e-05,6.112004888849365,31,0.0,2.81966194062379,14,COOK:7506006,COOK:7506006,COOK:EVANSTON WARD 6 PRECINCT 6,1.8,73.85801148,3.477535025,3.477535025,3.477535025,3.477535025,5.276778369,3.477535025,3.477535025,19.24587519011695,45.67560829897646,12.786381189875364,5.226415212878548,3.2008644625432843,5.567809234540948,2.5704382515996818,20.148169322846456,45.93141057175044,12.954804777104545,4.652527067940682,3.176578430147223,6.108673596700523,2.8405136755765663,16.929073556306015,47.5671862701845,16.201405106769922,8.511286590418747,2.9112216426125332,0.001027482825032488,0.0009733583757307348,1.0,1.0,0.2,3.0,1.000381825,1.000610921,1.00030546,1.39969454,1.356380938,393.2782105,390.1716701,7.544455388,4.290611003,3.253844385,0.019183507,0.010909862,0.008273645,1664.65,505,0.9999999999999996
COOK:7507001,COOK:7507001,COOK:Evanston Ward 7 Precinct 1,,,,,,,,,,0.833130337,0.041561632,0.043603374,0.07130973,0.006229672,2.5e-06,0.6301,0.6204,0.3796,0.4626,0.1579,0.0012,0.0339,0.3324,0.130341139,0.081041285,0.05158895,0.094003563,0.164565712,0.166697699,0.160207355,0.094505887,0.05704841,0.024171297,0.004396111,0.054862731,0.014308991,0.00440184,0.030804156,0.01427909,0.009910382,0.049422757,0.038460912,0.186639144,0.048392935,0.052753302,0.050529969,0.153722484,0.262943898,,-0.128049976,0.644230769,416.0,0.188172043,372.0,0.567447046,897.0,54.1,109454,331.6580178,-0.491247124,1.857792318,0.976966453,0.805629595,0.934106668,0.787285311,0.972042897,0.043696026,0.934106668,complete,COOK,Evanston Ward 7 Precinct 1,0,1,0,Evanston,1,0,0,797,531,354,263,198,132,0.01078,18.5916729112478,99,0.9824,41.17948261686731,219,0.00652,17.425682843487213,93,0.00014,5.80969918432853,31,4e-05,4.310743360213492,23,0.00012,6.154848684391931,33,0.0,2.8496465936716358,15,COOK:7507001,COOK:7507001,COOK:EVANSTON WARD 7 PRECINCT 1,1.5,28.04869601,13.58868627,13.58868627,13.58868627,13.58868627,2.003936329,13.58868627,2.003936329,17.923419980733055,40.9341065820436,17.00512136710623,6.219503477006924,4.255553731136527,5.569586337470171,2.5723234748342088,18.592687591773455,40.91931902886332,17.401215097688564,5.664703219768513,4.296593945790431,6.103105179500401,2.835053378681749,15.606618346922119,42.82568455325165,20.42014528400079,9.504374854547123,3.965910911205776,0.0028045857542550127,0.002858581610257605,1.0,1.0,0.2,3.0,1.00014577,1.000233232,1.000116616,1.399883384,1.062901797,388.8879325,385.7890027,7.728415454,4.507528382,3.220887073,0.019873117,0.011590816,0.008282301,1999.19,531,0.9999999999999991
COOK:7507002,COOK:7507002,COOK:Evanston Ward 7 Precinct 2,,,,,,,,,,0.804516212,0.038277372,0.051961196,0.095666988,0.011358386,0.001792055,0.6957,0.6283,0.3717,0.3884,0.2384,0.0344,0.0485,0.2903,0.087323954,0.135223135,0.091664328,0.079960762,0.180664306,0.176177448,0.127856961,0.090713052,0.030416053,0.003642956,0.040096006,3.29e-05,0.015303498,0.011790218,0.009423932,0.014176338,0.014184004,6.76e-06,0.033021372,0.063616565,0.143862134,0.121291333,0.064794856,0.133203072,0.331554054,,-0.20540762,0.597014925,402.0,0.106699752,403.0,0.486800422,947.0,51.2,136402,367.9145394,-0.820804167,1.567963818,0.691017038,0.549067265,0.647993109,0.496810988,0.686834319,0.30880405,0.647993109,complete,COOK,Evanston Ward 7 Precinct 2,0,1,0,Evanston,1,0,0,896,597,398,286,215,143,0.00938,18.610200113382835,111,0.98368,41.25989234727917,246,0.0067,17.397909473077746,104,0.00014,5.7086512374301766,34,4e-05,4.33191498098895,26,6e-05,6.1430052852394486,37,0.0,2.830933427133637,17,COOK:7507002,COOK:7507002,COOK:EVANSTON WARD 7 PRECINCT 2,1.5,39.03191012,11.07816558,11.07816558,11.07816558,11.07816558,2.788630981,11.07816558,2.788630981,17.92314844230954,40.93337453400862,17.004834985766585,6.219818613246156,4.2555103413853566,5.5703621839195225,2.573215675995709,18.59224838518103,40.91841891732482,17.40071499638936,5.6649557278141796,4.296531437153546,6.103871712154987,2.8359362660484826,15.606346808498605,42.82495250521667,20.419858902661144,9.504689990786355,3.9658675214546055,0.0035804322036064465,0.003750782771757645,1.0,1.0,0.2,3.0,1.000139429,1.000223087,1.000111544,1.399888456,1.022992522,311.232914,306.1693949,9.797885552,3.381289639,6.416595913,0.031480879,0.010864178,0.020616701,1615.5,597,1.0000000000000002
COOK:7507003,COOK:7507003,COOK:Evanston Ward 7 Precinct 3,,,,,,,,,,0.507428271,0.098516879,0.095560825,0.269158276,0.007972777,0.004576303,0.0671,0.4676,0.5324,0.1182,0.0386,0.0,0.6962,0.1387,0.005531604,0.493042998,0.365581231,0.017408639,0.014022302,0.03153825,0.028029851,0.009194494,0.012289609,0.024520094,0.004817175,0.039672612,0.014721975,0.079619318,3.11e-05,0.019728878,0.015001254,0.023625572,0.084435602,0.039770804,0.108566982,0.04975433,0.02946472,0.059697207,0.383211315,,0.709455985,1.0,1.0,1.0,2.0,0.815789474,76.0,24.7,116988,71.32430489,3.076674197,4.04163685,3.826299972,1.595685135,3.210036616,3.135074038,3.348281802,1.753329115,3.210036616,complete,COOK,Evanston Ward 7 Precinct 3,0,1,0,Evanston,1,0,0,162,99,72,27,21,14,0.02902,17.308415141283977,17,0.86158,34.52192951361369,34,0.10742,22.752739299955373,23,0.00024,4.4721762822813576,4,0.00128,8.382846488100459,8,0.00042,6.224092640209435,6,4e-05,2.982484440209033,3,COOK:7507003,COOK:7507003,COOK:EVANSTON WARD 7 PRECINCT 3,1.2,1.520634298,19.65241651,19.65241651,19.65241651,19.65241651,0.108641568,19.65241651,0.108641568,16.526194979950937,33.73007459654241,20.715701284911585,4.700826053557345,7.596186005651026,5.5754444488869455,2.5793653729565342,17.183549618406865,34.17609869704748,22.67032741970656,4.436091611772389,8.291649723908304,6.160914192668978,2.8940461785558766,14.209393346140002,35.62165256775045,24.130725201806143,7.985697431097544,7.306543185720275,0.008662697171029141,0.009900479732582982,1.0,1.0,0.2,3.0,1.00080523,1.001288368,1.000644184,1.399355816,1.004055244,44.51546769,43.69154464,1.647629382,1.369954239,0.277675144,0.037012514,0.030774792,0.006237723,857.94,101,0.9766370791844724
COOK:7507004,COOK:7507004,COOK:Evanston Ward 7 Precinct 4,,,,,,,,,,0.84317636,0.017226138,0.050379501,0.071695488,0.005644845,0.001669309,0.5783,0.751,0.249,0.4394,0.2297,0.0002,0.0948,0.2201,0.133044786,0.143002548,0.016550042,0.083478548,0.222187434,0.125549495,0.128945496,0.101265843,0.045975808,0.009743029,0.000265646,0.033008105,0.018248133,0.000321248,0.033616523,0.008473696,0.007006317,0.027563693,0.015721323,0.102848089,0.102021968,0.035369479,0.06723588,0.080859399,0.457697473,,-0.275355181,0.6,205.0,0.194690265,226.0,0.556603774,424.0,51.8,173842,199.1136845,-1.118792964,1.586287324,0.999843946,0.771133729,0.7714817,0.559618009,0.859526887,0.04622866,0.7714817,complete,COOK,Evanston Ward 7 Precinct 4,0,1,0,Evanston,1,0,0,488,325,217,135,102,68,0.01006,18.66553886754708,61,0.98236,41.24432120610385,134,0.00738,17.366252233581207,56,0.0001,5.708650213868783,19,4e-05,4.297816133634782,14,6e-05,6.077974017860038,20,0.0,2.9000971273645475,9,COOK:7507004,COOK:7507004,COOK:EVANSTON WARD 7 PRECINCT 4,1.5,34.02649305,12.22229361,12.22229361,12.22229361,12.22229361,2.431019451,12.22229361,2.431019451,17.92341568024409,40.93409498823506,17.00511683154263,6.219862006567251,4.255553043951474,5.569783749430065,2.572423200556725,18.592528860801508,40.91915228444133,17.40100859053849,5.664997375781772,4.296554379740045,6.103292718909666,2.835143231853636,15.606614046433156,42.825672959443104,20.420140748437188,9.50473338410745,3.965910224020723,0.0030019977141485556,0.0029583073327737485,1.0,1.0,0.2,3.0,1.00046054,1.000736864,1.000368432,1.399631568,1.203122963,304.5321983,301.8719739,6.468005508,3.412743548,3.05526196,0.021239152,0.011206511,0.01003264,891.01,325,1.0000000000000002
COOK:7507005,COOK:7507005,COOK:Evanston Ward 7 Precinct 5,,,,,,,,,,0.790267146,0.048845055,0.051013409,0.076248807,0.002888719,0.00084428,0.4841,0.6323,0.3677,0.3951,0.1457,0.0117,0.2049,0.2427,0.050606403,0.201025735,0.174394879,0.048304283,0.100287859,0.161317974,0.123324797,0.085576678,0.0367366,0.068649297,0.055261773,0.002926768,0.011625547,0.011427553,0.025946021,0.027019134,0.025456713,0.002086347,0.084945072,0.070380397,0.062308688,0.080748785,0.03231169,0.054272267,0.366209152,,-0.344599776,0.635179153,307.0,-0.028213166,319.0,0.344019729,811.0,51.2,113237,304.6142188,-1.413787004,1.802230115,0.217503043,0.094836877,0.338324762,0.175195758,0.346786219,0.35821078,0.338324762,complete,COOK,Evanston Ward 7 Precinct 5,0,1,0,Evanston,1,0,0,732,453,325,230,173,115,0.00982,18.636617796048178,84,0.9834,41.25548970100572,187,0.00664,17.35679940696092,79,2e-05,5.621460858907515,25,2e-05,4.286707129867602,19,0.0001,6.211260353442891,28,0.0,2.916559910730105,13,COOK:7507005,COOK:7507005,COOK:EVANSTON WARD 7 PRECINCT 5,1.5,52.58905462,7.979301142,7.979301142,7.979301142,7.979301142,3.757219837,7.979301142,3.757219837,17.923364919150085,40.933958139981186,17.00506329573022,6.219871509249861,4.25554493271915,5.569902913366836,2.572578025321917,18.59246796728342,40.9190053296257,17.400942855582755,5.6650040285152565,4.296548085579966,6.103411500853483,2.835297674625872,15.60656328533915,42.82553611118923,20.42008721262478,9.50474288679006,3.965902112788399,0.003121161650920065,0.003113132097965615,1.0,1.0,0.2,3.0,1.000211872,1.000338995,1.000169498,1.399830502,1.008103367,490.1152202,482.9404214,11.62608792,4.321993948,7.304093977,0.023721132,0.008818322,0.01490281,1865.57,461,0.9815756140224517
COOK:7508001,COOK:7508001,COOK:Evanston Ward 8 Precinct 1,,,,,,,,,,0.390964312,0.180540232,0.339839253,0.085197411,0.039220567,0.002619045,0.2877,0.6664,0.3336,0.6662,0.1686,0.0312,0.0164,0.1044,0.057808455,0.16666312,0.147124853,0.248052715,0.063423454,0.09194767,0.109301174,0.056713083,0.058965475,0.009226419,0.039756043,9.8e-06,0.015511497,0.038394092,1.89e-05,0.011020626,0.016921646,0.039998815,0.012923942,0.086523162,0.310020051,0.131916698,0.092089958,0.09804263,0.09762572,,0.046512413,0.532846715,274.0,0.459459459,259.0,0.787085515,573.0,38.1,93523,237.4504984,0.252419069,1.174075358,1.929124261,1.504368794,1.382667389,1.21499687,1.525492867,0.673590617,1.382667389,complete,COOK,Evanston Ward 8 Precinct 1,0,1,0,Evanston,1,0,0,558,372,248,209,157,105,0.00818,18.007541467264236,67,0.98174,41.37233519013731,154,0.00998,18.460069506086175,69,2e-05,4.9354020843862365,18,2e-05,4.40697466364673,16,6e-05,6.082234177581556,23,0.0,2.849775659404034,11,COOK:7508001,COOK:7508001,COOK:EVANSTON WARD 8 PRECINCT 1,1.5,15.71049346,16.40892744,16.40892744,16.40892744,16.40892744,1.122434661,16.40892744,1.122434661,17.923265158749192,41.63913781768858,18.747961237303098,5.878324173269009,4.477637129668073,5.578150354984767,2.5765873648694,18.028440369713653,41.06949433504973,18.486215586802345,4.964292930612816,4.385535710562099,6.0755252188119275,2.8031732905138695,15.606463524938256,43.53071578889662,22.162985154197656,9.163195550809208,4.187994309737323,0.011368603268851337,0.0071224716454486,1.0,1.0,0.2,3.0,1.255765811,1.409225297,1.204612648,1.195387352,1.244951248,404.750933,400.0048519,18.13865439,6.69601482,11.44263957,0.044814361,0.016543544,0.028270817,2348.28,372,0.9999999999999996
COOK:7508002,COOK:7508002,COOK:Evanston Ward 8 Precinct 2,,,,,,,,,,0.281862263,0.200253061,0.436554982,0.072267653,0.030550622,0.002792131,0.3757,0.3464,0.6536,0.5439,0.1668,0.0118,0.1568,0.119,0.305991713,0.019037827,0.229348732,0.10413875,0.055442844,0.099142384,0.116008769,0.063001058,0.007887922,0.026702585,0.017294691,0.100059792,0.003439398,0.034054135,0.050106937,0.056966217,0.000393679,0.088231009,0.025130255,0.141616654,0.229438518,0.05283338,0.023314939,0.132509225,0.017908586,,0.263811088,0.227272727,176.0,0.393939394,132.0,0.818181818,407.0,40.3,70340,186.3347465,1.178149286,-0.701652009,1.69916357,1.603295935,0.996840624,0.944739196,1.147725499,1.410105889,0.996840624,complete,COOK,Evanston Ward 8 Precinct 2,0,1,0,Evanston,1,0,0,425,283,189,159,120,80,0.00794,18.127609301809912,51,0.98268,41.26289861615686,117,0.00922,18.325183058742628,52,2e-05,5.095976399430893,14,0.0,4.410295344768773,12,0.00012,6.1042959282539675,17,2e-05,2.8202906327246433,8,COOK:7508002,COOK:7508002,COOK:EVANSTON WARD 8 PRECINCT 2,1.8,25.95346672,14.0676095,14.0676095,14.0676095,14.0676095,1.854242878,14.0676095,1.854242878,17.92340930166149,41.547692867839885,18.521213440391193,5.929995916401834,4.448746677190327,5.580557058181283,2.577416956505071,18.0972926249446,41.046521796893046,18.345595190134482,5.058907761192266,4.373621112216394,6.082333998272267,2.8084049584133646,15.606607667850554,43.43927083904793,21.93623735728575,9.214867293942033,4.159103857259576,0.013775306465366736,0.007952063281119724,1.0,1.0,0.2,3.0,1.29504844,1.472077504,1.236038752,1.163961248,1.012193871,321.3456397,317.4746167,9.913168233,4.742837418,5.170330815,0.030848927,0.014759302,0.016089625,2019.02,283,1.0000000000000004
COOK:7508003,COOK:7508003,COOK:Evanston Ward 8 Precinct 3,,,,,,,,,,0.277186018,0.146226397,0.457885726,0.123184117,0.029518379,0.002273643,0.2772,0.2821,0.7179,0.5241,0.201,0.0,0.0149,0.2454,0.204221943,0.094730772,0.086833449,0.192907732,0.14138808,0.143211753,0.099309101,0.027293747,0.010103425,0.05862371,0.023904699,0.000219432,0.043361169,0.096528106,0.013172804,0.031597248,3.41e-05,0.066278163,0.067338454,0.091480787,0.175066823,0.130156232,0.085749468,0.103270826,0.013217949,,0.287051937,0.240740741,108.0,0.39047619,105.0,0.829508197,305.0,43.9,76065,163.7487167,1.277159352,-0.618980304,1.687008503,1.639328717,1.037113982,0.996129067,1.175289869,0.989815948,1.037113982,complete,COOK,Evanston Ward 8 Precinct 3,0,1,0,Evanston,1,0,0,377,251,167,137,103,69,0.00824,18.243193778859553,46,0.98262,41.25870704651138,104,0.0089,18.07869625887932,45,6e-05,5.278637912063979,13,4e-05,4.418463794070967,11,0.0001,6.117687982285555,15,4e-05,2.843024027973292,7,COOK:7508003,COOK:7508003,COOK:EVANSTON WARD 8 PRECINCT 3,1.8,24.67279499,14.36034284,14.36034284,14.36034284,14.36034284,1.762745413,14.36034284,1.762745413,17.92284167716265,41.395889513279656,18.14932417530661,6.006879529947286,4.401342999042734,5.582286432943401,2.5793317403863294,18.213291804753588,41.010326665585985,18.116061124731573,5.209089189236098,4.354583195564697,6.091534546467132,2.8177909157273695,15.606040043351717,43.2874674844877,21.56434809220117,9.291750907487485,4.111700179111984,0.015504681227485332,0.00986684716237798,1.0,1.0,0.2,3.0,1.407812723,1.652500357,1.326250179,1.073749821,1.009400924,196.918339,194.8375496,5.485717416,2.459114704,3.026602712,0.027857829,0.012487992,0.015369837,2027.5,251,1.0000000000000004
COOK:7508004,COOK:7508004,COOK:Evanston Ward 8 Precinct 4,,,,,,,,,,0.556287008,0.137346503,0.247652685,0.05002608,0.026921348,0.001920373,0.4733,0.5772,0.4228,0.5611,0.0367,0.0249,0.134,0.2337,0.137811099,0.046797217,0.063290765,0.196023913,0.088674996,0.14139624,0.154434238,0.156008149,0.015563383,0.02828157,0.035148975,0.025583966,0.016163507,0.044504054,0.016154999,0.041750137,0.012125608,0.03101632,0.033793479,0.218268855,0.209119765,0.054104059,0.062143787,0.033881159,0.137959761,,-0.069082696,0.588014981,267.0,0.164658635,249.0,0.627819549,532.0,53.5,74808,215.4588377,-0.240036237,1.512718797,0.89443968,0.997693556,0.904651541,0.791203949,0.925298687,0.760931371,0.904651541,complete,COOK,Evanston Ward 8 Precinct 4,0,1,0,Evanston,1,0,0,524,349,233,169,127,85,0.0098,18.632888237944016,65,0.98312,41.20711876798815,144,0.00698,17.40190788033663,61,8e-05,5.685012019412955,20,0.0,4.2841900253612994,15,2e-05,6.231184094313058,22,0.0,2.918467717877861,10,COOK:7508004,COOK:7508004,COOK:EVANSTON WARD 8 PRECINCT 4,1.5,29.07407385,13.35430749,13.35430749,13.35430749,13.35430749,2.077194348,13.35430749,2.077194348,17.923657254106253,40.934746253970516,17.00537161038893,6.230474939683964,4.255591645596254,5.57479760720564,2.574266838154321,18.588243790327528,40.91525526623845,17.39533555912646,5.673710376913762,4.29542163105623,6.108015262819018,2.8366955555850084,15.606855620295315,42.82632422517857,20.42039552728349,9.515346317224163,3.9659488256655027,0.008015855489724034,0.004801944930369541,1.0,1.0,0.2,3.0,1.224958813,1.359934101,1.17996705,1.22003295,1.042627092,225.0819699,222.6536582,7.149190034,3.025533064,4.12365697,0.031762606,0.013441917,0.01832069,1650.42,349,0.9999999999999999
COOK:7508005,COOK:7508005,COOK:Evanston Ward 8 Precinct 5,,,,,,,,,,0.340040663,0.148892711,0.430302481,0.068629752,0.02553374,0.003034947,0.3825,0.4784,0.5216,0.6765,0.1082,0.0109,0.0148,0.1749,0.140927515,0.125125568,0.079494591,0.148957637,0.123763117,0.116447787,0.132874375,0.091631777,0.040777634,0.060468937,0.029048625,0.000143635,0.030236296,0.055499702,0.040333201,0.04165901,0.018907384,0.024074187,0.088159174,0.127694768,0.145534494,0.069443597,0.093306209,0.070708494,0.104782287,,0.052624622,0.439393939,264.0,0.266409266,259.0,0.763955343,627.0,50.2,73094,271.6267278,0.278458144,0.600427284,1.251561507,1.430784426,0.987618177,0.89030784,1.05986891,0.828379438,0.987618177,complete,COOK,Evanston Ward 8 Precinct 5,0,1,0,Evanston,1,0,0,629,419,279,226,170,113,0.01056,18.606216732457554,78,0.98154,41.17941908545168,173,0.00768,17.43261362918553,73,6e-05,5.7087489356598,24,6e-05,4.330267152942521,18,0.0001,6.2028435611802415,26,0.0,2.8543041207401503,12,COOK:7508005,COOK:7508005,COOK:EVANSTON WARD 8 PRECINCT 5,1.8,26.25384755,13.99894907,13.99894907,13.99894907,13.99894907,1.875703557,13.99894907,1.875703557,17.92344985753615,40.93418712775316,17.005152877044246,6.240095401554347,4.255558505219824,5.580301741501379,2.5772192287621714,18.58388351761435,40.91052403040939,17.389687395084813,5.681594311436327,4.2943508613697485,6.1132543885368555,2.839382937614958,15.60664822372521,42.825765098961206,20.420176793938804,9.524966779094546,3.9659156852890725,0.013519989785462693,0.007754335538219966,1.0,1.0,0.2,3.0,1.383645586,1.613832938,1.306916469,1.093083531,1.040255126,311.0922135,307.735383,9.914581297,4.190418542,5.724162755,0.031870233,0.013470021,0.018400212,1979.11,419,1.0
COOK:7509001,COOK:7509001,COOK:Evanston Ward 9 Precinct 1,,,,,,,,,,0.563557584,0.125024563,0.234371715,0.074910881,0.022056872,0.001051366,0.3674,0.247,0.753,0.36,0.1868,0.0715,0.14,0.2377,0.005146303,0.225830819,0.147471687,0.104316681,0.20996955,0.098997191,0.148067151,0.052593887,0.007606729,0.000234571,0.055383202,0.016136868,8.35e-05,8.9e-05,0.016334704,0.085294874,0.000136813,0.050758776,0.143260474,0.060420355,0.187428957,0.214548066,0.018665935,0.046673796,0.104550089,,0.313571397,0.43030303,165.0,0.352941176,170.0,0.72345679,405.0,44.7,84586,176.8248392,1.390136873,0.544623887,1.555269047,1.301945764,1.21450711,1.197993893,1.285962141,0.983412577,1.21450711,complete,COOK,Evanston Ward 9 Precinct 1,0,1,0,Evanston,1,0,0,407,271,181,148,111,74,0.0086,18.27388480770599,50,0.98332,41.32084103671527,112,0.00792,18.04382943365555,49,4e-05,5.245347885005754,14,2e-05,4.345708641767066,12,8e-05,6.100884031580028,17,2e-05,2.915347321287311,8,COOK:7509001,COOK:7509001,COOK:EVANSTON WARD 9 PRECINCT 1,1.317229793,19.63038732,15.5129261,15.5129261,15.5129261,15.5129261,1.402491092,15.5129261,1.402491092,17.923379834552996,41.36394632911784,18.06738272452654,6.012135633404785,4.390914997760557,5.5749822610915,2.5748972455828536,18.244920407699226,41.009224909258414,18.072127865097016,5.233151997486025,4.351685185957444,6.086220515129833,2.815346561438496,15.606578200742058,43.25552430032588,21.482406641421097,9.297007010944984,4.101272177829806,0.008200509375583635,0.0054323523589025775,1.0,1.0,0.2,3.0,1.10998703,1.175979247,1.087989624,1.312010376,1.014467607,159.511168,157.7996747,5.819076943,4.107583724,1.711493219,0.036480687,0.025751073,0.010729614,1051.54,271,1.0000000000000002
COOK:7509002,COOK:7509002,COOK:Evanston Ward 9 Precinct 2,,,,,,,,,,0.561520787,0.159567962,0.212795103,0.049001697,0.045663017,0.000674327,0.5101,0.7725,0.2275,0.5722,0.0851,0.0148,0.0753,0.2276,0.094728619,0.12365911,0.104349072,0.149435847,0.107049905,0.173054794,0.143788552,0.071345929,0.032588173,0.002579561,0.058391085,0.001993809,0.004266976,0.049384383,0.000616796,0.00996139,0.001338191,0.04394887,0.042423886,0.118728416,0.172488762,0.106758976,0.104717488,0.102411764,0.179989649,,0.005403142,0.464362851,463.0,0.37972167,503.0,0.707482993,882.0,50.9,99113,399.713292,0.077286411,0.7536958,1.649262557,1.251128081,1.090040827,0.932843212,1.233324696,0.612047148,1.090040827,complete,COOK,Evanston Ward 9 Precinct 2,0,1,0,Evanston,1,0,0,962,641,427,152,114,76,0.00986,18.63518928142277,119,0.98198,41.24085372927385,264,0.0079,17.41983639300747,112,8e-05,5.690781498099755,36,6e-05,4.313456878545178,28,0.00012,6.099443193508461,39,0.0,2.8813706490344586,18,COOK:7509002,COOK:7509002,COOK:EVANSTON WARD 9 PRECINCT 2,1.310963039,23.06671194,14.72745803,14.72745803,14.72745803,14.72745803,1.647998967,14.72745803,1.647998967,17.923668674084023,40.93477704140818,17.005383654609005,6.228625492307616,4.255593470420849,5.573803485966817,2.573784752981365,18.589050316119394,40.91608488254178,17.396387702023574,5.672193610612337,4.29562454680621,6.107072027565641,2.8362643563974985,15.606867040273087,42.82635501261623,20.420407571503564,9.513496869847815,3.965950650490098,0.007021734250900963,0.004319859757413976,1.0,1.0,0.2,3.0,1.10442223,1.167075568,1.083537784,1.316462216,1.113581864,686.2157601,677.6237585,28.65870666,12.39563131,16.26307535,0.041763405,0.018063752,0.023699653,2461.44,641,0.9999999999999999
COOK:7509003,COOK:7509003,COOK:Evanston Ward 9 Precinct 3,,,,,,,,,,0.660999348,0.068425321,0.145616523,0.115646075,0.010740587,0.00085254,0.5184,0.487,0.513,0.4916,0.1842,0.0232,0.0575,0.2283,0.113940929,0.113995591,0.160852188,0.125468673,0.12509753,0.195452063,0.079415719,0.055312921,0.030464388,0.056507943,0.013794795,2.88e-05,0.020399725,0.022127897,0.046992931,2.63e-05,0.032288427,0.014375839,0.081496269,0.116747606,0.167328923,0.038778857,0.055934597,0.136839781,0.196331352,,0.146225324,0.421686747,332.0,0.382352941,340.0,0.774687065,719.0,46.4,89225,300.750819,0.677213443,0.491733921,1.658497727,1.464925416,1.171221055,1.073092627,1.288302075,0.446879157,1.171221055,complete,COOK,Evanston Ward 9 Precinct 3,0,1,0,Evanston,1,0,0,729,486,324,228,171,114,0.0099,18.598465711365858,90,0.98256,41.233995836494884,200,0.0074,17.413715868816865,85,6e-05,5.718659664701937,28,0.0,4.307860682404548,21,4e-05,6.170096930707075,30,4e-05,2.890558627919901,14,COOK:7509003,COOK:7509003,COOK:EVANSTON WARD 9 PRECINCT 3,1.250336622,20.77194124,15.25199203,15.25199203,15.25199203,15.25199203,1.4840493,15.25199203,1.4840493,17.922925712403444,40.93277407022164,17.00460008093042,6.22469603724017,4.255474750859792,5.573417199403208,2.575065798941975,18.589905398946904,40.9156885460695,17.397710514863313,5.66895308880724,4.295976152461388,6.1067920397810145,2.837651701137092,15.606124078592508,42.82435204142969,20.419623997824978,9.509567414780369,3.9658319309290406,0.00663544768729191,0.005600905718024112,1.0,1.0,0.2,3.0,1.063190536,1.101104858,1.050552429,1.349447571,1.025866532,381.6054589,377.5098485,13.91995115,9.818362329,4.101588825,0.036477338,0.025729093,0.010748245,2027.68,486,1.0000000000000004
COOK:7509004,COOK:7509004,COOK:Evanston Ward 9 Precinct 4,,,,,,,,,,0.540490269,0.12826111,0.272978028,0.061534619,0.02238482,0.001363685,0.4136,0.6377,0.3623,0.585,0.0826,0.0686,0.0331,0.2025,0.14895836,0.129353114,0.055758637,0.139114818,0.126285263,0.190993221,0.10213378,0.091132591,0.016270216,0.010785772,0.017430313,3.54e-05,0.009569189,0.029274783,2.03e-05,0.034923236,0.024416054,0.130979443,0.036115905,0.06531114,0.050341257,0.117445984,0.035098018,0.172962872,0.265290357,,0.203829644,0.580327869,305.0,0.38,400.0,0.682692308,624.0,51.3,119327,322.1481104,0.922617884,1.46553243,1.650239433,1.172261098,1.375424866,1.302662711,1.444940211,0.627753599,1.375424866,complete,COOK,Evanston Ward 9 Precinct 4,0,1,0,Evanston,1,0,0,779,519,346,186,140,93,0.00976,18.67334952977315,97,0.98326,41.27160159474992,214,0.00674,17.402047646945995,90,8e-05,5.684446952782902,30,8e-05,4.345741024772131,23,4e-05,6.084215738276601,32,4e-05,2.8035455794591844,15,COOK:7509004,COOK:7509004,COOK:EVANSTON WARD 9 PRECINCT 4,1.261444867,15.86320506,16.37402094,16.37402094,16.37402094,16.37402094,1.133345126,16.37402094,1.133345126,17.92352895515992,40.93440036925065,17.00523629832646,6.231761352015516,4.255571144411616,5.575759826078718,2.5749637978097346,18.587548137073927,40.914339543909975,17.394460571132832,5.67476255902585,4.295267994230178,6.108941801572678,2.8373568351210046,15.606727321348984,42.8259783404587,20.420260215221017,9.516632729555715,3.9659283244808647,0.0089780743628022,0.005498904585783568,1.0,1.0,0.2,3.0,1.051190245,1.081904391,1.040952196,1.359047804,1.083138474,348.4496873,343.4878973,15.87911648,5.462354002,10.41676248,0.045570758,0.015676163,0.029894596,2219.94,519,0.9999999999999999
COOK:7509005,COOK:7509005,COOK:Evanston Ward 9 Precinct 5,,,,,,,,,,0.576601927,0.113451115,0.215154315,0.084048662,0.017620006,0.000979059,0.6424,0.5238,0.4762,0.5445,0.1338,0.0073,0.0854,0.2252,0.12308855,0.092449571,0.171906594,0.172648197,0.171907982,0.132971524,0.102931198,0.025858668,0.006237717,5.67e-05,0.002208194,0.000105034,1.58e-05,0.002096726,0.014354653,0.012443075,2.27e-05,0.099985759,0.145010634,0.089992432,0.204436875,0.102391513,0.0225484,0.124561479,0.179769942,,0.139956021,,,0.32,200.0,,,42.0,91351,196.4390231,0.65050512,,1.439652929,,,,,0.808597849,0.808597849,demographic_only,COOK,Evanston Ward 9 Precinct 5,0,1,0,Evanston,1,0,0,462,308,205,165,124,83,0.00896,18.198737746604603,56,0.98134,41.248482617482786,127,0.00946,18.246513138540926,56,6e-05,5.169940580105871,16,4e-05,4.398348559735892,14,0.00014,6.093689182290277,19,0.0,2.849761206573497,9,COOK:7509005,COOK:7509005,COOK:EVANSTON WARD 9 PRECINCT 5,1.5,32.59604126,12.54926336,12.54926336,12.54926336,12.54926336,2.328820963,12.54926336,2.328820963,17.92327796517808,41.47637650646075,18.34574324642847,5.954049776176909,4.426383451907611,5.574650474606347,2.5749439750451777,18.157124118060235,41.03490352784158,18.24489330364385,5.119676231098214,4.3660356688177355,6.0802700151743565,2.809774577430496,15.606476331367142,43.367954477668796,21.760767163323028,9.238921153717108,4.136740631976861,0.007868722890431237,0.0054790818212264985,1.0,1.0,0.2,3.0,1.170037382,1.272059811,1.136029906,1.263970094,1.015254631,245.0076671,242.3883838,8.432147929,5.531070059,2.90107787,0.034415853,0.02257509,0.011840764,1018.21,308,0.9999999999999999
COOK:8000020,COOK:8000020,COOK:Maine Precinct 20,,,,,,,,,,0.810326942,0.060572955,0.022876847,0.094766929,0.009813939,0.003264884,0.4698,0.9215,0.0785,0.5329,0.2027,0.0,0.0562,0.2081,0.065726145,0.225836615,0.089498344,0.0813205,0.135352024,0.128182875,0.165635274,0.041760475,0.066687749,6.87e-05,0.019506732,0.035845116,2.55e-05,0.009815458,0.052050653,2.94e-05,6.23e-05,2.15e-05,0.042313032,0.035821048,0.000220518,0.065119002,0.100927692,0.1952768,0.442896523,,-0.13290709,0.298701299,77.0,-0.431818182,88.0,0.149847095,327.0,51.8,185379,126.8978258,-0.511939276,-0.263196733,-1.199059777,-0.522887474,-0.692982865,-0.624270815,-0.807940658,-0.285379733,-0.692982865,complete,COOK,Maine Precinct 20,0,0,0,Maine,1,0,0,210,80,93,104,78,52,0.51956,30.420947238181128,24,0.46036,29.714204108965724,24,0.01836,15.549066689009654,12,0.00072,6.0170827154427124,5,0.00044,5.129618470226561,4,0.00046,6.573113421109911,5,0.0001,3.254286484017113,3,COOK:8000020,COOK:8000020,COOK:MAINE PRECINCT 20,1.0,85.44149492,1.409024312,1.409024312,1.409024312,1.409024312,6.104359205,1.409024312,1.409024312,21.825011805968828,20.426041327768154,10.468068380645638,3.964418062958683,3.7823821835472002,5.569531701820184,2.572811975146704,30.12015317399022,29.44737881686761,15.525789850210533,5.9389528154868865,5.092868487742082,6.477521481312635,3.2100128164564654,19.50821017215789,22.3176192989762,13.883092297540196,7.249289440498882,3.492739363616449,0.0027499501042679356,0.0033470819227526204,1.0,0.3,0.2,1.000000051,1.03570097,1.057121552,1.028560776,1.371439224,1.005753555,161.7341555,161.3269448,1.086410022,0.543359491,0.54305053,0.006717258,0.003359584,0.003357674,909.43,92,0.8689403191718018
COOK:8000029,COOK:8000029,COOK:Maine Precinct 29,,,,,,,,,,0.828404647,0.114337805,0.010170991,0.043900319,0.005722993,0.0,0.4456,0.6612,0.3388,0.7578,0.0565,0.0,0.0332,0.1474,0.100952437,0.066043283,0.069769849,0.162592114,0.092875531,0.132138479,0.197985706,0.093385487,0.084257115,0.037716013,0.003830381,0.094223793,0.032697658,0.0251422,0.002546931,0.016363394,0.012600643,0.011330677,0.007573474,0.044070187,0.089319898,0.083052524,0.104334492,0.115668181,0.319529554,,-0.076814258,0.261146497,157.0,-0.546391753,194.0,-0.043723554,709.0,55.8,134472,327.4974333,-0.272974038,-0.493722146,-1.60118724,-1.138696721,-1.009466356,-0.876645036,-1.154374797,-0.523404234,-1.009466356,complete,COOK,Maine Precinct 29,0,0,0,Maine,1,0,0,437,291,194,254,191,127,0.51676,30.58642823958645,89,0.46298,29.94374904125239,87,0.01866,15.44167661266625,45,0.00054,5.864581537833279,17,0.00032,5.125737041729013,15,0.00048,6.498219573564287,19,0.00026,3.2324945692145945,9,COOK:8000029,COOK:8000029,COOK:MAINE PRECINCT 29,1.0,88.75506241,0.817306813,0.817306813,0.817306813,0.817306813,6.341096709,0.817306813,0.817306813,21.917622708795335,20.484945944109786,10.381112606337014,3.8609791250840146,3.7589389209891415,5.5680437658487785,2.571009916544548,30.281871632042748,29.564549431688352,15.418001364513248,5.798055516494046,5.063218870122762,6.4774017073461,3.20957891985918,19.6008210749844,22.376523915317833,13.796136523231572,7.145850502624214,3.4692961010583905,0.0012620141328624998,0.0015450233205965504,1.0,0.3,0.2,1.000000108,1.042914707,1.068663531,1.034331766,1.365668234,1.006828842,465.2091162,464.6678677,3.246064694,2.164518675,1.081546019,0.006977646,0.004652786,0.00232486,1629.45,291,0.9999999999999996
COOK:8000030,COOK:8000030,COOK:Maine Precinct 30,,,,,,,,,,0.886923191,0.059036818,0.009004215,0.032428209,0.00630483,0.0,0.5426,0.8123,0.1877,0.5671,0.154,0.0,0.0563,0.2226,0.129080868,0.102984906,0.037358696,0.108862583,0.096823116,0.15579269,0.188052395,0.108373192,0.072671554,0.0157558,0.004614084,0.009311018,0.009286579,0.022158962,0.003692807,0.027680142,0.030444173,0.010153196,0.040578592,0.044327866,0.131943998,0.047134486,0.053627386,0.136552029,0.412738881,,-0.322331291,0.400749064,267.0,-0.688654354,379.0,-0.023136247,1167.0,57.5,168048,484.1137195,-1.318919378,0.363210596,-2.100496969,-1.073202008,-1.110509699,-1.03235194,-1.324138705,-0.353559965,-1.110509699,complete,COOK,Maine Precinct 30,0,0,0,Maine,1,0,0,780,520,347,373,280,187,0.524,30.855896413596007,160,0.45894,30.123462732897167,157,0.01596,15.217014893066683,79,0.00038,5.576273853039638,29,0.00034,5.031862023405146,26,0.0003,6.52068796114674,34,8e-05,3.2745492973542594,17,COOK:8000030,COOK:8000030,COOK:MAINE PRECINCT 30,1.0,89.46621714,0.690312962,0.690312962,0.690312962,0.690312962,6.391905088,0.690312962,0.690312962,22.113343749104388,20.608482549805277,10.195195579423844,3.642031911659674,3.708949871253539,5.567755523398852,2.570625379335565,30.624328139232407,29.81114651568087,15.186182849240291,5.498804117913868,5.000140062560842,6.47999741984207,3.212078337596092,19.79654211529345,22.500060521013324,13.610219496318402,6.926903289199873,3.419307051322788,0.0009737716829365503,0.0011604861116135926,1.0,0.3,0.2,1.000000338,1.240634034,1.385014454,1.192507227,1.207492773,1.038204318,554.7656536,553.7970549,3.262927625,2.175285083,1.087642542,0.005881632,0.003921088,0.001960544,2409.71,520,0.9999999999999993
COOK:8000031,COOK:8000031,COOK:Maine Precinct 31,,,,,,,,,,0.61563826,0.066876811,0.035880385,0.281594658,0.003536678,0.001407288,0.3519,0.7332,0.2668,0.8289,0.0359,0.0,0.003,0.1216,0.119251072,0.08603952,0.104794414,0.109784334,0.156391973,0.130337726,0.139779769,0.082089231,0.071531961,0.025167506,0.014175614,0.020448246,0.022056803,0.02994869,0.053525575,0.009444254,0.045643608,0.014170412,0.050395341,0.097607674,0.140092194,0.078743277,0.088214184,0.083494219,0.226872402,,0.062150592,0.323943662,71.0,-0.282051282,78.0,0.07106599,394.0,51.2,95953,220.510976,0.319040436,-0.108249673,-0.673411647,-0.773515,-0.408279179,-0.309033971,-0.481154714,-0.456499945,-0.408279179,complete,COOK,Maine Precinct 31,0,0,0,Maine,1,0,0,263,175,117,179,135,90,0.1735,24.546211824676263,43,0.79244,33.42750869714581,58,0.03254,17.592149298519775,31,0.0008,7.29779817052557,13,0.00012,4.124019119554394,7,0.00048,6.405476125551947,11,0.00012,3.144944811685664,6,COOK:8000031,COOK:8000031,COOK:MAINE PRECINCT 31,1.0,80.26799554,2.332877569,2.332877569,2.332877569,2.332877569,5.73473905,2.332877569,2.332877569,19.03589092936147,24.767377436100453,12.980333961154667,5.4577787842228105,3.2533545809248823,5.5740587142886575,2.5789970377140286,24.390098692097116,33.103791329677975,17.55026580318882,7.2424014618515296,4.027321363610451,6.382324703198936,3.1164740884416173,16.719089295550535,26.6589554073085,16.395357878049225,8.74265016176301,2.9637117609941313,0.007276962572741338,0.009532144490077445,1.0,0.3,0.2,1.000003912,1.000218652,1.000349843,1.000174921,1.399825079,1.030691657,346.2043277,346.1141736,1.100854576,0.920978598,0.179875978,0.003179783,0.002660217,0.000519566,1742.39,175,0.9999999999999994
COOK:8000039,COOK:8000039,COOK:Maine Precinct 39,,,,,,,,,,0.736064308,0.084210552,0.009949718,0.159833028,0.009192563,1.51e-06,0.4005,0.9112,0.0888,0.7543,0.0811,0.0,0.0062,0.1584,0.095309048,0.083876986,0.154476653,0.153331641,0.061295432,0.213836048,0.121747726,0.048641755,0.067484712,0.019707188,8.54e-06,2.43e-05,0.011812026,0.086546594,0.023613727,0.078615038,0.009875818,0.035388861,0.066988441,0.09050649,0.065084689,0.049323759,0.007960437,0.145711955,0.308832094,,-0.089063889,0.315315315,111.0,-0.25,112.0,0.052132701,422.0,51.4,105995,222.2940836,-0.325159601,-0.161213692,-0.560918856,-0.83374776,-0.493835903,-0.470259977,-0.511967679,-0.511917688,-0.493835903,complete,COOK,Maine Precinct 39,0,0,0,Maine,1,0,0,270,180,120,176,132,88,0.5117,30.392384528084037,55,0.46656,29.710036759339065,53,0.02014,15.57003417895424,28,0.00054,6.076911152536011,11,0.0005,5.149348643664417,9,0.00046,6.516274657812701,12,0.0001,3.2587343080689535,6,COOK:8000039,COOK:8000039,COOK:MAINE PRECINCT 39,1.0,82.11283389,2.003437128,2.003437128,2.003437128,2.003437128,5.866543345,2.003437128,2.003437128,21.824286439183027,20.424939801154967,10.46730336363933,3.9633839231567736,3.782266275514974,5.570621918006623,2.5747411398794724,30.11969828590432,29.44646506817394,15.525103695869372,5.937670014128359,5.093125008622546,6.478642542838866,3.2119728265290246,19.50748480537209,22.316517772363014,13.882327280533888,7.2482553006969725,3.492623455584223,0.0038401662907072433,0.005276246655521343,1.0,0.3,0.2,1.000004062,1.098735217,1.157976347,1.078988173,1.321011827,1.191778478,319.9916898,319.9916898,1.056141899,0.386560892,0.669581007,0.003300529,0.001208034,0.002092495,1671.79,180,0.9999999999999993
COOK:8000043,COOK:8000043,COOK:Maine Precinct 43,,,,,,,,,,0.930266985,0.032703876,0.005673094,0.011517953,0.004268001,6.49e-07,0.4523,0.9998,0.0002,0.6747,0.1523,0.0,0.0,0.161,0.239676242,0.143279708,0.047928184,0.102207311,0.176041273,0.109780171,0.114382558,0.041300803,0.025403749,0.058257883,1.2e-05,1.47e-05,0.04993894,0.000129318,6.23e-05,9.68e-05,7.2e-05,4.38e-05,0.019519119,0.000179361,0.083322833,0.044476981,0.094320159,0.044578973,0.604974936,,-0.265740517,0.373493976,83.0,-0.572649573,117.0,-0.221198157,434.0,47.4,217352,175.3389162,-1.07783282,0.195908677,-1.693346282,-1.703299372,-1.131193795,-1.069642449,-1.255934562,-0.694975356,-1.131193795,complete,COOK,Maine Precinct 43,0,0,0,Maine,1,0,0,216,144,96,141,106,71,0.5155,30.44328260429141,44,0.46344,29.71062392481636,43,0.01944,15.570820016970858,22,0.0006,5.953641363977716,9,0.00042,5.173635771492167,7,0.00048,6.528016708040216,9,0.00012,3.2588398628130717,5,COOK:8000043,COOK:8000043,COOK:MAINE PRECINCT 43,1.0,89.59634278,0.667075886,0.667075886,0.667075886,0.667075886,6.401201902,0.667075886,0.667075886,21.825939878237964,20.427450678628198,10.469047183484237,3.9639455868277764,3.7825304823562784,5.567196581996721,2.569908964548874,30.12186763138487,29.449860401250593,15.527473660308228,5.938399306483124,5.092743104603079,6.4752049468335375,3.2071283912029993,19.509138244427028,22.319028649836245,13.884071100378796,7.248816964367975,3.4928876624255274,0.00041483028080543894,0.0004440713249225254,1.0,0.3,0.2,1.000001354,1.218342788,1.34934846,1.17467423,1.22532577,1.085360528,250.3728825,249.9031009,1.409580761,0.939563266,0.470017495,0.005629926,0.003752656,0.00187727,1033.6,144,0.9999999999999996
COOK:8000044,COOK:8000044,COOK:Maine Precinct 44,,,,,,,,,,0.823609818,0.056702832,0.013797653,0.101270358,0.012268249,9.21e-07,0.3672,0.7134,0.2866,0.8615,0.024,0.0,0.0,0.1145,0.129491068,0.237388855,0.039228624,0.058258304,0.21480715,0.175725618,0.096288411,0.02144198,0.027369987,1.77e-05,2.51e-05,0.06606583,0.025791555,0.000247138,0.025703025,6.22e-06,0.029394256,3.31e-05,0.102756551,0.110185363,0.183564828,0.040475611,0.033202423,0.091940655,0.290590675,,-0.154581775,0.223529412,85.0,-0.505376344,93.0,0.108695652,368.0,48.2,94036,156.021917,-0.604277211,-0.724629876,-1.45723238,-0.653803185,-0.94528118,-0.859985663,-1.064730523,-0.706829044,-0.94528118,complete,COOK,Maine Precinct 44,0,0,0,Maine,1,0,0,254,169,113,119,90,60,0.5132,30.3331471608837,51,0.46544,29.799386543224326,50,0.02022,15.59943992071991,26,0.00054,6.000094833597936,10,0.00022,5.069379130347147,9,0.00026,6.49640420528186,11,0.00012,3.267369586796034,6,COOK:8000044,COOK:8000044,COOK:MAINE PRECINCT 44,1.0,88.22996305,0.911075985,0.911075985,0.911075985,0.911075985,6.303581037,0.911075985,0.911075985,21.824939304751407,20.425931228957403,10.467991916344555,3.963900318976724,3.7823705984103984,5.56942368678184,2.5729044713256606,30.12036904687125,29.44759037521768,15.525907251896864,5.938318100546389,5.092940929913622,6.477429945629748,3.2101217919908778,19.50813767094047,22.31750920016545,13.883015833239114,7.248771696516923,3.4927277784796473,0.002641935065923812,0.0034395781017092036,1.0,0.3,0.2,1.000039223,1.00012914,1.000206623,1.000103312,1.399896688,1.303628407,257.2637023,256.9802067,1.417556683,0.850565795,0.566990887,0.005510131,0.003306202,0.002203929,842.16,169,1.0000000000000002
COOK:8000046,COOK:8000046,COOK:Maine Precinct 46,,,,,,,,,,0.68212514,0.122752368,0.014586505,0.176891595,0.012151872,0.001822289,0.3641,0.8276,0.1724,0.8704,0.051,0.0056,0.0085,0.0645,0.105678145,0.058686704,0.098952223,0.16086815,0.1081015,0.147009743,0.14165301,0.10560344,0.073447082,0.049717231,0.002703257,0.02689047,0.024197401,0.047005351,0.021503709,0.018847482,0.029585953,0.005400048,0.030965451,0.081999022,0.193468109,0.053759871,0.076607218,0.153154812,0.184194612,,0.000341021,0.345132743,113.0,-0.520833333,96.0,0.238289206,491.0,52.7,95828,253.498467,0.055720894,0.021816827,-1.511482935,-0.241525242,-0.575587997,-0.418867614,-0.794111061,-0.558479456,-0.575587997,complete,COOK,Maine Precinct 46,0,0,0,Maine,1,0,0,306,204,136,202,152,101,0.51856,30.427746420389983,62,0.46106,29.7422182081265,61,0.01872,15.60260217369005,32,0.00062,5.9529476302771,12,0.00042,5.14175228450458,10,0.00046,6.600976643686658,13,0.00016,3.2490953566745735,7,COOK:8000046,COOK:8000046,COOK:MAINE PRECINCT 46,1.0,83.62774105,1.732913868,1.732913868,1.732913868,1.732913868,5.974775738,1.732913868,1.732913868,21.82409626767889,20.424651010743027,10.467102796922424,3.963539888598908,3.782235887571575,5.571131380977359,2.575350317365389,30.11930967002836,29.445913330185004,15.52473211798134,5.937855738764042,5.09314401688299,6.479146285009678,3.2125762832150175,19.507294633867954,22.316228981951074,13.882126713816982,7.248411266139107,3.492593067640824,0.004349629261443046,0.005885424141437806,1.0,0.3,0.2,1.000001256,1.017077002,1.027323204,1.013661602,1.386338398,1.025258208,578.0063974,577.7929609,1.374181692,0.708250571,0.665931121,0.002377451,0.001225333,0.001152117,2333.01,204,0.9995427182776137
COOK:8000052,COOK:8000052,COOK:Maine Precinct 52,,,,,,,,,,0.810004899,0.053952295,0.00649005,0.113396759,0.014017553,1.28e-06,0.4169,0.7983,0.2017,0.7953,0.0652,0.0,0.0054,0.1202,0.07133019,0.140089876,0.088128586,0.087341589,0.128185214,0.177278072,0.134003361,0.127009752,0.046633359,5.4e-06,0.026216638,9.32e-05,0.014986421,2.7e-06,0.024380569,0.013082658,0.018733983,2.7e-06,0.005768097,0.084274102,0.192970247,0.013156877,0.09361668,0.200210755,0.312498956,,-0.247682178,0.322580645,124.0,-0.384615385,117.0,0.202863962,419.0,53.9,153174,187.5234849,-1.00090115,-0.116616381,-1.033388578,-0.354224109,-0.629531297,-0.626282554,-0.710952502,-0.680153225,-0.629531297,complete,COOK,Maine Precinct 52,0,0,0,Maine,1,0,0,332,221,147,143,108,72,0.51524,30.370275016586923,67,0.4638,29.66895776338509,66,0.01956,15.54911368071811,34,0.00062,6.0106338564026345,13,0.0003,5.148848651619735,11,0.00036,6.553821639362913,14,0.00012,3.306852595931427,7,COOK:8000052,COOK:8000052,COOK:MAINE PRECINCT 52,1.0,84.51003163,1.575359578,1.575359578,1.575359578,1.575359578,6.037810902,1.575359578,1.575359578,21.824804117785355,20.425725936898573,10.467849339747323,3.963446925908258,3.782348996573197,5.569490380757923,2.573200902143127,30.12044866388941,29.447610609854042,15.525896364771224,5.937760409313324,5.093018180496691,6.477510815269614,3.2104323984721286,19.50800248397442,22.31730390810662,13.882873256641881,7.248318303448457,3.492706176642446,0.002708629042007384,0.003736008919175723,1.0,0.3,0.2,1.000039323,1.000354497,1.000567195,1.000283598,1.399716402,1.318494255,265.3136012,265.0207605,1.464203097,0.878521858,0.585681239,0.005518764,0.003311258,0.002207506,1201.37,221,1.0
COOK:8000055,COOK:8000055,COOK:Maine Precinct 55,,,,,,,,,,0.7561729,0.12520491,0.013724998,0.097175108,0.018858601,3.79e-06,0.3477,0.8248,0.1752,0.8061,0.0659,0.0,0.0028,0.1251,0.121177336,0.052046079,0.105987511,0.183824078,0.104629002,0.219325199,0.095926237,0.070057689,0.04702687,0.0399417,2.95e-05,0.014719964,0.002113792,0.058874033,0.006313923,0.008413266,0.006457219,0.010542176,0.115870969,0.075722334,0.128491925,0.147427317,0.04220249,0.212434693,0.130444682,,0.067011642,0.163265306,98.0,-0.398058252,103.0,0.149367089,395.0,50.6,105513,201.7883459,0.339749356,-1.094553486,-1.080570017,-0.524414524,-0.731979105,-0.589947168,-0.830103675,-0.601897116,-0.731979105,complete,COOK,Maine Precinct 55,0,0,0,Maine,1,0,0,227,151,101,156,117,78,0.5146,30.35772906140911,46,0.46352,29.711882197528222,45,0.02,15.59112892060453,24,0.00074,5.984459152637606,9,0.00036,5.141327093766854,8,0.00064,6.595994890228585,10,0.00014,3.295626303781865,5,COOK:8000055,COOK:8000055,COOK:MAINE PRECINCT 55,1.0,85.96200353,1.316074931,1.316074931,1.316074931,1.316074931,6.141546891,1.316074931,1.316074931,21.8249849592224,20.42600055886855,10.468040066394169,3.9639182450524464,3.7823778936436496,5.569330372892435,2.572771631449331,30.120427421773353,29.447682359349823,15.52597160577903,5.938341192518194,5.092930112111328,6.477336215080248,3.2099885354544537,19.508183325411466,22.3175785300766,13.883063983288727,7.248789622592645,3.4927350737128986,0.0025486211765191253,0.003306738225379803,1.0,0.3,0.2,1.000005535,1.036318918,1.058110268,1.029055134,1.370944866,1.159842065,214.426733,214.426733,0.612564822,0.206764746,0.405800076,0.002856756,0.000964268,0.001892488,1343.54,151,0.9999999999999994
COOK:8000058,COOK:8000058,COOK:Maine Precinct 58,,,,,,,,,,0.76929259,0.04791573,0.005732878,0.170624557,0.006436314,1.44e-06,0.405,0.7974,0.2026,0.7784,0.0308,0.0,0.0337,0.1327,0.073560336,0.063119795,0.08704678,0.156133517,0.091971158,0.14208048,0.185984618,0.095191695,0.104911621,0.005461692,0.01635363,0.005449256,0.018140963,2.56e-05,4.24e-05,0.025410257,0.067073501,0.047121323,0.038079653,0.029103769,0.139687934,0.032807446,0.110610343,0.119772606,0.344859662,,-0.039082454,0.06779661,118.0,-0.717171717,99.0,0.01734104,519.0,55.7,142006,257.6590514,-0.112229979,-1.68057603,-2.200586499,-0.944431,-1.443291529,-1.234455877,-1.636517653,-0.563984776,-1.443291529,complete,COOK,Maine Precinct 58,0,0,0,Maine,1,0,0,273,182,121,209,157,105,0.51508,30.489196331650724,55,0.46504,29.84360353988695,54,0.01852,15.526567523683186,28,0.00056,5.869298647675253,11,0.00024,5.1514580758323465,9,0.00042,6.541946803663007,12,0.00014,3.26753439893059,6,COOK:8000058,COOK:8000058,COOK:MAINE PRECINCT 58,1.0,91.07235947,0.403497461,0.403497461,0.403497461,0.403497461,6.506655769,0.403497461,0.403497461,21.90470448841762,20.475545150696323,10.390566871575887,3.8729477979061953,3.7616549102992205,5.570744977946063,2.575034395961002,30.260201036747798,29.547506237281972,15.429787259426266,5.814469818206807,5.067296301292141,6.479958154639606,3.2134586344718543,19.587902854606686,22.36712312190437,13.805590788470445,7.157819175446394,3.4720120903684695,0.0039632262301472964,0.005569502737050769,1.0,0.3,0.2,1.000000227,1.01262065,1.02019304,1.01009652,1.38990348,1.00525798,315.7229007,315.0772506,2.582600415,2.152167013,0.430433403,0.008179959,0.006816633,0.001363327,1988.56,182,0.9999999999999994
COOK:8000059,COOK:8000059,COOK:Maine Precinct 59,,,,,,,,,,0.764418278,0.087791642,0.01013124,0.12246184,0.012656941,0.001686381,0.2875,0.9484,0.0516,0.7577,0.1019,0.0,0.0,0.1404,0.123601209,0.118210654,0.179884382,0.110572045,0.104553383,0.194875325,0.131280271,0.017327541,0.01969519,0.008085689,7.99e-06,1.48e-06,0.018109661,0.018178615,0.01809892,0.054309015,5.39e-05,0.018123775,0.11260786,0.144687609,0.160777063,0.000139823,0.104493384,0.110674222,0.231651025,,0.063719749,0.281553398,103.0,-0.533980583,103.0,0.156043956,455.0,46.6,91752,227.3462218,0.325725318,-0.368456959,-1.557626825,-0.503173306,-0.714218157,-0.525882943,-0.920566934,-0.62822863,-0.714218157,complete,COOK,Maine Precinct 59,0,0,0,Maine,1,0,0,273,182,121,171,129,86,0.51714,30.437050841788206,55,0.46202,29.701336294701914,54,0.01932,15.64507467515658,28,0.0005,6.021400327103415,11,0.00026,5.116747017199229,9,0.0005,6.54723641157388,12,0.00026,3.1978054070189166,6,COOK:8000059,COOK:8000059,COOK:MAINE PRECINCT 59,1.0,85.72959364,1.357577329,1.357577329,1.357577329,1.357577329,6.12494239,1.357577329,1.357577329,21.824703058881113,20.425572470990424,10.467742756730436,3.963592448260539,3.782332848137732,5.569793914943089,2.573539790745801,30.12020264281804,29.44727162275589,15.525670789121211,5.937935673707684,5.093021207476512,6.477809284283541,3.210766221903563,19.507901425070177,22.31715044219847,13.882766673624994,7.248463825800738,3.492690028206981,0.0030121632271734406,0.004074897521849996,1.0,0.3,0.2,1.000004326,1.237947041,1.380715266,1.190357633,1.209642367,1.319295733,379.2067201,379.2062966,1.536850311,0.61507886,0.92177145,0.004052803,0.001622015,0.002430789,1619.61,182,0.9999999999999997
COOK:8000060,COOK:8000060,COOK:Maine Precinct 60,,,,,,,,,,0.787756159,0.073096083,0.018109689,0.107741261,0.012783655,0.000533572,0.4636,0.8921,0.1079,0.7433,0.0441,0.0,0.0105,0.1716,0.163670118,0.084786944,0.092464773,0.1348774,0.115652467,0.17531327,0.126448731,0.06746451,0.039321786,0.000113105,0.01897096,3.83e-05,0.003423261,2.98e-05,0.017845098,0.036834783,0.030152535,0.008960779,0.010088065,0.073652156,0.055921168,0.141673833,0.047992811,0.109384829,0.444918456,,-0.232906133,0.407894737,152.0,-0.573604061,197.0,-0.04109589,803.0,51.2,174822,363.753955,-0.937952623,0.407073408,-1.69669632,-1.130337293,-0.915352577,-0.839478207,-1.086796199,-0.47465172,-0.915352577,complete,COOK,Maine Precinct 60,0,0,0,Maine,1,0,0,497,331,221,298,224,149,0.51166,30.336716809645132,100,0.46666,29.726521107499902,98,0.01986,15.664853334214362,52,0.00066,6.030764682727851,20,0.00052,5.090745409619258,17,0.00042,6.586217259078008,22,0.00022,3.305692390344153,11,COOK:8000060,COOK:8000060,COOK:MAINE PRECINCT 60,1.0,87.96308176,0.958734085,0.958734085,0.958734085,0.958734085,6.284513729,0.958734085,0.958734085,21.824867166138787,20.42582168079061,10.467915834469087,3.9640953440431685,3.782359071215054,5.5696880854948105,2.57316844701078,30.12013594681486,29.4472817748568,15.525705321777298,5.9385546162403005,5.092932795022267,6.47768778201082,3.210379205344099,19.50806553232785,22.317399651998656,13.882939751363645,7.2489667215833675,3.492716251284303,0.0029063337788944824,0.0037035537868287368,1.0,0.3,0.2,1.000000065,1.002963265,1.004741224,1.002370612,1.397629388,1.001181845,743.9613889,742.4403852,6.084405077,5.068523806,1.015881272,0.008178388,0.006812886,0.001365503,2579.86,331,0.9986979614597115
COOK:8000063,COOK:8000063,COOK:Maine Precinct 63,,,,,,,,,,0.587199494,0.079691194,0.02042602,0.305512228,0.016348166,0.001020408,0.3427,0.9662,0.0338,0.8653,0.06,0.0,0.0,0.0747,0.051482364,0.041318424,0.072007812,0.208827991,0.163578851,0.118379621,0.15934413,0.106291381,0.078769425,7.93e-06,0.042091096,1.05e-07,0.146072902,9.11e-06,0.035500471,0.031028542,2.75e-05,0.044279058,0.165988159,0.031129284,0.119815972,0.086407563,0.064387068,0.150810172,0.082445082,,0.011270207,0.246753247,77.0,-0.264367816,87.0,0.370491803,305.0,50.4,75807,161.965609,0.10228113,-0.582073295,-0.611346659,0.179052888,-0.299384263,-0.228021484,-0.376049298,-0.503914752,-0.299384263,complete,COOK,Maine Precinct 63,0,0,0,Maine,1,0,0,230,153,102,130,98,65,0.1756,24.55423367669769,38,0.78772,33.35533105651366,51,0.03476,17.70948497720017,27,0.00092,7.281030355479238,11,0.00034,4.095958031043247,6,0.0006,6.41661128882636,10,6e-05,3.193128322795645,5,COOK:8000063,COOK:8000063,COOK:MAINE PRECINCT 63,1.0,77.47725059,2.831232476,2.831232476,2.831232476,2.831232476,5.535354552,2.831232476,2.831232476,19.03562429264678,24.766972527241883,12.980052749462544,5.456829127280065,3.2533119744290735,5.574161246730049,2.579568290487039,24.390161731448234,33.10392629875881,17.55030083865664,7.241334987471007,4.027430186542305,6.382452646807577,3.1170707523818773,16.718822658835844,26.65855049844993,16.395076666357102,8.741700504820264,2.9636691544983225,0.007379495014133225,0.010103397263087831,1.0,0.3,0.2,1.000032887,1.00095866,1.001533856,1.000766928,1.399233072,1.305601909,283.3755183,283.0634297,0.625549348,0.313003371,0.312545977,0.002207493,0.001104553,0.001102939,1154.4,153,1.0
COOK:8000069,COOK:8000069,COOK:Maine Precinct 69,,,,,,,,,,0.581217793,0.049408172,0.028582083,0.342717496,0.006500504,0.001300177,0.3045,0.8882,0.1118,0.8905,0.0394,0.0,0.0058,0.0471,0.106088793,0.098172689,0.097754262,0.096773582,0.130853063,0.1374631,0.153460352,0.091144807,0.08828935,3.44e-05,0.016468035,1.67e-05,0.024038279,0.026985954,0.080753569,0.007560043,0.01204903,2.08e-05,0.094260514,0.064374335,0.142146634,0.082375174,0.124172469,0.110676965,0.214067079,,0.1323451,0.162790698,86.0,-0.217391304,92.0,0.18079096,354.0,54.1,109497,216.3503915,0.618081271,-1.097466807,-0.446469668,-0.424445286,-0.444030217,-0.337575123,-0.465809126,-0.597832572,-0.444030217,complete,COOK,Maine Precinct 69,0,0,0,Maine,1,0,0,254,169,113,185,139,93,0.17208,24.478862695943647,41,0.7911,33.34690778534647,56,0.03496,17.646071844966745,30,0.00112,7.346309411415569,12,0.00026,4.108452111225411,7,0.0004,6.490174827582821,11,8e-05,3.144639810699518,5,COOK:8000069,COOK:8000069,COOK:MAINE PRECINCT 69,1.0,81.07347061,2.189040542,2.189040542,2.189040542,2.189040542,5.792286137,2.189040542,2.189040542,19.03520952265013,24.766342666323787,12.979615307181824,5.457065158264674,3.2532456973743757,5.57521787312071,2.580871713545242,24.38943625216061,33.10280591130116,17.549547744284865,7.241570216661132,4.027453327555866,6.383499543930485,3.1183644461723268,16.718407888839195,26.657920637531834,16.394639224076382,8.741936535804873,2.9636028774436247,0.008436121404794704,0.01140682032129102,1.0,0.3,0.2,1.000001229,1.000177342,1.000283748,1.000141874,1.399858126,1.009633378,401.1916324,401.184889,1.005234617,0.993346866,0.011887751,0.002505622,0.002475991,2.96e-05,2051.4,169,0.9978359405290663
COOK:8000072,COOK:8000072,COOK:Maine Precinct 72,,,,,,,,,,0.874394889,0.062605402,0.002694988,0.049504102,0.01113711,0.000537073,0.4214,0.7927,0.2073,0.7978,0.0428,0.0037,0.0193,0.1336,0.14108376,0.093666411,0.081429807,0.110550981,0.13361249,0.140761404,0.142556263,0.084289044,0.072049842,0.02356054,0.009339575,0.010449929,0.02779338,0.044064597,0.034522634,0.022556066,0.048498419,0.010855314,0.048084695,0.07593397,0.088594999,0.06556202,0.054214274,0.08465773,0.351311858,,-0.131365954,0.482014388,139.0,-0.370786517,178.0,-0.043243243,740.0,53.0,121257,328.6861717,-0.505373768,0.862047533,-0.984852362,-1.1371687,-0.489284684,-0.441336824,-0.597987791,-0.671750657,-0.489284684,complete,COOK,Maine Precinct 72,0,0,0,Maine,1,0,0,390,260,173,122,92,61,0.51392,30.33627827525321,79,0.4641,29.700172691227568,77,0.0206,15.599200625746636,41,0.00046,6.0085216638466985,16,0.00046,5.143736117494478,13,0.00032,6.589618649400383,17,0.00014,3.2632425458200554,8,COOK:8000072,COOK:8000072,COOK:MAINE PRECINCT 72,1.0,82.02169032,2.019713013,2.019713013,2.019713013,2.019713013,5.860031602,2.019713013,2.019713013,21.82551640286094,20.426807597904144,10.468600559966985,3.9635849729055046,3.7824628142487677,5.567960368303217,2.571094090902626,30.121448732609906,29.449149242459885,15.526963962302329,5.937947565840426,5.092865393321893,6.475978880557642,3.2083236649743614,19.508714769050005,22.31838556911219,13.883624476861543,7.248456350445704,3.4928199943180167,0.0011786165873004448,0.001629197678674578,1.0,0.3,0.2,1.000000528,1.091173721,1.145877954,1.072938977,1.327061023,1.023798585,546.4966147,546.0135022,2.306571773,1.374585929,0.931985843,0.004220652,0.002515269,0.001705383,1855.67,260,0.9999999999999997
COOK:8000074,COOK:8000074,COOK:Maine Precinct 74,,,,,,,,,,0.670487707,0.081796785,0.012022931,0.23567056,0.016359177,1.56e-06,0.4105,0.6107,0.3893,0.7744,0.0321,0.0,0.0,0.1887,0.126609989,0.101881585,0.111977243,0.088131638,0.19833388,0.114691695,0.10874223,0.094885143,0.054746596,0.034123609,0.015950179,0.029567782,0.02052171,0.031963443,0.025072925,0.006832516,0.052351127,0.020493311,0.022794586,0.147881075,0.127520903,0.070610694,0.066147844,0.084331738,0.243836558,,-0.098678985,0.366336634,101.0,-0.19047619,84.0,0.170603675,381.0,48.0,93124,178.6079468,-0.366121585,0.151974236,-0.352003672,-0.456854251,-0.254339527,-0.255751318,-0.273589998,-0.393523561,-0.254339527,complete,COOK,Maine Precinct 74,0,0,0,Maine,1,0,0,264,176,117,148,111,74,0.16996,24.498764907226782,43,0.79422,33.42493421952463,59,0.03418,17.61069985642594,31,0.0009,7.348276927579006,13,0.00012,4.101696058055912,7,0.0005,6.428242099557906,11,0.00012,3.1419545232391273,6,COOK:8000074,COOK:8000074,COOK:MAINE PRECINCT 74,1.0,76.16077892,3.066320287,3.066320287,3.066320287,3.066320287,5.441299362,3.066320287,3.066320287,19.03640289820345,24.76815490112312,12.980873915393655,5.456753621278343,3.253436389607326,5.572370221718672,2.5772104997425034,24.391346920455486,33.105744080667584,17.55154128890971,7.241299798749297,4.0273553793450185,6.380669317049103,3.114720656890244,16.719601264392512,26.659732872331166,16.395897832288213,8.741624998818542,2.963793569676575,0.005588470002755774,0.007745606518552254,1.0,0.3,0.2,1.000008879,1.000152728,1.000244365,1.000122182,1.399877818,1.068821418,268.8280277,268.694546,1.03034974,0.763969084,0.266380656,0.003832747,0.002841851,0.000990896,1306.91,176,1.0000000000000004
COOK:8000075,COOK:8000075,COOK:Maine Precinct 75,,,,,,,,,,0.74577465,0.052997965,0.005688893,0.184219648,0.003801352,0.002827853,0.2929,0.9996,0.0004,0.9453,0.006,0.0,0.0,0.0487,0.088575397,0.123136865,0.067607574,0.135035154,0.096495252,0.227669134,0.05671094,0.125093582,0.0796761,3.85e-05,0.0244545,1.42e-05,2.03e-06,0.000134683,6.08e-06,8.1e-06,0.124711778,0.03179764,0.261805768,0.046526469,0.061755388,0.171752058,0.093081208,0.095762046,0.088149572,,-0.104847854,0.218390805,87.0,-0.621052632,95.0,0.2,350.0,53.3,79251,189.6037772,-0.392402042,-0.756172566,-1.863230131,-0.363335275,-0.990867813,-0.843785004,-1.194756838,-0.863069571,-0.990867813,complete,COOK,Maine Precinct 75,0,0,0,Maine,1,0,0,227,151,101,146,110,73,0.5169,30.361525609122246,46,0.46212,29.689808663882882,45,0.01966,15.637123998170194,24,0.00058,5.961449619890448,9,0.00034,5.170550079139752,8,0.00026,6.548535469510003,10,0.00014,3.290384107867335,5,COOK:8000075,COOK:8000075,COOK:MAINE PRECINCT 75,1.0,88.60922661,0.843349318,0.843349318,0.843349318,0.843349318,6.330677484,0.843349318,0.843349318,21.824014573427462,20.424526951585854,10.467016637074911,3.9630274191307224,3.7822228334586603,5.571046807748486,2.575471713269281,30.1195081896358,29.446099871119568,15.524832571054969,5.937227213909758,5.093217651199443,6.479077988904393,3.212713956242499,19.507212939616526,22.3161049227939,13.88204055396947,7.247898796670921,3.4925800135279093,0.004265056032569634,0.006006820045329776,1.0,0.3,0.2,1.00001185,1.029852505,1.047764009,1.023882004,1.376117996,1.334692772,257.0253261,257.0253261,1.041227644,0.416460602,0.624767042,0.00405107,0.00162031,0.002430761,1019.55,151,1.0000000000000004
COOK:8000076,COOK:8000076,COOK:Maine Precinct 76,,,,,,,,,,0.622363287,0.067430807,0.015674499,0.289841953,0.009417659,0.001563767,0.371,0.5307,0.4693,0.7258,0.0727,0.0,0.0133,0.1871,0.075977023,0.148741917,0.070334917,0.110902642,0.118177222,0.190811135,0.186599582,0.039470946,0.058984616,0.006671436,0.069161568,0.003367631,0.003347613,0.003376937,0.065908095,0.003311047,0.010013185,0.003344171,0.026404892,0.046458576,0.313032958,0.026525989,0.174632203,0.181254325,0.063189373,,-0.027736002,0.132075472,53.0,-0.084745763,59.0,0.272727273,242.0,53.5,95656,116.1991801,-0.063892116,-1.286008346,0.019086344,-0.131966897,-0.357397408,-0.365695254,-0.280441088,-0.389488566,-0.357397408,complete,COOK,Maine Precinct 76,0,0,0,Maine,1,0,0,162,108,72,102,77,51,0.17222,24.566197759218678,27,0.79244,33.42679739053162,36,0.0332,17.630057002106103,19,0.00098,7.303992022339973,8,0.00032,4.082429828272481,4,0.00058,6.420655444857087,7,0.00026,3.1413369718016533,3,COOK:8000076,COOK:8000076,COOK:MAINE PRECINCT 76,1.0,79.02986602,2.553975495,2.553975495,2.553975495,2.553975495,5.646281009,2.553975495,2.553975495,19.035798987260165,24.767237814775847,12.980236993286177,5.456659668819485,3.2533398892843914,5.573679533920229,2.5790023502822597,24.390500963382518,33.104452580714195,17.550651049816558,7.241158466143644,4.027426412567652,6.381977045631267,3.116510923810607,16.71899735344923,26.658815785983894,16.395260910180735,8.741531046359684,2.9636970693536404,0.006897782204312891,0.009537457058308387,1.0,0.3,0.2,1.000015382,1.000281702,1.000450723,1.000225361,1.399774639,1.121828187,180.8658479,180.6664174,0.997599844,0.59873879,0.398861054,0.005515689,0.003310403,0.002205287,699.99,108,1.0000000000000007
COOK:8000008,COOK:8000008,COOK:Maine Precinct 8,,,,,,,,,,0.815976849,0.075938075,0.015193113,0.088793516,0.0099313,1.87e-06,0.3389,0.6919,0.3081,0.6823,0.1152,0.0,0.008,0.1944,0.144013392,0.114983115,0.078783836,0.113122916,0.143031621,0.168685711,0.106371107,0.063335059,0.06767324,0.044019848,0.033315065,0.032118716,0.045205344,0.007134804,0.021418653,0.015503394,0.032131498,0.013094952,0.022613715,0.104693523,0.12020317,0.133297189,0.067864876,0.089302559,0.218082692,,-0.071589327,,,-0.514563107,206.0,,,51.3,101603,318.2847106,-0.250714922,,-1.489475852,,,,,-0.568634284,-0.568634284,demographic_only,COOK,Maine Precinct 8,0,0,0,Maine,1,0,0,459,306,204,245,184,123,0.51574,30.39387360369562,93,0.46338,29.698927801172047,91,0.01922,15.53468207471394,48,0.00064,5.972768075785073,18,0.00038,5.181853959968671,16,0.0004,6.554095561057116,20,0.00024,3.302441319788903,10,COOK:8000008,COOK:8000008,COOK:MAINE PRECINCT 8,1.0,83.50750924,1.754384162,1.754384162,1.754384162,1.754384162,5.966185788,1.754384162,1.754384162,21.82507839848713,20.42614245375377,10.468138613264482,3.964040970275658,3.7823928245193374,5.569184442525669,2.5725205835269844,30.120492633964172,29.447807731463747,15.526064700910947,5.938493617655765,5.092898254259086,6.477186650497048,3.209733853315672,19.508276764676193,22.317720424961816,13.88316253015904,7.248912347815857,3.4927500045885864,0.0024026908097534087,0.0030556903030333473,1.0,0.3,0.2,1.000000032,1.00643678,1.010298848,1.005149424,1.394850576,1.001153122,330.9338636,330.3002363,2.484440578,1.447780888,1.03665969,0.007507363,0.004374835,0.003132528,1885.86,306,0.9995411916626159
COOK:8000083,COOK:8000083,COOK:Maine Precinct 83,,,,,,,,,,0.85470422,0.040157223,0.01296416,0.082743974,0.004730736,5.68e-07,0.4621,0.8179,0.1821,0.767,0.0655,0.0,0.0001,0.1436,0.110784699,0.044807032,0.052596204,0.158360299,0.079773777,0.247505814,0.158405766,0.089385302,0.058381106,2.64e-05,0.07182338,2.21e-05,0.021316826,2.61e-06,0.034577914,0.016039924,0.010802799,0.024024102,0.026669265,0.02674978,0.104022614,0.111888444,0.053442178,0.077452669,0.421138951,,-0.313653305,0.44,75.0,-0.586206897,87.0,0.023809524,336.0,54.6,149341,160.1825014,-1.281949646,0.604147513,-1.740929439,-0.923852714,-0.881544051,-0.835646071,-1.062600724,-0.630308431,-0.881544051,complete,COOK,Maine Precinct 83,0,0,0,Maine,1,0,0,210,140,93,121,91,61,0.51452,30.348607452411514,42,0.46396,29.68638450623643,42,0.01992,15.6631349501489,22,0.00068,5.9825360621383545,8,0.00032,5.156481256765556,7,0.00032,6.541014042663925,9,0.00028,3.2166342116440503,5,COOK:8000083,COOK:8000083,COOK:MAINE PRECINCT 83,1.0,87.64332445,1.015834475,1.015834475,1.015834475,1.015834475,6.2616687,1.015834475,1.015834475,21.82514583970311,20.426244868553685,10.468209740972787,3.9639545514035106,3.7824036011068367,5.568987480486931,2.5722970170394164,30.120650069241353,29.44802613482192,15.526210437228773,5.938389730771591,5.092895025885691,6.476992722873659,3.209513321243453,19.508344205892175,22.31782283976173,13.883233657867345,7.24882592894371,3.4927607811760857,0.002205728771014839,0.002832123815465207,1.0,0.3,0.2,1.000000124,1.016458962,1.02633434,1.01316717,1.38683283,1.003910822,193.7226896,193.3265287,1.584643677,1.320536398,0.26410728,0.008179959,0.006816633,0.001363327,1102.09,140,0.9999999999999997
COOK:8100013,COOK:8100013,COOK:New Trier Precinct 13,,,,,,,,,,0.740487699,0.039346309,0.030336363,0.173279786,0.010345591,0.004825952,0.5721,0.9607,0.0393,0.7278,0.0748,0.0,0.0038,0.193,0.103290438,0.170400882,0.018476358,0.08827853,0.136628293,0.169932185,0.138051338,0.132555259,0.042386717,0.050733082,0.03511721,0.001312786,0.01174364,0.011724596,1.22e-05,0.006530238,0.020836429,3.75e-06,0.075443245,0.032547936,0.054684502,0.075556554,0.037807476,0.191412481,0.394533871,,-0.212569888,0.233009709,206.0,-0.13,200.0,0.181058496,718.0,55.4,172451,322.1481104,-0.851316676,-0.666436269,-0.139745849,-0.42359417,-0.449116158,-0.520273241,-0.37301068,-0.406693015,-0.449116158,complete,COOK,New Trier Precinct 13,0,0,0,New Trier,1,0,0,566,377,251,272,204,136,0.17516,24.71079211644669,93,0.79106,33.46674621584625,126,0.03202,17.563771308571685,66,0.00082,7.222562327119234,27,0.0002,3.9883071231670466,15,0.00056,6.479760139093732,24,0.00018,3.158943368868354,12,COOK:8100013,COOK:8100013,COOK:NEW TRIER PRECINCT 13,1.0,81.18392964,2.169315414,2.169315414,2.169315414,2.169315414,5.800177872,2.169315414,2.169315414,19.083120357112342,24.7982328751366,12.937830557014383,5.406543403019029,3.2417805939565847,5.571489728815975,2.575436899421908,24.464032119037803,33.161683783226295,17.502195876632477,7.1779834080444855,4.012938001706838,6.3803430104976435,3.113501242920887,16.766318723301406,26.689810846344646,16.35285447390894,8.691414780559228,2.9521377740258337,0.00470797710005954,0.005972006197956525,1.0,0.3,0.2,1.021766164,1.000009244,1.00001479,1.000007395,1.399992605,1.302035453,466.860668,466.250252,3.584820861,1.788847236,1.795973624,0.007678567,0.003831651,0.003846916,1845.95,377,1.0000000000000002
COOK:8100017,COOK:8100017,COOK:New Trier Precinct 17,,,,,,,,,,0.724235422,0.031493356,0.006527236,0.221455611,0.007601912,0.003252886,0.5118,0.7231,0.2769,0.5747,0.0869,0.0,0.0641,0.1969,0.156957511,0.133831562,0.030931547,0.061874932,0.139221391,0.160121111,0.111366623,0.13452806,0.071167264,0.026061934,0.0,8.83e-06,0.014889042,0.027922731,0.063268428,0.024190577,0.003737741,0.001869818,0.057721321,0.083743863,0.080193393,0.102399091,0.081965968,0.14145555,0.290571719,,-0.387113645,0.524324324,185.0,-0.119170984,193.0,0.2141527,537.0,56.1,129268,218.1334991,-1.594903494,1.121761736,-0.101738439,-0.318311076,-0.073981313,-0.223297818,-0.049669437,-0.030373103,-0.073981313,complete,COOK,New Trier Precinct 17,0,0,0,New Trier,1,0,0,450,300,200,177,133,89,0.17436,24.69331343797992,74,0.79198,33.59287124703621,101,0.03188,17.46694539420495,52,0.00094,7.115169267647323,21,0.00026,4.027283483646247,12,0.0005,6.431721357809645,19,8e-05,3.256416349641697,10,COOK:8100017,COOK:8100017,COOK:NEW TRIER PRECINCT 17,1.0,69.80910063,4.20056584,4.20056584,4.20056584,4.20056584,4.987504332,4.20056584,4.20056584,19.163121640518867,24.8482053329326,12.860654517742049,5.314865765634975,3.221102632767627,5.571900214382273,2.576681846467764,24.59063045596926,33.25869384593159,17.414814827869293,7.062716604031562,3.988185557509783,6.381821728426075,3.1158144223288757,16.84632000670793,26.739783304140648,16.275678434636607,8.599737143175174,2.931459812836876,0.005118462666357124,0.007216953243813006,1.0,0.3,0.2,2.030371866,1.000016796,1.000026874,1.000013437,1.399986563,1.210994055,523.8409198,523.0112903,3.318070015,2.48835086,0.829719155,0.006334118,0.004750203,0.001583914,1859.76,300,1.0000000000000002
COOK:8100018,COOK:8100018,COOK:New Trier Precinct 18,,,,,,,,,,0.889706329,0.04113892,0.004429163,0.047079166,0.008817986,0.00293409,0.6505,0.9806,0.0194,0.4188,0.1524,0.0001,0.0127,0.3912,0.099205909,0.131840361,0.024793026,0.075410191,0.065513059,0.188023886,0.125028142,0.138316702,0.151868724,2.86e-05,7.69e-05,0.000196955,0.013338347,0.02930572,0.010674607,0.008003381,0.029275525,0.015988956,0.0372755,0.018650718,0.085265403,0.050641957,0.010809907,0.151883223,0.538584273,,-0.370446923,0.378151261,119.0,-0.179487179,117.0,-0.167037862,449.0,61.3,207164,168.5036703,-1.523900354,0.224496833,-0.313434716,-1.530998402,-0.664912596,-0.78595916,-0.570407707,-0.226539772,-0.664912596,complete,COOK,New Trier Precinct 18,0,0,0,New Trier,1,0,0,330,2,147,139,105,70,0.53574,31.577389426477136,1,0.45278,30.615318056934626,1,0.01076,14.700716585322073,0,0.00018,4.832091951654255,0,0.0002,4.923699563872606,0,0.00024,6.5176064265570215,0,0.0001,3.254098672087327,0,COOK:8100018,COOK:8100018,COOK:NEW TRIER PRECINCT 18,1.0,85.04286637,1.480209068,1.480209068,1.480209068,1.480209068,6.075879227,1.480209068,1.480209068,22.550388630014744,20.883941038280543,9.77914257879227,3.1523014024487717,3.597137862259563,5.567954634536417,2.5710383285933402,31.394253802361877,30.36512241779499,14.664087345214666,4.825176475485873,4.858356598514239,6.4866930234102735,3.218987779284508,20.233586996203808,22.77551900948859,13.194166495686828,6.437172779988971,3.307495042328812,0.0011728828205008724,0.0015734353693892243,1.0,0.3,0.2,1.254226581,1.000008419,1.000013471,1.000006736,1.399993264,1.003335743,86.86817729,86.68248741,0.836865155,0.372220225,0.46464493,0.009633737,0.004284886,0.005348851,406.34,6,0.2987145240025336
COOK:8100021,COOK:8100021,COOK:New Trier Precinct 21,,,,,,,,,,0.698037563,0.040442623,0.018152551,0.221938771,0.006608203,1.13e-06,0.5638,0.8561,0.1439,0.5338,0.2345,0.009,0.0348,0.1544,0.123685278,0.150426889,0.032315821,0.062801189,0.141080367,0.178988885,0.112494736,0.11059325,0.087613584,0.025953585,1.31e-06,0.004348193,0.012971061,0.020206676,0.046136065,0.020185234,0.008671533,0.005777398,0.056294616,0.059102332,0.148635564,0.080855776,0.09236073,0.102432802,0.316067124,,-0.292833884,0.432692308,208.0,0.034782609,230.0,0.392265193,543.0,55.6,127940,244.5829289,-1.193255284,0.559290168,0.438604043,0.248320905,0.176425891,0.013239958,0.261498708,-0.018313586,0.176425891,complete,COOK,New Trier Precinct 21,0,0,0,New Trier,1,0,0,482,321,214,201,151,101,0.17538,24.67662457730905,79,0.78864,33.50682917573447,108,0.03422,17.490699639969105,56,0.00084,7.2299671157266445,23,0.0002,4.014093682760839,13,0.00058,6.49706174891021,21,0.00014,3.208672978615792,10,COOK:8100021,COOK:8100021,COOK:NEW TRIER PRECINCT 21,1.0,59.62057049,6.372051583,6.372051583,6.372051583,6.372051583,4.259585797,6.372051583,4.259585797,19.105588857860283,24.811919979714705,12.915369987165143,5.379877752811877,3.2358104444323184,5.572234917374564,2.576847184365916,24.49983646126964,33.18887351089599,17.476863756272152,7.144521478170284,4.005950762507304,6.3814040720712,3.115227400879862,16.788787224049347,26.703497950922753,16.3303939040597,8.664749130352076,2.9461676245015673,0.00545316565864806,0.007382291141965096,1.0,0.3,0.2,1.294180298,1.000008395,1.000013431,1.000006716,1.399993284,1.179238932,337.5885765,336.8667782,2.13174879,1.258861533,0.872887258,0.006314635,0.003728981,0.002585654,1261.19,321,0.9999999999999993
COOK:8100024,COOK:8100024,COOK:New Trier Precinct 24,,,,,,,,,,0.54472038,0.102775234,0.016027099,0.334459269,0.007343196,0.002669347,0.4911,0.9092,0.0908,0.6753,0.1271,0.0,0.0135,0.154,0.135993106,0.117230382,0.069110306,0.116508031,0.142288999,0.114861559,0.125711416,0.134816946,0.043479255,0.027859913,1.41e-05,0.041735603,7.96e-06,0.024751311,0.040188165,0.05410412,0.010895892,0.012370806,0.088136121,0.044842649,0.058910379,0.100565631,0.102077242,0.125348876,0.268191193,,-0.128706306,0.295918367,196.0,-0.254125413,303.0,0.478411054,579.0,52.6,123910,274.5985738,-0.494043205,-0.28027941,-0.575398128,0.522378041,-0.214971168,-0.206835675,-0.288683658,-0.084290867,-0.214971168,complete,COOK,New Trier Precinct 24,0,0,0,New Trier,1,0,0,516,344,229,238,179,119,0.17736,24.59913588760816,85,0.78702,33.421900017947756,115,0.0339,17.557795030392352,60,0.00088,7.3020648195389155,25,0.0002,4.087714007190216,14,0.00042,6.450779632993332,22,0.00022,3.1472056795095185,11,COOK:8100024,COOK:8100024,COOK:NEW TRIER PRECINCT 24,1.0,74.92605853,3.286809431,3.286809431,3.286809431,3.286809431,5.353084886,3.286809431,3.286809431,19.035301586623035,24.76648247272002,12.979712403583697,5.456441007008669,3.2532604084890107,5.574683947282411,2.5804439712061247,24.389872117061955,33.103498562871806,17.549984416350895,7.240885857458921,4.027496969310284,6.38298421663578,3.1179553023768025,16.7184999528121,26.65806044392807,16.394736320478255,8.741312384548868,2.9636175885582596,0.00790219556649503,0.01097907798217333,1.0,0.3,0.2,1.04750709,1.000001718,1.000002749,1.000001374,1.399998626,1.077591951,405.5536201,404.4602615,2.552132726,1.093672537,1.458460188,0.00629296,0.00269674,0.00359622,1539.22,344,0.9988105246654788
COOK:8100026,COOK:8100026,COOK:New Trier Precinct 26,,,,,,,,,,0.797672526,0.029572061,0.012105623,0.149335397,0.009109713,0.000467343,0.5617,0.9027,0.0973,0.4681,0.2852,0.0047,0.0073,0.2262,0.133341378,0.175297624,0.024892469,0.063867548,0.159433245,0.193370808,0.102127743,0.095003406,0.052665779,0.006979044,2.34e-05,0.005581618,0.002797629,0.013942209,0.008342699,0.013737886,0.011910913,0.016123793,0.033385939,0.031293494,0.130249636,0.09225799,0.088619189,0.107524818,0.437229718,,-0.325230235,0.588235294,306.0,-0.149295775,355.0,0.138702461,894.0,53.7,170811,367.6173548,-1.331269384,1.514071161,-0.207469679,-0.558342067,-0.033372522,-0.145752493,-0.045715959,-0.220019958,-0.033372522,complete,COOK,New Trier Precinct 26,0,0,0,New Trier,1,0,0,698,461,310,147,111,74,0.17324,24.557070987630595,113,0.7899,33.393648710597944,154,0.03498,17.597726452127098,81,0.001,7.315129943594273,34,0.00024,4.088621000767957,19,0.00048,6.472151383613618,30,0.00016,3.187591441601313,15,COOK:8100026,COOK:8100026,COOK:NEW TRIER PRECINCT 26,1.0,68.12199403,4.501839467,4.501839467,4.501839467,4.501839467,4.866969167,4.501839467,4.501839467,19.037365375755506,24.76961649911594,12.981889004187245,5.457217442366561,3.2535901861159404,5.5704479827535955,2.574430797707891,24.392544176579303,33.10755850568422,17.552812041833512,7.241872307751039,4.027215389221821,6.378740572112475,3.1119344488840794,16.72056374194457,26.661194470323988,16.396912921081803,8.74208881990676,2.9639473661851894,0.0036662310376792207,0.004965904483939633,1.0,0.3,0.2,1.358908584,1.000004806,1.000007689,1.000003845,1.399996155,1.056458916,498.12109,497.1427962,3.146219348,2.013480041,1.132739307,0.006316174,0.00404215,0.002274024,2250.63,462,0.997867484941811
COOK:8100027,COOK:8100027,COOK:New Trier Precinct 27,,,,,,,,,,0.819835261,0.029726055,0.02768026,0.113830959,1.28e-05,0.003951155,0.53,0.9571,0.0429,0.3461,0.164,0.0,0.0185,0.4662,0.141338463,0.226664937,0.024472687,0.072680541,0.12441331,0.202998505,0.098605048,0.062615834,0.046210675,0.016681531,2.83e-05,2.61e-05,0.006250345,0.006257515,0.024988981,0.024972012,0.002115783,0.002114633,0.02911188,0.056280875,0.106146649,0.012679744,0.0583473,0.116594267,0.537404109,,-0.309030085,0.46,200.0,-0.106976744,215.0,0.16838488,582.0,53.2,206960,240.1251598,-1.262253923,0.72691499,-0.058939399,-0.463912937,-0.144216365,-0.264547817,-0.103094681,-0.148214717,-0.144216365,complete,COOK,New Trier Precinct 27,0,0,0,New Trier,1,0,0,507,107,225,187,141,94,0.1713,24.47731623282498,26,0.79184,33.473526754810024,36,0.03484,17.646734517118848,19,0.0011,7.3197963617190105,8,0.0002,4.045655450686053,4,0.00052,6.492399051471839,7,0.0002,3.187590732280828,3,COOK:8100027,COOK:8100027,COOK:NEW TRIER PRECINCT 27,1.0,72.49840185,3.72032616,3.72032616,3.72032616,3.72032616,5.179641193,3.72032616,3.72032616,19.037761184640154,24.770217566091592,12.982306448897884,5.458235157350373,3.2536534333308054,5.570090512571641,2.573487893288467,24.392639010808704,33.1076625150628,17.552944794564553,7.2430220460929755,4.027087327830605,6.378356652586325,3.1109650951204597,16.720959550829217,26.66179553729964,16.397330365792442,8.743106534890572,2.9640106134000543,0.0033087608557245208,0.004023000064515801,1.0,0.3,0.2,1.605881421,1.00001191,1.000019056,1.000009528,1.399990472,1.045043587,328.8786929,328.8525448,1.393514552,0.07710291,1.316411641,0.004237169,0.000234442,0.004002727,1432.42,143,0.7503685634945834
COOK:8100003,COOK:8100003,COOK:New Trier Precinct 3,,,,,,,,,,0.752226613,0.040588805,0.012494634,0.170771931,0.007288609,0.001044279,0.6095,0.8552,0.1448,0.521,0.1426,0.0,0.0502,0.2426,0.107549011,0.121078358,0.037531876,0.065341943,0.133069448,0.164592089,0.125444488,0.166625736,0.078767052,0.028558063,2.06e-05,1.49e-05,0.010086864,0.010104136,0.038685993,0.025252736,0.015113751,0.003405702,0.023566448,0.122701627,0.084095814,0.057376995,0.100892158,0.06086531,0.419258887,,-0.289218623,0.47027027,185.0,-0.135135135,185.0,0.234782609,575.0,57.5,145075,233.2899139,-1.177853643,0.789957746,-0.157769018,-0.252680833,-0.097577974,-0.199586437,-0.08921449,-0.010739525,-0.097577974,complete,COOK,New Trier Precinct 3,0,0,0,New Trier,1,0,0,468,312,208,178,134,89,0.17896,25.006754325956344,78,0.79082,33.65612804230216,105,0.02874,17.339932903240456,54,0.00082,6.942867236054551,22,0.0002,4.0021415284944695,12,0.00038,6.4566495942343485,20,8e-05,3.2104313734383676,10,COOK:8100003,COOK:8100003,COOK:NEW TRIER PRECINCT 3,1.0,70.74457186,4.03351486,4.03351486,4.03351486,4.03351486,5.054338982,4.03351486,4.03351486,19.3247633795946,24.950639460749773,12.708031212394282,5.135144406327596,3.1800086375073677,5.570936675521645,2.5751262584283077,24.845066323678168,33.454032596673606,17.24048468627339,6.835795539605917,3.9380852022803263,6.382906224415528,3.1163068691395,17.007961745783664,26.84221743195782,16.12305512928884,8.420015783867795,2.8903658175766167,0.004154923805729152,0.005661365204356347,1.0,0.3,0.2,2.119632028,1.000017698,1.000028317,1.000014158,1.399985842,1.120367434,224.2042852,223.8486737,1.42151561,1.066169945,0.355345665,0.00634027,0.00475535,0.001584919,1156.23,312,0.9999999999999996
COOK:8100031,COOK:8100031,COOK:New Trier Precinct 31,,,,,,,,,,0.84985443,0.038039506,0.019487936,0.077007244,0.004879916,1.79e-07,0.5646,0.8036,0.1964,0.392,0.2429,0.0522,0.0243,0.287,0.13045769,0.191111246,0.041965917,0.107062567,0.097894581,0.188219821,0.13031771,0.070170806,0.042799661,0.015751418,0.111956621,0.035488974,0.027516186,0.033417137,0.011814372,0.027504686,0.01573187,3.28e-05,0.00199442,0.023601337,0.019791714,0.094351081,0.129744352,0.108244513,0.343058543,,-0.287456011,0.549450549,182.0,-0.164319249,213.0,0.196666667,600.0,53.5,140617,234.1814677,-1.170344608,1.275995897,-0.260198693,-0.373939658,-0.041107174,-0.132121766,-0.06672256,0.016329451,-0.041107174,complete,COOK,New Trier Precinct 31,0,0,0,New Trier,1,0,0,479,5,213,187,141,94,0.17622,24.637880514847275,1,0.78934,33.43329963139111,2,0.03262,17.583260262812466,1,0.00092,7.273256031210737,0,0.0003,4.097792818908206,0,0.00046,6.362906866968466,0,0.00014,3.229318579285899,0,COOK:8100031,COOK:8100031,COOK:NEW TRIER PRECINCT 31,1.0,68.45091907,4.443101957,4.443101957,4.443101957,4.443101957,4.890469184,4.443101957,4.443101957,19.038171701025824,24.770840967566286,12.98273940505544,5.4579951664042685,3.25371903069119,5.56904138119065,2.5721962924907116,24.39336012046893,33.10877637104629,17.553693178028922,7.24278218210588,4.027064950833856,6.3773173332325985,3.1096833063499694,16.721370067214888,26.662418938774334,16.39776332195,8.742866543944467,2.964076210760439,0.002259629474733964,0.0027313992667601437,1.0,0.3,0.2,1.27781244,1.000006446,1.000010313,1.000005156,1.399994844,1.010051035,339.5868789,339.5863884,2.419072097,1.341731707,1.07734039,0.007123574,0.003951071,0.003172503,1508.31,15,0.35900152814721875
COOK:8100032,COOK:8100032,COOK:New Trier Precinct 32,,,,,,,,,,0.85811496,0.057162466,0.010754411,0.060859579,0.004763224,4.9e-06,0.5284,0.9847,0.0153,0.3223,0.1685,0.0,0.0202,0.489,0.147267957,0.283159528,0.01623737,0.060656261,0.114876545,0.223338879,0.090945522,0.032483831,0.031034107,3.24e-05,8.15e-05,2.58e-05,2.76e-05,0.007263922,3.85e-05,0.012104397,1.59e-05,2.48e-06,0.012091802,0.041065912,0.144789048,0.009730085,0.062844998,0.118347886,0.59153776,,-0.3722282,0.576086957,184.0,-0.314917127,181.0,0.074523397,577.0,52.6,215475,219.9166068,-1.531488904,1.439500127,-0.78876337,-0.762515899,-0.336544458,-0.410817012,-0.41213373,-0.1854905,-0.336544458,complete,COOK,New Trier Precinct 32,0,0,0,New Trier,1,0,0,461,83,205,172,129,86,0.17108,24.56394676035113,20,0.79372,33.48676024877402,28,0.03328,17.603192743206332,15,0.0011,7.292113712005932,6,0.00026,4.068747109344442,3,0.0004,6.388668438941972,5,0.00016,3.1933895505067666,3,COOK:8100032,COOK:8100032,COOK:NEW TRIER PRECINCT 32,1.0,78.48964057,2.650445797,2.650445797,2.650445797,2.650445797,5.607684654,2.650445797,2.650445797,19.03835171765567,24.77111433700155,12.982929261809225,5.457616351419519,3.2537477959637977,5.568438070409285,2.5715636735293,24.393807846893754,33.10947725039465,17.554150319543183,7.242374528014019,4.027078452800342,6.376726189741586,3.109062854678909,16.721550083844733,26.662692308209596,16.397953178703784,8.742487728959718,2.9641049760330467,0.001656318693369523,0.0020987803053487673,1.0,0.3,0.2,1.465692645,1.000010095,1.000016152,1.000008076,1.399991924,1.026692471,279.8760213,279.8760213,1.154604048,0.0,1.154604048,0.004125413,0.0,0.004125413,1280.16,115,0.7209519032220804
COOK:8100033,COOK:8100033,COOK:New Trier Precinct 33,,,,,,,,,,0.826243578,0.061635368,0.019628016,0.076606585,0.004681744,0.002799652,0.5549,0.886,0.114,0.395,0.1901,0.0043,0.0,0.4033,0.152870984,0.186057133,0.026167564,0.118352566,0.184473869,0.151598369,0.067576473,0.083957318,0.028945725,0.022327192,3.19e-05,2.6e-05,1.53e-05,0.002049191,0.018268954,0.006126621,0.018270008,1.51e-05,0.026409925,0.018375531,0.097593091,0.022388141,0.073154118,0.099646177,0.595302743,,-0.336683899,0.404444444,225.0,-0.266129032,248.0,0.225710015,669.0,48.2,216009,281.1366351,-1.380063989,0.385894219,-0.617528131,-0.281543614,-0.397056793,-0.473310378,-0.425900343,-0.153442768,-0.397056793,complete,COOK,New Trier Precinct 33,0,0,0,New Trier,1,0,0,624,416,277,210,158,105,0.17268,24.59138301279148,102,0.7914,33.43521138358426,139,0.03414,17.59621523142874,73,0.001,7.282007293445466,30,0.00024,4.0841192559875905,17,0.00038,6.486197919073719,27,0.00016,3.185469843732283,13,COOK:8100033,COOK:8100033,COOK:NEW TRIER PRECINCT 33,1.0,80.00439626,2.379949586,2.379949586,2.379949586,2.379949586,5.715906226,2.379949586,2.379949586,19.038176167633402,24.770847750461805,12.98274411581809,5.458004752621635,3.2537197444207204,5.569036353134773,2.572185192407095,24.393362103190455,33.10877901888089,17.553695570976643,7.242793057664476,4.027063667689556,6.377312061287393,3.1096719623770244,16.721374533822466,26.66242572166985,16.397768032712648,8.742876130161834,2.9640769244899694,0.0022546014188569003,0.0027202991831438285,1.0,0.3,0.2,2.414373511,1.000032343,1.000051748,1.000025874,1.399974126,1.039017088,342.1100245,342.1092067,1.412865391,0.000849275,1.412016117,0.004129857,2.48e-06,0.004127374,1347.97,416,1.0000000000000002
COOK:8100034,COOK:8100034,COOK:New Trier Precinct 34,,,,,,,,,,0.6432251,0.058959204,0.037206354,0.264724838,0.015501677,0.001036839,0.4974,0.8913,0.1087,0.6088,0.0984,0.0,0.0491,0.2348,0.089838387,0.174934506,0.026119458,0.095933513,0.0921629,0.205595142,0.13812801,0.071456071,0.105832014,0.006164212,0.004093558,0.012256625,0.002047173,0.018368648,0.030607131,0.002081744,0.022437043,0.004085429,0.077551489,0.036743683,0.089773199,0.146855604,0.044943933,0.063380391,0.438610139,,-0.208338808,0.472972973,148.0,-0.182481752,137.0,0.213953488,430.0,55.9,151570,176.8248392,-0.833291538,0.806547947,-0.323944993,-0.318944832,-0.116473699,-0.167408354,-0.147781027,-0.125822025,-0.116473699,complete,COOK,New Trier Precinct 34,0,0,0,New Trier,1,0,0,321,214,143,163,123,82,0.1742,24.68146727288462,53,0.79224,33.58745549846622,72,0.03146,17.469435296218027,37,0.00112,7.16822180086448,15,0.00032,4.022707280019894,9,0.0005,6.50235536366848,14,0.00016,3.1090263498926283,7,COOK:8100034,COOK:8100034,COOK:NEW TRIER PRECINCT 34,1.0,71.47022907,3.90393124,3.90393124,3.90393124,3.90393124,5.10618349,3.90393124,3.90393124,19.139628310056402,24.832961943690478,12.882034238322309,5.342026434831411,3.226909022387383,5.573719607492578,2.5784707612879707,24.553031640434668,33.22876963566108,17.438357127375838,7.096703087113508,3.995246918536653,6.383303408665988,3.1172656242786894,16.822826676245466,26.724539914898525,16.297058155216867,8.62689781237161,2.937266202456632,0.006937855776661624,0.00900586806401933,1.0,0.3,0.2,1.116169888,1.000008,1.000012801,1.0000064,1.3999936,1.311396217,398.645392,397.6245205,2.563801653,1.120017782,1.443783872,0.006431284,0.002809559,0.003621725,1606.74,214,0.9999999999999994
COOK:8100036,COOK:8100036,COOK:New Trier Precinct 36,,,,,,,,,,0.839349534,0.040952462,0.01930161,0.086475123,0.008506283,0.000776289,0.5785,0.6883,0.3117,0.5465,0.1883,0.058,0.0315,0.1743,0.142211407,0.204742073,0.036579277,0.094429192,0.17105726,0.152926719,0.090369973,0.085072213,0.022611887,0.059954486,0.016237143,1.19e-05,2.75e-05,0.017871228,0.00163889,0.032428601,0.050278452,0.001641214,0.055146531,0.019474949,0.120051852,0.030902922,0.019519251,0.110445414,0.464369622,,-0.29832533,0.590443686,293.0,-0.141868512,289.0,0.129321383,781.0,50.2,183870,312.9353877,-1.216649801,1.527627096,-0.181401656,-0.588186233,-0.011127834,-0.114652649,-0.024477636,-0.09206702,-0.011127834,complete,COOK,New Trier Precinct 36,0,0,0,New Trier,1,0,0,669,446,297,249,187,125,0.17438,24.54480566307581,109,0.79114,33.37875227034592,149,0.03294,17.660029165838772,79,0.00078,7.30420836439179,33,0.00014,4.060100785956165,18,0.00052,6.439886276328171,29,0.0001,3.151943486459538,14,COOK:8100036,COOK:8100036,COOK:NEW TRIER PRECINCT 36,1.0,67.15599698,4.67434157,4.67434157,4.67434157,4.67434157,4.797953602,4.67434157,4.67434157,19.038066151668104,24.77068068255075,12.982628086126539,5.457934869299828,3.2537021647158038,5.569247242861987,2.572498842653343,24.393233359206867,33.10858471889829,17.5535582692492,7.242708970300009,4.027081103990914,6.377524179406249,3.1099868410149134,16.72126451785717,26.662258653758798,16.397652003021097,8.742806246840027,2.9640593447850527,0.002465491146070928,0.0030339494293916192,1.0,0.3,0.2,1.861115231,1.000029385,1.000047016,1.000023508,1.399976492,1.008351443,339.3968963,339.3695313,2.850004296,1.872637796,0.9773665,0.008397261,0.005517545,0.002879715,1535.81,446,1.0000000000000007
COOK:8100037,COOK:8100037,COOK:New Trier Precinct 37,,,,,,,,,,0.855222204,0.037238683,0.00645333,0.090407682,0.00532959,4.05e-06,0.6787,0.7817,0.2183,0.3192,0.1539,0.0168,0.0212,0.4768,0.058869202,0.137905843,0.029851859,0.061724501,0.077822411,0.141577857,0.250778165,0.186291965,0.055141435,0.070255118,0.074671979,0.040960089,2.74e-05,3.71e-05,0.007334893,0.021982192,0.007370206,0.007321773,0.010333149,0.055697484,0.190457886,0.022148947,0.029360327,0.099769746,0.362235017,,-0.350011069,0.459183673,196.0,-0.144144144,222.0,0.160330579,605.0,62.8,115274,237.1533138,-1.436840055,0.721904069,-0.189388613,-0.489536207,-0.223720057,-0.348465201,-0.191904739,0.078107191,-0.223720057,complete,COOK,New Trier Precinct 37,0,0,0,New Trier,1,0,0,494,325,219,185,139,93,0.18612,25.94772591951817,84,0.79364,34.40299299516517,112,0.01932,16.612079341153585,54,0.00032,6.024141694978422,20,0.00014,3.8051026494315074,12,0.00034,6.4136930454015415,21,0.00012,3.129201201520393,10,COOK:8100037,COOK:8100037,COOK:NEW TRIER PRECINCT 37,1.0,75.20743092,3.236563596,3.236563596,3.236563596,3.236563596,5.373187508,3.236563596,3.236563596,19.935449693450806,25.3365380155866,12.128931905892339,4.452653683843361,3.0242398704732336,5.568976895809493,2.5724599743719714,25.814493753884047,34.1977768046421,16.5747479047575,5.96801030112072,3.747338363083571,6.388808087099358,3.121502227479145,17.61864805963987,27.22811598679465,15.543955822786897,7.73752506138356,2.7345970505424826,0.002195144093577546,0.0029950811480200516,1.0,0.3,0.2,1.800884124,1.000026903,1.000043045,1.000021522,1.399978478,1.003279623,413.224708,413.0254857,3.576939002,2.188743619,1.388195383,0.00865616,0.005296739,0.00335942,1168.65,326,0.9984534763204503
COOK:8100038,COOK:8100038,COOK:New Trier Precinct 38,,,,,,,,,,0.878377271,0.03138899,0.021563949,0.045155503,0.017626688,0.001957776,0.5625,0.8393,0.1607,0.4421,0.2409,0.0192,0.0121,0.2755,0.147229897,0.204187961,0.027505785,0.097514963,0.192936688,0.125752534,0.091664129,0.080480131,0.032727913,0.016838593,0.039311983,0.013099092,0.011225068,0.013107,0.005611244,0.02243813,0.0261637,7.72e-07,0.024287943,0.011238382,0.085938607,0.072889636,0.082260085,0.112146049,0.463443713,,-0.330984565,0.520737327,217.0,-0.27753304,227.0,0.11323764,627.0,48.3,183701,271.3295432,-1.355783833,1.099743407,-0.657553634,-0.639353689,-0.318413917,-0.388236937,-0.372277256,-0.160977109,-0.318413917,complete,COOK,New Trier Precinct 38,0,0,0,New Trier,1,0,0,570,380,253,194,146,97,0.17426,24.594316138489344,93,0.78872,33.391484568150375,127,0.03508,17.635534296009965,67,0.0012,7.272936066610603,28,0.00014,4.072289999945877,15,0.00048,6.4254522314500875,24,0.00012,3.187557321942484,12,COOK:8100038,COOK:8100038,COOK:NEW TRIER PRECINCT 38,1.0,78.00378645,2.737206782,2.737206782,2.737206782,2.737206782,5.572972855,2.737206782,2.737206782,19.038526789087754,24.771380196764397,12.983113903049329,5.4582751332708295,3.2537757710318447,5.568389203947344,2.5711971269544365,24.393749499289974,33.109361243109504,17.55411068388736,7.243113738833224,4.027004037832326,6.376659627144829,3.10867861196923,16.72172515527682,26.662958167972445,16.398137819943887,8.743146510811028,2.9641329511010936,0.001607452231427851,0.001732233730485294,1.0,0.3,0.2,1.765995725,1.000018048,1.000028876,1.000014438,1.399985562,1.015708061,363.1123971,363.1123383,2.281353933,1.032281788,1.249072144,0.006282776,0.002842871,0.003439905,1520.38,380,0.99954800870568
COOK:8100039,COOK:8100039,COOK:New Trier Precinct 39,,,,,,,,,,0.705731975,0.027794201,0.009725286,0.247025394,0.005554422,0.001388038,0.5936,0.9849,0.0151,0.831,0.077,0.0,0.0108,0.0812,0.177527736,0.114151775,0.04066447,0.130859753,0.160708062,0.13589229,0.084426745,0.117993832,0.03777534,0.026859264,0.018792339,1.33e-06,0.021514841,0.021479988,1.33e-08,0.016104044,0.040306148,3.98e-06,3.99e-05,6.54e-05,0.077947876,0.088702495,0.043044192,0.244397037,0.400741103,,-0.293125924,0.327586207,116.0,-0.352226721,247.0,0.098039216,408.0,50.7,179693,174.1501778,-1.194499426,-0.08589037,-0.919711652,-0.687704667,-0.694472751,-0.721951529,-0.734024776,-0.448299055,-0.694472751,complete,COOK,New Trier Precinct 39,0,0,0,New Trier,1,0,0,285,190,127,132,99,66,0.51342,30.322808225420207,58,0.46506,29.708361271245,56,0.01992,15.605789646696556,30,0.00046,6.042784612939749,11,0.00066,5.108908376910628,10,0.00032,6.60399659789187,13,0.00016,3.2861035131128826,6,COOK:8100039,COOK:8100039,COOK:NEW TRIER PRECINCT 39,1.0,85.46207978,1.405348389,1.405348389,1.405348389,1.405348389,6.105829888,1.405348389,1.405348389,21.823314405401316,20.423463691274513,10.466278196250544,3.962907998080188,3.7821109519943756,5.572559315838258,2.5775466254267974,30.11851486594588,29.444575508847898,15.523775824259037,5.937063139108978,5.09336601094009,6.480591860779349,3.2147902321851975,19.50651277159038,22.31504166248256,13.881302113145102,7.247779375620387,3.4924681320636246,0.005777564122341852,0.0080817322028461,1.0,0.3,0.2,1.013359931,1.000003397,1.000005435,1.000002718,1.399997282,1.081956518,280.9779781,280.6173249,2.16341323,1.08154393,1.081869301,0.007699583,0.003849212,0.00385037,1071.85,190,0.9990932762641843
COOK:8200001,COOK:8200001,COOK:Niles Precinct 1,,,,,,,,,,0.809603493,0.084922603,0.015334341,0.084392698,0.009576918,0.001914059,0.2864,0.8628,0.1372,0.8002,0.0916,0.0,0.012,0.0896,0.045363568,0.037619511,0.056703881,0.044780413,0.071589854,0.169482161,0.121115883,0.150331753,0.303012973,0.147406238,0.019821657,0.042148721,0.023570369,0.034688228,0.081760125,0.052035865,0.065678584,0.018600202,0.045837522,0.06198861,0.11773146,0.078052669,0.081783105,0.065708757,0.063187888,,-0.056051763,0.316326531,196.0,-0.567307692,208.0,0.136116152,551.0,68.3,53118,246.9604057,-0.184522192,-0.15500647,-1.674597481,-0.566569932,-0.794181548,-0.645174019,-1.00006624,-0.820809126,-0.794181548,complete,COOK,Niles Precinct 1,0,0,1,Niles,1,0,0,342,224,152,196,147,98,0.5676,33.722669400031556,76,0.42902,32.02136611412164,72,0.0032,13.068360646923221,29,2e-05,2.7567817516582096,6,6e-05,4.455398256040096,10,8e-05,6.481308925877924,15,2e-05,3.2307048384884878,7,COOK:8200001,COOK:8200001,COOK:NILES PRECINCT 1,1.0,86.71819669,1.181038378,1.181038378,1.181038378,1.181038378,6.195573038,1.181038378,1.181038378,23.838586330581702,21.69591803393103,8.552950099243054,1.7102142478546964,3.2675971314672525,5.5690902767820525,2.5723806571987033,33.70296232820405,32.02615555420164,13.097452359050843,2.8061760465953562,4.432889605636299,6.507270053072142,3.2397714953061034,21.521784696770766,23.587496005139077,11.967974016137612,4.995085625394895,2.9779543115365015,0.002308525066136298,0.0029157639747520486,1.0,0.3,0.2,1.000013856,1.077490252,1.123984403,1.061992202,1.338007798,1.6,211.4078226,211.0845691,0.969760677,0.323253564,0.646507113,0.004587156,0.001529052,0.003058104,1458.49,225,0.995941308370879
COOK:8200010,COOK:8200010,COOK:Niles Precinct 10,,,,,,,,,,0.4609092,0.095738435,0.016761428,0.421235357,0.009379097,2.98e-06,0.3322,0.8809,0.1191,0.8265,0.1018,0.0087,0.0054,0.0466,0.075459918,0.276367378,0.044601601,0.094538995,0.176384361,0.07267919,0.132818754,0.046532263,0.080617539,0.01120097,0.044439162,9.3e-06,0.019454097,5.11e-05,0.038976794,0.076496705,5.96e-05,0.038905626,0.207010581,0.108431815,0.100141581,0.069539604,0.062601264,0.143212739,0.079469137,,0.079651865,0.271428571,140.0,-0.233333333,120.0,0.36344086,465.0,48.0,68770,231.5068063,0.393598908,-0.430606932,-0.502422604,0.156621616,-0.185304404,-0.095702253,-0.266648475,-0.270410924,-0.185304404,complete,COOK,Niles Precinct 10,0,0,1,Niles,1,0,0,330,220,147,209,157,105,0.17748,24.55606786585979,54,0.7867,33.414997268077876,74,0.03364,17.615271162670293,39,0.00114,7.288060161208831,16,0.00038,4.0572226593972545,9,0.00048,6.447823272295519,14,0.00018,3.1776791400376174,7,COOK:8200010,COOK:8200010,COOK:NILES PRECINCT 10,1.0,73.94153415,3.462620036,3.462620036,3.462620036,3.462620036,5.282745638,3.462620036,3.462620036,19.0343341935719,24.765013410154573,12.978692130598514,5.456018316252084,3.2531058265214585,5.576638780954808,2.583248401149273,24.388647831523294,33.10164108713864,17.548686662221364,7.240358518097264,4.02763398170178,6.384944339686159,3.1207650216979332,16.717532559760965,26.65659138136262,16.393716047493072,8.740889693792283,2.9634630065907075,0.00985702923889212,0.013783507925321957,1.0,0.3,0.2,1.000859401,1.00285531,1.004568496,1.002284248,1.397715752,1.6,308.4792011,306.9388881,3.831856587,1.747046672,2.084809915,0.012421766,0.005663418,0.006758348,2098.19,220,0.9999999999999993
COOK:8200011,COOK:8200011,COOK:Niles Precinct 11,,,,,,,,,,0.805611917,0.082248477,0.010511038,0.082378619,0.003514614,6.31e-07,0.4932,0.5844,0.4156,0.6646,0.1122,0.0015,0.0116,0.2101,0.14450272,0.123603796,0.076200297,0.139193911,0.093384806,0.139355646,0.13007389,0.098504474,0.055180458,0.034078612,0.003427105,0.003448754,0.013699194,0.006928168,0.023874892,1.1e-05,0.017063652,0.006820074,0.030725416,0.037601637,0.116053695,0.098866334,0.109146642,0.143349329,0.35490546,,-0.07883296,0.483146067,89.0,-0.397260274,73.0,0.161290323,310.0,52.9,149600,126.8978258,-0.281574061,0.868994201,-1.077769294,-0.486482959,-0.323827551,-0.244208028,-0.490539804,-0.423813652,-0.323827551,complete,COOK,Niles Precinct 11,0,0,1,Niles,1,0,0,230,153,102,96,72,48,0.17406,24.52815318652755,38,0.7913,33.44684530193073,51,0.03282,17.6375644935811,27,0.0008,7.327320806382026,11,0.00034,4.00455662959527,6,0.00056,6.45470288865721,10,0.00012,3.1393658745740307,5,COOK:8200011,COOK:8200011,COOK:NILES PRECINCT 11,1.0,78.1504562,2.711015357,2.711015357,2.711015357,2.711015357,5.58345166,2.711015357,2.711015357,19.038111820118882,24.770750033691304,12.982676250920104,5.45748889003419,3.2537094621829166,5.568910981351598,2.5722536443066413,24.393515130092798,33.10903421117876,17.553839173649443,7.242218724396804,4.027114352160676,6.377201062907803,3.109754787680156,16.721310186307946,26.66232800489935,16.397700167814662,8.742360267574389,2.9640666422521655,0.002129229635682027,0.002788751082690213,1.0,0.3,0.2,1.000118275,1.000221455,1.000354328,1.000177164,1.399822836,1.6,93.88526746,93.57052339,0.630665883,0.158331661,0.472334221,0.006717411,0.001686438,0.005030973,622.51,153,1.0000000000000002
COOK:8200012,COOK:8200012,COOK:Niles Precinct 12,,,,,,,,,,0.414074498,0.113728976,0.124636689,0.34209495,0.007295834,0.003638112,0.2514,0.6555,0.3445,0.9569,0.0014,0.0001,0.0,0.0086,0.133779741,0.127095704,0.137714388,0.095740064,0.163138605,0.160515091,0.054967699,0.100296581,0.026752126,1.39e-05,2.63e-05,3.96e-05,0.12798229,8.85e-06,0.003890531,0.003880326,0.021339874,0.04656994,0.021446705,0.110697228,0.238651387,0.110639896,0.197956119,0.112657955,0.004199059,,0.093386614,0.195876289,97.0,0.027027027,74.0,0.503496503,286.0,46.8,92191,171.4755163,0.452111332,-0.894375082,0.411383695,0.602182761,0.138752913,0.142825677,0.192464516,-0.237725785,0.138752913,complete,COOK,Niles Precinct 12,0,0,1,Niles,1,0,0,264,176,117,144,108,72,0.17662,24.561159904635538,43,0.78744,33.43449934391191,59,0.0345,17.678698796689226,31,0.00074,7.319206635354772,13,0.0001,4.01241948405682,7,0.0005,6.4906373743921515,11,0.0001,3.1986697803837463,6,COOK:8200012,COOK:8200012,COOK:NILES PRECINCT 12,1.0,61.1928074,6.012672876,6.012672876,6.012672876,6.012672876,4.371914109,6.012672876,4.371914109,19.035216462887796,24.766353205621478,12.979622626788878,5.46217988537367,3.2532468063709645,5.57788050113244,2.5820891902684178,24.386988135173798,33.09885037754201,17.547147734612572,7.247224808300545,4.027016282924648,6.3860151762797805,3.1194349272330686,16.71841482907686,26.657931176829525,16.394646543683436,8.74705126291387,2.9636039864402135,0.011098749416524119,0.012624297044466751,1.0,0.3,0.2,1.733976666,1.052080504,1.083328807,1.041664403,1.358335597,1.6,307.1140388,306.8896774,4.625586311,1.545015589,3.080570722,0.015061462,0.005030755,0.010030706,1460.05,176,0.9999999999999999
COOK:8200013,COOK:8200013,COOK:Niles Precinct 13,,,,,,,,,,0.698886544,0.097337902,0.014118234,0.188358851,0.01216822,1.51e-06,0.3018,0.8756,0.1244,0.8767,0.0382,0.0023,0.0381,0.0367,0.099276196,0.110748389,0.112079484,0.13771903,0.051696644,0.234849512,0.146777937,0.04184308,0.065009729,0.04275859,0.019429631,0.040791937,0.040811061,4.99e-05,0.066093532,0.019470548,0.019497856,0.036939143,0.021560245,0.132234597,0.138186395,0.116704103,0.070078306,0.110856921,0.124537197,,0.014380019,0.069444444,144.0,-0.4,130.0,0.252236136,559.0,53.2,85921,279.0563429,0.115529471,-1.670461009,-1.087385116,-0.197155662,-0.830159537,-0.709868079,-0.905662945,-0.599011944,-0.830159537,complete,COOK,Niles Precinct 13,0,0,1,Niles,1,0,0,330,220,147,220,165,110,0.51566,30.42818049459197,67,0.46454,29.76114095369981,65,0.01812,15.6695961032107,34,0.00064,5.98437366564848,13,0.00046,5.1671483148897925,11,0.00044,6.505445293997764,14,0.00014,3.25555586520558,7,COOK:8200013,COOK:8200013,COOK:NILES PRECINCT 13,1.0,87.11739124,1.109752551,1.109752551,1.109752551,1.109752551,6.224093453,1.109752551,1.109752551,21.823968428961727,20.424456877579082,10.466967970246312,3.9634539487665066,3.782215459928018,5.571373955594122,2.5757136329545554,30.119168755441876,29.445681887843254,15.524567960032787,5.937747386526554,5.093178348886987,6.479391182078608,3.2129419212563506,19.50716679515079,22.31603484878713,13.88199188714087,7.248325326306706,3.492572639997267,0.004592203878206674,0.006248739730604221,1.0,0.3,0.2,1.000015265,1.136425643,1.218281029,1.109140515,1.290859485,1.6,308.882865,308.6268408,1.537659391,0.512654079,1.025005312,0.004978131,0.001659704,0.003318427,1347.0,220,0.9999999999999997
COOK:8200014,COOK:8200014,COOK:Niles Precinct 14,,,,,,,,,,0.51075121,0.103599483,0.139707092,0.239793895,0.01500244,0.002042049,0.3506,0.866,0.134,0.6623,0.04,0.0004,0.0211,0.2626,0.138430715,0.113994431,0.066320564,0.118137454,0.150987663,0.131455889,0.16303575,0.089145617,0.028491916,0.039304445,0.024938606,0.065924086,0.003584032,0.010780622,0.017886781,0.003562375,0.012515227,3.08e-08,0.044636068,0.074943639,0.262016466,0.098312961,0.076740746,0.093071291,0.171782626,,-0.003594576,0.411111111,180.0,0.005586592,179.0,0.409345794,535.0,51.8,94266,263.3055589,0.038954565,0.426816714,0.336132591,0.30265968,0.30585869,0.276140887,0.31785703,0.047773913,0.30585869,complete,COOK,Niles Precinct 14,0,0,1,Niles,1,0,0,464,309,206,225,169,113,0.19716,22.17751585167365,69,0.6097,28.565936060122194,88,0.18648,21.92557886805874,68,0.00258,7.813871693863682,24,0.0022,7.187898017307173,22,0.00148,6.413157559436847,20,0.0004,3.1079157438086984,10,COOK:8200014,COOK:8200014,COOK:NILES PRECINCT 14,1.0,54.02424629,7.651247956,7.651247956,7.651247956,7.651247956,3.859756965,7.651247956,3.859756965,17.92154169358962,22.228682941352847,17.00314040845803,6.2237209393395805,6.238058982985233,5.576019981776727,2.578988338706687,21.87655057996253,28.078900498378385,21.698531424633572,7.671494896911132,7.114802269561216,6.320109176936164,3.0522885956834336,15.604740059778685,24.120260912560894,20.41816432535259,9.50859231687978,5.948416163054482,0.009238230060811144,0.009523445482735853,1.0,0.3,0.2,1.271685409,1.00693692,1.011099072,1.005549536,1.394450464,1.6,292.397697,290.813246,4.75496292,2.489851617,2.265111304,0.016261971,0.008515291,0.00774668,1573.95,309,1.0000000000000002
COOK:8200015,COOK:8200015,COOK:Niles Precinct 15,,,,TRUE,,,,,,0.47984021,0.137229843,0.094351327,0.289510214,0.01620594,0.000480114,0.2703,0.5815,0.4185,0.8265,0.0168,0.0001,0.0239,0.1323,0.233040779,0.107729566,0.136673823,0.070833889,0.17682216,0.050022141,0.126704893,0.073616346,0.024556404,0.129658485,0.043620474,0.046935965,0.056956307,0.05474173,0.015663457,0.103899883,0.040213414,0.062602052,0.070434777,0.130893693,0.058202093,0.026939228,0.061561081,0.062840122,0.034837239,,-0.033846486,0.28125,192.0,-0.165714286,175.0,0.459349593,492.0,45.7,45664,286.7831426,-0.089923843,-0.37031933,-0.265094959,0.461737526,-0.083417263,-0.065900152,-0.123256225,-0.129979087,-0.083417263,complete,COOK,Niles Precinct 15,0,0,1,Niles,1,0,0,462,308,205,216,162,108,0.17128,24.577910168226772,76,0.79332,33.480226359092676,103,0.03364,17.62818520330491,54,0.00096,7.213312953633844,22,0.00016,4.011645443777584,12,0.00042,6.406674761195201,20,0.00022,3.2045252718657893,10,COOK:8200015,COOK:8200015,COOK:NILES PRECINCT 15,1.0,70.1871079,4.133063513,4.133063513,4.133063513,4.133063513,5.014511024,4.133063513,4.133063513,19.035802685537085,24.767243430900724,12.980240893719436,5.460848113780694,3.2533404802405927,5.575864422827517,2.5800053054109866,24.38849319647223,33.10120879374994,17.548682531534297,7.245789105598699,4.027068779411093,6.384041545449694,3.1173934898504734,16.71900105172615,26.65882140210877,16.395264810613995,8.745719491320893,2.9636976603098417,0.00908267111160144,0.010540412187035351,1.0,0.3,0.2,1.005537232,1.001198694,1.00191791,1.000958955,1.399041045,1.6,506.7271028,504.4941737,6.560839855,2.632370235,3.92846962,0.012947482,0.005194848,0.007752634,2471.21,308,0.9999999999999997
COOK:8200016,COOK:8200016,COOK:Niles Precinct 16,,,,TRUE,,,,,,0.468104366,0.06480535,0.064322673,0.399782234,0.003001649,0.003482671,0.3683,0.6134,0.3866,0.8022,0.0515,0.0112,0.0394,0.0421,0.072041374,0.102451839,0.139869618,0.139016648,0.067554318,0.16520998,0.154048036,0.110283921,0.049524263,0.035725556,5.48e-05,0.027667481,0.002345121,0.002328372,0.002324081,0.044946018,0.012720273,0.017305121,0.064509686,0.143986346,0.095669784,0.076060874,0.110544397,0.227941173,0.135870893,,0.004657631,0.383259912,227.0,-0.015384615,195.0,0.30224525,579.0,53.1,116571,296.8874191,0.074110404,0.255855643,0.262528371,-0.038060908,0.157450174,0.138608378,0.182234173,-0.078991957,0.157450174,complete,COOK,Niles Precinct 16,0,0,1,Niles,1,0,0,498,332,221,262,197,131,0.17422,24.532770133319776,81,0.78996,33.34671056590855,111,0.0342,17.64629068862354,59,0.00082,7.408300849784894,25,0.00024,4.075749621375923,14,0.00042,6.41112900104596,21,0.00014,3.140015400934465,10,COOK:8200016,COOK:8200016,COOK:NILES PRECINCT 16,1.0,60.41645274,6.190130441,6.190130441,6.190130441,6.190130441,4.316447527,6.190130441,4.316447527,19.034573356255926,24.765376597533006,12.97894436646613,5.458663382627849,3.2531440428785205,5.577485824281042,2.583170177618985,24.387729344744706,33.10012764335931,17.547809991116758,7.243297663044646,4.027383325227456,6.385717029709161,3.1206124448644137,16.71777172244499,26.656954568741053,16.39396828336069,8.743534760168048,2.9635012229477695,0.010704072565125566,0.013705284395033636,1.0,0.3,0.2,1.010066635,1.000579129,1.000926607,1.000463303,1.399536697,1.6,543.3607346,541.2876701,6.911962565,4.492644597,2.419317968,0.012720762,0.008268254,0.004452508,2998.8,332,1.0000000000000004
COOK:8200017,COOK:8200017,COOK:Niles Precinct 17,,,,,,,,,,0.505434055,0.09819153,0.080849061,0.308940237,0.012564745,0.002396353,0.3047,0.7896,0.2104,0.7137,0.1116,0.0011,0.0001,0.1591,0.137834249,0.106855197,0.087523683,0.110925023,0.048819517,0.17593493,0.171529693,0.079518469,0.081059241,0.017255232,1.78e-05,0.010634422,0.021234397,9.53e-06,0.049038453,3e-05,0.035840771,0.058301411,0.029355571,0.078404376,0.208422746,0.108854687,0.018712243,0.216353539,0.147534866,,0.046579493,0.397129187,209.0,-0.144329897,194.0,0.476923077,520.0,56.1,98975,266.2774049,0.252704841,0.340990437,-0.190040564,0.517644317,0.186050217,0.230324758,0.101977153,-0.250690304,0.186050217,complete,COOK,Niles Precinct 17,0,0,1,Niles,1,0,0,474,316,211,222,167,111,0.17624,24.74304947579294,78,0.79068,33.592254785589844,106,0.03136,17.447543730188155,55,0.00082,7.0754099293821096,22,0.00012,4.00871579811325,13,0.00068,6.469440525226203,20,0.0001,3.263379063019921,10,COOK:8200017,COOK:8200017,COOK:NILES PRECINCT 17,1.0,59.21401969,6.464980135,6.464980135,6.464980135,6.464980135,4.230539816,6.464980135,4.230539816,19.162146348578148,24.846724275280994,12.85962591409577,5.3183551623152425,3.220946788618283,5.575921315066102,2.58045716892523,24.587496540928022,33.25376594542924,17.411669767656242,7.06653338214725,3.9879939981116896,6.385735446058785,3.1194823617352223,16.84534471476721,26.73830224648904,16.274649830990327,8.603226539855442,2.931303968687532,0.009139563350186078,0.01099227570127839,1.0,0.3,0.2,1.027872736,1.003852791,1.006164466,1.003082233,1.396917767,1.6,467.6360222,464.895619,7.536772634,2.057335509,5.479437125,0.01611675,0.004399438,0.011717312,2371.54,316,1.0000000000000004
COOK:8200018,COOK:8200018,COOK:Niles Precinct 18,,,,,,,,,,0.590828285,0.069352353,0.04704423,0.280765271,0.008485188,0.004671078,0.3941,0.8866,0.1134,0.6498,0.133,0.0319,0.0393,0.123,0.134726943,0.071716149,0.075486248,0.111603588,0.090361657,0.100287789,0.164449285,0.169483889,0.081884451,0.026149263,0.001583348,0.01449113,0.038570079,0.009037064,0.017165202,2.06e-05,1.29e-05,0.012992015,0.063962603,0.067163462,0.279250445,0.066069077,0.070201966,0.110124617,0.223206212,,0.067944423,0.352112676,284.0,-0.081967213,305.0,0.396662388,779.0,60.6,97279,355.1356014,0.343723165,0.064662265,0.028838429,0.262309768,0.143394933,0.174883407,0.114185938,-0.114484803,0.143394933,complete,COOK,Niles Precinct 18,0,0,1,Niles,1,0,0,629,419,279,154,116,77,0.17912,25.550718927703198,107,0.79596,34.22901712362611,143,0.02362,16.870919174514263,71,0.00064,6.413826682039731,27,0.00014,3.833078217200621,16,0.00038,6.445622647620287,27,0.00014,3.1957330623874904,13,COOK:8200018,COOK:8200018,COOK:NILES PRECINCT 18,1.0,61.00081617,6.056557839,6.056557839,6.056557839,6.056557839,4.358197315,6.056557839,4.358197315,19.680207014247706,25.173695821785095,12.367466830526938,4.737142816487145,3.088618927947093,5.574351300004142,2.579114154423229,25.407538799432604,33.88309242623751,16.848771415451736,6.330691694293663,3.826885577908684,6.390861806252932,3.1248357224893284,17.36340538043677,27.065273792993143,15.782490747421496,8.022014194027344,2.798976108016342,0.007569548288225502,0.009649261199277675,1.0,0.3,0.2,2.21589618,1.000242838,1.000388541,1.00019427,1.39980573,1.6,545.3850219,543.7753996,8.356893911,1.979048098,6.377845812,0.015322925,0.003628717,0.011694208,2294.87,419,1.0000000000000007
COOK:8200019,COOK:8200019,COOK:Niles Precinct 19,,,,,,,,,,0.749552125,0.061622867,0.073751622,0.093629292,0.00839987,3.1e-06,0.509,0.8386,0.1614,0.5864,0.0257,0.0009,0.0128,0.3695,0.149167481,0.176589454,0.064187474,0.099151851,0.10088315,0.133291174,0.15744096,0.059311267,0.05997719,0.029170989,4.43e-07,0.021865108,0.009734942,0.029149736,0.029176086,1.76e-05,0.004925558,7.58e-05,0.038973402,0.060854487,0.08533363,0.174965262,0.048714177,0.133793373,0.333249365,,-0.317463787,0.403726708,161.0,-0.296969697,165.0,0.005780347,519.0,53.7,133086,227.3462218,-1.298182963,0.381488488,-0.725771928,-0.981209208,-0.598677799,-0.655918903,-0.612648404,-0.154956851,-0.598677799,complete,COOK,Niles Precinct 19,0,0,1,Niles,1,0,0,327,218,145,188,141,94,0.51816,30.346952908486795,66,0.46112,29.670821345147736,65,0.0195,15.585051187858145,34,0.0005,6.056755000082657,13,0.00036,5.193706409173919,11,0.0003,6.5697450201211876,14,6e-05,3.3215038770977143,7,COOK:8200019,COOK:8200019,COOK:NILES PRECINCT 19,1.0,84.01613723,1.66355635,1.66355635,1.66355635,1.66355635,6.002524665,1.66355635,1.66355635,21.825024488519446,20.42606058722048,10.468081756453705,3.9671313482190316,3.782384210121224,5.57092393805056,2.573430782833738,30.118461408267304,29.445424845876648,15.524592235026173,5.942269347402459,5.09255959907291,6.478826049910227,3.210543956510714,19.50822285470851,22.317638558428527,13.883105673348263,7.2520027257592306,3.492741390190473,0.004142186334644523,0.003965889609786646,1.0,0.3,0.2,1.270611869,1.00211448,1.003383168,1.001691584,1.398308416,1.6,338.1236877,335.6441302,8.152551963,3.896180336,4.256371628,0.024111153,0.011522944,0.012588209,1162.86,218,0.9999999999999999
COOK:8200020,COOK:8200020,COOK:Niles Precinct 20,,,,,,,,,,0.584373224,0.081797585,0.043835403,0.294160204,0.010137193,0.000844601,0.4791,0.8842,0.1158,0.7315,0.0294,0.0,0.0267,0.1856,0.086052951,0.041611814,0.10583902,0.077976222,0.220185533,0.216490307,0.12881929,0.058003247,0.065021616,0.046360401,0.087283847,0.005171849,5.7e-05,0.03764806,0.049602121,0.025666301,1.45e-05,0.000143613,0.025710829,0.019134924,0.068486907,0.097574933,0.10435586,0.205279755,0.227509092,,0.005680162,0.486111111,144.0,-0.292035398,113.0,0.367647059,408.0,51.2,133899,206.246115,0.078466565,0.88719475,-0.708453648,0.170002861,0.028110611,0.106802632,-0.134940645,-0.123021309,0.028110611,complete,COOK,Niles Precinct 20,0,0,1,Niles,1,0,0,330,220,147,169,127,85,0.17588,24.610306403623277,54,0.78698,33.40410382179404,73,0.03494,17.525548199446686,39,0.00118,7.312265526716407,16,0.00032,4.050497247997694,9,0.0004,6.445656635052599,14,0.0003,3.1780606600647854,7,COOK:8200020,COOK:8200020,COOK:NILES PRECINCT 20,1.0,65.60000525,5.005284579,5.005284579,5.005284579,5.005284579,4.686785926,5.005284579,4.686785926,19.035750846740044,24.76716470960323,12.980186221294261,5.458135233779389,3.2533321967996143,5.5745604815033225,2.579504250315689,24.389720655904014,33.10319806199789,17.54988101619682,7.242786847275805,4.027305573289806,6.382815228386219,3.116970059015896,16.718949212929108,26.658742680811276,16.39521013818882,8.743006611319588,2.9636893768688632,0.00777872978740638,0.010039357091737708,1.0,0.3,0.2,1.002454604,1.000746554,1.001194486,1.000597243,1.399402757,1.6,314.1233105,312.5748428,4.129247175,0.774423624,3.354823551,0.013145306,0.002465349,0.010679957,1489.57,220,1.0000000000000002
COOK:8200021,COOK:8200021,COOK:Niles Precinct 21,,,,,,,,,,0.558682315,0.101765647,0.189709992,0.138882184,0.024133438,8.48e-06,0.4279,0.8681,0.1319,0.5558,0.0475,0.0062,0.0188,0.3377,0.134906592,0.218721814,0.035038667,0.095037417,0.135446524,0.102213857,0.138025205,0.105593377,0.035016546,0.063203536,3.61e-05,5.66e-05,0.008328297,0.055170194,0.035033335,2.22e-05,0.040054832,6.76e-05,0.041595531,0.043351641,0.025204706,0.113201671,0.068298145,0.20305642,0.303319192,,-0.09473948,0.472924188,277.0,0.239852399,271.0,0.456551724,725.0,53.2,151570,315.9072338,-0.349338607,0.806248487,1.158352878,0.452836622,0.667793993,0.517024845,0.7960596,0.254500854,0.667793993,complete,COOK,Niles Precinct 21,0,0,1,Niles,1,0,0,635,423,282,248,186,124,0.19788,22.23569850707874,94,0.60648,28.524160720572993,121,0.189,21.94473134952469,93,0.00278,7.762137589642122,33,0.00208,7.214047558638933,31,0.00146,6.392589427683363,27,0.00032,3.0720648179982137,13,COOK:8200021,COOK:8200021,COOK:NILES PRECINCT 21,1.0,38.20619493,11.26690588,11.26690588,11.26690588,11.26690588,2.729637841,11.26690588,2.729637841,17.922666672719814,22.230391310794964,17.00432688154059,6.226918763036968,6.23832862750128,5.575163806662726,2.576382292513144,21.876796274969717,28.079222923739767,21.698483828793066,7.674892217401671,7.114501538553701,6.319175555470391,3.0496051031381195,15.60586503890888,24.12196928200301,20.419350798435147,9.511790140577167,5.94868580757053,0.008382054946809563,0.0069173992891928705,1.0,0.3,0.2,1.810806025,1.003626012,1.005801619,1.002900809,1.397099191,1.6,444.310021,441.0486655,10.72319741,5.125774154,5.597423254,0.024134494,0.011536481,0.012598013,1941.27,423,0.9999999999999993
COOK:8200022,COOK:8200022,COOK:Niles Precinct 22,,,,,,,,,,0.499324763,0.121692327,0.132684393,0.241558494,0.011620467,0.002637375,0.2409,0.4202,0.5798,0.7477,0.1054,0.0,0.0407,0.1014,0.072726615,0.138984261,0.13751651,0.101667871,0.211187995,0.102666706,0.144415681,0.054474573,0.036359788,0.021191395,0.094709165,0.062419036,0.047421954,0.011233477,0.029902424,0.065996294,0.084673842,0.066102368,0.052466851,0.066016362,0.091020099,0.143409544,0.028646933,0.101115626,0.033674629,,0.005691562,0.2,105.0,0.04,100.0,0.519774011,354.0,46.0,53116,205.9489304,0.078515131,-0.869062202,0.456915912,0.653966645,0.117923949,0.080083871,0.193290357,-0.024931926,0.117923949,complete,COOK,Niles Precinct 22,0,0,1,Niles,1,0,0,311,207,138,183,138,92,0.1736,24.53146016270344,51,0.79156,33.416917188998404,69,0.0329,17.63819907660552,37,0.00078,7.297716374716709,15,0.00036,4.0577534030666245,8,0.00062,6.479881094207643,13,0.00018,3.1777780999371217,7,COOK:8200022,COOK:8200022,COOK:NILES PRECINCT 22,1.0,62.04785046,5.817228878,5.817228878,5.817228878,5.817228878,4.433002576,5.817228878,4.433002576,19.036337258618072,24.768055222241223,12.980804687797239,5.463143123903629,3.2534259009065387,5.575863633985896,2.57895469705355,24.38817893414547,33.10063471096973,17.548428044741698,7.248359118229598,4.026817352113006,6.383978578490996,3.116280703375961,16.719535624807136,26.65963319344927,16.395828604691797,8.748014501443828,2.9637830809757877,0.00908188226997974,0.009489803829598928,1.0,0.3,0.2,1.028266334,1.000209992,1.000335988,1.000167994,1.399832006,1.6,421.8288779,421.4429411,3.859367593,2.315620556,1.543747037,0.009149131,0.005489478,0.003659652,2224.31,207,0.9999999999999999
COOK:8200023,COOK:8200023,COOK:Niles Precinct 23,,,,,,,,,,0.564716882,0.07658689,0.106397793,0.247699269,0.004613522,0.000773771,0.3034,0.7081,0.2919,0.7629,0.0284,0.0208,0.0481,0.1271,0.143865425,0.172241781,0.111349452,0.104945615,0.138311318,0.076884566,0.103878765,0.090677951,0.057845129,0.015189575,2.08e-05,0.005690601,0.005820642,0.007564025,0.035770834,0.020752072,0.037730987,0.039579754,0.086687982,0.07169689,0.13396975,0.077321697,0.107550434,0.128502902,0.226151045,,-0.162074722,0.35443038,158.0,-0.146496815,157.0,0.289760349,459.0,47.1,112780,226.7518526,-0.636198471,0.078889199,-0.197645959,-0.077779313,-0.164328385,-0.208183636,-0.162220849,-0.104368588,-0.164328385,complete,COOK,Niles Precinct 23,0,0,1,Niles,1,0,0,369,246,164,190,143,95,0.17104,24.49267616569781,60,0.79336,33.4645280326745,82,0.03382,17.648752044681128,43,0.0009,7.274505397571793,18,0.0002,4.041963522647042,10,0.00056,6.437935367511449,16,0.00012,3.1880675820598574,8,COOK:8200023,COOK:8200023,COOK:NILES PRECINCT 23,1.0,73.21652026,3.592088775,3.592088775,3.592088775,3.592088775,5.230947092,3.592088775,3.592088775,19.0362688003227,24.767951262926125,12.980732487413643,5.461711641189767,3.2534149617975787,5.57526806051202,2.5788138193300214,24.38876592191073,33.101591430580946,17.548996792173426,7.24677258849048,4.026946551480989,6.383423668397281,3.1161804890325935,16.719467166511762,26.659529234134173,16.3957564043082,8.746583018729966,2.9637721418668277,0.008486308796103447,0.009348926106070373,1.0,0.3,0.2,1.20073691,1.000928464,1.001485542,1.000742771,1.399257229,1.6,351.7423706,351.7408765,1.985365153,0.001929262,1.983435891,0.005644373,5.48e-06,0.005638888,1575.65,246,0.9999999999999999
COOK:8200024,COOK:8200024,COOK:Niles Precinct 24,,,,,,,,,,0.460532809,0.132836532,0.115582517,0.278029572,0.017232867,0.003781094,0.315,0.4531,0.5469,0.7678,0.0133,0.0082,0.0317,0.1294,0.129277751,0.140897414,0.108753928,0.126514394,0.086029592,0.230207145,0.108462983,0.062558272,0.007298522,0.043168863,0.012467358,0.049807693,0.05460507,0.014388636,0.032599585,0.032609703,0.090976859,0.020201166,0.087170885,0.102588309,0.129468773,0.026943891,0.038358364,0.121850957,0.142793889,,0.260415845,0.223529412,170.0,-0.013888889,144.0,0.508928571,448.0,51.2,69066,279.3535275,1.163684959,-0.724629876,0.267778033,0.619463882,0.241983557,0.33157425,0.229224314,0.089598137,0.241983557,complete,COOK,Niles Precinct 24,0,0,1,Niles,1,0,0,404,269,179,233,175,117,0.19782,22.18544374749979,60,0.60608,28.47851688631736,77,0.1896,21.925244376609378,59,0.00244,7.762771628784812,21,0.00228,7.256129794085004,20,0.00152,6.447880101586756,17,0.00026,3.110683901864046,8,COOK:8200024,COOK:8200024,COOK:NILES PRECINCT 24,1.0,56.817308,7.012815607,7.012815607,7.012815607,7.012815607,4.059306984,7.012815607,4.059306984,17.921115436436438,22.228035636282527,17.002690851106316,6.222233717199559,6.237956814064319,5.576200096432163,2.5799090596366874,21.87657406223967,28.078960882921958,21.698702006979538,7.669922331953276,7.114945913138908,6.320326109905633,3.0532461349274667,15.604313802625503,24.119613607490574,20.417714768000874,9.507105094739758,5.948313994133567,0.009418344716246507,0.010444166412736095,1.0,0.3,0.2,1.015889561,1.003302216,1.005283546,1.002641773,1.397358227,1.6,558.471644,555.3813077,8.842565176,2.389814768,6.452750408,0.015833508,0.004279205,0.011554303,3445.25,269,0.999999999999999
COOK:8200025,COOK:8200025,COOK:Niles Precinct 25,,,,,,,,,,0.547588031,0.058467988,0.059681669,0.334255296,0.002678472,0.002646522,0.294,0.8075,0.1925,0.7581,0.0119,0.0,0.0,0.2115,0.110716389,0.137065015,0.105936362,0.137154368,0.158760135,0.140759432,0.114426562,0.074706181,0.020475556,0.116606761,1.75e-05,0.03894104,1.83e-06,0.098814218,1.3e-05,0.074092598,0.021201203,0.003634921,0.095449869,4.5e-05,0.074257513,0.180145438,0.070751267,0.038945794,0.187081998,,-0.084718268,0.322033898,118.0,-0.220779221,77.0,0.295454545,264.0,46.8,92231,131.3555948,-0.306646498,-0.119972518,-0.458360495,-0.059664281,-0.251332348,-0.236160948,-0.295772257,-0.298866017,-0.251332348,complete,COOK,Niles Precinct 25,0,0,1,Niles,1,0,0,216,144,96,113,85,57,0.17328,24.57847542989639,35,0.79076,33.4104572530153,48,0.03408,17.647127502483766,25,0.0009,7.2705863628858545,10,0.0002,4.081137625767452,6,0.0006,6.4720106852469925,9,0.00018,3.205378689925627,5,COOK:8200025,COOK:8200025,COOK:NILES PRECINCT 25,1.0,76.06928382,3.082658946,3.082658946,3.082658946,3.082658946,5.434762504,3.082658946,3.082658946,19.03530386054512,24.766485925849864,12.979714801803603,5.458765110582581,3.253260771844267,5.575895809517658,2.580999829085914,24.388758344709647,33.10169910056762,17.548892441268762,7.243455458995606,4.027298464816316,6.384129275161465,3.11844435654703,16.718502226734184,26.65806389705791,16.39473871869816,8.74363648812278,2.963617951913516,0.009114057801742102,0.01153493586196291,1.0,0.3,0.2,1.022961334,1.005565953,1.008905525,1.004452763,1.395547237,1.6,91.2735187,91.20774662,1.373854721,0.457795473,0.916059248,0.015052063,0.005015644,0.010036419,806.08,144,1.0000000000000002
COOK:8200027,COOK:8200027,COOK:Niles Precinct 27,,,,TRUE,,,,,,0.332705456,0.10770956,0.161961192,0.400192575,0.010353943,0.001038623,0.3116,0.2312,0.7688,0.7999,0.0504,0.0087,0.0677,0.0378,0.05611715,0.216558295,0.135202208,0.106980681,0.109144166,0.175664888,0.13794766,0.033811405,0.028573546,0.071270166,0.000102539,0.040492361,0.010640231,0.015416333,0.004844224,0.101157043,0.079999778,0.014518881,0.039580282,0.120495411,0.261013386,0.057967386,0.03285803,0.113860351,0.035783597,,0.283815049,0.204819277,83.0,0.0,60.0,0.583333333,312.0,48.2,75142,184.5516389,1.263369646,-0.839479678,0.316524909,0.856168881,0.304461466,0.399145939,0.28793726,0.307915935,0.304461466,complete,COOK,Niles Precinct 27,0,0,1,Niles,1,0,0,312,208,139,183,138,92,0.19896,22.222089609665048,46,0.60694,28.511088299092545,59,0.18754,21.927567068701542,46,0.0025,7.764804064891558,16,0.00226,7.2496893717143855,15,0.00154,6.424822422381572,13,0.00026,3.0841661836735463,6,COOK:8200027,COOK:8200027,COOK:NILES PRECINCT 27,1.0,54.08582292,7.637172896,7.637172896,7.637172896,7.637172896,3.864156301,7.637172896,3.864156301,17.919753544664957,22.22596749632915,17.001254515191405,6.224051621185341,6.2376303843219585,5.580215611738354,2.5844413290651587,21.87387003194804,28.07480200123646,21.695610708824773,7.671697549873341,7.114698046445206,6.32428116229725,3.0577179414413647,15.602951910854022,24.117545467537198,20.416278432085964,9.50892299872554,5.947987564391207,0.013433860022437747,0.01497643584120725,1.0,0.3,0.2,1.02291569,1.000703331,1.001125329,1.000562664,1.399437336,1.6,252.1094217,251.1169042,3.275330297,2.088226834,1.187103463,0.012991701,0.008283018,0.004708683,2010.9,208,1.0000000000000002
COOK:8200028,COOK:8200028,COOK:Niles Precinct 28,,,,,,,,,,0.846130972,0.040105066,0.050115448,0.052518922,0.013355133,4.6e-06,0.5135,0.9991,0.0009,0.5702,0.0817,0.0,0.0,0.3481,0.183000384,0.195437165,0.01008627,0.056876816,0.147915417,0.205510881,0.090377339,0.103699216,0.007096513,3.8e-05,4.56e-05,5.27e-05,2.05e-05,1.34e-05,3.53e-05,1.07e-05,0.080806211,0.090319893,0.023821099,0.078609393,0.047799408,0.040560061,0.028614361,0.10233499,0.506918346,,-0.30968249,0.378947368,190.0,-0.374407583,211.0,0.215411559,571.0,53.3,201365,221.1053452,-1.265033282,0.229383636,-0.997561489,-0.314306248,-0.560132166,-0.586879346,-0.642268595,-0.404810703,-0.560132166,complete,COOK,Niles Precinct 28,0,0,1,Niles,1,0,0,468,312,208,184,138,92,0.516,30.38377193689762,95,0.46366,29.759178648338896,93,0.01882,15.60220189671636,49,0.00054,6.035469319075768,19,0.00038,5.074970409435528,16,0.00042,6.563847575388035,20,0.00018,3.248967486545923,10,COOK:8200028,COOK:8200028,COOK:NILES PRECINCT 28,1.0,83.35840713,1.781009944,1.781009944,1.781009944,1.781009944,5.955533203,1.781009944,1.781009944,21.825482793188215,20.426756558968126,10.468565113112074,3.966092344792398,3.78245744368162,5.569348916694832,2.5718021410047296,30.11981611946366,29.44723914575646,15.525785300664797,5.941011381745876,5.092588704261628,6.477286252023399,3.208950538150606,19.50868115937728,22.318334530176173,13.883589030006632,7.250963722332597,3.492814623750869,0.0025671649789159104,0.0023372477807785683,1.0,0.3,0.2,2.019065657,1.000878884,1.001406215,1.000703107,1.399296893,1.6,348.5941411,347.6397952,6.349661206,1.272745434,5.076915771,0.018215054,0.003651081,0.014563973,1196.79,312,0.9999999999999996
COOK:8200029,COOK:8200029,COOK:Niles Precinct 29,,,,,,,,,,0.66643078,0.042577585,0.030224621,0.257918964,0.002846706,0.00283264,0.3623,0.4642,0.5358,0.8924,0.0162,0.0,0.021,0.0704,0.061782632,0.12853549,0.045099344,0.065216725,0.140215691,0.034350855,0.122707686,0.186873209,0.215218368,0.03235998,0.052618782,0.024279631,0.050581762,0.020221047,0.078888743,0.008097516,0.024293483,0.032456498,0.026288351,0.113357342,0.149666027,0.076973533,0.089179331,0.109276588,0.111461385,,-0.361244768,0.417322835,127.0,-0.290780142,141.0,0.393188854,323.0,67.9,81106,192.5756232,-1.48469757,0.464946598,-0.704047982,0.251259361,-0.290069939,-0.368134898,-0.357252556,-0.696037333,-0.290069939,complete,COOK,Niles Precinct 29,0,0,1,Niles,1,0,0,341,227,151,142,107,71,0.20338,27.640451277286402,63,0.78696,35.64847606291719,81,0.00916,15.246679056036482,35,0.00018,4.325973872455299,10,2e-05,3.4223324026086828,8,0.00026,6.406300905563247,15,4e-05,3.16294731475995,7,COOK:8200029,COOK:8200029,COOK:NILES PRECINCT 29,1.0,77.21321192,2.878382957,2.878382957,2.878382957,2.878382957,5.516490335,2.878382957,2.878382957,21.049613740710615,26.03747932735532,11.06537207218317,3.2037461514243217,2.7385932239246418,5.573373352214279,2.578161601243874,27.61262442419721,35.57335391488778,15.330624316426192,4.353598419805043,3.3928774240050092,6.407799815949145,3.1417991267960503,18.73281210689968,27.929057298563368,14.480395989077728,6.488617528964521,2.4489504039938907,0.006591600498363326,0.008696708019922898,1.0,0.3,0.2,1.147274992,1.320532493,1.512851989,1.256425995,1.143574005,1.6,312.8258551,312.8257271,2.405357774,0.601563586,1.803794188,0.007689127,0.001922998,0.005766129,1209.1,227,0.9999999999999993
COOK:8200031,COOK:8200031,COOK:Niles Precinct 31,,,,,,,,,,0.5518469,0.060281906,0.052702716,0.328145241,0.009951858,0.004092969,0.3403,0.9245,0.0755,0.805,0.0644,0.001,0.0302,0.0877,0.075280757,0.143341597,0.120471913,0.079036824,0.100913174,0.145802836,0.138383625,0.143899524,0.052869752,0.058500218,0.002913161,0.006824094,0.068009846,0.013596582,0.009691067,0.014955539,0.032593586,0.019058812,0.038101579,0.081676061,0.145546209,0.051771264,0.125068642,0.199839335,0.131854005,,-0.164188675,,,-0.286432161,199.0,,,54.7,104121,289.7549886,-0.645204279,,-0.688787547,,,,,-0.357942006,-0.357942006,demographic_only,COOK,Niles Precinct 31,0,0,1,Niles,1,0,0,483,322,215,237,178,119,0.17322,24.50469318321616,79,0.79004,33.31141577399533,107,0.03478,17.609234368709252,57,0.0011,7.298540508016911,24,0.00032,4.118895824341319,13,0.00042,6.5100726550049535,21,0.00012,3.2048464267617427,10,COOK:8200031,COOK:8200031,COOK:NILES PRECINCT 31,1.0,79.04371301,2.551502782,2.551502782,2.551502782,2.551502782,5.647270305,2.551502782,2.551502782,19.03537197636925,24.7665893650954,12.979786640995695,5.458426248976995,3.253271656228958,5.575565142574591,2.5807131164773778,24.389021729749867,33.10211610582503,17.549157567835564,7.243085067435936,4.027320267632832,6.383808833933555,3.1181678696536506,16.718570342558316,26.658167336303446,16.394810557890253,8.743297626517194,2.963628836298207,0.008783390858675365,0.011248223253426672,1.0,0.3,0.2,1.328087977,1.00036305,1.00058088,1.00029044,1.39970956,1.6,310.8387296,309.7614598,2.645688404,1.11249827,1.533190134,0.00851145,0.003579021,0.00493243,2010.86,322,0.9999999999999996
COOK:8200033,COOK:8200033,COOK:Niles Precinct 33,,,,,,,,,,0.477924127,0.094185354,0.101465602,0.317351083,0.013633891,0.001946753,0.3499,0.8197,0.1803,0.7996,0.0247,0.0007,0.0057,0.1349,0.145112649,0.144090777,0.082904088,0.162423825,0.092217524,0.159970802,0.126386489,0.069015898,0.017877948,0.005020898,0.026416275,0.038024854,0.014840703,1.88e-05,0.001691997,0.00166572,2.55e-05,0.031258784,0.103813087,0.141769414,0.132275648,0.084185925,0.108874561,0.127022405,0.183095407,,0.048611468,0.268518519,216.0,-0.071428571,168.0,0.455938697,522.0,50.2,100944,250.5266209,0.261361409,-0.448469919,0.065826692,0.45088639,0.062847671,0.082401143,0.059532781,-0.112999902,0.062847671,complete,COOK,Niles Precinct 33,0,0,1,Niles,1,0,0,435,290,193,231,174,116,0.17356,24.581066706225997,71,0.79138,33.47257900059732,97,0.03334,17.640624789822056,51,0.00086,7.328818754188865,21,0.00018,4.061897307929512,12,0.0005,6.438888292689258,19,0.00018,3.143549819537538,9,COOK:8200033,COOK:8200033,COOK:NILES PRECINCT 33,1.0,64.25381144,5.312994815,5.312994815,5.312994815,5.312994815,4.590607242,5.312994815,4.590607242,19.035492311287346,24.766772103149265,12.979913553697784,5.4610785388104315,3.2532908848231497,5.576683273595073,2.580993688772704,24.387924481708218,33.10032866599214,17.548093655047275,7.246024547039121,4.027081478352204,6.384851568466274,3.118373045461215,16.71869067747641,26.658350074357312,16.394937470592343,8.74594991635063,2.9636480648923986,0.009901521879156808,0.011528795548752984,1.0,0.3,0.2,1.484613546,1.016870937,1.026993499,1.01349675,1.38650325,1.6,260.2651851,258.8561702,4.227044769,2.214166308,2.012878462,0.016241299,0.008507347,0.007733952,1859.09,290,1.0000000000000002
COOK:8200034,COOK:8200034,COOK:Niles Precinct 34,,,,,,,,,,0.517510525,0.083225696,0.055965216,0.343306785,0.009835998,1.91e-06,0.3064,0.9092,0.0908,0.9368,0.0007,0.0,0.0033,0.0591,0.253093226,0.13413708,0.037413703,0.13575712,0.075851403,0.172120932,0.063105876,0.118969502,0.00955116,0.037700191,0.003178518,0.102208403,0.004532189,0.004595646,9.46e-05,0.058688885,0.05411114,0.1247445,0.046655725,0.114285964,0.147413874,0.060299972,0.060320628,0.081551209,0.099618573,,-0.151383992,0.417721519,158.0,-0.230769231,143.0,0.210762332,446.0,52.3,68333,233.8842831,-0.590654098,0.467393869,-0.493423183,-0.329096905,-0.226721988,-0.236445079,-0.278117608,-0.480141182,-0.226721988,complete,COOK,Niles Precinct 34,0,0,1,Niles,1,0,0,360,240,160,192,144,96,0.17524,24.564422961840336,59,0.78828,33.42208829917378,80,0.03452,17.614730572844152,42,0.00098,7.3268276165435795,18,0.0003,4.006322571796493,10,0.00054,6.461759002524245,16,0.00014,3.182748569666316,8,COOK:8200034,COOK:8200034,COOK:NILES PRECINCT 34,1.0,75.30304771,3.219488908,3.219488908,3.219488908,3.219488908,5.380018841,3.219488908,3.219488908,19.035202953166568,24.766332690045417,12.979608378595145,5.458519178366556,3.253244647621441,5.575994024289744,2.581243487038221,24.38872765941504,33.101662071875246,17.54885221424898,7.243177314714294,4.027329968634936,6.384233844306079,3.1186943688718647,16.718401319355632,26.657910661253464,16.394632295489703,8.743390555906755,2.96360182769069,0.009212272573828464,0.011778593814269942,1.0,0.3,0.2,1.005048291,1.002107508,1.003372013,1.001686007,1.398313993,1.6,369.0773895,367.2577803,4.85229107,0.909804576,3.942486494,0.013147083,0.002465078,0.010682005,1872.5,240,1.0000000000000004
COOK:8200035,COOK:8200035,COOK:Niles Precinct 35,,,,,,,,,,0.509368211,0.0788939,0.018986641,0.389092113,0.012405518,0.002921746,0.3887,0.7229,0.2771,0.8212,0.0403,0.0,0.0087,0.1016,0.104679603,0.208121066,0.062259525,0.11551393,0.149689872,0.104779194,0.174301163,0.03763815,0.043017497,0.066999609,0.008004074,4.84e-05,5.71e-05,0.019148782,0.066986477,0.121228153,0.055830422,0.019199297,0.024023973,0.049525199,0.079932891,0.102252549,0.106984836,0.131048615,0.148729643,,0.128339367,0.259259259,162.0,-0.030674847,163.0,0.362903226,496.0,48.7,96565,224.3743758,0.60101615,-0.505306718,0.208863096,0.154911233,0.075655635,0.11487094,0.094454066,-0.258860084,0.075655635,complete,COOK,Niles Precinct 35,0,0,1,Niles,1,0,0,338,225,150,205,154,103,0.17256,24.590309716894705,55,0.79204,33.469004594243486,75,0.03308,17.59298293097757,40,0.00106,7.319618124424959,16,0.00036,4.029953644934004,9,0.0008,6.417891306370377,14,0.0001,3.1480915043103934,7,COOK:8200035,COOK:8200035,COOK:NILES PRECINCT 35,1.0,63.74835172,5.428531767,5.428531767,5.428531767,5.428531767,4.554494722,5.428531767,4.554494722,19.034692531353695,24.765557574308325,12.979070055949443,5.456307773785618,3.253163086142347,5.57598426303367,2.582241768830987,24.38903745088915,33.102225941454094,17.549104732769564,7.24070077596292,4.027571890100144,6.384284041637969,3.1197526092525956,16.71789089754276,26.657135545516372,16.394093972844,8.741179151325817,2.963520266211596,0.009202511317753338,0.012776875607035876,1.0,0.3,0.2,1.002103499,1.001188603,1.001901764,1.000950882,1.399049118,1.6,359.7323116,358.140935,4.020932443,1.755899401,2.265033042,0.011177568,0.004881128,0.00629644,1984.77,225,0.9999999999999997
COOK:8200036,COOK:8200036,COOK:Niles Precinct 36,,,,,,,,,,0.378825144,0.11464581,0.229197491,0.279596326,0.011489543,2.01e-06,0.2982,0.7589,0.2411,0.7837,0.0375,0.0015,0.012,0.1577,0.159086002,0.11199686,0.091653137,0.231958131,0.105446428,0.091105401,0.121201261,0.07246015,0.01509263,0.019166654,0.054782875,0.081002377,0.030969403,8.77e-05,0.016729031,0.016668252,6.69e-05,1.04e-05,0.062024923,0.133482961,0.135958219,0.071682041,0.150175186,0.124201311,0.102991788,,0.140297517,0.111111111,90.0,0.310344828,87.0,0.556390977,266.0,42.5,90631,147.1063788,0.651959953,-1.414695431,1.405765447,0.770456755,0.42875223,0.353371681,0.639230984,0.220628689,0.42875223,complete,COOK,Niles Precinct 36,0,0,1,Niles,1,0,0,282,188,125,123,93,62,0.17988,21.71055311992969,41,0.58074,28.30021788790072,53,0.23388,23.076907275468795,43,0.00168,7.198544926384259,14,0.00202,7.446905151624722,14,0.00142,6.382716517696144,12,0.00038,3.0602237709041824,6,COOK:8200036,COOK:8200036,COOK:NILES PRECINCT 36,1.0,48.56898795,8.898199783,8.898199783,8.898199783,8.898199783,3.470006569,8.898199783,3.470006569,17.921097970024118,22.521921398548006,18.29187594703079,5.964314744470181,6.484374378188372,5.579400836698951,2.581423292082179,21.470760906575904,27.81683427885434,22.800849293740953,7.0959635155900935,7.301992338596706,6.297521795753944,3.0287553129544826,15.604296336213181,24.413499369756053,21.706899863925347,9.24918612201038,6.194731558257621,0.012619084983035204,0.011958398858227562,1.0,0.3,0.2,2.325346133,1.013765353,1.022024565,1.011012282,1.388987718,1.6,155.7108545,154.8673434,2.531107916,1.325517418,1.205590499,0.01625518,0.008512685,0.007742495,1475.91,188,1.0000000000000002
COOK:8200037,COOK:8200037,COOK:Niles Precinct 37,,,,,,,,,,0.435058195,0.115219251,0.094790675,0.350969425,0.024329152,0.003943375,0.2935,0.6534,0.3466,0.7145,0.1482,0.0,0.0191,0.116,0.0879286,0.132950761,0.133803421,0.100859367,0.206424622,0.109086395,0.150913944,0.03548578,0.04254711,0.018846171,0.071272089,0.094775548,0.064888331,0.016205015,0.020133778,0.027496212,0.034955216,0.07358965,0.094838243,0.036382026,0.090012002,0.151089263,0.015327685,0.152452103,0.03773667,,0.279828476,0.256756757,148.0,-0.119402985,134.0,0.497487437,398.0,46.2,58207,224.6715604,1.24638615,-0.520668011,-0.10255271,0.583066028,0.166663978,0.301557864,0.085841863,-0.009549156,0.166663978,complete,COOK,Niles Precinct 37,0,0,1,Niles,1,0,0,396,264,176,186,140,93,0.17628,24.57863610786399,65,0.78854,33.40599540430178,88,0.03322,17.620485437984435,47,0.00092,7.262531943300374,19,0.0003,4.098942991443207,11,0.00056,6.464163462171177,17,0.00018,3.1706452168867525,8,COOK:8200037,COOK:8200037,COOK:NILES PRECINCT 37,1.0,60.03097359,6.27824248,6.27824248,6.27824248,6.27824248,4.288907007,6.27824248,4.288907007,19.03511752888829,24.766202966548583,12.97951828482891,5.460544446308079,3.253230997478928,5.577246685029137,2.58199050419375,24.3876281804928,33.09989659679832,17.54776544747201,7.24541088632803,4.027166103309393,6.385427673341983,3.119382554323906,16.718315895077353,26.65778093775663,16.394542201723468,8.745415823848278,2.963588177548177,0.010464933313221047,0.012525610969798817,1.0,0.3,0.2,1.019053197,1.000126914,1.000203063,1.000101531,1.399898469,1.6,546.8784416,546.3732419,5.005713584,3.004156993,2.00155659,0.009153247,0.005493281,0.003659966,2015.91,264,1.0000000000000002
COOK:8200039,COOK:8200039,COOK:Niles Precinct 39,,,,TRUE,,,,,,0.648432789,0.0775335,0.03444474,0.214018432,0.02247655,0.001249548,0.4052,0.8435,0.1565,0.8052,0.0282,0.0,0.0464,0.1149,0.205699365,0.073056557,0.080532828,0.072140912,0.183054063,0.13009332,0.152999384,0.070310682,0.032112888,0.121690142,0.096610297,0.010807718,0.000117452,0.027488028,0.038175082,0.004843664,2.36e-05,0.0704177,0.027562914,0.141071302,0.059762079,0.093140812,0.050324393,0.131341451,0.126623351,,0.035744558,0.439613527,207.0,-0.229885057,174.0,0.268199234,522.0,51.2,70874,255.2815746,0.20654613,0.601775198,-0.490319931,-0.146372016,-0.026779261,0.042907345,-0.133424716,-0.298977293,-0.026779261,complete,COOK,Niles Precinct 39,0,0,1,Niles,1,0,0,447,298,199,216,162,108,0.17172,24.509079999612858,73,0.7927,33.38659023918309,99,0.03384,17.543604572937436,52,0.0009,7.385022284484666,22,0.00034,4.1188170498250045,12,0.0004,6.50531570275093,19,0.0001,3.1934487840696106,10,COOK:8200039,COOK:8200039,COOK:NILES PRECINCT 39,1.0,67.83877583,4.552414917,4.552414917,4.552414917,4.552414917,4.84673467,4.552414917,4.552414917,19.036644279425538,24.768521457526393,12.981128491069732,5.458061985972579,3.2534749604697044,5.572512333211473,2.57680198024351,24.391074181493224,33.10527350546921,17.551298075499858,7.242761299620322,4.02721861887073,6.3807755261318615,3.1142762349812085,16.7198426456146,26.66009942873444,16.39615240796429,8.742933363512778,2.9638321405389534,0.005730581495556901,0.007337087019559024,1.0,0.3,0.2,1.002058317,1.000600162,1.000960259,1.000480129,1.399519871,1.6,359.900437,358.3319614,4.651787198,1.957743206,2.694043991,0.012925206,0.00543968,0.007485526,1693.09,298,0.9999999999999996
COOK:8200004,COOK:8200004,COOK:Niles Precinct 4,,,,,,,,,,0.496803457,0.099642029,0.023306766,0.381045241,0.011252389,1.64e-06,0.3622,0.6805,0.3195,0.8523,0.0199,0.0,0.003,0.1196,0.129453363,0.15392845,0.063651422,0.134699985,0.093818373,0.084473358,0.122046303,0.112141572,0.105787175,0.053356149,0.02062994,0.010325318,0.037824597,0.006897039,0.049868357,0.006917765,0.018980759,0.02237805,0.032693656,0.128932988,0.158491481,0.065519734,0.108335824,0.130755238,0.148093105,,0.245474367,0.156626506,83.0,-0.238095238,84.0,0.169230769,325.0,55.4,92540,191.6840694,1.10003166,-1.135304922,-0.51913582,-0.461221897,-0.415824493,-0.253907745,-0.468870108,-0.397132246,-0.415824493,complete,COOK,Niles Precinct 4,0,0,1,Niles,1,0,0,204,136,91,174,131,87,0.17388,24.562176034672444,33,0.79004,33.43683369375555,45,0.03416,17.570166578751884,24,0.0009,7.293391962852438,10,0.0003,4.088590571438969,6,0.00056,6.420128408902488,9,0.00016,3.1684389704269136,4,COOK:8200004,COOK:8200004,COOK:NILES PRECINCT 4,1.0,80.44229437,2.301752303,2.301752303,2.301752303,2.301752303,5.747191813,2.301752303,2.301752303,19.08080415616268,24.79471554150969,12.935387747181903,5.405063737225186,3.241410482863037,5.575925263682361,2.5820382460293594,24.46132673543637,33.15760030243126,17.499307792354948,7.1762022497933176,4.01330686703086,6.384804725427687,3.1201287695919935,16.764002522351745,26.686293512717736,16.35041166407646,8.689935114765385,2.9517676629322858,0.009143511966445228,0.012573352805407991,1.0,0.3,0.2,1.050418249,1.177868876,1.284590201,1.142295101,1.257704899,1.6,367.2904609,367.2901912,2.822395622,0.706273215,2.116122406,0.00768437,0.001922928,0.005761441,1963.16,136,1.0000000000000002
COOK:8200040,COOK:8200040,COOK:Niles Precinct 40,,,,,,,,,,0.500409365,0.10380544,0.050919929,0.333726833,0.010449704,0.003482394,0.4331,0.9485,0.0515,0.756,0.0477,0.0416,0.0,0.1523,0.117986789,0.13506172,0.0780069,0.112556656,0.148115832,0.162374507,0.152107906,0.06250534,0.03128435,0.041732919,6.39e-06,7.56e-06,0.006199151,0.021632921,3.82e-05,0.0,0.055662615,0.003131997,0.026382037,0.061963194,0.09617506,0.075920576,0.122161431,0.264582899,0.224403086,,-0.006966179,,,0.023255814,215.0,,,51.2,147746,272.221097,0.024590949,,0.398147585,,,,,-0.117471308,-0.117471308,demographic_only,COOK,Niles Precinct 40,0,0,1,Niles,1,0,0,513,342,228,221,166,111,0.1727,24.583837192441038,84,0.79088,33.41152712976718,114,0.0343,17.615916754591744,60,0.00122,7.368856514696731,25,0.00022,4.141228725439381,14,0.00046,6.465211201412449,22,0.00022,3.1415913697355955,11,COOK:8200040,COOK:8200040,COOK:NILES PRECINCT 40,1.0,71.50796592,3.897192414,3.897192414,3.897192414,3.897192414,5.108879595,3.897192414,3.897192414,19.035309751931166,24.76649487238373,12.979721015226392,5.458301678730784,3.253261713242436,5.5756398884975775,2.5808699251545972,24.38898979012749,33.102072243655456,17.54911999639377,7.24294348980555,4.027337384299221,6.383886719655315,3.118327818129645,16.71850811812023,26.65807284359178,16.39474493212095,8.743173056270983,2.963618893311685,0.008858136781661568,0.01140503193064617,1.0,0.3,0.2,1.083180654,1.010795325,1.01727252,1.00863626,1.39136374,1.6,473.8070687,471.1152193,8.054073002,3.322414752,4.73165825,0.016998634,0.007012168,0.009986466,1915.54,342,1.0000000000000004
COOK:8200041,COOK:8200041,COOK:Niles Precinct 41,,,,,,,,,,0.480730529,0.092544403,0.086063101,0.339371187,0.012220761,0.000647316,0.3868,0.8578,0.1422,0.7829,0.0658,0.0082,0.0172,0.0771,0.08313527,0.076450885,0.12355032,0.137753305,0.104908381,0.113315845,0.186751716,0.12857313,0.04556115,0.030002331,0.015762808,0.022913761,0.022902142,0.018573609,0.011467992,0.0172018,6.12e-05,0.017205765,0.074265562,0.172690078,0.091407233,0.085782018,0.127035386,0.137129384,0.155598917,,0.080257817,0.262135922,206.0,0.133757962,157.0,0.416837782,487.0,53.7,101616,241.6110828,0.396180369,-0.487648686,0.785985269,0.326494055,0.294233242,0.255252752,0.400379745,-0.050531,0.294233242,complete,COOK,Niles Precinct 41,0,0,1,Niles,1,0,0,414,276,184,215,162,108,0.2002,22.15747734453051,61,0.60584,28.51989848679586,79,0.18744,21.923584872385955,61,0.0024,7.802917082033206,22,0.0021,7.250355772888685,20,0.00162,6.396850474460224,18,0.0004,3.0918651419654912,9,COOK:8200041,COOK:8200041,COOK:NILES PRECINCT 41,1.0,54.53603058,7.534265348,7.534265348,7.534265348,7.534265348,3.896321343,7.534265348,3.896321343,17.920431590765766,22.22699716275396,17.001969624855,6.22033646089891,6.237792904148153,5.5767449537707146,2.581504494298794,21.87640501259082,28.078734046724126,21.69870519794783,7.66790515425208,7.115123846541239,6.3209167908324755,3.054887393177864,15.603629956954832,24.118575133962008,20.41699354174956,9.505207838439109,5.948150084217401,0.009963202054798628,0.012039601074842948,1.0,0.3,0.2,1.006301132,1.00039453,1.000631249,1.000315624,1.399684376,1.6,453.1768807,451.4990225,5.428950231,3.344886733,2.084063498,0.01197976,0.007380974,0.004598786,1718.02,276,0.9999999999999997
COOK:8200042,COOK:8200042,COOK:Niles Precinct 42,,,,,,,,,,0.360076208,0.128114836,0.040723967,0.473111304,0.012204749,0.003389752,0.3729,0.8961,0.1039,0.8789,0.014,0.0,0.0,0.1061,0.041204343,0.07448538,0.10041125,0.230540806,0.087244686,0.215884539,0.086699815,0.123871829,0.039657352,0.003033689,0.024037951,0.021042618,0.025598636,1.58e-05,0.040571417,0.019538242,0.01955711,0.144246737,0.003044511,0.025614905,0.022700667,0.19241024,0.243532838,0.08725121,0.127803428,,0.066013609,0.288343558,163.0,-0.15942029,138.0,0.420654912,397.0,50.7,119619,219.3222375,0.335497561,-0.326776419,-0.243004449,0.338637549,-0.03176164,0.026088561,-0.085580242,-0.241847885,-0.03176164,complete,COOK,Niles Precinct 42,0,0,1,Niles,1,0,0,359,239,159,192,144,96,0.17208,24.570707210798457,59,0.79282,33.45065306700764,80,0.03348,17.588624523831598,42,0.00078,7.307198845136853,17,0.00018,4.103934594150693,10,0.00056,6.457327010521105,15,0.0001,3.162899567174181,8,COOK:8200042,COOK:8200042,COOK:NILES PRECINCT 42,1.0,68.05303826,4.514153185,4.514153185,4.514153185,4.514153185,4.862042628,4.514153185,4.514153185,19.03375587261038,24.764135184210748,12.978082197280195,5.457017399201545,3.253013415280749,5.578462877494968,2.5852279959691775,24.387314248849723,33.099558696404415,17.54732081480384,7.241427237142324,4.02760905275143,6.386735605911587,3.1227117862031064,16.716954238799445,26.655713155418795,16.393106114174753,8.741888776741744,2.963370595349998,0.01168112577905245,0.01576310274522644,1.0,0.3,0.2,1.547273234,1.130059398,1.208095036,1.104047518,1.295952482,1.6,763.4039969,762.8541916,11.49309032,3.832987262,7.660103056,0.015055057,0.005020916,0.010034141,2106.12,239,0.9999999999999993
COOK:8200043,COOK:8200043,COOK:Niles Precinct 43,,,,,,,,,,0.665752313,0.077454782,0.031479439,0.222211553,0.009803654,2.44e-06,0.2251,0.8956,0.1044,0.8153,0.0341,0.0025,0.0058,0.1422,0.192723113,0.104401843,0.09529117,0.103441091,0.172874398,0.097360585,0.146420183,0.032261743,0.055225874,0.035788676,0.014332714,1.34e-05,0.007188795,0.020475232,0.073621777,2.41e-05,0.050163997,0.025581321,0.087045071,0.072605691,0.169836693,0.213825734,0.074798695,0.062619374,0.09207867,,0.087065791,0.224043716,183.0,-0.298507463,134.0,0.234782609,575.0,47.4,91657,306.1001418,0.425183525,-0.721472885,-0.73116914,-0.252680833,-0.4356701,-0.320034833,-0.517896961,-0.61392127,-0.4356701,complete,COOK,Niles Precinct 43,0,0,1,Niles,1,0,0,348,232,155,254,191,127,0.17414,24.562592655385217,57,0.78978,33.41774112669696,78,0.0343,17.61845187346652,41,0.00094,7.282596247862704,17,0.00024,4.095000669222294,10,0.00048,6.409401869808653,15,0.00012,3.1350105451177184,7,COOK:8200043,COOK:8200043,COOK:NILES PRECINCT 43,1.0,80.88969863,2.221857468,2.221857468,2.221857468,2.221857468,5.779156566,2.221857468,2.221857468,19.036552941264244,24.76838275333227,12.981032160154005,5.457860592969325,3.2534603653341807,5.57261234405695,2.5770276685748352,24.391036211716568,33.10522351994833,17.55125166659424,7.242532978372362,4.027245321642243,6.38088067872876,3.1145070650639535,16.719751307453308,26.659960724540316,16.396056077048563,8.742731970509524,2.9638175454034297,0.005830592341034823,0.007562775350884111,1.0,0.3,0.2,1.000034233,1.025598558,1.040957693,1.020478847,1.379521153,1.6,329.5563789,329.2821177,1.641967709,0.547745111,1.094222598,0.004982358,0.001662068,0.00332029,3205.16,232,0.9999999999999997
COOK:8200044,COOK:8200044,COOK:Niles Precinct 44,,,,,,,,,,0.43172485,0.108531602,0.067777591,0.384068796,0.024319771,0.00460176,0.4119,0.8952,0.1048,0.7441,0.0613,0.0361,0.0,0.1586,0.1055129,0.09744812,0.090344034,0.140910915,0.166123006,0.11790707,0.151120166,0.094615281,0.036018509,0.012846551,1.6e-05,2.3e-05,0.011210976,0.019220192,0.01600183,1e-06,0.030447908,0.008019099,0.035300399,0.08812546,0.081782014,0.084905496,0.182568062,0.165215678,0.264316308,,-0.017496845,0.288288288,222.0,-0.131428571,175.0,0.517094017,468.0,48.5,140350,252.3097286,-0.020271524,-0.327115687,-0.144759812,0.645440739,0.0258746,0.038323429,-0.010742048,-0.01748489,0.0258746,complete,COOK,Niles Precinct 44,0,0,1,Niles,1,0,0,425,283,189,214,161,107,0.17472,24.623737870941397,70,0.78862,33.43783073426134,95,0.03472,17.62461823885973,50,0.00104,7.320308318161492,21,0.00012,4.0257570728826995,11,0.0006,6.414796634591561,18,0.00018,3.120903376590948,9,COOK:8200044,COOK:8200044,COOK:NILES PRECINCT 44,1.0,65.68537936,4.985769939,4.985769939,4.985769939,4.985769939,4.692885471,4.985769939,4.692885471,19.034748532057016,24.76564261578841,12.979129117780289,5.4589308482662915,3.2531720346239315,5.577231816933335,2.58270857558483,24.387859268425206,33.10031575126153,17.54795499499548,7.243604218085475,4.027342236870966,6.385456575979482,3.120144396448288,16.71794689824608,26.657220586996456,16.394153034674847,8.74380222580649,2.9635292146931804,0.010450065217418583,0.013243682360878504,1.0,0.3,0.2,1.17894228,1.027915912,1.04466546,1.02233273,1.37766727,1.6,426.7157774,424.3679763,7.630105595,4.10847483,3.521630765,0.017881002,0.00962813,0.008252872,1899.63,283,0.9999999999999987
COOK:8200045,COOK:8200045,COOK:Niles Precinct 45,,,,,,,,,,0.553137521,0.082352916,0.076359032,0.284514825,0.0060603,0.002418727,0.4398,0.9471,0.0529,0.6902,0.0332,0.0,0.0001,0.2765,0.100848168,0.158856231,0.068325839,0.047949801,0.117197908,0.166870236,0.12730409,0.140410229,0.0722375,5.64e-05,0.005941435,6.41e-05,0.002983239,2.3e-05,0.002981824,7.85e-05,0.008943257,6.27e-05,0.085505443,0.091409951,0.206402302,0.1179484,0.070796778,0.182780646,0.22402203,,-0.173715163,0.474576271,118.0,0.0,122.0,0.378016086,373.0,56.5,120252,165.8290089,-0.685788778,0.81638959,0.316524909,0.202990004,0.2627603,0.162528931,0.293559496,-0.186411336,0.2627603,complete,COOK,Niles Precinct 45,0,0,1,Niles,1,0,0,309,206,137,136,102,68,0.2015,22.396400495708395,46,0.61358,28.661715791775883,59,0.17866,21.795618011472108,45,0.00266,7.583683253923133,16,0.00184,7.195617920812221,15,0.00124,6.421840482567381,13,0.00052,3.155232147531924,6,COOK:8200045,COOK:8200045,COOK:NILES PRECINCT 45,1.0,55.91431393,7.21922015,7.21922015,7.21922015,7.21922015,3.994792662,7.21922015,3.994792662,18.093625326799685,22.33675736608238,16.838451149927536,6.026924183686484,6.17175045930423,5.575251723153417,2.5796126036575666,22.137297274457715,28.27859270869529,21.534779967013,7.4396839816732045,7.0452162501119515,6.321767658896913,3.0553396012183724,15.77682369298875,24.228335337290428,20.253475066822094,9.311795561226683,5.882107639373478,0.008469971437500888,0.01014771043361561,1.0,0.3,0.2,1.048309405,1.003114997,1.004983994,1.002491997,1.397508003,1.6,465.2706006,462.7525259,7.550292901,3.934382261,3.61591064,0.016227746,0.008456116,0.007771629,957.81,206,1.0000000000000004
COOK:8200047,COOK:8200047,COOK:Niles Precinct 47,,,,,,,,,,0.599453303,0.054200563,0.114352858,0.23351576,0.004643613,2.7e-06,0.3533,0.7981,0.2019,0.8325,0.0192,0.0133,0.0322,0.0937,0.148169347,0.149459725,0.117662576,0.058914545,0.162355061,0.071786639,0.136413067,0.101136535,0.054102506,0.014045064,6.76e-05,0.021037755,0.024544377,0.010524603,0.007073134,0.035084119,0.049142394,0.031606898,0.087693374,0.045685054,0.119316714,0.084239011,0.080716243,0.192805607,0.196418044,,-0.079738422,0.364485981,107.0,-0.111111111,108.0,0.34082397,267.0,48.9,116079,123.3316105,-0.285431487,0.140614236,-0.073450097,0.08467016,-0.012201158,-0.033399297,-0.020211318,-0.229346079,-0.012201158,complete,COOK,Niles Precinct 47,0,0,1,Niles,1,0,0,212,141,94,107,81,54,0.17492,24.526514304710958,35,0.78888,33.456905451448854,47,0.0344,17.598851596051247,25,0.00088,7.283929389300697,10,0.00024,4.040405598397953,6,0.00056,6.447117904351257,9,0.00012,3.1669484911619374,4,COOK:8200047,COOK:8200047,COOK:NILES PRECINCT 47,1.0,67.20329044,4.66589618,4.66589618,4.66589618,4.66589618,4.801332479,4.66589618,4.66589618,19.036426920242178,24.76819138048154,12.980899250532392,5.462210434680403,3.2534402281443167,5.575173551595825,2.5784594728011556,24.388759497403218,33.10156140453729,17.549006372855786,7.247333757839924,4.026887539088483,6.383315943659548,3.1158129266821875,16.719625286431242,26.659769351689587,16.39592316742695,8.747081812220602,2.9637974082135656,0.008391799879909699,0.008994579577204467,1.0,0.3,0.2,1.117415381,1.000918428,1.001469485,1.000734742,1.399265258,1.6,224.0410356,224.0410356,1.263983275,0.0,1.263983275,0.005641749,0.0,0.005641749,912.46,141,0.9999999999999993
COOK:8200048,COOK:8200048,COOK:Niles Precinct 48,,,,,,,,,,0.409819132,0.126936635,0.104725399,0.345789806,0.011688353,0.001594641,0.2482,0.5338,0.4662,0.7856,0.065,0.0041,0.0368,0.0985,0.087131018,0.163577726,0.143156057,0.081599595,0.201036067,0.086711379,0.127448141,0.076419184,0.032920833,0.022653488,0.069178395,0.029333254,0.035940038,0.013312629,0.019979095,0.053267884,0.086497946,0.047934322,0.062591428,0.078550537,0.115901941,0.123794687,0.054581705,0.110551062,0.075931589,,0.166829581,0.358974359,78.0,-0.047619048,84.0,0.475308642,324.0,46.0,71326,204.760192,0.764991168,0.10678184,0.149392762,0.512508291,0.321858675,0.383418515,0.275053524,-0.025664629,0.321858675,complete,COOK,Niles Precinct 48,0,0,1,Niles,1,0,0,296,197,131,188,141,94,0.19838,22.222249251185833,44,0.6072,28.522786312121678,56,0.18764,21.896107973771972,43,0.00308,7.772992639465044,15,0.00194,7.163192125800682,14,0.00156,6.4175068259914845,13,0.0002,3.122104955128364,6,COOK:8200048,COOK:8200048,COOK:NILES PRECINCT 48,1.0,53.31793233,7.81269576,7.81269576,7.81269576,7.81269576,3.809294434,7.81269576,3.809294434,17.920360035023148,22.226888499721177,17.001894157710552,6.2212953937277735,6.237775753062348,5.577408048665658,2.581951668881489,21.87589767750502,28.077943558637322,21.69806484132811,7.668892165528836,7.115017916241707,6.32155330039615,3.0553079824292904,15.603558401212211,24.118466470929224,20.41691807460511,9.506166771267972,5.948132933131597,0.010626296949742351,0.012486775657537589,1.0,0.3,0.2,1.053636612,1.000694393,1.001111029,1.000555514,1.399444486,1.6,360.9581802,360.279786,3.576904345,1.567177644,2.009726701,0.00990947,0.004341715,0.005567755,2028.53,197,0.9999999999999999
COOK:8200049,COOK:8200049,COOK:Niles Precinct 49,,,,,,,,,,0.668410929,0.070167017,0.146703361,0.104693329,0.010034614,0.003640806,0.5989,0.9642,0.0358,0.6537,0.0646,0.0,0.0,0.2817,0.071311275,0.10798157,0.107755317,0.146786861,0.131612854,0.078937484,0.185773691,0.117782695,0.052058255,0.02206571,0.016993624,0.017008396,1.68e-05,0.01695869,0.113587887,0.018679636,0.072932559,0.000102209,3.77e-05,0.054376707,0.157692989,0.049241993,0.042432415,0.122177675,0.295694971,,-0.30320422,0.45686901,313.0,0.087837838,296.0,0.584302326,688.0,51.5,104847,273.1126508,-1.237434723,0.707695803,0.624815963,0.859251554,0.424807218,0.238582149,0.50205398,0.103121727,0.424807218,complete,COOK,Niles Precinct 49,0,0,1,Niles,1,0,0,632,421,281,208,156,104,0.19936,22.16140633080905,93,0.60398,28.478463183345088,120,0.18942,21.93117586491721,92,0.0028,7.780423016348509,33,0.00244,7.252544134428371,31,0.00168,6.4055837419019115,27,0.00032,3.153130336651444,13,COOK:8200049,COOK:8200049,COOK:NILES PRECINCT 49,1.0,48.74442936,8.858097743,8.858097743,8.858097743,8.858097743,3.482540964,8.858097743,3.482540964,17.923047815284725,22.230970105808588,17.004728858236643,6.22481215537387,6.2384199829759766,5.57320333001137,2.5747270245587806,21.878228933588225,28.081445251737346,21.70023333758514,7.672741842129418,7.114742702589594,6.317275309035995,3.048010065400716,15.606246181473791,24.122548077016635,20.4197527751312,9.50968353291407,5.948777163045225,0.006421578295453659,0.00526213133482922,1.0,0.3,0.2,2.184557539,1.001195589,1.001912943,1.000956472,1.399043528,1.6,305.3115562,304.4757801,5.562354054,1.114594776,4.447759278,0.018218616,0.00365068,0.014567936,1298.27,421,1.0000000000000002
COOK:8200005,COOK:8200005,COOK:Niles Precinct 5,,,,,,,,,,0.637645168,0.070921197,0.03051543,0.238072694,0.010901239,0.002178348,0.3721,0.7767,0.2233,0.8791,0.009,0.0,0.0057,0.1062,0.091161241,0.155544567,0.030490512,0.060016968,0.159882909,0.037647718,0.152721317,0.119735314,0.192799457,0.023104025,0.0598141,0.013826386,0.041450142,0.011511231,0.043792629,3.27e-05,0.029962791,0.023053242,0.013848383,0.17491192,0.101579162,0.046233374,0.094479793,0.087637697,0.23476245,,-0.153841975,0.102040816,98.0,-0.395348837,86.0,-0.019607843,255.0,64.3,90922,150.9697787,-0.601125534,-1.470372292,-1.07106058,-1.061977043,-1.098127367,-1.051133862,-1.10211271,-0.647063414,-1.098127367,complete,COOK,Niles Precinct 5,0,0,1,Niles,1,0,0,147,98,65,125,94,63,0.54188,32.14279105774103,31,0.44962,31.015571498392212,30,0.00788,14.312954072829115,14,0.00014,4.324371847694972,4,0.00028,4.799712331461308,5,0.00012,6.55126746678618,6,8e-05,3.273055468539715,3,COOK:8200005,COOK:8200005,COOK:NILES PRECINCT 5,1.0,89.38594757,0.704647033,0.704647033,0.704647033,0.704647033,6.386170236,0.704647033,0.704647033,22.893423782966536,21.098370684242923,9.448570064331212,2.7662976033437863,3.5085455943285075,5.5729390516559585,2.577526119825455,32.00344707691568,30.80087132549367,14.245163998434796,4.289877370506715,4.745878702740703,6.496820418994032,3.2306185489808388,20.5766221491556,22.98994865545097,12.86359398122577,6.051168980883985,3.2189027743977565,0.006157299940042183,0.008061226601504093,1.0,0.3,0.2,1.079081637,1.178117422,1.284987876,1.142493938,1.257506062,1.6,170.5681327,170.5681218,1.310914699,0.327747831,0.983166868,0.007685578,0.001921507,0.005764071,1002.21,98,0.9999999999999987
COOK:8200051,COOK:8200051,COOK:Niles Precinct 51,,,,,,,,,,0.48744393,0.075446027,0.014032532,0.419861243,0.008616097,0.002154412,0.3051,0.5471,0.4529,0.8664,0.0557,0.0,0.0035,0.0581,0.043303995,0.273338052,0.109009095,0.089195033,0.204764751,0.089957584,0.098982931,0.068154938,0.023293621,0.054539501,0.00549017,0.016392237,0.005501338,0.002737289,0.030047665,0.030042761,0.07635825,0.016645427,0.002755256,0.008251732,0.281072972,0.207550032,0.054906558,0.106500634,0.101208178,,0.030689859,0.404255319,94.0,-0.056179775,89.0,0.303643725,247.0,45.1,97346,142.3514252,0.185012232,0.3847333,0.119346536,-0.033611918,0.157303468,0.163870037,0.148398767,-0.39096449,0.157303468,complete,COOK,Niles Precinct 51,0,0,1,Niles,1,0,0,173,115,77,122,92,61,0.17446,24.524869476208,28,0.7911,33.437334529985726,38,0.03288,17.67213637492959,20,0.00076,7.292570088011044,8,0.0002,4.006433569758094,5,0.00042,6.4605877776636715,7,0.00018,3.153500745853441,4,COOK:8200051,COOK:8200051,COOK:NILES PRECINCT 51,1.0,60.42257536,6.188730945,6.188730945,6.188730945,6.188730945,4.316884957,6.188730945,4.316884957,19.034349512404145,24.765036673008254,12.978708286793445,5.455880413948021,3.2531082743530053,5.5765321107535,2.5831689843600767,24.388736722600754,33.10178277763205,17.54877537040722,7.240206997956201,4.027644151470461,6.384841743287925,3.120689678711812,16.71754787859321,26.6566146442163,16.393732203688003,8.74075179148822,2.9634654544222543,0.009750359037584139,0.013704091136125404,1.0,0.3,0.2,1.150057032,1.060955254,1.097528406,1.048764203,1.351235797,1.6,188.5839829,188.5836189,1.450996188,0.363521877,1.087474311,0.007694165,0.001927639,0.005766525,1154.09,115,0.9999999999999999
COOK:8200054,COOK:8200054,COOK:Niles Precinct 54,,,,,,,,,,0.599444062,0.097675452,0.029408518,0.25702637,0.011762734,0.008221429,0.4371,0.6786,0.3214,0.7346,0.0251,0.0,0.035,0.1819,0.08715278,0.130184524,0.031866213,0.218019322,0.11478177,0.161808243,0.089264166,0.078872001,0.088050981,0.055600041,4.53e-05,0.006991564,0.007021099,0.041668903,0.039438736,0.02101546,0.027847509,0.007033822,0.108847977,0.094980069,0.106728865,0.051226425,0.05810933,0.106880684,0.266564198,,-0.04426039,0.362068966,116.0,-0.402298851,87.0,0.285714286,336.0,50.8,95967,149.7810403,-0.134288889,0.125777695,-1.095453566,-0.090651115,-0.394770436,-0.298653969,-0.554130356,-0.142650406,-0.394770436,complete,COOK,Niles Precinct 54,0,0,1,Niles,1,0,0,228,152,101,119,90,60,0.1764,24.545714773596025,37,0.78774,33.40843796753307,51,0.0339,17.616905759633255,27,0.00092,7.312641523110937,11,0.00026,4.020352321571098,6,0.00062,6.462986696473035,10,0.00016,3.13372528565838,5,COOK:8200054,COOK:8200054,COOK:NILES PRECINCT 54,1.0,79.95004677,2.389655,2.389655,2.389655,2.389655,5.712023232,2.389655,2.389655,19.036164820379575,24.767793361190304,12.980622823687149,5.457565129463417,3.2533983466025704,5.573330714692104,2.5781223373653877,24.390605536236738,33.10457604352272,17.550790344900747,7.242182241420974,4.027311012003844,6.381604789745406,3.115607474235999,16.71936318656864,26.65937133239835,16.395646740581707,8.742436507003616,2.9637555266718194,0.006548962976188058,0.008657444141436212,1.0,0.3,0.2,1.000613991,1.003279076,1.005246522,1.002623261,1.397376739,1.6,122.2929766,121.4451464,2.033852468,1.016920194,1.016932274,0.016630983,0.008315442,0.008315541,699.33,152,1.0000000000000002
COOK:8200055,COOK:8200055,COOK:Niles Precinct 55,,,,,,,,,,0.564017412,0.088228222,0.096909006,0.247045896,0.018873844,0.002521535,0.3016,0.938,0.062,0.7683,0.0268,0.0175,0.0,0.1744,0.22153139,0.145874206,0.062710901,0.114228954,0.078963754,0.203333144,0.091522603,0.063378228,0.018456821,0.018336896,1.03e-05,4.49e-05,6.3e-05,0.015669576,0.018268129,2.7e-05,0.010596084,4.19e-05,0.06521389,0.028855011,0.099273528,0.02882645,0.1304198,0.367715097,0.216638585,,0.023225839,0.308176101,159.0,-0.178294574,129.0,0.510971787,319.0,52.0,161470,137.5964715,0.153214206,-0.205036856,-0.30924894,0.625963996,0.019976787,0.066223101,-0.055117622,-0.3345368,0.019976787,complete,COOK,Niles Precinct 55,0,0,1,Niles,1,0,0,270,180,120,118,89,59,0.1756,24.551355264862543,44,0.78888,33.44229683537399,60,0.03396,17.656300994879683,32,0.00084,7.316005140033294,13,0.00018,4.026014190360483,7,0.00042,6.357203779044459,11,0.00012,3.097424614860742,6,COOK:8200055,COOK:8200055,COOK:NILES PRECINCT 55,1.0,65.90980254,4.934471747,4.934471747,4.934471747,4.934471747,4.708919363,4.934471747,4.708919363,19.036276084224454,24.76796232410482,12.980740169470259,5.461210185218983,3.2534161257090455,5.574989096316378,2.5786705251987447,24.38901768522404,33.10199722096389,17.549244412594483,7.246218736233545,4.026988553972912,6.383159171188948,3.116051661888625,16.719474450413518,26.659540295312866,16.395764086364817,8.746081562759182,2.9637733057782945,0.008207344600462775,0.009205631974793356,1.0,0.3,0.2,1.059658303,1.012690301,1.020304482,1.010152241,1.389847759,1.6,230.9754264,229.6442677,3.833561347,1.3441186,2.489442747,0.016597269,0.005819314,0.010777955,1102.66,180,0.9999999999999997
COOK:8200056,COOK:8200056,COOK:Niles Precinct 56,,,,,,,,,,0.639088013,0.072694084,0.021335622,0.260216893,0.004001048,0.001333905,0.3859,0.9688,0.0312,0.8617,0.0051,0.0,0.0,0.1332,0.26569111,0.086335003,0.044933097,0.135491966,0.115631453,0.081204118,0.097620509,0.070844988,0.102247755,0.057627828,5.92e-08,1.86e-05,6.66e-06,0.023919779,0.064645592,0.050576742,0.015482,0.004229413,0.092752198,0.028224493,0.109698537,0.161699487,0.073113816,0.032427455,0.28557738,,-0.107699285,0.354497354,189.0,-0.330357143,224.0,0.172173913,575.0,52.1,108166,284.4056658,-0.404549635,0.07930031,-0.842954353,-0.451858829,-0.448856098,-0.405015627,-0.536443844,-0.548569673,-0.448856098,complete,COOK,Niles Precinct 56,0,0,1,Niles,1,0,0,407,271,181,246,185,123,0.17256,24.454806390759327,66,0.79164,33.39724965252035,91,0.03408,17.636124295966116,48,0.0009,7.286470424978699,20,0.00024,4.0494823824214485,11,0.00036,6.482095829864194,18,0.00022,3.1623421934766505,9,COOK:8200056,COOK:8200056,COOK:NILES PRECINCT 56,1.0,81.17830595,2.17031966,2.17031966,2.17031966,2.17031966,5.799776088,2.17031966,2.17031966,19.03612925194303,24.767739347717104,12.980585310997878,5.457118563427038,3.2533926630400334,5.573176889806814,2.5781210929586216,24.390767709567772,33.10484243664132,17.550945805544742,7.241686312912415,4.027352809779559,6.381463551325751,3.115618816294868,16.719327618132095,26.65931731892515,16.395609227892436,8.741989940967237,2.9637498431092824,0.006395138090898174,0.008656199734670201,1.0,0.3,0.2,1.005897698,1.020863701,1.033381922,1.016690961,1.383309039,1.6,402.0659114,400.4147071,4.953593811,4.953468663,0.000125148,0.012320353,0.012320041,3.11e-07,2223.46,271,1.0000000000000004
COOK:8200057,COOK:8200057,COOK:Niles Precinct 57,,,,,,,,,,0.624225356,0.076040182,0.012483443,0.283315172,0.005245315,0.001310184,0.3787,0.9578,0.0422,0.7726,0.0655,0.0,0.0242,0.1371,0.116985497,0.145743296,0.066866355,0.150393126,0.11930617,0.153259255,0.110183276,0.062344614,0.074918411,0.015521039,0.020172801,0.02635924,0.031065917,4.59e-05,0.012505906,0.046520584,0.01713642,0.04030534,0.035741467,0.035751527,0.108755993,0.127267716,0.094744926,0.173883744,0.214221469,,0.076680791,0.19205298,151.0,-0.409395973,149.0,0.279850746,536.0,51.0,121631,274.3013892,0.380941615,-0.917843982,-1.120362867,-0.109304884,-0.591772978,-0.441642529,-0.727517045,-0.42916486,-0.591772978,complete,COOK,Niles Precinct 57,0,0,1,Niles,1,0,0,420,280,187,228,171,114,0.51788,30.423357179975717,85,0.4608,29.716335010548335,83,0.01996,15.613204178747964,44,0.00052,5.971316674911138,17,0.00032,5.122871276074156,14,0.00038,6.559073452881028,18,0.00014,3.267295000238947,9,COOK:8200057,COOK:8200057,COOK:NILES PRECINCT 57,1.0,83.9017126,1.683989631,1.683989631,1.683989631,1.683989631,5.994349609,1.683989631,1.683989631,21.82290984142668,20.42284932900494,10.465851517876525,3.9628616585438676,3.7820463057834828,5.573445125054216,2.5787510170721073,30.11792662035219,29.443678151774986,15.523155053845354,5.936996037511945,5.0934491741797645,6.481477725283499,3.2159946791187006,19.506108207615743,22.314427300212987,13.880875434771083,7.247733036084067,3.4924034858527317,0.006663373338300403,0.009286123848156207,1.0,0.3,0.2,1.001954723,1.000857594,1.00137215,1.000686075,1.399313925,1.6,540.7430966,537.5522629,5.342340304,2.670778787,2.671561517,0.009879627,0.00493909,0.004940537,2352.44,280,1.0000000000000004
COOK:8200058,COOK:8200058,COOK:Niles Precinct 58,,,,,,,,,,0.553598115,0.065712938,0.032279588,0.34340548,0.01057242,0.001668846,0.3956,0.891,0.109,0.8137,0.0682,0.0,0.0166,0.0842,0.03315017,0.116298401,0.120205062,0.106359327,0.127552969,0.110458216,0.190439896,0.135140398,0.060395561,0.013358816,0.024212571,0.035057115,0.065290759,0.02660412,0.014563866,0.002537818,2.85e-05,0.042339127,0.052149992,0.214070214,0.063012391,0.088377075,0.130673422,0.088488846,0.139235322,,0.08802922,0.20754717,159.0,-0.37254902,153.0,0.3625,480.0,54.9,78883,263.6027435,0.4292879,-0.822734851,-0.991038351,0.153628444,-0.44974684,-0.307714215,-0.586411667,-0.323607,-0.44974684,complete,COOK,Niles Precinct 58,0,0,1,Niles,1,0,0,408,272,181,221,166,111,0.51832,30.42849885306528,83,0.46182,29.774191195840338,81,0.0183,15.610031974160432,42,0.0007,5.926017276082654,16,0.00042,5.125082460782859,14,0.00034,6.585490843272581,18,0.0001,3.25594002104089,9,COOK:8200058,COOK:8200058,COOK:NILES PRECINCT 58,1.0,81.19755698,2.166881925,2.166881925,2.166881925,2.166881925,5.801151476,2.166881925,2.166881925,21.822239945517108,20.42183203928765,10.465145003912403,3.9635953209451706,3.781939261570548,5.575336238156806,2.580941509950618,30.116441483319395,29.441599945692833,15.52176345715402,5.9378754909922895,5.093495276548102,6.483342727374335,3.218159060985457,19.505438311706172,22.313410010495698,13.88016892080696,7.24846669848537,3.492296441639797,0.008554486440890274,0.011476616726666642,1.0,0.3,0.2,1.001608299,1.001209794,1.001935671,1.000967836,1.399032164,1.6,464.6805458,463.2038053,3.938237557,1.47688391,2.461353647,0.00847515,0.003178278,0.005296873,2127.56,272,0.9999999999999997
COOK:8200006,COOK:8200006,COOK:Niles Precinct 6,,,,,,,,,,0.676670538,0.075658481,0.013177657,0.230514112,0.002007131,0.001131422,0.4573,0.9927,0.0073,0.7291,0.0394,0.0,0.0169,0.2132,0.159022836,0.121458545,0.065086411,0.113931685,0.088543569,0.09932969,0.177624925,0.132565182,0.042437157,0.009489251,0.001244602,0.015776185,0.007427588,0.026523872,0.017557683,0.009350831,0.021416603,0.001298943,0.044955164,0.125307259,0.054840831,0.127021296,0.063658205,0.124986516,0.349145171,,-0.083361496,0.47311828,186.0,-0.407035176,199.0,-0.168571429,700.0,57.3,139841,324.5255873,-0.300866413,0.807439896,-1.112077001,-1.535877162,-0.616466229,-0.53534517,-0.731812595,-0.431959252,-0.616466229,complete,COOK,Niles Precinct 6,0,0,1,Niles,1,0,0,395,263,175,153,115,77,0.52062,30.811162546354154,81,0.4612,30.018358948837374,79,0.0168,15.25103533599741,40,0.00046,5.597879168535763,15,0.00042,5.164767452682038,14,0.00036,6.590014003549785,17,0.00014,3.2425941569330723,9,COOK:8200006,COOK:8200006,COOK:NILES PRECINCT 6,1.0,84.30431114,1.61209594,1.61209594,1.61209594,1.61209594,6.023113222,1.61209594,1.61209594,22.088124498748392,20.59061821522601,10.214755037350889,3.6669582818662656,3.714480472151567,5.572287452354081,2.5770592928379323,30.581151635736,29.777644359516582,15.21039094468709,5.53299200612056,5.00809759499798,6.484208999353534,3.2181919016546954,19.771322864937456,22.482196186434056,13.629778954245447,6.951829659406465,3.424837652220816,0.005505700638164683,0.007594399613981201,1.0,0.3,0.2,1.002055651,1.006171241,1.009873986,1.004936993,1.395063007,1.6,450.5790059,448.7821363,5.678326353,5.198590818,0.479735535,0.012602288,0.011537579,0.001064709,1786.31,263,0.9999999983695096
COOK:8200061,COOK:8200061,COOK:Niles Precinct 61,,,,,,,,,,0.484859798,0.102847523,0.060378756,0.34886389,0.012672052,0.000512594,0.352,0.8721,0.1279,0.7416,0.0433,0.0,0.0,0.1921,0.08935831,0.086238383,0.134705137,0.124544612,0.13624719,0.120642925,0.168990897,0.109070792,0.030201753,0.129384835,0.007043513,0.059088387,6.63e-05,0.060486203,0.005673566,0.028171908,0.015577578,0.026726959,0.122435416,0.000150119,0.084563999,0.171540646,0.106969137,0.065093805,0.11702764,,0.018889187,0.340659341,182.0,-0.089655172,145.0,0.380116959,513.0,50.6,88361,292.1324655,0.134739313,-0.005642587,0.001855422,0.209673543,0.071868034,0.085156423,0.055207834,-0.15081372,0.071868034,complete,COOK,Niles Precinct 61,0,0,1,Niles,1,0,0,450,300,200,265,199,133,0.17034,24.503115543212527,74,0.79472,33.448597664636566,100,0.03328,17.585429926680813,53,0.00084,7.319860808820796,22,0.0002,4.07904818115251,12,0.00044,6.383435302342027,19,0.00018,3.188261055442524,10,COOK:8200061,COOK:8200061,COOK:NILES PRECINCT 61,1.0,63.89832154,5.394251971,5.394251971,5.394251971,5.394251971,4.565209301,5.394251971,4.565209301,19.035141001713292,24.766238611882684,12.979543040732633,5.458724467480268,3.2532347482557906,5.5762408813942015,2.5814793379593106,24.388537573458958,33.10136270725443,17.548659586582858,7.243400420760346,4.0273189163909215,6.38447435961826,3.1189238780006785,16.718339367902356,26.65781658309073,16.39456695762719,8.743595845020467,2.9635919283250396,0.009459129678285763,0.01201444473535919,1.0,0.3,0.2,1.04422211,1.010502898,1.016804637,1.008402318,1.391597682,1.6,200.9131296,200.7648938,3.025491354,1.008229639,2.017261714,0.015058704,0.005018237,0.010040467,1695.32,300,1.0
COOK:8200062,COOK:8200062,COOK:Niles Precinct 62,,,,,,,,,,0.394701973,0.131024205,0.076618691,0.383228909,0.012221721,0.001109655,0.5239,0.7057,0.2943,0.6642,0.0209,0.0,0.0,0.242,0.007254354,0.144346534,0.045490712,0.143248933,0.162408363,0.152313656,0.160414805,0.10889326,0.075629382,0.070709461,0.034223304,0.01825932,0.015991602,2.76e-05,0.038759546,0.022817483,0.022827615,1.93e-05,0.068554935,0.057180407,0.075425039,0.075367048,0.212158121,0.150674838,0.137004337,,0.077698532,0.573033708,89.0,-0.033333333,60.0,0.4921875,256.0,53.5,124946,153.6444401,0.385277369,1.420758143,0.199532408,0.566205258,0.624368799,0.642943295,0.535686621,0.297453049,0.624368799,complete,COOK,Niles Precinct 62,0,0,1,Niles,1,0,0,231,154,103,123,93,62,0.19478,22.167476756571112,34,0.60994,28.50741101659716,44,0.1884,21.97586535851519,34,0.0028,7.759658987787735,12,0.00202,7.225662116463758,11,0.00168,6.405721537147387,10,0.00038,3.150642773574271,5,COOK:8200062,COOK:8200062,COOK:NILES PRECINCT 62,1.0,40.02717559,10.85066983,10.85066983,10.85066983,10.85066983,2.859737625,10.85066983,2.859737625,17.91994265819829,22.226254680129067,17.001453966106382,6.219600506692965,6.237675712653662,5.577459446654392,2.5827954288022963,21.876021635588835,28.078160791412255,21.698363997782522,7.667105201948902,7.115184322016412,6.321647224676152,3.056194268641367,15.603141024387355,24.117832651337114,20.41647788300094,9.504471884233164,5.94803289272291,0.01067769493847591,0.013330535578345,1.0,0.3,0.2,1.026585133,1.000072071,1.000115314,1.000057657,1.399942343,1.6,207.0615884,205.2083596,2.78000405,2.038294488,0.741709563,0.013425977,0.009843904,0.003582072,940.52,154,0.9999999999999993
COOK:8200008,COOK:8200008,COOK:Niles Precinct 8,,,,,,,,,,0.79201388,0.064896297,0.075906973,0.067152701,0.017297506,0.0,0.4327,0.8777,0.1223,0.5629,0.048,0.0057,0.0198,0.3327,0.14135152,0.227654491,0.023839929,0.099689595,0.126512811,0.101193037,0.138391828,0.113074831,0.028291958,0.076155176,0.0,0.0,0.009520541,0.052388143,0.03808674,0.0,0.028602807,0.0,0.028607382,0.033360788,0.023812792,0.114283099,0.061922412,0.209506814,0.323753306,,-0.274448909,0.523809524,84.0,-0.046511628,86.0,0.346303502,257.0,53.8,157938,104.0146113,-1.114932088,1.118601701,0.153279557,0.102102279,0.191584027,0.064762862,0.209287366,-0.20538251,0.191584027,complete,COOK,Niles Precinct 8,0,0,1,Niles,1,0,0,200,133,89,84,63,42,0.17218,24.507207847779895,33,0.79024,33.38555125370758,44,0.03572,17.629297709824698,23,0.001,7.355359039395869,10,0.00026,4.07877541605549,5,0.0005,6.451133697780628,9,0.0001,3.15490372640562,4,COOK:8200008,COOK:8200008,COOK:NILES PRECINCT 8,1.0,58.97942164,6.51860408,6.51860408,6.51860408,6.51860408,4.213778981,6.51860408,4.213778981,19.038281560972727,24.771007798551118,12.982855270200275,5.461049867795859,3.2537365854655684,5.570393791847555,2.572605767546352,24.39205388842967,33.10665266033074,17.552423258274104,7.246166031205202,4.0267931426229735,6.378582711843828,3.1100057493599356,16.72147992716179,26.662585769759165,16.397879187094833,8.745921245336058,2.9640937655348174,0.0036120401316385936,0.003140874322400645,1.0,0.3,0.2,1.52666448,1.004726839,1.007562942,1.003781471,1.396218529,1.6,170.9915681,169.7355965,4.126763973,1.973669726,2.153094247,0.024134313,0.011542497,0.012591815,746.66,133,1.0000000000000002
COOK:8200009,COOK:8200009,COOK:Niles Precinct 9,,,,,,,,,,0.858509597,0.051839066,0.012960569,0.074530515,0.003240318,7.73e-10,0.2889,0.9016,0.0984,0.7618,0.1122,0.0,0.0,0.126,0.052289308,0.012145983,0.027084524,0.029885192,0.08122987,0.099920292,0.128849666,0.197002163,0.371593003,0.190303629,0.015024935,0.031723484,0.026714728,0.031718692,0.110176325,0.060097813,0.073455237,0.011688961,0.043404298,0.043412684,0.120201737,0.091815784,0.08681051,0.02171354,0.041737643,,-0.216861514,0.380952381,126.0,-0.510791367,139.0,0.218461538,325.0,74.6,42331,156.9134708,-0.869599751,0.241691155,-1.476237893,-0.304603304,-0.662851262,-0.602187448,-0.837661351,-0.939147483,-0.662851262,complete,COOK,Niles Precinct 9,0,0,1,Niles,1,0,0,207,138,92,123,93,62,0.56546,33.675563188902494,46,0.4303,32.07854081949654,44,0.00402,13.028378908669769,18,6e-05,2.8236689757562803,4,2e-05,4.4529044889063565,6,0.00014,6.533937566866984,9,0.0,3.271483994592244,5,COOK:8200009,COOK:8200009,COOK:NILES PRECINCT 9,1.0,85.01276934,1.48558362,1.48558362,1.48558362,1.48558362,6.073728948,1.48558362,1.48558362,23.838696275700492,21.696084994256083,8.553066054215462,1.710140411084744,3.267614699851442,5.568804289834012,2.572032423650508,33.70318459296723,32.026470141689714,13.097657460036016,2.8060799089454496,4.432872546869625,6.506986797962295,3.2394259935961007,21.521894641889556,23.58766296546413,11.96808997111002,4.995011788624943,2.977971879920691,0.002022538118095678,0.0025675304265569583,1.0,0.3,0.2,1.000003369,1.342764709,1.548423535,1.274211767,1.125788233,1.6,94.97731229,94.83208696,0.435675909,0.145225318,0.290450591,0.004587158,0.001529053,0.003058105,1091.12,138,0.9999999910413726
COOK:8300010,COOK:8300010,COOK:Northfield Precinct 10,,,,,,,,,,0.705464466,0.073926782,0.018890516,0.179428415,0.008577236,0.000859997,0.4494,0.8932,0.1068,0.8218,0.0293,0.0,0.0,0.1317,0.117527376,0.112653119,0.027432763,0.128060012,0.106354988,0.168485925,0.183325053,0.082150507,0.074010256,0.040249162,0.009585339,0.017237168,7.83e-05,2.21e-05,0.046011291,3.21e-05,2.86e-05,0.12054511,5.58e-05,0.045950816,0.09186793,0.093891233,0.030787244,0.107291719,0.396366068,,-0.163069375,0.488372093,129.0,-0.1,100.0,0.121281465,437.0,56.0,151705,206.5432996,-0.640435866,0.901073502,-0.034452597,-0.613763747,-0.03629635,-0.096894677,-0.023807934,-0.557437496,-0.03629635,complete,COOK,Northfield Precinct 10,0,0,0,Northfield,1,0,0,332,221,147,175,132,88,0.17586,24.761439515949036,55,0.79068,33.510704396423584,74,0.0316,17.43446051884202,39,0.00106,7.130898910288627,16,0.00026,4.044770993806502,9,0.00042,6.4474977152039274,14,0.00012,3.188857877311039,7,COOK:8300010,COOK:8300010,COOK:NORTHFIELD PRECINCT 10,1.0,68.24675456,4.479560461,4.479560461,4.479560461,4.479560461,4.875882671,4.479560461,4.479560461,19.15208468684012,24.84166139121952,12.87209288405403,5.32862648922314,3.224119234023881,5.57130785933763,2.5754874768651197,24.572789577752584,33.24519378564764,17.42760111060761,7.0799553563994015,3.9916263220405135,6.381060305136941,3.11445098448174,16.835283053029183,26.733239362427568,16.28711680094859,8.613497866763339,2.93447641409313,0.004526107621714312,0.006022583641168693,1.0,0.3,0.2,1.000000945,1.000004079,1.000006526,1.000003263,1.399996737,1.003778087,323.8008237,323.2062236,1.15609373,0.802160566,0.353933164,0.003570385,0.002477327,0.001093058,1596.58,221,1.0
COOK:8300012,COOK:8300012,COOK:Northfield Precinct 12,,,,,,,,,,0.854216342,0.037090513,0.008951227,0.078015216,0.010864101,0.000642056,0.5273,0.8263,0.1737,0.5398,0.0881,0.0,0.1155,0.2053,0.216607475,0.106153112,0.056140713,0.079477837,0.185115958,0.099986742,0.107777743,0.093837934,0.054902485,0.013572731,0.014796633,0.028376604,0.001265869,0.011109416,2.53e-05,0.013633184,0.028365818,0.035805942,0.034596886,0.028401208,0.104939778,0.055537845,0.092587564,0.140668863,0.396316375,,-0.340978038,0.572016461,243.0,-0.301470588,272.0,-0.020277481,937.0,50.7,163146,373.8582315,-1.398357769,1.414513901,-0.741569043,-1.064107372,-0.381701198,-0.447380071,-0.440538993,-0.034349193,-0.381701198,complete,COOK,Northfield Precinct 12,0,0,0,Northfield,1,0,0,624,416,277,302,227,151,0.1752,24.566854056940688,102,0.78876,33.37948159626466,139,0.03414,17.627025202176103,73,0.00094,7.287193365099065,30,0.0003,4.122192024856464,17,0.00038,6.419886311582788,27,0.00028,3.191422975010747,13,COOK:8300012,COOK:8300012,COOK:NORTHFIELD PRECINCT 12,1.0,79.63512287,2.445892268,2.445892268,2.445892268,2.445892268,5.689523524,2.445892268,2.445892268,19.03816046400038,24.770823903257828,12.98272755378829,5.457429106079433,3.2537172351009698,5.568770251187073,2.572093007585891,24.393615646676174,33.10919053914718,17.553942630478147,7.242155643038479,4.0271143714384445,6.3770623965359405,3.109596214752069,16.721358830189445,26.662401874465875,16.39775147068285,8.742300483619632,2.9640744151702187,0.001988499471156457,0.002628114361940127,1.0,0.3,0.2,1.00036095,1.000009719,1.00001555,1.000007775,1.399992225,1.078151947,456.5389704,455.7694794,3.457300836,1.536608444,1.920692391,0.007572849,0.003365777,0.004207072,2439.82,416,1.0000000000000007
COOK:8300013,COOK:8300013,COOK:Northfield Precinct 13,,,,,,,,,,0.686532359,0.043934632,0.007901563,0.250366131,0.006758821,0.002250785,0.5475,0.9531,0.0469,0.7855,0.075,0.0,0.0,0.1369,0.182032013,0.101202522,0.052438004,0.170088843,0.143497221,0.109537971,0.18383732,0.048890286,0.008475819,2.65e-05,0.016525604,0.016521188,0.005525533,0.066021212,1.74e-05,0.030300528,0.052257232,0.0,0.093598347,0.013898214,0.008489695,0.052356447,0.046910086,0.143134065,0.454417968,,-0.332134283,0.591836735,98.0,-0.032786885,122.0,0.0,466.0,47.9,184077,208.9207764,-1.360681832,1.536178152,0.201450318,-0.999598314,0.000550296,-0.155662919,0.071972943,-0.424835618,0.000550296,complete,COOK,Northfield Precinct 13,0,0,0,Northfield,1,0,0,327,187,145,160,120,80,0.17586,24.609380521792474,46,0.78998,33.40929224789579,62,0.032,17.62848387845733,33,0.00128,7.265454974128035,14,0.0002,4.05501219883631,8,0.00054,6.45058944589597,12,0.00014,3.1209708668145035,6,COOK:8300013,COOK:8300013,COOK:NORTHFIELD PRECINCT 13,1.0,66.64105302,4.767324004,4.767324004,4.767324004,4.767324004,4.761163481,4.767324004,4.761163481,19.03623906973877,24.76790611469207,12.980701131687468,5.456456107855674,3.2534102110789798,5.572582969010471,2.5776307310509154,24.391248191401335,33.105604954219785,17.551428015320816,7.240960696217292,4.027397849698632,6.380889455675412,3.1151482795331655,16.719437435927833,26.659484085900118,16.395725048582026,8.741327485395873,2.9637673911482287,0.00580121729455496,0.008165837826964116,1.0,0.3,0.2,1.000000033,1.000000047,1.000000075,1.000000037,1.399999963,1.000044202,166.9579569,166.8353799,0.371853182,0.008244036,0.363609147,0.002227226,4.94e-05,0.002177849,897.85,194,0.9621384409408968
COOK:8300019,COOK:8300019,COOK:Northfield Precinct 19,,,,,,,,,,0.837922325,0.03076394,0.014125324,0.112181672,0.002504202,1.04e-06,0.6128,0.7707,0.2293,0.699,0.1099,0.0,0.0,0.191,0.071913135,0.084998666,0.1600132,0.09190951,0.07048311,0.215734101,0.142024814,0.132241481,0.030681983,0.024142243,0.008059423,0.008075123,0.00806854,0.025509657,0.004021219,0.032184409,0.036221078,3.89e-05,0.085826043,0.021496783,0.089922768,0.057723917,0.091272309,0.305807246,0.201630352,,-0.279430206,0.448717949,156.0,-0.03030303,198.0,0.087440382,629.0,53.8,151216,272.5182816,-1.136153281,0.657661543,0.21016809,-0.721422898,-0.112804499,-0.247436636,-0.021283554,-0.417772384,-0.112804499,complete,COOK,Northfield Precinct 19,0,0,0,Northfield,1,0,0,492,328,219,201,151,101,0.17252,24.585013795663563,81,0.79182,33.367023834538735,109,0.0339,17.638526760573136,58,0.00094,7.276955884307121,24,0.00024,4.034998384184228,13,0.00044,6.415334370886362,21,0.00014,3.1679365290790824,10,COOK:8300019,COOK:8300019,COOK:NORTHFIELD PRECINCT 19,1.0,71.33093902,3.928804843,3.928804843,3.928804843,3.928804843,5.096231926,3.928804843,3.928804843,19.037779571142934,24.77024548744466,12.982325840449285,5.457522626448933,3.2536563713525046,5.569676047058334,2.5732601351824194,24.393008652779567,33.108257343078876,17.553309128908722,7.2422354157260616,4.02714614868877,6.37796280147152,3.1107579514129147,16.720977937331998,26.66182345865271,16.397349757343843,8.742394003989132,2.9640135514217536,0.0028942953424182477,0.00379524195846833,1.0,0.3,0.2,1.000247121,1.000039136,1.000062617,1.000031308,1.399968692,1.297602344,192.3042364,191.9805891,1.4564127,0.647294533,0.809118167,0.007573482,0.003365992,0.00420749,1392.42,328,0.9999999999999997
COOK:8300020,COOK:8300020,COOK:Northfield Precinct 20,,,,,,,,,,0.762725885,0.022303758,0.010702401,0.190888623,0.005353317,5.21e-07,0.5562,0.666,0.334,0.6898,0.1975,0.0061,0.0118,0.0947,0.055769516,0.070843672,0.059652095,0.080335498,0.064494252,0.163111308,0.093096979,0.17735452,0.235342159,0.039730212,0.012081451,0.020714731,0.022437447,0.008643562,0.008637102,0.012089601,0.031082207,2.49e-05,0.075983385,0.098391126,0.153626095,0.088040602,0.101886295,0.086390575,0.240240737,,-0.461731679,0.438596491,171.0,-0.11409396,149.0,0.026086957,575.0,66.0,104702,227.9405911,-1.91278932,0.59553225,-0.083919226,-0.916607481,-0.396558935,-0.579445944,-0.297453591,-0.447100049,-0.396558935,complete,COOK,Northfield Precinct 20,0,0,0,Northfield,1,0,0,426,280,189,191,144,96,0.20292,27.628229481325086,77,0.78812,35.68467642632156,100,0.00858,15.214811902075917,43,0.00018,4.345326941201496,12,8e-05,3.4152695827009056,10,0.00012,6.440591368220453,18,0.0,3.150367362951205,9,COOK:8300020,COOK:8300020,COOK:NORTHFIELD PRECINCT 20,1.0,79.9925803,2.382059611,2.382059611,2.382059611,2.382059611,5.715062035,2.382059611,2.382059611,21.050361005165527,26.03861410730429,11.066160183835654,3.2030639960019656,2.7387126310359364,5.571335167897705,2.5757511061297924,27.61412409148845,35.57563316843751,15.332074668953123,4.352816378249315,3.3928291065698963,6.405786514159377,3.139413514208774,18.73355937135459,27.930192078512338,14.481184100730212,6.4879353735421645,2.4490698111051854,0.004553416181789474,0.006286212905841406,1.0,0.3,0.2,1.000001084,1.000000016,1.000000025,1.000000013,1.399999987,1.000095255,876.3714705,875.4340342,3.748940317,0.469269294,3.279671024,0.004277798,0.000535468,0.00374233,2282.79,281,0.9959223423391138
COOK:8300021,COOK:8300021,COOK:Northfield Precinct 21,,,,,,,,,,0.877096371,0.025897658,0.00647462,0.072572793,0.012926949,4.69e-06,0.4925,0.8434,0.1566,0.6557,0.1064,0.0,0.0031,0.2083,0.148382856,0.176025644,0.053721728,0.086728138,0.137188113,0.14150737,0.157487495,0.057994372,0.040964285,0.007901354,0.009462338,0.003165083,0.040970973,0.102418435,0.009481958,0.004729433,0.031525971,0.0221785,0.01577461,0.048887874,0.041052062,0.071012154,0.102462073,0.105647832,0.383329348,,-0.271789928,0.339712919,209.0,-0.347639485,233.0,-0.013398295,821.0,52.7,147311,339.6820021,-1.103604365,-0.011452079,-0.903611486,-1.042222514,-0.745223323,-0.765222611,-0.772901098,-0.501522919,-0.745223323,complete,COOK,Northfield Precinct 21,0,0,0,Northfield,1,0,0,582,388,259,274,206,137,0.51522,30.424997857241397,118,0.46308,29.755490566348865,115,0.0202,15.601019786411241,61,0.00068,5.962895656858703,23,0.00032,5.159932277568732,20,0.00032,6.510623623987404,25,0.00018,3.258833883770628,13,COOK:8300021,COOK:8300021,COOK:NORTHFIELD PRECINCT 21,1.0,86.1303985,1.28600394,1.28600394,1.28600394,1.28600394,6.153577854,1.28600394,1.28600394,21.825259229578688,20.42641706001331,10.46832932900033,3.963663343966343,3.7824217199366608,5.5685799220273955,2.571885805108171,30.121006791318653,29.4484999944912,15.52652095565416,5.938036712481612,5.09290607662014,6.4765949833012915,3.2091119281993765,19.50845759576775,22.317995031221358,13.883353245894888,7.248534721506542,3.4927789000059097,0.001798170311479704,0.0024209118842199893,1.0,0.3,0.2,1.000010689,1.00004006,1.000064096,1.000032048,1.399967952,1.074024491,547.9924196,547.507939,0.968961239,0.726720929,0.24224031,0.001768202,0.001326151,0.00044205,2098.77,388,1.0000000000000009
COOK:8300023,COOK:8300023,COOK:Northfield Precinct 23,,,,,TRUE,,,,,0.913168374,0.017187297,2.36e-05,0.064364199,0.002635285,2.22e-06,0.6516,0.9525,0.0475,0.5468,0.0674,0.0,0.0041,0.3661,0.081282091,0.102144252,0.040622641,0.06704795,0.097710082,0.233713014,0.149272373,0.142633254,0.085574341,0.042721895,0.005695177,0.005734644,0.005722384,0.017093271,0.005733722,3.69e-05,0.005701945,3.59e-05,0.048445428,0.019952337,0.059961926,0.01998087,0.051332456,0.102546352,0.609304867,,-0.392151263,0.552941176,85.0,-0.482758621,116.0,-0.312217195,442.0,57.4,217939,180.6882391,-1.616364624,1.297422671,-1.37784926,-1.99285962,-0.898561172,-0.922412708,-0.989648482,-0.398123681,-0.898561172,complete,COOK,Northfield Precinct 23,0,0,0,Northfield,1,0,0,275,183,122,139,105,70,0.52292,30.860054545507822,56,0.4601,30.105669790463864,55,0.016,15.227427020619983,28,0.00028,5.587295597303077,10,0.00028,5.081234408790836,9,0.00028,6.523307709534976,12,0.00014,3.2261555363220213,6,COOK:8300023,COOK:8300023,COOK:NORTHFIELD PRECINCT 23,1.0,87.80676646,0.986647958,0.986647958,0.986647958,0.986647958,6.273345797,0.986647958,0.986647958,22.101482242558316,20.600686459599693,10.205764320908147,3.65426326413958,3.7118347153047626,5.568217185977917,2.5715383023752554,30.604029927123744,29.7962898367025,15.199578180871095,5.515631296218982,5.003998065322349,6.480308978806557,3.2128411570212045,19.78468060874738,22.49226443080774,13.620788237802705,6.939134641679779,3.4221918953740116,0.0014354342620017167,0.002073409151304135,1.0,0.3,0.2,1.000130694,1.00000017,1.000000271,1.000000136,1.399999864,1.001400931,230.8787359,230.3236526,1.321163197,0.547584943,0.773578253,0.005722325,0.002371743,0.003350583,826.91,183,1.0000000000000002
COOK:8300024,COOK:8300024,COOK:Northfield Precinct 24,,,,,,,,,,0.794070342,0.030805856,0.015917978,0.147500183,0.008510317,0.001060749,0.4975,0.6921,0.3079,0.5621,0.1725,0.0,0.0,0.2573,0.160718442,0.172071403,0.048489023,0.092056342,0.124399999,0.171991619,0.118858542,0.03962514,0.071789488,0.004702836,0.009382256,0.018736769,0.084374557,0.185192802,1.78e-05,8.9e-06,5.93e-05,0.009488757,5.66e-05,0.046948893,0.028216698,0.039999808,0.068137111,0.103265527,0.401411333,,-0.194159958,0.517857143,112.0,-0.142857143,112.0,-0.02016129,496.0,52.7,152264,205.9489304,-0.772887167,1.082063761,-0.184871529,-1.063737732,-0.176056603,-0.234858167,-0.166059275,-0.354001386,-0.176056603,complete,COOK,Northfield Precinct 24,0,0,0,Northfield,1,0,0,360,240,160,175,132,88,0.1743,24.54017436056919,59,0.79052,33.40202362515439,80,0.03352,17.636467187554405,42,0.00092,7.352308990492711,18,0.0002,4.096929791219464,10,0.00042,6.4457540162413345,15,0.00012,3.180721631382165,8,COOK:8300024,COOK:8300024,COOK:NORTHFIELD PRECINCT 24,1.0,73.62488042,3.519166206,3.519166206,3.519166206,3.519166206,5.260122344,3.519166206,3.519166206,19.03738583500081,24.76964756809184,12.981910581782056,5.45743007745701,3.2535934553459493,5.570513302066572,2.5744208041637293,24.392472152307786,33.107439616535146,17.552743466608185,7.24210866981537,4.027195125793738,6.378799923545875,3.111918487460342,16.720584201189872,26.66122553929989,16.396934498676615,8.74230145499721,2.9639506354151983,0.0037315503506555837,0.004955910939777971,1.0,0.3,0.2,1.0000704,1.000045486,1.000072778,1.000036389,1.399963611,1.321050442,249.4046776,249.4046776,0.0,0.0,0.0,0.0,0.0,0.0,1099.55,240,1.0
COOK:8300025,COOK:8300025,COOK:Northfield Precinct 25,,,,,,,,,,0.570538838,0.195103697,0.030029762,0.199004162,0.002665307,1.14e-06,0.3764,0.8356,0.1644,0.7665,0.0861,0.0,0.0,0.1301,0.130585925,0.174208483,0.086762682,0.133347287,0.115770681,0.10445859,0.11721924,0.099507797,0.038139315,0.038449109,4.04e-05,0.010146241,0.042457713,3.84e-05,0.046505427,1.63e-05,0.026302401,0.05662484,0.04253967,0.038428982,0.042583229,0.103215413,0.139583364,0.141668866,0.271399668,,-0.249544506,0.418181818,110.0,-0.285714286,126.0,0.102974828,437.0,48.6,134430,201.7883459,-1.008834991,0.470219356,-0.686267967,-0.672002929,-0.44196493,-0.474221633,-0.484374197,-0.265065697,-0.44196493,complete,COOK,Northfield Precinct 25,0,0,0,Northfield,1,0,0,345,230,153,164,123,82,0.17252,24.513522261367495,56,0.7907,33.44914749835114,77,0.0348,17.65078198212434,41,0.0011,7.257216934325794,17,0.00024,4.062597020033606,9,0.00044,6.45050459552111,15,0.0002,3.2689334206428042,8,COOK:8300025,COOK:8300025,COOK:NORTHFIELD PRECINCT 25,1.0,81.02832719,2.197101989,2.197101989,2.197101989,2.197101989,5.789060871,2.197101989,2.197101989,19.03681166079523,24.768775639323625,12.981305021890911,5.457906945346096,3.25350170672494,5.572054621332925,2.5762615051721327,24.391395689482298,33.1057720651055,17.5516301713756,7.242600275078233,4.027214376814151,6.380323459277072,3.1137414049335894,16.720010026984294,26.660353610531672,16.39632893878547,8.742778322886295,2.963858886794189,0.005272869617009214,0.006796611948181534,1.0,0.3,0.2,1.000000381,1.000002368,1.000003789,1.000001895,1.399998105,1.001498119,320.9546796,318.4686552,3.48109863,0.994418695,2.486679935,0.010846075,0.003098315,0.00774776,1252.3,230,1.0000000000000007
COOK:8300030,COOK:8300030,COOK:Northfield Precinct 30,,,,,,,,,,0.889661019,0.026998243,0.010117714,0.056377688,0.008987366,0.001125379,0.4684,0.8667,0.1333,0.5216,0.1828,0.0,0.0106,0.2828,0.158796272,0.187151351,0.065650093,0.070266686,0.101685139,0.168812751,0.175602668,0.0527786,0.019256442,0.007225405,3.38e-05,0.00240346,0.021541198,0.06451726,9.12e-05,3.96e-05,2.9e-07,0.10275051,0.033483196,0.043116834,0.057390879,0.083755906,0.064585991,0.071802578,0.447261868,,-0.362284761,0.606741573,178.0,-0.402985075,201.0,-0.022364217,626.0,53.8,163276,242.7998212,-1.489128122,1.627669619,-1.097862058,-1.070745937,-0.468390018,-0.507516624,-0.586459105,-0.472402813,-0.468390018,complete,COOK,Northfield Precinct 30,0,0,0,Northfield,1,0,0,450,300,200,193,145,97,0.51316,30.34259738242865,91,0.46558,29.749918270929015,89,0.01998,15.660110072313632,47,0.0005,6.04083542262363,18,0.00038,5.152428088384633,15,0.00026,6.495535277542869,19,0.00014,3.2206267934105894,10,COOK:8300030,COOK:8300030,COOK:NORTHFIELD PRECINCT 30,1.0,81.59348399,2.096179594,2.096179594,2.096179594,2.096179594,5.829438442,2.096179594,2.096179594,21.825439775076884,20.426691232576832,10.46851974353162,3.963943386257905,3.7824505697183617,5.568320420998272,2.5714111134546846,30.121105732249696,29.44871087458927,15.526681575818333,5.938383684527925,5.09283967472814,6.476327072939666,3.208628827213389,19.508638141265948,22.31826920378488,13.883543660426179,7.248814763798104,3.4928077497876107,0.0015386692823557333,0.0019462202307332747,1.0,0.3,0.2,1.000026947,1.000011709,1.000018735,1.000009367,1.399990633,1.067732734,402.8270423,402.8267547,0.001978396,0.000531536,0.001446861,4.91e-06,1.32e-06,3.59e-06,1524.66,300,0.9999999999999991
COOK:8300031,COOK:8300031,COOK:Northfield Precinct 31,,,,,,,,,,0.839607617,0.055223063,0.006905356,0.089815647,0.007667029,0.001536561,0.4163,0.9116,0.0884,0.6504,0.1133,0.0,0.0006,0.1607,0.176953146,0.172152292,0.094316125,0.109414007,0.147385541,0.093531795,0.085799555,0.087730615,0.032716924,7.06e-05,1.77e-06,0.001510535,0.014978411,0.011969499,0.007541128,0.112117125,0.003008185,0.073240299,0.028538737,0.040409307,0.163081406,0.006214798,0.079332168,0.101714246,0.356271789,,-0.206013338,0.433070866,127.0,-0.253012048,166.0,-0.087323944,710.0,46.4,136760,289.1606194,-0.823384631,0.561613899,-0.571490467,-1.277403304,-0.50247671,-0.527666126,-0.511241578,-0.366493713,-0.50247671,complete,COOK,Northfield Precinct 31,0,0,0,Northfield,1,0,0,465,310,207,241,181,121,0.5156,30.408536528542584,94,0.46274,29.749563384084947,92,0.02,15.59013927883856,48,0.00078,6.022512228691417,19,0.00038,5.182156795051127,16,0.00038,6.471662244584492,20,0.00012,3.2504266344682953,10,COOK:8300031,COOK:8300031,COOK:NORTHFIELD PRECINCT 31,1.0,82.28382077,1.972903291,1.972903291,1.972903291,1.972903291,5.878759486,1.972903291,1.972903291,21.825067003614997,20.426125149742678,10.468126595522374,3.963594509506482,3.7823910037064303,5.5689762938823755,2.572446729247692,30.1207568173353,29.448107843839463,15.526247014881772,5.937947603461123,5.092950875725139,6.476992894820503,3.2096743920031297,19.50826536980406,22.317703120950725,13.883150512416933,7.248465887046681,3.4927481837756793,0.002194542166459495,0.002981836023740509,1.0,0.3,0.2,1.000294927,1.000001851,1.000002961,1.000001481,1.399998519,1.015037245,335.7950131,334.6095893,1.39543873,0.239996823,1.155441907,0.004155627,0.000714712,0.003440914,2111.52,310,1.0000000000000004
COOK:8300035,COOK:8300035,COOK:Northfield Precinct 35,,,,,,,,,,0.832084247,0.029302395,0.012684376,0.106413096,0.002931313,0.000976102,0.584,0.9675,0.0325,0.6613,0.0808,0.0,0.008,0.2498,0.092244366,0.175544882,0.073882757,0.080696837,0.178911443,0.1464731,0.157923667,0.061750056,0.032572892,3.06e-05,4.03e-06,1.21e-05,1.09e-05,1.85e-05,0.018584911,5.39e-05,0.00413178,3.97e-05,0.020685354,0.035115501,0.033158522,0.004143675,0.14866407,0.132192026,0.603154497,,-0.316300427,0.352380952,105.0,-0.127819549,133.0,-0.156626506,581.0,50.9,217102,249.0406979,-1.293226846,0.066309043,-0.132092956,-1.497876597,-0.59810845,-0.714221839,-0.481682674,-0.454482695,-0.59810845,complete,COOK,Northfield Precinct 35,0,0,0,Northfield,1,0,0,380,253,169,201,151,101,0.5184,30.394916785168817,77,0.46122,29.687470270430417,75,0.01912,15.58003146863656,39,0.0006,5.98577712057047,15,0.00026,5.162462319930375,13,0.0003,6.56949971004541,17,0.0001,3.2753523395235553,8,COOK:8300035,COOK:8300035,COOK:NORTHFIELD PRECINCT 35,1.0,84.00675702,1.665231414,1.665231414,1.665231414,1.665231414,6.001854497,1.665231414,1.665231414,21.824881972724583,20.425844165757688,10.46793145041699,3.963813711089762,3.7823614371935586,5.5695073054817,2.573055770657116,30.12033616526057,29.447521714478913,15.525855205636024,5.9382107554801635,5.092961754700785,6.477516159758622,3.210275686751347,19.508080338913647,22.317422136965735,13.882955367311547,7.248685088629961,3.4927186172628075,0.0027255537657841057,0.003590877433164816,1.0,0.3,0.2,1.001567155,1.000000978,1.000001565,1.000000782,1.399999218,1.011902689,484.361179,482.6557564,1.705641471,0.000156031,1.70548544,0.003521425,3.22e-07,0.003521103,1445.71,253,0.9999993189313152
COOK:8300037,COOK:8300037,COOK:Northfield Precinct 37,,,,,TRUE,,,,,0.860257946,0.03065139,0.005413992,0.097357431,0.000904086,1.18e-06,0.5526,0.9204,0.0796,0.634,0.0742,0.0,0.006,0.2629,0.134430091,0.139489655,0.038042803,0.149583593,0.110986625,0.194672842,0.133792315,0.05776073,0.041241348,0.038570256,0.004830571,0.043381889,0.004830571,0.019313121,0.028917674,0.012851915,2.53e-06,0.032126467,0.049841174,0.020904546,0.171907317,0.014490763,0.088382686,0.083645993,0.386002531,,-0.260122417,0.44966443,149.0,-0.28342246,187.0,0.026143791,612.0,52.3,141415,268.3576972,-1.053898735,0.663471397,-0.678224173,-0.916426675,-0.45870209,-0.496269546,-0.495093015,-0.377271539,-0.45870209,complete,COOK,Northfield Precinct 37,0,0,0,Northfield,1,0,0,461,307,205,209,157,105,0.5174,30.384791753197987,93,0.46146,29.712925243828902,91,0.0197,15.614105677680513,48,0.00054,6.014354863397579,18,0.00036,5.162449522952837,16,0.0004,6.564340824538522,20,0.00014,3.2649786110015206,10,COOK:8300037,COOK:8300037,COOK:NORTHFIELD PRECINCT 37,1.0,81.38939853,2.132623982,2.132623982,2.132623982,2.132623982,5.814857577,2.132623982,2.132623982,21.824982926657817,20.42599747225909,10.46803792272492,3.963475016042838,3.7823775688554653,5.569102855821639,2.572670428281648,30.120703856918816,29.44800165988686,15.526167316198364,5.937799368074313,5.09298056671912,6.477123019995815,3.2099016542731342,19.50818129284688,22.31757544346714,13.883061839619478,7.248346393583037,3.4927347489247142,0.0023211041057234817,0.003205535057696767,1.0,0.3,0.2,1.00030615,1.000000083,1.000000134,1.000000067,1.399999933,1.000889136,202.4356112,202.0365923,1.330063148,0.665031574,0.665031574,0.006570302,0.003285151,0.003285151,823.12,307,1.0
COOK:8300038,COOK:8300038,COOK:Northfield Precinct 38,,,,,,,,,,0.761446514,0.067802075,0.027111859,0.124433575,0.010174724,0.00338899,0.4909,0.9397,0.0603,0.6975,0.0603,0.0,0.0061,0.1863,0.117849054,0.148422118,0.071783921,0.118766292,0.115885277,0.116924791,0.19824284,0.076625427,0.035500279,7.79e-05,0.021574992,4.06e-05,0.024245986,0.013455178,0.024292585,0.013509181,0.078069089,0.027055089,0.02154199,0.051201522,0.056661772,0.121236818,0.088897976,0.059333027,0.398806366,,-0.148637322,0.404958678,121.0,-0.064220183,109.0,0.037558685,426.0,53.5,138228,186.9291157,-0.578952805,0.38905078,0.091126512,-0.880112299,-0.177714021,-0.244721953,-0.110544328,-0.31341187,-0.177714021,complete,COOK,Northfield Precinct 38,0,0,0,Northfield,1,0,0,305,203,135,155,117,78,0.17414,24.52125222921539,50,0.79094,33.37318238594079,68,0.03302,17.633475402747507,36,0.00084,7.296304624607725,15,0.00026,4.054697987822305,8,0.0006,6.421302911373616,13,0.0002,3.130240607419281,6,COOK:8300038,COOK:8300038,COOK:NORTHFIELD PRECINCT 38,1.0,73.68197707,3.50897022,3.50897022,3.50897022,3.50897022,5.264201608,3.50897022,3.50897022,19.03764298506146,24.770038070718844,12.982181788257762,5.458148490300497,3.253634545947423,5.570311022973377,2.5738220696725014,24.39250625910469,33.10746275794302,17.552802740796338,7.242918895947116,4.027107048204841,6.378578815777001,3.1113009242934333,16.720841351250524,26.66161604192689,16.39720570515232,8.743019867840696,2.963991726016672,0.0035292712574612273,0.004357176448550259,1.0,0.3,0.2,1.000001418,1.000032541,1.000052065,1.000026033,1.399973967,1.010385882,244.5148158,244.1126524,0.804326139,0.60324388,0.201082259,0.003289478,0.002467106,0.000822372,836.19,203,0.9999999999999996
COOK:8300039,COOK:8300039,COOK:Northfield Precinct 39,,,,,,,,,,0.697741653,0.023066854,0.006798363,0.262907237,0.005423397,1.18e-06,0.387,0.6906,0.3094,0.8014,0.0141,0.0,0.0176,0.167,0.108082825,0.104159942,0.056016315,0.083338695,0.206969178,0.040425216,0.158851491,0.149706617,0.09244972,1.69e-05,0.030778955,1.58e-05,0.003864001,3.44e-05,0.034622957,1.69e-05,4.5e-06,0.046149188,0.238344347,4.14e-05,0.073108925,0.130746974,0.084632273,0.119247208,0.238375366,,-0.135391032,0.233333333,60.0,-0.078947368,76.0,0.09352518,278.0,58.3,113959,136.1105485,-0.522521302,-0.664449744,0.039437406,-0.702065238,-0.406203849,-0.462399719,-0.305836424,-0.624845398,-0.406203849,complete,COOK,Northfield Precinct 39,0,0,0,Northfield,1,0,0,200,133,89,110,83,55,0.17846,25.10437820826283,33,0.7925,33.84457910270478,45,0.02762,17.16657762622571,23,0.00082,6.7124722085598,9,0.00014,4.019622295230098,5,0.00032,6.45198056588557,9,0.00014,3.1630401396461574,4,COOK:8300039,COOK:8300039,COOK:NORTHFIELD PRECINCT 39,1.0,80.2196435,2.341511994,2.341511994,2.341511994,2.341511994,5.731284543,2.341511994,2.341511994,19.415780075272266,25.00712314793424,12.619394087899366,5.031317508806877,3.1563106329109356,5.572831789463983,2.578020454085799,24.989361613528352,33.563752526563,17.13906470827652,6.70447460945985,3.909628973700556,6.385997642049517,3.1203973684886432,17.09897844146133,26.898701119142288,16.034418004793924,8.316188886347076,2.8666678129801846,0.006050037748066957,0.008555560861847816,1.0,0.3,0.2,1.000000004,1.000000829,1.000001327,1.000000663,1.399999337,1.000023616,385.6812064,385.1860088,4.449360081,2.965828087,1.483531994,0.011536367,0.007689843,0.003846524,874.21,133,0.9999999999999993
COOK:8300004,COOK:8300004,COOK:Northfield Precinct 4,,,,,,,,,,0.631074769,0.067160069,0.031484466,0.260321577,0.020710951,0.005797496,0.3904,0.7148,0.2852,0.7553,0.0298,0.0,0.0015,0.2003,0.169486905,0.137682775,0.059882113,0.091150067,0.109053737,0.134933284,0.170804599,0.063211877,0.063794644,0.054177653,0.05972788,0.033606027,0.044862845,0.001866496,0.041134158,0.085858827,0.056034573,0.028071096,0.024331385,0.042988701,0.087788917,0.078534394,0.106583959,0.031931274,0.222501813,,-0.072330708,0.404255319,94.0,-0.25,104.0,0.014925373,469.0,54.8,82786,221.4025298,-0.253873334,0.3847333,-0.560918856,-0.952115998,-0.376248275,-0.345543722,-0.419323301,-0.375966459,-0.376248275,complete,COOK,Northfield Precinct 4,0,0,0,Northfield,1,0,0,345,230,153,182,137,91,0.17404,24.582377464782816,57,0.78998,33.40554796640346,77,0.03442,17.63576526694583,41,0.00074,7.324125964120704,17,0.00018,4.075514299741348,9,0.0005,6.400895424235426,15,0.00014,3.1121280840732313,7,COOK:8300004,COOK:8300004,COOK:NORTHFIELD PRECINCT 4,1.0,79.50156431,2.469742374,2.469742374,2.469742374,2.469742374,5.679981446,2.469742374,2.469742374,19.036128084909848,24.76773757548527,12.980584080171973,5.457658063200531,3.2533924765571083,5.573462014986483,2.578255218282397,24.39050665905241,33.10442088356919,17.55068969224694,7.242282708476828,4.027306918559927,6.381733157523957,3.115737422637181,16.71932645109891,26.659315546693318,16.39560799706653,8.74252944074073,2.9637496566263573,0.006680263270567098,0.008790325058445955,1.0,0.3,0.2,1.000000294,1.000019417,1.000031067,1.000015533,1.399984467,1.002166751,659.8488405,658.6188241,4.054703695,1.67777852,2.376925175,0.006144898,0.002542671,0.003602227,2603.35,230,0.9999999999999997
COOK:8300041,COOK:8300041,COOK:Northfield Precinct 41,,,,,,,,,,0.744936846,0.045281757,0.008581798,0.188954058,0.001229398,0.001224624,0.5009,0.9687,0.0313,0.6277,0.1064,0.0,0.0,0.2488,0.152218259,0.141753477,0.022968641,0.061591313,0.177211128,0.107439783,0.174091345,0.121989086,0.040736969,0.026613221,0.01183658,0.026618331,1.39e-05,0.01480954,1.81e-05,1.25e-05,1.97e-05,0.0147714,0.014849916,0.01781305,0.109451705,0.041464491,0.059192703,0.186304182,0.476210723,,-0.437287091,0.605633803,142.0,-0.264705882,136.0,0.065606362,503.0,56.5,193615,201.4911613,-1.808651116,1.620869713,-0.612533194,-0.790883798,-0.278187807,-0.397799599,-0.321134526,-0.440877641,-0.278187807,complete,COOK,Northfield Precinct 41,0,0,0,Northfield,1,0,0,357,238,159,164,123,82,0.17546,24.840059541662196,59,0.79384,33.656617502011265,80,0.0293,17.432333258982684,41,0.00072,7.068078775375327,17,0.0002,4.040914999399695,10,0.00038,6.405656037560414,15,0.0001,3.1216739360035923,7,COOK:8300041,COOK:8300041,COOK:NORTHFIELD PRECINCT 41,1.0,76.87025141,2.939626838,2.939626838,2.939626838,2.939626838,5.491987555,2.939626838,2.939626838,19.209505889837814,24.87777730193141,12.817259735768587,5.263631302478068,3.2093935927877464,5.571232954113777,2.5756614747848663,24.66348958674195,33.314809683308255,17.36531731677836,6.998091335323491,3.973855705951692,6.381737115737145,3.115376698225545,16.892704256026878,26.769355273139457,16.232283652663146,8.548502680018267,2.9197507728569954,0.004451202397860882,0.006196581560914862,1.0,0.3,0.2,1.000000208,1.000000096,1.000000154,1.000000077,1.399999923,1.000188186,218.7893221,218.5545933,0.938861982,0.117337927,0.821524054,0.004291169,0.000536306,0.003754864,979.3,238,0.9996728861603285
COOK:8300042,COOK:8300042,COOK:Northfield Precinct 42,,,,,,,,,,0.458052553,0.401320317,0.040389796,0.09773935,0.037898949,0.003728212,0.4667,0.7531,0.2469,0.7185,0.0256,0.0,0.0328,0.2211,0.050537573,0.159398832,0.071794968,0.096744946,0.064555355,0.100484252,0.184329655,0.192290984,0.079863435,0.031157145,1.46e-05,0.014024715,0.088713151,0.001564654,0.043586917,0.048248315,0.043588413,1.13e-06,0.07787173,0.034333065,0.127717844,0.121459279,0.076339817,0.104345344,0.187033877,,-0.380172871,0.549295775,142.0,-0.202702703,148.0,-0.055319149,470.0,62.2,97882,207.732038,-1.565334587,1.275045837,-0.394915983,-1.175585963,-0.348155814,-0.465197674,-0.334099475,0.125327365,-0.348155814,complete,COOK,Northfield Precinct 42,0,0,0,Northfield,1,0,0,330,220,147,165,124,83,0.18596,25.85421242808199,57,0.79284,34.38326159251973,76,0.0202,16.65429569081729,37,0.00052,6.121719761817719,13,0.00014,3.7487991261272584,8,0.00026,6.44034317141764,14,8e-05,3.1911905108176897,7,COOK:8300042,COOK:8300042,COOK:NORTHFIELD PRECINCT 42,1.0,78.79286924,2.596296995,2.596296995,2.596296995,2.596296995,5.629348797,2.596296995,2.596296995,19.86633508331807,25.292881286868724,12.194511083774398,4.531695671574997,3.041877216753311,5.570085949740056,2.573133343469413,25.70330680133849,34.11176545684528,16.64972331360466,6.068782696033262,3.7688987302647727,6.388970994216654,3.1212294497633217,17.549533449507134,27.18445925807677,15.609535000668956,7.816567049115196,2.7522343968225598,0.0033041980241397895,0.0036684502454615107,1.0,0.3,0.2,1.000012401,1.000000156,1.00000025,1.000000125,1.399999875,1.001098325,532.2333135,530.3640773,5.222285474,3.737846662,1.484438812,0.009812023,0.007022948,0.002789075,2557.64,220,1.0
COOK:8300044,COOK:8300044,COOK:Northfield Precinct 44,,,,,,,,,,0.824696212,0.064578905,0.0081,0.086474402,0.010759794,0.005374087,0.4511,0.8991,0.1009,0.8243,0.0273,0.0,0.0,0.131,0.118031814,0.114334885,0.030478364,0.129390949,0.100019602,0.161987711,0.190307181,0.080105711,0.075343783,0.038863494,0.008999044,0.023864659,7.77e-05,5.21e-05,0.041890721,7.77e-05,0.0,0.116259556,2.16e-05,0.038790857,0.092453634,0.09257285,0.035845431,0.107395476,0.402835116,,-0.240156578,0.479674797,123.0,0.008,125.0,0.140186916,428.0,56.3,154763,172.9614394,-0.968840782,0.847686248,0.34460311,-0.553619548,0.048801646,-0.082542743,0.134230817,-0.699001554,0.048801646,complete,COOK,Northfield Precinct 44,0,0,0,Northfield,1,0,0,320,213,142,140,105,70,0.17708,24.746153397956334,53,0.79094,33.59442259801628,72,0.0304,17.480009168228257,37,0.00074,7.118778848385829,15,0.00026,3.9964423514098417,9,0.00046,6.450155181487027,14,0.00012,3.128820708497557,7,COOK:8300044,COOK:8300044,COOK:NORTHFIELD PRECINCT 44,1.0,64.80257779,5.187558921,5.187558921,5.187558921,5.187558921,4.6298138,5.187558921,4.6298138,19.187637390130863,24.865001346205894,12.840353104098742,5.289909368924288,3.2154596178626393,5.568935100467005,2.572354502464631,24.628686667022126,33.28922272673384,17.39181014060314,7.0312254402762315,3.9808257148698347,6.379138144373167,3.1117686081881026,16.870835756319927,26.75657931741394,16.2553770209933,8.574780746464487,2.9258167979318883,0.0021533487510894066,0.0028896092406796832,1.0,0.3,0.2,1.000003831,1.000010942,1.000017507,1.000008753,1.399991247,1.017707005,223.2974534,222.9304267,0.735333782,0.550631463,0.184702319,0.003293068,0.00246591,0.000827158,1111.64,213,0.9999999999999997
COOK:8300045,COOK:8300045,COOK:Northfield Precinct 45,,,,,,,,,,0.749221375,0.05583891,0.006823314,0.186723413,0.001366329,5.3e-07,0.4582,0.7526,0.2474,0.6433,0.1357,0.0,0.0,0.2115,0.11655254,0.178794127,0.060546462,0.088573765,0.186941753,0.120209962,0.148096216,0.071349833,0.028935344,0.011322951,0.014153526,0.008492376,0.011322691,0.008496186,1.87e-05,0.082097033,0.01133464,4.43e-05,0.062291739,0.051037468,0.118906645,0.002857816,0.082128214,0.053911043,0.481584641,,-0.478847222,,,-0.379310345,145.0,,,48.9,182921,178.6079468,-1.985704515,,-1.014769081,,,,,-0.430872758,-0.430872758,demographic_only,COOK,Northfield Precinct 45,0,0,0,Northfield,1,0,0,282,188,125,138,104,69,0.17312,24.54679124069859,46,0.79108,33.47424585824557,63,0.03402,17.552475742239253,33,0.00104,7.314984973966887,14,0.00016,4.029660938656013,8,0.00042,6.475449087477384,12,0.00016,3.1327604682110417,6,COOK:8300045,COOK:8300045,COOK:NORTHFIELD PRECINCT 45,1.0,80.78299494,2.240911988,2.240911988,2.240911988,2.240911988,5.771533132,2.240911988,2.240911988,19.036948568456307,24.76898354439341,12.98144941324032,5.456737396319999,3.2535235835159684,5.571134230487296,2.575566972398827,24.392159901553487,33.10698954902084,17.552393340669305,7.241315702566282,4.027299817058828,6.379437663734423,3.113081467463265,16.72014693464537,26.660561515601458,16.396473330134878,8.741608773860198,2.9638807635852173,0.004352478771379352,0.006102079174875763,1.0,0.3,0.2,1.00000001,1.000000036,1.000000058,1.000000029,1.399999971,1.000018582,192.6704818,192.5274775,0.429110422,0.000195128,0.428915294,0.002227173,1.01e-06,0.00222616,1501.29,188,0.9992267608674843
COOK:8300048,COOK:8300048,COOK:Northfield Precinct 48,,,,,,,,,,0.693011289,0.015596377,0.007266496,0.271676658,0.005187854,1.26e-06,0.5111,0.9529,0.0471,0.7042,0.0741,0.0,0.0,0.1939,0.157798026,0.145539397,0.015751202,0.054999345,0.184777963,0.122023632,0.154344706,0.125515734,0.039249994,0.024694449,0.009899044,0.03455486,2.18e-06,0.019766692,0.0,1.11e-05,2.15e-05,0.012338461,0.022276174,2.49e-05,0.133259655,0.049416941,0.027245429,0.172800601,0.493687971,,-0.396274694,0.339805825,103.0,-0.438596491,114.0,-0.012096774,496.0,55.8,198174,208.6235918,-1.633931159,-0.010881787,-1.222850117,-1.038081965,-0.935328153,-0.976436257,-0.984610925,-0.454368665,-0.935328153,complete,COOK,Northfield Precinct 48,0,0,0,Northfield,1,0,0,332,221,147,180,135,90,0.52204,30.510141607215825,67,0.45918,29.79334194576776,66,0.01736,15.477190800455645,34,0.00062,5.868348023485489,13,0.00036,5.0919100264551815,11,0.00028,6.595211284368722,15,0.00016,3.2521290176221878,7,COOK:8300048,COOK:8300048,COOK:NORTHFIELD PRECINCT 48,1.0,88.14283872,0.926634139,0.926634139,0.926634139,0.926634139,6.297356447,0.926634139,0.926634139,21.915083423461777,20.481089839269934,10.378434517813991,3.859612485765152,3.7585331627272036,5.57304031755375,2.578308939412091,30.278861636363192,29.559704729438078,15.414583933208572,5.796315318906692,5.06386497129132,6.48243358459146,3.21691326826711,19.59828178965084,22.37266781047798,13.79345843470855,7.144483863305351,3.4688903427964526,0.006258565837834473,0.008844046188139991,1.0,0.3,0.2,1.000000172,1.000000272,1.000000435,1.000000217,1.399999783,1.00030731,248.8502878,248.5833365,1.067680848,0.133413433,0.934267414,0.004290455,0.000536119,0.003754335,1356.37,221,0.9999999999999989
COOK:8300005,COOK:8300005,COOK:Northfield Precinct 5,,,,,,,,,,0.696198299,0.038055036,0.011043536,0.236364318,0.008560564,0.001221762,0.3772,0.8349,0.1651,0.7669,0.0858,0.0,0.0,0.1301,0.12592885,0.172136173,0.089532687,0.13292343,0.117118835,0.107337918,0.120115179,0.095479053,0.039427875,0.033798618,3.41e-05,0.005674865,0.047877624,3.7e-05,0.050666936,0.000161353,0.028232738,0.050655518,0.047910073,0.042254798,0.045115373,0.098578473,0.135137894,0.140767532,0.273097148,,-0.136895762,0.580246914,81.0,-0.24137931,87.0,0.069767442,387.0,48.6,134065,184.2544543,-0.528931714,1.465035498,-0.530662174,-0.777646091,-0.093224166,-0.09305112,-0.180746377,-0.532205569,-0.093224166,complete,COOK,Northfield Precinct 5,0,0,0,Northfield,1,0,0,236,157,105,136,102,68,0.17316,24.52676299947586,39,0.79136,33.41896089223758,52,0.0334,17.653167295472223,28,0.001,7.284436132793553,11,0.00026,4.0698499141452436,6,0.0006,6.476979967693169,10,0.00022,3.1859193348980104,5,COOK:8300005,COOK:8300005,COOK:NORTHFIELD PRECINCT 5,1.0,70.57442611,4.063898492,4.063898492,4.063898492,4.063898492,5.042182935,4.063898492,4.063898492,19.036395164083558,24.768143156252723,12.98086575850894,5.456697812376467,3.253435153754465,5.572358396378105,2.577220226853995,24.391362335194554,33.10576994257515,17.551555628346286,7.241237614943132,4.027360945987374,6.380659041363376,3.1147319336565755,16.719593530272622,26.65972112746077,16.3958896754035,8.741569189916666,2.9637923338237138,0.005576644662188622,0.007755333630044177,1.0,0.3,0.2,1.000000183,1.00000527,1.000008433,1.000004216,1.399995784,1.001082717,296.4756481,294.1943932,3.196638647,0.911781509,2.284857138,0.010782129,0.003075401,0.007706728,1151.81,157,0.9999999999999997
COOK:8300052,COOK:8300052,COOK:Northfield Precinct 52,,,,,,,,,,0.875860308,0.034022258,0.008710947,0.071651705,0.006540303,0.006502374,0.5716,0.8355,0.1645,0.594,0.2151,0.0,0.0,0.1889,0.076418456,0.075348498,0.027180237,0.039529994,0.11094645,0.141748363,0.192323138,0.203402666,0.133102199,0.024738325,4.17e-06,0.043901785,0.065932281,0.002746543,0.046700617,0.022003852,0.00827983,1.5e-06,0.137262333,0.019279516,0.07972452,0.115410997,0.063207627,0.016607079,0.354199025,,-0.417288024,0.680473373,169.0,-0.274725275,182.0,-0.001841621,543.0,64.5,110706,205.3545612,-1.723451606,2.080262969,-0.64769901,-1.005457091,-0.216510925,-0.324086184,-0.28123349,-0.468120205,-0.216510925,complete,COOK,Northfield Precinct 52,0,0,0,Northfield,1,0,0,383,255,170,164,123,82,0.19288,26.245785290308987,67,0.78906,34.59884686398812,88,0.01716,16.34604008929696,42,0.00032,5.790567519509517,15,0.00022,3.7036735410825488,9,0.00024,6.460934498964073,16,0.00012,3.1421508945062904,8,COOK:8300052,COOK:8300052,COOK:NORTHFIELD PRECINCT 52,1.0,74.97587164,3.277914097,3.277914097,3.277914097,3.277914097,5.356643778,3.277914097,3.277914097,20.131251935419026,25.46019793239911,11.943100519308194,4.233927454903707,2.974263796138093,5.568621703510123,2.5718849497278886,26.127600864247057,34.4378358278381,16.359367937409495,5.687743886255437,3.685679451502604,6.390987583389336,3.123461891424411,17.81445030160809,27.35177590360716,15.358124436202752,7.518798832443906,2.684620976207342,0.0018399517942072412,0.002420056503937495,1.0,0.3,0.2,1.000046307,1.000001889,1.000003022,1.000001511,1.399998489,1.013435289,274.0308995,273.060402,2.699115413,1.94099505,0.758120364,0.009849675,0.007083125,0.002766551,803.68,255,0.9999999999999997
COOK:8300056,COOK:8300056,COOK:Northfield Precinct 56,,,,,,,,,,0.807809316,0.039024912,0.006489915,0.130863025,0.00146022,0.002159473,0.6549,0.8265,0.1735,0.7243,0.0332,0.0,0.0,0.2377,0.050589559,0.106523409,0.03874472,0.065634592,0.109169878,0.139351666,0.197921742,0.185571135,0.106493298,0.056246107,2.95e-06,2.54e-05,0.009798686,0.006495127,0.057321764,0.008678761,0.016239832,0.0,0.090896324,0.044345746,0.129815519,0.219506619,0.082225419,0.037939511,0.240462262,,-0.281759184,0.507853403,191.0,-0.076190476,210.0,0.069900143,701.0,62.6,109127,291.2409116,-1.146075133,1.020657066,0.049113477,-0.777223927,-0.093863268,-0.213382129,-0.041364147,-0.390788428,-0.093863268,complete,COOK,Northfield Precinct 56,0,0,0,Northfield,1,0,0,456,304,203,235,177,118,0.1899,25.951311212820205,79,0.79076,34.406044828148524,105,0.01832,16.56864569132485,50,0.00038,6.044783851417386,18,0.00018,3.730665659125715,11,0.00028,6.424219513524839,20,0.00018,3.1669452401933973,10,COOK:8300056,COOK:8300056,COOK:NORTHFIELD PRECINCT 56,1.0,70.59947145,4.059426042,4.059426042,4.059426042,4.059426042,5.043972297,4.059426042,4.059426042,19.91198773259593,25.32134226356509,12.150344710815244,4.4781987263081655,3.03005127271496,5.569879726840001,2.5737634709890393,25.7771958396721,34.168775567130865,16.599459357932595,6.000678315196178,3.75464171098274,6.389415922592809,3.1225107285591576,17.595186098784993,27.212920234773136,15.565368627709802,7.7630701038483645,2.740408452784209,0.0030979751240845133,0.004298577765088225,1.0,0.3,0.2,1.000079638,1.000000594,1.00000095,1.000000475,1.399999525,1.004345129,292.6914954,291.6340172,2.908152111,2.114906697,0.793245414,0.009935895,0.00722572,0.002710176,1040.18,304,0.9999999999999999
COOK:8300057,COOK:8300057,COOK:Northfield Precinct 57,,,,,,,,,,0.724275873,0.027575487,0.013132299,0.220591023,0.011803025,1.01e-06,0.5817,0.8335,0.1665,0.8073,0.0468,0.0,0.0006,0.1388,0.154225972,0.069644172,0.088664772,0.14109468,0.122032292,0.091765088,0.168339333,0.096746378,0.067487313,0.030203347,0.040271887,0.02769602,0.002524699,0.0402933,0.0,0.012636628,0.025188984,2.56e-06,0.103232112,0.012611858,0.07053966,0.110735681,0.110771655,0.100765064,0.312526542,,-0.282255217,0.452631579,95.0,-0.097560976,82.0,0.104859335,391.0,52.9,130431,170.2867779,-1.14818832,0.681684867,-0.025892171,-0.666007718,-0.177371221,-0.289600836,-0.124629488,-0.411426096,-0.177371221,complete,COOK,Northfield Precinct 57,0,0,0,Northfield,1,0,0,248,165,110,135,102,68,0.17646,24.585695290043358,41,0.78786,33.411823163500465,55,0.03378,17.62470787400635,29,0.00112,7.296522829801957,12,0.00022,4.047284738629983,7,0.00042,6.45621690867374,11,0.00014,3.144191436688805,5,COOK:8300057,COOK:8300057,COOK:NORTHFIELD PRECINCT 57,1.0,73.67018029,3.51107682,3.51107682,3.51107682,3.51107682,5.263358789,3.51107682,3.51107682,19.036571007179603,24.76841018784809,12.98105121359394,5.4568928984683005,3.253463252128477,5.572064987614642,2.5767390959042356,24.391528029054896,33.106015750198615,17.551735776952505,7.24146421416257,4.027325958729938,6.380361271430507,3.1142464415374103,16.719769373368667,26.659988159056137,16.396075130488498,8.7417642760085,2.963820432197726,0.005283235898725469,0.007274202680284175,1.0,0.3,0.2,1.000000069,1.000000478,1.000000765,1.000000383,1.399999617,1.000218187,413.0270735,412.7204143,0.920080532,5.16e-05,0.920028978,0.002227652,1.25e-07,0.002227527,1250.59,165,1.000000000000001
COOK:8300006,COOK:8300006,COOK:Northfield Precinct 6,,,,,,,,,,0.876005338,0.035414861,0.009376683,0.070857544,0.006251287,0.001041197,0.6007,0.9451,0.0549,0.5699,0.1068,0.0,0.0056,0.3153,0.178279413,0.106623606,0.017993783,0.094324568,0.176403618,0.135842523,0.158453725,0.052874225,0.07920454,1.32e-05,1.13e-05,2.03e-05,0.057525607,1.18e-05,7.13e-06,0.002629284,0.002641284,2.39e-05,0.020962544,0.06801698,0.007940951,0.115095185,0.089028701,0.162303541,0.473768357,,-0.420692987,0.44,100.0,-0.474285714,175.0,-0.248201439,556.0,53.9,191919,243.0970058,-1.737957341,0.604147513,-1.348111262,-1.789205323,-1.028796995,-1.067781603,-1.084862927,-0.382546407,-1.028796995,complete,COOK,Northfield Precinct 6,0,0,0,Northfield,1,0,0,386,257,171,197,148,99,0.51866,30.452597794589675,78,0.46034,29.736525927623227,76,0.0194,15.56849181734085,40,0.00048,5.998056520122057,15,0.0005,5.184012942504041,13,0.00048,6.491390488948986,17,0.00014,3.2790960686764596,8,COOK:8300006,COOK:8300006,COOK:NORTHFIELD PRECINCT 6,1.0,88.90145899,0.791164168,0.791164168,0.791164168,0.791164168,6.351555998,0.791164168,0.791164168,21.825278351435895,20.42644609806002,10.468349496102325,3.963826900737298,3.7824247754623403,5.568622550788999,2.5718679476839448,30.120932823421203,29.448424456188384,15.526477869891881,5.938237127318694,5.092883921169936,6.476632392682047,3.2090888513943034,19.50847671762496,22.318024069268066,13.883373412996884,7.248698278277497,3.4927819555315893,0.0018407990730825304,0.0024030544599935788,1.0,0.3,0.2,1.002758183,1.000014829,1.000023727,1.000011863,1.399988137,1.197541205,539.2159017,538.307787,4.084210509,1.814911939,2.269298571,0.007574351,0.003365835,0.004208516,1105.21,257,1.0000000000000002
COOK:8300007,COOK:8300007,COOK:Northfield Precinct 7,,,,,,,,,,0.74973343,0.04899809,0.012080887,0.181135808,0.008051029,0.002011903,0.5567,0.6145,0.3855,0.6865,0.1349,0.0,0.0,0.1786,0.086216626,0.220418138,0.031256335,0.052084494,0.209392271,0.115238238,0.089708749,0.064316822,0.131368327,0.017413997,0.018825199,1.55e-05,0.018845642,2.67e-05,0.040571589,0.018840974,5.03e-06,1.27e-05,0.037611592,0.134487409,0.024626917,0.091194429,0.069452352,0.115731956,0.412338031,,-0.410027744,0.45631068,206.0,-0.27753304,227.0,-0.032904149,699.0,52.5,162127,321.5537412,-1.692521548,0.704268564,-0.657553634,-1.104276783,-0.584024059,-0.68752085,-0.578030615,-0.379156023,-0.584024059,complete,COOK,Northfield Precinct 7,0,0,0,Northfield,1,0,0,572,381,254,248,186,124,0.51542,30.383082518935627,116,0.46302,29.730117454086148,113,0.02028,15.625697706226271,60,0.00056,5.95732568533077,23,0.0003,5.192017639872196,20,0.00028,6.550702844176542,25,0.00014,3.2557657220432064,12,COOK:8300007,COOK:8300007,COOK:NORTHFIELD PRECINCT 7,1.0,83.77155853,1.707231784,1.707231784,1.707231784,1.707231784,5.985050764,1.707231784,1.707231784,21.824048952545674,20.424579158985456,10.467052895434964,3.9633839705701197,3.7822283269772754,5.571156173408519,2.575454737771977,30.119335789368037,29.445918386625674,15.52472706325732,5.937663931859931,5.093170745621448,6.479175949576623,3.21268557575739,19.507247318734738,22.316157130193503,13.882076812329522,7.248255348110319,3.4925855070465244,0.004374421692602697,0.005989844548025897,1.0,0.3,0.2,1.000010159,1.0000014,1.000002239,1.00000112,1.39999888,1.007816444,369.8571509,369.5933441,2.374261311,0.527613625,1.846647687,0.006419401,0.001426534,0.004992867,1848.06,381,1.0000000000000007
COOK:8300008,COOK:8300008,COOK:Northfield Precinct 8,,,,,TRUE,,,,,0.847813171,0.024854514,0.012908922,0.09881168,0.008818463,0.001724891,0.624,0.9138,0.0862,0.5658,0.0595,0.0,0.0142,0.3511,0.090379715,0.085806816,0.025232726,0.085804675,0.082689649,0.256436189,0.130746085,0.149572211,0.093331934,0.050823298,0.005697431,0.014487201,0.007517991,0.020308006,0.005439759,0.003632318,0.003212747,0.011322282,0.066534776,0.013097694,0.086798111,0.018670229,0.048313785,0.084728333,0.55941604,,-0.416651194,0.579545455,176.0,-0.346153846,156.0,-0.150066401,753.0,57.4,210621,318.5818952,-1.720738599,1.46072968,-0.898397227,-1.477006836,-0.576619108,-0.658853245,-0.624527905,-0.344986439,-0.576619108,complete,COOK,Northfield Precinct 8,0,0,0,Northfield,1,0,0,546,92,243,201,151,101,0.5231,30.791209284258947,28,0.46052,30.021529228940167,28,0.01522,15.261578797317929,14,0.00048,5.6009175210587,5,0.00026,5.0604907189770785,5,0.00026,6.5444628447629025,6,0.00016,3.263251194346285,3,COOK:8300008,COOK:8300008,COOK:NORTHFIELD PRECINCT 8,1.0,83.64543906,1.729753461,1.729753461,1.729753461,1.729753461,5.976040171,1.729753461,1.729753461,22.10109821679135,20.600103286216594,10.205359303407565,3.654765631351217,3.7117733509414577,5.569344115109784,2.572813829771892,30.603120247659042,29.795032828000412,15.198746481755249,5.516242811684704,5.004017732240317,6.481418282123647,3.214099058603064,19.784296582980414,22.49168125742464,13.620383220302124,6.939637008891416,3.4221305310107066,0.0025623633938676896,0.0033489365479407547,1.0,0.3,0.2,1.000008033,1.000000005,1.000000008,1.000000004,1.399999996,1.000037541,813.6180494,812.4474845,3.902883381,1.951545182,1.951338199,0.004796948,0.002398601,0.002398347,2080.83,130,0.7101565463546925
COOK:8300009,COOK:8300009,COOK:Northfield Precinct 9,,,,,TRUE,,,,,0.860155124,0.029654297,0.012712583,0.081941845,0.00283268,0.001413078,0.5585,0.9313,0.0687,0.6186,0.0584,0.0,0.004,0.2885,0.159669384,0.14043894,0.031746104,0.112567394,0.13755172,0.173369406,0.118395874,0.079988816,0.046272364,0.018569961,0.013217477,0.031724627,0.013220208,0.044941652,0.015859695,0.007931188,0.0,0.015859746,0.052922273,0.02643786,0.08995366,0.037007858,0.05818198,0.126929872,0.447241944,,-0.413110123,0.641025641,78.0,-0.440860215,93.0,-0.131313131,396.0,52.8,179218,162.8571628,-1.70565302,1.838118044,-1.230795279,-1.417346773,-0.581433483,-0.628919257,-0.701808687,-0.382192987,-0.581433483,complete,COOK,Northfield Precinct 9,0,0,0,Northfield,1,0,0,278,185,123,134,101,67,0.51298,30.308215162047823,56,0.46586,29.754696263834713,55,0.0195,15.574128749517657,29,0.00066,6.03159831911415,11,0.0006,5.100489558981311,9,0.00028,6.562066219993497,12,0.00012,3.2415346936594274,6,COOK:8300009,COOK:8300009,COOK:NORTHFIELD PRECINCT 9,1.0,83.72763128,1.715076055,1.715076055,1.715076055,1.715076055,5.981912386,1.715076055,1.715076055,21.825154781959426,20.426258448074424,10.468219172033445,3.9639454324976056,3.7824050300106036,5.568962589755683,2.5722679400684725,30.12066946854969,29.448053383509354,15.526228710812315,5.938378815826546,5.092894333545053,6.476968158846693,3.209484570976793,19.50835314814849,22.31783641928247,13.883243088928003,7.2488168100378045,3.4927622100798525,0.0021808380397678314,0.00280304684452141,1.0,0.3,0.2,1.000081117,1.000000015,1.000000025,1.000000012,1.399999988,1.000153329,226.0607415,225.6151553,1.485287395,0.742643697,0.742643697,0.006570302,0.003285151,0.003285151,1002.51,185,1.0000000000000009
COOK:9600011,COOK:9600011,COOK:Wheeling Precinct 11,,,,,,,,,,0.647542884,0.050614126,0.018970813,0.267932746,0.007474815,0.004022085,0.4003,0.8582,0.1418,0.7294,0.0708,0.0,0.0,0.1885,0.062236284,0.105215244,0.103238503,0.059866712,0.060778303,0.210806894,0.199869708,0.118609556,0.079378798,5.79e-05,0.011592845,0.024596618,0.01303608,0.044861735,0.021690835,0.036164629,0.018811818,1.39e-05,4.03e-05,0.069463985,0.040537493,0.138919991,0.22706202,0.16497863,0.188171276,,-0.10244668,0.223300971,103.0,-0.537313433,134.0,0.022375215,581.0,57.8,133831,296.8874191,-0.382172622,-0.726032132,-1.569324379,-0.928415703,-1.020201385,-0.901486209,-1.153769018,-0.494429924,-1.020201385,complete,COOK,Wheeling Precinct 11,0,0,0,Wheeling,1,0,0,372,9,165,249,187,125,0.52142,30.94592198250895,3,0.46198,30.170258784390242,3,0.01544,15.222162441438039,1,0.00026,5.4728356667403135,0,0.00032,4.929080776064911,0,0.00042,6.568491762801543,1,0.00016,3.280612143258094,0,COOK:9600011,COOK:9600011,COOK:WHEELING PRECINCT 11,1.0,88.83700166,0.802674582,0.802674582,0.802674582,0.802674582,6.34695085,0.802674582,0.802674582,22.14523474643235,20.626261915794977,10.159593936217501,3.6026715055635092,3.699705142648433,5.573282993975945,2.5783391454687745,30.6813202461128,29.849195752310376,15.141294103741119,5.4449159609499125,4.989585125003584,6.486049520319254,3.2203167336293936,19.828433112621415,22.517839887003024,13.57461785311206,6.887542883103708,3.410062322717682,0.0065012422600290104,0.008874252244823355,1.0,0.3,0.2,1.0,1.000000205,1.000000327,1.000000164,1.399999836,1.000001631,515.5162651,513.2158398,4.141370089,1.841952386,2.299417703,0.008033442,0.003573025,0.004460417,1888.45,20,0.4335509826648881
COOK:9600012,COOK:9600012,COOK:Wheeling Precinct 12,,,,,,,,,,0.720900547,0.071912188,0.016634886,0.176166252,0.002250158,0.00497957,0.3541,0.9422,0.0578,0.8192,0.0132,0.0,0.0047,0.1629,0.082218038,0.111410223,0.088905564,0.169072462,0.095253325,0.140165605,0.165804637,0.076171561,0.070998584,0.016110289,0.004302247,0.006444167,0.003232991,0.012950506,0.012871315,0.011852008,0.010762893,0.02679323,0.046121049,0.07392123,0.122063544,0.136961036,0.179721407,0.248142952,0.087749138,,-0.237947613,0.2,145.0,-0.406896552,145.0,-0.096045198,708.0,52.5,127172,335.5214176,-0.959430207,-0.869062202,-1.111590462,-1.305148362,-1.076523834,-1.061307808,-1.086580364,-0.647586826,-1.076523834,complete,COOK,Wheeling Precinct 12,0,0,0,Wheeling,1,0,0,416,277,185,259,195,130,0.51618,30.40153562229637,84,0.46338,29.69147486047205,82,0.01934,15.61509952572554,43,0.00042,5.9529466536590085,16,0.00032,5.194247596343388,14,0.00032,6.5563145737931094,18,4e-05,3.303781184364772,9,COOK:9600012,COOK:9600012,COOK:WHEELING PRECINCT 12,1.0,89.24149731,0.730442115,0.730442115,0.730442115,0.730442115,6.375850002,0.730442115,0.730442115,21.82410435391317,20.42466329032687,10.467111325168913,3.9636527502020966,3.782237179689607,5.57117228891064,2.5753533453121276,30.11925083229292,29.445849448514938,15.524694287302108,5.9379939013088405,5.0931297085725085,6.479183572928161,3.212575691146958,19.507302720102235,22.316241261534916,13.882135242063471,7.248524127742296,3.492594359758856,0.004390537194723731,0.00588845208817651,1.0,0.3,0.2,1.0,1.000000007,1.00000001,1.000000005,1.399999995,1.000000467,603.0588281,601.7337058,7.760551618,5.464172012,2.296379606,0.012868648,0.009060761,0.003807887,2801.84,277,1.0000000000000002
COOK:9600016,COOK:9600016,COOK:Wheeling Precinct 16,,,,,,,,,,0.454557033,0.450677607,0.023931453,0.073652227,0.041902682,6.3e-06,0.1268,0.6775,0.3225,0.9267,0.0131,0.0,0.0,0.0602,0.151522416,0.091842746,0.100013505,0.162093886,0.152369671,0.151493906,0.15274425,0.031405296,0.006514322,0.066827486,0.025535293,0.035460475,0.000130478,0.181664951,0.0568126,0.090962954,0.078026093,0.034227825,0.058432608,0.094207047,0.112355853,0.088367175,0.000260956,0.038427302,0.038300901,,0.512493224,0.133333333,30.0,0.090909091,22.0,0.407407407,162.0,46.3,42730,112.9301494,2.237578516,-1.278287125,0.63559537,0.29649306,0.312646641,0.472844955,0.345196723,-0.324871613,0.312646641,complete,COOK,Wheeling Precinct 16,0,0,0,Wheeling,1,0,0,143,95,63,87,66,44,0.19168,22.4877116745477,21,0.6156,29.07240926677553,28,0.18778,22.43067585611876,21,0.0026,7.97590434093914,8,0.00086,5.296525754208136,5,0.00138,6.470484347483868,6,0.0001,3.1632266796305766,3,COOK:9600016,COOK:9600016,COOK:WHEELING PRECINCT 16,1.0,53.7248523,7.719682824,7.719682824,7.719682824,7.719682824,3.838366791,7.719682824,3.838366791,17.92339386621957,22.23149561141721,17.005093825113246,6.218444197393753,4.255549558238168,5.569090408725636,2.572145479277777,22.288959842501725,28.72460058442554,22.23753204415422,7.91434359240855,5.2360722328971425,6.339451506654898,3.071717639024348,15.606592232408632,24.123073582625256,20.420117742007804,9.503315574933952,3.965906738307417,0.002308657009719734,0.0026805860538257195,1.0,0.3,0.2,1.0,1.000000003,1.000000005,1.000000003,1.399999997,1.000000408,150.7546704,150.1554865,2.157062056,1.198367809,0.958694247,0.014308426,0.007949126,0.0063593,928.8,95,0.9999999999999999
COOK:9600017,COOK:9600017,COOK:Wheeling Precinct 17,,,,,,,,,True,0.472378325,0.171713979,0.02522323,0.323316003,0.015762567,0.000525979,0.3735,0.7043,0.2957,0.7231,0.0703,0.0,0.0,0.1568,0.139409742,0.111446566,0.082805081,0.220771074,0.168714144,0.09954949,0.117912694,0.052001208,0.007389999,0.036527567,0.000168671,0.047419443,0.01945834,0.015964884,0.047358892,0.007290931,0.007285935,0.040042503,0.058519412,0.041413618,0.116648186,0.18343588,0.204134853,0.070946498,0.103384384,,-0.025155048,0.084337349,83.0,-0.175,80.0,0.100257069,389.0,43.2,108436,212.4869917,-0.052896803,-1.57904279,-0.297685727,-0.680648977,-0.677047467,-0.652568574,-0.606070897,-0.006147819,-0.677047467,complete,COOK,Wheeling Precinct 17,0,0,0,Wheeling,1,0,0,294,196,131,168,126,84,0.49758,29.742451589993134,58,0.46874,29.47436046546666,58,0.03226,16.904379325707406,33,0.00036,5.451717003931533,11,0.00048,5.248613540461699,10,0.00044,6.515915716258677,13,0.00014,3.2328928425358505,6,COOK:9600017,COOK:9600017,COOK:WHEELING PRECINCT 17,1.0,85.21773788,1.448981537,1.448981537,1.448981537,1.448981537,6.088372905,1.448981537,1.448981537,21.822463906067746,20.69962533937975,11.682389326797024,3.7141517932450014,3.9370564704681286,5.574691791622694,2.5802035371857484,29.549208076156077,29.181968513992736,16.855586581530538,5.370868456578066,5.213120792047451,6.453601107190602,3.1883239145709665,19.50566227225681,22.591203310587797,15.097413243691582,6.9990231707852,3.6474136505373775,0.007910039906778563,0.010738643961797077,1.0,0.3,0.2,1.0,1.0,1.0,1.0,1.4,1.0,346.715378,345.5835202,3.622439441,0.905772534,2.716666907,0.010447876,0.002612438,0.007835438,1938.16,196,1.0000000000000002
COOK:9600021,COOK:9600021,COOK:Wheeling Precinct 21,,,,,,,,,,0.821746624,0.029238798,0.019082113,0.121601349,0.003157559,4.18e-07,0.4059,0.9241,0.0759,0.738,0.0958,0.02,0.0132,0.1238,0.09966654,0.181481095,0.053733871,0.084313519,0.152484235,0.166137488,0.120087282,0.090631426,0.051464544,0.024149614,0.012801464,0.005712077,0.021581328,0.02359932,0.019305723,0.010270293,0.015933845,0.010232908,0.04996341,0.084899007,0.113952711,0.127500257,0.06563354,0.11869131,0.295773195,,-0.295669249,0.325842697,178.0,-0.386243386,189.0,-0.071688943,823.0,52.7,121098,349.7862786,-1.205334433,-0.096592686,-1.039102495,-1.227663438,-0.875550069,-0.892173263,-0.904935916,-0.542226777,-0.875550069,complete,COOK,Wheeling Precinct 21,0,0,0,Wheeling,1,0,0,489,38,217,145,109,73,0.51498,30.369820267333083,12,0.46384,29.7186236380621,11,0.01958,15.578159767125848,6,0.00064,5.952563591364253,2,0.00028,5.214241920343774,2,0.00042,6.579946075012449,3,0.00026,3.300292950030079,1,COOK:9600021,COOK:9600021,COOK:WHEELING PRECINCT 21,1.0,87.58451943,1.026335532,1.026335532,1.026335532,1.026335532,6.25746738,1.026335532,1.026335532,21.824712651765896,20.425587038541757,10.467752873984411,3.9640733356944216,3.7823343810069225,5.570024144129958,2.5736273945999524,30.1199139983391,29.446942202217553,15.525470168860632,5.938523719187088,5.092965039408019,6.478024000883368,3.210838313170672,19.50791101795496,22.317165009749804,13.88277679087897,7.2489447132346205,3.4926915610761715,0.0032423924140421506,0.004162501376001065,1.0,0.3,0.2,1.0,1.0,1.0,1.0,1.4,1.0,395.0665614,394.3216564,2.482662275,1.163490954,1.319171321,0.006284162,0.00294505,0.003339112,1830.23,65,0.5816455812428397
COOK:9600027,COOK:9600027,COOK:Wheeling Precinct 27,,,,,,,,,,0.736107867,0.115016505,0.027603969,0.120229865,0.009214605,0.000511491,0.4265,0.7521,0.2479,0.7608,0.0184,0.0,0.0,0.2069,0.041251,0.110414429,0.120327598,0.078449517,0.114369498,0.200435391,0.146817455,0.142008604,0.045926508,0.033329238,8.72e-06,0.029609784,0.01483477,0.065681313,0.019436144,0.007406448,0.069363751,0.030548795,0.0536905,0.062033196,0.129626182,0.103740191,0.122226843,0.069505331,0.188958791,,-0.281686937,0.319148936,188.0,-0.344978166,229.0,0.116644823,763.0,54.5,96997,322.1481104,-1.145767348,-0.137681493,-0.894270855,-0.628514366,-0.676408866,-0.701558516,-0.714951334,-0.42164506,-0.676408866,complete,COOK,Wheeling Precinct 27,0,0,0,Wheeling,1,0,0,527,351,234,262,197,131,0.51398,30.384019158903698,107,0.46502,29.73861878685663,104,0.01954,15.576835173309602,55,0.0005,6.04345625840369,21,0.00056,5.1796247322646956,18,0.00032,6.54734354998839,23,8e-05,3.247053819411377,11,COOK:9600027,COOK:9600027,COOK:WHEELING PRECINCT 27,1.0,85.20863272,1.450607481,1.450607481,1.450607481,1.450607481,6.087722388,1.450607481,1.450607481,21.824727941278503,20.425610256871252,10.46776899925702,3.96453411275544,3.7823368241534174,5.570231028191308,2.573693012611855,30.11964673546206,29.44664059801981,15.525287610996113,5.93908731832211,5.092910046914118,6.478216043057191,3.210889089295049,19.507926307467567,22.3171882280793,13.882792916151578,7.249405490295639,3.4926940042226664,0.003449276475391367,0.004228119387903907,1.0,0.3,0.2,1.0,1.0,1.0,1.0,1.4,1.0,323.9434059,323.1238436,1.912852506,1.092434135,0.820418371,0.005904897,0.003372299,0.002532598,1536.77,351,0.9999999999999993
COOK:9600028,COOK:9600028,COOK:Wheeling Precinct 28,,,,,,,,,,0.862018647,0.046881427,0.010559843,0.068653673,0.011219094,0.0,0.313,0.9126,0.0874,0.6817,0.0326,0.0,0.0006,0.28,0.102256218,0.147553933,0.045988222,0.109535458,0.097434047,0.149438558,0.10286489,0.143943533,0.100985142,0.046737248,2.52e-05,0.03632785,9.64e-06,0.070080913,0.01298873,5.6e-05,0.061005935,0.042844879,0.068799208,0.080508089,0.138948628,0.122109509,0.051981302,0.166161941,0.101414927,,-0.269833326,0.319148936,141.0,-0.448979592,196.0,-0.140783745,689.0,56.5,89505,301.6423728,-1.0952689,-0.137681493,-1.259292466,-1.447475781,-1.001332017,-0.98492966,-1.056204578,-0.709145869,-1.001332017,complete,COOK,Wheeling Precinct 28,0,0,0,Wheeling,1,0,0,429,286,191,232,174,116,0.51994,30.674954357230042,88,0.4623,29.987723187174375,86,0.01688,15.386151894484499,44,0.00036,5.719106305793432,16,0.0002,5.079584089281444,15,0.00024,6.487110998510747,19,8e-05,3.312163051753181,9,COOK:9600028,COOK:9600028,COOK:WHEELING PRECINCT 28,1.0,88.69189096,0.828587601,0.828587601,0.828587601,0.828587601,6.336583431,0.828587601,0.828587601,21.997885109477462,20.535314929061244,10.304211957612443,3.7707137894861944,3.7383026843320866,5.568606391188652,2.5718122066003763,30.422288164282687,29.665295348200246,15.322185645865243,5.674833529349731,5.037352029136531,6.479152924001481,3.211569801230515,19.681083475666526,22.42689290026929,13.719235874507001,7.055585167026393,3.4486598644013355,0.0018246394727364694,0.0023473133764250237,1.0,0.3,0.2,1.0,1.0,1.0,1.0,1.4,1.000000002,565.2541388,564.2857572,3.306307032,0.754371416,2.551935615,0.00584924,0.00133457,0.004514669,1855.29,286,0.9999999999999997
COOK:9600030,COOK:9600030,COOK:Wheeling Precinct 30,,,,,,,,,,0.81861367,0.039016841,0.015589686,0.111211282,0.009915492,0.000707592,0.4574,0.9431,0.0569,0.7535,0.0333,0.013,0.0105,0.1842,0.083798189,0.135574023,0.059856006,0.087214042,0.147564341,0.18628647,0.110561316,0.128773115,0.060372499,0.044120337,3.83e-06,0.008556681,0.02279018,0.015689026,0.017107262,0.00854146,0.011417084,0.032759068,0.038476246,0.058409728,0.135316562,0.135267868,0.121070733,0.098316541,0.252157392,,-0.183368573,0.464566929,127.0,-0.422885572,201.0,-0.024203822,785.0,54.0,119741,315.9072338,-0.726913986,0.754948507,-1.167708326,-1.076598301,-0.59814746,-0.554068026,-0.72087552,-0.528770709,-0.59814746,complete,COOK,Wheeling Precinct 30,0,0,0,Wheeling,1,0,0,440,293,195,248,186,124,0.51226,30.352140793631943,89,0.46684,29.78690813498505,87,0.01944,15.578971716691047,46,0.00056,6.051578377733205,18,0.00044,5.155128773477577,15,0.00034,6.526240153438286,19,0.00012,3.2742458676093653,10,COOK:9600030,COOK:9600030,COOK:WHEELING PRECINCT 30,1.0,84.00740003,1.665116588,1.665116588,1.665116588,1.665116588,6.001900437,1.665116588,1.665116588,21.824828481815953,20.425762935598588,10.467875035571996,3.963942780293009,3.7823528897578576,5.569695219169878,2.573247746153462,30.120173123012382,29.447304246940245,15.525712449608886,5.938367135738034,5.092957478134019,6.477699709915992,3.210463298716886,19.508026848005017,22.317340906806635,13.882898952466554,7.248814157833208,3.4927100698271065,0.002913467453962311,0.0037828529295106036,1.0,0.3,0.2,1.0,1.0,1.0,1.0,1.4,1.0,483.0719028,481.9612276,2.843596462,1.329821739,1.513774723,0.005886487,0.002752844,0.003133643,2122.01,293,1.0
COOK:9600038,COOK:9600038,COOK:Wheeling Precinct 38,,,,,,,,,,0.75576817,0.154509015,0.013253752,0.068040724,0.027643943,0.001203585,0.2587,0.8573,0.1427,0.7536,0.0104,0.0,0.0264,0.2095,0.068373121,0.07607938,0.112262147,0.140050329,0.072551233,0.199297428,0.140670644,0.089086534,0.101629184,0.039458333,0.022550522,0.026757483,0.09997693,0.033806653,0.050691796,1.29e-06,0.05774775,0.062083082,0.081752432,0.0690717,0.165065802,0.115674932,0.049506559,0.104677533,0.021177204,,0.227546582,0.258278146,151.0,-0.364341085,129.0,0.201581028,506.0,54.3,65467,268.6548818,1.023656172,-0.511329157,-0.962230345,-0.358305527,-0.400640866,-0.202052214,-0.552676492,-0.567377384,-0.400640866,complete,COOK,Wheeling Precinct 38,0,0,0,Wheeling,1,0,0,393,262,175,217,163,109,0.17564,24.5599261960557,64,0.78936,33.45579225932046,88,0.03294,17.553108002936444,46,0.00118,7.272762978103654,19,0.00024,4.1066471425875,11,0.00052,6.4752727610603245,17,0.00012,3.151944109708683,8,COOK:9600038,COOK:9600038,COOK:WHEELING PRECINCT 38,1.0,80.08915236,2.364814338,2.364814338,2.364814338,2.364814338,5.721961617,2.364814338,2.364814338,19.03827166115702,24.77099276490099,12.982844829237816,5.457711136948404,3.2537350035511756,5.568667791817325,2.571827171362015,24.39364415310327,33.10922277059024,17.553981753237814,7.242474358624917,4.027078728577044,6.37695261828558,3.1093230596475796,16.721470027346083,26.662570736109036,16.397868746132374,8.742582514488603,2.9640921836204246,0.0018860401014095295,0.0023622781380640157,1.0,0.3,0.2,1.0,1.0,1.0,1.0,1.4,1.0,367.9112795,367.1751456,1.771787935,0.377480536,1.394307399,0.004815802,0.00102601,0.003789792,1382.62,262,0.9999891226688308
COOK:9600040,COOK:9600040,COOK:Wheeling Precinct 40,,,,,,,,,,0.84392031,0.045671672,0.019683398,0.075904025,0.007515388,0.000907273,0.3556,0.9494,0.0506,0.7023,0.0812,0.0003,0.0089,0.2003,0.113010621,0.174438782,0.078541797,0.096140242,0.159831591,0.121149451,0.143290006,0.069569446,0.044028064,0.027247485,0.015624596,0.031481134,0.002609457,0.020963857,0.002976218,0.0034031,0.032286943,0.05240189,0.003232687,0.047561782,0.109045935,0.067709351,0.067713144,0.140948321,0.374794104,,-0.132629166,0.32,200.0,-0.333333333,174.0,-0.04494382,890.0,50.3,155584,383.6653234,-0.510755272,-0.132457344,-0.85340011,-1.142578772,-0.694062358,-0.659797874,-0.732782806,-0.655581968,-0.694062358,complete,COOK,Wheeling Precinct 40,0,0,0,Wheeling,1,0,0,555,0,247,152,114,76,0.51498,30.38201552583615,0,0.4646,29.76072245062602,0,0.01876,15.631916804863893,0,0.00066,5.998168730368749,0,0.00038,5.187153602699497,0,0.00032,6.508524413071451,0,0.0003,3.270633713342396,0,COOK:9600040,COOK:9600040,COOK:WHEELING PRECINCT 40,1.0,85.45641529,1.40635992,1.40635992,1.40635992,1.40635992,6.105425189,1.40635992,1.40635992,21.825222092496773,20.426360664428532,10.468290161919912,3.9643485043038806,3.782415785716661,5.569022235182491,2.572163277186253,30.120517993541615,29.447913694169305,15.526154543667875,5.938873233753783,5.092835845697665,6.477015013707565,3.2093671175286373,19.508420458685837,22.31793863563658,13.88331407881447,7.24921988184408,3.49277296578591,0.0022404834665749663,0.0026983839623017504,1.0,0.3,0.2,1.0,1.0,1.0,1.0,1.4,1.0,719.5397842,718.4501797,4.692070507,3.707510218,0.984560289,0.006520933,0.005152613,0.001368319,2489.08,2,0.1654200659780583
COOK:9600043,COOK:9600043,COOK:Wheeling Precinct 43,,,,,,,,,,0.514124836,0.058352424,0.034813483,0.384542509,0.004924784,0.000543862,0.6061,0.5674,0.4326,0.6874,0.025,0.0,0.0,0.199,0.03766628,0.03392368,0.203111888,0.242403296,0.159232737,0.072423126,0.111256468,0.070910388,0.069072139,0.007785581,0.005140018,0.054749003,0.014567114,2.85e-05,7.6e-06,2.87e-05,0.017981286,0.005159424,0.062501248,0.140375206,0.134464457,0.080504852,0.177949994,0.069382552,0.229374422,,0.016619763,0.296703297,91.0,-0.2,90.0,0.127272727,440.0,40.9,117767,236.8561292,0.125071171,-0.275461216,-0.385430103,-0.594703654,-0.333681078,-0.282630951,-0.354240909,0.298220099,-0.333681078,complete,COOK,Wheeling Precinct 43,0,0,0,Wheeling,1,0,0,332,221,147,215,162,108,0.16832,24.130526828436796,53,0.77746,33.011486002613694,73,0.05258,19.038454861784672,42,0.00068,6.617076219196333,15,0.00024,4.152407857576755,9,0.0005,6.404394124213154,14,0.00022,3.0786553071631038,7,COOK:9600043,COOK:9600043,COOK:WHEELING PRECINCT 43,1.0,78.41391901,2.663967709,2.663967709,2.663967709,2.663967709,5.602274735,2.663967709,2.663967709,19.03474325103231,25.09716765518278,14.433345115361423,5.159431254798626,3.438480347224205,5.576323851098373,2.582299137298959,23.885615230279356,32.73030314994474,18.984957002547446,6.583536771153542,4.184065297576197,6.354506821273624,3.0896931692915195,16.717941617221374,26.988745626390827,17.84836903225598,8.444302632338825,3.148837527293454,0.009542099382456214,0.0128342440750078,1.0,0.3,0.2,1.0,1.0,1.000000001,1.0,1.4,1.000000022,392.8140441,391.9679812,2.325482758,1.479627985,0.845854773,0.00592006,0.003766739,0.002153321,1362.82,221,0.9992383182352659
COOK:9600044,COOK:9600044,COOK:Wheeling Precinct 44,,,,,,,,,,0.800745551,0.060572041,0.01313909,0.116054499,0.013133304,3.22e-06,0.5072,0.933,0.067,0.8272,0.0346,0.0006,0.0111,0.1209,0.112236723,0.077637875,0.088113143,0.109846422,0.127523312,0.158292975,0.150226108,0.140358202,0.03576524,0.017418428,0.006403614,0.001636162,0.02840401,0.011130716,0.012631182,1.07e-05,0.017349341,0.048875016,0.026954828,0.022140593,0.108939261,0.112199635,0.121657379,0.093321423,0.370927662,,-0.185813835,0.339449541,109.0,-0.271604938,162.0,-0.102040816,588.0,54.1,142653,255.2815746,-0.737331229,-0.013068791,-0.636747329,-1.324222312,-0.667784025,-0.677842415,-0.659565008,-0.572538012,-0.667784025,complete,COOK,Wheeling Precinct 44,0,0,0,Wheeling,1,0,0,368,245,163,214,161,107,0.51412,30.424140294275425,75,0.46356,29.736469451680964,73,0.02078,15.588382206213986,38,0.00062,5.987047695790137,15,0.0003,5.150063875153476,13,0.0004,6.542991540141085,16,0.00022,3.2693296994618573,8,COOK:9600044,COOK:9600044,COOK:WHEELING PRECINCT 44,1.0,85.08460068,1.472756399,1.472756399,1.472756399,1.472756399,6.078860931,1.472756399,1.472756399,21.82477448889487,20.425680943094026,10.467818091273397,3.9637866026668442,3.782344262104429,5.569734897474338,2.5733721687479423,30.12018921386439,29.447294123570668,15.52569692291809,5.938174840854521,5.092985518349235,6.477744244709308,3.2105925778002233,19.507972855083935,22.317258914302073,13.882842008167955,7.248657980207043,3.492701442173678,0.00295314575842194,0.003907275523991119,1.0,0.3,0.2,1.0,1.0,1.0,1.0,1.4,1.0,365.3791801,364.5067874,1.75971011,1.441261009,0.318449101,0.00481612,0.003944562,0.000871558,1325.68,245,1.0000000000000007
COOK:9600046,COOK:9600046,COOK:Wheeling Precinct 46,,,,,,,,,,0.88276304,0.049644723,0.004634723,0.045077357,0.012689108,0.000576349,0.4496,0.9314,0.0686,0.6421,0.0606,0.0156,0.0234,0.2473,0.109314598,0.097647337,0.056358459,0.098726648,0.130236809,0.161334248,0.153032181,0.123902163,0.069447559,0.041258097,0.025784727,0.0,0.011340703,0.012390245,0.01648427,0.069099273,0.012368804,0.003090181,0.045384687,0.057753235,0.101031016,0.164977667,0.068056079,0.133922301,0.237058715,,-0.13236835,0.387978142,183.0,-0.468926554,177.0,-0.063529412,850.0,55.7,115762,365.8342472,-0.50964415,0.284817902,-1.329301816,-1.201705398,-0.770924132,-0.688958365,-0.898992822,-0.468392425,-0.770924132,complete,COOK,Wheeling Precinct 46,0,0,0,Wheeling,1,0,0,530,0,235,284,213,142,0.51954,30.566257944646342,0,0.4606,29.822603786139148,0,0.01818,15.428914850408404,0,0.00072,5.864905506011543,0,0.0004,5.1355262721383355,0,0.00034,6.555018400621323,0,0.00022,3.267008220059865,0,COOK:9600046,COOK:9600046,COOK:WHEELING PRECINCT 46,1.0,86.4456112,1.229715102,1.229715102,1.229715102,1.229715102,6.176098194,1.229715102,1.229715102,21.906104107732908,20.47767058289738,10.39204299730911,3.8735574433234063,3.761878558698729,5.567915738954553,2.5709765007214425,30.261951439461377,29.550282019343076,15.431734816567573,5.815252606571573,5.066956519398887,6.477114108569875,3.2093859321540745,19.589302473921972,22.36924855410543,13.807066914203668,7.158428820863605,3.472235738767978,0.001133987238637155,0.00151160749749113,1.0,0.3,0.2,1.0,1.0,1.0,1.0,1.4,1.0,448.7818538,447.2238515,3.578797041,1.682861876,1.895935165,0.007974469,0.003749844,0.004224625,1634.0,1,0.12793081882503343
COOK:9600047,COOK:9600047,COOK:Wheeling Precinct 47,,TRUE,,,,,,,True,0.784177687,0.110659871,0.010529155,0.07934698,0.010835058,3.5e-06,0.3257,0.7671,0.2329,0.8443,0.0827,0.0063,0.0053,0.0541,0.1525191,0.094633743,0.090954328,0.153133793,0.107458397,0.156326936,0.114207407,0.07730916,0.053457136,0.028787658,0.01819832,0.010799592,0.009026522,0.045429709,0.026623255,0.019049427,0.027331785,0.051146238,0.057646838,0.073497921,0.167044726,0.097293867,0.083967917,0.114864811,0.169291414,,-0.211239291,0.247706422,109.0,-0.535211268,142.0,0.031690141,568.0,50.9,94824,307.8832495,-0.845648101,-0.576222351,-1.561946252,-0.898781987,-1.042279488,-0.970649673,-1.160538804,-0.665687686,-1.042279488,complete,COOK,Wheeling Precinct 47,0,0,0,Wheeling,1,0,0,407,46,181,166,125,83,0.51412,30.3423413961988,14,0.46536,29.83223553329989,14,0.01924,15.566497913201847,7,0.00058,5.958016235154266,3,0.00036,5.145276162179171,2,0.00022,6.589306711176998,3,0.00012,3.1854116954478333,1,COOK:9600047,COOK:9600047,COOK:WHEELING PRECINCT 47,1.0,89.0005415,0.773470593,0.773470593,0.773470593,0.773470593,6.358634938,0.773470593,0.773470593,21.825183709909826,20.426302377446234,10.468249681252292,3.9638430525854353,3.7824096524745388,5.568843906290613,2.572156231723447,30.12077818921587,29.448194804462826,15.526320536271083,5.938254422829895,5.092900325242629,6.476852888397001,3.2093762756471436,19.50838207609889,22.31788034865428,13.88327359814685,7.248714430125634,3.4927668325437877,0.0020621545746971814,0.0026913384994958272,1.0,0.3,0.2,1.0,1.0,1.0,1.0,1.4,1.000000001,678.5358852,676.6090327,3.875252875,2.912996875,0.962256,0.005711198,0.004293062,0.001418136,2534.26,72,0.6436477964681577
COOK:9600048,COOK:9600048,COOK:Wheeling Precinct 48,,,,,,,,,,0.636422534,0.115970782,0.027398834,0.199665284,0.019605465,6.77e-07,0.241,0.8766,0.1234,0.8865,0.0305,0.0,0.0001,0.0789,0.168579995,0.060648186,0.072319013,0.163934874,0.118886118,0.087084163,0.184915498,0.069884855,0.073747298,0.050775499,0.004844686,5.41e-05,0.036308873,0.072543306,0.012118345,2.62e-05,0.033854266,0.014539224,0.017069273,0.111241488,0.171985586,0.133128073,0.038912185,0.135569546,0.167029422,,-0.213225132,0.234042553,94.0,-0.457364341,129.0,-0.012048193,415.0,52.5,96314,189.3065926,-0.85410813,-0.660096286,-1.288721049,-1.037927414,-1.003674512,-0.96021322,-1.069376078,-0.685644318,-1.003674512,complete,COOK,Wheeling Precinct 48,0,0,0,Wheeling,1,0,0,284,0,126,151,114,76,0.51622,30.42749907824147,0,0.4622,29.7369682817546,0,0.02002,15.53460544408774,0,0.00056,5.958843862100049,0,0.00042,5.150559519295165,0,0.00052,6.548866749433907,0,6e-05,3.272931521095343,0,COOK:9600048,COOK:9600048,COOK:WHEELING PRECINCT 48,1.0,88.71017957,0.825321729,0.825321729,0.825321729,0.825321729,6.337890058,0.825321729,0.825321729,21.82384238312388,20.424265467043625,10.466835034452426,3.964100492073463,3.782195318772783,5.5719960494830625,2.5762489034350815,30.118568618928567,29.44491918048039,15.524077900154953,5.938534403974343,5.093129576307813,6.479991923225514,3.2134558389948427,19.507040749312942,22.315843438251672,13.881858951346985,7.248971869613662,3.492552498842032,0.00521429776714683,0.006784010211130123,1.0,0.3,0.2,1.0,1.0,1.0,1.0,1.4,1.0,252.4028027,251.8258842,1.763543136,1.196581465,0.566961671,0.006987019,0.004740761,0.002246257,852.19,0,0.08487480998975794
COOK:9600051,COOK:9600051,COOK:Wheeling Precinct 51,,,,,,,,,True,0.7133271,0.120605204,0.018319851,0.133565933,0.00888131,0.001772428,0.3168,0.8943,0.1057,0.7324,0.025,0.0,0.0039,0.2365,0.099658344,0.086227497,0.101319162,0.098608551,0.132007997,0.149831915,0.130384926,0.114163611,0.087797996,0.021695625,0.061408002,0.026494843,0.074662535,0.050578144,0.036124411,0.002411948,0.040945105,0.045770456,0.062664565,0.051801015,0.109647281,0.091592182,0.056638135,0.147049629,0.120516126,,-0.226788242,0.287671233,146.0,-0.238095238,126.0,-0.082311734,571.0,54.0,80801,263.0083743,-0.911889342,-0.330903401,-0.51913582,-1.261457884,-0.716571259,-0.755846612,-0.669229101,-0.514484413,-0.716571259,complete,COOK,Wheeling Precinct 51,0,0,0,Wheeling,1,0,0,350,233,155,218,164,109,0.51694,30.418512220623462,71,0.4625,29.79066404034732,69,0.0188,15.57342565784095,36,0.00076,6.000800417668311,14,0.0003,5.132970650684468,12,0.00034,6.5395880060615665,15,0.00036,3.236405978956034,8,COOK:9600051,COOK:9600051,COOK:WHEELING PRECINCT 51,1.0,85.76082631,1.351999981,1.351999981,1.351999981,1.351999981,6.127173805,1.351999981,1.351999981,21.824579268760417,20.425384485939183,10.4676121999564,3.963969105070717,3.7823130674287437,5.5702696130626395,2.57400294095604,30.119776157273904,29.44671136875815,15.525305429077587,5.938392867859194,5.093002502095613,6.478272363645642,3.2112167533563523,19.50777763494948,22.31696245714723,13.882636116850959,7.248840482610916,3.4926702474979927,0.0034878613467232834,0.004538047732088693,1.0,0.3,0.2,1.0,1.0,1.0,1.0,1.4,1.0,624.5776524,623.0960732,3.805105761,0.937705636,2.867400125,0.006092286,0.001501344,0.004590943,2614.73,233,1.0000000000000002
COOK:9600052,COOK:9600052,COOK:Wheeling Precinct 52,,,,,,,,,,0.851733882,0.034907181,0.007474663,0.099002011,0.008142691,1.87e-06,0.3722,0.9035,0.0965,0.7278,0.0076,0.0,0.0,0.2433,0.136206682,0.053546851,0.094887844,0.12116976,0.128688316,0.103001852,0.142222646,0.14696129,0.073314761,4.21e-05,0.087480622,2.73e-05,0.035529766,0.057171905,0.00642012,0.031499008,0.01052379,0.031510348,0.065915612,0.030925331,0.139910153,0.133958007,0.046956911,0.171385187,0.150743846,,-0.338724642,0.356589147,258.0,-0.295154185,227.0,0.113087675,787.0,54.8,100568,332.252387,-1.38875791,0.092140517,-0.719399889,-0.639830775,-0.597026212,-0.663962014,-0.608113787,-0.651427054,-0.597026212,complete,COOK,Wheeling Precinct 52,0,0,0,Wheeling,1,0,0,566,377,251,136,102,68,0.51544,30.351750624926378,114,0.46356,29.748196199517896,112,0.01972,15.601395950622033,59,0.00046,6.018034083939385,23,0.0005,5.133089380430797,19,0.00018,6.545836738715498,25,0.00014,3.2303933478856073,12,COOK:9600052,COOK:9600052,COOK:WHEELING PRECINCT 52,1.0,83.98889968,1.668420273,1.668420273,1.668420273,1.668420273,6.000578681,1.668420273,1.668420273,21.824964592629392,20.425969630592462,10.468018586516239,3.963575920420854,3.782374639218764,5.5691969354252,2.5727499473665603,30.12061223533313,29.447885702005422,15.526092952756262,5.9379222334279405,5.0929727007314005,6.4772137720268095,3.209977845785479,19.508162958818456,22.31754760180051,13.883042503410797,7.248447297961053,3.492731819288013,0.0024151837092844524,0.0032850541426088786,1.0,0.3,0.2,1.0,1.0,1.0,1.0,1.4,1.0,424.0769759,423.7705298,2.141775105,0.917498696,1.224276409,0.005050439,0.002163519,0.00288692,1374.56,377,0.9996807067826161
COOK:9600053,COOK:9600053,COOK:Wheeling Precinct 53,,,,,,,,,,0.868795182,0.031576895,0.002887785,0.090994449,0.003838392,0.001911566,0.4653,0.9557,0.0443,0.7585,0.0841,0.0024,0.0,0.147,0.136203557,0.069815324,0.114667362,0.130049985,0.102281154,0.194772457,0.085717716,0.127774545,0.038717901,0.020065156,0.008071197,0.008024684,0.006027645,0.014065839,0.028029029,9.12e-06,0.008010735,0.006019705,0.010098225,0.038075396,0.098210191,0.108279084,0.120231987,0.154260595,0.37252141,,-0.266925657,0.304347826,115.0,-0.369369369,111.0,-0.150084317,593.0,52.0,158681,243.9885597,-1.082881723,-0.228536239,-0.979878491,-1.477063832,-0.931789748,-0.942090071,-0.939347432,-0.673421606,-0.931789748,complete,COOK,Wheeling Precinct 53,0,0,0,Wheeling,1,0,0,369,246,164,197,148,99,0.51858,30.383788724243622,75,0.46044,29.727794069361952,73,0.01958,15.61012788761748,38,0.00048,5.977290448065369,15,0.00032,5.20097527073643,13,0.00044,6.567116300765519,16,0.00016,3.318158586232002,8,COOK:9600053,COOK:9600053,COOK:WHEELING PRECINCT 53,1.0,88.11147795,0.932234362,0.932234362,0.932234362,0.932234362,6.29511588,0.932234362,0.932234362,21.825053862150682,20.426105193393756,10.468112735715334,3.9633744471341936,3.7823889038015284,5.568890623915655,2.5724329365128025,30.12087555078664,29.448238451144924,15.526324945947568,5.937678272055336,5.0929782628355795,6.476914292440972,3.2096676668554287,19.508252228339746,22.317683164601803,13.883136652609892,7.248245824674393,3.4927460838707773,0.0021088721997386136,0.002968043288851155,1.0,0.3,0.2,1.0,1.0,1.0,1.0,1.4,1.0,418.0873753,417.0925239,1.992014736,1.658425536,0.333589201,0.00476459,0.003966696,0.000797894,1710.66,246,0.9993603605783271
COOK:9600054,COOK:9600054,COOK:Wheeling Precinct 54,,,,,,,,,,0.858514071,0.05408516,0.008156425,0.065944377,0.013311395,0.000738314,0.3371,0.6956,0.3044,0.8399,0.0147,0.0,0.0018,0.1255,0.102095378,0.054880477,0.076206473,0.092224592,0.096007358,0.115038568,0.242815734,0.12255521,0.098176208,0.022115757,1.16e-05,0.018677603,0.032248455,0.061116285,0.018668702,0.011881022,0.044131162,0.011897258,0.040762146,0.098456635,0.162977117,0.139179816,0.062863069,0.10357519,0.171438183,,-0.219265374,0.028571429,105.0,-0.436619718,142.0,-0.173633441,622.0,61.4,96481,262.4140051,-0.879840613,-1.921354854,-1.215912089,-1.551981018,-1.425879291,-1.392272143,-1.39060728,-0.852370473,-1.425879291,complete,COOK,Wheeling Precinct 54,0,0,0,Wheeling,1,0,0,311,114,138,218,164,109,0.53344,31.55105930239016,36,0.4548,30.60401817187283,35,0.01106,14.663239315667242,17,0.00022,4.860462869339726,6,0.00018,4.857769194807686,6,0.00014,6.529241727371696,7,0.00016,3.2824923306702987,4,COOK:9600054,COOK:9600054,COOK:WHEELING PRECINCT 54,1.0,91.00969831,0.414687123,0.414687123,0.414687123,0.414687123,6.502178949,0.414687123,0.414687123,22.561683797031474,20.890877097291018,9.767976540354514,3.1395201683490894,3.5941625215083195,5.568479026988264,2.57169397828847,31.414221401423315,30.37921119056386,14.64991187819073,4.807498107637976,4.854638811257033,6.487385019938012,3.2198110330555285,20.244882163220538,22.782455068499065,13.183000457249072,6.424391545889288,3.3045197015775685,0.001697275272347954,0.0022290850645187276,1.0,0.3,0.2,1.0,1.0,1.0,1.0,1.4,1.0,731.0414397,729.0507247,4.339945217,2.795155792,1.544789425,0.005936661,0.003823526,0.002113135,2332.06,132,0.862145797448178
COOK:9600056,COOK:9600056,COOK:Wheeling Precinct 56,,,,,,,,,,0.679939913,0.065255404,0.014055315,0.24274532,0.009032858,7.86e-07,0.424,0.907,0.093,0.7864,0.1306,0.0,0.0,0.0829,0.134092523,0.111077562,0.025918403,0.195131242,0.095357805,0.100808564,0.165632435,0.11098892,0.060992546,0.041347919,0.013804151,0.013775195,0.025259077,0.057377729,1.4e-05,0.004622853,0.01836585,0.025265878,0.025367451,0.098765459,0.020807911,0.167689939,0.050652031,0.145063339,0.291821209,,-0.099939446,0.208333333,96.0,-0.361702128,94.0,0.09223301,412.0,54.5,123142,206.5432996,-0.371491369,-0.817909089,-0.9529682,-0.706176038,-0.770283857,-0.712136174,-0.818450262,-0.535340575,-0.770283857,complete,COOK,Wheeling Precinct 56,0,0,0,Wheeling,1,0,0,279,186,124,162,122,81,0.51516,30.33037382325491,56,0.46384,29.732455991857897,55,0.0195,15.594880383428514,29,0.00056,6.066070647202583,11,0.00032,5.212507164616011,10,0.00048,6.54230606436841,12,0.00014,3.251106556686391,6,COOK:9600056,COOK:9600056,COOK:WHEELING PRECINCT 56,1.0,86.43793945,1.231085077,1.231085077,1.231085077,1.231085077,6.175550086,1.231085077,1.231085077,21.82336212031843,20.423536150135426,10.466328519375008,3.9631611904712924,3.782118576471065,5.5725845601578,2.5774645549398665,30.118428007230808,29.444500273061063,15.523737856542358,5.937373861573068,5.0933282088558185,6.480609089101971,3.214700145701347,19.506560486507492,22.315114121343473,13.881352436269566,7.248032568011491,3.492475756540314,0.005802808441884258,0.007999661715915046,1.0,0.3,0.2,1.0,1.000000037,1.000000059,1.00000003,1.39999997,1.000000706,343.2492372,342.3657651,1.987945521,1.766877457,0.221068064,0.005791551,0.005147506,0.000644045,1166.93,186,0.9999999999999993
COOK:9600058,COOK:9600058,COOK:Wheeling Precinct 58,,,,,,,,,,0.696415577,0.127636594,0.024096598,0.142916362,0.011609146,0.000894598,0.4312,0.8241,0.1759,0.7213,0.03,0.0208,0.0,0.2276,0.188029141,0.143205958,0.041131088,0.143295261,0.164676214,0.147775291,0.050591123,0.084039692,0.037256234,5.45e-05,1.09e-05,0.039269799,3.29e-05,0.01871589,0.052389208,2.93e-06,2.16e-05,2.65e-05,0.067331458,0.114104427,0.144129901,0.035698849,0.097410524,0.23765271,0.193147911,,-0.103782598,,,-0.2,115.0,,,47.4,132240,203.8686382,-0.387863866,,-0.385430103,,,,,-0.292334583,-0.292334583,demographic_only,COOK,Wheeling Precinct 58,0,0,0,Wheeling,1,0,0,330,175,147,170,128,85,0.1726,24.53775926573335,43,0.79118,33.46568273718288,59,0.0342,17.639159469336228,31,0.00096,7.321923453049095,13,0.0002,4.093141616531206,7,0.00072,6.4277547486307265,11,0.00014,3.1535139652211304,6,COOK:9600058,COOK:9600058,COOK:WHEELING PRECINCT 58,1.0,77.27779546,2.866850006,2.866850006,2.866850006,2.866850006,5.5211045,2.866850006,2.866850006,19.037436936135755,24.769725169191325,12.981964476222828,5.457889683695766,3.2536016209142007,5.570639014141142,2.574378533970054,24.392326625364326,33.10719818478661,17.552605889042994,7.242619980768951,4.027150610189058,6.378912785134146,3.111863366780367,16.72063530232482,26.661303140399372,16.396988393117386,8.742761061235965,2.9639588009834497,0.003857262425226461,0.004913640746102505,1.0,0.3,0.2,1.0,1.0,1.0,1.0,1.4,1.0,418.7789106,417.7809384,1.996165366,1.663095593,0.333069773,0.004766633,0.003971297,0.000795336,1612.85,185,0.9438284094006386
COOK:9600006,COOK:9600006,COOK:Wheeling Precinct 6,,,,,,,,,,0.795487809,0.074299455,0.008550905,0.113130255,0.004898773,0.001218506,0.3338,0.8793,0.1207,0.5937,0.0694,0.0,0.0,0.3295,0.092374351,0.15432764,0.129705259,0.067627514,0.177633787,0.239178734,0.101586179,0.024811743,0.012754793,0.010280715,3.2e-05,0.012270858,0.032713765,3.68e-07,2.65e-07,5.53e-05,0.010235863,0.010325157,0.053337308,0.012449911,0.051474279,0.098525598,0.071794737,0.272424386,0.36407949,,-0.118674692,0.173333333,75.0,-0.223880597,67.0,0.102803738,321.0,48.3,175054,146.8091942,-0.451306781,-1.032752173,-0.469245627,-0.67254722,-0.658256835,-0.65646295,-0.62081337,-0.541700176,-0.658256835,complete,COOK,Wheeling Precinct 6,0,0,0,Wheeling,1,0,0,213,142,95,117,88,59,0.51466,30.429112797119146,43,0.46506,29.7278648376056,42,0.0189,15.550876242823442,22,0.00036,5.992205741792107,9,0.00046,5.175804558745665,7,0.00038,6.553411803983378,9,0.00018,3.2048172354677322,5,COOK:9600006,COOK:9600006,COOK:WHEELING PRECINCT 6,1.0,84.94527315,1.497636694,1.497636694,1.497636694,1.497636694,6.068906689,1.497636694,1.497636694,21.824807088812555,20.425730448637445,10.46785247317772,3.963558009649372,3.7823494713204875,5.569541864496611,2.5732188695352476,30.12038313949105,29.44753625165625,15.525851218815912,5.937896268057549,5.093005060563999,6.477558718312862,3.2104467851688088,19.50800545500162,22.317308419845492,13.882876390072278,7.248429387189571,3.4927066513897365,0.002760112780695255,0.003753976311296357,1.0,0.3,0.2,1.0,1.0,1.0,1.0,1.4,1.0,211.8977385,211.2438621,1.145049588,0.163775443,0.981274146,0.005403784,0.000772898,0.004630885,1282.86,142,0.9999999999999996
COOK:9600060,COOK:9600060,COOK:Wheeling Precinct 60,,,,,,,,,,0.883743397,0.028426524,0.011189992,0.068021547,0.006029534,6.2e-07,0.4484,0.833,0.167,0.6941,0.0752,0.0,0.0023,0.2174,0.062642158,0.081138026,0.033451099,0.143471538,0.138593201,0.174103365,0.14850152,0.154844053,0.06325504,0.065846024,0.040989494,9.18e-06,0.011206007,0.022385196,0.001283276,0.113012207,0.008724765,3.38e-05,0.055951683,0.06220689,0.118154628,0.217494874,0.047328807,0.06604199,0.169331167,,-0.378153705,,,-0.465240642,187.0,,,55.4,100023,255.5787592,-1.556732588,,-1.316365094,,,,,-0.58303951,-0.58303951,demographic_only,COOK,Wheeling Precinct 60,0,0,0,Wheeling,1,0,0,371,28,165,199,150,100,0.51792,30.437339390458263,9,0.46148,29.769564966212513,8,0.01904,15.547589164577921,4,0.00074,5.934541741619827,2,0.00034,5.173242215970848,1,0.00034,6.501688231029894,2,0.00014,3.2768799465717895,1,COOK:9600060,COOK:9600060,COOK:WHEELING PRECINCT 60,1.0,83.75488858,1.710208606,1.710208606,1.710208606,1.710208606,5.983859781,1.710208606,1.710208606,21.871331884616396,20.45551584854671,10.424605920283986,3.9124217384386952,3.77066288958769,5.568609858865089,2.571799965049889,30.20117216474591,29.506173177891565,15.472068234550388,5.868198691602118,5.078079166832773,6.477292419220781,3.20969358722289,19.55453025080546,22.347093819754758,13.839629837178544,7.197293115978894,3.481020069656939,0.0018281071491725687,0.0023350718259378253,1.0,0.3,0.2,1.0,1.0,1.0,1.0,1.4,1.0,588.6078364,587.497888,3.69982817,1.676424854,2.023403315,0.006285727,0.002848118,0.003437609,2515.79,48,0.5807060074890404
COOK:9600061,COOK:9600061,COOK:Wheeling Precinct 61,,TRUE,,,,,,,True,0.848641465,0.065831842,0.013060135,0.058300875,0.008014461,0.000531795,0.3995,0.8561,0.1439,0.7556,0.0329,0.0009,0.0006,0.2037,0.096139472,0.09277785,0.048332743,0.129829807,0.142274585,0.148943824,0.150457445,0.102224404,0.089019871,0.019253939,0.008330999,0.004949782,0.022466145,0.013823756,0.009541859,0.001980057,0.031553208,0.026762411,0.019714444,0.129594225,0.092526619,0.113688089,0.083260419,0.089218358,0.333335693,,-0.228609124,0.350318471,157.0,-0.475409836,183.0,-0.14863258,841.0,54.6,126746,369.1032778,-0.919646616,0.053648764,-1.352056678,-1.472445399,-0.965865988,-0.922624982,-1.051752327,-0.671481615,-0.965865988,complete,COOK,Wheeling Precinct 61,0,0,0,Wheeling,1,0,0,462,308,205,203,153,102,0.5158,30.41642414269459,94,0.46296,29.786638947888942,92,0.01978,15.559876267636048,48,0.00054,6.075269078157644,19,0.0003,5.098663518733509,16,0.00044,6.5698948582576495,20,0.00018,3.256865904331786,10,COOK:9600061,COOK:9600061,COOK:WHEELING PRECINCT 61,1.0,88.40516404,0.879789618,0.879789618,0.879789618,0.879789618,6.316098254,0.879789618,0.879789618,21.825418335095172,20.426658674275423,10.468497131591088,3.9640897291856554,3.782447143774218,5.568445280627905,2.571510966293155,30.1209807135422,29.448554554166623,15.52658189266445,5.938562007476885,5.092827276614988,6.4764471250593605,3.208723872541921,19.508616701284236,22.31823664548347,13.883521048485646,7.248961106725854,3.492804323843467,0.001663528911988564,0.0020460730692037693,1.0,0.3,0.2,1.0,1.0,1.000000001,1.0,1.4,1.000000008,715.9542194,715.0111032,3.42333016,1.346663473,2.076666688,0.004781493,0.001880935,0.002900558,1981.17,308,0.9999999999999996
COOK:9600063,COOK:9600063,COOK:Wheeling Precinct 63,,,,,,,,,,0.677598911,0.165824454,0.030365829,0.119197785,0.009931501,1.51e-06,0.4478,0.7528,0.2472,0.589,0.0161,0.0,0.0008,0.3626,0.079295317,0.079793601,0.102032558,0.142150263,0.109084515,0.167113522,0.171372603,0.08462965,0.06452797,0.012261857,0.01556786,0.003374533,0.054459803,0.026684296,0.025563609,0.035596368,0.014450143,0.033377519,0.086768359,0.07009876,0.177882923,0.091316782,0.078950554,0.115686125,0.157960509,,0.089803689,0.195121951,82.0,-0.235294118,68.0,0.227665706,347.0,53.2,92118,190.7925156,0.436847447,-0.89900549,-0.509304518,-0.275321944,-0.406311323,-0.311696126,-0.445833001,-0.073575971,-0.406311323,complete,COOK,Wheeling Precinct 63,0,0,0,Wheeling,1,0,0,257,0,114,164,123,82,0.17506,24.555754085951882,0,0.7893,33.38174344641924,0,0.03402,17.613538034408926,0,0.00084,7.358387559106772,0,0.00014,4.048144536761287,0,0.00058,6.4226201675129655,0,6e-05,3.173084793849413,0,COOK:9600063,COOK:9600063,COOK:WHEELING PRECINCT 63,1.0,80.22215185,2.341064065,2.341064065,2.341064065,2.341064065,5.731463753,2.341064065,2.341064065,19.037701354446163,24.77012670922821,12.982243348247575,5.458349507397342,3.2536438729260704,5.570284979162433,2.573695353045065,24.39249576015483,33.10743854511547,17.55279830743264,7.243144756662859,4.02708382237235,6.378547407314164,3.1111688430141062,16.720899720635227,26.66170468043626,16.397267265142133,8.743220884937541,2.9640010529953194,0.0035032274465172587,0.004230459821114003,1.0,0.3,0.2,1.0,1.0,1.0,1.0,1.4,1.0,505.6887668,505.4998589,2.041481837,0.301033917,1.74044792,0.004037032,0.000595295,0.003441737,1505.79,0,0.133923246014375
COOK:9600065,COOK:9600065,COOK:Wheeling Precinct 65,,,,,,,,,,0.812310448,0.062352905,0.009877285,0.11545265,0.009116181,2.27e-10,0.4538,0.9959,0.0041,0.7663,0.0927,0.0,0.0021,0.1389,0.081754255,0.20251869,0.034718139,0.097284002,0.179018721,0.119263219,0.173972028,0.075559672,0.035911274,3.15e-05,2.7e-05,0.004898442,4.63e-05,9.75e-05,2.96e-05,0.021240515,0.006620359,0.024504332,7.79e-05,0.026329751,0.032735587,0.163345343,0.102829314,0.192798414,0.424388106,,-0.133830132,0.193548387,124.0,-0.479289941,169.0,0.046296296,648.0,52.0,180391,292.1324655,-0.515871596,-0.908664615,-1.365674973,-0.852315204,-0.995611935,-0.910631597,-1.08662061,-0.652303861,-0.995611935,complete,COOK,Wheeling Precinct 65,0,0,0,Wheeling,1,0,0,422,281,187,234,176,117,0.5161,30.38981451824095,85,0.46276,29.723253954168825,84,0.01926,15.635499053114296,44,0.00074,6.001131003849437,17,0.0006,5.141149713826974,14,0.00046,6.563965135609591,18,8e-05,3.1960802750104405,9,COOK:9600065,COOK:9600065,COOK:WHEELING PRECINCT 65,1.0,88.64690069,0.8366217,0.8366217,0.8366217,0.8366217,6.333369105,0.8366217,0.8366217,21.82478119839923,20.425691132005007,10.467825167534723,3.963616232837701,3.78234533423161,5.569630593045556,2.57331076004369,30.120306903520053,29.44743409887455,15.52578402916981,5.937966766775506,5.093003470554588,6.477645472178237,3.21053670099368,19.507979564588293,22.317269103213054,13.882849084429282,7.2484876103779,3.4927025143008588,0.0028488413296398306,0.0038458668197385738,1.0,0.3,0.2,1.0,1.000000008,1.000000013,1.000000006,1.399999994,1.000000113,540.7232724,539.3661747,3.141933898,2.669963514,0.471970384,0.005810613,0.004937763,0.00087285,1951.42,281,1.0000000000000007
COOK:9600066,COOK:9600066,COOK:Wheeling Precinct 66,,,,,,,,,,0.781291394,0.076236334,0.015684174,0.111842986,0.012106875,0.002136992,0.3652,0.9308,0.0692,0.654,0.036,0.0,0.0053,0.3009,0.159110734,0.101613208,0.122869169,0.084257396,0.123386689,0.180944266,0.106457369,0.088945038,0.032416133,0.022863654,0.020302799,0.006359366,0.011445548,1.34e-05,1.31e-05,0.035552761,0.003813101,0.003872124,0.091443591,0.083844109,0.082710627,0.17528234,0.064903769,0.181748231,0.215831524,,-0.295111584,0.258741259,143.0,-0.194244604,139.0,0.060240964,581.0,51.4,119649,260.9280821,-1.202958683,-0.508486396,-0.365229958,-0.80795282,-0.637384092,-0.721156964,-0.56619869,-0.497271005,-0.637384092,complete,COOK,Wheeling Precinct 66,0,0,0,Wheeling,1,0,0,410,273,182,218,164,109,0.51608,30.399663334591555,83,0.46388,29.718524427063763,81,0.01842,15.590807487563255,43,0.00062,5.930015720270572,16,0.00048,5.116602704743172,14,0.00034,6.54821277165359,18,0.00018,3.2923224309559047,9,COOK:9600066,COOK:9600066,COOK:WHEELING PRECINCT 66,1.0,84.6313165,1.553701235,1.553701235,1.553701235,1.553701235,6.046476088,1.553701235,1.553701235,21.824821439483507,20.425752241261925,10.467867608289426,3.963944446816204,3.7823517644473084,5.569711933673354,2.573269310038767,30.120161323557717,29.44728681882413,15.525700533805374,5.938368990631207,5.092958646229183,6.477716345418049,3.2104847836007724,19.50801980567257,22.317330212469972,13.882891525183984,7.248815824356403,3.4927089445165573,0.0029301819574376986,0.003804416814815749,1.0,0.3,0.2,1.0,1.0,1.0,1.0,1.4,1.0,516.1635096,514.5715952,2.791696797,0.398122912,2.393573885,0.005408551,0.000771312,0.00463724,2138.71,273,0.9989040344194687
COOK:9600067,COOK:9600067,COOK:Wheeling Precinct 67,,,,,,,,,,0.762270365,0.06805901,0.019886044,0.150812438,0.00628059,4.61e-06,0.358,0.932,0.068,0.7964,0.0412,0.0,0.0062,0.1419,0.127335745,0.128141972,0.034850793,0.19143938,0.102853294,0.083114119,0.195378017,0.103626869,0.033259811,0.038011728,0.026823974,0.006710946,0.020116842,0.026829262,0.011182656,0.008956778,0.008948878,0.01343375,0.078273149,0.07605791,0.114059985,0.098465542,0.06945148,0.252804588,0.149872532,,-0.120303605,,,-0.565217391,69.0,,,53.3,117924,183.0657159,-0.458246234,,-1.667260995,,,,,-0.61961039,-0.61961039,demographic_only,COOK,Wheeling Precinct 67,0,0,0,Wheeling,1,0,0,254,169,113,151,114,76,0.51372,30.375997025268997,51,0.46562,29.774709294933444,50,0.01948,15.610921410311096,26,0.0004,5.987359499196055,10,0.00032,5.112748407569518,9,0.00026,6.612453658199654,11,0.0002,3.229818270746275,5,COOK:9600067,COOK:9600067,COOK:WHEELING PRECINCT 67,1.0,84.35427222,1.603174183,1.603174183,1.603174183,1.603174183,6.026682686,1.603174183,1.603174183,21.824387002094817,20.425092513859497,10.467409423551677,3.9639606729718553,3.7822823446946616,5.570697705150394,2.5745786114545584,30.119488026813062,29.446274974646908,15.5250043146368,5.9383775888878345,5.093040484184963,6.47870004238769,3.2117920105091637,19.50758536828388,22.316670485067544,13.882433340446235,7.248832050512054,3.4926395247639106,0.0039159534344781425,0.005113718230607131,1.0,0.3,0.2,1.0,1.000000043,1.000000068,1.000000034,1.399999966,1.000001713,304.9580116,304.1305822,1.912126031,1.278893884,0.633232147,0.006270129,0.004193672,0.002076457,1459.48,169,1.0000000000000002
COOK:9600068,COOK:9600068,COOK:Wheeling Precinct 68,,,,,,,,,,0.454275528,0.357556685,0.023627085,0.162418186,0.014768575,6.61e-07,0.2402,0.7989,0.2011,0.8378,0.0258,0.0,0.0047,0.1045,0.130850669,0.075638195,0.142135275,0.138671124,0.159210807,0.131235436,0.160191869,0.051856924,0.010209701,0.023407306,0.007116837,0.015254853,0.001033962,0.035581976,0.00102828,0.002045054,0.155417765,0.013250238,0.002083146,0.149431746,0.124048911,0.067238908,0.073292511,0.17288759,0.156880918,,0.127994262,,,-0.165048544,103.0,,,46.1,94014,315.9072338,0.599545943,,-0.262758355,,,,,-0.172006367,-0.172006367,demographic_only,COOK,Wheeling Precinct 68,0,0,0,Wheeling,1,0,0,480,170,213,254,191,127,0.17394,24.48562662516509,42,0.79028,33.45659345829036,57,0.034,17.594695248463825,30,0.00118,7.376063737806922,13,0.0002,4.027614359833509,7,0.00036,6.479282002808448,11,4e-05,3.1413750846806368,5,COOK:9600068,COOK:9600068,COOK:WHEELING PRECINCT 68,1.0,73.48471662,3.544195837,3.544195837,3.544195837,3.544195837,5.250108355,3.544195837,3.544195837,19.0372195268303,24.769395016032124,12.981735182823606,5.457760922918721,3.253566880579688,5.571060656987484,2.575000618785367,24.392067716277143,33.10680696339617,17.552330155268834,7.2424641371281675,4.027184272315382,6.3793365870327765,3.1124876106479697,16.720417893019363,26.66097298724017,16.396759099718164,8.74263230045892,2.963924060648937,0.004278905271567815,0.005535725561416118,1.0,0.3,0.2,1.0,1.000000001,1.000000002,1.000000001,1.399999999,1.000000011,653.3906218,651.3186085,4.307026558,3.127732654,1.179293904,0.00659181,0.004786926,0.001804883,2978.0,199,0.8537074419266775
COOK:9600069,COOK:9600069,COOK:Wheeling Precinct 69,,,,,,,,,,0.887945434,0.033288266,0.006124043,0.067886069,0.006101334,2.19e-06,0.4299,0.9986,0.0014,0.8441,0.0327,0.0,0.0223,0.0992,0.038266156,0.039096678,0.132413228,0.037596502,0.083853041,0.134959158,0.183701463,0.156804962,0.193308811,0.019417474,0.019395468,2e-05,0.035577163,0.067850741,0.022620149,0.024230971,0.040427454,0.022639116,0.059806585,0.144010906,0.056692902,0.142341241,0.022797053,0.187536466,0.134636291,,-0.441936508,,,-0.365853659,246.0,,,63.4,94405,320.6621874,-1.828458442,,-0.96753914,,,,,-0.811593527,-0.811593527,demographic_only,COOK,Wheeling Precinct 69,0,0,0,Wheeling,1,0,0,512,341,227,252,189,126,0.54308,32.00646144107595,109,0.44716,30.839265999727957,105,0.00908,14.342130689475724,49,0.00016,4.549142201570847,16,0.00032,4.7958666888609125,16,0.00014,6.499862761432381,22,6e-05,3.245271486271854,11,COOK:9600069,COOK:9600069,COOK:WHEELING PRECINCT 69,1.0,86.91471591,1.145945126,1.145945126,1.145945126,1.145945126,6.209613334,1.145945126,1.145945126,22.791771736022337,21.03595292024908,9.549069110063881,2.8818179533589,3.535324373157195,5.56846567914157,2.5717303338250384,31.822357521922726,30.67294797392217,14.373269293999625,4.450527477779738,4.779472820603216,6.490813318669085,3.2232890351698624,20.4749701022114,22.927530891457128,12.96409302695844,6.166689330899099,3.245681553226444,0.0016839274256542915,0.0022654406010872864,1.0,0.3,0.2,1.0,1.000000002,1.000000004,1.000000002,1.399999998,1.000000046,382.4119158,381.5892541,2.262524476,1.439657922,0.822866554,0.005916459,0.003764679,0.002151781,998.15,341,1.0000000000000004
COOK:9600070,COOK:9600070,COOK:Wheeling Precinct 70,,,,,,,,,True,0.790144541,0.099855954,0.019668577,0.083538604,0.007483531,3.81e-06,0.3794,0.9082,0.0918,0.8457,0.0488,0.0,0.0,0.1034,0.069650447,0.092415213,0.129503704,0.065936671,0.234571608,0.110623257,0.131944216,0.066335338,0.099019545,0.051989432,0.06385303,0.041402387,0.01899372,0.082712645,0.022518889,0.002421968,0.002440561,0.000100088,0.113498969,0.083978109,0.060547932,0.046313443,0.106362865,0.267185731,0.035680229,,-0.216535474,0.219047619,210.0,-0.247311828,186.0,0.124816446,681.0,48.2,81644,282.9197427,-0.868210764,-0.752140796,-0.551483977,-0.602517858,-0.66191567,-0.693588349,-0.633494796,-0.595263135,-0.66191567,complete,COOK,Wheeling Precinct 70,0,0,0,Wheeling,1,0,0,459,306,204,227,171,114,0.51814,30.3868278831947,93,0.46144,29.74169183599783,91,0.01902,15.646575378373594,48,0.0006,5.944461411305464,18,0.00028,5.171639931588171,16,0.00032,6.49455716465186,20,0.0002,3.308013935535476,10,COOK:9600070,COOK:9600070,COOK:WHEELING PRECINCT 70,1.0,84.9990711,1.48802977,1.48802977,1.48802977,1.48802977,6.072750279,1.48802977,1.48802977,21.825136981046796,20.426231415986127,10.468200398081896,3.9643070892580354,3.782402185561705,5.569192008673195,2.5724089882290317,30.12041421111444,29.447748057924944,15.526038161195888,5.938820410931604,5.092856914719003,6.477185822403703,3.2096138637768497,19.50833534723586,22.317809387194174,13.883224314976454,7.249178466798234,3.492759365630954,0.0024102569572788065,0.0029440950050803293,1.0,0.3,0.2,1.0,1.0,1.0,1.0,1.4,1.0,454.4274932,452.9400845,4.751726587,1.190950729,3.560775858,0.010456512,0.002620772,0.00783574,1918.93,306,0.9988321759167998
COOK:9600072,COOK:9600072,COOK:Wheeling Precinct 72,,,,,,,,,,0.706153575,0.144718807,0.027976307,0.107989393,0.022195216,0.001645345,0.2121,0.9412,0.0588,0.7342,0.0496,0.0,0.0101,0.2037,0.112084406,0.153046193,0.159592443,0.139164649,0.105521528,0.210921142,0.080707962,0.007450429,0.03151125,0.022549671,5.56e-06,3.48e-05,1.28e-05,1.07e-05,1.07e-05,1.24e-05,0.010014314,0.082601635,0.05259858,0.047655573,0.2104388,0.135347192,0.140366831,0.29301715,0.005323291,,-0.064107328,0.171171171,111.0,-0.30952381,84.0,0.14739229,441.0,44.6,113679,215.1616531,-0.218840303,-1.046024331,-0.76983404,-0.530696982,-0.696448288,-0.641348914,-0.722145313,-0.541869336,-0.696448288,complete,COOK,Wheeling Precinct 72,0,0,0,Wheeling,1,0,0,330,220,147,165,124,83,0.50026,29.909287205581087,66,0.46766,29.41977095497149,65,0.03064,16.73692808333163,37,0.00042,5.506612812880288,12,0.00042,5.2928207656055015,12,0.00044,6.5367266341930215,14,0.00016,3.217706229470391,7,COOK:9600072,COOK:9600072,COOK:WHEELING PRECINCT 72,1.0,85.48928717,1.400489851,1.400489851,1.400489851,1.400489851,6.107773718,1.400489851,1.400489851,21.824864399925445,20.670352502353104,11.540530243267982,3.745007253614294,3.919040560206853,5.569968544287578,2.5733035565636357,29.618232214726188,29.216874810014698,16.703362488364036,5.438555144141247,5.198625846080092,6.452240432323409,3.1847865064167764,19.50806276611451,22.56193047356115,14.95555416016254,7.029878631154493,3.629397740276102,0.003186792571662429,0.0038386633396843743,1.0,0.3,0.2,1.0,1.0,1.0,1.0,1.4,1.0,462.9069155,462.9055919,1.728145705,0.691980809,1.036164896,0.003733247,0.00149486,0.002238387,1348.87,220,0.9993920219622404
COOK:9600075,COOK:9600075,COOK:Wheeling Precinct 75,,,,,,,,,,0.794583025,0.059179298,0.012184757,0.124480855,0.006958913,0.000872911,0.3635,0.9597,0.0403,0.7968,0.0149,0.0,0.0062,0.1603,0.123052719,0.121228239,0.033677009,0.192672507,0.123096118,0.073478421,0.192753879,0.115655455,0.024385654,0.033963401,0.026806348,0.003579657,0.012526783,0.007197104,0.008952434,0.019672483,0.003605014,0.008970139,0.09830506,0.062662536,0.089437635,0.071670527,0.093051799,0.312904091,0.146694988,,-0.269180595,0.259259259,108.0,-0.47761194,134.0,-0.049429658,526.0,52.0,139146,241.0167136,-1.092488152,-0.505306718,-1.359785567,-1.156849636,-1.05533726,-1.028607518,-1.12157287,-0.662202698,-1.05533726,complete,COOK,Wheeling Precinct 75,0,0,0,Wheeling,1,0,0,354,236,157,192,144,96,0.51676,30.36900345359269,72,0.46146,29.700850394971823,70,0.0201,15.593700402244837,37,0.0008,6.013368912161209,14,0.00042,5.11956235725414,12,0.00024,6.588568134095316,16,0.00022,3.3401839449694686,8,COOK:9600075,COOK:9600075,COOK:WHEELING PRECINCT 75,1.0,89.09420215,0.756745222,0.756745222,0.756745222,0.756745222,6.365326514,0.756745222,0.756745222,21.82468055059426,20.42553829038349,10.467719018088735,3.9636909794436654,3.7823292514866447,5.569896141934751,2.5736312778303465,30.120106147420074,29.44714779217691,15.525590871887193,5.938055529223646,5.093014412630796,6.4779082455074555,3.21085444322036,19.507878916783323,22.317116261591536,13.882742934983293,7.248562356983864,3.4926864315558936,0.0031143902188352974,0.0041663846063953285,1.0,0.3,0.2,1.0,1.000000012,1.00000002,1.00000001,1.39999999,1.000000426,290.1028879,289.4574713,1.710276149,1.16178859,0.548487559,0.005895412,0.004004747,0.001890666,1553.19,236,1.0000000000000004
COOK:9600077,COOK:9600077,COOK:Wheeling Precinct 77,,,,,,,,,,0.203435339,0.556556814,0.017720622,0.21960578,0.029756111,0.001002173,0.295,0.2286,0.7714,0.7646,0.0186,0.0,0.0102,0.1721,0.132306993,0.149749655,0.160017118,0.217246005,0.133024645,0.118744079,0.07523041,0.012626739,0.001054357,0.045106766,0.014987776,0.017755005,0.013664655,0.068798327,0.022468627,0.073581551,0.069461341,0.063341325,0.144484307,0.070341409,0.15220246,0.042402567,0.125434638,0.054676876,0.021292367,,0.506344389,-0.257142857,35.0,-0.0625,32.0,0.372972973,185.0,37.6,57671,123.3316105,2.211383408,-3.675175945,0.097163968,0.186946272,-0.506342518,-0.294920574,-0.42792561,0.503987894,-0.506342518,complete,COOK,Wheeling Precinct 77,0,0,0,Wheeling,1,0,0,174,116,77,89,67,45,0.49258,29.580768372568755,34,0.46736,29.268335093817576,34,0.03852,17.523008530739055,20,0.00048,5.131554068234026,6,0.0004,5.291301150138482,6,0.00048,6.5076466634692025,8,0.00018,3.1962941136313123,4,COOK:9600077,COOK:9600077,COOK:WHEELING PRECINCT 77,1.0,82.35945473,1.95939702,1.95939702,1.95939702,1.95939702,5.884163147,1.95939702,1.95939702,21.823620083436126,20.83305379010669,12.261171879142216,3.5960519196642933,4.010839181569585,5.572170875979442,2.576766476312332,29.28930735637753,29.06450911599268,17.471647468849476,5.110012306735924,5.268050540287793,6.437671995836416,3.1714786579866154,19.50681844962519,22.724631761314736,15.676195796036774,6.880923297204492,3.721196361638834,0.005389124263525971,0.0073015830883806825,1.0,0.3,0.2,1.0,1.000000001,1.000000002,1.000000001,1.399999999,1.000000109,855.7541352,852.4792911,11.05750083,6.264003417,4.793497411,0.012921352,0.007319863,0.005601489,4889.76,116,0.9987271941644681
COOK:9600079,COOK:9600079,COOK:Wheeling Precinct 79,,,,,,,,,True,0.487115801,0.16354556,0.036379798,0.302322489,0.022388715,0.000560104,0.3592,0.7412,0.2588,0.7149,0.08,0.0,0.0,0.198,0.149264061,0.107747537,0.092181312,0.207119956,0.177061088,0.110528723,0.082908377,0.040943154,0.032245791,0.038343808,0.020734342,0.055929533,0.025887696,0.039371853,0.006293715,0.007261017,0.007254366,6.52e-05,0.09322596,0.067331686,0.094323612,0.113010701,0.219524835,0.14713646,0.064305222,,-0.196982415,0.280898876,89.0,-0.247311828,93.0,0.13368984,374.0,43.1,109729,201.4911613,-0.784911325,-0.37247466,-0.551483977,-0.574288795,-0.547446955,-0.570789689,-0.543585812,-0.104232677,-0.547446955,complete,COOK,Wheeling Precinct 79,0,0,0,Wheeling,1,0,0,311,207,138,158,119,79,0.49718,29.789451061051025,62,0.4691,29.40413197335065,61,0.03228,16.95700252575762,35,0.0005,5.400810288357234,11,0.00038,5.2337664177788445,11,0.00042,6.536851879448532,14,0.00014,3.292477818805088,7,COOK:9600079,COOK:9600079,COOK:WHEELING PRECINCT 79,1.0,83.13158583,1.821514365,1.821514365,1.821514365,1.821514365,5.939327977,1.821514365,1.821514365,21.82269794496061,20.702332044168728,11.692949786931964,3.7127455368367634,3.938408117419428,5.574534685267716,2.5796710942090466,29.544418999738213,29.17983575410643,16.866694259756017,5.367023023223807,5.213995228583238,6.45318135295004,3.187528823708679,19.505896311149673,22.593910015376775,15.107973703826522,6.997616914376962,3.648765297488677,0.007752933551800061,0.010206200985095192,1.0,0.3,0.2,1.0,1.0,1.0,1.0,1.4,1.0,630.3279322,628.2684794,6.587949266,1.647932273,4.940016993,0.010451622,0.002614405,0.007837217,3341.25,207,0.9997461007247793
COOK:9600008,COOK:9600008,COOK:Wheeling Precinct 8,,,,,,,,,,0.81802713,0.048160661,0.015001427,0.101318551,0.016869084,0.001873221,0.427,0.6811,0.3189,0.7455,0.0124,0.0739,0.0,0.1596,0.176439265,0.068072296,0.076260807,0.215073604,0.093829879,0.110902861,0.111344895,0.082841239,0.065235154,0.044589257,0.081676272,0.02284128,0.00986731,0.065333124,0.001112217,0.006570744,2.84e-05,0.002230622,0.095802386,0.010942678,0.057878894,0.149185332,0.079472736,0.143849364,0.228619413,,-0.196319148,,,-0.373493976,166.0,,,47.6,116947,316.7987876,-0.782085692,,-0.994354934,,,,,-0.336622028,-0.336622028,demographic_only,COOK,Wheeling Precinct 8,0,0,0,Wheeling,1,0,0,489,326,217,264,198,132,0.17352,24.570560225328446,80,0.78974,33.46438821601608,109,0.03482,17.60221314754863,57,0.00082,7.268428720809003,24,0.0002,4.096437901715179,13,0.00066,6.417198421474449,21,0.00024,3.13861258265532,10,COOK:9600008,COOK:9600008,COOK:WHEELING PRECINCT 8,1.0,78.49168666,2.650080417,2.650080417,2.650080417,2.650080417,5.607830837,2.650080417,2.650080417,19.03790067487106,24.770429392997134,12.982453563986336,5.457627053681037,3.253675722796625,5.569458303537394,2.5729215325052888,24.393137152568322,33.10844987070993,17.553447304883775,7.242358383553623,4.027124609404299,6.377742915080638,3.110417205865843,16.721099041060125,26.66200736420518,16.397477480880895,8.742498431221236,2.964032902865874,0.0026765518214781443,0.0034566392813375544,1.0,0.3,0.2,1.0,1.0,1.0,1.0,1.4,1.0,627.5466517,627.0939105,3.169332015,1.358211764,1.811120251,0.005050353,0.00216432,0.002886033,2658.86,326,0.9997847493443587
COOK:9600080,COOK:9600080,COOK:Wheeling Precinct 80,,,,,,,,,,0.533655232,0.304418839,0.040944906,0.113924756,0.023597422,0.001412798,0.1205,0.5951,0.4049,0.9387,0.009,0.0,0.0022,0.0493,0.126623455,0.1676019,0.103196515,0.16278691,0.170591031,0.12020691,0.10866861,0.038641701,0.001682969,0.060341119,0.010083186,0.012830032,0.029222605,0.08962815,0.037473212,0.07411173,0.031233988,0.054001697,0.083429656,0.166210085,0.108090611,0.126912242,0.058733402,0.043033487,0.014664799,,0.196063085,0.269230769,52.0,-0.114754098,61.0,0.363934426,305.0,43.7,61592,193.1699924,0.889530989,-0.444097863,-0.086236162,0.158191805,0.031770477,0.129347192,-0.011346194,-0.486396883,0.031770477,complete,COOK,Wheeling Precinct 80,0,0,0,Wheeling,1,0,0,264,176,117,169,127,85,0.16582,24.137150990420537,42,0.78178,33.14510997653291,58,0.05082,18.757045439189135,33,0.00072,6.769969232934183,12,0.00018,4.103325567725044,7,0.00056,6.448353995575696,11,0.00012,3.0950891383909274,5,COOK:9600080,COOK:9600080,COOK:WHEELING PRECINCT 80,1.0,65.45992531,5.037303767,5.037303767,5.037303767,5.037303767,4.676777929,5.037303767,4.676777929,19.037760138976907,25.035912685064957,14.147745325526671,5.220323841549286,3.4021634412831077,5.570462215067014,2.5736618106728835,23.987324152458413,32.80817091720287,18.708636797818258,6.714030099955248,4.1531277966921145,6.354488510258173,3.0868991676813526,16.72095850516597,26.927490656273005,17.56276924242123,8.505195219089485,3.1125206213523566,0.0036804633510979894,0.004196917448932252,1.0,0.3,0.2,1.0,1.000000003,1.000000004,1.000000002,1.399999998,1.000000359,463.7996418,461.8955202,6.638805954,3.694244295,2.944561659,0.014313952,0.007965173,0.00634878,3336.04,176,1.0000000000000002
LAKE:CUBA 66,LAKE:CUBA 66,LAKE:Cuba 66,,,,,,,,,,0.915433564,0.025389411,0.010865475,0.026575202,0.006046377,0.0,0.4096,0.9642,0.0358,0.7346,0.0001,0.0,0.0499,0.2155,0.058315691,0.241834615,0.097481515,0.083177603,0.13578257,0.244663695,0.096626818,0.01630888,0.025808612,0.021196999,0.012109883,2.94e-06,2.18e-05,1.33e-05,4.92e-06,0.012131996,2.71e-05,1.15e-05,0.012137177,0.015158031,0.093929957,0.054556345,0.042554665,0.321052984,0.415090395,,0.15233682,,,,,-0.195121951,410.0,50.3,186776,179.202316,0.703249481,,,-1.620342741,,,,-0.683537202,-0.748995658,mc_lake_2race,LAKE,Cuba 66,0,0,0,,0,1,0,176,117,78,142,107,71,0.5172,30.408502753640988,36,0.46174,29.706246041731752,35,0.01954,15.607235975369438,18,0.00062,6.046308413352869,7,0.00042,5.162698652375466,6,0.00022,6.556968150179141,8,0.00026,3.2370136752205596,4,LAKE:CUBA 66,LAKE:CUBA 66,LAKE:CUBA 66,1.3,86.17761068,1.277573066,1.277573066,1.277573066,1.277573066,6.156950923,1.277573066,1.277573066,21.82577201773183,20.42719576922453,10.468870147335915,3.964141767183423,3.7825036595387256,5.567676913823785,2.5704608396725255,30.121487705000515,29.449330620343265,15.527119411180681,5.93863476090321,5.092753281452713,6.475678337760002,3.2076733254260508,19.508970383920893,22.318773740432576,13.883894064230473,7.249013144723622,3.4928608396079746,0.0008951621078689767,0.0009959464485744308,1.0,0.3,0.2,1.0,1.0,1.0,1.0,1.4,1.0,339.9411601,337.9343503,3.441340896,1.720455123,1.720885773,0.010123343,0.005061038,0.005062305,844.81,117,1.0000000000000004
LAKE:CUBA 67,LAKE:CUBA 67,LAKE:Cuba 67,,,,,,,,,,0.86283746,0.037966174,0.019083523,0.069150391,0.009058429,1.69e-09,0.4478,0.9645,0.0355,0.7352,0.0219,0.0,0.023,0.2077,0.104930597,0.183816746,0.076948867,0.08140874,0.120106268,0.181399745,0.118908895,0.076477478,0.056002664,0.030486365,0.008593428,0.010142556,0.008227695,1.41e-07,0.008330507,0.010353255,0.054747635,0.018266721,0.026448407,0.043265107,0.063786382,0.090316117,0.049123739,0.198566045,0.379345899,,-0.358459891,,,,,-0.173202614,612.0,52.9,169619,258.2534206,-1.472833509,,,-1.550610422,,,,-0.599344866,-1.521444079,mc_lake_2race,LAKE,Cuba 67,0,0,0,,0,1,0,320,213,142,185,139,93,0.51598,30.400893096937597,65,0.46274,29.763314600015356,63,0.01978,15.556848251218888,33,0.00062,5.963695606632202,13,0.00046,5.1138257907919735,11,0.0003,6.519027580660223,14,0.00012,3.2045923686939903,7,LAKE:CUBA 67,LAKE:CUBA 67,LAKE:CUBA 67,1.3,91.33140718,0.357238236,0.357238236,0.357238236,0.357238236,6.525163407,0.357238236,0.357238236,21.825297383037658,20.426474999046725,10.46836956801531,3.964352521315708,3.782427816565895,5.568854971161107,2.5719380209899083,30.12063037270668,29.448084060594386,15.52627213714901,5.938880091119537,5.092820891934977,6.476847888457861,3.2091420001039714,19.50849574922672,22.318052970254772,13.883393484909869,7.249223898855907,3.492784996635144,0.002073219445191173,0.0024731277659569366,1.0,0.3,0.2,1.0,1.0,1.0,1.0,1.4,1.0,566.0990945,562.965743,5.300271116,2.699967729,2.600303387,0.009362797,0.004769426,0.004593371,2315.04,213,0.999999849762609
LAKE:CUBA 68,LAKE:CUBA 68,LAKE:Cuba 68,,,,,,,,,,0.896566851,0.029693332,0.019220395,0.038799342,0.013599104,5.08e-06,0.5181,0.9772,0.0228,0.7903,0.029,0.0,0.0282,0.1416,0.10414356,0.161496986,0.085806432,0.065076695,0.142745507,0.160856187,0.144275571,0.097030446,0.038568615,0.012786554,0.007019553,0.011246367,0.013460496,0.002121674,0.000593103,0.000820003,0.022860285,0.016140397,0.058616784,0.051561818,0.080295043,0.065544298,0.066690682,0.172035939,0.418207001,,-0.275497036,,,,,-0.076655052,574.0,53.2,176228,231.5068063,-1.119397291,,,-1.243462196,,,,-0.614638459,-1.196937857,mc_lake_2race,LAKE,Cuba 68,0,0,0,,0,1,0,347,231,154,178,134,89,0.51738,30.399623198915048,70,0.46104,29.731613346731546,69,0.01966,15.579517141348742,36,0.00084,5.970035341948857,14,0.00044,5.125758493901861,12,0.00036,6.614789964319271,15,0.00028,3.3001258032115643,8,LAKE:CUBA 68,LAKE:CUBA 68,LAKE:CUBA 68,1.3,89.97903874,0.598736281,0.598736281,0.598736281,0.598736281,6.428543577,0.598736281,0.598736281,21.82563574115651,20.426988822508182,10.46872642156887,3.9645213137225577,3.7824818835903464,5.568182213611111,2.5709622081096493,30.12104034049332,29.44873950971421,15.526732949724273,5.939095156729274,5.092736666140263,6.476170881474619,3.2081619377904675,19.508834107345574,22.31856679371623,13.883750338463429,7.249392691262757,3.4928390636595954,0.0014004618951953718,0.001497314885698026,1.0,0.3,0.2,1.0,1.0,1.0,1.0,1.4,1.0,251.1172345,249.8085199,2.185209759,1.133456936,1.051752823,0.008701951,0.004513656,0.004188294,1115.27,231,0.9999999999999994
LAKE:CUBA 69,LAKE:CUBA 69,LAKE:Cuba 69,,,,,,,,,,0.882606229,0.04122231,0.009269782,0.052695809,0.01107477,0.001295679,0.5531,0.9997,0.0003,0.6281,0.0654,0.0,0.0,0.3036,0.08480073,0.135668581,0.06695083,0.069184205,0.116925069,0.207879617,0.139520118,0.13051812,0.04855273,0.032007781,0.04397548,4.58e-05,0.066103509,0.008050121,6.83e-05,0.006929116,0.006858849,0.015617906,0.004335178,0.048901179,0.06182958,0.107101339,0.069586101,0.160764971,0.367824758,,-0.20713355,,,,,-0.263513514,592.0,55.3,158892,248.1491441,-0.828156929,,,-1.83791786,,,,-0.481785331,-1.459257511,mc_lake_2race,LAKE,Cuba 69,0,0,0,,0,1,0,273,182,121,138,104,69,0.51558,30.529119129052795,56,0.46464,29.842005207006196,54,0.01844,15.602156661458583,28,0.00044,5.976105867056354,11,0.00036,5.1143473386155325,9,0.00028,6.425300070018608,12,0.00026,3.2890009111743805,6,LAKE:CUBA 69,LAKE:CUBA 69,LAKE:CUBA 69,1.3,91.12817013,0.393531119,0.393531119,0.393531119,0.393531119,6.510643156,0.393531119,0.393531119,21.85999725901536,20.448519868567153,10.435730343240255,3.925280297515026,3.773631925160709,5.568214719141154,2.5712815994839118,30.181373673380445,29.49213719428034,15.485955608865705,5.8857278376141755,5.081746303172747,6.476729441296479,3.209007383456546,19.543195625204422,22.3400978397752,13.850754260134813,7.210151675055225,3.483989105229958,0.0014329674252384064,0.0018167062599604251,1.0,0.3,0.2,1.0,1.0,1.0,1.0,1.4,1.0,612.8806243,611.7278164,1.155659901,1.154074524,0.001585376,0.00188562,0.001883033,2.59e-06,1635.29,182,1.0
LAKE:CUBA 70,LAKE:CUBA 70,LAKE:Cuba 70,,,,,,,,,,0.933925273,0.014492898,0.005442812,0.028963811,0.006335974,1.09e-07,0.5123,0.9728,0.0272,0.7849,0.0,0.0,0.0,0.2,0.040882045,0.087307716,0.027271761,0.040041835,0.045713945,0.141642977,0.216690491,0.175887811,0.224561419,0.057754398,1.14e-05,0.017332775,0.02166531,0.030310412,0.010107224,7.37e-06,0.167451985,0.007238255,0.031806309,0.086653405,0.070810994,0.147309242,0.080898137,0.109926542,0.160716258,,-0.49753386,,,,,-0.080058224,687.0,67.2,99594,270.1408048,-2.065312849,,,-1.254288758,,,,-0.770123759,-1.558422793,mc_lake_2race,LAKE,Cuba 70,0,0,0,,0,1,0,384,256,171,205,154,103,0.5601,33.69247195012936,86,0.43588,32.10675701961078,82,0.00372,13.07130997977335,33,4e-05,2.823093567102969,7,0.00014,4.439034640112697,11,8e-05,6.475004558694944,17,4e-05,3.2153161017784244,8,LAKE:CUBA 70,LAKE:CUBA 70,LAKE:CUBA 70,1.3,91.44232853,0.337430549,0.337430549,0.337430549,0.337430549,6.533088172,0.337430549,0.337430549,23.839204260259706,21.696856408831454,8.553601806381602,1.7099828409164042,3.267695871876151,5.567579060241407,2.570467910954049,33.70407940876983,32.027776945463145,13.098531627057193,2.805878007811423,4.432775438194466,6.505768051120217,3.2378679636501686,21.52240262644877,23.5884343800395,11.96862572327616,4.994854218456603,2.9780530519454,0.0007973085254907443,0.0010030177300974794,1.0,0.3,0.2,1.0,1.0,1.0,1.0,1.4,1.0,123.4651675,123.2326612,0.232726919,0.232462164,0.000264756,0.00188496,0.001882816,2.14e-06,904.86,256,0.9999999999999997
LAKE:CUBA 71,LAKE:CUBA 71,LAKE:Cuba 71,,,,,,,,,,0.892187513,0.040939353,0.008011085,0.038033377,0.011728428,0.001135103,0.5945,0.9859,0.0141,0.6676,0.0361,0.0,0.0,0.2825,0.071395392,0.104410925,0.060153367,0.055525398,0.10577067,0.204927609,0.168408802,0.159692983,0.069714853,0.027100521,0.026257887,0.010357163,0.060152335,0.023564263,0.000588635,0.007118734,0.016886706,0.014076621,0.019979876,0.059210014,0.064384921,0.125332681,0.082015769,0.161334475,0.301639398,,-0.228964906,,,,,-0.026315789,684.0,57.9,138714,256.470313,-0.92116231,,,-1.083317133,,,,-0.460211826,-1.022509075,mc_lake_2race,LAKE,Cuba 71,0,0,0,,0,1,0,390,260,173,159,120,80,0.5247,30.92907725924944,80,0.45802,30.103985607853456,78,0.01618,15.178091790742403,39,0.0002,5.484681712883612,14,0.0004,5.0396580645724836,13,0.00032,6.534895584470421,17,0.00018,3.2538013364547633,8,LAKE:CUBA 71,LAKE:CUBA 71,LAKE:CUBA 71,1.3,88.85440648,0.79956653,0.79956653,0.79956653,0.79956653,6.348194336,0.79956653,0.79956653,22.159303178891292,20.63740939687472,10.151352756303492,3.590432490049415,3.697172948380514,5.567852798198297,2.5707931209897787,30.705014408381285,29.869159401731146,15.131393130453633,5.428115567550183,4.985288989866862,6.480777279737271,3.2129286643460637,19.842501545080356,22.528987368082767,13.56637667319805,6.875303867589614,3.4075301284497628,0.0010710464823808009,0.0013282277658274119,1.0,0.3,0.2,1.0,1.0,1.0,1.0,1.4,1.0,229.9146125,229.4818168,0.433024837,0.432749802,0.000275035,0.001883416,0.00188222,1.2e-06,943.12,260,1.0
LAKE:ELA 79,LAKE:ELA 79,LAKE:Ela 79,,,,,,,,,,0.806657077,0.07064586,0.034322656,0.080075978,0.006265452,5.78e-05,0.4991,1.0,0.0,0.6902,0.0445,0.0,0.0327,0.2325,0.115286676,0.105553071,0.090317942,0.100872277,0.124406273,0.161582454,0.173973044,0.098560953,0.029447308,0.009678811,0.001143959,0.001485563,0.011551718,0.004645002,0.011089396,0.041889288,0.002229027,0.029007611,0.015691091,0.018646713,0.072549536,0.048165509,0.130924495,0.144719342,0.456582941,,-0.252292185,,,,,-0.168421053,570.0,53.5,185000,239.8279752,-1.020540583,,,-1.535398769,,,,-0.422793357,-1.342326949,mc_lake_2race,LAKE,Ela 79,0,0,0,,0,1,0,285,190,127,167,126,84,0.5143,30.39751098923165,58,0.46418,29.796227574188926,57,0.01978,15.593984434854496,30,0.00072,5.969425014904555,11,0.00036,5.151441543705206,10,0.00058,6.544309496401632,12,8e-05,3.1944876490486163,6,LAKE:ELA 79,LAKE:ELA 79,LAKE:ELA 79,1.3,90.68095246,0.473392634,0.473392634,0.473392634,0.473392634,6.478691734,0.473392634,0.473392634,21.825175582929045,20.426290035985623,10.468241110032007,3.9651053118939688,3.78240835384553,5.569523148787486,2.5724862577487038,30.119969714951907,29.4472534627122,15.525741119542747,5.939797055756242,5.092759327717938,6.477491295303432,3.2096654660819603,19.50837394911811,22.31786800719367,13.883265026926566,7.249976689434168,3.492765533914779,0.002741397071569366,0.003021364524752347,1.0,0.3,0.2,1.0,1.0,1.0,1.0,1.4,1.0,503.1428457,502.0198989,1.966389796,0.842938087,1.123451709,0.003908214,0.001675345,0.002232868,1679.85,190,0.9999999999999993
LAKE:ELA 80,LAKE:ELA 80,LAKE:Ela 80,,,,,,,,,,0.863786269,0.046689463,0.007409835,0.06485296,0.012076805,0.000294133,0.5006,0.9969,0.0031,0.7074,0.0436,0.0,0.0286,0.2204,0.117620426,0.138680865,0.093775986,0.12189165,0.12061406,0.15926459,0.143296772,0.080531388,0.024324261,0.009474097,0.000140716,0.000277815,0.015248524,0.003943325,0.007956522,0.038336502,0.000485968,0.027817781,0.037133232,0.023075548,0.084181596,0.04770081,0.104903556,0.132225327,0.467098679,,-0.302526342,,,,,-0.153324288,737.0,51.2,187559,286.485958,-1.234546844,,,-1.487371201,,,,-0.548010907,-1.392562067,mc_lake_2race,LAKE,Ela 80,0,0,0,,0,1,0,389,259,173,171,129,86,0.51356,30.411462848282266,79,0.46508,29.79903522687799,77,0.01982,15.630651929693586,40,0.00056,5.933905495539281,15,0.00048,5.17330290280019,13,0.00036,6.541542739432208,17,0.00014,3.2747188367526743,8,LAKE:ELA 80,LAKE:ELA 80,LAKE:ELA 80,1.3,90.88435583,0.437070051,0.437070051,0.437070051,0.437070051,6.493223867,0.437070051,0.437070051,21.825345291453246,20.426547751750324,10.468420095215327,3.963754190185945,3.7824354719621534,5.568433894335797,2.5716492061013483,30.121080848701045,29.448631686800343,15.526616659459027,5.938149982080788,5.092879240126927,6.4764463256577205,3.208872699240582,19.50854365764231,22.31812572295837,13.883444012109885,7.248625567726144,3.4927926520314023,0.001652142619881197,0.0021843128773972606,1.0,0.3,0.2,1.0,1.0,1.0,1.0,1.4,1.0,412.3291574,411.409267,1.609875995,0.689954299,0.919921696,0.003904347,0.00167331,0.002231037,1391.59,259,1.0000000000000018
LAKE:ELA 81,LAKE:ELA 81,LAKE:Ela 81,,,,,,,,,,0.794238125,0.051872086,0.014005091,0.122801106,0.010734576,0.001376046,0.5109,0.973,0.027,0.822,0.037,0.0,0.0011,0.1399,0.122656099,0.167986838,0.089380579,0.131683301,0.127473857,0.172715172,0.109281173,0.06106294,0.017760041,0.009887234,2.64e-08,0.0,0.013745104,0.002872479,0.0038368,0.025921338,0.0,0.02197116,0.05419228,0.025655961,0.08490429,0.055553148,0.087869017,0.145422507,0.468168653,,-0.26649549,,,,,-0.207792208,616.0,48.2,189056,238.3420522,-1.081049137,,,-1.660650823,,,,-0.59813994,-1.44330019,mc_lake_2race,LAKE,Ela 81,0,0,0,,0,1,0,305,203,135,213,160,107,0.51776,30.466051433519382,62,0.46182,29.80935692409859,61,0.01888,15.582913477475714,32,0.00064,5.959534539257538,12,0.00038,5.148818494102995,10,0.00038,6.528619584652315,13,0.00014,3.2681137790921952,7,LAKE:ELA 81,LAKE:ELA 81,LAKE:ELA 81,1.3,91.07239016,0.403491979,0.403491979,0.403491979,0.403491979,6.506657962,0.403491979,0.403491979,21.824699276692055,20.425566727438355,10.467738767798204,3.9637967845788777,3.7823322437730154,5.569909420298737,2.573600627270435,30.120067999042583,29.44711355812158,15.525573080299356,5.9381853415042825,5.092998854219609,6.477918170045008,3.210820438834016,19.50789764288112,22.317144698646402,13.882762684692763,7.248668162119077,3.4926894238422643,0.0031276685828208043,0.004135734046483966,1.0,0.3,0.2,1.0,1.0,1.0,1.0,1.4,1.0,499.8338088,498.7187184,1.951430489,0.836333024,1.115097465,0.003904159,0.001673222,0.002230936,1830.47,203,0.9999839646506794
LAKE:ELA 82,LAKE:ELA 82,LAKE:Ela 82,,,,,,,,,,0.740223131,0.050406859,0.025217677,0.170852729,0.008328374,0.002156117,0.4779,0.9732,0.0268,0.8101,0.0319,0.0,0.0,0.1574,0.129409831,0.188566893,0.067819557,0.11129024,0.152050078,0.184327462,0.094621692,0.052349841,0.019564404,0.011039571,0.002417734,0.0,0.003898959,0.012325523,0.004676513,0.005000891,0.0,0.015456638,0.045144622,0.01518722,0.07912995,0.059770762,0.067662247,0.144645864,0.533643506,,-0.265525768,,,,,0.007949126,629.0,48.5,206304,277.8676045,-1.076917952,,,-0.974309639,,,,-0.579012066,-1.012787756,mc_lake_2race,LAKE,Ela 82,0,0,0,,0,1,0,417,278,185,245,184,123,0.5146,30.39567718970687,84,0.46468,29.751520897322457,83,0.01956,15.578184785970628,43,0.0005,6.050294675717537,17,0.0002,5.200079287810781,14,0.00034,6.519349886807664,18,0.00012,3.175306381516993,9,LAKE:ELA 82,LAKE:ELA 82,LAKE:ELA 82,1.3,88.78058675,0.812748827,0.812748827,0.812748827,0.812748827,6.342920292,0.812748827,0.812748827,21.8241635898772,20.42475324480523,10.467173799107277,3.9641377468563865,3.782246645140965,5.571292996797992,2.575292779336471,30.119035367007665,29.445631298802674,15.524570552330754,5.938588248142536,5.09306350708286,6.479288812172081,3.212499656527869,19.507361956066266,22.31633121601328,13.882197716001835,7.2490091243965855,3.492603825210214,0.004511245082076434,0.005827886112519725,1.0,0.3,0.2,1.0,1.0,1.0,1.0,1.4,1.0,486.4993506,485.4881131,2.398127064,1.117496585,1.280630478,0.004929353,0.002297016,0.002632337,1798.24,278,1.0
LAKE:ELA 83,LAKE:ELA 83,LAKE:Ela 83,,,,,,,,,,0.791599127,0.05461755,0.028297388,0.115325288,0.008068908,0.001128805,0.5606,0.9552,0.0448,0.6643,0.1634,0.0,0.0,0.1668,0.104573709,0.140390996,0.052200027,0.07533769,0.171522617,0.179080802,0.165673552,0.068480927,0.042739679,0.024320334,0.005707515,1.18e-05,0.004917181,0.024279094,0.008598627,0.004326326,5.09e-05,5.67e-05,0.040028282,0.015515345,0.103461944,0.041252177,0.079874157,0.072682206,0.574917467,,-0.156632467,,,,,-0.085814361,571.0,53.2,213031,237.1533138,-0.613013516,,,-1.272600845,,,,-0.431239285,-1.025255596,mc_lake_2race,LAKE,Ela 83,0,0,0,,0,1,0,339,222,151,195,147,98,0.51834,30.424680984376252,68,0.46058,29.68180505994129,66,0.01938,15.577954398904426,35,0.00078,6.001083981652466,13,0.00036,5.183545485932132,12,0.00044,6.572897460782948,15,0.00012,3.3200921777902153,7,LAKE:ELA 83,LAKE:ELA 83,LAKE:ELA 83,1.3,88.87502536,0.795884532,0.795884532,0.795884532,0.795884532,6.34966745,0.795884532,0.795884532,21.82478261825021,20.425693288160588,10.467826664998034,3.964597111132764,3.7823455611128742,5.5701410193671785,2.5735439749240063,30.119690455408385,29.446720404965664,15.525346043438216,5.93916573417537,5.09289240132801,6.478124192688329,3.210738210062465,19.507980984439275,22.317271259368635,13.882850581892592,7.249468488672963,3.492702741182123,0.0033592676512629086,0.004079081700055305,1.0,0.3,0.2,1.0,1.0,1.0,1.0,1.4,1.0,464.3319964,463.4719758,3.001569307,1.497701153,1.503868154,0.006464274,0.003225496,0.003238778,1353.61,223,0.997569397757117
LAKE:ELA 87,LAKE:ELA 87,LAKE:Ela 87,,,,,,,,,,0.814144641,0.053865117,0.018040705,0.098627042,0.012062194,0.001463987,0.4314,0.9745,0.0255,0.7839,0.0277,0.0,0.0,0.1875,0.109274831,0.141519676,0.047132467,0.073868426,0.18447662,0.194862021,0.146942068,0.065787592,0.036136298,0.021253709,0.005931157,0.0,0.003241093,0.037522429,0.010228532,0.002390588,0.0,7.02e-06,0.039662449,0.021092744,0.139218209,0.037611574,0.086127499,0.085490498,0.510222497,,-0.237165682,,,,,0.034591195,636.0,52.5,202004,253.2012824,-0.956099044,,,-0.88955282,,,,-0.718258118,-0.914507654,mc_lake_2race,LAKE,Ela 87,0,0,0,,0,1,0,357,238,159,201,151,101,0.51534,30.3611065194763,72,0.4633,29.790606525831375,71,0.01988,15.549123316938191,37,0.00048,6.037098308894636,14,0.00042,5.167351661487035,12,0.00046,6.5952120698906675,16,0.00012,3.289571995895947,8,LAKE:ELA 87,LAKE:ELA 87,LAKE:ELA 87,1.3,87.95533142,0.960118095,0.960118095,0.960118095,0.960118095,6.283960007,0.960118095,0.960118095,21.82496877284094,20.425975978573035,10.468022995227782,3.964140173222334,3.7823753071844113,5.569482993382919,2.572873998565752,30.12026275204816,29.447482884474436,15.525846330559087,5.938612038970217,5.0929081627507715,6.477481603131816,3.2100836701319575,19.508167139030004,22.317553949781082,13.88304691212234,7.249011550762533,3.4927324872536603,0.002701241667003233,0.003409105341800681,1.0,0.3,0.2,1.0,1.0,1.0,1.0,1.4,1.0,285.0223598,284.4964883,1.840550294,0.920275147,0.920275147,0.006457565,0.003228782,0.003228782,1056.68,238,1.0
LAKE:ELA 88,LAKE:ELA 88,LAKE:Ela 88,,,,,,,,,,0.820875327,0.055116015,0.008839011,0.097181223,0.016414028,0.000638137,0.3968,0.9714,0.0286,0.8189,0.0398,0.0,0.0,0.102,0.095898071,0.160075444,0.050011505,0.0679068,0.193588494,0.250653464,0.120184649,0.052120357,0.009561217,0.012886548,0.005955343,0.0,0.001950538,0.055955097,0.007444574,0.001950934,0.0,5.54e-06,0.023400269,0.049434718,0.236261706,0.044846835,0.124596406,0.129143074,0.306168418,,-0.145250262,,,,,0.026521061,641.0,51.6,137020,259.7393437,-0.56452334,,,-0.91522646,,,,-0.655519572,-0.78371279,mc_lake_2race,LAKE,Ela 88,0,0,0,,0,1,0,329,219,146,210,158,105,0.51468,30.378112389023904,67,0.46318,29.751593276733125,65,0.02044,15.615496368119416,34,0.00076,6.022128439768214,13,0.00032,5.155631839611702,11,0.00048,6.563667774599313,14,0.00014,3.304503361427881,7,LAKE:ELA 88,LAKE:ELA 88,LAKE:ELA 88,1.3,86.5969523,1.202689494,1.202689494,1.202689494,1.202689494,6.186910744,1.202689494,1.202689494,21.82498489105145,20.42600045534559,10.468039994496836,3.9636582114052503,3.7823778827504557,5.569194364030002,2.572708879347238,30.120591316307145,29.447872274023137,15.526088207811075,5.938023345335637,5.092959496194237,6.47720861263033,3.209934189764875,19.508183257240514,22.317578426553638,13.883063911391394,7.248529588945449,3.4927350628197047,0.002412612314085914,0.0032439861232868798,1.0,0.3,0.2,1.0,1.0,1.0,1.0,1.4,1.0,106.8892555,106.6918759,0.690439859,0.345219929,0.345219929,0.006459394,0.003229697,0.003229697,545.43,219,0.9992970416102763
LAKE:ELA 89,LAKE:ELA 89,LAKE:Ela 89,,,,,,,,,,0.719085487,0.050541443,0.007875667,0.209764516,0.011151312,0.003057677,0.4327,0.9475,0.0525,0.7895,0.0651,0.0,0.0,0.1122,0.093894224,0.151208463,0.065040244,0.084222574,0.170951847,0.226748167,0.135730154,0.053617121,0.018587207,0.011333546,0.001347623,0.0,0.009696389,0.033795659,0.003350611,0.009279405,0.0,0.000249449,0.037075477,0.042979029,0.195974814,0.045844664,0.122669019,0.108721839,0.377682477,,-0.27804616,,,,,-0.145454545,550.0,51.7,147229,239.5307906,-1.130257004,,,-1.462335068,,,,-0.519740068,-1.337805794,mc_lake_2race,LAKE,Ela 89,0,0,0,,0,1,0,329,219,146,193,145,97,0.51348,30.31592609690917,66,0.4666,29.752666090947876,65,0.01822,15.602627991329449,34,0.00062,6.014480074162953,13,0.00048,5.23684389098497,11,0.00042,6.528132604129887,14,0.00018,3.3363620030204904,7,LAKE:ELA 89,LAKE:ELA 89,LAKE:ELA 89,1.3,90.66174754,0.476822136,0.476822136,0.476822136,0.476822136,6.47731964,0.476822136,0.476822136,21.82372979534672,20.424094493633635,10.466716292367847,3.963007851797638,3.7821773281121143,5.571677175195603,2.5763226608748595,30.119085884105473,29.44545866951439,15.524389744701882,5.93719593389425,5.093274715810295,6.479707973271781,3.213564520768348,19.506928161535782,22.315672464841683,13.881740209262405,7.247879229337837,3.4925345081813632,0.004895423479687084,0.006857767650908353,1.0,0.3,0.2,1.0,1.0,1.0,1.0,1.4,1.0,375.1250558,374.4044949,2.455709766,1.227854883,1.227854883,0.006546376,0.003273188,0.003273188,1623.46,219,0.9997863195475002
LAKE:ELA 90,LAKE:ELA 90,LAKE:Ela 90,,,,,,,,,,0.720936692,0.040427357,0.021791438,0.20332109,0.006821473,0.001913853,0.525,0.9583,0.0417,0.7048,0.136,0.0,0.0,0.1412,0.081367592,0.153747748,0.067797682,0.075230369,0.149911499,0.185691133,0.184627491,0.06296831,0.038658177,0.016286113,0.00053236,1.44e-06,0.010078535,0.009155331,0.001122073,0.00847564,6.95e-06,7e-06,0.022486342,0.019612723,0.105132454,0.049500706,0.101287953,0.065126106,0.591188262,,-0.148676477,,,,,-0.178694158,582.0,53.6,215425,254.0928362,-0.579119613,,,-1.568080754,,,,-0.449132457,-1.197220326,mc_lake_2race,LAKE,Ela 90,0,0,0,,0,1,0,350,233,155,212,159,106,0.51346,30.350171647477474,71,0.46552,29.735424582517133,69,0.01956,15.602296471407826,36,0.0005,6.00657844568392,14,0.00044,5.129898203676811,12,0.00036,6.57770634186849,15,0.00016,3.320921359982952,8,LAKE:ELA 90,LAKE:ELA 90,LAKE:ELA 90,1.3,89.98058704,0.598459795,0.598459795,0.598459795,0.598459795,6.428654195,0.598459795,0.598459795,21.823801627641554,20.424203576632742,10.466792051181496,3.9637826483034244,3.7821888063602334,5.571921296187152,2.576294409812983,30.118706870264322,29.445057689053655,15.524155919798861,5.938144849309364,5.093173337106516,6.479927300545286,3.2135114759884273,19.506999993830618,22.31578154784079,13.881815968076054,7.248654025843623,3.4925459864294823,0.005139544471236112,0.0068295165890317686,1.0,0.3,0.2,1.0,1.0,1.0,1.0,1.4,1.0,717.2014492,715.8774883,4.632042283,2.315359027,2.316683256,0.006458495,0.003228325,0.003230171,2349.38,233,0.999713836117722
LAKE:FREMONT 115,LAKE:FREMONT 115,LAKE:Fremont 115,,,,,,,,,,0.810049286,0.051506787,0.013377824,0.100991193,0.008026446,0.000669108,0.4692,1.0,0.0,0.515,0.0,0.0,0.0,0.2657,0.085708142,0.138344976,0.061442523,0.125438085,0.082095126,0.165709755,0.176020155,0.03980538,0.125435858,1.01e-05,0.016277263,7.21e-06,1.31e-05,3.8e-07,2.68e-06,2.56e-06,1.24e-05,0.017638135,0.013593014,0.230601619,0.066505215,0.039361945,0.032580581,0.130272868,0.453120986,,-0.267504338,,,,,-0.248407643,628.0,55.7,182007,276.6788661,-1.085347005,,,-1.789861323,,,,0.021268446,-1.525668454,mc_lake_2race,LAKE,Fremont 115,0,0,0,,0,1,0,363,242,161,261,196,131,0.51694,30.477184558611768,74,0.46332,29.830349576206743,72,0.01828,15.560247539060665,38,0.00046,5.854810406466478,14,0.00038,5.092597266480273,12,0.0005,6.535615861673507,16,0.00012,3.264848287859528,8,LAKE:FREMONT 115,LAKE:FREMONT 115,LAKE:FREMONT 115,1.3,91.34443794,0.354911279,0.354911279,0.354911279,0.354911279,6.526094389,0.354911279,0.354911279,21.90548077176956,20.47672399812672,10.3913855883652,3.8737251576487077,3.7617789544070224,5.569405765476073,2.5728900708009057,30.260893349196632,29.548723581420735,15.430671140569654,5.815442528035905,5.067058454803778,6.478596510448796,3.2112918775909383,19.588679137958625,22.368301969334766,13.806409505259758,7.158596535188907,3.4721361344762713,0.0026240137601570923,0.0034251775769547,1.0,0.3,0.2,1.0,1.0,1.0,1.0,1.4,1.0,550.964424,548.8509101,5.988049939,2.8178899,3.170160039,0.010868306,0.005114468,0.005753838,1788.63,242,0.9996787289824318
LAKE:FREMONT 118,LAKE:FREMONT 118,LAKE:Fremont 118,,,,,,,,,,0.856712134,0.094878708,0.007928047,0.037518094,0.010391485,0.000866027,0.2887,0.8945,0.1055,0.86,0.0001,0.0,0.0,0.126,0.092255003,0.141553491,0.1326285,0.075984967,0.111836918,0.188915425,0.160473867,0.059205823,0.037146006,1.95e-05,0.008091947,4.92e-06,4.88e-06,0.036541137,0.028413199,1.48e-06,4.73e-06,0.024485991,0.021999471,0.034437517,0.036661503,0.142829758,0.068969784,0.253444105,0.344090067,,-0.224738773,,,,,-0.150887574,676.0,52.3,169242,276.9760507,-0.903158247,,,-1.479619246,,,,-0.914556532,-1.263446371,mc_lake_2race,LAKE,Fremont 118,0,0,0,,0,1,0,366,244,163,198,149,99,0.51676,30.439018422965745,74,0.4615,29.713403328114975,73,0.0201,15.609441747334252,38,0.0005,6.017722593589083,15,0.0005,5.106449816569793,12,0.00038,6.5577537743444685,16,0.00026,3.2943959377218306,8,LAKE:FREMONT 118,LAKE:FREMONT 118,LAKE:FREMONT 118,1.3,90.32276808,0.537355106,0.537355106,0.537355106,0.537355106,6.453101286,0.537355106,0.537355106,21.82565002470444,20.42701051320106,10.468741485888454,3.9639272248738857,3.7824841659914243,5.567838997944942,2.570775454423075,30.12143682034966,29.449206639441552,15.527022247001465,5.938369366974876,5.092801005217259,6.475846922393091,3.2079944406885335,19.508848390893505,22.31858848440911,13.883765402783013,7.248798602414085,3.4928413460606733,0.0010572462290262428,0.001310561199123705,1.0,0.3,0.2,1.0,1.0,1.0,1.0,1.4,1.0,718.3348342,716.5632747,4.74818438,2.362618551,2.38556583,0.006609988,0.003289021,0.003320966,1832.16,244,0.9995527120700634
LAKE:VERNON 270,LAKE:VERNON 270,LAKE:Vernon 270,,,,,,,,,,0.660311252,0.041724137,0.007158876,0.287227169,0.002386397,5.28e-07,0.6326,0.9021,0.0979,0.6635,0.008,0.0,0.0127,0.3021,0.07020553,0.061581263,0.174919063,0.023774215,0.077777011,0.214891375,0.29046272,0.061553898,0.024834925,9.59e-07,0.0,2.37e-06,6.51e-06,0.008877024,0.02070633,2.85e-06,0.02662395,0.02958098,0.00591858,0.008881257,0.071010821,0.091718181,0.082843557,0.141998369,0.511828254,,-0.326660276,,,,,-0.091383812,383.0,56.3,202311,174.744547,-1.337361608,,,-1.290319024,,,,-0.220184353,-1.307959993,mc_lake_2race,LAKE,Vernon 270,0,0,0,,0,1,0,270,180,120,146,110,73,0.51832,30.621076944164827,55,0.4619,29.971851406817485,54,0.01826,15.476476109092136,28,0.00052,5.746166612179157,10,0.00048,5.111472612937845,9,0.00034,6.558758355331112,12,0.00018,3.215277726855307,6,LAKE:VERNON 270,LAKE:VERNON 270,LAKE:VERNON 270,1.3,90.53104113,0.500162924,0.500162924,0.500162924,0.500162924,6.467981333,0.500162924,0.500162924,21.972437460312992,20.51710375289663,10.323530531925686,3.795128075970209,3.7437967888575616,5.57338396351338,2.5788084189536735,30.379180233729887,29.63171148452448,15.346199328511421,5.708306863310702,5.045390953044602,6.483626530843869,3.2182620481014728,19.655635826502056,22.408681724104678,13.738554448820244,7.079999453510408,3.4541539689268106,0.006602211797463826,0.00934352572972238,1.0,0.3,0.2,1.0,1.0,1.0,1.0,1.4,1.0,648.1406944,646.3395706,4.385227045,1.357595509,3.027631535,0.006765857,0.0020946,0.004671257,1113.13,180,0.9995298807425926
LAKE:VERNON 275,LAKE:VERNON 275,LAKE:Vernon 275,,,,,,,,,,0.734511017,0.043536265,0.033692554,0.181239034,0.008424019,0.007018324,0.4893,0.9432,0.0568,0.7518,0.0288,0.0,0.0025,0.2018,0.138321619,0.230206917,0.035096283,0.0726596,0.198712939,0.141008699,0.087668047,0.08055396,0.015771936,0.009142715,0.00304771,0.051796575,0.015237933,6.93e-06,0.006102624,0.003047403,1.14e-05,0.003067402,0.027431599,0.012198531,0.045741893,0.045753262,0.079282751,0.146356437,0.551774779,,-0.311297952,,,,,-0.223404255,376.0,48.4,209383,151.5641479,-1.271915431,,,-1.710317665,,,,-0.457314311,-1.545916827,mc_lake_2race,LAKE,Vernon 275,0,0,0,,0,1,0,228,152,101,128,96,64,0.51526,30.333684688370944,46,0.46524,29.740217793744318,45,0.01798,15.59393465565472,24,0.00054,6.006477584619005,9,0.00038,5.1961455339257725,8,0.00038,6.546313056928632,10,0.00022,3.217792184337634,5,LAKE:VERNON 275,LAKE:VERNON 275,LAKE:VERNON 275,1.3,91.40560046,0.343989233,0.343989233,0.343989233,0.343989233,6.530464139,0.343989233,0.343989233,21.824047801766493,20.42457741143661,10.467051681751544,3.964533456530269,3.782228143091616,5.5717606709576595,2.575736498462656,30.1186090845969,29.445075548028765,15.524209338330781,5.939068921578964,5.093041100227818,6.479743279990446,3.212930169312752,19.507246167955557,22.316155382644656,13.882075598646102,7.249404834070468,3.492585323160865,0.004978919241743245,0.0062716052387046944,1.0,0.3,0.2,1.0,1.0,1.0,1.0,1.4,1.0,926.9240604,925.2836374,2.418239601,1.640094879,0.778144722,0.002608886,0.001769395,0.000839491,2488.47,152,0.9998028371779274
LAKE:VERNON 276,LAKE:VERNON 276,LAKE:Vernon 276,,,,,,,,,,0.660435981,0.027787091,0.008089247,0.293836166,0.007169172,0.001796718,0.5002,0.9084,0.0916,0.6356,0.0319,0.0,0.0,0.303,0.094194647,0.222466547,0.061238701,0.088191402,0.160650471,0.173094333,0.109303391,0.067821544,0.023038965,0.048007865,0.020310125,0.016658143,0.0424742,1.17e-05,0.022158971,0.00738769,3.69e-06,3.51e-05,0.062799952,0.044329873,0.07019532,0.029611064,0.116425122,0.186651601,0.332939598,,-0.39816733,,,,,-0.009416196,531.0,50.5,155248,220.8081606,-1.641994118,,,-1.029554201,,,,-0.245525487,-1.25921917,mc_lake_2race,LAKE,Vernon 276,0,0,0,,0,1,0,393,262,175,187,141,94,0.51714,30.456642249940526,80,0.4618,29.737640437705625,78,0.0194,15.618501953796486,41,0.00066,6.015300495969387,16,0.00036,5.096592009963274,13,0.00046,6.49463851715282,17,0.00018,3.2839019933860056,9,LAKE:VERNON 276,LAKE:VERNON 276,LAKE:VERNON 276,1.3,90.30211745,0.541042774,0.541042774,0.541042774,0.541042774,6.451625904,0.541042774,0.541042774,21.82279255178248,20.42267121543941,10.465727816910015,3.962571841392619,3.7820275638006318,5.573557212432401,2.579033274515419,30.117930388784398,29.443620008754916,15.52309912427678,5.93663874503931,5.0935045214348005,6.481598764937946,3.2162858888382737,19.505990917971545,22.31424918664746,13.880751733804573,7.247443218932818,3.4923847438698807,0.006775460716484344,0.009568381291467845,1.0,0.3,0.2,1.0,1.0,1.0,1.0,1.4,1.0,282.3019591,282.2954981,0.009810347,0.006381944,0.003428403,3.48e-05,2.26e-05,1.21e-05,1342.35,262,0.9995675114311101
LAKE:VERNON 283,LAKE:VERNON 283,LAKE:Vernon 283,,,,,,,,,,0.645858411,0.029869755,0.019301337,0.291820076,0.014017514,0.000879473,0.4908,0.9512,0.0488,0.6044,0.0483,0.0,0.0092,0.3126,0.123768603,0.120392834,0.079199641,0.120882855,0.178706735,0.152932778,0.111389653,0.066128903,0.046597999,0.019650308,1.76e-06,0.009852502,0.029497893,0.007858007,0.015719541,1.76e-06,0.007858007,1.76e-06,0.011856759,0.017705528,0.129805675,0.078671172,0.106362397,0.179278112,0.385878808,,-0.174488354,,,,,0.200845666,473.0,48.3,168172,187.8206696,-0.689082706,,,-0.360644945,,,,-0.179469502,-0.483809106,mc_lake_2race,LAKE,Vernon 283,0,0,0,,0,1,0,336,224,149,162,122,81,0.51404,30.393081430500185,68,0.46394,29.69926168036579,67,0.02022,15.662538279399213,35,0.00062,5.956405904990094,13,0.00054,5.107592494478879,11,0.00038,6.571968315952797,15,0.00026,3.2744939049286423,7,LAKE:VERNON 283,LAKE:VERNON 283,LAKE:VERNON 283,1.3,81.91103529,2.039473142,2.039473142,2.039473142,2.039473142,5.852125863,2.039473142,2.039473142,21.82281502746099,20.42270534652801,10.465751521160922,3.9631792057543436,3.7820311552411563,5.573824689037635,2.5791127903021316,30.117581638757365,29.443227806722803,15.522862179920129,5.937381737444407,5.0934315482027515,6.481846683968586,3.2163458470503907,19.506013393650054,22.314283317736056,13.88077543805548,7.2480505832945425,3.4923883353104053,0.007042937321719111,0.009647897078180562,1.0,0.3,0.2,1.0,1.0,1.0,1.0,1.4,1.0,74.02194925,73.64370142,0.536904443,0.378247836,0.158656607,0.007253314,0.005109942,0.002143372,993.16,224,0.9985454482911531
LAKE:VERNON 284,LAKE:VERNON 284,LAKE:Vernon 284,,,,,,,,,,0.678323032,0.032613534,0.007125383,0.276263714,0.007090061,1.03e-05,0.5377,0.9248,0.0752,0.7438,0.0776,0.0,0.014,0.1645,0.13209604,0.162441732,0.05799528,0.167757044,0.139593472,0.170946638,0.070407671,0.086408849,0.012353273,0.010580048,4.25e-06,0.010638189,2.94e-05,1.04e-06,1.06e-05,0.047544541,1.04e-06,0.051066274,0.015892115,0.036995842,0.135662495,0.12685119,0.135708961,0.137613762,0.291400286,,-0.439968177,,,,,0.219968799,641.0,47.1,136923,266.2774049,-1.820073009,,,-0.299808232,,,,-0.307441776,-0.869907523,mc_lake_2race,LAKE,Vernon 284,0,0,0,,0,1,0,491,327,218,224,168,112,0.51556,30.377280355365464,99,0.46338,29.689394282550914,97,0.01944,15.569589117316534,51,0.0006,5.999710534614619,20,0.0004,5.2050078964507955,17,0.00036,6.543022214506489,21,0.00026,3.259859213034169,11,LAKE:VERNON 284,LAKE:VERNON 284,LAKE:VERNON 284,1.3,87.52856338,1.036327835,1.036327835,1.036327835,1.036327835,6.253469606,1.036327835,1.036327835,21.8229884521549,20.422968705589188,10.465934425648346,3.9626140600866764,3.7820588671731104,5.573138638032286,2.578454865757714,30.118202757919743,29.44404007558361,15.523390840837717,5.9366954153302,5.0934620145461125,6.48117952415315,3.215706813695888,19.506186818343963,22.314546676797235,13.880958342542904,7.247485437626875,3.4924160472423593,0.006356886316370008,0.008989972533762883,1.0,0.3,0.2,1.0,1.0,1.0,1.0,1.4,1.0,299.9627657,299.7595389,0.406453612,0.203226806,0.203226806,0.001355014,0.000677507,0.000677507,1187.74,327,0.9999999999999996
LAKE:VERNON 285,LAKE:VERNON 285,LAKE:Vernon 285,,,,,,,,,,0.71082227,0.021013324,0.004786025,0.249076938,0.007633155,0.001909144,0.522,0.9482,0.0518,0.7038,0.0467,0.0,0.0314,0.2181,0.080512825,0.19712054,0.057115957,0.140729488,0.137615412,0.186607275,0.110186193,0.086063347,0.004048962,0.004829375,1.99e-05,0.004816229,0.021536358,0.0,2.27e-05,0.016749567,0.0,0.019132622,0.033508022,0.016781268,0.067018347,0.059812199,0.081401063,0.286854929,0.387517429,,-0.317394124,,,,,0.20233463,514.0,50.3,180394,200.0052383,-1.297886186,,,-0.355908081,,,,-0.375020201,-0.709149871,mc_lake_2race,LAKE,Vernon 285,0,0,0,,0,1,0,359,239,159,169,127,85,0.5146,30.378077235369084,73,0.46484,29.83371783272249,71,0.01922,15.557067348722143,37,0.00058,5.960812010735227,14,0.00024,5.129355727474275,12,0.00042,6.5598581282138415,16,0.0001,3.286230900887975,8,LAKE:VERNON 285,LAKE:VERNON 285,LAKE:VERNON 285,1.3,85.66185819,1.369673129,1.369673129,1.369673129,1.369673129,6.120103037,1.369673129,1.369673129,21.82329153447621,20.423428959972828,10.46625407514795,3.9626342450597285,3.782107297396486,5.572467418274836,2.5775490681428392,30.11865261156698,29.444722960252403,15.523862418668198,5.936727922724917,5.093401351809368,6.480508732679629,3.214801444364942,19.506489900665272,22.315006931180875,13.881277992042508,7.2475056225999275,3.492464477465735,0.005685666558919426,0.008084174918888163,1.0,0.3,0.2,1.0,1.0,1.0,1.0,1.4,1.0,344.3873712,344.154157,0.466428401,0.233214201,0.233214201,0.001354371,0.000677186,0.000677186,1317.3,239,1.0000000000000002
LAKE:VERNON 288,LAKE:VERNON 288,LAKE:Vernon 288,,,,,,,,,,0.758610864,0.039318736,0.009838559,0.185973176,0.005365239,0.000892943,0.4864,0.9879,0.0121,0.7181,0.0412,0.0,0.021,0.2024,0.190638032,0.10500403,0.077888161,0.143827505,0.16848416,0.135961548,0.117669334,0.049352945,0.011174287,0.014150726,0.0,1.52e-05,0.007087964,3.11e-06,0.007074713,3.49e-05,0.018833284,3.75e-05,0.075389746,0.023590043,0.070849553,0.12731323,0.132070583,0.261680053,0.261869364,,-0.33036918,,,,,0.16254417,566.0,46.4,154500,232.6955447,-1.353162186,,,-0.482494076,,,,-0.371266614,-0.808994617,mc_lake_2race,LAKE,Vernon 288,0,0,0,,0,1,0,405,270,180,188,141,94,0.517,30.351182523955465,82,0.4618,29.68966917288848,80,0.01964,15.617548463622121,42,0.0007,5.985801927122512,16,0.00054,5.167666568810639,14,0.00018,6.528666856946074,18,0.00014,3.241767944138711,9,LAKE:VERNON 288,LAKE:VERNON 288,LAKE:VERNON 288,1.3,86.88578458,1.151111513,1.151111513,1.151111513,1.151111513,6.207546338,1.151111513,1.151111513,21.823995024830136,20.424497265500648,10.466996019906192,3.963238906765014,3.7822197097431913,5.571201524596028,2.5755816552159523,30.11934497091663,29.445900288622525,15.524706650658072,5.937485220366741,5.0931975222100005,6.479225798427612,3.212816990864844,19.5071933910192,22.316075236708695,13.88201993680075,7.248110284305213,3.4925768898124403,0.004419772880112572,0.006116761992000993,1.0,0.3,0.2,1.0,1.0,1.0,1.0,1.4,1.0,308.8692923,307.8478332,1.787413978,1.276646814,0.510767165,0.005786959,0.004133291,0.001653668,1240.4,270,0.9994727181659941
LAKE:VERNON 289,LAKE:VERNON 289,LAKE:Vernon 289,,,,,,,,,,0.732598684,0.033728493,0.020004149,0.211514432,0.003170505,0.002102848,0.4511,0.9343,0.0657,0.7321,0.0663,0.0,0.002,0.166,0.110105233,0.136427946,0.131850908,0.09955368,0.121676375,0.160027534,0.154861673,0.064326193,0.021170457,0.036241157,0.000100683,0.010323377,0.020656743,0.000114704,0.020825452,6.5e-05,4.06e-05,0.000111138,0.095795879,0.03391416,0.119250418,0.178909728,0.096413341,0.248909874,0.138327719,,-0.187988716,,,,,0.238095238,504.0,50.6,122715,196.4390231,-0.746596601,,,-0.242142316,,,,-0.396272758,-0.431312673,mc_lake_2race,LAKE,Vernon 289,0,0,0,,0,1,0,339,222,151,160,120,80,0.17472,24.592280575972396,55,0.78954,33.42140769068266,74,0.03396,17.582751958173265,39,0.00072,7.290737262627495,16,0.00028,4.059984505200285,9,0.00064,6.4671686594011994,14,0.00014,3.1357642118434197,7,LAKE:VERNON 289,LAKE:VERNON 289,LAKE:VERNON 289,1.3,80.7928178,2.239157878,2.239157878,2.239157878,2.239157878,5.772234925,2.239157878,2.239157878,19.036672194399074,24.76856384861302,12.981157931940068,5.45730687439136,3.2534794210677296,5.5720541365756775,2.576535282287741,24.391478343433054,33.10592291426188,17.551697216884925,7.241928189185624,4.027280097618165,6.380339236576713,3.1140314441060855,16.719870560588138,26.660141819821067,16.396181848834626,8.74217825193156,2.9638366011369786,0.005272384859761147,0.007070389063789866,1.0,0.3,0.2,1.0,1.0,1.0,1.0,1.4,1.0,435.6764414,434.2719369,2.310668148,1.608302199,0.702365949,0.005303633,0.003691506,0.001612127,1588.32,223,0.9946133797907868
LAKE:VERNON 290,LAKE:VERNON 290,LAKE:Vernon 290,,,,,,,,,,0.664209438,0.035629097,0.024587498,0.264554884,0.000852638,1.71e-06,0.4976,0.9202,0.0798,0.7636,0.0389,0.0,0.0,0.1975,0.099926421,0.115488162,0.0680839,0.116110571,0.103663076,0.165402861,0.17910287,0.116038176,0.036183962,0.016323326,6.86e-08,0.030967074,0.00164454,2.07e-07,1.5e-05,3.43e-07,9.69e-06,3.86e-06,0.009869699,0.06521481,0.166323525,0.143567191,0.161449726,0.127383692,0.277227273,,-0.41447648,,,,,0.18907563,476.0,55.1,135229,197.6277615,-1.711473938,,,-0.39808914,,,,-0.426509852,-0.890608439,mc_lake_2race,LAKE,Vernon 290,0,0,0,,0,1,0,357,238,159,165,124,83,0.51774,30.388620733230994,72,0.46198,29.752577956385917,71,0.01858,15.578525975119467,37,0.00062,5.9878287301892215,14,0.00058,5.19123558711169,12,0.00038,6.503621353839526,15,0.00012,3.281972750362147,8,LAKE:VERNON 290,LAKE:VERNON 290,LAKE:VERNON 290,1.3,87.7310235,1.000173691,1.000173691,1.000173691,1.000173691,6.26793435,1.000173691,1.000173691,21.834624463239276,20.430422363170223,10.45512786260063,3.9507264029523084,3.7791379906818117,5.573364201902248,2.5783027110588597,30.137835017154625,29.458049950354543,15.509554959164017,5.920372996467079,5.089629935079988,6.481542506436126,3.2156920774100475,19.51782282942834,22.32200033437827,13.870151779495188,7.235597780492507,3.4894951707510606,0.006582450186331322,0.008837817834908366,1.0,0.3,0.2,1.0,1.0,1.0,1.0,1.4,1.0,599.3371113,597.3542034,3.470130345,2.478607189,0.991523156,0.005789947,0.004135581,0.001654366,1887.49,238,0.999982300930154
LAKE:WAUCONDA 344,LAKE:WAUCONDA 344,LAKE:Wauconda 344,,,,,,,,,,0.813728467,0.129582832,0.010987838,0.019934476,0.02522141,0.000261067,0.1477,0.928,0.072,0.8659,0.0337,0.0,0.0001,0.1002,0.134155952,0.113170278,0.141440466,0.10553964,0.146426824,0.109209885,0.146780236,0.088137222,0.015139495,2.81e-05,0.01451843,0.004663022,0.060118728,0.043762468,0.014099697,0.006442033,0.010530054,0.085300171,0.038027671,0.08818495,0.25816869,0.1062715,0.060236216,0.172328112,0.037320172,,0.01667638,,,,,0.094412331,519.0,47.3,88007,226.454668,0.125312369,,,-0.699242931,,,,-0.911906975,-0.390034693,mc_lake_2race,LAKE,Wauconda 344,0,0,0,,0,1,0,284,177,126,135,102,68,0.17382,24.60074591317401,44,0.78916,33.42114592954013,59,0.035,17.63822245611922,31,0.00092,7.270661869785314,13,0.00026,4.039968477673613,7,0.00068,6.435946752270471,11,0.00016,3.153060901014146,6,LAKE:WAUCONDA 344,LAKE:WAUCONDA 344,LAKE:WAUCONDA 344,1.3,79.83677064,2.409883188,2.409883188,2.409883188,2.409883188,5.70393023,2.409883188,2.409883188,19.038807956939692,24.77180717229973,12.983410440184151,5.457846550248755,3.253820699491599,5.567532291435006,2.570248525146791,24.394370406370758,33.11032930564279,17.55474781389458,7.242657338631203,4.027011221867853,6.3758170300650825,3.1077443255941772,16.722006323128756,26.663385143507778,16.39843435707871,8.742717927788954,2.964177879560848,0.0007505397190896963,0.0007836319228395895,1.0,0.3,0.2,1.0,1.0,1.0,1.0,1.4,1.0,61.82461161,61.56360651,0.828615528,0.404825459,0.423790069,0.013402681,0.006547966,0.006854715,1429.55,180,0.9819346354368443
LAKE:WAUCONDA 346,LAKE:WAUCONDA 346,LAKE:Wauconda 346,,,,,,,,,,0.782743149,0.130001845,0.023075681,0.042549243,0.017629067,0.00089834,0.2692,0.7653,0.2347,0.851,0.0049,0.0,0.0004,0.1389,0.071724712,0.099079046,0.169140026,0.108897515,0.125366964,0.159230133,0.148989106,0.046460171,0.071112327,0.002478327,0.066397106,0.023479583,0.016939554,0.035040399,0.008491632,0.054223466,0.020209199,0.016959569,0.043522224,0.075322933,0.153530993,0.122429065,0.082911711,0.099502882,0.178561357,,0.046163933,,,,,0.131513648,403.0,50.1,97298,189.009408,0.250934483,,,-0.581211947,,,,-0.719916893,-0.269157036,mc_lake_2race,LAKE,Wauconda 346,0,0,0,,0,1,0,242,161,107,148,111,74,0.17438,24.506397865326722,39,0.78922,33.39932903388802,54,0.03424,17.63406501769225,28,0.00104,7.300719918791653,12,0.0004,4.095756141238592,7,0.00056,6.447991224164936,10,0.00016,3.1318352318878038,5,LAKE:WAUCONDA 346,LAKE:WAUCONDA 346,LAKE:WAUCONDA 346,1.3,76.60493673,2.987005183,2.987005183,2.987005183,2.987005183,5.473032174,2.987005183,2.987005183,19.038555844071354,24.771424319046123,12.983144546245303,5.458369446874633,3.2537804137947073,5.568373229946301,2.5711326585196255,24.393747035471943,33.10935365287124,17.55411118576592,7.243219813024173,4.026992968413242,6.376641148064644,3.1086116384552773,16.721754210260418,26.66300229025417,16.39816846313986,8.743240824414832,2.9641375938639563,0.0015914782303849985,0.0016677652956741099,1.0,0.3,0.2,1.0,1.0,1.0,1.0,1.4,1.0,169.1890371,168.2349707,2.023543843,0.865579837,1.157964006,0.011960254,0.005116052,0.006844202,670.75,161,0.999488913496589
LAKE:WAUCONDA 347,LAKE:WAUCONDA 347,LAKE:Wauconda 347,,,,,,,,,,0.810402597,0.114911212,0.018019415,0.036555349,0.018873315,0.000913346,0.3403,0.8716,0.1284,0.7434,0.0085,0.0,0.0001,0.2453,0.059311406,0.096925722,0.188146491,0.100526423,0.123421816,0.163862632,0.146473344,0.050449354,0.07088281,0.011049738,0.062624183,0.029203033,0.012477894,0.026844097,0.009580503,0.071457294,0.015231164,0.031920462,0.052991193,0.081476146,0.115117764,0.107297197,0.088803781,0.072837602,0.211087946,,0.00424703,,,,,0.040685225,467.0,50.0,95662,204.4630074,0.072361173,,,-0.87016579,,,,-0.578551308,-0.516718179,mc_lake_2race,LAKE,Wauconda 347,0,0,0,,0,1,0,267,178,119,155,117,78,0.51528,30.380352326875094,54,0.46402,29.76243470302038,53,0.01922,15.57920242993901,28,0.00062,6.038116112128006,11,0.0003,5.11983844569183,9,0.00036,6.550508358254986,12,0.0002,3.3055496111088116,6,LAKE:WAUCONDA 347,LAKE:WAUCONDA 347,LAKE:WAUCONDA 347,1.3,82.55984579,1.923612357,1.923612357,1.923612357,1.923612357,5.898480066,1.923612357,1.923612357,21.825660757532397,20.42702681184591,10.46875280539752,3.964469346317993,3.7824858810147655,5.568098726960719,2.5708744584518946,30.121111296362947,29.448835077520915,15.526795945360146,5.939032284474846,5.092737716908188,6.4760891640654545,3.208075957373939,19.50885912372146,22.318604783053956,13.883776722292078,7.249340723858192,3.4928430610840144,0.0013169752448032963,0.0014095652279433088,1.0,0.3,0.2,1.0,1.0,1.0,1.0,1.4,1.0,537.3936716,534.2417828,6.302276666,2.626666935,3.675609731,0.011727486,0.004887789,0.006839697,1714.45,178,0.9998773247209223
LAKE:WAUCONDA 350,LAKE:WAUCONDA 350,LAKE:Wauconda 350,,,,,,,,,,0.658499956,0.278134783,0.012604908,0.027438147,0.041552675,0.001003773,0.259,0.7469,0.2531,0.8743,0.0213,0.0,0.0239,0.0558,0.100035171,0.119671753,0.149695802,0.094329541,0.116292044,0.143539262,0.169674085,0.083811183,0.02295116,0.029808338,0.015284498,0.0260027,0.047575556,0.014436039,0.032339475,0.044927576,0.024865628,0.077222302,0.087268363,0.072891156,0.148815067,0.085040007,0.081339765,0.097051927,0.115131605,,0.120983647,,,,,-0.031847134,471.0,51.1,79599,219.9166068,0.569679501,,,-1.100914085,,,,-0.453778867,-0.47444149,mc_lake_2race,LAKE,Wauconda 350,0,0,0,,0,1,0,285,0,127,197,148,99,0.51854,30.44872643507044,0,0.46082,29.742023789397763,0,0.01908,15.52980398600184,0,0.0007,5.960737714245141,0,0.00034,5.182935789195644,0,0.00034,6.590473107568629,0,0.00018,3.2630202224284197,0,LAKE:WAUCONDA 350,LAKE:WAUCONDA 350,LAKE:WAUCONDA 350,1.3,81.71916733,2.073735799,2.073735799,2.073735799,2.073735799,5.838417876,2.073735799,2.073735799,21.825762397489484,20.427181160128587,10.468860001228949,3.9642297366848,3.7825021222980064,5.56774461847568,2.5705110443934394,30.12141754135169,29.449244174538503,15.527064671493914,5.938742038208695,5.092745200268883,6.475743164234842,3.2077206519699106,19.508960763678548,22.318759131336634,13.883883918123507,7.249101114224999,3.4928593023672554,0.0009628667597642439,0.0010461511694879761,1.0,0.3,0.2,1.0,1.0,1.0,1.0,1.4,1.0,194.9235684,194.6788979,0.729770001,0.353493825,0.376276175,0.003743878,0.0018135,0.001930378,1163.74,0,0.04261295354119673
LAKE:WAUCONDA 353,LAKE:WAUCONDA 353,LAKE:Wauconda 353,,,,,,,,,,0.797938625,0.153130829,0.007189063,0.026417314,0.019692046,0.001857111,0.2861,0.8855,0.1145,0.7622,0.0227,0.0,0.0,0.1928,0.051834093,0.09867411,0.218981097,0.097655097,0.095204439,0.18935418,0.143164769,0.071440415,0.033691798,0.033153546,0.01548879,0.0176183,0.03712591,0.001494275,0.006586455,0.058555515,0.000575617,0.068439412,0.044836757,0.10177954,0.114020799,0.034061186,0.090044721,0.066659594,0.309559582,,-0.1082164,,,,,-0.088082902,386.0,50.1,100239,168.5036703,-0.406752635,,,-1.279817789,,,,-0.609477493,-0.952418356,mc_lake_2race,LAKE,Wauconda 353,0,0,0,,0,1,0,219,146,97,140,105,70,0.5167,30.433100821677613,44,0.46286,29.717728665872478,43,0.01882,15.610025559280565,23,0.0008,6.039852669851883,9,0.00024,5.113726365977043,7,0.00038,6.5312573566111105,10,0.0002,3.3087141964217595,5,LAKE:WAUCONDA 353,LAKE:WAUCONDA 353,LAKE:WAUCONDA 353,1.3,88.29146233,0.900093804,0.900093804,0.900093804,0.900093804,6.307974846,0.900093804,0.900093804,21.825773777891314,20.42719844216538,10.468872003709773,3.9639469721328986,3.7825039407986702,5.567570953184262,2.5704083888713836,30.121613245487946,29.449477059498232,15.5272096336526,5.9383967046507875,5.0927749398540465,6.475578680709189,3.207627178213619,19.508972144080378,22.318776413373428,13.883895920604331,7.248818349673098,3.4928611208679192,0.0007892014683458187,0.0009434956474322609,1.0,0.3,0.2,1.0,1.0,1.0,1.0,1.4,1.0,165.1095495,164.5220924,1.295973112,0.630782993,0.665190119,0.007849171,0.003820391,0.00402878,505.15,146,0.9993978773935481
LAKE:WAUCONDA 354,LAKE:WAUCONDA 354,LAKE:Wauconda 354,,,,,,,,,,0.866382488,0.084338298,0.011622055,0.014500385,0.032451874,0.001006867,0.2152,0.7102,0.2898,0.8584,0.022,0.0,0.0,0.1,0.069527415,0.116268674,0.17935497,0.090223526,0.120229715,0.167355009,0.153489149,0.081863889,0.021687651,0.028536088,0.021245068,0.031741277,0.041924257,0.001026065,0.009894787,0.065577197,0.017592024,0.084334778,0.087800321,0.103683527,0.104027311,0.050412927,0.090285019,0.077863338,0.184056016,,-0.169280498,,,,,-0.067641682,547.0,50.3,76597,217.5391299,-0.666896332,,,-1.214787825,,,,-0.87147544,-1.009328515,mc_lake_2race,LAKE,Wauconda 354,0,0,0,,0,1,0,275,183,122,177,133,89,0.51606,30.38293324311504,56,0.46368,29.708727176090488,54,0.01898,15.572467634810172,28,0.0005,6.001829041784499,11,0.0004,5.134667956671632,9,0.00026,6.55421765747331,12,0.00012,3.244642591755579,6,LAKE:WAUCONDA 354,LAKE:WAUCONDA 354,LAKE:WAUCONDA 354,1.3,88.75399977,0.817496574,0.817496574,0.817496574,0.817496574,6.341020788,0.817496574,0.817496574,21.82590662963159,20.427400187999886,10.469012117432404,3.9642462820370916,3.7825251694847575,5.5674288293029415,2.57008166961955,30.121627241845616,29.449564072660745,15.527285970536997,5.938765991928588,5.092715553436265,6.475427354762145,3.2072912568960628,19.509104995820653,22.318978159207933,13.884036034326963,7.249117659577291,3.4928823495540064,0.0006470775870252648,0.0006167763955990931,1.0,0.3,0.2,1.0,1.0,1.0,1.0,1.4,1.0,503.3720963,502.6562165,2.14354136,1.426425995,0.717115365,0.004258363,0.002833741,0.001424623,2310.83,183,0.999573604522528
MCHENRY:ALG 1,MCHENRY:ALGONQUIN ALG 01,MCHENRY:ALG 1,,,,,,,,,,0.878194034,0.073337393,0.010652173,0.013891911,0.017400601,2.15e-05,0.3115,0.933,0.067,0.7972,0.0089,0.0,0.0,0.1592,0.11181341,0.105802915,0.099006804,0.171411433,0.125792481,0.133984968,0.112246413,0.084982153,0.054959422,0.025922451,0.000120882,0.010125074,0.000746072,0.01618411,0.03655653,0.016071568,0.053258086,0.035886719,0.076043686,0.112963815,0.20330819,0.043503307,0.085393345,0.093905598,0.190010565,,-0.143690598,,,,,-0.024734982,566.0,47.9,89279,234.1814677,-0.557878899,,,-1.078288088,,,,-0.685449194,-0.883134642,mc_lake_2race,MCHENRY,ALG 1,0,0,0,,0,0,1,227,151,101,96,72,48,0.51622,30.429341847846693,46,0.46228,29.75624098739805,45,0.01984,15.641286534953988,24,0.00062,5.985648767808735,9,0.00064,5.14123106854965,8,0.00032,6.556590036976377,10,8e-05,3.2669549518022456,5,MCHENRY:ALG 1,MCHENRY:ALGONQUIN ALG 01,MCHENRY:ALG 1,1.0,87.65882012,1.01306735,1.01306735,1.01306735,1.01306735,6.262775786,1.01306735,1.01306735,21.82591341299246,20.4274104890678,10.46901927158741,3.964197909005737,3.78252625341364,5.567388240289049,2.570049575730222,30.121668102966883,29.44961504530536,15.52731843927452,5.938707040478016,5.092719709324312,6.475388353729425,3.2072607509879076,19.509111779181524,22.318988460275847,13.884043188481968,7.249069286545936,3.492883433482889,0.0006064885731333828,0.0005846825062708124,1.0,0.3,0.2,1.0,1.0,1.0,1.0,1.4,1.0,558.7805264,556.7753811,5.480320063,2.780282316,2.700037748,0.009807643,0.004975625,0.004832018,1366.05,151,0.9986287634979807
MCHENRY:ALG 10,MCHENRY:ALGONQUIN ALG 10,MCHENRY:ALG 10,,,,,,,,,,0.787510229,0.116991103,0.032630092,0.048375928,0.013166802,0.0,0.291,0.3788,0.6212,0.8641,0.0112,0.0,0.0011,0.0886,0.106839573,0.142799521,0.147553169,0.137896616,0.178844155,0.102798888,0.074876718,0.067000623,0.041390737,0.023440289,0.051044466,0.002804416,0.014666822,0.011452194,0.028512442,0.036326757,0.003930253,0.108413267,0.107819366,0.171476323,0.099940653,0.180632785,0.048313539,0.051330324,0.059896106,,0.000959185,,,,,0.188811189,429.0,43.8,69761,210.703884,0.05835438,,,-0.39893041,,,,-0.536550389,-0.227448614,mc_lake_2race,MCHENRY,ALG 10,0,0,0,,0,0,1,86,57,38,136,102,68,0.1674,24.08107306742667,14,0.78246,33.08546916335715,19,0.0485,18.7095943072707,11,0.0007,6.806687787261856,4,0.00022,4.239735121571562,2,0.00052,6.47291793991589,4,0.0002,3.1348790369075523,2,MCHENRY:ALG 10,MCHENRY:ALGONQUIN ALG 10,MCHENRY:ALG 10,1.0,75.32612106,3.215368604,3.215368604,3.215368604,3.215368604,5.381667314,3.215368604,3.215368604,19.038490887299158,25.03467108567412,14.138202390099885,5.222341841226333,3.400965959906811,5.568769343771214,2.5714434252184266,23.991958270430413,32.81248195845666,18.699761368329504,6.718581624181874,4.151980013326304,6.35301453203858,3.084899675303102,16.721689253488222,26.926249056882167,17.553226306994443,8.507213218766532,3.11132313997606,0.0019875920552981947,0.001978531994475383,1.0,0.3,0.2,1.0,1.0,1.0,1.0,1.4,1.0,117.1493952,116.6935322,1.313507516,0.412071327,0.901436189,0.011212243,0.003517486,0.007694758,1614.78,57,1.0000000000000004
MCHENRY:ALG 11,MCHENRY:ALGONQUIN ALG 11,MCHENRY:ALG 11,,,,,,,,,,0.829040252,0.093045218,0.022757992,0.04236903,0.008517979,0.000327011,0.2776,0.9159,0.0841,0.89,0.0,0.0087,0.0,0.1013,0.053895607,0.262491602,0.053061882,0.042390499,0.238506333,0.150908543,0.121289205,0.033484509,0.04397182,0.005981713,3.88e-06,0.017381796,0.0,0.004791408,0.005381177,0.005384005,0.026955106,0.001807519,0.054479231,0.163282874,0.066367026,0.256745713,0.097388145,0.152745023,0.141305379,,-0.088170532,,,,,-0.006342495,473.0,48.3,114429,199.1136845,-0.321353744,,,-1.01977579,,,,-0.814010462,-0.757867523,mc_lake_2race,MCHENRY,ALG 11,0,0,0,,0,0,1,164,109,73,189,142,95,0.51812,30.410205956761025,33,0.46054,29.732351057700956,32,0.01982,15.578387380173087,17,0.00066,6.006939664256661,7,0.00038,5.158574525588103,6,0.00036,6.541243538826105,7,0.00012,3.3848009651195046,4,MCHENRY:ALG 11,MCHENRY:ALGONQUIN ALG 11,MCHENRY:ALG 11,1.0,86.28735273,1.257975972,1.257975972,1.257975972,1.257975972,6.164791433,1.257975972,1.257975972,21.825595945730775,20.426928390018865,10.468684450833432,3.9646905664964907,3.782475524587454,5.568360360503768,2.57112276106773,30.12087285958251,29.4485241947222,15.526593876712486,5.939301002434762,5.092725216546366,6.47634341484342,3.2083168772246906,19.50879431191984,22.318506361226913,13.88370836772799,7.24956194403669,3.492832704656703,0.0015786087878525167,0.001657867843778755,1.0,0.3,0.2,1.0,1.0,1.0,1.0,1.4,1.0,177.0971789,176.4619165,1.694348141,0.847226568,0.847121573,0.009567336,0.004783964,0.004783371,1377.71,109,0.99966695400521
MCHENRY:ALG 12,MCHENRY:ALGONQUIN ALG 12,MCHENRY:ALG 12,,,,,,,,,,0.856930305,0.079551683,0.014393593,0.040629225,0.014354221,8.23e-07,0.3294,0.9313,0.0687,0.8778,0.0131,0.0,0.0002,0.1069,0.110701089,0.153018437,0.134176494,0.10187541,0.116975326,0.241901315,0.126312774,0.012677905,0.002361251,0.002232689,0.00436906,0.002226266,0.002180759,0.019498134,0.004400934,0.002211557,0.00226063,0.013164761,0.011030164,0.05242705,0.151989935,0.085189886,0.268850222,0.186881908,0.191086044,,0.028915039,,,,,0.172866521,457.0,49.0,138652,189.009408,0.177451189,,,-0.449655424,,,,-0.84492526,-0.214490444,mc_lake_2race,MCHENRY,ALG 12,0,0,0,,0,0,1,179,119,79,209,157,105,0.17616,24.5399336498188,29,0.78886,33.41200319359017,40,0.03316,17.599579735566568,21,0.0009,7.322627189916445,9,0.00032,4.051354038738735,5,0.0005,6.454087702301563,8,0.0001,3.205351291433936,4,MCHENRY:ALG 12,MCHENRY:ALGONQUIN ALG 12,MCHENRY:ALG 12,1.0,74.91048076,3.289591218,3.289591218,3.289591218,3.289591218,5.351971934,3.289591218,3.289591218,19.03857724872457,24.77145682369843,12.983167120926204,5.4579176585643,3.253783834093629,5.568088508488585,2.570958960227122,24.39399579566562,33.10975283488169,17.554357281861158,7.242721646110382,4.027029237787597,6.376369566102078,3.108451079657924,16.721775614913636,26.663034794906476,16.398191037820762,8.742789036104499,2.964141014162878,0.001306756772669043,0.0014940670031708726,1.0,0.3,0.2,1.0,1.0,1.0,1.0,1.4,1.0,300.4071873,299.4301109,2.608628649,1.29520261,1.313426039,0.008683643,0.00431149,0.004372153,1057.99,119,0.9989196215925594
MCHENRY:ALG 13,MCHENRY:ALGONQUIN ALG 13,MCHENRY:ALG 13,,,,,,,,,,0.845950849,0.069314211,0.01042106,0.057636589,0.013088509,0.0,0.2899,0.9285,0.0715,0.7692,0.0172,0.0,0.006,0.2012,0.112024093,0.173833644,0.087112269,0.104330385,0.180236179,0.141818745,0.140114878,0.04009023,0.020439577,0.001664646,0.003238034,0.01869384,0.001183322,0.005290627,0.026839835,0.010429297,0.028285306,0.07833434,0.044941905,0.080257018,0.180861289,0.108189598,0.130289703,0.185926546,0.095574695,,-0.076333843,,,,,0.070754717,424.0,47.4,104617,190.495331,-0.270927387,,,-0.774505258,,,,-0.712967589,-0.585663556,mc_lake_2race,MCHENRY,ALG 13,0,0,0,,0,0,1,180,120,80,156,117,78,0.51512,30.406688098450594,36,0.4643,29.775309850643527,36,0.01912,15.567975280120978,19,0.00062,5.982805250331934,7,0.00036,5.092132046523626,6,0.00024,6.5549025268826195,8,0.00024,3.319635995632489,4,MCHENRY:ALG 13,MCHENRY:ALGONQUIN ALG 13,MCHENRY:ALG 13,1.0,83.79925096,1.702286631,1.702286631,1.702286631,1.702286631,5.987029247,1.702286631,1.702286631,21.82542574065672,20.42666992020409,10.468504941957695,3.963952829330606,3.7824483271259832,5.56835693639056,2.5714555695557753,30.121078356511607,29.44867166777012,15.526655081450148,5.938394864066979,5.092841311313016,6.47636323298601,3.2086729279685344,19.508624106845783,22.31824789141214,13.883528858852253,7.248824206870805,3.492805507195232,0.001575184674644654,0.001990676331823824,1.0,0.3,0.2,1.0,1.0,1.0,1.0,1.4,1.0,328.7959737,327.7298971,2.842285382,1.420957084,1.421328299,0.008644526,0.004321699,0.004322828,1438.83,120,0.9985219923039921
MCHENRY:ALG 14,MCHENRY:ALGONQUIN ALG 14,MCHENRY:ALG 14,,,,,,,,,,0.827200014,0.084554815,0.011293099,0.05749853,0.010697742,3.32e-07,0.2801,0.7989,0.2011,0.7581,0.017,0.0,0.0066,0.2042,0.111912358,0.176127726,0.080972817,0.108805789,0.197745471,0.110867893,0.137681641,0.048765984,0.027120322,0.004442512,0.00888713,0.020900741,0.002666517,0.002664494,0.032616914,0.016201599,0.030929261,0.098652463,0.061391205,0.097519674,0.178585216,0.121129263,0.085965067,0.169657802,0.067790142,,-0.075256798,,,,,0.154150198,506.0,46.8,92237,224.6715604,-0.266338987,,,-0.509197947,,,,-0.64257135,-0.418125837,mc_lake_2race,MCHENRY,ALG 14,0,0,0,,0,0,1,179,119,79,166,125,83,0.17282,24.563643926140095,29,0.79136,33.384719424361045,40,0.03412,17.628239969241605,21,0.00086,7.3579118762592,9,0.00022,4.102402091148184,5,0.0004,6.4169354562892424,8,0.00022,3.152602821962236,4,MCHENRY:ALG 14,MCHENRY:ALGONQUIN ALG 14,MCHENRY:ALG 14,1.0,80.49499197,2.292341873,2.292341873,2.292341873,2.292341873,5.750956788,2.292341873,2.292341873,19.038389187142048,24.771171237368694,12.982968779464091,5.457662902325701,3.2537537832994725,5.568378157701425,2.571462357810563,24.393840758801698,33.10952575970286,17.5541863577241,7.242428319594347,4.0270705750366815,6.376665204640149,3.108960466566596,16.721587553331112,26.66274920857674,16.39799269635865,8.7425342798659,2.9641109633687215,0.001596405985509626,0.0019974645866114357,1.0,0.3,0.2,1.0,1.0,1.0,1.0,1.4,1.0,258.6853258,257.833839,2.286763693,1.102982148,1.183781545,0.008839944,0.004263799,0.004576145,1414.2,119,0.9999999999999997
MCHENRY:ALG 15,MCHENRY:ALGONQUIN ALG 15,MCHENRY:ALG 15,,,,,,,,,,0.726983847,0.090407722,0.037677456,0.135062252,0.008142988,0.000919063,0.2829,0.7511,0.2489,0.782,0.0039,0.0,0.0,0.1978,0.104662529,0.128457723,0.15575725,0.115570249,0.160237544,0.151476073,0.081954397,0.089405221,0.012479016,4.32e-06,0.001852125,0.044550937,0.032312812,0.062491753,0.033822411,0.024288204,0.026112172,6.72e-05,0.031549889,0.090010514,0.099194113,0.066917741,0.101985813,0.25400991,0.13083008,,-0.059337281,,,,,0.006289308,477.0,45.6,120078,211.0010686,-0.198519071,,,-0.979590043,,,,-0.544507172,-0.686688429,mc_lake_2race,MCHENRY,ALG 15,0,0,0,,0,0,1,87,58,39,208,156,104,0.51758,30.366884267095863,18,0.4601,29.711324873778366,17,0.02066,15.620253157768508,9,0.00064,6.049826701749426,4,0.0005,5.15043056809086,3,0.00036,6.583870944161338,4,0.00016,3.336436460272037,2,MCHENRY:ALG 15,MCHENRY:ALGONQUIN ALG 15,MCHENRY:ALG 15,1.0,85.35389919,1.424666646,1.424666646,1.424666646,1.424666646,6.098100936,1.424666646,1.424666646,21.82456258756821,20.42535915423457,10.467594606931778,3.964991231054756,3.7823104019025546,5.570842356668634,2.5743005313353815,30.119106077171534,29.445925873382155,15.524820234412605,5.939641759385273,5.092890254354867,6.478812003437973,3.2114812399220303,19.507760953757273,22.316937125442617,13.882618523826336,7.249862608594955,3.4926675819718036,0.004060604952718085,0.00483563811143019,1.0,0.3,0.2,1.0,1.0,1.0,1.0,1.4,1.0,310.5017297,309.7938552,1.900913334,0.347233437,1.553679898,0.00612207,0.001118298,0.005003772,1036.32,58,0.998418529537107
MCHENRY:ALG 16,MCHENRY:ALGONQUIN ALG 16,MCHENRY:ALG 16,,,,,,,,,,0.761044665,0.11581075,0.034454993,0.075635439,0.014980591,0.00519148,0.3532,0.9567,0.0433,0.7797,0.0172,0.0,0.0,0.2,0.093344025,0.134769738,0.113033318,0.136396702,0.12521985,0.175057999,0.099034954,0.104271587,0.018871827,0.015549037,0.011661778,0.06236511,0.018194956,0.038983173,0.006631458,0.009138136,0.024813891,0.000372305,0.088366519,0.04443915,0.086380279,0.130059244,0.093756636,0.223798681,0.145489646,,0.09020731,,,,,0.203463203,462.0,48.8,117896,228.8321449,0.438566943,,,-0.352317735,,,,-0.541434188,-0.055735981,mc_lake_2race,MCHENRY,ALG 16,0,0,0,,0,0,1,119,79,53,236,177,118,0.17542,24.561570377751025,19,0.78792,33.416603139275296,26,0.03482,17.62324997539754,14,0.00102,7.328340583817544,6,0.00024,4.113750569736753,3,0.00056,6.403898340326316,5,2e-05,3.0770974536367492,2,MCHENRY:ALG 16,MCHENRY:ALGONQUIN ALG 16,MCHENRY:ALG 16,1.0,69.06324482,4.333756408,4.333756408,4.333756408,4.333756408,4.934216737,4.333756408,4.333756408,19.038186994116984,24.770864191330105,12.982755534102218,5.458798917718239,3.2537214744095104,5.569427849859364,2.572344937499578,24.392996327266605,33.108186806703834,17.55333796118922,7.243671738768756,4.026994849260634,6.377680804709927,3.1098089541674514,16.721385360306048,26.662442162538152,16.397779450996776,8.743670295258438,2.9640786544787594,0.0026460981434484375,0.0028800442756270724,1.0,0.3,0.2,1.0,1.0,1.0,1.0,1.4,1.0,181.6555223,181.1564178,1.165677523,0.004401723,1.161275801,0.006416967,2.42e-05,0.006392736,1232.99,79,1.0000000000000002
MCHENRY:ALG 17,MCHENRY:ALGONQUIN ALG 17,MCHENRY:ALG 17,,,,,,,,,,0.733359108,0.097546979,0.035137264,0.122799599,0.009180528,0.001045116,0.2755,0.7404,0.2596,0.7777,0.0043,0.0,0.0,0.2004,0.121372027,0.131458169,0.138717412,0.099478566,0.150726467,0.156687595,0.071219704,0.086078,0.044262061,0.006305585,0.005407107,0.048053139,0.036052432,0.090204408,0.016394577,0.020313303,0.031502843,0.0,0.034386663,0.053141342,0.152852233,0.07484956,0.104705034,0.182089861,0.143741912,,-0.061601977,,,,,0.189320388,412.0,47.3,101799,202.6798997,-0.208167071,,,-0.397310487,,,,-0.545667249,-0.326381706,mc_lake_2race,MCHENRY,ALG 17,0,0,0,,0,0,1,152,101,67,204,153,102,0.17502,24.544935796431915,25,0.78864,33.402360803626564,34,0.03438,17.65014362079424,18,0.00104,7.268273426545083,7,0.00022,4.044376756123914,4,0.00058,6.464715801012677,7,0.00012,3.1718814341675285,3,MCHENRY:ALG 17,MCHENRY:ALGONQUIN ALG 17,MCHENRY:ALG 17,1.0,78.21918065,2.698742946,2.698742946,2.698742946,2.698742946,5.588361672,2.698742946,2.698742946,19.03766120087488,24.770065732866673,12.98220099978953,5.458584246216647,3.2536374566942756,5.570498222368393,2.573872837013409,24.39232367471293,33.107165550920485,17.552625519877104,7.243401784270879,4.027068001079285,6.378753617371709,3.111339293834035,16.720859567063943,26.66164370407472,16.397224916684088,8.743455623756846,2.9639946367635246,0.003716470652476745,0.004407943789457573,1.0,0.3,0.2,1.0,1.0,1.0,1.0,1.4,1.0,417.1206347,416.1280559,2.57987388,0.365340081,2.214533799,0.006184959,0.000875862,0.005309097,1412.96,101,0.9999999999999991
MCHENRY:ALG 18,MCHENRY:ALGONQUIN ALG 18,MCHENRY:ALG 18,,,,,,,,,,0.743186574,0.061714574,0.035655088,0.144678005,0.009137996,1.86e-06,0.365,0.8565,0.1435,0.7925,0.0,0.0,0.0,0.2075,0.131813749,0.075526921,0.139384977,0.177592799,0.126958339,0.155632501,0.088808772,0.069321269,0.034960674,0.003101315,0.006453321,0.011631673,0.007727365,0.017567688,0.045177504,0.025303912,0.002597054,3.6e-06,0.002634961,0.121555429,0.103213475,0.0893649,0.073242986,0.325699902,0.164724914,,-0.025422833,,,,,0.102880658,486.0,45.1,146732,247.2575903,-0.054037613,,,-0.672302514,,,,-0.5616784,-0.440453176,mc_lake_2race,MCHENRY,ALG 18,0,0,0,,0,0,1,180,120,80,240,180,120,0.17184,24.511895346990155,29,0.7908,33.49616529130199,40,0.03562,17.64322358862228,21,0.00108,7.307627963361636,9,0.00014,4.061899383522058,5,0.0004,6.482719793478661,8,0.00012,3.156582555288444,4,MCHENRY:ALG 18,MCHENRY:ALGONQUIN ALG 18,MCHENRY:ALG 18,1.0,80.99517691,2.203021773,2.203021773,2.203021773,2.203021773,5.786692452,2.203021773,2.203021773,19.03741729707117,24.76969534572446,12.981943763641702,5.4584953785702925,3.2535984827427598,5.571000354439723,2.5745841895536077,24.392006495990987,33.10668349365983,17.55228998365699,7.243288402971502,4.027101022023882,6.379256573416033,3.1120514703472275,16.720615663260233,26.66127331693251,16.39696768053626,8.743366756110492,2.9639556628120087,0.004218602723807084,0.0051192963296564165,1.0,0.3,0.2,1.0,1.0,1.0,1.0,1.4,1.0,623.5850041,622.8242863,3.42250091,2.281261298,1.141239612,0.005488427,0.0036583,0.001830127,1600.78,120,0.9995667185087709
MCHENRY:ALG 19,MCHENRY:ALGONQUIN ALG 19,MCHENRY:ALG 19,,,,,,,,,,0.787096985,0.103962846,0.026930182,0.069706472,0.01443732,0.000602657,0.2477,0.7542,0.2458,0.8384,0.0036,0.0,0.0,0.1233,0.156129571,0.077107832,0.102733599,0.142007921,0.095981412,0.188679945,0.082743699,0.050649496,0.103966526,0.014491074,0.020644941,0.018909217,0.00400486,0.055026745,4.13e-05,0.03593464,0.015502475,3.05e-05,0.013862046,0.045723854,0.172469774,0.101907198,0.091171844,0.203404381,0.206875163,,0.01248232,,,,,0.0,366.0,51.7,125398,174.744547,0.107444943,,,-0.999598314,,,,-0.735428845,-0.584457093,mc_lake_2race,MCHENRY,ALG 19,0,0,0,,0,0,1,146,97,65,214,161,107,0.5155,30.35652990367832,29,0.46372,29.730850794709006,29,0.01924,15.632158120686368,15,0.00066,6.0502681500982884,6,0.0005,5.187276514330068,5,0.00024,6.507364283491903,6,0.00014,3.2728898578487526,3,MCHENRY:ALG 19,MCHENRY:ALGONQUIN ALG 19,MCHENRY:ALG 19,1.0,83.77888093,1.705924192,1.705924192,1.705924192,1.705924192,5.985573912,1.705924192,1.705924192,21.82529118376194,20.42646558495813,10.468363029872895,3.9647671114198495,3.7824268259693254,5.569086009630933,2.572057024939108,30.120359441340543,29.447766750677175,15.526076229094603,5.939386677405163,5.092775262539413,6.477065501942018,3.2092475790675032,19.508489549951005,22.318043556166177,13.883386946767454,7.2496384889600485,3.4927840060385744,0.0023042579150172864,0.00259213171515688,1.0,0.3,0.2,1.0,1.0,1.0,1.0,1.4,1.0,217.2476196,216.9828073,1.193102699,0.794017709,0.399084991,0.005491902,0.003654897,0.001837005,1249.23,97,0.9999999999999997
MCHENRY:ALG 2,MCHENRY:ALGONQUIN ALG 02,MCHENRY:ALG 2,,,,,,,,,,0.842105889,0.10513314,0.009878244,0.012806724,0.029006288,7.15e-07,0.3101,0.9366,0.0634,0.7488,0.0263,0.0,0.0001,0.2081,0.134965386,0.157165114,0.108051343,0.171417952,0.113486578,0.108617588,0.099898646,0.060574871,0.045822522,0.027230151,0.012723528,0.006823858,0.008935761,0.045281012,0.014269463,0.021995242,0.028119875,0.024408925,0.09071513,0.121604908,0.142984854,0.144780664,0.099124603,0.082834786,0.128167239,,-0.028280601,,,,,0.079086116,569.0,44.7,92116,229.7236987,-0.066212203,,,-0.748000452,,,,-0.596008356,-0.492329858,mc_lake_2race,MCHENRY,ALG 2,0,0,0,,0,0,1,255,170,113,112,84,56,0.49906,29.85723229821349,51,0.47,29.51051485740467,50,0.0292,16.71174673370452,28,0.00054,5.551712082469713,9,0.00044,5.268624516610825,9,0.00056,6.460586728762243,11,0.0002,3.1956919505330807,5,MCHENRY:ALG 2,MCHENRY:ALGONQUIN ALG 02,MCHENRY:ALG 2,1.0,82.08275671,2.008808135,2.008808135,2.008808135,2.008808135,5.864394483,2.008808135,2.008808135,21.825925510822483,20.66961258456013,11.531335728795815,3.7466623435201925,3.917895868228575,5.567342484727559,2.5700046519805317,29.624862441887736,29.221800800882857,16.694122094037503,5.442765888427721,5.197500194806561,6.449876396476894,3.181749625547176,19.509123877011547,22.561190555768178,14.946359645690373,7.031533721060391,3.628253048297824,0.000560733011643201,0.0005397587565803507,1.0,0.3,0.2,1.0,1.0,1.0,1.0,1.4,1.0,214.203653,213.4330908,2.2944957,1.218630647,1.075865053,0.010711749,0.005689122,0.005022627,870.02,170,0.9998344421001402
MCHENRY:ALG 20,MCHENRY:ALGONQUIN ALG 20,MCHENRY:ALG 20,,,,,,,,,,0.771791681,0.06892558,0.031339606,0.113260831,0.013144931,0.000331524,0.2708,0.8938,0.1062,0.7574,0.0052,0.0,0.0,0.2116,0.102578404,0.092544012,0.155515183,0.141169687,0.104640325,0.199467583,0.10877519,0.064340693,0.030968924,2.52e-05,0.018852011,0.01804001,0.004553941,0.011793385,0.037198774,0.034322997,0.008090368,0.0,0.013169196,0.131716537,0.060707995,0.071384704,0.073948134,0.349118646,0.167078124,,-0.037935711,,,,,0.006237006,481.0,48.3,152320,218.7278683,-0.107344654,,,-0.979756432,,,,-0.653668624,-0.652602015,mc_lake_2race,MCHENRY,ALG 20,0,0,0,,0,0,1,92,61,41,223,168,112,0.51792,30.408834648935333,19,0.46094,29.716486045287628,18,0.0195,15.691748302998532,10,0.0006,6.020169998061219,4,0.00042,5.161931249567363,3,0.00036,6.488900517182718,4,0.00026,3.2724942989160706,2,MCHENRY:ALG 20,MCHENRY:ALGONQUIN ALG 20,MCHENRY:ALG 20,1.0,84.86140822,1.512612802,1.512612802,1.512612802,1.512612802,6.062914968,1.512612802,1.512612802,21.82480563313141,20.425728238070946,10.467850937925688,3.964769984322655,3.7823492387138393,5.570179769084397,2.5735166755665833,30.119616556977356,29.446647022399564,15.525304952879505,5.939377627287683,5.092868442617204,6.478157435802814,3.210705404102311,19.508003999320476,22.317306209278993,13.882874854820246,7.249641361862854,3.4927064187830883,0.0033980173684808723,0.004051782342632169,1.0,0.3,0.2,1.0,1.0,1.0,1.0,1.4,1.0,212.5896748,212.3304191,1.166650655,0.777767103,0.388883552,0.005487805,0.003658537,0.001829268,870.87,61,1.0000000000000004
MCHENRY:ALG 21,MCHENRY:ALGONQUIN ALG 21,MCHENRY:ALG 21,,,,,,,,,,0.867979193,0.069549371,0.018282627,0.030690983,0.013068859,0.000926348,0.2899,0.952,0.048,0.784,0.0048,0.0,0.0097,0.1774,0.108640854,0.09953412,0.146052357,0.110969577,0.115839455,0.198138929,0.128612373,0.054860209,0.037352127,0.004663228,0.017354082,0.020604832,0.003161841,0.017018413,0.015111899,0.050514385,0.013442667,0.004571309,0.028870807,0.074236088,0.050503074,0.121164366,0.110078979,0.311977618,0.15672641,,-0.005552752,,,,,-0.034602076,578.0,50.6,142892,242.7998212,0.030612394,,,-1.109678424,,,,-0.765875855,-0.682069367,mc_lake_2race,MCHENRY,ALG 21,0,0,0,,0,0,1,243,162,108,183,138,92,0.51916,30.4844474607181,49,0.46026,29.74547838282675,48,0.01928,15.647912747063236,25,0.00056,5.9368237002429405,10,0.0004,5.110565105581716,8,0.00024,6.502711475219164,11,0.0001,3.225536150475282,5,MCHENRY:ALG 21,MCHENRY:ALGONQUIN ALG 21,MCHENRY:ALG 21,1.0,85.28896627,1.436261986,1.436261986,1.436261986,1.436261986,6.093461811,1.436261986,1.436261986,21.82572613437812,20.42712609173694,10.468821755892327,3.9645145592046847,3.7824963277317774,5.567975335501601,2.5706889643296313,30.12118256346946,29.448952512529846,15.526879327610484,5.939089238879098,5.0927200204308996,6.4759645442506475,3.2078892348959864,19.508924500567183,22.318704062944988,13.883845672786885,7.249385936744884,3.4928535078010263,0.0011935837856854488,0.0012240711056802564,1.0,0.3,0.2,1.0,1.0,1.0,1.0,1.4,1.0,491.5515786,491.0590724,2.907852149,1.198913428,1.708938721,0.00591566,0.002439039,0.003476621,2381.84,162,0.9991100428887275
MCHENRY:ALG 22,MCHENRY:ALGONQUIN ALG 22,MCHENRY:ALG 22,,,,,,,,,,0.79703848,0.121374458,0.027778861,0.03715155,0.017565813,0.000729184,0.2745,0.8781,0.1219,0.848,0.005,0.0,0.0129,0.1339,0.118375437,0.093745906,0.084174202,0.131393931,0.142612507,0.170971475,0.160444816,0.056361307,0.041920419,0.007595679,0.006678682,0.008440898,0.062177067,0.020930032,0.029329281,0.033336741,0.00814039,0.001821455,0.02234241,0.039776857,0.141768127,0.152614103,0.14220993,0.197803566,0.125034783,,-0.062804153,,,,,0.123505976,502.0,51.4,119274,223.7800066,-0.21328855,,,-0.606686876,,,,-0.747232446,-0.459162504,mc_lake_2race,MCHENRY,ALG 22,0,0,0,,0,0,1,141,94,63,208,156,104,0.51702,30.387305026537746,29,0.46126,29.70235690779084,28,0.02002,15.637405212103284,15,0.00052,6.0531455083490275,6,0.00048,5.135286929158882,5,0.0006,6.5243201167545966,6,0.0001,3.2226371255383786,3,MCHENRY:ALG 22,MCHENRY:ALGONQUIN ALG 22,MCHENRY:ALG 22,1.0,81.39917839,2.130877553,2.130877553,2.130877553,2.130877553,5.815556298,2.130877553,2.130877553,21.8256541109928,20.427016718551883,10.468745795542755,3.9649855092697734,3.7824848189488693,5.5683839584598545,2.571019398191415,30.120775623520082,29.448442492309038,15.526553737924825,5.9396630073781385,5.09268070807731,6.476357685654081,3.2082041872029516,19.508852477181865,22.31859468975993,13.883769712437314,7.249856886809972,3.4928419990181183,0.0016022067439385485,0.0015545049674637063,1.0,0.3,0.2,1.0,1.0,1.0,1.0,1.4,1.0,196.3715052,195.8859555,1.641532764,0.581338914,1.06019385,0.008359323,0.002960404,0.005398919,964.13,94,0.9999999999999996
MCHENRY:ALG 23,MCHENRY:ALGONQUIN ALG 23,MCHENRY:ALG 23,,,,,,,,,,0.771639676,0.077821132,0.027420177,0.104432961,0.012881461,0.000124168,0.2316,0.6245,0.3755,0.9088,0.0,0.0,0.0,0.0512,0.182263604,0.067242578,0.088592118,0.152000297,0.089672954,0.175635386,0.065478904,0.052025485,0.127088674,0.020489491,0.018663601,0.011103368,0.008045238,0.074097786,3.41e-05,0.018733604,0.010435123,9.04e-06,0.002938391,0.032184299,0.239513573,0.116752456,0.07437939,0.159218656,0.213401861,,-0.013510769,,,,,0.035897436,390.0,52.0,113651,172.6642548,-0.003290145,,,-0.885397255,,,,-0.804237171,-0.554607089,mc_lake_2race,MCHENRY,ALG 23,0,0,0,,0,0,1,135,90,60,234,176,117,0.51452,30.405763219992966,27,0.4644,29.747169211437036,27,0.01982,15.503806768479297,14,0.00052,6.021369886589886,5,0.00028,5.143497993864712,5,0.00032,6.5564524459179,6,0.00014,3.263817414233669,3,MCHENRY:ALG 23,MCHENRY:ALGONQUIN ALG 23,MCHENRY:ALG 23,1.0,83.2602614,1.798536236,1.798536236,1.798536236,1.798536236,5.94852119,1.798536236,1.798536236,21.824904047571277,20.42587768815159,10.467954731925689,3.9646083935771754,3.782364964584241,5.569873769728759,2.5731818425703143,30.119868671791476,29.44699166160537,15.525533542737794,5.9391826656964275,5.092867742346571,6.477857011614963,3.2103761462738274,19.50810241376034,22.317455659359638,13.882978648820247,7.249479771117374,3.49272214465349,0.003092018012843592,0.0037169493463630283,1.0,0.3,0.2,1.0,1.0,1.0,1.0,1.4,1.0,215.630413,215.3674395,1.184169066,0.787932226,0.39623684,0.005491661,0.003654087,0.001837574,1375.3,90,0.9999999999999997
MCHENRY:ALG 24,MCHENRY:ALGONQUIN ALG 24,MCHENRY:ALG 24,,,,,,,,,,0.700055498,0.202872111,0.017580064,0.05754578,0.021341974,0.000105635,0.1121,0.7759,0.2241,0.892,0.0,0.0,0.0,0.0848,0.115742065,0.16493702,0.11399735,0.175489971,0.152359582,0.109593351,0.061891977,0.069944371,0.036044313,0.01650578,0.013745339,0.011567995,0.022775942,0.019686487,0.028270494,0.017430871,0.043035527,0.001366212,0.08482871,0.147620933,0.314276647,0.097564524,0.055136914,0.084747911,0.041439714,,0.243804419,,,,,0.167785235,298.0,43.2,82411,150.9697787,1.09291739,,,-0.465820597,,,,-0.7079659,0.118706148,mc_lake_2race,MCHENRY,ALG 24,0,0,0,,0,0,1,113,75,50,186,140,93,0.16468,24.04353370991809,18,0.78492,33.07120768621995,25,0.0485,18.823648214255666,14,0.00092,6.746563563329546,5,0.00032,4.192325636257523,3,0.00052,6.498955781186176,5,0.00014,3.1034858747945733,2,MCHENRY:ALG 24,MCHENRY:ALGONQUIN ALG 24,MCHENRY:ALG 24,1.0,62.01593579,5.824523867,5.824523867,5.824523867,5.824523867,4.430722436,5.824523867,4.430722436,19.038388660391846,25.04862363580795,14.199976344054559,5.208822266450786,3.408835120853329,5.568554393585547,2.571544878372875,23.971099006472055,32.79731628520538,18.76026978796012,6.690035149986996,4.158635095278393,6.351560285279426,3.0837618318840643,16.72158702658091,26.940201607015997,17.615000260949117,8.493693643990985,3.119192300922578,0.001772641869631403,0.0020799851489237613,1.0,0.3,0.2,1.0,1.0,1.0,1.0,1.4,1.0,273.0918533,272.5295564,1.861472791,0.193922378,1.667550413,0.006816288,0.000710099,0.006106189,1083.21,75,0.9999999999999993
MCHENRY:ALG 25,MCHENRY:ALGONQUIN ALG 25,MCHENRY:ALG 25,,,,,,,,,,0.721850891,0.190851091,0.021968114,0.045892272,0.022978591,7.24e-05,0.1135,0.897,0.103,0.9698,0.0022,0.0,0.0,0.028,0.109497509,0.165219566,0.118731957,0.185160338,0.138188771,0.119809947,0.072236077,0.061341777,0.029814056,0.018563769,0.012876316,0.006666754,0.008491624,0.011339224,0.031442107,0.017055155,0.042054143,0.01818738,0.088983559,0.15001352,0.290856342,0.101114605,0.057010607,0.079113993,0.066230901,,0.176975422,,,,,0.118918919,370.0,42.8,83108,194.3587308,0.808214219,,,-0.62127975,,,,-0.853365803,-0.085219512,mc_lake_2race,MCHENRY,ALG 25,0,0,0,,0,0,1,140,93,62,144,108,72,0.16634,24.07172043737951,22,0.78142,33.088821239801845,31,0.0506,18.84852830374953,18,0.00072,6.736886294794428,6,0.00024,4.276714275694352,4,0.00052,6.441209167440038,6,0.00016,3.022802421707686,3,MCHENRY:ALG 25,MCHENRY:ALGONQUIN ALG 25,MCHENRY:ALG 25,1.0,70.25871015,4.120277202,4.120277202,4.120277202,4.120277202,5.019626639,4.120277202,4.120277202,19.03851857547468,25.058226115261196,14.241367873142195,5.200671175046397,3.414112877630741,5.568416889479533,2.5712260646279903,23.957102943570888,32.787010584504,18.80042828685098,6.671990461823294,4.162974056331737,6.35057543600988,3.0825956729756467,16.721716941663743,26.949804086469243,17.656391790036754,8.485542552586596,3.1244700576999898,0.001635137763616461,0.0017611714040390901,1.0,0.3,0.2,1.0,1.0,1.0,1.0,1.4,1.0,350.5757938,350.2475393,2.626035909,0.656508977,1.969526932,0.007490637,0.001872659,0.005617978,1713.81,93,0.9999999999999974
MCHENRY:ALG 26,MCHENRY:ALGONQUIN ALG 26,MCHENRY:ALG 26,,,,,,,,,,0.764390351,0.176187873,0.007394841,0.02833127,0.032843244,0.000910422,0.0878,0.8921,0.1079,0.9264,0.0011,0.0,0.0,0.0725,0.206598565,0.04971113,0.188184021,0.214667063,0.070636207,0.076284257,0.113600438,0.054700555,0.025617764,0.005519641,0.001858707,0.005508704,6.93e-05,0.029333414,0.07665477,0.040170614,0.083972505,0.043827052,0.069808934,0.08283802,0.220136695,0.159044003,0.124097213,0.014944981,0.04221544,,0.052968777,,,,,0.112709832,417.0,37.5,81864,191.3868848,0.279924304,,,-0.641032813,,,,-0.865371629,-0.295673894,mc_lake_2race,MCHENRY,ALG 26,0,0,0,,0,0,1,162,108,72,153,115,77,0.16342,23.896366756338267,26,0.77604,32.945705672736395,36,0.05888,19.428750972527602,21,0.00062,6.471629096788348,7,0.00024,4.277209488801901,5,0.0006,6.383610251149427,7,0.0002,3.110934470320074,3,MCHENRY:ALG 26,MCHENRY:ALGONQUIN ALG 26,MCHENRY:ALG 26,1.0,77.37257301,2.849925186,2.849925186,2.849925186,2.849925186,5.527875873,2.849925186,2.849925186,19.038714348200756,25.183142220998754,14.788196638503386,5.088071570446004,3.4837993754486685,5.5676193520813,2.5704726865986087,23.773222045758036,32.65174336501511,19.32770285328005,6.429938460723148,4.220474491721489,6.338765914616996,3.070830310951615,16.72191271438982,27.0747201922068,18.203220555397944,8.372942947986203,3.1941565555179174,0.0008376003653841997,0.0010077933746576596,1.0,0.3,0.2,1.0,1.0,1.0,1.0,1.4,1.0,229.4902508,229.1909687,1.855913133,0.45455783,1.401355303,0.008087111,0.001980728,0.006106383,1189.82,108,1.0000000000000009
MCHENRY:ALG 27,MCHENRY:ALGONQUIN ALG 27,MCHENRY:ALG 27,,,,,,,,,,0.683217414,0.231870002,0.026911503,0.044695645,0.033249002,0.001851027,0.1566,0.6335,0.3665,0.8925,0.0033,0.0001,0.0,0.0933,0.110595028,0.144110217,0.142274151,0.117627838,0.140729583,0.119165733,0.098305355,0.094615651,0.032576443,0.051075741,0.038067695,0.013904604,0.012359823,0.041842594,0.0272145,0.012228806,0.016293297,0.035308372,0.088112137,0.101787658,0.258009987,0.122604697,0.031817739,0.080869922,0.068502428,,-0.033843605,,,,,0.280353201,453.0,46.3,80989,204.760192,-0.089911569,,,-0.107706416,,,,-0.647758703,-0.101033349,mc_lake_2race,MCHENRY,ALG 27,0,0,0,,0,0,1,372,248,165,164,123,82,0.17284,24.55881318964067,61,0.79178,33.47459626734094,83,0.03362,17.58310769720538,44,0.0009,7.298817107151789,18,0.00018,4.025938234964888,10,0.00054,6.45912281104147,16,0.00014,3.1395228310735352,8,MCHENRY:ALG 27,MCHENRY:ALGONQUIN ALG 27,MCHENRY:ALG 27,1.0,70.87881948,4.009541706,4.009541706,4.009541706,4.009541706,5.063930289,4.009541706,4.009541706,19.038531915654808,24.77138798186037,12.983119309846355,5.45856214310507,3.2537765902178215,5.568527959477726,2.571251211098643,24.393619098575986,33.109149959682526,17.55398332146202,7.243431369231975,4.026979042899409,6.376790168388153,3.108724481826379,16.721730281843872,26.66296595306842,16.398143226740913,8.743433520645269,2.9641337702870705,0.0017462077618101766,0.0017863178746918501,1.0,0.3,0.2,1.0,1.0,1.0,1.0,1.4,1.0,928.775505,924.0718493,11.31874982,3.052039784,8.266710039,0.012186745,0.00328609,0.008900655,3358.19,248,0.999999999999999
MCHENRY:ALG 28,MCHENRY:ALGONQUIN ALG 28,MCHENRY:ALG 28,,,,,,,,,,0.854526307,0.075353244,0.015574487,0.031466345,0.021482896,0.000595773,0.3515,0.6225,0.3775,0.7652,0.0413,0.0028,0.0097,0.1438,0.116045408,0.151886724,0.082453347,0.165725681,0.136707689,0.162968864,0.095636398,0.05419348,0.034382409,0.013398263,0.035780449,0.071046312,0.0312668,0.072697818,0.00440216,0.012788681,0.001114198,0.04125417,0.054616998,0.052810844,0.119323846,0.10511535,0.098696351,0.121399387,0.164288374,,-0.008509273,,,,,0.245714286,525.0,46.8,97800,237.1533138,0.018017099,,,-0.217903723,,,,-0.535327828,-0.129433414,mc_lake_2race,MCHENRY,ALG 28,0,0,0,,0,0,1,309,206,137,176,132,88,0.1716,24.490135143939227,50,0.79186,33.38978184251021,69,0.03462,17.63757457145145,36,0.00098,7.340589844618034,15,0.00016,4.0811184269087875,8,0.00064,6.514575742915324,13,0.00014,3.2111075132360787,7,MCHENRY:ALG 28,MCHENRY:ALGONQUIN ALG 28,MCHENRY:ALG 28,1.0,71.9560031,3.817184555,3.817184555,3.817184555,3.817184555,5.140889568,3.817184555,3.817184555,19.03867939790696,24.771611945279844,12.983274853818365,5.4580292572324325,3.2538001567471557,5.56791715876916,2.5706790473784205,24.394092878636574,33.109896967892055,17.554462745155938,7.242851366445966,4.027009067545885,6.3761957329817225,3.108168683408292,16.721877764096025,26.66318991648789,16.398298770712923,8.742900634772631,2.9641573368164047,0.0011354070532443217,0.001214154154469348,1.0,0.3,0.2,1.0,1.0,1.0,1.0,1.4,1.0,492.4309172,490.6083115,6.235029822,3.564316389,2.670713433,0.012661735,0.007238206,0.005423529,2069.21,206,0.9997296459758358
MCHENRY:ALG 29,MCHENRY:ALGONQUIN ALG 29,MCHENRY:ALG 29,,,,,,,,,,0.746336925,0.149671289,0.046187074,0.047834847,0.017212336,0.001403444,0.197,0.7926,0.2074,0.8793,0.0251,0.0,0.0,0.0956,0.072232397,0.182637083,0.153017281,0.171509179,0.136919669,0.156604593,0.08563983,0.032324058,0.009115909,0.013136352,0.002239522,0.00410065,0.015364507,0.004172907,0.008204555,0.032664382,0.097526668,0.020334861,0.068151262,0.116935218,0.163252862,0.161714896,0.076973951,0.12620166,0.08902575,,0.047078283,,,,,0.21038961,385.0,42.0,92943,206.8404842,0.254829773,,,-0.330282651,,,,-0.674929139,-0.110865492,mc_lake_2race,MCHENRY,ALG 29,0,0,0,,0,0,1,144,96,64,146,110,73,0.16538,24.103306658244527,23,0.78008,33.031029934782616,32,0.0527,18.971841753352003,18,0.0006,6.653752920378208,6,0.00026,4.207142785339291,4,0.00082,6.345535154673433,6,0.00016,3.138657854087535,3,MCHENRY:ALG 29,MCHENRY:ALGONQUIN ALG 29,MCHENRY:ALG 29,1.0,71.25701623,3.942005541,3.942005541,3.942005541,3.942005541,5.09095052,3.942005541,3.942005541,19.03849691935259,25.077003615062473,14.323854058340387,5.185056400643511,3.424623411842213,5.569135039634706,2.5716006601685923,23.928433466357852,32.765285383966166,18.87981930061889,6.6367029204472425,4.171598084566023,6.349580801879533,3.081257484230728,16.721695285541653,26.96858158627052,17.738877975234946,8.46992777818371,3.134980591911462,0.0023532879187903285,0.002135766944641077,1.0,0.3,0.2,1.0,1.0,1.0,1.0,1.4,1.0,236.27499,235.5864074,2.333600564,0.789191077,1.544409486,0.00987663,0.003340138,0.006536492,665.46,96,0.9999999999999999
MCHENRY:ALG 3,MCHENRY:ALGONQUIN ALG 03,MCHENRY:ALG 3,,,,,,,,,,0.885550982,0.063047531,0.007852765,0.011900571,0.024818151,0.002399854,0.1647,0.8806,0.1194,0.7952,0.0,0.0,0.0,0.2043,0.198973587,0.171829748,0.065243481,0.226713332,0.05060203,0.078330558,0.089111297,0.075464236,0.043731732,0.062431221,0.000476239,0.020436782,0.023214117,0.023418102,0.033374615,0.025426918,0.005915123,0.045075884,0.063523875,0.13697168,0.128053567,0.162146466,0.152506622,0.056377281,0.060651507,,-0.092149029,,,,,0.067961165,515.0,41.0,86662,216.6475761,-0.338302835,,,-0.783392427,,,,-0.87575696,-0.61648383,mc_lake_2race,MCHENRY,ALG 3,0,0,0,,0,0,1,207,138,92,123,93,62,0.49616,29.662605440064333,41,0.4679,29.34884882631179,41,0.03436,17.20581004083551,24,0.00048,5.344818912156388,7,0.00048,5.211917083860804,7,0.00046,6.546718479191719,9,0.00016,3.247021273309858,4,MCHENRY:ALG 3,MCHENRY:ALGONQUIN ALG 03,MCHENRY:ALG 3,1.0,84.30459163,1.612045852,1.612045852,1.612045852,1.612045852,6.023133261,1.612045852,1.612045852,21.8259356127542,20.756625961910387,11.91295062398139,3.668428258187002,3.966524707895533,5.567265846398322,2.5699493702742973,29.450683689113472,29.141956690234036,17.103425343946064,5.268713346874371,5.234261875557956,6.440870955323625,3.172765541016909,19.509133978943265,22.648203933118435,15.327974540875948,6.953299635727201,3.676881887964782,0.00048409468240586583,0.000484477050346042,1.0,0.3,0.2,1.0,1.0,1.0,1.0,1.4,1.0,381.4716708,380.1027591,3.650403901,1.82507911,1.82532479,0.009569266,0.004784311,0.004784955,1941.88,138,0.9999999999999996
MCHENRY:ALG 30,MCHENRY:ALGONQUIN ALG 30,MCHENRY:ALG 30,,,,,,,,,,0.734137973,0.176897587,0.03352257,0.04380322,0.016168102,0.001233582,0.1802,0.7548,0.2452,0.8705,0.0316,0.0,0.0,0.0978,0.105147119,0.150848491,0.149177884,0.204615165,0.124471426,0.135932091,0.083105509,0.036264181,0.010438134,0.016165383,8.26e-05,0.013072159,0.011919057,0.017855797,0.016923239,0.051855592,0.115238019,0.036532445,0.074083591,0.101273393,0.155880997,0.143272534,0.079307853,0.097276165,0.069261193,,0.248361018,,,,,0.106382979,376.0,40.2,82217,198.8164999,1.112329296,,,-0.661160527,,,,-0.646895873,0.003898157,mc_lake_2race,MCHENRY,ALG 30,0,0,0,,0,0,1,78,52,35,216,162,108,0.16298,24.023786142725793,12,0.78254,33.02305644549299,17,0.05292,19.082212040057918,10,0.0008,6.620522498035587,3,0.00018,4.2317159914173565,2,0.00048,6.43412798414475,3,0.0001,3.1867544174026783,2,MCHENRY:ALG 30,MCHENRY:ALGONQUIN ALG 30,MCHENRY:ALG 30,1.0,66.51591589,4.795927593,4.795927593,4.795927593,4.795927593,4.752223072,4.795927593,4.752223072,19.03854186454469,25.119395237117708,14.509546766801407,5.146394194054901,3.4482870817978206,5.568692279478647,2.5713076412868636,23.86596342871969,32.71948325217598,19.05959628988318,6.553788754626622,4.19122206927025,6.345398611882587,3.0772250355081128,16.721740230733754,27.010973208325755,17.924570683695965,8.4312655715951,3.1586442618670696,0.001910527762730907,0.0018427480629125488,1.0,0.3,0.2,1.0,1.0,1.0,1.0,1.4,1.0,301.3173053,300.813632,2.619831625,0.631552987,1.988278638,0.008694594,0.002095973,0.006598621,711.55,52,1.0000000000000009
MCHENRY:ALG 31,MCHENRY:ALGONQUIN ALG 31,MCHENRY:ALG 31,,,,,,,,,,0.679587304,0.23748276,0.026589912,0.044578278,0.027207116,0.00179923,0.1981,0.765,0.235,0.889,0.0119,0.0,0.0014,0.0978,0.101599065,0.141306539,0.143071433,0.144635523,0.1350927,0.13205979,0.100395681,0.081321314,0.020517955,0.048399227,0.022395325,0.014305686,0.009222756,0.031668512,0.025059776,0.027535519,0.070063074,0.026773964,0.066531252,0.073812369,0.242614088,0.120996772,0.056585267,0.093596206,0.070440207,,0.093983397,,,,,0.293103448,464.0,45.1,83680,239.5307906,0.454653732,,,-0.067143862,,,,-0.604685823,0.128530236,mc_lake_2race,MCHENRY,ALG 31,0,0,0,,0,0,1,165,110,73,209,157,105,0.17576,24.56677022551922,27,0.78808,33.36413483349416,37,0.0344,17.636960636045877,19,0.00084,7.315047286806557,8,0.00018,4.095034592380656,5,0.00054,6.446003288360222,7,0.0002,3.115715249234674,3,MCHENRY:ALG 31,MCHENRY:ALGONQUIN ALG 31,MCHENRY:ALG 31,1.0,61.61379064,5.916445385,5.916445385,5.916445385,5.916445385,4.401991215,5.916445385,4.401991215,19.03853322408001,24.77138996880712,12.98312068979309,5.458545654632827,3.2537767992941027,5.568516382241921,2.5712432875804336,24.393628955213348,33.10916571929752,17.55399311876652,7.243413221192687,4.026980311583994,6.376779074428271,3.1087170415840926,16.721731590269073,26.662967940015168,16.398144606687648,8.743417032173026,2.9641339793633517,0.00173463052600458,0.0017783943564826043,1.0,0.3,0.2,1.0,1.0,1.0,1.0,1.4,1.0,467.0032459,463.3256314,6.58197747,3.092215124,3.489762347,0.014094072,0.0066214,0.007472673,1808.12,110,0.9999999999999996
MCHENRY:ALG 32,MCHENRY:ALGONQUIN ALG 32,MCHENRY:ALG 32,,,,,,,,,,0.625163027,0.296570847,0.020689133,0.045887646,0.038877566,0.002437765,0.1608,0.7936,0.2064,0.9404,0.0385,0.0001,0.0004,0.0206,0.095051101,0.134118001,0.137971712,0.077836732,0.147100804,0.130129995,0.119326225,0.127760456,0.030704974,0.082112994,0.045930491,0.014832432,0.007088857,0.045059924,0.032489245,0.00051778,0.021521413,0.015087592,0.057658834,0.045176108,0.331260729,0.100554253,0.033536039,0.092953213,0.074220096,,-0.093152861,,,,,0.202279202,351.0,50.6,85002,179.202316,-0.342579334,,,-0.356084415,,,,-0.676185637,-0.35102001,mc_lake_2race,MCHENRY,ALG 32,0,0,0,,0,0,1,72,48,32,193,145,97,0.17356,24.599262070155543,12,0.79022,33.43585352387595,16,0.03414,17.617947036561592,8,0.00122,7.300653698640966,4,0.00018,4.058840558761046,2,0.00048,6.447230949997124,3,0.0002,3.1598216167113167,2,MCHENRY:ALG 32,MCHENRY:ALGONQUIN ALG 32,MCHENRY:ALG 32,1.0,78.86672952,2.583107457,2.583107457,2.583107457,2.583107457,5.634625737,2.583107457,2.583107457,19.038518627046034,24.771367802060986,12.983105294851594,5.458224685136701,3.2537744668003667,5.5683811483000465,2.571209437760669,24.393761706063565,33.10938197584211,17.554121834720206,7.243057457618531,4.027009188898309,6.376652963822888,3.108692315100821,16.7217169932351,26.662945773269033,16.398129211746152,8.7430960626769,2.9641316468696157,0.0015993965841307545,0.001744544536717956,1.0,0.3,0.2,1.0,1.0,1.0,1.0,1.4,1.0,96.40123348,95.10021697,1.345026939,0.784313983,0.560712956,0.013952383,0.008135933,0.00581645,571.33,48,0.9999999999999997
MCHENRY:ALG 33,MCHENRY:ALGONQUIN ALG 33,MCHENRY:ALG 33,,,,,,,,,,0.866703016,0.064359617,0.013347107,0.042151448,0.014853828,0.000203025,0.2599,0.7065,0.2935,0.7468,0.0402,0.0061,0.0013,0.2056,0.156464543,0.141604245,0.080900129,0.107623202,0.15328685,0.14806342,0.122275413,0.057547828,0.032234369,0.009464199,0.008748858,0.119696239,0.030018194,0.076014853,0.011727114,0.012339941,0.003540788,0.056372057,0.074452944,0.046783509,0.028978546,0.114022531,0.124655343,0.14507086,0.138114023,,-0.048720473,,,,,0.062706271,606.0,48.7,104794,254.6872054,-0.153289619,,,-0.800109901,,,,-0.757095173,-0.557552296,mc_lake_2race,MCHENRY,ALG 33,0,0,0,,0,0,1,104,69,46,199,150,100,0.5148,30.382563650463766,21,0.4645,29.749070121079846,21,0.0191,15.59235271452264,11,0.00086,5.988661957302708,4,0.0003,5.150100602672544,4,0.00034,6.540971160970879,5,0.0001,3.2640319476331845,2,MCHENRY:ALG 33,MCHENRY:ALGONQUIN ALG 33,MCHENRY:ALG 33,1.0,83.31270267,1.789171581,1.789171581,1.789171581,1.789171581,5.952267852,1.789171581,1.789171581,21.825598371368063,20.4269320735402,10.468687009061645,3.9641909369718276,3.782475912185633,5.568093281451305,2.5709945069769162,30.121191665523366,29.44889498175874,15.52682197137474,5.938690370882724,5.092781172525023,6.476092496329457,3.2082047836723784,19.508796737557127,22.318510044748248,13.883710925956203,7.2490623145120265,3.492833092254882,0.001311529735388977,0.001529613752965163,1.0,0.3,0.2,1.0,1.0,1.0,1.0,1.4,1.0,224.7772256,224.0271934,2.641071803,1.430870632,1.210201171,0.01174973,0.006365728,0.005384003,586.35,69,0.9990600522211295
MCHENRY:ALG 34,MCHENRY:ALGONQUIN ALG 34,MCHENRY:ALG 34,,,,,,,,,,0.864865241,0.071083379,0.011881058,0.036109465,0.020637636,0.001172021,0.2691,0.8816,0.1184,0.7578,0.065,0.001,0.0055,0.1706,0.1031209,0.140445806,0.132091131,0.120808643,0.103297127,0.149920448,0.124623597,0.09673099,0.028961358,0.0435371,0.041496067,0.030153898,0.07104321,0.06073623,0.027889439,0.016311385,0.015855921,0.04256218,0.100544204,0.047605296,0.086221489,0.090421276,0.114897341,0.080218151,0.130506813,,-0.043195982,,,,,-0.105360444,541.0,50.5,75657,222.2940836,-0.129754325,,,-1.334783095,,,,-0.749701366,-0.882897306,mc_lake_2race,MCHENRY,ALG 34,0,0,0,,0,0,1,227,151,101,161,121,81,0.51026,30.329070494161613,46,0.46858,29.710746807648704,45,0.01952,15.591906654778484,24,0.00056,6.00117634162292,9,0.00048,5.133870168787193,8,0.0004,6.579251971359601,10,0.0002,3.254118099648863,5,MCHENRY:ALG 34,MCHENRY:ALGONQUIN ALG 34,MCHENRY:ALG 34,1.0,87.65651086,1.013479723,1.013479723,1.013479723,1.013479723,6.262610801,1.013479723,1.013479723,21.82566572831517,20.42703436037118,10.468758047894736,3.964145074767093,3.7824866753076125,5.567917745788816,2.5707810129004147,30.121323393938255,29.44908354657481,15.52694937137895,5.938636055009973,5.092773379031124,6.475918683602208,3.2079930125311154,19.508864094504233,22.318612331579228,13.883781964789295,7.249016452307292,3.4928438553768615,0.001135994072899723,0.0013161196764633184,1.0,0.3,0.2,1.0,1.0,1.0,1.0,1.4,1.0,486.1312483,485.2454823,3.322040769,0.801474665,2.520566104,0.006833629,0.00164868,0.00518495,1848.1,151,0.999517451752222
MCHENRY:ALG 35,MCHENRY:ALGONQUIN ALG 35,MCHENRY:ALG 35,,,,,,,,,,0.84193781,0.088194535,0.013701581,0.037162217,0.014942158,0.001833817,0.3234,0.9106,0.0894,0.8172,0.0346,0.0,0.0021,0.146,0.108398025,0.147308177,0.136023867,0.132649755,0.117934752,0.159049604,0.11549944,0.069652061,0.013484318,0.070329896,0.024679667,0.004491764,0.042049059,0.033197545,0.014170964,0.045266769,0.030190335,0.043642013,0.071520768,0.049336563,0.116246721,0.103412381,0.092631058,0.112942472,0.145892025,,0.089955535,,,,,0.222797927,386.0,46.8,90296,224.6715604,0.437494338,,,-0.290807884,,,,-0.698501338,-0.017694551,mc_lake_2race,MCHENRY,ALG 35,0,0,0,,0,0,1,183,122,81,181,136,91,0.17498,24.53503678367125,30,0.78666,33.38743062404386,41,0.03648,17.668998411451405,22,0.00094,7.3167474009732585,9,0.00028,3.9758797188151855,5,0.00056,6.434172045631041,8,0.0001,3.2175807804488934,4,MCHENRY:ALG 35,MCHENRY:ALGONQUIN ALG 35,MCHENRY:ALG 35,1.0,67.44425801,4.622865602,4.622865602,4.622865602,4.622865602,4.818548383,4.622865602,4.622865602,19.038615899458023,24.771515517882325,12.983207884397839,5.45789928330168,3.2537900101835002,5.56799194105521,2.570838375841326,24.394061660980917,33.109854429642844,17.554425754367394,7.242703727787053,4.027026770417495,6.376273801133658,3.108331297737083,16.721814265647087,26.66309348909037,16.398231801292397,8.74277066084188,2.964147190252749,0.0012101893392936214,0.0013734826173745444,1.0,0.3,0.2,1.0,1.0,1.0,1.0,1.4,1.0,318.3988963,317.5083136,2.48444551,0.878735373,1.605710136,0.007802934,0.002759857,0.005043077,1337.39,122,0.9999999999999997
MCHENRY:ALG 36,MCHENRY:ALGONQUIN ALG 36,MCHENRY:ALG 36,,,,,,,,,,0.768639014,0.161546734,0.011971805,0.039496712,0.023137531,2.49e-05,0.3217,0.8974,0.1026,0.8945,0.0,0.0,0.0,0.103,0.099060077,0.155930677,0.070766491,0.230166043,0.089147057,0.135067873,0.143011579,0.046159659,0.030690544,0.021418569,0.009002141,0.01603196,0.027049889,0.021456612,0.009143123,0.040765219,8.77e-05,0.000215054,0.01136061,0.03375269,0.156229196,0.181264553,0.134285912,0.215645123,0.122291606,,0.059993061,,,,,0.125603865,414.0,45.7,121169,184.5516389,0.309848978,,,-0.60001283,,,,-0.680662509,-0.258814652,mc_lake_2race,MCHENRY,ALG 36,0,0,0,,0,0,1,167,111,74,155,117,78,0.17502,24.5461263802586,27,0.7897,33.43520514882358,37,0.03358,17.59009701190772,20,0.0009,7.343587421212992,8,0.0002,3.9954328026273593,4,0.00044,6.467350713755635,7,0.00016,3.155423934170485,4,MCHENRY:ALG 36,MCHENRY:ALGONQUIN ALG 36,MCHENRY:ALG 36,1.0,76.29608769,3.042157638,3.042157638,3.042157638,3.042157638,5.450966484,3.042157638,3.042157638,19.038589874152056,24.771475996404774,12.98318043648866,5.4577948129452505,3.2537858515398153,5.567995781329046,2.5708912818133096,24.394073478232063,33.10987675276994,17.55443472918033,7.242586609976482,4.027038389595392,6.376280460005335,3.1083870223069083,16.72178824034112,26.66305396761282,16.398204353383218,8.74266619048545,2.9641430316090642,0.0012140296131298294,0.0014263885893583755,1.0,0.3,0.2,1.0,1.0,1.0,1.0,1.4,1.0,211.7834143,211.7547561,0.840489018,0.362928121,0.477560897,0.003968625,0.001713676,0.002254949,1469.18,111,0.9984047099859604
MCHENRY:ALG 37,MCHENRY:ALGONQUIN ALG 37,MCHENRY:ALG 37,,,,,,,,,,0.89533344,0.0449276,0.003162029,0.03084038,0.013819137,5.3e-07,0.4069,0.9621,0.0379,0.7626,0.0354,0.0,0.0,0.1929,0.054549586,0.227290075,0.064368689,0.101907563,0.189275742,0.160599131,0.149940354,0.045322717,0.006746144,3.63e-05,1.27e-05,1.9e-05,0.019003207,2.19e-05,0.011139049,0.009517451,0.012732573,4.69e-05,0.030137061,0.015807856,0.047598223,0.0452399,0.155142248,0.196825211,0.456720368,,-0.178721464,,,,,-0.146025878,541.0,48.1,189006,213.6757301,-0.707116492,,,-1.464152658,,,,-0.764172227,-1.180264096,mc_lake_2race,MCHENRY,ALG 37,0,0,0,,0,0,1,207,138,92,142,107,71,0.51588,30.42916179149145,42,0.46202,29.775911494000383,41,0.02044,15.601933458885913,22,0.00068,6.021678845866622,8,0.00046,5.117508699908643,7,0.00038,6.545936762344977,9,0.00014,3.23852548186139,4,MCHENRY:ALG 37,MCHENRY:ALGONQUIN ALG 37,MCHENRY:ALG 37,1.0,89.88623575,0.615308496,0.615308496,0.615308496,0.615308496,6.421913276,0.615308496,0.615308496,21.825724468877603,20.42712356254318,10.46881999935171,3.9637091422934354,3.782496061597606,5.567557339154373,2.570498968648331,30.121687983370368,29.449537405466558,15.52723818582329,5.938104722718856,5.092811294628618,6.475572579373734,3.207725270685002,19.508922835066667,22.318701533751227,13.883843916246269,7.248580519833634,3.492853241666855,0.0007755874384573915,0.0010340754243800426,1.0,0.3,0.2,1.0,1.0,1.0,1.0,1.4,1.0,847.0287342,847.0244476,3.249104187,1.62341772,1.625686467,0.003835884,0.001916603,0.001919281,1712.57,138,0.9994916890997225
MCHENRY:ALG 38,MCHENRY:ALGONQUIN ALG 38,MCHENRY:ALG 38,,,,,,,,,,0.889756542,0.034792783,0.005266865,0.052106112,0.012414171,0.0,0.4047,0.9743,0.0257,0.7224,0.0114,0.0,0.0,0.2526,0.097181029,0.221433798,0.085257068,0.130998324,0.164856885,0.173465381,0.095836952,0.021800333,0.00917023,0.005849841,4.44e-07,0.005849574,0.011114004,0.004680086,0.025037462,0.011114715,0.0,0.0,0.028546816,0.027035618,0.028081937,0.072834732,0.04855149,0.25398596,0.47731732,,-0.134507321,,,,,-0.087344029,561.0,45.6,195535,246.0688519,-0.518756539,,,-1.277467201,,,,-0.695365711,-0.992950703,mc_lake_2race,MCHENRY,ALG 38,0,0,0,,0,0,1,89,59,39,193,145,97,0.51664,30.444886756777024,18,0.46218,29.7267331451339,18,0.01948,15.595133503337122,9,0.00092,6.0156682623892745,4,0.00032,5.154522278405999,3,0.0003,6.507950758505573,4,0.00016,3.2455986327944815,2,MCHENRY:ALG 38,MCHENRY:ALGONQUIN ALG 38,MCHENRY:ALG 38,1.0,88.6258077,0.840388364,0.840388364,0.840388364,0.840388364,6.331862118,0.840388364,0.840388364,21.825487395256992,20.426763547572143,10.468569966740542,3.9637079855781066,3.7824581790568077,5.568090034945886,2.57121103399899,30.121326876724645,29.448992554899785,15.526862748722852,5.938097179016368,5.092857088024849,6.476104466903758,3.2084365277741713,19.508685761446056,22.31834151878019,13.8835938836351,7.2485793631183055,3.4928153591260567,0.0013082832299697658,0.001746140775039168,1.0,0.3,0.2,1.0,1.0,1.0,1.0,1.4,1.0,180.533913,180.533913,0.691259399,0.345629699,0.345629699,0.003828973,0.001914486,0.001914486,489.38,59,0.9999999999999987
MCHENRY:ALG 39,MCHENRY:ALGONQUIN ALG 39,MCHENRY:ALG 39,,,,,,,,,,0.896934906,0.061424614,0.007792212,0.019361142,0.014606938,1.85e-05,0.3421,0.9048,0.0952,0.9427,0.0091,0.0,0.0,0.0481,0.080184561,0.182243127,0.058551929,0.194567056,0.125350432,0.135492765,0.146778187,0.048440991,0.028390952,0.018157532,6.58e-05,0.018683754,0.034472933,0.014546754,4.14e-05,0.034389318,1.83e-05,4.37e-05,0.011580176,0.021907751,0.089330508,0.15761268,0.150851731,0.232265049,0.216032658,,-0.050898662,,,,,-0.123434705,559.0,47.0,141432,220.510976,-0.162569084,,,-1.392283017,,,,-0.946332068,-0.931140292,mc_lake_2race,MCHENRY,ALG 39,0,0,0,,0,0,1,144,96,64,229,172,115,0.51686,30.352182564289066,29,0.46172,29.674854246663863,28,0.01956,15.63437278390153,15,0.00086,6.032598770050654,6,0.00048,5.2093086711212,5,0.00024,6.518583174823755,6,0.00028,3.279304244685938,3,MCHENRY:ALG 39,MCHENRY:ALGONQUIN ALG 39,MCHENRY:ALG 39,1.0,88.10569958,0.933266229,0.933266229,0.933266229,0.933266229,6.294703045,0.933266229,0.933266229,21.82585244117192,20.42731789855457,10.468954966906619,3.964016616333933,3.7825165105857663,5.567430466688482,2.5701888875047527,30.121689382475832,29.449607218898944,15.527303120237764,5.938483866564053,5.092751924489828,6.475436223383211,3.20740570601679,19.509050807360985,22.318895869762617,13.883978883801177,7.248887993874132,3.4928736906550153,0.0006487149725667505,0.0007239942808014879,1.0,0.3,0.2,1.0,1.0,1.0,1.0,1.4,1.0,211.2882833,211.2880063,0.809230407,0.404149698,0.405080708,0.003829982,0.001912788,0.001917194,1103.23,96,1.0000000000000004
MCHENRY:ALG 4,MCHENRY:ALGONQUIN ALG 04,MCHENRY:ALG 4,,,,,,,,,,0.687273204,0.228900902,0.021420913,0.024217901,0.042229911,9.07e-05,0.1414,0.6407,0.3593,0.8655,0.0407,0.0,0.017,0.0768,0.150372132,0.110135576,0.118739999,0.167734459,0.144978378,0.095009139,0.134191657,0.043451794,0.035386868,0.096929382,0.020783664,0.000237074,0.007580556,0.034329107,0.018077619,0.004271333,0.036589522,0.053827797,0.119783091,0.16399013,0.140419816,0.07279344,0.096277591,0.109205273,0.024904606,,0.047191761,,,,,0.115124153,443.0,44.5,69841,202.0855305,0.255313209,,,-0.633352097,,,,-0.623614899,-0.300102607,mc_lake_2race,MCHENRY,ALG 4,0,0,0,,0,0,1,156,104,69,125,94,63,0.16788,24.156908563775623,25,0.78318,33.10107904060845,34,0.04732,18.704704037255226,19,0.00082,6.802056331586673,7,0.0002,4.199257022558026,4,0.00044,6.3743224460515,7,0.00016,3.2096537791125415,3,MCHENRY:ALG 4,MCHENRY:ALGONQUIN ALG 04,MCHENRY:ALG 4,1.0,77.49744008,2.827627155,2.827627155,2.827627155,2.827627155,5.536796988,2.827627155,2.827627155,19.038760204665124,25.018620977275084,14.066291032016757,5.236655477788611,3.3918092493935346,5.56791848708817,2.5705209053654454,24.017245681497354,32.831660493344174,18.629971028604288,6.750363856217114,4.144314030348958,6.353654435979985,3.085467916074569,16.721958570854188,26.91019894848313,17.481314948911315,8.52152685532881,3.1021664294627835,0.0011367353722545603,0.0010560121414943382,1.0,0.3,0.2,1.0,1.0,1.0,1.0,1.4,1.0,275.0623973,274.1089349,2.38385082,0.477705597,1.906145224,0.008666582,0.001736717,0.006929865,1663.82,104,0.9999999999999996
MCHENRY:ALG 40,MCHENRY:ALGONQUIN ALG 40,MCHENRY:ALG 40,,,,,,,,,,0.847596726,0.073839543,0.00972279,0.04939463,0.008996065,0.002426626,0.3743,0.9515,0.0485,0.8139,0.0411,0.0,0.0,0.145,0.125175952,0.150431837,0.127594943,0.146722586,0.137962254,0.166931,0.110468538,0.03465329,5.96e-05,0.082433272,0.0,0.0,0.004365042,0.008714624,0.0,0.073813636,0.043409717,0.052071995,0.03524704,0.047897639,0.126183737,0.123832053,0.086979602,0.15663121,0.158420435,,0.071528475,,,,,0.056521739,460.0,44.8,105221,207.732038,0.358991851,,,-0.819784847,,,,-0.663468339,-0.377743585,mc_lake_2race,MCHENRY,ALG 40,0,0,0,,0,0,1,81,54,36,212,159,106,0.1685,24.187434843500508,13,0.78198,33.115905012559054,18,0.04784,18.69257773786647,10,0.00072,6.843046428508387,4,0.00028,4.151995319689887,2,0.00054,6.42333153042271,3,0.00014,3.1429149311208286,2,MCHENRY:ALG 40,MCHENRY:ALGONQUIN ALG 40,MCHENRY:ALG 40,1.0,79.53831668,2.463179351,2.463179351,2.463179351,2.463179351,5.682607216,2.463179351,2.463179351,19.03847953065404,25.01114085680267,14.035054131307078,5.24223395969482,3.387821651835805,5.568153753604194,2.5711811082506046,24.027780039201794,32.83942682567087,18.59967281398329,6.76337065469482,4.1411045271966325,6.3545420824276615,3.086780498891382,16.721677896843104,26.902718828010716,17.450078048201636,8.52710533723502,3.098178831905054,0.0013720018882780356,0.0017162150266534586,1.0,0.3,0.2,1.0,1.0,1.0,1.0,1.4,1.0,143.4133997,143.0605992,1.234801719,0.529200737,0.705600982,0.008610086,0.003690037,0.004920049,612.49,54,1.0000000000000004
MCHENRY:ALG 41,MCHENRY:ALGONQUIN ALG 41,MCHENRY:ALG 41,,,,,,,,,,0.850707208,0.093678872,0.016027039,0.017256584,0.018137779,0.002137552,0.2528,0.8946,0.1054,0.7752,0.0504,0.0,0.0046,0.1699,0.09352621,0.131999962,0.138969136,0.136193332,0.083341117,0.151088181,0.139112496,0.10028001,0.025489555,0.043076519,0.047245124,0.006559694,0.071244921,0.055312592,0.030638894,0.013838301,0.013738945,0.029599072,0.098071649,0.047433647,0.143904097,0.093770027,0.127072655,0.06077573,0.117718133,,0.001464745,,,,,0.155642023,514.0,50.9,82512,232.1011755,0.060508154,,,-0.504451981,,,,-0.766642334,-0.292591931,mc_lake_2race,MCHENRY,ALG 41,0,0,0,,0,0,1,155,103,69,120,90,60,0.17272,24.496836729390903,25,0.79026,33.39175622772594,34,0.03562,17.646934042858863,18,0.0007,7.285137239601214,8,0.00012,4.102197203051759,4,0.00044,6.4485259301845606,7,0.00014,3.2076545459343158,3,MCHENRY:ALG 41,MCHENRY:ALGONQUIN ALG 41,MCHENRY:ALG 41,1.0,77.28511881,2.865542246,2.865542246,2.865542246,2.865542246,5.521627716,2.865542246,2.865542246,19.038837810487742,24.77185250726449,12.983441925595951,5.4581289544645575,3.253825469858918,5.56761301151111,2.570227195987637,24.394278703632583,33.110177461754006,17.554660883798974,7.24297141839597,4.026984040846488,6.375889843672281,3.1077150899661174,16.722036176676806,26.663430478472538,16.39846584249051,8.743000332004756,2.964182649928167,0.000831259795193747,0.0007623027636857974,1.0,0.3,0.2,1.0,1.0,1.0,1.0,1.4,1.0,245.9486977,245.631454,1.266527822,0.008946763,1.257581059,0.005149561,3.64e-05,0.005113184,1283.34,103,0.9996817080633601
MCHENRY:ALG 42,MCHENRY:ALGONQUIN ALG 42,MCHENRY:ALG 42,,,,,,,,,,0.837460449,0.106395058,0.019075106,0.023317652,0.012135438,0.001187734,0.2708,0.8493,0.1507,0.833,0.0025,0.0,0.0017,0.1628,0.122205725,0.099315774,0.117850348,0.131880237,0.157903716,0.148800138,0.145162813,0.055649989,0.021231261,0.007662984,2.23e-06,0.009169207,0.033133536,0.012270195,0.023591231,0.042050001,0.019586264,0.006348227,0.030865042,0.039410903,0.093373423,0.183694005,0.138362852,0.249278878,0.111201026,,0.036704222,,,,,0.048148148,540.0,47.4,124843,224.0771912,0.210634466,,,-0.846423879,,,,-0.789972354,-0.450027,mc_lake_2race,MCHENRY,ALG 42,0,0,0,,0,0,1,167,111,74,171,129,86,0.5147,30.332810596669702,34,0.46404,29.731946349387638,33,0.01958,15.621458269318317,17,0.00064,5.992534131421773,7,0.00058,5.174143102354321,6,0.00028,6.612913404030291,7,0.00018,3.2698546413246543,4,MCHENRY:ALG 42,MCHENRY:ALGONQUIN ALG 42,MCHENRY:ALG 42,1.0,81.20360553,2.16580181,2.16580181,2.16580181,2.16580181,5.801583614,2.16580181,2.16580181,21.825808333395585,20.42725091742112,10.46890844809756,3.9645959660605756,3.7825094625024227,5.567833054615441,2.5704616868459604,30.121256678894255,29.449082212458368,15.52697314157476,5.939190867853229,5.092694997266844,6.475819924985569,3.207659619033398,19.50900669958465,22.318828888629167,13.883932364992118,7.249467343600775,3.4928666425716717,0.0010513028995255578,0.0009967936220092164,1.0,0.3,0.2,1.0,1.0,1.0,1.0,1.4,1.0,346.1182462,345.529925,2.522521739,0.822086263,1.700435476,0.007288035,0.00237516,0.004912874,1588.04,111,0.9988084788830899
MCHENRY:ALG 43,MCHENRY:ALGONQUIN ALG 43,MCHENRY:ALG 43,,,,,,,,,,0.783880305,0.141642614,0.016343543,0.044432156,0.011915674,0.002270608,0.2388,0.787,0.213,0.8485,0.0023,0.0,0.001,0.1411,0.078910012,0.134618157,0.141260173,0.103927989,0.144254066,0.19157416,0.116567057,0.071935828,0.01695256,0.016001405,0.006382572,0.000395298,0.030019368,0.005285833,0.025556297,0.011630571,0.037691813,0.00686888,0.024520466,0.081232126,0.188168697,0.188756723,0.082827858,0.193864579,0.100797514,,0.093667229,,,,,0.089700997,301.0,48.4,108774,145.9176404,0.453306801,,,-0.714231169,,,,-0.74783401,-0.27640443,mc_lake_2race,MCHENRY,ALG 43,0,0,0,,0,0,1,239,159,106,166,125,83,0.17652,24.59048186108098,39,0.78732,33.38803840360615,53,0.03442,17.662465788942118,28,0.00096,7.326039959428998,12,0.0003,4.07480467120152,6,0.00038,6.396906883859979,10,0.0001,3.1876616694678725,5,MCHENRY:ALG 43,MCHENRY:ALGONQUIN ALG 43,MCHENRY:ALG 43,1.0,76.81817796,2.948925812,2.948925812,2.948925812,2.948925812,5.488267172,2.948925812,2.948925812,19.038534853070328,24.771392442557264,12.983122407827778,5.458001185706658,3.253777059594224,5.5682276158685236,2.5711065711087597,24.393893085627678,33.10959218729857,17.554252301520265,7.2428113642003344,4.027026543355507,6.376505971503278,3.108595988560824,16.72173321925939,26.66297041376531,16.398146324722337,8.742872563246857,2.964134239663473,0.001445864152607199,0.0016416778848085006,1.0,0.3,0.2,1.0,1.0,1.0,1.0,1.4,1.0,395.4899045,392.3230511,6.335528502,2.815607556,3.519920946,0.016019444,0.007119291,0.008900154,1684.69,159,1.0000000000000002
MCHENRY:ALG 44,MCHENRY:ALGONQUIN ALG 44,MCHENRY:ALG 44,,,,,,,,,,0.820188956,0.110186275,0.017765807,0.029822504,0.011416511,0.001115552,0.3024,0.879,0.121,0.7947,0.0025,0.0,0.0,0.1845,0.044427397,0.131589198,0.1350308,0.101666624,0.146517349,0.20405775,0.15113173,0.074553863,0.011025288,0.029974223,0.011959084,1.3e-05,0.023265696,0.010812591,0.026368786,0.003183249,0.038171546,0.003170639,0.010783616,0.123915429,0.238958142,0.148389884,0.045604721,0.180289525,0.105139908,,0.042603308,,,,,-0.075675676,370.0,50.7,97847,199.4108691,0.2357656,,,-1.240346492,,,,-0.666366146,-0.686804457,mc_lake_2race,MCHENRY,ALG 44,0,0,0,,0,0,1,137,91,61,149,112,75,0.51892,30.41281169048545,28,0.46026,29.677938897561408,27,0.01928,15.661735685796321,14,0.00058,5.997365270580135,5,0.00028,5.154555925334956,5,0.00044,6.5675747149814665,6,0.00024,3.227186827112178,3,MCHENRY:ALG 44,MCHENRY:ALGONQUIN ALG 44,MCHENRY:ALG 44,1.0,85.35552312,1.424376653,1.424376653,1.424376653,1.424376653,6.098216958,1.424376653,1.424376653,21.825735816314342,20.4271407945199,10.468831967065501,3.964491678828211,3.782497874830704,5.567941574885807,2.570654333010539,30.121211770648156,29.44899152267867,15.526904950704616,5.939061522802928,5.092720739599032,6.475931557845495,3.2078553777875363,19.508934182503406,22.318718765727947,13.88385588396006,7.24936305636841,3.492855054899953,0.0011598231698907477,0.001189439786587883,1.0,0.3,0.2,1.0,1.0,1.0,1.0,1.4,1.0,269.6788608,268.7736168,2.629922043,1.376045834,1.253876209,0.009752051,0.005102535,0.004649516,872.31,91,0.9999999999999993
MCHENRY:ALG 45,MCHENRY:ALGONQUIN ALG 45,MCHENRY:ALG 45,,,,,,,,,,0.763697976,0.163252337,0.01438046,0.028381864,0.030567155,0.000985937,0.2096,0.9065,0.0935,0.7608,0.0098,0.0,0.0327,0.1957,0.062111514,0.134916805,0.165887874,0.101872844,0.112368751,0.180354251,0.110170875,0.089020007,0.043297079,0.019192421,0.013222793,0.006056515,0.029042765,0.013278754,0.019487011,0.000343506,0.060148698,0.022862053,0.121560857,0.091960781,0.09396827,0.097460833,0.114865174,0.195338405,0.101211163,,0.008517873,,,,,0.076923077,468.0,50.4,102277,214.2700993,0.090555708,,,-0.75488176,,,,-0.632411154,-0.43784271,mc_lake_2race,MCHENRY,ALG 45,0,0,0,,0,0,1,221,147,98,126,95,63,0.17368,24.622880499333583,36,0.79124,33.480954396633,49,0.03334,17.581567078288835,26,0.0008,7.352086534177091,11,0.00016,4.074103711571732,6,0.00058,6.3940080124050365,9,0.0002,3.0884950789196077,5,MCHENRY:ALG 45,MCHENRY:ALGONQUIN ALG 45,MCHENRY:ALG 45,1.0,80.93772187,2.213281758,2.213281758,2.213281758,2.213281758,5.782587582,2.213281758,2.213281758,19.038713784171136,24.771664163531156,12.983311119714994,5.45798213236403,3.253805651407642,5.567815130094121,2.570564316040397,24.39416627148643,33.11001125234289,17.55453817125087,7.242801398027697,4.027009495230755,6.376095302982101,3.108055550745688,16.7219121503602,26.663242134739203,16.398335036609552,8.74285350990423,2.964162831476891,0.0010333783782052123,0.0010994228164459465,1.0,0.3,0.2,1.0,1.0,1.0,1.0,1.4,1.0,471.6057692,471.1755479,3.238147101,1.08799206,2.150155041,0.006866216,0.002306995,0.004559221,2058.64,147,0.9997954244791094
MCHENRY:ALG 46,MCHENRY:ALGONQUIN ALG 46,MCHENRY:ALG 46,,,,,,,,,,0.832261201,0.093900363,0.027158583,0.036855812,0.012049801,0.001261594,0.1768,0.8002,0.1998,0.7766,0.0203,0.0,0.022,0.1729,0.073396148,0.150333307,0.130032569,0.094240634,0.125280488,0.17887358,0.128508491,0.081912755,0.037422026,0.018848413,0.026197833,0.010827573,0.009302586,0.016221795,0.023456894,0.003112645,0.054136951,0.014141859,0.080084364,0.117273535,0.148684966,0.080120932,0.146737982,0.134514171,0.1163375,,0.02515725,,,,,0.066945607,478.0,51.2,96252,236.8561292,0.161442353,,,-0.786623237,,,,-0.778505491,-0.431098641,mc_lake_2race,MCHENRY,ALG 46,0,0,0,,0,0,1,203,135,90,137,103,69,0.17222,24.607379633104394,33,0.79188,33.460276964068626,45,0.03378,17.610303749980343,24,0.001,7.31715107365721,10,0.0004,4.057159134130406,5,0.00054,6.401623447482536,9,0.00018,3.098481953056941,4,MCHENRY:ALG 46,MCHENRY:ALGONQUIN ALG 46,MCHENRY:ALG 46,1.0,80.78803965,2.240011134,2.240011134,2.240011134,2.240011134,5.77189355,2.240011134,2.240011134,19.038619315307653,24.771520705119105,12.98321148696568,5.4586170097265825,3.253790556009993,5.568360082322156,2.571001881364252,24.393721688691446,33.10930482164142,17.55409270390735,7.243497450567049,4.026965248097217,6.376621334151272,3.1084741950106785,16.721817681496717,26.663098676327152,16.398235403860237,8.743488387266781,2.964147736079242,0.0015783306062401498,0.001536988140300814,1.0,0.3,0.2,1.0,1.0,1.0,1.0,1.4,1.0,348.5639522,348.3405214,2.2658113,1.06198758,1.20382372,0.006500418,0.003046751,0.003453667,1481.01,135,1.0000000000000007
MCHENRY:ALG 47,MCHENRY:ALGONQUIN ALG 47,MCHENRY:ALG 47,,,,,,,,,,0.775342919,0.158806088,0.024552285,0.036246749,0.011793361,0.000936113,0.2155,0.7416,0.2584,0.7429,0.0351,0.0,0.0131,0.2035,0.093164737,0.155316272,0.113667475,0.106032861,0.116262052,0.192310198,0.105444726,0.0740289,0.043772779,0.01147869,0.04411765,0.012663242,6.01e-05,0.029431851,0.009164382,0.001378026,0.078901684,0.009776879,0.072188735,0.112654073,0.161226919,0.079740297,0.202493446,0.076085426,0.098638578,,0.104364069,,,,,0.151376147,436.0,51.1,93326,219.9166068,0.498877203,,,-0.518023078,,,,-0.620483619,-0.136685472,mc_lake_2race,MCHENRY,ALG 47,0,0,0,,0,0,1,141,94,63,116,87,58,0.17142,24.560831647900283,23,0.79258,33.473500436240144,31,0.03408,17.617487118921996,17,0.00086,7.2766293057711815,7,0.00026,4.078494965360352,4,0.00076,6.457431409891136,6,4e-05,3.0853538642718803,3,MCHENRY:ALG 47,MCHENRY:ALGONQUIN ALG 47,MCHENRY:ALG 47,1.0,72.22363969,3.769391578,3.769391578,3.769391578,3.769391578,5.160010838,3.769391578,3.769391578,19.038626105234776,24.7715310161584,12.983218648045874,5.45848156019307,3.253791640988114,5.568273882402104,2.5709486855887635,24.393796818088994,33.10942534029384,17.55416706139662,7.243348122203508,4.026976082785645,6.376539076146926,3.1084249411508966,16.72182447142384,26.663108987366446,16.398242564940432,8.743352937733269,2.9641488210573628,0.0014921306861881778,0.0014837923648124804,1.0,0.3,0.2,1.0,1.0,1.0,1.0,1.4,1.0,291.6289173,291.3540403,2.200395267,0.825780349,1.374614918,0.007545189,0.002831613,0.004713575,1389.16,94,1.0000000000000002
MCHENRY:ALG 48,MCHENRY:ALGONQUIN ALG 48,MCHENRY:ALG 48,,,,,,,,,,0.80677623,0.133295469,0.012329103,0.020993357,0.029838296,0.000545916,0.2085,0.7729,0.2271,0.9258,0.0133,0.0,0.0,0.0609,0.115147837,0.108340533,0.113911032,0.163318492,0.142565368,0.121710283,0.173560344,0.040172674,0.021273437,0.018209691,0.030667954,0.00847543,0.000235936,0.026692822,0.006740467,0.027297712,0.019339167,0.025669676,0.157040088,0.07329448,0.13122891,0.12059803,0.079399981,0.120523771,0.154585886,,-0.00192518,,,,,0.030425963,493.0,46.3,95258,211.0010686,0.046066483,,,-0.902803736,,,,-0.880861713,-0.546977404,mc_lake_2race,MCHENRY,ALG 48,0,0,0,,0,0,1,201,134,89,123,93,62,0.51474,30.421773394757633,41,0.46352,29.724110213970334,40,0.01996,15.594087870834722,21,0.00074,6.017533311269497,8,0.00058,5.126157008075527,7,0.0003,6.53102894373478,9,0.00016,3.32345153026589,4,MCHENRY:ALG 48,MCHENRY:ALGONQUIN ALG 48,MCHENRY:ALG 48,1.0,83.12308846,1.823031776,1.823031776,1.823031776,1.823031776,5.938720883,1.823031776,1.823031776,21.8258342449904,20.42729026621932,10.468935776079876,3.964249355166828,3.78251360297594,5.567593269081842,2.5702999109322935,30.121514826114993,29.449395212097063,15.527169802716852,5.93876787619939,5.092729147370238,6.4755914369500704,3.2075091406178324,19.509032611179464,22.318868237427367,13.883959692974434,7.249120732707027,3.492870783045189,0.0008115173659253332,0.0008350177083421249,1.0,0.3,0.2,1.0,1.0,1.0,1.0,1.4,1.0,165.6675845,165.5001261,1.105230598,0.683792876,0.421437722,0.006671375,0.0041275,0.002543876,1760.18,134,1.0000000000000007
MCHENRY:ALG 49,MCHENRY:ALGONQUIN ALG 49,MCHENRY:ALG 49,,,,,,,,,,0.840486122,0.092331075,0.011335886,0.040417819,0.009688446,0.002535412,0.251,0.979,0.021,0.743,0.018,0.0,0.0068,0.2321,0.060815953,0.135879126,0.141518663,0.087288762,0.136263133,0.22079792,0.108109302,0.087397525,0.021929617,0.024555581,0.010414047,3.78e-05,0.026805751,0.005340252,0.028796275,0.003697501,0.016131314,0.008794276,0.010962078,0.097796869,0.230054922,0.158213845,0.069998475,0.18522697,0.123174093,,-0.000126008,,,,,-0.015564202,514.0,50.9,105785,206.8404842,0.053731269,,,-1.049112946,,,,-0.755759366,-0.635546366,mc_lake_2race,MCHENRY,ALG 49,0,0,0,,0,0,1,231,154,103,199,150,100,0.51722,30.42628363137474,47,0.46206,29.779507028131285,46,0.01876,15.630309235574611,24,0.00066,5.92970286163532,9,0.0006,5.1358091480838,8,0.00048,6.559193926844356,10,0.00022,3.263220299275052,5,MCHENRY:ALG 49,MCHENRY:ALGONQUIN ALG 49,MCHENRY:ALG 49,1.0,84.60309049,1.558741671,1.558741671,1.558741671,1.558741671,6.044459483,1.558741671,1.558741671,21.82561769812831,20.426961422748313,10.468707392267154,3.9640931378699014,3.7824790004532423,5.567998594704407,2.570912756808276,30.121282843118173,29.449010954727616,15.52689651545646,5.938571329721861,5.092788494758984,6.476001040181078,3.208126264102257,19.508816064317372,22.31853939395636,13.883731309161712,7.2489645154101,3.4928361805224912,0.001216842988491249,0.0014478635843247938,1.0,0.3,0.2,1.0,1.0,1.0,1.0,1.4,1.0,741.9724364,740.1455266,6.38923931,2.738668547,3.650570763,0.008611155,0.003691065,0.004920089,2175.83,154,1.0000000000000004
MCHENRY:ALG 5,MCHENRY:ALGONQUIN ALG 05,MCHENRY:ALG 5,,,,,,,,,,0.669484118,0.261827085,0.018535907,0.036800378,0.029340839,0.002052008,0.175,0.6886,0.3114,0.8713,0.0504,0.0,0.0109,0.0672,0.097747486,0.159602885,0.14166654,0.099466671,0.146644739,0.120585492,0.107466616,0.097105842,0.029713728,0.065776241,0.043960147,0.016141521,0.008985835,0.071355622,0.023592729,0.011217029,0.01684596,0.01997158,0.084229263,0.062918252,0.252482976,0.126412234,0.052193232,0.080270343,0.063647038,,0.021341361,,,,,0.212962963,432.0,47.0,82427,212.4869917,0.145186001,,,-0.322096004,,,,-0.600475538,-0.146865252,mc_lake_2race,MCHENRY,ALG 5,0,0,0,,0,0,1,267,178,119,145,109,73,0.17922,24.613024084304506,44,0.78624,33.40392420370589,59,0.03248,17.61264032688987,31,0.001,7.318567193608301,13,0.00016,4.0820675643461035,7,0.00078,6.422363665639905,11,0.00012,3.176131219716688,6,MCHENRY:ALG 5,MCHENRY:ALGONQUIN ALG 05,MCHENRY:ALG 5,1.0,72.59428245,3.703204363,3.703204363,3.703204363,3.703204363,5.186491373,3.703204363,3.703204363,19.038619933294328,24.771521643580563,12.983212138732934,5.45815846081606,3.25379065475951,5.568118580780777,2.570889004857554,24.393943025257908,33.109662286946104,17.55430981947623,7.242990524992066,4.027004261788332,6.376393018855863,3.1083745047499494,16.72181829948339,26.66309961478861,16.398236055627493,8.743029838356259,2.964147834828759,0.0013368290648617814,0.0014241116336030084,1.0,0.3,0.2,1.0,1.0,1.0,1.0,1.4,1.0,444.1807883,441.256268,5.371637001,2.671001584,2.700635416,0.012093357,0.006013321,0.006080037,2670.24,178,1.000000000000002
MCHENRY:ALG 50,MCHENRY:ALGONQUIN ALG 50,MCHENRY:ALG 50,,,,,,,,,,0.870020974,0.059203226,0.007655369,0.047638651,0.013634733,0.002851732,0.368,0.9777,0.0223,0.798,0.0648,0.0,0.0,0.1372,0.089658023,0.135897738,0.126175132,0.131606364,0.135990634,0.177709183,0.138704759,0.057592209,0.006665958,0.057031347,0.002725497,0.0,0.020829338,0.016738697,0.008721592,0.035834227,0.02263433,0.026697461,0.021199071,0.070409447,0.159079284,0.103124473,0.112380885,0.203569439,0.139024912,,-0.027918905,,,,,0.159519726,583.0,47.7,114085,236.8561292,-0.064671315,,,-0.492115786,,,,-0.730595454,-0.331824109,mc_lake_2race,MCHENRY,ALG 50,0,0,0,,0,0,1,195,130,87,210,158,105,0.17258,24.59403713472308,32,0.79016,33.36571120891818,43,0.0354,17.61279490266057,23,0.00102,7.272391545750565,9,0.00022,4.038522500500534,5,0.00052,6.4388921448558305,8,0.0001,3.111975532899386,4,MCHENRY:ALG 50,MCHENRY:ALGONQUIN ALG 50,MCHENRY:ALG 50,1.0,78.3646105,2.672772934,2.672772934,2.672772934,2.672772934,5.598751893,2.672772934,2.672772934,19.038499106575493,24.771338158688526,12.983084707347139,5.457521793501295,3.2537713475793426,5.568057002661346,2.5710979141534605,24.394070786177803,33.10988368258703,17.554422973223062,7.242279124575005,4.027071130187493,6.376348886003308,3.1086008593127326,16.721697472764557,26.662916129896573,16.398108624241697,8.742393171041494,2.9641285276485916,0.0012752509454306176,0.001633020929509172,1.0,0.3,0.2,1.0,1.0,1.0,1.0,1.4,1.0,151.3606665,150.9883156,1.303228371,0.558526445,0.744701926,0.008610086,0.003690037,0.004920049,691.97,130,1.0000000000000002
MCHENRY:ALG 51,MCHENRY:ALGONQUIN ALG 51,MCHENRY:ALG 51,,,,,,,,,,0.879160773,0.064039097,0.003698831,0.035671681,0.008987372,0.003151963,0.2927,0.9911,0.0089,0.7581,0.0481,0.0,0.0041,0.1897,0.0688341,0.129530364,0.1351839,0.098598108,0.13399816,0.210525301,0.120225779,0.082745877,0.020358412,0.028252014,0.008440535,1.54e-05,0.032530807,0.009985285,0.026626314,0.009357739,0.006954449,0.012937096,0.012476592,0.082049235,0.202605052,0.133012169,0.099226604,0.202770228,0.132760443,,-0.050842927,,,,,0.154362416,596.0,50.9,112737,248.7435133,-0.162331643,,,-0.508522815,,,,-0.81030605,-0.378701125,mc_lake_2race,MCHENRY,ALG 51,0,0,0,,0,0,1,161,107,71,198,149,99,0.17116,24.546355961694672,26,0.79368,33.50638813254539,36,0.03332,17.587648635484992,19,0.001,7.273169897379736,8,0.00028,4.066210106048763,4,0.00042,6.454909099947423,7,0.00014,3.1037366117774536,3,MCHENRY:ALG 51,MCHENRY:ALGONQUIN ALG 51,MCHENRY:ALG 51,1.0,79.56180075,2.458985704,2.458985704,2.458985704,2.458985704,5.684285033,2.458985704,2.458985704,19.038632516180467,24.77154075168452,12.983225409428634,5.457374932341962,3.253792665407916,5.567679993934057,2.570661495855746,24.394338241236277,33.11029914640105,17.5546986514003,7.242125024912409,4.027069723030955,6.375977045673229,3.108169609412228,16.72183088236953,26.663118722892566,16.398249326323192,8.74224630988216,2.964149845477165,0.0008982422181406018,0.001196602631794869,1.0,0.3,0.2,1.0,1.0,1.0,1.0,1.4,1.0,219.0515976,218.5129992,1.88568668,0.808391163,1.077295516,0.008608413,0.003690414,0.004917999,763.86,107,1.0000000000000004
MCHENRY:ALG 52,MCHENRY:ALGONQUIN ALG 52,MCHENRY:ALG 52,,,,,,,,,,0.679095884,0.254811047,0.018735653,0.029295724,0.025230021,0.001403793,0.2386,0.7698,0.2302,0.8931,0.0216,0.0,0.0114,0.0738,0.209166012,0.085023225,0.121265246,0.112709598,0.145823137,0.160911519,0.09417483,0.065592348,0.005334084,0.012309587,0.026734397,0.027200766,0.000321017,0.020174769,3.74e-05,0.005141126,0.001839576,0.007915227,0.063001866,0.212426489,0.153614071,0.204409482,0.044069792,0.062370656,0.158433772,,0.256363062,,,,,0.193205945,471.0,46.8,95001,224.6715604,1.146419398,,,-0.384949306,,,,-0.57379052,0.189313958,mc_lake_2race,MCHENRY,ALG 52,0,0,0,,0,0,1,206,137,91,127,96,64,0.1711,24.539538038745274,34,0.7921,33.41501630236964,46,0.03472,17.665352544219353,24,0.00102,7.310568555386038,10,0.00032,4.078242763350268,6,0.00068,6.484278209695613,9,6e-05,3.0687615717465198,4,MCHENRY:ALG 52,MCHENRY:ALGONQUIN ALG 52,MCHENRY:ALG 52,1.0,59.07573073,6.496589945,6.496589945,6.496589945,6.496589945,4.220659774,6.496589945,4.220659774,19.03870359632061,24.77164869247747,12.983300374973076,5.458209025014439,3.2538040234675014,5.56795685634465,2.5706498610644366,24.394042170010927,33.109812047563736,17.5544154480312,7.243051618405054,4.026991222605906,6.376230434456259,3.1081345009933563,16.721901962509673,26.663226663685517,16.398324291867635,8.743080402554638,2.9641612035367504,0.0011751046287341725,0.0011849678404855085,1.0,0.3,0.2,1.0,1.0,1.0,1.0,1.4,1.0,181.30525,181.2020224,0.673749482,0.305225008,0.368524475,0.003716106,0.001683487,0.002032619,1856.9,137,1.0
MCHENRY:ALG 53,MCHENRY:ALGONQUIN ALG 53,MCHENRY:ALG 53,,,,,,,,,,0.907055465,0.05339254,0.005743521,0.023533986,0.011741913,1.97e-07,0.288,0.9883,0.0117,0.7653,0.0358,0.0,0.0,0.1989,0.070153757,0.190346718,0.107106679,0.070819375,0.131309312,0.212608028,0.139546899,0.065758115,0.012351116,0.004949262,0.008527071,0.001791606,0.015073493,0.044402003,0.01074379,0.042721557,0.005123966,0.020791834,0.030766544,0.03065737,0.143304547,0.069622388,0.122535715,0.17741265,0.271576205,,-0.069245253,,,,,-0.19205298,604.0,51.8,139593,253.498467,-0.240728758,,,-1.610579377,,,,-0.898295613,-1.096885395,mc_lake_2race,MCHENRY,ALG 53,0,0,0,,0,0,1,314,209,139,200,150,100,0.51672,30.42205300529505,64,0.46304,29.747696554250634,62,0.01894,15.579562654732088,33,0.00056,5.941950403083247,12,0.00026,5.198086744995877,11,0.00032,6.511611594284711,14,0.00016,3.2623235902397942,7,MCHENRY:ALG 53,MCHENRY:ALGONQUIN ALG 53,MCHENRY:ALG 53,1.0,89.37779621,0.706102655,0.706102655,0.706102655,0.706102655,6.385587864,0.706102655,0.706102655,21.82580592167119,20.427247255027613,10.468905904542753,3.9638853928300684,3.7825090771274175,5.567466400199314,2.5702968960495163,30.121701142440955,29.449596060212134,15.527288247013761,5.938322265790427,5.092775702694219,6.475476233123722,3.207517790791233,19.509004287860254,22.31882522623566,13.883929821437311,7.248756770370267,3.4928662571966664,0.0006846484833986114,0.0008320028255650794,1.0,0.3,0.2,1.0,1.0,1.0,1.0,1.4,1.0,810.4318785,808.4377286,2.662657611,0.667512391,1.995145219,0.00328548,0.00082365,0.00246183,2195.82,209,1.0000000000000004
MCHENRY:ALG 54,MCHENRY:ALGONQUIN ALG 54,MCHENRY:ALG 54,,,,,,,,,,0.849811446,0.103484463,0.008444858,0.020301793,0.016224541,0.000916335,0.3468,0.7409,0.2591,0.7574,0.0356,0.0,0.0,0.1805,0.104747553,0.081941641,0.149866967,0.140734635,0.129591475,0.137074568,0.188906129,0.046325267,0.020811764,0.017553823,0.016650531,0.036995215,0.004189917,0.014428492,0.014067422,0.012750782,0.042152161,0.019694407,0.165185393,0.033529153,0.100178426,0.128460227,0.087045978,0.122195915,0.184922157,,0.082595099,,,,,0.053864169,427.0,47.5,104403,202.6798997,0.406137598,,,-0.828239415,,,,-0.584743419,-0.365348035,mc_lake_2race,MCHENRY,ALG 54,0,0,0,,0,0,1,228,152,101,158,119,79,0.17176,24.55503834049494,37,0.79264,33.43215131979015,51,0.03376,17.641687397214717,27,0.00104,7.271106199594659,11,0.00026,4.060277992408518,6,0.00044,6.405276008242128,10,0.0001,3.139336967816537,5,MCHENRY:ALG 54,MCHENRY:ALGONQUIN ALG 54,MCHENRY:ALG 54,1.0,79.23071484,2.518109087,2.518109087,2.518109087,2.518109087,5.660630633,2.518109087,2.518109087,19.038803862033806,24.771800953862524,12.983406121441273,5.4577092744234434,3.2538200451571404,5.567469620840983,2.5702275933369205,24.394430353959198,33.110426652385726,17.554806190238587,7.242505310162639,4.027023347580086,6.3757582767134835,3.1077273110267307,16.72200222822287,26.66337892507057,16.39843003833583,8.742580651963642,2.9641772252263894,0.0006878691250667357,0.0007627001129693447,1.0,0.3,0.2,1.0,1.0,1.0,1.0,1.4,1.0,294.3091619,294.1932764,1.469928607,1.134652452,0.335276155,0.004994505,0.003855308,0.001139197,1527.75,152,0.9999999999999997
MCHENRY:ALG 55,MCHENRY:ALGONQUIN ALG 55,MCHENRY:ALG 55,,,,,,,,,,0.87835032,0.050296896,0.011414688,0.035479658,0.017600078,5.13e-05,0.3532,0.9219,0.0781,0.5502,0.0525,0.0,0.0,0.3949,0.103968406,0.119287189,0.093456545,0.096755277,0.167266661,0.153922443,0.174705298,0.083674155,0.006964026,0.000800259,0.04647483,0.0,0.025956201,0.0,0.055261226,0.000355758,0.026460085,0.020712224,0.040052705,0.022690771,0.095608973,0.110373113,0.146304172,0.200378383,0.208571299,,-0.026452407,,,,,0.029457364,645.0,51.1,134442,246.0688519,-0.058423778,,,-0.905885154,,,,-0.556149786,-0.588087138,mc_lake_2race,MCHENRY,ALG 55,0,0,0,,0,0,1,147,98,65,160,120,80,0.51382,30.393509710726928,30,0.46576,29.72355733282149,29,0.01892,15.607115237815384,15,0.0006,6.010470259815443,6,0.00038,5.186502383864014,5,0.0004,6.563986243683502,6,0.00012,3.2532196186046525,3,MCHENRY:ALG 55,MCHENRY:ALGONQUIN ALG 55,MCHENRY:ALG 55,1.0,83.84003476,1.6950037,1.6950037,1.6950037,1.6950037,5.989943041,1.6950037,1.6950037,21.825672749499567,20.427045022592864,10.46876545287326,3.964123608957917,3.7824877972388666,5.567890711297565,2.570754718939812,30.121347648153975,29.449115398462563,15.526970140253798,5.938609998652626,5.0927744508748765,6.475892368104521,3.207967437564078,19.50887111568863,22.31862299380091,13.883789369767818,7.248994986498116,3.4928449773081156,0.0011089595816491007,0.0012898257158607046,1.0,0.3,0.2,1.0,1.0,1.0,1.0,1.4,1.0,69.60832993,69.47403733,0.760991388,0.358113594,0.402877794,0.010932476,0.005144695,0.005787781,525.95,98,1.0000000000000007
MCHENRY:ALG 56,MCHENRY:ALGONQUIN ALG 56,MCHENRY:ALG 56,,,,,,,,,,0.869336153,0.083123656,0.012725182,0.019044591,0.011919511,0.000261743,0.2552,0.6819,0.3181,0.8461,0.0336,0.0,0.0,0.1202,0.122882525,0.147811888,0.142631598,0.116220721,0.117291871,0.159057972,0.126732535,0.055184423,0.012186468,0.024489364,0.044808023,0.007720892,0.014102907,0.036700246,0.014078328,0.017794314,0.009471467,0.017438026,0.062534311,0.073651866,0.143926868,0.087220533,0.060127265,0.141458046,0.244477545,,-0.062276597,,,,,-0.094619666,539.0,47.0,109540,206.8404842,-0.211041069,,,-1.300613295,,,,-0.859206432,-0.892023711,mc_lake_2race,MCHENRY,ALG 56,0,0,0,,0,0,1,93,62,41,172,129,86,0.51652,30.397506134023157,19,0.46206,29.75101240554483,18,0.02004,15.588383741799644,10,0.00052,5.963611512772235,4,0.00034,5.144244894384826,3,0.00042,6.5273250083186465,4,0.0001,3.251208018264036,2,MCHENRY:ALG 56,MCHENRY:ALGONQUIN ALG 56,MCHENRY:ALG 56,1.0,87.7445843,0.997752084,0.997752084,0.997752084,0.997752084,6.268903199,0.997752084,0.997752084,21.825855970130704,20.427323257556512,10.468958688766422,3.964280802059794,3.7825170744862318,5.567560864610463,2.5702422460901855,30.121528151331947,29.44942223243368,15.527190140244858,5.938806875845252,5.092721412142417,6.475558093385624,3.2074505366826576,19.509054336319767,22.31890122876456,13.88398260566098,7.249152179599993,3.4928742545554807,0.0007791128945468554,0.0007773528662340906,1.0,0.3,0.2,1.0,1.0,1.0,1.0,1.4,1.0,127.2723462,126.9591247,0.4176287,0.104407175,0.313221525,0.003281378,0.000820345,0.002461034,812.85,62,0.9999999999999999
MCHENRY:ALG 57,MCHENRY:ALGONQUIN ALG 57,MCHENRY:ALG 57,,,,,,,,,,0.84964867,0.100314134,0.012776689,0.022651356,0.015236978,8.57e-07,0.2458,0.6644,0.3356,0.8512,0.0338,0.0,0.0,0.1149,0.126812357,0.147595407,0.141470314,0.109362411,0.123133685,0.16205102,0.124303837,0.05388663,0.011384339,0.029199689,0.066393082,8.81e-05,0.009333,0.060787903,0.006629709,0.017487267,0.000728198,0.025191536,0.03219946,0.086958662,0.142329345,0.072893961,0.070257198,0.135868876,0.243653985,,0.017299078,,,,,0.010416667,576.0,47.1,107776,230.3180679,0.127965171,,,-0.966459613,,,,-0.842444359,-0.556050319,mc_lake_2race,MCHENRY,ALG 57,0,0,0,,0,0,1,189,126,84,168,126,84,0.51378,30.377732421706494,38,0.4663,29.827800359055022,38,0.01862,15.54818791731142,20,0.00062,5.94909162744392,7,0.00032,5.1928818295966535,7,0.00024,6.5483715452766305,8,0.00012,3.2103231076781964,4,MCHENRY:ALG 57,MCHENRY:ALGONQUIN ALG 57,MCHENRY:ALG 57,1.0,83.28599434,1.793940997,1.793940997,1.793940997,1.793940997,5.950359678,1.793940997,1.793940997,21.825815761364918,20.42726219737777,10.468916282096817,3.9642643500282446,3.7825106494347795,5.567642700143729,2.570359079901486,30.121477158394573,29.44934170607167,15.527133760936227,5.938785726499709,5.092731013948933,6.475640317320131,3.207567758895198,19.509014127553982,22.31884016858582,13.883940198991375,7.249135727568444,3.4928678295040285,0.000860948427813158,0.0008941866775347995,1.0,0.3,0.2,1.0,1.0,1.0,1.0,1.4,1.0,192.3850429,191.9123081,0.631450805,0.158147155,0.473303649,0.003282224,0.000822035,0.002460189,1333.4,126,0.9999999999999999
MCHENRY:ALG 58,MCHENRY:ALGONQUIN ALG 58,MCHENRY:ALG 58,,,,,,,,,,0.851139928,0.077848077,0.013541753,0.035218916,0.015609785,0.000301005,0.302,0.8156,0.1844,0.7114,0.0842,0.0,0.0,0.2015,0.110951495,0.105440703,0.107222008,0.100626853,0.165655276,0.143807495,0.182731148,0.068755751,0.014809272,0.004700198,0.011296396,0.000145372,0.036336884,6.14e-05,0.058147944,0.002135813,0.024433028,0.045015326,0.073983073,0.04806036,0.142804344,0.133379667,0.151804438,0.142194556,0.125501243,,0.082058698,,,,,0.072512648,593.0,50.5,109912,234.4786523,0.403852436,,,-0.768912725,,,,-0.694022853,-0.32912579,mc_lake_2race,MCHENRY,ALG 58,0,0,0,,0,0,1,188,125,83,152,114,76,0.1738,24.532388830881285,31,0.78852,33.425002733191555,42,0.0358,17.585336450704165,22,0.0009,7.3705183062556054,9,0.00034,4.0929108226058,5,0.00048,6.435247763723812,8,0.00016,3.083752758756829,4,MCHENRY:ALG 58,MCHENRY:ALGONQUIN ALG 58,MCHENRY:ALG 58,1.0,78.29267821,2.685618182,2.685618182,2.685618182,2.685618182,5.593612698,2.685618182,2.685618182,19.038637563673674,24.77154841670063,12.983230732829451,5.457901119283683,3.2537934719585007,5.56794416838306,2.5707737249426517,24.39409274567757,33.10990195125153,17.55445841331445,7.242707101483426,4.027024353185653,6.376226129388455,3.1082667477653545,16.72183592986274,26.663126387908676,16.39825464972401,8.742772496823882,2.9641506520277496,0.0011624166671441896,0.001308831718700441,1.0,0.3,0.2,1.0,1.0,1.0,1.0,1.4,1.0,89.13167928,88.96059269,0.969912255,0.457259671,0.512652584,0.01088179,0.005130159,0.005751632,1167.58,125,1.0
MCHENRY:ALG 59,MCHENRY:ALGONQUIN ALG 59,MCHENRY:ALG 59,,,,,,,,,,0.834746448,0.103192364,0.009545933,0.031162691,0.011476404,0.001027289,0.3276,0.7182,0.2818,0.8312,0.0306,0.0,0.0,0.1381,0.094226981,0.134658032,0.130429438,0.123659253,0.175929225,0.199272185,0.11024932,0.030815445,0.000760122,0.000211603,0.022606756,9.33e-05,0.024347149,7.17e-05,0.002969355,0.000205488,0.019492772,0.049595277,0.046819827,0.023141484,0.238682914,0.144386677,0.117412429,0.177226431,0.132736806,,-0.007530083,,,,,-0.036521739,575.0,46.0,112425,241.6110828,0.022188619,,,-1.115785477,,,,-0.713794848,-0.689045191,mc_lake_2race,MCHENRY,ALG 59,0,0,0,,0,0,1,228,148,101,137,103,69,0.51792,30.38611084344931,45,0.46016,29.684642434478903,44,0.02024,15.543831997640014,23,0.00072,5.99445489034544,9,0.00038,5.166036168332541,8,0.00042,6.575752725927546,10,0.00016,3.2691093434137968,5,MCHENRY:ALG 59,MCHENRY:ALGONQUIN ALG 59,MCHENRY:ALG 59,1.0,85.38681635,1.418788491,1.418788491,1.418788491,1.418788491,6.1004527,1.418788491,1.418788491,21.825720875705464,20.427118106028196,10.468816209768502,3.964047137868472,3.7824954874363406,5.567742407718474,2.57059159756693,30.121469330115847,29.449282072215333,15.527080782407051,5.938517771390373,5.092773817535703,6.475746708368179,3.207806960033945,19.508919241894528,22.318696077236243,13.88384012666306,7.248918515408671,3.4928526675055895,0.0009606560025583959,0.0011267043429786137,1.0,0.3,0.2,1.0,1.0,1.0,1.0,1.4,1.0,147.9027612,147.6138715,1.611744423,0.758382573,0.853361851,0.010897325,0.005127575,0.005769749,1614.73,149,0.9948407983484365
MCHENRY:ALG 6,MCHENRY:ALGONQUIN ALG 06,MCHENRY:ALG 6,,,,,,,,,,0.677308596,0.251779306,0.030471018,0.022243386,0.028949787,0.000726734,0.1632,0.6341,0.3659,0.9196,0.0219,0.0,0.01,0.0484,0.12939721,0.144260365,0.095935541,0.173787566,0.149822626,0.122157967,0.110710134,0.051467484,0.02246111,0.042425243,0.007644593,0.0034019,0.000341823,0.039253471,0.004305359,0.013120694,0.07193951,0.045441537,0.169780116,0.132159254,0.101805111,0.129057336,0.081075263,0.103209819,0.055038973,,0.123810132,,,,,0.130434783,506.0,44.7,71616,206.5432996,0.58172082,,,-0.584644157,,,,-0.620345595,-0.147257291,mc_lake_2race,MCHENRY,ALG 6,0,0,0,,0,0,1,185,123,82,135,102,68,0.16822,24.233542705474438,30,0.78272,33.16086619629146,41,0.04736,18.667657754894133,23,0.00076,6.871447919258316,8,0.00022,4.147422834709843,5,0.0006,6.396988512148033,8,0.00012,3.140226741412011,4,MCHENRY:ALG 6,MCHENRY:ALGONQUIN ALG 06,MCHENRY:ALG 6,1.0,72.60843926,3.700676322,3.700676322,3.700676322,3.700676322,5.187502805,3.700676322,3.700676322,19.0387822168592,25.01395180794383,14.045686991174641,5.241370877855047,3.3891842680995152,5.568126648014099,2.5705739061091277,24.02410760888383,32.83654695351345,18.609611542507366,6.760139850833082,4.142070778201117,6.3542711941076195,3.0859295140199587,16.721980583048264,26.905529779151877,17.4607109080692,8.526242255395246,3.099541448168764,0.0013448962981831205,0.0011090128851763607,1.0,0.3,0.2,1.0,1.0,1.0,1.0,1.4,1.0,373.6380903,372.339009,3.257313815,0.652991025,2.604322789,0.008717831,0.001747656,0.006970175,1653.21,123,1.0000000000000004
MCHENRY:ALG 60,MCHENRY:ALGONQUIN ALG 60,MCHENRY:ALG 60,,,,,,,,,,0.873341113,0.042871505,0.008433411,0.063346401,0.00945959,2.69e-05,0.3781,0.9286,0.0714,0.7077,0.0243,0.0,0.0,0.2269,0.122521874,0.116235845,0.117909459,0.086083146,0.109975563,0.220825076,0.130767612,0.084395465,0.011285959,0.002701593,0.005969791,8.64e-06,0.000855509,5.75e-06,0.009238098,0.00246789,0.024924322,0.008131682,0.086501874,0.021661558,0.062194669,0.095021724,0.074300388,0.239193111,0.366823394,,-0.268061067,,,,,-0.24025974,616.0,52.2,172161,251.1209901,-1.087718768,,,-1.763940275,,,,-0.662788688,-1.51035721,mc_lake_2race,MCHENRY,ALG 60,0,0,0,,0,0,1,345,230,153,154,116,77,0.52044,30.435558672334384,70,0.45848,29.688207666016698,68,0.01938,15.560185893896673,36,0.00068,6.008856787191581,14,0.00058,5.103740593789796,12,0.0003,6.511711201552334,15,0.00014,3.318011933417603,8,MCHENRY:ALG 60,MCHENRY:ALGONQUIN ALG 60,MCHENRY:ALG 60,1.0,91.29675377,0.363426438,0.363426438,0.363426438,0.363426438,6.522687598,0.363426438,0.363426438,21.825362086802535,20.42657325681146,10.468437808637121,3.963816675328445,3.782438155729765,5.568428832173875,2.571613868709914,30.12106707432304,29.448624672285227,15.52661524842976,5.938226793773805,5.092868948203763,6.476439303348741,3.2088354017020895,19.5085604529916,22.318151228019506,13.88346172553168,7.248688052868644,3.492795335799014,0.001647080457958744,0.002148975485962896,1.0,0.3,0.2,1.0,1.0,1.0,1.0,1.4,1.0,1216.087248,1213.742416,13.29009535,6.254033349,7.036062004,0.010928571,0.005142751,0.00578582,2220.13,230,0.9998544998053798
MCHENRY:ALG 61,MCHENRY:ALGONQUIN ALG 61,MCHENRY:ALG 61,,,,,,,,,,0.793686626,0.099079935,0.034258627,0.068685706,0.009570416,1.84e-06,0.3895,0.9531,0.0469,0.742,0.0162,0.0,0.013,0.228,0.111217368,0.074144696,0.110097674,0.169977882,0.131366663,0.179380207,0.123714697,0.087833826,0.012266986,0.008544752,0.002288551,0.001127195,1.7e-06,0.017582106,0.011864576,0.00852798,0.05114958,2.45e-05,0.022147146,0.033519136,0.091565686,0.153497573,0.169335102,0.146158058,0.282666312,,0.041232936,,,,,0.050709939,493.0,48.2,139492,210.1095148,0.229927577,,,-0.838274015,,,,-0.499555781,-0.437698418,mc_lake_2race,MCHENRY,ALG 61,0,0,0,,0,0,1,170,113,75,128,96,64,0.17194,24.51688081485914,28,0.79296,33.44985204957649,38,0.0335,17.629370185187565,20,0.0007,7.301952875500986,8,0.00016,4.098834862286203,5,0.00066,6.45233905935432,7,8e-05,3.132156193313454,4,MCHENRY:ALG 61,MCHENRY:ALGONQUIN ALG 61,MCHENRY:ALG 61,1.0,80.93453824,2.213850272,2.213850272,2.213850272,2.213850272,5.782360128,2.213850272,2.213850272,19.038264470799405,24.77098184577645,12.982837245838684,5.4588254504228875,3.2537338545873435,5.569267458033367,2.5721185637998425,24.3930978952158,33.1083412505012,17.553445344637396,7.243705879240999,4.026984505029598,6.377520199928831,3.109582367512616,16.72146283698847,26.662559816984498,16.397861162733243,8.743696827963086,2.9640910346565925,0.002485706317451157,0.0026536705758913415,1.0,0.3,0.2,1.0,1.0,1.0,1.0,1.4,1.0,259.4021245,259.1573572,1.957798303,0.734194773,1.22360353,0.007547349,0.002830334,0.004717014,923.86,113,0.999921502807152
MCHENRY:ALG 62,MCHENRY:ALGONQUIN ALG 62,MCHENRY:ALG 62,,,,,,,,,,0.873815876,0.059767064,0.015851193,0.03937703,0.008562155,0.000450353,0.3349,0.9125,0.0875,0.8036,0.0135,0.0,0.0042,0.1574,0.088583223,0.12274575,0.098079848,0.094897473,0.140582426,0.162831736,0.170240363,0.097349656,0.024689524,0.010263874,0.005789477,0.001900752,0.006226229,0.003745715,0.029324731,0.004896834,0.039963794,0.019146314,0.098283092,0.064011278,0.11287682,0.118244445,0.099864963,0.163686099,0.221775583,,-0.078584429,,,,,-0.109243697,595.0,52.7,121898,239.5307906,-0.280515275,,,-1.347136947,,,,-0.759542024,-0.94715382,mc_lake_2race,MCHENRY,ALG 62,0,0,0,,0,0,1,189,126,84,167,126,84,0.51718,30.43304138768735,38,0.46182,29.751896950389632,37,0.0192,15.553674266350942,20,0.00068,5.958622912776139,8,0.00042,5.166775280509822,7,0.00052,6.537669851629227,8,0.00018,3.2214054105506595,4,MCHENRY:ALG 62,MCHENRY:ALGONQUIN ALG 62,MCHENRY:ALG 62,1.0,88.24617745,0.908180513,0.908180513,0.908180513,0.908180513,6.304739472,0.908180513,0.908180513,21.825629301002664,20.426979042627174,10.46871962938137,3.964338952164522,3.782480854503305,5.5681012103155085,2.5709374074281475,30.12114552211678,29.44885798305638,15.526804586102362,5.938872090476304,5.092758500328615,6.476095750528019,3.208143009457968,19.508827667191728,22.31855701383522,13.883743546275928,7.249210329704721,3.492838034572554,0.001319458599592511,0.0014725142041961104,1.0,0.3,0.2,1.0,1.0,1.0,1.0,1.4,1.0,435.0473324,434.8709373,2.767220319,1.766704602,1.000515717,0.006360734,0.004060948,0.002299786,1226.84,126,0.9999999999999993
MCHENRY:ALG 63,MCHENRY:ALGONQUIN ALG 63,MCHENRY:ALG 63,,,,,,,,,,0.868466945,0.076324719,0.010053086,0.021384637,0.013117939,0.000731251,0.3473,0.8908,0.1092,0.8266,0.025,0.0,0.0,0.1323,0.085165828,0.102004535,0.115500271,0.104371871,0.118196038,0.148000353,0.223361448,0.083363892,0.020035764,0.01419905,0.02949392,0.013911792,0.007228848,0.024998992,0.022634915,0.002430369,0.019304225,0.022462398,0.052368005,0.057727215,0.136884879,0.131519345,0.1074932,0.121291368,0.236051479,,-0.06400606,,,,,-0.037398374,615.0,53.5,118316,231.5068063,-0.218408883,,,-1.118574329,,,,-0.787308742,-0.781012287,mc_lake_2race,MCHENRY,ALG 63,0,0,0,,0,0,1,224,149,99,176,132,88,0.51384,30.34974397949086,45,0.46488,29.71099461765172,44,0.01974,15.59143445798163,23,0.00054,5.99494299440276,9,0.00044,5.106657829725897,8,0.00038,6.540487969529485,10,0.00018,3.321454625272019,5,MCHENRY:ALG 63,MCHENRY:ALGONQUIN ALG 63,MCHENRY:ALG 63,1.0,86.56529266,1.208343085,1.208343085,1.208343085,1.208343085,6.184648824,1.208343085,1.208343085,21.825829882941342,20.427283642104157,10.468931175591157,3.9641261578961426,3.7825129059540568,5.5675385714279555,2.570283190388379,30.121585866726196,29.44947522378016,15.527218180676275,5.938617177903585,5.092743899374648,6.4755407064139145,3.207496387191647,19.509028249130406,22.318861613312205,13.883955092485715,7.248997535436342,3.4928700860233057,0.0007568197120394007,0.0008182971644280667,1.0,0.3,0.2,1.0,1.0,1.0,1.0,1.4,1.0,268.7511891,268.7511693,1.429553987,1.191267048,0.238286939,0.005319247,0.004432602,0.000886645,1287.42,149,1.0
MCHENRY:ALG 7,MCHENRY:ALGONQUIN ALG 07,MCHENRY:ALG 7,,,,,,,,,,0.669777088,0.252064152,0.020675792,0.029740619,0.037132273,0.000372288,0.2029,0.7222,0.2778,0.9254,0.0101,0.0,0.0387,0.0257,0.184097207,0.102211046,0.119416749,0.210406471,0.099198123,0.105861039,0.111542807,0.044837173,0.022429386,0.047969938,0.012691334,0.005338614,0.006561546,0.101042345,0.025289167,0.01219501,0.072560581,0.037103773,0.113642865,0.129661694,0.101818483,0.111676016,0.132447084,0.03621635,0.0537852,,0.078280635,,,,,0.175644028,427.0,41.5,67590,211.8926225,0.38775723,,,-0.440819299,,,,-0.501274847,-0.130103101,mc_lake_2race,MCHENRY,ALG 7,0,0,0,,0,0,1,204,136,91,116,87,58,0.16384,24.04820817648359,33,0.78364,33.01281755573635,45,0.0509,18.99948203755938,26,0.00066,6.669676137046723,9,0.0003,4.186581285124875,6,0.0005,6.41506312882952,9,0.00016,3.0652189976418858,4,MCHENRY:ALG 7,MCHENRY:ALGONQUIN ALG 07,MCHENRY:ALG 7,1.0,71.9808436,3.812748685,3.812748685,3.812748685,3.812748685,5.142664294,3.812748685,3.812748685,19.03869863656336,25.08906642999513,14.37563494256251,5.173236878636313,3.4312268913839534,5.568020834576713,2.5706891866360007,23.911823063993552,32.75378031671724,18.930684132530125,6.612456240561612,4.177139811661321,6.347457231362993,3.0793366452395907,16.721897002752424,26.980644401203175,17.790658859457068,8.458108256176512,3.1415840714532024,0.001239082860797692,0.0012242934120495189,1.0,0.3,0.2,1.0,1.0,1.0,1.0,1.4,1.0,390.0222155,388.6566036,3.434499714,0.693296392,2.741203322,0.008805908,0.001777582,0.007028326,1367.69,136,0.9999999999999996
MCHENRY:ALG 8,MCHENRY:ALGONQUIN ALG 08,MCHENRY:ALG 8,,,,,,,,,,0.839598636,0.097513052,0.02715744,0.026172368,0.010184723,0.00093912,0.2816,0.9274,0.0726,0.8378,0.0,0.0059,0.0,0.1563,0.06277105,0.188956555,0.062748437,0.10906714,0.169305866,0.124611222,0.143399668,0.07981094,0.059329121,0.037696367,2e-06,0.03250601,0.000280481,0.030206672,0.032935604,0.031083228,0.016113921,0.015528045,0.068226476,0.177851533,0.065943584,0.15552532,0.097440456,0.114302222,0.12435808,,-0.097107182,,,,,0.044722719,559.0,51.0,96825,244.8801135,-0.35942543,,,-0.857321249,,,,-0.766473255,-0.670610317,mc_lake_2race,MCHENRY,ALG 8,0,0,0,,0,0,1,201,134,89,186,140,93,0.51628,30.368519791678285,41,0.46184,29.755499870639124,40,0.02038,15.62571386336335,21,0.00054,5.918486299860011,8,0.00028,5.121138673819262,7,0.00056,6.577388031117068,9,0.00012,3.2427382952204167,4,MCHENRY:ALG 8,MCHENRY:ALGONQUIN ALG 08,MCHENRY:ALG 8,1.0,85.12546313,1.465459421,1.465459421,1.465459421,1.465459421,6.081780345,1.465459421,1.465459421,21.825776508586642,20.427202588941377,10.468874883671202,3.9650108654157306,3.7825043771427778,5.568121900129354,2.5706577638207384,30.120946441723785,29.448705690001976,15.526736455574994,5.939697165977537,5.09265427442076,6.476095244429347,3.207842169938042,19.508974874775706,22.318780560149424,13.88389880056576,7.2498822429559295,3.4928615572120267,0.0013401484134377374,0.0011928705967872457,1.0,0.3,0.2,1.0,1.0,1.0,1.0,1.4,1.0,217.9491258,217.1670594,2.085545227,1.042695026,1.042850201,0.009568954,0.004784121,0.004784833,1004.06,134,0.9999534386583498
MCHENRY:ALG 9,MCHENRY:ALGONQUIN ALG 09,MCHENRY:ALG 9,,,,,,,,,,0.843957266,0.098659168,0.018934282,0.030723735,0.011296408,0.000759882,0.2789,0.9196,0.0804,0.8767,0.0,0.008,0.0,0.1153,0.063664976,0.166802583,0.065171967,0.126872096,0.150170047,0.118703541,0.153141999,0.092773556,0.062699234,0.044391439,1.76e-05,0.035881119,4.8e-06,0.036039122,0.038887296,0.036234665,0.013541629,0.01919442,0.069203172,0.183115339,0.064966887,0.133144985,0.095842312,0.106532823,0.123002432,,-0.116451349,,,,,0.152941176,510.0,52.0,84039,216.6475761,-0.441834952,,,-0.513044227,,,,-0.814474093,-0.486340749,mc_lake_2race,MCHENRY,ALG 9,0,0,0,,0,0,1,191,127,85,161,121,81,0.5151,30.39813111060911,39,0.46356,29.709881136930207,38,0.01988,15.581854298706693,20,0.0006,6.016628804551125,8,0.0004,5.138377017660037,7,0.00028,6.554119002140649,8,0.00018,3.2945442622949255,4,MCHENRY:ALG 9,MCHENRY:ALGONQUIN ALG 09,MCHENRY:ALG 9,1.0,81.96233314,2.03031267,2.03031267,2.03031267,2.03031267,5.855790834,2.03031267,2.03031267,21.825725769253832,20.427125537266946,10.46882137080951,3.9645490618478147,3.7824962693877247,5.567994223580006,2.5706984148948346,30.121160246269294,29.448926452390214,15.526863262784847,5.939131401691575,5.0927161945123505,6.475982315643007,3.2078975687751456,19.508924135442896,22.318703508474993,13.883845287704068,7.249420439388014,3.4928534494569736,0.0012124718640897504,0.0012335216708832077,1.0,0.3,0.2,1.0,1.0,1.0,1.0,1.4,1.0,232.6173006,231.7825323,2.22607159,1.112872817,1.113198774,0.009569673,0.004784136,0.004785537,1520.16,127,0.9999999999999993
