JoinField,JoinFieldAlt,estimated_turnout,win_prob_Fine,median_pct_Fine,median_votes_Fine,win_prob_Biss,median_pct_Biss,median_votes_Biss,win_prob_Abughazaleh,median_pct_Abughazaleh,median_votes_Abughazaleh,win_prob_Simmons,median_pct_Simmons,median_votes_Simmons,win_prob_Amiwala,median_pct_Amiwala,median_votes_Amiwala,win_prob_Andrew,median_pct_Andrew,median_votes_Andrew,win_prob_Huynh,median_pct_Huynh,median_votes_Huynh
CITY OF CHICAGO:WARD 46 PRECINCT 20,CITY OF CHICAGO:Ward 46 Precinct 20,416,0.17724,0.20863912413918462,87,0.3655,0.24630126922966591,102,0.44154,0.2571018462614174,107,0.01346,0.11904590793161854,50,0.00088,0.056335702146632596,23,0.00114,0.04994155857164771,21,0.00024,0.028342247151810874,12
CITY OF CHICAGO:WARD 40 PRECINCT 02,CITY OF CHICAGO:Ward 40 Precinct 02,483,0.2192,0.2148951086884003,104,0.41296,0.2495199545474587,121,0.3435,0.23983583173471787,116,0.02148,0.12882176834295472,62,0.00106,0.054416158658187413,26,0.00134,0.04984462876656243,24,0.00046,0.02891250114822389,14
CITY OF CHICAGO:WARD 40 PRECINCT 03,CITY OF CHICAGO:Ward 40 Precinct 03,583,0.21988,0.21493386319597735,125,0.41186,0.25025418351378365,146,0.34334,0.23930045523499785,140,0.02144,0.12864049244704495,75,0.00116,0.054997921064889536,32,0.00156,0.049652419316312715,29,0.00076,0.028399218583277385,17
CITY OF CHICAGO:WARD 40 PRECINCT 04,CITY OF CHICAGO:Ward 40 Precinct 04,429,0.21712,0.21478438143946033,92,0.416,0.2498685329907752,107,0.34144,0.2396276822093891,103,0.02254,0.12858838085548696,55,0.00132,0.05440383398777383,23,0.00116,0.04948237751009793,21,0.00042,0.03016117141227024,13
CITY OF CHICAGO:WARD 40 PRECINCT 05,CITY OF CHICAGO:Ward 40 Precinct 05,323,0.21638,0.2142054293385774,69,0.41104,0.2499263785815092,81,0.34704,0.23970614453564604,77,0.02246,0.12922617361685318,42,0.00128,0.05446445398622518,18,0.00132,0.04978339121264578,16,0.00048,0.02875935970660305,9
CITY OF CHICAGO:WARD 40 PRECINCT 06,CITY OF CHICAGO:Ward 40 Precinct 06,254,0.21678,0.2149698495058498,55,0.4129,0.250301242301235,64,0.34526,0.23930497676980272,61,0.0218,0.12871002728343847,33,0.00176,0.0550110348128046,14,0.00124,0.04976800073326468,13,0.00026,0.029144644372282914,7
CITY OF CHICAGO:WARD 48 PRECINCT 08,CITY OF CHICAGO:Ward 48 Precinct 08,307,0.21574,0.21467902554644985,66,0.41348,0.2501650758458449,77,0.34536,0.23884964967649444,73,0.02184,0.12875574169182905,40,0.00146,0.05523028997634291,17,0.00162,0.04963217120184597,15,0.0005,0.029558685789424718,9
CITY OF CHICAGO:WARD 48 PRECINCT 16,CITY OF CHICAGO:Ward 48 Precinct 16,374,0.1744,0.20826886622613955,78,0.365,0.2473787016179533,93,0.44504,0.25879237310268405,97,0.01298,0.11806315167036904,44,0.00112,0.056234140535222486,21,0.00118,0.04968474591013281,19,0.00028,0.028002343971798748,10
CITY OF CHICAGO:WARD 48 PRECINCT 18,CITY OF CHICAGO:Ward 48 Precinct 18,376,0.17992,0.20921464777890716,79,0.3708,0.24734496150869284,93,0.43272,0.25607954857194415,96,0.01392,0.11932080421714311,45,0.00122,0.056095025988387254,21,0.00104,0.04959919221852555,19,0.00038,0.028937435824187622,11
CITY OF CHICAGO:WARD 48 PRECINCT 22,CITY OF CHICAGO:Ward 48 Precinct 22,317,0.26752,0.250728372340453,79,0.66578,0.30591750235883375,97,0.0599,0.18158393474500228,58,0.00552,0.10587486485068483,34,0.00056,0.039404437648317796,12,0.00042,0.049814313143309114,16,0.0003,0.029448594712133194,9
CITY OF CHICAGO:WARD 48 PRECINCT 33,CITY OF CHICAGO:Ward 48 Precinct 33,204,0.25076,0.22679692592818657,46,0.45338,0.260121004860129,53,0.28028,0.23220997741019261,47,0.01316,0.1152717377751903,24,0.00104,0.05276061226341204,11,0.00108,0.05005887468269855,10,0.0003,0.028865162527366282,6
CITY OF CHICAGO:WARD 50 PRECINCT 01,CITY OF CHICAGO:Ward 50 Precinct 01,314,0.62352,0.301663496405474,95,0.3277,0.2620790939911827,82,0.04176,0.16708474432618414,52,0.00522,0.09891605896737884,31,0.00102,0.05395858615873031,17,0.00038,0.05191769829562301,16,0.0004,0.030660616848784558,10
CITY OF CHICAGO:WARD 50 PRECINCT 02,CITY OF CHICAGO:Ward 50 Precinct 02,328,0.62286,0.3016521313641147,99,0.32658,0.2625342509516171,86,0.04312,0.16722195042245203,55,0.00574,0.09880728034497982,32,0.00102,0.054477701649290076,18,0.0004,0.05127585869772279,17,0.00028,0.030530619381417226,10
CITY OF CHICAGO:WARD 50 PRECINCT 03,CITY OF CHICAGO:Ward 50 Precinct 03,284,0.24938,0.23845285832263574,68,0.64952,0.2955400235509317,84,0.08768,0.18911743529108727,54,0.0119,0.11889659319199582,34,0.00048,0.041769060271251594,12,0.00074,0.050145373123400186,14,0.0003,0.029708403906306177,8
CITY OF CHICAGO:WARD 50 PRECINCT 04,CITY OF CHICAGO:Ward 50 Precinct 04,299,0.18884,0.21063277885441567,63,0.38362,0.24906821849696642,74,0.40782,0.2518489832526496,75,0.01652,0.12240182824750828,37,0.00164,0.05507532840530502,16,0.00124,0.04942803190813798,15,0.00032,0.02862722340757702,9
CITY OF CHICAGO:WARD 50 PRECINCT 08,CITY OF CHICAGO:Ward 50 Precinct 08,185,0.21794,0.21530449135285137,40,0.41562,0.25035201393126605,46,0.3423,0.23929159196453448,44,0.02074,0.12967136036543836,24,0.00128,0.05405007960249842,10,0.0016,0.049706036441003805,9,0.00052,0.028843158102772562,5
CITY OF CHICAGO:WARD 50 PRECINCT 13,CITY OF CHICAGO:Ward 50 Precinct 13,364,0.24908,0.23821627819489805,87,0.65068,0.29558914913479206,108,0.087,0.18930511765695557,69,0.01184,0.11964111590209325,44,0.00054,0.04224321260886695,15,0.00056,0.05008691669299306,18,0.0003,0.029575749481447783,11
CITY OF CHICAGO:WARD 50 PRECINCT 15,CITY OF CHICAGO:Ward 50 Precinct 15,358,0.21634,0.21458478241066803,77,0.4118,0.24969853327203645,89,0.34574,0.23958780868786125,86,0.02278,0.12887026867703227,46,0.00162,0.05466077894481194,20,0.0013,0.04974896862506146,18,0.00042,0.028462138995872986,10
CITY OF CHICAGO:WARD 50 PRECINCT 17,CITY OF CHICAGO:Ward 50 Precinct 17,154,0.23708,0.23408394165448945,36,0.62832,0.29217745551539387,45,0.1238,0.20280992718093216,31,0.00898,0.11217858920137821,17,0.00062,0.04394562324260698,7,0.00084,0.04976100024946091,8,0.00036,0.029457774622778002,5
CITY OF CHICAGO:WARD 50 PRECINCT 19,CITY OF CHICAGO:Ward 50 Precinct 19,122,0.21628,0.21512559016391083,26,0.41496,0.25028580297804304,31,0.343,0.23952541980339973,29,0.02248,0.12853085152229476,16,0.00124,0.05524322762314735,7,0.0015,0.04933108117126309,6,0.00054,0.029322582186594844,4
CITY OF CHICAGO:WARD 50 PRECINCT 20,CITY OF CHICAGO:Ward 50 Precinct 20,147,0.17646,0.20877751174758924,31,0.36902,0.24750902748602896,36,0.4376,0.25729588323153085,38,0.01366,0.11839463489258177,17,0.0013,0.05611390244823469,8,0.00154,0.049184998655099135,7,0.00042,0.029287783440889767,4
CITY OF CHICAGO:WARD 50 PRECINCT 21,CITY OF CHICAGO:Ward 50 Precinct 21,292,0.1927,0.21122814902815112,62,0.38518,0.24821962205615655,72,0.40134,0.25074877178067934,73,0.01736,0.12310275600345508,36,0.00152,0.05511189955039316,16,0.0015,0.04962185842655778,14,0.0004,0.02888268580288932,8
CITY OF CHICAGO:WARD 50 PRECINCT 23,CITY OF CHICAGO:Ward 50 Precinct 23,301,0.59494,0.294952522501436,89,0.32952,0.25887881188945466,78,0.07012,0.1838382326718487,55,0.00362,0.0906733673556641,27,0.00092,0.05576396649128981,17,0.0005,0.05131847706293176,15,0.00038,0.030700767882566128,9
CITY OF CHICAGO:WARD 50 PRECINCT 26,CITY OF CHICAGO:Ward 50 Precinct 26,120,0.6262,0.30208083744152137,36,0.32532,0.26194795586671454,31,0.04208,0.16776395171695718,20,0.0046,0.09868450774332976,12,0.00098,0.05453660881924826,7,0.0004,0.051223909140933103,6,0.00042,0.03079436016246559,4
CITY OF CHICAGO:WARD 40 PRECINCT 01,CITY OF CHICAGO:Ward 40 Precinct 01,376,0.21612,0.21446484704274854,81,0.41448,0.2501395362801925,94,0.34438,0.23948386846276143,90,0.0212,0.1287316925553823,48,0.00166,0.0548412224257734,21,0.00138,0.049683377557051545,19,0.00078,0.029018949420068954,11
CITY OF CHICAGO:WARD 40 PRECINCT 07,CITY OF CHICAGO:Ward 40 Precinct 07,397,0.18194,0.21021600871927215,83,0.37576,0.24720699618110215,98,0.4248,0.2546989435275924,101,0.01398,0.12074045172372237,48,0.00126,0.05630687574481098,22,0.00188,0.04922471407511085,20,0.00038,0.02848377118063087,11
CITY OF CHICAGO:WARD 40 PRECINCT 10,CITY OF CHICAGO:Ward 40 Precinct 10,549,0.19004,0.2106214141324546,116,0.38126,0.24815807846129284,136,0.41016,0.25256336001721524,139,0.01572,0.12151533427878451,67,0.00122,0.05580686213199458,31,0.00122,0.04936752311166782,27,0.00038,0.028627352807203618,16
CITY OF CHICAGO:WARD 40 PRECINCT 14,CITY OF CHICAGO:Ward 40 Precinct 14,219,0.17246,0.2080456219619048,46,0.36652,0.24744551102002943,54,0.44504,0.2588539197180382,57,0.01326,0.11836190365208726,26,0.00124,0.05650021918656126,12,0.00112,0.04980462032079437,11,0.00036,0.02808236825048021,6
CITY OF CHICAGO:WARD 40 PRECINCT 21,CITY OF CHICAGO:Ward 40 Precinct 21,426,0.17556,0.20877969933498025,89,0.3663,0.2472582033100572,105,0.44336,0.25878959720850503,110,0.01208,0.1177338003439023,50,0.0013,0.0563541324272729,24,0.00114,0.04897205818991979,21,0.00026,0.029021874546961306,12
CITY OF CHICAGO:WARD 46 PRECINCT 11,CITY OF CHICAGO:Ward 46 Precinct 11,586,0.17542,0.20859042979222014,122,0.3651,0.24705117436027296,145,0.44316,0.25841660014395584,151,0.01338,0.11886799489856525,70,0.00116,0.05596386634861099,33,0.00144,0.049065766231215446,29,0.00034,0.028818783664498113,17
CITY OF CHICAGO:WARD 46 PRECINCT 13,CITY OF CHICAGO:Ward 46 Precinct 13,272,0.1778,0.2088100221974409,57,0.36368,0.2469615777283456,67,0.44326,0.258449584568482,70,0.01284,0.11847801083847148,32,0.00106,0.05647709485458227,15,0.00106,0.04890582020973946,13,0.0003,0.02874052837006712,8
CITY OF CHICAGO:WARD 46 PRECINCT 14,CITY OF CHICAGO:Ward 46 Precinct 14,170,0.1745,0.208091669255073,35,0.3639,0.2469595854313117,42,0.44606,0.2589228388349981,44,0.0124,0.11833790619445037,20,0.0013,0.056330003699017424,10,0.00144,0.04993865099848269,8,0.0004,0.028202303008202204,5
CITY OF CHICAGO:WARD 46 PRECINCT 16,CITY OF CHICAGO:Ward 46 Precinct 16,657,0.19298,0.21114990700463582,139,0.38598,0.24798294009781216,163,0.40162,0.25028566664081875,164,0.01658,0.12279654633696746,81,0.001,0.05598994185703782,37,0.00138,0.049455305958985785,32,0.00046,0.029240670384047075,19
CITY OF CHICAGO:WARD 46 PRECINCT 19,CITY OF CHICAGO:Ward 46 Precinct 19,466,0.18274,0.20981782714570396,98,0.37538,0.2477588979027095,115,0.42494,0.25482354587828243,119,0.01434,0.12062406951031711,56,0.00104,0.05603516428036723,26,0.00118,0.04925876350453007,23,0.00038,0.028784329060673387,13
CITY OF CHICAGO:WARD 46 PRECINCT 22,CITY OF CHICAGO:Ward 46 Precinct 22,412,0.18988,0.21053660596969023,87,0.37736,0.24776410813984495,102,0.41482,0.2532593340069076,104,0.01522,0.12113574342313044,50,0.00108,0.05550230601258722,23,0.0012,0.0503756196411486,21,0.00044,0.028266768444639948,12
CITY OF CHICAGO:WARD 46 PRECINCT 23,CITY OF CHICAGO:Ward 46 Precinct 23,383,0.18698,0.2097352163566635,80,0.38082,0.2478152338762445,95,0.41358,0.25285718381361955,97,0.01642,0.12213031131550828,47,0.001,0.055941808260057874,21,0.001,0.049174849979866805,19,0.0002,0.02889373076826187,11
CITY OF CHICAGO:WARD 47 PRECINCT 03,CITY OF CHICAGO:Ward 47 Precinct 03,427,0.17646,0.20871396928892666,89,0.36318,0.2468206089818867,105,0.44458,0.2585287932372392,110,0.01312,0.11799843398031264,50,0.00124,0.05628449364307791,24,0.00122,0.049367856705756566,21,0.0002,0.02854119795169884,12
CITY OF CHICAGO:WARD 47 PRECINCT 04,CITY OF CHICAGO:Ward 47 Precinct 04,578,0.18098,0.20908351293553967,121,0.3753,0.2479680434501359,143,0.42612,0.25555916458367023,148,0.01476,0.12054350752759213,70,0.00114,0.05571334030293938,32,0.00134,0.04955802380027623,29,0.00036,0.02817106871562764,16
CITY OF CHICAGO:WARD 48 PRECINCT 01,CITY OF CHICAGO:Ward 48 Precinct 01,560,0.18458,0.21005739659500436,118,0.37542,0.24789620927812667,139,0.42182,0.25434198588062507,142,0.01544,0.12044814950401647,67,0.00122,0.05627467863099965,32,0.00116,0.04991697094313574,28,0.00036,0.028771842343529745,16
CITY OF CHICAGO:WARD 48 PRECINCT 07,CITY OF CHICAGO:Ward 48 Precinct 07,482,0.18558,0.20997120435729574,101,0.37724,0.2479878707884945,120,0.4205,0.2537173695403474,122,0.01402,0.12011108270777404,58,0.00128,0.05535129257205512,27,0.00106,0.04953740175461044,24,0.00032,0.028593419164994235,14
CITY OF CHICAGO:WARD 48 PRECINCT 21,CITY OF CHICAGO:Ward 48 Precinct 21,491,0.21742,0.21497334485741224,106,0.41314,0.24997858093662817,123,0.34372,0.23925527002824942,117,0.02212,0.1288044678532108,63,0.00144,0.05457873678957023,27,0.0017,0.05001810017944245,25,0.00046,0.02918848364190786,14
CITY OF CHICAGO:WARD 48 PRECINCT 25,CITY OF CHICAGO:Ward 48 Precinct 25,508,0.18028,0.20953092806132925,106,0.36948,0.24714636847752883,126,0.43268,0.25593070106463034,130,0.01454,0.11938805751756583,61,0.00148,0.05599444689879855,28,0.00112,0.04916842347726715,25,0.00042,0.028510776450530587,14
CITY OF CHICAGO:WARD 48 PRECINCT 28,CITY OF CHICAGO:Ward 48 Precinct 28,339,0.18002,0.20889788808025136,71,0.3734,0.2474607726613299,84,0.43128,0.2561223779903411,87,0.01238,0.11912998421248994,40,0.00128,0.0567361965131854,19,0.00122,0.04897456471320881,17,0.00042,0.028584057696668323,10
CITY OF CHICAGO:WARD 48 PRECINCT 30,CITY OF CHICAGO:Ward 48 Precinct 30,513,0.19004,0.21127346512600392,108,0.38582,0.2484441619510182,127,0.40596,0.2508611762594887,129,0.01558,0.12224506091932602,63,0.00132,0.056467063698479245,29,0.00094,0.049635783481281524,25,0.00034,0.028642449616858932,15
CITY OF CHICAGO:WARD 48 PRECINCT 31,CITY OF CHICAGO:Ward 48 Precinct 31,394,0.18108,0.20905675831022072,82,0.36978,0.2474025793917361,97,0.43246,0.2563919611418347,101,0.01354,0.11900906243158654,47,0.00146,0.05607064323762995,22,0.00136,0.04886543112019742,19,0.00032,0.028663086175090394,11
CITY OF CHICAGO:WARD 48 PRECINCT 34,CITY OF CHICAGO:Ward 48 Precinct 34,380,0.17504,0.20864906279368764,79,0.36218,0.2466482354582974,94,0.44784,0.25872644548753543,98,0.0121,0.11802688188734653,45,0.00136,0.056863736744764554,22,0.00112,0.04934738539701557,19,0.00036,0.028157096301761282,11
CITY OF CHICAGO:WARD 48 PRECINCT 35,CITY OF CHICAGO:Ward 48 Precinct 35,635,0.18768,0.21005304807647568,133,0.3825,0.2478604561622501,157,0.4104,0.2519275754632393,160,0.0161,0.12209492695531968,78,0.00164,0.0559858696508724,36,0.00134,0.04941632813816352,31,0.00034,0.028950904932969777,18
CITY OF CHICAGO:WARD 49 PRECINCT 02,CITY OF CHICAGO:Ward 49 Precinct 02,532,0.21584,0.21451819610329084,114,0.4174,0.2505803286643462,133,0.34258,0.23930077138495565,127,0.02096,0.12930486693746018,69,0.00126,0.0549574836776546,29,0.00138,0.049752311959329096,26,0.00058,0.029312028852982282,16
CITY OF CHICAGO:WARD 49 PRECINCT 03,CITY OF CHICAGO:Ward 49 Precinct 03,759,0.21428,0.21448375582052498,163,0.41718,0.25053572780388567,190,0.34324,0.23946393238681785,182,0.02154,0.12904710928155616,98,0.00156,0.0545146246583797,41,0.00162,0.04941712331494262,38,0.00058,0.028744300070453477,22
CITY OF CHICAGO:WARD 49 PRECINCT 08,CITY OF CHICAGO:Ward 49 Precinct 08,652,0.18438,0.20982688417255246,137,0.37388,0.24775103574908466,162,0.42402,0.25510562110153234,166,0.01456,0.12050590151749727,79,0.00156,0.055885342579594474,36,0.00122,0.04930213724465153,32,0.00038,0.029015248245959198,19
CITY OF CHICAGO:WARD 49 PRECINCT 09,CITY OF CHICAGO:Ward 49 Precinct 09,596,0.18144,0.20927803301249587,125,0.37022,0.2467904626071298,147,0.43062,0.256251347984179,153,0.01464,0.11966467282290433,71,0.00166,0.056777257116564624,34,0.00112,0.049587721566103526,30,0.0003,0.028611495442477857,17
CITY OF CHICAGO:WARD 49 PRECINCT 10,CITY OF CHICAGO:Ward 49 Precinct 10,484,0.18836,0.21106396603303357,102,0.38374,0.2486892172345161,120,0.40952,0.25171443190374426,122,0.01532,0.12185271617994715,59,0.00134,0.05569338844415554,27,0.00132,0.049658327727182844,24,0.0004,0.028714566580486153,14
CITY OF CHICAGO:WARD 49 PRECINCT 11,CITY OF CHICAGO:Ward 49 Precinct 11,480,0.1889,0.21090276941141364,101,0.3846,0.2482586778664137,119,0.40732,0.2508157376490172,120,0.01632,0.12259070917139267,59,0.00138,0.0558180750531731,27,0.001,0.049217445752200606,24,0.00048,0.029549219022796516,14
CITY OF CHICAGO:WARD 49 PRECINCT 12,CITY OF CHICAGO:Ward 49 Precinct 12,433,0.19204,0.2111365623989817,91,0.38772,0.24829582778153247,108,0.40122,0.25031653043859947,108,0.01598,0.12300160493104655,53,0.00134,0.05534772896040657,24,0.00128,0.04934785957963918,21,0.00042,0.02856250946350769,12
CITY OF CHICAGO:WARD 49 PRECINCT 13,CITY OF CHICAGO:Ward 49 Precinct 13,632,0.18428,0.2100514286178149,133,0.37444,0.24754280198432815,156,0.42372,0.2543143192039067,161,0.01458,0.12095784051006339,76,0.00112,0.056235872066301346,36,0.00156,0.04992267447121421,32,0.0003,0.029013162163361556,18
CITY OF CHICAGO:WARD 49 PRECINCT 14,CITY OF CHICAGO:Ward 49 Precinct 14,815,0.19506,0.2114892637316268,172,0.38828,0.24852688228393924,203,0.39638,0.24955932228584113,203,0.01756,0.12320992699767455,100,0.00126,0.05577082679053615,45,0.00112,0.04943113114720046,40,0.00034,0.02913534876022801,24
CITY OF CHICAGO:WARD 49 PRECINCT 15,CITY OF CHICAGO:Ward 49 Precinct 15,688,0.19056,0.21060668296388388,145,0.38212,0.24794151418144728,171,0.40656,0.2515314166551833,173,0.01718,0.12259209756949499,84,0.00152,0.05535263251113259,38,0.00176,0.048785770822726865,34,0.0003,0.028649488398602846,20
CITY OF CHICAGO:WARD 50 PRECINCT 07,CITY OF CHICAGO:Ward 50 Precinct 07,507,0.21904,0.2149763168620535,109,0.41382,0.25009595222108566,127,0.34244,0.23935038107067622,121,0.0215,0.1291824406565892,65,0.00134,0.05454758454268212,28,0.0014,0.049589250763557094,25,0.00046,0.028982096980547184,15
CITY OF CHICAGO:WARD 50 PRECINCT 24,CITY OF CHICAGO:Ward 50 Precinct 24,334,0.62762,0.3035834968770941,101,0.32648,0.2634208526822238,88,0.04042,0.16651185957144699,56,0.00398,0.09727979065168753,32,0.00092,0.054374966568471586,18,0.00026,0.05173154279494795,17,0.00032,0.030594771175746403,10
CITY OF CHICAGO:WARD 50 PRECINCT 25,CITY OF CHICAGO:Ward 50 Precinct 25,83,0.24674,0.23820683376376045,20,0.65052,0.29566171943410646,25,0.0879,0.18884082205341401,16,0.01278,0.11908709601705418,10,0.00058,0.042440365086284834,4,0.00104,0.05018904790452603,4,0.00044,0.03003064251789914,2
CITY OF CHICAGO:WARD 49 PRECINCT 07,CITY OF CHICAGO:Ward 49 Precinct 07,693,0.17508,0.208883517214067,145,0.36406,0.24751833370862628,172,0.44514,0.2589503055284108,179,0.01292,0.11810322452127034,82,0.00126,0.05644766795305421,39,0.00114,0.049093511431425846,34,0.0004,0.02866405802974943,20
CITY OF CHICAGO:WARD 48 PRECINCT 12,CITY OF CHICAGO:Ward 48 Precinct 12,526,0.18766,0.21016177797251406,111,0.37718,0.24811792839247743,131,0.41712,0.2532161543899253,133,0.0154,0.1212033257538589,64,0.001,0.05632279082025102,30,0.00134,0.048862823328109185,26,0.0003,0.029118285381298303,15
CITY OF CHICAGO:WARD 48 PRECINCT 13,CITY OF CHICAGO:Ward 48 Precinct 13,391,0.24558,0.2387627136983067,93,0.64976,0.2954131095361431,116,0.09014,0.1894200824538077,74,0.0127,0.11952874897522622,47,0.00064,0.04226319964476638,17,0.0007,0.05003547852025644,20,0.00048,0.028902052296732754,11
CITY OF CHICAGO:WARD 48 PRECINCT 14,CITY OF CHICAGO:Ward 48 Precinct 14,335,0.18668,0.21013026062419007,70,0.37528,0.24717107648698114,83,0.41852,0.25316560360150264,85,0.01648,0.12146538282631873,41,0.00126,0.05576314134005265,19,0.00132,0.04895426761600978,16,0.00046,0.02870624832528547,10
CITY OF CHICAGO:WARD 48 PRECINCT 32,CITY OF CHICAGO:Ward 48 Precinct 32,311,0.18674,0.21063016887681463,66,0.3808,0.24790120706756638,77,0.4132,0.2532290646638976,79,0.01646,0.12149220725144506,38,0.00126,0.055656493747710166,17,0.00114,0.0489991751742052,15,0.0004,0.02837592208783974,9
CITY OF CHICAGO:WARD 50 PRECINCT 09,CITY OF CHICAGO:Ward 50 Precinct 09,119,0.26916,0.25254445301698036,30,0.66642,0.3073532115705158,37,0.05878,0.18078145345979085,22,0.00456,0.10254358827893913,12,0.00048,0.03999038377871726,5,0.00034,0.05024032410253634,6,0.00026,0.02957869443415654,4
CITY OF CHICAGO:WARD 50 PRECINCT 11,CITY OF CHICAGO:Ward 50 Precinct 11,327,0.5861,0.29304442869486225,96,0.32844,0.25848328026988465,85,0.07992,0.18837391008946602,62,0.00346,0.08900716376387549,29,0.00102,0.055770645421447655,18,0.00062,0.050693869196583155,17,0.00044,0.030430886688890765,10
CITY OF CHICAGO:WARD 50 PRECINCT 12,CITY OF CHICAGO:Ward 50 Precinct 12,191,0.18288,0.20968253938975162,40,0.37458,0.24728938765760725,47,0.4257,0.25523473849943745,49,0.01398,0.12000747556380156,23,0.00106,0.056008479596530894,11,0.0013,0.04994359925935852,10,0.0005,0.028305929717331865,5
CITY OF CHICAGO:WARD 50 PRECINCT 14,CITY OF CHICAGO:Ward 50 Precinct 14,69,0.17854,0.2088658876391097,14,0.372,0.24724007855176267,17,0.43338,0.2562882168819881,18,0.0138,0.11935540903204901,8,0.0011,0.05666292862823811,4,0.001,0.049399737297051965,3,0.00018,0.028857674099411833,2
CITY OF CHICAGO:WARD 50 PRECINCT 16,CITY OF CHICAGO:Ward 50 Precinct 16,85,0.27306,0.25356577249937545,22,0.66472,0.3075925189078308,26,0.0559,0.18034332811797785,15,0.00532,0.10272278822578426,9,0.00034,0.0390653381731651,3,0.00034,0.05052161738521997,4,0.00032,0.029618147834135664,3
CITY OF CHICAGO:WARD 50 PRECINCT 18,CITY OF CHICAGO:Ward 50 Precinct 18,81,0.22718,0.23303323055548592,19,0.63138,0.2924864068455072,24,0.13162,0.2058201703876013,17,0.0082,0.11005852104568514,9,0.0006,0.043684346506463745,4,0.00076,0.04957517315136883,4,0.00026,0.02935586336792697,2
CITY OF CHICAGO:WARD 50 PRECINCT 27,CITY OF CHICAGO:Ward 50 Precinct 27,68,0.26896,0.25285584713315845,17,0.66892,0.3077061262843049,21,0.05618,0.18055067485008094,12,0.00484,0.10336407973158773,7,0.00038,0.039483618225291686,3,0.00048,0.050020619605518485,3,0.00024,0.029063311601308657,2
COOK:8200007,COOK:Niles Precinct 7,383,0.34842,0.2756070482198957,106,0.61246,0.31088904952647145,119,0.0367,0.17177680687961547,66,0.00162,0.08057997533255279,31,0.00034,0.04330481312799425,17,0.00026,0.05106595866882008,20,0.0002,0.030222637218654008,12
COOK:8200002,COOK:Niles Precinct 2,228,0.74948,0.34056052171763457,78,0.23626,0.2703522968684754,62,0.01296,0.14953163033143116,34,0.00058,0.06510332443193813,15,0.00046,0.0557184978506107,13,0.00018,0.051435941020911036,12,8e-05,0.031133181609165683,7
COOK:8200026,COOK:Niles Precinct 26,243,0.34602,0.27517081405445853,67,0.6142,0.31092692071440026,76,0.03712,0.17167898298941314,42,0.00192,0.07979513899930499,19,0.00036,0.04357369109536382,11,0.00024,0.051170074788587386,12,0.00014,0.02971199780258945,7
COOK:8200053,COOK:Niles Precinct 53,363,0.34996,0.2762177370704791,100,0.61108,0.31068560886108865,113,0.03586,0.17250661555245742,63,0.00204,0.07993280549354553,29,0.00052,0.044042362833099834,16,0.00028,0.04989777102006318,18,0.00026,0.029967274814825244,11
COOK:8200059,COOK:Niles Precinct 59,356,0.34716,0.2753952619732779,98,0.61308,0.3114314467806766,111,0.03718,0.17208661792453772,61,0.00184,0.07992262961115011,28,0.0004,0.043766423820369875,16,0.00018,0.05104174663996504,18,0.00016,0.03076622716691443,11
COOK:8300027,COOK:Northfield Precinct 27,238,0.34154,0.27496396473448526,65,0.61792,0.3113001065116241,74,0.03776,0.17210062058591644,41,0.00184,0.079794874994804,19,0.00038,0.04395388985191477,10,0.00036,0.05096761303642862,12,0.0002,0.030195236291287772,7
COOK:8300033,COOK:Northfield Precinct 33,137,0.34992,0.2761667062543216,38,0.61126,0.3110116806887234,43,0.03646,0.17197785017783832,24,0.00158,0.07940960687174552,11,0.00026,0.043671347303442326,6,0.00026,0.0509256062852422,7,0.00026,0.030349725344170467,4
COOK:8300043,COOK:Northfield Precinct 43,296,0.35322,0.27923277491680254,83,0.61184,0.31406352888033184,93,0.03204,0.16942823945509486,50,0.0018,0.07632600885170229,23,0.00052,0.043273424420364526,13,0.00038,0.050428170776223497,15,0.0002,0.029615478149761718,9
COOK:8300049,COOK:Northfield Precinct 49,199,0.34504,0.27496392270933445,55,0.61408,0.31027258951156395,62,0.03806,0.17248320595658573,34,0.00198,0.08001549519738196,16,0.00038,0.044040480508714744,9,0.00032,0.05102187919835433,10,0.00014,0.030030866903407435,6
COOK:8300051,COOK:Northfield Precinct 51,662,0.7581,0.3462274424558688,229,0.23104,0.2736244553046022,181,0.00984,0.14625374902044935,97,0.00042,0.059338766760199405,39,0.00042,0.05441473030246993,36,0.00014,0.05146788889758335,34,4e-05,0.031469085910183714,21
COOK:8300053,COOK:Northfield Precinct 53,276,0.35228,0.2801352317259267,77,0.61464,0.3139025768911955,87,0.03096,0.16914541323386442,47,0.00134,0.07569274773496865,21,0.00036,0.042375612726738635,12,0.00026,0.050337234117977664,14,0.00016,0.029994793111697525,8
COOK:8000011,COOK:Maine Precinct 11,95,0.74928,0.34012561542109554,32,0.23628,0.2707705951429117,26,0.01326,0.14963137461033668,14,0.00062,0.0648888419814502,6,0.00024,0.05576488039961007,5,0.00016,0.0514081351136522,5,0.00016,0.03180820209752459,3
COOK:8000015,COOK:Maine Precinct 15,188,0.75206,0.34057865868862636,64,0.23332,0.27000784204592515,51,0.01322,0.1496497019669372,28,0.00062,0.0644218680949787,12,0.00046,0.055737851738289025,10,0.0002,0.05163019535681996,10,0.00012,0.031180136084696084,6
COOK:8000032,COOK:Maine Precinct 32,208,0.74962,0.3407146769203779,71,0.23636,0.2702943489939515,56,0.01258,0.14968386605243297,31,0.00056,0.06489537534372972,13,0.00062,0.05587105170359356,12,0.00012,0.052222156991227384,11,0.00014,0.031232628050370352,6
COOK:8000040,COOK:Maine Precinct 40,173,0.34932,0.25227030353976393,44,0.45114,0.2676612356945589,46,0.19308,0.22083621849114526,38,0.00404,0.08651817225691733,15,0.00122,0.0576648169851329,10,0.00094,0.050593104993435264,9,0.00026,0.02963464808060063,5
COOK:8000051,COOK:Maine Precinct 51,167,0.34464,0.27454550697651403,46,0.61548,0.31028387102001864,52,0.03726,0.17248738851973294,29,0.00174,0.08045289943132117,13,0.00026,0.044025461837686644,7,0.0005,0.05120893463056541,9,0.00012,0.030033750588058582,5
COOK:8000073,COOK:Maine Precinct 73,156,0.7737,0.35798163932519544,56,0.2205,0.28198300635477813,44,0.0053,0.13737609708433762,21,0.00022,0.04849267382787816,8,0.00016,0.052056496299479754,8,0.0,0.05197609070106881,8,0.00012,0.031446031550363296,5
COOK:8200003,COOK:Niles Precinct 3,376,0.74824,0.3407212271875193,128,0.23654,0.2700004477954645,102,0.01394,0.150165283778327,56,0.00064,0.06487979747701378,24,0.00038,0.05590236776118193,21,0.00016,0.05124438232758483,19,0.0001,0.031044842384646647,12
COOK:8200030,COOK:Niles Precinct 30,149,0.34712,0.275296471820769,41,0.61304,0.31060442670406796,46,0.03722,0.172149689540522,26,0.0018,0.08039645194971881,12,0.00032,0.04337305867069925,6,0.00032,0.050961952227985045,8,0.00018,0.030095531665601208,4
COOK:8200032,COOK:Niles Precinct 32,139,0.3602,0.2803715941976668,39,0.60812,0.3135887881077697,44,0.02972,0.16938641764615128,24,0.00126,0.07595288307131257,11,0.00036,0.0427643848944372,6,0.00022,0.050965104109247955,7,0.00012,0.030259818067687738,4
COOK:8200038,COOK:Niles Precinct 38,416,0.3649,0.2832833835008684,118,0.60682,0.3156119532484364,131,0.02656,0.16704693971444962,69,0.00102,0.07305603005329309,30,0.00022,0.04208878883677201,18,0.00024,0.0508224421350711,21,0.00024,0.03072552829140298,13
COOK:8200046,COOK:Niles Precinct 46,279,0.34862,0.2752925783388996,77,0.61078,0.31012970927429784,87,0.03778,0.17194169718536528,48,0.00196,0.0795427571285193,22,0.00042,0.04337478031689624,12,0.00026,0.05146430024829507,14,0.00018,0.0300968537308771,8
COOK:8200050,COOK:Niles Precinct 50,268,0.34772,0.27556081652248465,74,0.61374,0.3110338964550584,83,0.0357,0.17244489189223916,46,0.00194,0.08019074677827315,21,0.00028,0.04430326417078521,12,0.00028,0.050068244087589725,13,0.00034,0.030438607324660506,8
COOK:8200052,COOK:Niles Precinct 52,152,0.3472,0.2751766238581055,42,0.6136,0.31076264621056393,47,0.03712,0.1722145241618475,26,0.00134,0.07990128175970929,12,0.00022,0.04393839711926189,7,0.0003,0.05075049158153231,8,0.00022,0.029957089905593676,5
COOK:8200060,COOK:Niles Precinct 60,339,0.35262,0.28070924282668586,95,0.61412,0.3140098308339835,106,0.0309,0.1683225723584088,57,0.00148,0.0759344786163959,26,0.00028,0.04314882064408662,15,0.00038,0.0513831608550471,17,0.00022,0.029847134671077455,10
CITY OF CHICAGO:WARD 40 PRECINCT 15,CITY OF CHICAGO:Ward 40 Precinct 15,489,0.18154,0.20924524405849126,102,0.3731,0.24787255251632673,121,0.42904,0.25619151168510534,125,0.01352,0.11902779195883431,58,0.00112,0.05626964212877686,28,0.00136,0.049872524540852566,24,0.00032,0.028972698765790304,14
CITY OF CHICAGO:WARD 40 PRECINCT 16,CITY OF CHICAGO:Ward 40 Precinct 16,447,0.18248,0.21005120797426816,94,0.37938,0.24850899552300806,111,0.42114,0.2541738354343659,114,0.01488,0.1207279618208073,54,0.00092,0.05569070975252582,25,0.00086,0.04921852783756576,22,0.00034,0.02873096797591787,13
CITY OF CHICAGO:WARD 40 PRECINCT 19,CITY OF CHICAGO:Ward 40 Precinct 19,490,0.17678,0.20877639387848979,102,0.36742,0.24710097296445227,121,0.43928,0.25719439637186853,126,0.01374,0.11867476590563748,58,0.00112,0.056604640260722115,28,0.0012,0.049168344688645726,24,0.00046,0.028629220588256468,14
CITY OF CHICAGO:WARD 40 PRECINCT 20,CITY OF CHICAGO:Ward 40 Precinct 20,773,0.1747,0.20866732683881273,161,0.36296,0.2466576961605794,191,0.44698,0.258187268378504,200,0.01258,0.11796277723612411,91,0.00106,0.05639865980242286,44,0.00136,0.04966306076409676,38,0.00036,0.02839443957275032,22
CITY OF CHICAGO:WARD 41 PRECINCT 28,CITY OF CHICAGO:Ward 41 Precinct 28,469,0.5984,0.29650081990262167,139,0.33442,0.2607794572852701,122,0.06108,0.17999471003871859,84,0.004,0.09266517388845628,43,0.00122,0.055657874096948196,26,0.00044,0.05045113005072395,24,0.00044,0.030660843676354417,14
CITY OF CHICAGO:WARD 41 PRECINCT 29,CITY OF CHICAGO:Ward 41 Precinct 29,575,0.62982,0.3024162361865834,174,0.32264,0.26197276570997063,151,0.04086,0.16681726270466415,96,0.00524,0.09881250847237766,57,0.0009,0.05466667784130121,31,0.00026,0.05106419176718708,29,0.00028,0.03086112246301683,18
CITY OF CHICAGO:WARD 41 PRECINCT 30,CITY OF CHICAGO:Ward 41 Precinct 30,352,0.62282,0.3017558960603415,106,0.32856,0.2625006832564164,92,0.04236,0.16756433429590975,59,0.00476,0.09835116318495718,35,0.00064,0.05473731851117117,19,0.00042,0.05121644307707173,18,0.00044,0.030600439917509673,11
CITY OF CHICAGO:WARD 41 PRECINCT 31,CITY OF CHICAGO:Ward 41 Precinct 31,348,0.62266,0.30134496943277217,105,0.32736,0.2621786282445756,91,0.04334,0.1673855549650086,58,0.00506,0.09922353920577598,35,0.00082,0.05440195357834983,19,0.00044,0.0512868557427055,18,0.00032,0.030613409127417345,11
CITY OF CHICAGO:WARD 46 PRECINCT 06,CITY OF CHICAGO:Ward 46 Precinct 06,628,0.17906,0.20875576291484393,131,0.3603,0.24666228300117868,155,0.44574,0.25879248439982294,163,0.01242,0.11833833959434643,74,0.0011,0.0565253450246235,35,0.00096,0.04969059731007815,31,0.00042,0.02847337091699291,18
CITY OF CHICAGO:WARD 46 PRECINCT 07,CITY OF CHICAGO:Ward 46 Precinct 07,291,0.17744,0.20871879896155124,61,0.36134,0.2469129939265904,72,0.4458,0.2586724636837127,75,0.01258,0.11806454980268058,34,0.0012,0.0564273680313397,16,0.0012,0.049176132583585136,14,0.00044,0.028405079292631488,8
CITY OF CHICAGO:WARD 46 PRECINCT 08,CITY OF CHICAGO:Ward 46 Precinct 08,378,0.22204,0.23162857827027034,88,0.62528,0.29154607804215915,110,0.14316,0.20992315073674053,79,0.00768,0.10785009454870863,41,0.00066,0.04450884436079945,17,0.00086,0.04980235615060018,19,0.00032,0.028988679826731815,11
CITY OF CHICAGO:WARD 46 PRECINCT 10,CITY OF CHICAGO:Ward 46 Precinct 10,834,0.17478,0.20862086762739196,174,0.3672,0.24699208494780925,206,0.44194,0.25852351576792976,216,0.01354,0.11845041643441981,99,0.0011,0.05655144110084795,47,0.00104,0.0492326289880515,41,0.0004,0.028534658602894915,24
CITY OF CHICAGO:WARD 46 PRECINCT 12,CITY OF CHICAGO:Ward 46 Precinct 12,794,0.17342,0.20800363079294334,165,0.36522,0.2472034739024859,196,0.44514,0.2586506519047201,205,0.01334,0.11832244798559188,94,0.00132,0.05695280681347901,45,0.00132,0.04896910877325965,39,0.00024,0.028236157926151563,22
CITY OF CHICAGO:WARD 46 PRECINCT 15,CITY OF CHICAGO:Ward 46 Precinct 15,577,0.23112,0.23351435642185397,135,0.63178,0.29225118736697925,169,0.1262,0.20446458324307393,118,0.0092,0.1110830639563924,64,0.00072,0.043397574613036005,25,0.00058,0.050000040920584576,29,0.0004,0.028955555914298593,17
CITY OF CHICAGO:WARD 46 PRECINCT 17,CITY OF CHICAGO:Ward 46 Precinct 17,531,0.179,0.20877107063237266,111,0.36736,0.247101417767146,131,0.43698,0.25698118981096507,136,0.01376,0.11941045419620497,63,0.00144,0.056476232991813535,30,0.00116,0.04984035004858322,26,0.0003,0.028957508876683344,15
CITY OF CHICAGO:WARD 46 PRECINCT 18,CITY OF CHICAGO:Ward 46 Precinct 18,548,0.17658,0.20883619514094579,114,0.36308,0.24674984350640028,135,0.44394,0.2584009915226796,142,0.01352,0.11822635910263277,65,0.00126,0.05624436556447233,31,0.00118,0.049181834400316635,27,0.00044,0.028375890524410294,16
CITY OF CHICAGO:WARD 46 PRECINCT 21,CITY OF CHICAGO:Ward 46 Precinct 21,336,0.21786,0.21467947917577468,72,0.4152,0.24994098689865785,84,0.34286,0.2391968073817402,80,0.021,0.12897649692168756,43,0.00148,0.05468629336674196,18,0.00108,0.05008349320869106,17,0.00052,0.028931715972367912,10
CITY OF CHICAGO:WARD 47 PRECINCT 02,CITY OF CHICAGO:Ward 47 Precinct 02,435,0.17476,0.20826376522492646,91,0.3659,0.2469735083903976,107,0.4437,0.25849742451711744,112,0.01304,0.11824878016109248,51,0.00112,0.0567518185985568,25,0.00124,0.048891901205957655,21,0.00024,0.02889532126402413,13
CITY OF CHICAGO:WARD 47 PRECINCT 05,CITY OF CHICAGO:Ward 47 Precinct 05,679,0.17476,0.20837917276949114,141,0.36686,0.24701851298966226,168,0.44276,0.25775467621255577,175,0.012,0.11779158265321296,80,0.0015,0.05635226555006598,38,0.00158,0.04972515865868629,34,0.00054,0.029518318491098396,20
CITY OF CHICAGO:WARD 47 PRECINCT 06,CITY OF CHICAGO:Ward 47 Precinct 06,490,0.1754,0.20841494888854858,102,0.36988,0.24762955643095055,121,0.43738,0.25757496362873056,126,0.0144,0.11895508223181413,58,0.0013,0.0569955634705622,28,0.00118,0.04943043375142435,24,0.00046,0.028533971505109623,14
CITY OF CHICAGO:WARD 48 PRECINCT 02,CITY OF CHICAGO:Ward 48 Precinct 02,206,0.08444,0.18068176505021177,37,0.14304,0.2032752383906297,42,0.75958,0.30078573314666124,62,0.00522,0.10266490430335279,21,0.0061,0.10438243526631584,22,0.00126,0.04968332480198454,10,0.00036,0.029506741662529583,6
CITY OF CHICAGO:WARD 48 PRECINCT 03,CITY OF CHICAGO:Ward 48 Precinct 03,322,0.1753,0.20891156955502221,67,0.36564,0.24747046095714859,80,0.44406,0.2585497690289043,83,0.01248,0.11814599332030756,38,0.0009,0.05548851921309674,18,0.00124,0.049233187394217934,16,0.00038,0.02870450635683191,9
CITY OF CHICAGO:WARD 48 PRECINCT 04,CITY OF CHICAGO:Ward 48 Precinct 04,355,0.21722,0.21514912392222957,76,0.41446,0.2502238748631878,89,0.34258,0.23894237148366082,85,0.02208,0.12939293539241004,46,0.00142,0.054942966577645545,20,0.0017,0.04978488365218537,18,0.00054,0.02881714997115175,10
CITY OF CHICAGO:WARD 48 PRECINCT 05,CITY OF CHICAGO:Ward 48 Precinct 05,225,0.22784,0.21926379670276355,49,0.42884,0.2537629051859664,57,0.32296,0.2372747806391592,53,0.01702,0.12490256783512453,28,0.00154,0.053960666290090685,12,0.00128,0.0495331376059515,11,0.00052,0.029357207624756684,7
CITY OF CHICAGO:WARD 48 PRECINCT 06,CITY OF CHICAGO:Ward 48 Precinct 06,552,0.17822,0.2082842631601273,115,0.36562,0.24710140307544182,136,0.43944,0.25729576042842267,142,0.01394,0.11945514632109022,66,0.00144,0.05660802038505345,31,0.00102,0.04956894317777692,27,0.00032,0.028026492628801847,15
CITY OF CHICAGO:WARD 48 PRECINCT 09,CITY OF CHICAGO:Ward 48 Precinct 09,154,0.24642,0.2379157328226585,37,0.65146,0.2953939043752069,45,0.08842,0.18916090527551746,29,0.01196,0.11915353614863658,18,0.00054,0.042651371119462066,7,0.00088,0.05000443092216815,8,0.00032,0.02994508102402224,5
CITY OF CHICAGO:WARD 48 PRECINCT 10,CITY OF CHICAGO:Ward 48 Precinct 10,519,0.18956,0.21092435806881882,109,0.37912,0.2478238777475923,129,0.41308,0.2522438283073152,131,0.01524,0.12166929464505691,63,0.00128,0.05663110347173253,29,0.00144,0.04922800411116146,26,0.00028,0.028674595897982127,15
CITY OF CHICAGO:WARD 48 PRECINCT 11,CITY OF CHICAGO:Ward 48 Precinct 11,398,0.19264,0.2110226364185867,84,0.38344,0.2480115250897143,99,0.40554,0.25137725359757856,100,0.01536,0.12209144633456867,49,0.00132,0.05599372902160716,22,0.00138,0.04913088321365659,20,0.00032,0.02868468157279457,11
CITY OF CHICAGO:WARD 48 PRECINCT 15,CITY OF CHICAGO:Ward 48 Precinct 15,276,0.17296,0.20822836770116726,57,0.36296,0.24741768981817627,68,0.44806,0.25919030604464943,72,0.01316,0.11828447494266475,33,0.00104,0.05638259260076918,16,0.00154,0.04900421702475057,14,0.00028,0.028714357514250884,8
CITY OF CHICAGO:WARD 48 PRECINCT 17,CITY OF CHICAGO:Ward 48 Precinct 17,171,0.2468,0.23800303534709372,41,0.65014,0.29582842545640126,51,0.08974,0.18992424057200502,32,0.01154,0.11955059203007823,20,0.00064,0.04246557343489052,7,0.00076,0.050112519174804054,9,0.00038,0.02975986039840469,5
CITY OF CHICAGO:WARD 48 PRECINCT 19,CITY OF CHICAGO:Ward 48 Precinct 19,342,0.18878,0.2105776841264882,72,0.37962,0.24771123921459032,85,0.41468,0.2527646604413654,86,0.01428,0.1215520415692652,42,0.00108,0.05585408794979656,19,0.00128,0.04985337379214533,17,0.00028,0.02856897932458945,10
CITY OF CHICAGO:WARD 48 PRECINCT 20,CITY OF CHICAGO:Ward 48 Precinct 20,208,0.21814,0.21448750958589774,45,0.41566,0.25016358098472846,52,0.34164,0.23940398132122492,50,0.02148,0.12860264734177304,27,0.00128,0.055059220395457784,11,0.00136,0.04993500698161861,10,0.00044,0.028912693088960814,6
CITY OF CHICAGO:WARD 48 PRECINCT 23,CITY OF CHICAGO:Ward 48 Precinct 23,357,0.25206,0.2420990906303632,86,0.65734,0.299241356856472,107,0.07898,0.1866681924389195,67,0.01002,0.11504787791064036,41,0.00058,0.041124636930916454,15,0.00072,0.05012094743695019,18,0.0003,0.029956296162158315,11
CITY OF CHICAGO:WARD 48 PRECINCT 24,CITY OF CHICAGO:Ward 48 Precinct 24,587,0.24842,0.23811390273012362,140,0.64988,0.2951925745085269,173,0.08848,0.18979874876677694,111,0.01164,0.119300788255127,70,0.00066,0.04255419836335375,25,0.00058,0.050305156772701656,30,0.00034,0.029458683196241325,17
CITY OF CHICAGO:WARD 48 PRECINCT 26,CITY OF CHICAGO:Ward 48 Precinct 26,258,0.2134,0.21523247823345723,56,0.41948,0.25047599093921086,65,0.34156,0.23900731071337528,62,0.02212,0.12954740285009217,33,0.00164,0.054466761695773566,14,0.0014,0.04913173459298688,13,0.0004,0.029008975056932722,7
CITY OF CHICAGO:WARD 48 PRECINCT 27,CITY OF CHICAGO:Ward 48 Precinct 27,434,0.173,0.20870364596501184,91,0.3669,0.24714490189313745,107,0.44316,0.2577963103711403,112,0.01372,0.11821130385123438,51,0.00128,0.05646275420000402,25,0.00166,0.04905282148609241,21,0.00028,0.02859200696544903,12
CITY OF CHICAGO:WARD 48 PRECINCT 29,CITY OF CHICAGO:Ward 48 Precinct 29,250,0.2368,0.22155459317774895,55,0.43338,0.25545182403009276,64,0.30984,0.23574610506023164,59,0.01708,0.12196357810030342,30,0.00122,0.05338337300792666,13,0.00124,0.05023384935679626,13,0.00044,0.029076133231621778,7
CITY OF CHICAGO:WARD 49 PRECINCT 01,CITY OF CHICAGO:Ward 49 Precinct 01,551,0.21454,0.21462663323630948,118,0.41436,0.25042894465785825,138,0.3451,0.23925457041893095,132,0.02246,0.12864507178640464,71,0.00146,0.05457228761272777,30,0.00154,0.04989146564108247,27,0.00054,0.028956348929976256,16
CITY OF CHICAGO:WARD 49 PRECINCT 04,CITY OF CHICAGO:Ward 49 Precinct 04,674,0.17772,0.2089643452351578,141,0.36516,0.24701993267761008,166,0.4416,0.25795071182771656,174,0.01256,0.11849432012384442,80,0.00132,0.05633233902553278,38,0.00122,0.04946889627646782,33,0.00042,0.028924614269178348,19
CITY OF CHICAGO:WARD 49 PRECINCT 05,CITY OF CHICAGO:Ward 49 Precinct 05,498,0.17508,0.20864459908200955,104,0.36704,0.24742800984494168,123,0.44192,0.25796167244091006,128,0.01316,0.11893086425922936,59,0.00106,0.05624035132312871,28,0.0014,0.04877512338875198,24,0.00034,0.0287599846980291,14
CITY OF CHICAGO:WARD 49 PRECINCT 06,CITY OF CHICAGO:Ward 49 Precinct 06,199,0.08718,0.1814665418912511,36,0.14352,0.2037665934437979,41,0.75624,0.3008660438034199,60,0.00538,0.10222849006078198,20,0.00634,0.10396254338737554,21,0.00118,0.05024111547980107,10,0.00016,0.029904982809309782,6
CITY OF CHICAGO:WARD 49 PRECINCT 16,CITY OF CHICAGO:Ward 49 Precinct 16,606,0.18622,0.21012324025274562,127,0.37912,0.24790850017167487,150,0.41674,0.253537610021782,154,0.01508,0.12133290089129205,74,0.00106,0.055771794932438216,34,0.00144,0.04903716651823942,30,0.00034,0.029000147216917092,18
CITY OF CHICAGO:WARD 49 PRECINCT 17,CITY OF CHICAGO:Ward 49 Precinct 17,708,0.18188,0.20912835749258835,148,0.37294,0.24765814309866968,175,0.42792,0.25498209641090974,181,0.0148,0.11998346162286538,85,0.00112,0.056419419435963826,40,0.00102,0.04902893156838026,35,0.00032,0.028907808266823508,20
CITY OF CHICAGO:WARD 50 PRECINCT 05,CITY OF CHICAGO:Ward 50 Precinct 05,496,0.25134,0.23880622850951447,118,0.64832,0.2952988976533363,146,0.08708,0.18965634882790994,94,0.01152,0.11897291982641414,59,0.00064,0.04281901772591365,21,0.00076,0.050034015382662514,25,0.00034,0.029244835981030178,15
CITY OF CHICAGO:WARD 50 PRECINCT 06,CITY OF CHICAGO:Ward 50 Precinct 06,233,0.24938,0.23843404640599336,56,0.64782,0.2949158234950502,69,0.0896,0.189334420496803,44,0.01132,0.1186477671636462,28,0.00076,0.04252646459825908,10,0.00092,0.05067431736291003,12,0.0002,0.02936603977938193,7
CITY OF CHICAGO:WARD 50 PRECINCT 10,CITY OF CHICAGO:Ward 50 Precinct 10,252,0.62828,0.30226565743800193,76,0.32366,0.2614599971138344,66,0.04178,0.1672146743868897,42,0.00482,0.09907280799207369,25,0.00082,0.05394044062361965,14,0.0004,0.05158149856058253,13,0.00024,0.030933046878598672,8
CITY OF CHICAGO:WARD 50 PRECINCT 22,CITY OF CHICAGO:Ward 50 Precinct 22,289,0.6261,0.3020150984495519,87,0.325,0.26228209607101194,76,0.04256,0.1674873462804797,48,0.0049,0.09898136414292047,29,0.0007,0.054604353245036014,16,0.00048,0.05149129331329427,15,0.00026,0.030888593362972613,9
COOK:7501001,COOK:Evanston Ward 1 Precinct 1,255,0.0479,0.18594521774140124,47,0.84314,0.34144487140019797,87,0.1063,0.22142119871166321,56,0.00026,0.04656022374074354,12,0.0018,0.09194823089358053,23,0.0004,0.0480123398821652,12,0.0002,0.0274063937547561,7
COOK:7501002,COOK:Evanston Ward 1 Precinct 2,308,0.04538,0.18580863987708973,57,0.84364,0.3413751626262722,105,0.10812,0.22236804613818656,68,0.00038,0.047249148477050265,15,0.00192,0.09136855441660702,28,0.00038,0.04811163260571567,15,0.00018,0.027271849810473127,8
COOK:7501003,COOK:Evanston Ward 1 Precinct 3,316,0.01462,0.19870819028166775,63,0.9778,0.413425125178816,131,0.00736,0.17353722118226017,55,0.0001,0.05299901108209033,17,6e-05,0.04651832635923168,15,6e-05,0.04658180068072199,15,0.0,0.02646007456236473,8
COOK:7501004,COOK:Evanston Ward 1 Precinct 4,517,0.0177,0.20342194575953293,105,0.97616,0.41128222586898744,213,0.00594,0.16584116641503419,86,8e-05,0.059645838463535175,31,4e-05,0.04625113622523461,24,4e-05,0.04701752643775751,24,4e-05,0.026641262467987356,14
COOK:7502001,COOK:Evanston Ward 2 Precinct 1,685,0.015,0.1984572932910414,136,0.9771,0.4113045026024683,282,0.00778,0.17396051386341238,119,8e-05,0.05411398539379211,37,4e-05,0.04683400770899297,32,0.0,0.04674673562683809,32,0.0,0.026433335798542706,18
COOK:7502002,COOK:Evanston Ward 2 Precinct 2,254,0.0175,0.203330458198758,52,0.97632,0.4111808561723334,104,0.00604,0.16477538979835163,42,6e-05,0.059741471550134234,15,2e-05,0.045401666609962234,12,2e-05,0.047116881738485494,12,4e-05,0.026921042821941153,7
COOK:7502003,COOK:Evanston Ward 2 Precinct 3,329,0.0172,0.2037986607009434,67,0.97654,0.411123546209089,135,0.00602,0.16486025372217952,54,0.00014,0.06008194720620735,20,4e-05,0.04607828007697856,15,4e-05,0.047467304726732246,16,2e-05,0.026597875230639046,9
COOK:7502004,COOK:Evanston Ward 2 Precinct 4,490,0.0174,0.20333451127260393,100,0.97676,0.41109591610826646,201,0.00562,0.16519709045616193,81,8e-05,0.06014569992047971,29,8e-05,0.045386239025929156,22,4e-05,0.04675917577571935,23,2e-05,0.026690170768049425,13
COOK:7502005,COOK:Evanston Ward 2 Precinct 5,163,0.01742,0.20342317451406194,33,0.97632,0.4117165646281344,67,0.00596,0.16554975672494826,27,0.0002,0.06030731877450261,10,4e-05,0.04561851545919396,7,6e-05,0.046587916798966435,8,0.0,0.02658134547619649,4
COOK:7503001,COOK:Evanston Ward 3 Precinct 1,381,0.01444,0.1999146153847146,76,0.97742,0.411726873420007,157,0.00796,0.17203478703732736,66,0.0001,0.055250643885307274,21,4e-05,0.04671767956583865,18,2e-05,0.04688382872582869,18,2e-05,0.026454324710263252,10
COOK:7503002,COOK:Evanston Ward 3 Precinct 2,450,0.01582,0.199777400914795,90,0.97656,0.4125676317751071,186,0.0073,0.1717539001861588,77,0.00016,0.055165263086125904,25,2e-05,0.046303499762047104,21,0.0001,0.04690104075430835,21,4e-05,0.026514793337486055,12
COOK:7503003,COOK:Evanston Ward 3 Precinct 3,494,0.01586,0.19926513747660912,98,0.97638,0.41304863279734916,204,0.00746,0.1731147856721943,86,8e-05,0.05434671411273997,27,0.00018,0.0465156572953883,23,4e-05,0.04618141163467782,23,0.0,0.025709940921308586,13
COOK:7503004,COOK:Evanston Ward 3 Precinct 4,561,0.01888,0.2036669997827758,114,0.9748,0.41074041175202647,230,0.00602,0.16537695043361633,93,0.00014,0.05945162162901556,33,6e-05,0.04559471538656072,26,8e-05,0.04700977393837639,26,2e-05,0.02727037508623604,15
COOK:7503005,COOK:Evanston Ward 3 Precinct 5,399,0.0152,0.19933882418329912,80,0.97756,0.4131939962882545,165,0.0071,0.17246802279170315,69,8e-05,0.0544802060761121,22,4e-05,0.046720263681938504,19,2e-05,0.04687623649022795,19,0.0,0.026128597428495735,10
COOK:7504001,COOK:Evanston Ward 4 Precinct 1,208,0.01548,0.19892947571006084,41,0.97724,0.41216037065296507,86,0.00696,0.17225829903158826,36,0.0001,0.05477305966527128,11,0.0001,0.04561612136508784,9,0.0001,0.04655132190762265,10,2e-05,0.026922744370783992,6
COOK:7504002,COOK:Evanston Ward 4 Precinct 2,267,0.01792,0.20344941082900683,54,0.97556,0.41125578700311427,110,0.0063,0.16524454994032794,44,0.00014,0.05969496530644358,16,2e-05,0.046150652038136813,12,6e-05,0.04725380194140947,13,0.0,0.027439253385426136,7
COOK:7504003,COOK:Evanston Ward 4 Precinct 3,235,0.0151,0.19659104535910216,46,0.97688,0.4137420567006803,97,0.00786,0.17654258101364934,41,0.00012,0.05161593284396497,12,2e-05,0.04688718699544214,11,2e-05,0.04627208561792853,11,0.0,0.02618984189817472,6
COOK:7504004,COOK:Evanston Ward 4 Precinct 4,561,0.01854,0.20375195306144644,114,0.97462,0.4108181608929101,230,0.00666,0.16524466118019304,93,8e-05,0.060011900755484834,34,2e-05,0.04527740593694616,25,6e-05,0.046947214192027034,26,2e-05,0.02649396651583348,15
COOK:7504005,COOK:Evanston Ward 4 Precinct 5,160,0.01872,0.20399641994913056,33,0.97544,0.411346897676222,66,0.00558,0.1645884620393235,26,0.00014,0.05977648527696296,10,2e-05,0.04565623474069933,7,0.0001,0.04723895972888496,8,0.0,0.026938874238198244,4
COOK:7504006,COOK:Evanston Ward 4 Precinct 6,431,0.01344,0.19706139830655803,85,0.97746,0.41253517145734425,178,0.00898,0.17712721685916283,76,4e-05,0.05122287164909273,22,2e-05,0.0467631613694051,20,6e-05,0.046609269674594195,20,0.0,0.026884885480479098,12
COOK:7504007,COOK:Evanston Ward 4 Precinct 7,186,0.0178,0.20342640617899654,38,0.9764,0.41161542175458754,77,0.00568,0.16518130372684642,31,6e-05,0.05961656628609437,11,0.0,0.04564316841149885,8,4e-05,0.04731630569529373,9,2e-05,0.026013515716659816,5
COOK:7505001,COOK:Evanston Ward 5 Precinct 1,406,0.01528,0.19814395575749733,80,0.97662,0.41314147657526684,168,0.00794,0.1746580612040275,71,4e-05,0.05307048144447002,22,8e-05,0.04660684409050134,19,2e-05,0.04663844274438473,19,2e-05,0.025373711542094536,10
COOK:7505002,COOK:Evanston Ward 5 Precinct 2,463,0.04404,0.1855641868019654,86,0.84558,0.3409892055523509,158,0.10766,0.22191318878678698,103,0.0003,0.047737125825595667,22,0.00184,0.09107614735717377,42,0.0004,0.04798596768941412,22,0.00018,0.027572057304385195,13
COOK:7505003,COOK:Evanston Ward 5 Precinct 3,396,0.01506,0.19913218921772902,79,0.9776,0.41189944300293063,163,0.00706,0.17183153695323297,68,8e-05,0.055410403228267915,22,8e-05,0.046579468074404815,18,6e-05,0.0471378602540273,19,6e-05,0.0265080710806719,10
COOK:7506001,COOK:Evanston Ward 6 Precinct 1,545,0.01778,0.2075804737524746,113,0.9777,0.41451231401494665,226,0.00422,0.1619071035400927,88,8e-05,0.05590777858460627,30,0.00012,0.04534751082724433,25,6e-05,0.04739760121580651,26,4e-05,0.026990005472816082,15
COOK:7506002,COOK:Evanston Ward 6 Precinct 2,309,0.01876,0.20378905516862075,63,0.97488,0.41118587852030947,127,0.00608,0.16511042581101879,51,0.00012,0.05956135192817912,18,8e-05,0.04573575247624194,14,8e-05,0.04722300893069224,15,0.0,0.02661931250641652,8
COOK:7506003,COOK:Evanston Ward 6 Precinct 3,300,0.01862,0.20537797760180926,62,0.97548,0.4135961519396469,124,0.00572,0.1640684369096788,49,8e-05,0.058177761904497534,17,4e-05,0.04596893404947658,14,4e-05,0.04620673033533141,14,2e-05,0.025989339947746028,8
COOK:7506004,COOK:Evanston Ward 6 Precinct 4,579,0.01858,0.20585757973791638,119,0.9759,0.4130262396011275,239,0.00522,0.1635147319218439,95,0.00016,0.057537628970098134,33,2e-05,0.044654243073041514,26,6e-05,0.047469125192066516,27,6e-05,0.026972667886783642,16
COOK:7506005,COOK:Evanston Ward 6 Precinct 5,480,0.01764,0.20389743703686172,98,0.97642,0.4122497586874967,198,0.00568,0.16424578179879895,79,0.00014,0.05887881937765678,28,2e-05,0.04553159210601313,22,8e-05,0.04694895515980706,23,2e-05,0.026747781775078035,13
COOK:7506006,COOK:Evanston Ward 6 Precinct 6,505,0.00764,0.21911401581188975,111,0.99218,0.4603841566079484,232,0.00016,0.11973643433165991,60,0.0,0.047751501829103676,24,2e-05,0.03372759788863817,17,0.0,0.04717017636678423,24,0.0,0.026665513113664593,13
COOK:7507001,COOK:Evanston Ward 7 Precinct 1,531,0.01866,0.2039024095036823,108,0.9748,0.41141287690714523,218,0.00624,0.16553998615975188,88,0.00012,0.05922936604956268,31,8e-05,0.046631917966569264,25,8e-05,0.046475507236408274,25,2e-05,0.025754175005625678,14
COOK:7507002,COOK:Evanston Ward 7 Precinct 2,597,0.01732,0.20334681979631605,121,0.97614,0.4112870817967037,246,0.00624,0.16524658412018173,99,0.00018,0.059535991805028256,36,6e-05,0.04556846593623517,27,4e-05,0.04722962713672693,28,2e-05,0.026153725214599646,16
COOK:7507003,COOK:Evanston Ward 7 Precinct 3,108,0.04744,0.1852143995945825,20,0.84118,0.3409681947834158,37,0.10848,0.22209951743188616,24,0.00028,0.047208052111175916,5,0.00204,0.09149836491402505,10,0.00042,0.0485725223880807,5,0.00016,0.02726681547777673,3
COOK:7507004,COOK:Evanston Ward 7 Precinct 4,325,0.0187,0.20285365798867644,66,0.97486,0.4117994007060727,134,0.00612,0.1650640795755406,54,0.00022,0.059549673775249425,19,2e-05,0.045505649739096835,15,4e-05,0.047116107859859604,15,4e-05,0.02684674999504693,9
COOK:7507005,COOK:Evanston Ward 7 Precinct 5,488,0.01886,0.20376240387167927,99,0.9751,0.41223585617679726,201,0.00574,0.1653815968404845,81,8e-05,0.059786763271675786,29,0.00012,0.046203100243497684,23,8e-05,0.04696984332535577,23,2e-05,0.025107389696638113,12
COOK:7508001,COOK:Evanston Ward 8 Precinct 1,372,0.01516,0.19742349681317273,73,0.97648,0.41282517026128956,154,0.00822,0.17573264615072204,65,2e-05,0.05208373804660181,19,4e-05,0.046442738141531645,17,2e-05,0.04641270679691327,17,6e-05,0.026204484633733104,10
COOK:7508002,COOK:Evanston Ward 8 Precinct 2,283,0.01528,0.19749837666481934,56,0.97736,0.41266736390418113,117,0.0072,0.17496747389272158,50,2e-05,0.05290367973974003,15,2e-05,0.04678677306771291,13,6e-05,0.047266042463519994,13,6e-05,0.025783111686065487,7
COOK:7508003,COOK:Evanston Ward 8 Precinct 3,251,0.01546,0.19899203722971331,50,0.97726,0.41198480972702856,103,0.00716,0.1727046836450195,43,4e-05,0.0548329112198904,14,0.0,0.04647366767884616,12,8e-05,0.04672720243399468,12,0.0,0.02611132781546456,7
COOK:7508004,COOK:Evanston Ward 8 Precinct 4,349,0.01746,0.2038893442718709,71,0.97564,0.41210715877015225,144,0.00666,0.16480923570855097,58,6e-05,0.05973006627685998,21,0.00014,0.04518357362324826,16,0.0,0.04747149822945444,17,4e-05,0.026830981921593052,9
COOK:7508005,COOK:Evanston Ward 8 Precinct 5,419,0.01886,0.20364720315602244,85,0.97506,0.4109080621217581,172,0.0057,0.16517821471318167,69,0.00022,0.059953622706616395,25,6e-05,0.04631778442132797,19,6e-05,0.046675503903841876,20,4e-05,0.0263114997631238,11
COOK:7509001,COOK:Evanston Ward 9 Precinct 1,271,0.0158,0.20000915065243896,54,0.97666,0.4123429672608101,112,0.00726,0.1722660359057795,47,0.00014,0.05467370464430173,15,8e-05,0.046259638531534704,13,4e-05,0.04713450612349954,13,2e-05,0.02655139351896226,7
COOK:7509002,COOK:Evanston Ward 9 Precinct 2,641,0.01856,0.20366037823365205,131,0.9757,0.4113036787455886,264,0.00552,0.16554084407546013,106,0.0001,0.05995115845715051,38,4e-05,0.045801401698045696,29,8e-05,0.047450990698367515,30,0.0,0.02591890253771252,17
COOK:7509003,COOK:Evanston Ward 9 Precinct 3,486,0.01772,0.20323785409579181,99,0.97652,0.41112751326525543,200,0.00552,0.16567625457755258,81,0.00012,0.060108403012719185,29,4e-05,0.046021198518260004,22,8e-05,0.04701296066993062,23,0.0,0.026971940833911315,13
COOK:7509004,COOK:Evanston Ward 9 Precinct 4,519,0.01858,0.20383810627243332,106,0.97546,0.41152266510462954,214,0.00572,0.1653120855119151,86,0.0001,0.05994792120774016,31,6e-05,0.04581760452791092,24,4e-05,0.04711054576487074,24,4e-05,0.02644253317934241,14
COOK:7509005,COOK:Evanston Ward 9 Precinct 5,308,0.01476,0.19874764717250898,61,0.97782,0.4128330834333941,127,0.00732,0.174206455316625,54,2e-05,0.05340354384045378,16,2e-05,0.04690943401800046,14,6e-05,0.04624209413452498,14,0.0,0.026625295637173984,8
COOK:8000020,COOK:Maine Precinct 20,140,0.74884,0.3406802863163086,48,0.2358,0.26986726957862395,38,0.01404,0.15009896031138187,21,0.00078,0.06536756534394991,9,0.00024,0.05609339623759661,8,0.0001,0.051881389534828785,7,0.0002,0.03063802608429499,4
COOK:8000029,COOK:Maine Precinct 29,291,0.75238,0.3429143951156081,100,0.2341,0.2715779589789803,79,0.01212,0.1479766689395067,43,0.00058,0.06325194171915259,18,0.00046,0.056153705908479706,16,0.00014,0.05201584851308214,15,0.00022,0.031235153181313022,9
COOK:8000030,COOK:Maine Precinct 30,520,0.76032,0.34636321820447896,180,0.22862,0.27343784488730705,142,0.01034,0.14556330546248886,76,0.00044,0.06044521594597714,31,0.00018,0.05467941895801505,28,6e-05,0.051609945060094295,27,4e-05,0.031031405774781667,16
COOK:8000031,COOK:Maine Precinct 31,175,0.3464,0.27597357679930146,48,0.61418,0.31066957845012155,54,0.03666,0.1724191380515995,30,0.0017,0.07981262934517255,14,0.00046,0.04395634677934271,8,0.00048,0.05081151091851024,9,0.00012,0.030149967343665665,5
COOK:8000039,COOK:Maine Precinct 39,180,0.75104,0.34125446467315834,61,0.23474,0.27046141702429805,49,0.0128,0.14953666134100224,27,0.00054,0.0646541004547106,12,0.00056,0.055393620408977336,10,0.0001,0.05063184011394648,9,0.00022,0.03131660348627281,6
COOK:8000043,COOK:Maine Precinct 43,144,0.74696,0.3403771115602996,49,0.2382,0.270352721078684,39,0.01364,0.14971028882224663,22,0.0006,0.06481433116787294,9,0.00032,0.055873272072847036,8,0.00016,0.05169279038717089,7,0.00012,0.030932196316088595,4
COOK:8000044,COOK:Maine Precinct 44,169,0.74742,0.3401519702650635,57,0.23838,0.2702831418256126,46,0.01298,0.14968059996909736,25,0.00062,0.06516647051213058,11,0.00034,0.05565000202186085,9,0.0001,0.05157405796805551,9,0.00016,0.031203011154537087,5
COOK:8000046,COOK:Maine Precinct 46,204,0.748,0.34108997271016844,70,0.23682,0.2703403680798161,55,0.0138,0.149781586144069,31,0.0006,0.064893150911758,13,0.0005,0.05604586060766931,11,0.00016,0.05211815578100881,11,0.00012,0.030224298015777043,6
COOK:8000052,COOK:Maine Precinct 52,221,0.74712,0.3409965212138064,75,0.23836,0.27122610498660915,60,0.01306,0.14940324861705867,33,0.00062,0.06505316698817605,14,0.00044,0.05593993661992815,12,0.00018,0.05150479850651565,11,0.00022,0.030952590182884078,7
COOK:8000055,COOK:Maine Precinct 55,151,0.74726,0.34056352793750067,51,0.23886,0.2702165930655954,41,0.01248,0.14909276957110412,23,0.0007,0.06488652250621535,10,0.00046,0.05606611103335826,8,0.00012,0.051847352256645454,8,0.00012,0.030305552925090393,5
COOK:8000058,COOK:Maine Precinct 58,182,0.75352,0.34186861181257183,62,0.23272,0.27061682354495953,49,0.01238,0.14876894149696948,27,0.00068,0.0634861384712265,12,0.00042,0.05565189837833249,10,0.00012,0.051319058717298915,9,0.00016,0.031302763448282686,6
COOK:8000059,COOK:Maine Precinct 59,182,0.74942,0.3406143591774155,62,0.23542,0.2699064329137342,49,0.01396,0.1495705926233707,27,0.00038,0.0652179330555382,12,0.00052,0.056430230666800654,10,0.00012,0.051506374770561525,9,0.00018,0.031103993583651214,6
COOK:8000060,COOK:Maine Precinct 60,331,0.75052,0.34104753366057794,113,0.23544,0.27017990325372654,89,0.01264,0.15005644683899638,50,0.00068,0.06490429571114915,21,0.00042,0.05481145694872204,18,0.00022,0.05198220001478515,17,8e-05,0.031568703724390496,10
COOK:8000063,COOK:Maine Precinct 63,153,0.34318,0.2745670665515916,42,0.61652,0.3106622543489625,48,0.03774,0.1726556272494152,26,0.00174,0.07986112406491061,12,0.00038,0.04449646360650863,7,0.00028,0.050419358574680634,8,0.00016,0.02998616795850034,5
COOK:8000069,COOK:Maine Precinct 69,169,0.34264,0.275361748006254,47,0.61836,0.31084816878347366,53,0.0365,0.17199533410349294,29,0.00154,0.08007300440207764,14,0.00046,0.04340054860515803,7,0.0003,0.05044897520492506,9,0.0002,0.02955642885556599,5
COOK:8000072,COOK:Maine Precinct 72,260,0.74868,0.34023296911540535,88,0.2366,0.2705274997429046,70,0.01328,0.1498468822999153,39,0.0007,0.06473642759152066,17,0.00048,0.05601461051935845,15,0.0001,0.05165759294120713,13,0.00016,0.031391651007727214,8
COOK:8000074,COOK:Maine Precinct 74,176,0.34718,0.27536903756092196,48,0.61226,0.3103232690363169,55,0.03796,0.17207759282507062,30,0.00182,0.07976865223816834,14,0.00034,0.04412496295852086,8,0.00028,0.05054342812743706,9,0.00016,0.030487701675477145,5
COOK:8000075,COOK:Maine Precinct 75,151,0.74956,0.3410805642464616,52,0.23616,0.27065969257518796,41,0.01312,0.14947579032557087,23,0.00066,0.06494513936161107,10,0.00032,0.05573413332677221,8,0.0001,0.05090087383031052,8,8e-05,0.030903104081436136,5
COOK:8000076,COOK:Maine Precinct 76,108,0.34456,0.2745244543508632,30,0.61482,0.31063231204542574,34,0.038,0.17161420173912278,19,0.00184,0.0797815922432828,9,0.00036,0.04429851377173402,5,0.00016,0.05047340937442566,5,0.00026,0.03096592309402328,3
COOK:8000008,COOK:Maine Precinct 8,306,0.74714,0.3402940503916806,104,0.23792,0.2705848971193416,83,0.0138,0.14960189688453202,46,0.0005,0.06466571934637705,20,0.00044,0.05547008688284705,17,0.00012,0.05210715225613411,16,8e-05,0.03104864133752826,10
COOK:8000083,COOK:Maine Precinct 83,140,0.75132,0.34056799625028944,48,0.23352,0.27013778916177844,38,0.01414,0.149616696453733,21,0.0006,0.06483481985944109,9,0.00026,0.05534811512922935,8,8e-05,0.05217846994497126,7,8e-05,0.030973032108660203,4
COOK:8100013,COOK:New Trier Precinct 13,377,0.34742,0.2762151591400109,104,0.61458,0.31088855397038384,117,0.03526,0.17107008615808017,64,0.0017,0.07939713333303663,30,0.00048,0.043683738290214984,16,0.00036,0.05057889677908211,19,0.0002,0.02985995145621335,11
COOK:8100017,COOK:New Trier Precinct 17,300,0.34708,0.2775121638191292,83,0.61484,0.3122616619941153,94,0.03578,0.17037857321764033,51,0.00132,0.07805727162771302,23,0.00034,0.04340626142151417,13,0.0004,0.05124978300484831,15,0.00024,0.029772342953802943,9
COOK:8100018,COOK:New Trier Precinct 18,220,0.77146,0.3540823816006211,78,0.22082,0.27842198428274845,61,0.00706,0.14083863348962977,31,0.00028,0.05235395978447614,12,0.00024,0.05263587417787892,12,6e-05,0.051713370524510846,11,8e-05,0.0310005135420751,7
COOK:8100021,COOK:New Trier Precinct 21,321,0.35004,0.2766063886076763,89,0.6105,0.3107594356460714,100,0.03692,0.17159284661444926,55,0.00172,0.07885803454850496,25,0.00038,0.0434689949304621,14,0.00026,0.05063788500145221,16,0.00018,0.030895461615511616,10
COOK:8100024,COOK:New Trier Precinct 24,344,0.34506,0.2758335235789663,95,0.61704,0.31143537592571324,107,0.03518,0.17197817054071737,59,0.0016,0.07991587036938855,27,0.00044,0.0440093798776698,15,0.00036,0.05062879758920424,17,0.00032,0.02945758198781411,10
COOK:8100026,COOK:New Trier Precinct 26,465,0.34644,0.27546627816134317,128,0.61234,0.3099921204587548,144,0.03838,0.17268688623866713,80,0.00164,0.07958284245891645,37,0.00052,0.04402926966741935,20,0.00038,0.050238779415736234,23,0.0003,0.030448997641645235,14
COOK:8100027,COOK:New Trier Precinct 27,338,0.34602,0.27533790579192186,93,0.61286,0.3106998406039293,105,0.0384,0.1723260381095711,58,0.00182,0.07964242543124384,27,0.00034,0.043685714336794884,15,0.00032,0.0510316106775968,17,0.00024,0.030136370819311267,10
COOK:8100003,COOK:New Trier Precinct 3,312,0.35392,0.2803880868696929,87,0.61272,0.3138200144485131,98,0.03138,0.16924812080549195,53,0.00124,0.07543228264311407,24,0.00032,0.043197578233775485,13,0.00024,0.05068370768854383,16,0.00018,0.03045672167738414,10
COOK:8100031,COOK:New Trier Precinct 31,319,0.34742,0.27607781174963164,88,0.61364,0.3103740951771904,99,0.03638,0.1721096991212762,55,0.00166,0.07998867572282295,26,0.00036,0.04379565759366663,14,0.00026,0.050008263250562714,16,0.00028,0.03008660108001203,10
COOK:8100032,COOK:New Trier Precinct 32,307,0.34478,0.27504641751307474,84,0.61448,0.3110253772460316,95,0.03798,0.17206548163483462,53,0.00178,0.08050641703211425,25,0.00022,0.04360615516836928,13,0.00042,0.05037967089336758,15,0.00034,0.030358787860537778,9
COOK:8100033,COOK:New Trier Precinct 33,416,0.34966,0.2754997411346282,115,0.61056,0.31038572110601176,129,0.03742,0.1722420470972898,72,0.0014,0.08048480777407387,33,0.00046,0.0433786354980205,18,0.00024,0.05045700300480398,21,0.00026,0.029878145426438244,12
COOK:8100034,COOK:New Trier Precinct 34,214,0.34946,0.2769884378221519,59,0.61428,0.3119853332374435,67,0.03364,0.17106158823145365,37,0.00168,0.07874564611513718,17,0.00032,0.04359762238051687,9,0.00034,0.0507041624403045,11,0.00028,0.029994986534200692,6
COOK:8100036,COOK:New Trier Precinct 36,446,0.34502,0.2749822630116355,123,0.61446,0.31123883319040896,139,0.03772,0.17245503725739297,77,0.00184,0.0800036271987851,36,0.00036,0.044309929297746714,20,0.00044,0.0504127962787531,22,0.00016,0.029904587213825818,13
COOK:8100037,COOK:New Trier Precinct 37,329,0.37068,0.2906783819718227,96,0.60748,0.3213872848907803,106,0.02068,0.16144194265595607,53,0.00054,0.06560210583165343,22,0.0002,0.04075882904190427,13,0.00024,0.05054091120448674,17,0.00018,0.03034275312868252,10
COOK:8100038,COOK:New Trier Precinct 38,380,0.34796,0.27568570248042334,105,0.61146,0.31052999946794607,118,0.03798,0.17258314822714715,66,0.00148,0.07956238504590862,30,0.00048,0.043696301358380235,17,0.00034,0.050479774749946575,19,0.0003,0.03006774272494491,11
COOK:8100039,COOK:New Trier Precinct 39,190,0.74688,0.3402764241840788,65,0.23776,0.26985286080690035,51,0.01428,0.14965671082951398,28,0.00036,0.06467421651205524,12,0.00042,0.05593590384236114,11,0.00014,0.05220002999552539,10,0.00016,0.03116805371392753,6
COOK:8200001,COOK:Niles Precinct 1,228,0.8004,0.37786215334653517,86,0.19734,0.29303713108937646,67,0.00206,0.12316514878635221,28,4e-05,0.029795350709338517,7,8e-05,0.048216255668670535,11,4e-05,0.05183333303508341,12,4e-05,0.030606664366597806,7
COOK:8200010,COOK:Niles Precinct 10,220,0.34502,0.27499210623013204,60,0.61532,0.3104324906664252,68,0.03708,0.1720264094928574,38,0.00158,0.08081342097264438,18,0.0004,0.043980607311055575,10,0.0004,0.050550347169424914,11,0.0002,0.030710980039169167,7
COOK:8200011,COOK:Niles Precinct 11,153,0.35024,0.275415543508318,42,0.61102,0.3102673520994987,47,0.03608,0.17186083146080688,26,0.0019,0.08054902168932741,12,0.0003,0.04423818484263281,7,0.00024,0.050145208129716894,8,0.00022,0.030898556572438757,5
COOK:8200012,COOK:Niles Precinct 12,176,0.34628,0.2757135411354727,49,0.61488,0.3111776238880506,55,0.03646,0.17225342694475093,30,0.00144,0.08016747125488433,14,0.00044,0.04370814107649443,8,0.00032,0.050196580726750366,9,0.00018,0.029649877920391754,5
COOK:8200013,COOK:Niles Precinct 13,220,0.74994,0.3409410713337099,75,0.23626,0.2701998494580873,59,0.01236,0.149993714405872,33,0.0007,0.06517310460773892,14,0.00036,0.05584018430464333,12,8e-05,0.051984928488279084,11,0.0003,0.030940671713107538,7
COOK:8200014,COOK:Niles Precinct 14,309,0.35544,0.24849026953548953,77,0.44082,0.2613085139818002,81,0.19452,0.21592225723237246,67,0.00432,0.08576017469348349,26,0.00338,0.07658856536221706,24,0.00088,0.05018649376095759,16,0.00064,0.029412787008561304,9
COOK:8200015,COOK:Niles Precinct 15,308,0.3488,0.27630421763297464,85,0.61074,0.31036971134728975,96,0.03782,0.1719347746113451,53,0.0016,0.08012846427916868,25,0.00052,0.043880909055859584,14,0.00032,0.05046855461930583,16,0.0002,0.03063574916773094,9
COOK:8200016,COOK:Niles Precinct 16,332,0.3448,0.2748347471014859,91,0.61546,0.3109009861252523,103,0.03702,0.17232401295629732,57,0.0016,0.07969808534945141,26,0.00042,0.044185470413244395,15,0.00054,0.0511468186384077,17,0.00016,0.030570881493364885,10
COOK:8200017,COOK:Niles Precinct 17,316,0.35508,0.27825293566151843,88,0.60934,0.3119577424027655,99,0.0332,0.17016804773518035,54,0.00146,0.07844224599093201,25,0.00056,0.043571951065330856,14,0.0002,0.04991019429244167,16,0.00016,0.02994064285498936,9
COOK:8200018,COOK:Niles Precinct 18,419,0.36716,0.28655293198165316,120,0.60586,0.3182594418168202,133,0.02556,0.1641661764315706,69,0.00098,0.06954249171829047,29,0.0002,0.04125701451259496,17,0.00016,0.05072167067156255,21,8e-05,0.030204415202682133,13
COOK:8200019,COOK:Niles Precinct 19,218,0.74824,0.33970056582768604,74,0.23694,0.26985947921429976,59,0.01334,0.14983831581922757,33,0.00056,0.06588672728156364,14,0.00054,0.05575940879247019,12,0.00016,0.05180158206129912,11,0.00022,0.030888340537081574,7
COOK:8200020,COOK:Niles Precinct 20,220,0.34574,0.27544161302393527,61,0.61204,0.3105581426296803,68,0.0398,0.17216815042729805,38,0.00148,0.0798934130291779,18,0.0003,0.04383601469750518,10,0.00034,0.05092544250469522,11,0.0003,0.02989272666815143,7
COOK:8200021,COOK:Niles Precinct 21,423,0.35232,0.24815712691986966,105,0.44402,0.2619594102670073,111,0.19458,0.2160174953173396,91,0.00434,0.08548932966867855,36,0.00342,0.07731515644870836,33,0.00094,0.05043801327528534,21,0.00038,0.030201992133250796,13
COOK:8200022,COOK:Niles Precinct 22,207,0.3501,0.27573459249453514,57,0.6097,0.3099703770663196,64,0.03748,0.17223896811614037,36,0.0017,0.08075607937899834,17,0.00052,0.04400227146395258,9,0.00038,0.05023561450806821,10,0.00012,0.030013845508408334,6
COOK:8200023,COOK:Niles Precinct 23,246,0.3496,0.27569808700145193,68,0.60982,0.310534919533467,76,0.0377,0.17212816020522936,42,0.00192,0.07992519602319131,20,0.00048,0.04377139223364854,11,0.0003,0.050115615935350466,12,0.00018,0.030182114612645368,7
COOK:8200024,COOK:Niles Precinct 24,269,0.35228,0.24806176778094208,67,0.44482,0.26191691460915756,70,0.19374,0.2159707402608814,58,0.0048,0.08490902254540778,23,0.00328,0.07764379606480402,21,0.00072,0.04998377545872107,13,0.00036,0.029279779597861558,8
COOK:8200025,COOK:Niles Precinct 25,144,0.34624,0.27553052817060203,40,0.61266,0.3106636739908202,45,0.03864,0.17137456960348943,25,0.00166,0.08042079349500683,12,0.00034,0.043741963692002284,6,0.0003,0.05041312355510839,7,0.00016,0.029670102136030593,4
COOK:8200027,COOK:Niles Precinct 27,208,0.35172,0.24770031088079075,52,0.44456,0.2619268579528803,54,0.19518,0.21633425278037055,45,0.00426,0.08526335103403254,18,0.00294,0.07693487448659603,16,0.00082,0.050500250077802164,11,0.00052,0.030309984987604063,6
COOK:8200028,COOK:Niles Precinct 28,312,0.75118,0.3409448775792431,106,0.23382,0.2703526029008533,84,0.01346,0.15023941476397504,47,0.00082,0.06473397743330761,20,0.0004,0.05597391805696943,17,0.0001,0.051795161877497053,16,0.00022,0.030873353632797154,10
COOK:8200029,COOK:Niles Precinct 29,227,0.4044,0.31043053453112224,70,0.58692,0.33366723637205825,76,0.00824,0.14788783670467115,34,0.00018,0.047057306919042974,11,0.00012,0.03679358691432158,8,2e-05,0.04994047059527938,11,0.00012,0.030874086695027007,7
COOK:8200031,COOK:Niles Precinct 31,322,0.34648,0.27566235152132457,89,0.61376,0.3106136667295907,100,0.03726,0.1719371163044436,55,0.00162,0.08036437497478653,26,0.00038,0.04351471983849461,14,0.00032,0.051281691873379144,17,0.00018,0.0298210001789824,10
COOK:8200033,COOK:Niles Precinct 33,290,0.3453,0.27537283782015465,80,0.61506,0.3111299554992503,90,0.03706,0.17220993161528217,50,0.00192,0.07980320821612344,23,0.00036,0.043853570102063595,13,0.00022,0.05096320279151712,15,8e-05,0.02962469912415883,9
COOK:8200034,COOK:Niles Precinct 34,240,0.34586,0.27574811163471225,66,0.61362,0.3105271469667929,75,0.03774,0.1718045851796787,41,0.0019,0.07974598529681767,19,0.00036,0.04353579433726665,10,0.00034,0.050777056972670896,12,0.00018,0.030653147634216407,7
COOK:8200035,COOK:Niles Precinct 35,225,0.34928,0.27578990641778,62,0.61104,0.3100559334105986,70,0.03684,0.17195587886447922,39,0.002,0.08027688779829449,18,0.00034,0.04363113989251744,10,0.00038,0.05078829410348271,11,0.00012,0.02959991189311479,7
COOK:8200036,COOK:Niles Precinct 36,188,0.31988,0.24307885042591754,46,0.4255,0.2593111173755588,49,0.24612,0.22807649467186375,43,0.00352,0.0792214506925053,15,0.0035,0.07952331614498281,15,0.00112,0.049653715829347515,9,0.00036,0.029517629411922416,6
COOK:8200037,COOK:Niles Precinct 37,264,0.34892,0.27546739988305213,73,0.61142,0.31050395260586683,82,0.03716,0.1719679710390939,45,0.00152,0.08026435085263295,21,0.00044,0.044402759493968776,12,0.00034,0.050427596540343005,13,0.0002,0.03014028654278758,8
COOK:8200039,COOK:Niles Precinct 39,298,0.3447,0.2747730133390541,82,0.61482,0.31095904218415304,93,0.0378,0.17218521630630904,51,0.00192,0.08001244170780315,24,0.00034,0.04358607161309788,13,0.00026,0.05125877977697606,15,0.00016,0.029796443044924834,9
COOK:8200004,COOK:Niles Precinct 4,136,0.34672,0.27599246807864874,38,0.61564,0.31124593837947423,42,0.03532,0.1712509244157685,23,0.00162,0.07922722717266929,11,0.0004,0.04397513211964128,6,0.0002,0.0508021373403871,7,0.0001,0.030328966923389572,4
COOK:8200040,COOK:Niles Precinct 40,342,0.34644,0.27545610354943384,94,0.61364,0.3103178622847368,106,0.03718,0.17208123517272828,59,0.00188,0.08023884333723895,27,0.00032,0.04440519021154417,15,0.00038,0.05077796221213446,17,0.00016,0.03004667695373857,10
COOK:8200041,COOK:Niles Precinct 41,276,0.35068,0.2477184085991583,68,0.44596,0.26170629820609526,72,0.19484,0.21615086370854575,60,0.00432,0.08587365839212431,24,0.00284,0.07706958915351456,21,0.00086,0.049875297927504156,14,0.0005,0.029893321397904085,8
COOK:8200042,COOK:Niles Precinct 42,239,0.34762,0.27496081797316574,66,0.61198,0.3109764761163702,74,0.03772,0.1721845176258926,41,0.00196,0.07989412563517709,19,0.00036,0.043736008521522776,10,0.00026,0.0507679613900738,12,0.0001,0.030077498015847713,7
COOK:8200043,COOK:Niles Precinct 43,232,0.3494,0.2752280031912494,64,0.61138,0.31108245933444323,72,0.03644,0.1718657849118868,40,0.00168,0.07987110653514333,19,0.00038,0.04335219448954315,10,0.00038,0.05089654818728287,12,0.00034,0.029758461615544983,7
COOK:8200044,COOK:Niles Precinct 44,283,0.34304,0.2753863403372051,78,0.61662,0.31083671601544605,88,0.03768,0.17194414111516235,49,0.00174,0.07954476233043378,23,0.00056,0.04403671352533436,12,0.00012,0.050492114018168374,14,0.00024,0.03007913345676081,9
COOK:8200045,COOK:Niles Precinct 45,206,0.36054,0.25012297903133474,52,0.449,0.2632577419510682,54,0.18172,0.21425240845493293,44,0.00408,0.08315335129009295,17,0.0034,0.07634890673185979,16,0.0008,0.05003226130447666,10,0.00046,0.029234734039581954,6
COOK:8200047,COOK:Niles Precinct 47,141,0.34694,0.2757476407084359,39,0.6137,0.3108816483303898,44,0.03666,0.17158280290282016,24,0.0016,0.08015876542061998,11,0.00046,0.04379419422650709,6,0.00038,0.050703857735368854,7,0.00026,0.030571355060740185,4
COOK:8200048,COOK:Niles Precinct 48,197,0.35656,0.24852118613491933,49,0.44332,0.26207698241251787,52,0.19072,0.2156062647834336,42,0.00436,0.08486206943531686,17,0.0037,0.07759145638502832,15,0.00092,0.05029185251658658,10,0.00042,0.029294449492694094,6
COOK:8200049,COOK:Niles Precinct 49,421,0.34924,0.24808002817683808,104,0.44686,0.26236156943688443,110,0.19534,0.21603739447203374,91,0.004,0.08556760438686957,36,0.00316,0.07656148098063226,32,0.0011,0.050403117351820174,21,0.0003,0.029680543190801566,12
COOK:8200005,COOK:Niles Precinct 5,98,0.77668,0.360263256723131,35,0.21816,0.2833899522861367,28,0.00478,0.1354408644241639,13,0.00012,0.04688825138466919,5,0.00012,0.051692511591190954,5,0.00012,0.05177613089638568,5,2e-05,0.03049883565105801,3
COOK:8200051,COOK:Niles Precinct 51,115,0.34578,0.27526311297470324,32,0.61522,0.31074692528985004,36,0.0361,0.1723336362258584,20,0.0018,0.0800269588660716,9,0.00038,0.044208582548506375,5,0.00042,0.05092878848063602,6,0.0003,0.030007291329536154,3
COOK:8200054,COOK:Niles Precinct 54,152,0.34444,0.2754958477247961,42,0.61578,0.31126550030450906,47,0.03722,0.17190291050392564,26,0.00176,0.08046915332733892,12,0.0003,0.04372670149359753,7,0.00032,0.050381056736289655,8,0.00018,0.029674601403588654,5
COOK:8200055,COOK:Niles Precinct 55,180,0.34838,0.27575358731913435,50,0.61218,0.3100234962007366,56,0.03698,0.17246558496055847,31,0.00164,0.08002530222862497,14,0.00026,0.04407364797116666,8,0.00042,0.05098213145410582,9,0.00014,0.030125128364674715,5
COOK:8200056,COOK:Niles Precinct 56,271,0.34264,0.2748967937316159,74,0.61938,0.3112172810044387,84,0.03538,0.17189779547788653,47,0.00168,0.07997971941988617,22,0.00038,0.04424714929310005,12,0.00024,0.0497067594276344,13,0.0003,0.030152024393359886,8
COOK:8200057,COOK:Niles Precinct 57,280,0.75146,0.34067260369787644,95,0.2341,0.2702250657382662,76,0.01336,0.14938531376276226,42,0.0005,0.06515630663765519,18,0.0004,0.055350522481308125,15,8e-05,0.051466492952810354,14,0.0001,0.03172650859129846,9
COOK:8200058,COOK:Niles Precinct 58,272,0.75248,0.3401822933732019,93,0.23372,0.2698579887070073,73,0.01262,0.1496172133187098,41,0.00072,0.06491253066797198,18,0.00024,0.05544096037512618,15,0.00012,0.052320115127317254,14,0.0001,0.0319121960276184,9
COOK:8200006,COOK:Niles Precinct 6,263,0.76296,0.3461921108120605,91,0.22664,0.2728046731071966,72,0.00936,0.1460443453326617,38,0.0003,0.06035016064885809,16,0.00042,0.0550490159272051,14,0.00014,0.05205557765500021,14,0.00018,0.03165449176328192,8
COOK:8200061,COOK:Niles Precinct 61,300,0.34688,0.2754599919028188,83,0.61446,0.31105580526386095,93,0.0366,0.17231755201426016,52,0.00134,0.08029770475084172,24,0.00034,0.043596691148986844,13,0.0003,0.05063993160541784,15,8e-05,0.030687635975615923,9
COOK:8200062,COOK:Niles Precinct 62,154,0.34908,0.24825467189181075,38,0.4458,0.26196344159545754,40,0.1964,0.21595182868022889,33,0.00442,0.0851919353860075,13,0.00312,0.07733817338387644,12,0.00082,0.05042373687872427,8,0.00036,0.028874949334068627,4
COOK:8200008,COOK:Niles Precinct 8,133,0.34658,0.2757679677865619,37,0.6123,0.31026170447688134,41,0.03858,0.17286352204826533,23,0.00176,0.08021818848953671,11,0.00026,0.043367782550589845,6,0.0003,0.05065211289028795,7,0.00022,0.030218989665860244,4
COOK:8200009,COOK:Niles Precinct 9,138,0.80212,0.3776622031329142,52,0.19546,0.2930251104407268,40,0.00216,0.1230553202774381,17,0.0001,0.029175242311445068,4,8e-05,0.048180252953265265,7,2e-05,0.051533331337283966,7,6e-05,0.03081505531158061,4
COOK:8300010,COOK:Northfield Precinct 10,221,0.34662,0.2774656033389952,61,0.61576,0.3122270563639085,69,0.03522,0.17022200076617902,38,0.00146,0.0779351397846669,17,0.00036,0.04394040435301692,10,0.00032,0.050314601777087714,11,0.00026,0.030394127100385845,7
COOK:8300012,COOK:Northfield Precinct 12,416,0.34554,0.2751525154197031,114,0.61512,0.3107820266620773,129,0.0368,0.17248201521751233,72,0.0018,0.08038137611509728,33,0.00026,0.04352088540806835,18,0.00024,0.051006101923939326,21,0.00024,0.029687618351564485,12
COOK:8300013,COOK:Northfield Precinct 13,218,0.34768,0.2752239200362273,60,0.61386,0.31057560447316185,68,0.0358,0.17124278957836986,37,0.00174,0.08001134896389483,17,0.00052,0.04430731629965882,10,0.00026,0.051317468765352744,11,0.00014,0.02958502236273285,6
COOK:8300019,COOK:Northfield Precinct 19,328,0.34684,0.2755921099487004,90,0.61556,0.31087909271133785,102,0.03502,0.1720527931035579,56,0.00176,0.08026704627591058,26,0.00036,0.04367949720732286,14,0.0002,0.0499954659969465,16,0.00026,0.03056165477687943,10
COOK:8300020,COOK:Northfield Precinct 20,284,0.40514,0.3102782748574904,88,0.58598,0.3338472722493635,95,0.0085,0.14776665852667004,42,0.00022,0.04638765162169773,13,6e-05,0.03708336645544371,11,8e-05,0.05111472828038899,15,2e-05,0.02940581273352985,8
COOK:8300021,COOK:Northfield Precinct 21,388,0.74872,0.3402579599623018,132,0.23676,0.27009213668166066,105,0.01316,0.14968534687808194,58,0.00082,0.06461626077850845,25,0.00032,0.055671931875614214,22,0.0001,0.05197475847513299,20,0.00012,0.031615835819435056,12
COOK:8300023,COOK:Northfield Precinct 23,183,0.75738,0.3454885713015866,63,0.23156,0.273475676402946,50,0.01008,0.14658427074485308,27,0.00038,0.05999120540831315,11,0.0003,0.05472123462095897,10,0.00014,0.05147823476384916,9,0.00016,0.03100117989608374,6
COOK:8300024,COOK:Northfield Precinct 24,240,0.34452,0.27519163872599955,66,0.61632,0.3108222523789883,75,0.03664,0.1722540527096018,41,0.0019,0.07977050908025166,19,0.00026,0.04346613461318149,10,0.00024,0.050639373864212016,12,0.00012,0.030138814956806113,7
COOK:8300025,COOK:Northfield Precinct 25,230,0.34514,0.275120706751119,63,0.6139,0.31095438597163916,72,0.03816,0.17229844794028942,40,0.00176,0.07992282498116479,18,0.00052,0.043201595448936744,10,0.00024,0.050518833389817525,12,0.00028,0.030306887305598905,7
COOK:8300030,COOK:Northfield Precinct 30,300,0.75132,0.34096705591374715,102,0.2337,0.269743404390708,81,0.01358,0.15031992189148732,45,0.00076,0.0652551415223697,20,0.00036,0.05538787175721156,17,0.0001,0.05153571458187584,15,0.00018,0.03140748153317105,9
COOK:8300031,COOK:Northfield Precinct 31,310,0.74864,0.3403435269485256,106,0.23616,0.2703869711323046,84,0.01384,0.14982777608711711,46,0.00074,0.06520706098057558,20,0.0004,0.05580890135825036,17,0.00012,0.05157250086069627,16,0.0001,0.031314388922273326,10
COOK:8300035,COOK:Northfield Precinct 35,253,0.7503,0.3406454642621925,86,0.2352,0.2698036598642943,68,0.01312,0.15010681562982703,38,0.00062,0.06511435023973669,16,0.00044,0.05556591741135736,14,0.00022,0.051292699259917175,13,0.0001,0.03105191702086034,8
COOK:8300037,COOK:Northfield Precinct 37,307,0.74902,0.3406257218884171,105,0.23612,0.27006148642015515,83,0.01358,0.14922857241430612,46,0.00054,0.0644851387416979,20,0.00042,0.05602409072231915,17,0.00012,0.05172171936130189,16,0.0002,0.031299222477566904,10
COOK:8300038,COOK:Northfield Precinct 38,203,0.34444,0.2755209818190715,56,0.6161,0.31119388961604477,63,0.03658,0.17205070081435087,35,0.00206,0.07941051792078485,16,0.00022,0.04427863510949512,9,0.0004,0.05040425734381258,10,0.0002,0.029738287441305397,6
COOK:8300039,COOK:Northfield Precinct 39,133,0.35716,0.28233903281001416,38,0.61374,0.31551152630597995,42,0.0274,0.16768286643487484,22,0.0011,0.07398310489874049,10,0.00022,0.0429584691505597,6,0.00026,0.05080428512392594,7,0.00012,0.030093356685905452,4
COOK:8300004,COOK:Northfield Precinct 4,230,0.3486,0.27525182343164234,63,0.6119,0.30976783854207196,71,0.0369,0.17207385457497318,40,0.00182,0.07975180870043616,18,0.00036,0.04460607056374475,10,0.00026,0.05080180068419728,12,0.00016,0.030369204481174184,7
COOK:8300041,COOK:Northfield Precinct 41,238,0.3491,0.27826513761899635,66,0.6148,0.3126609982211702,74,0.03386,0.17000913120164354,40,0.00156,0.07755199926504405,18,0.00036,0.0430565992041176,10,0.00016,0.05059011362204284,12,0.00016,0.03042703103572029,7
COOK:8300042,COOK:Northfield Precinct 42,220,0.37294,0.2899368585290777,64,0.60516,0.3202257406368094,70,0.02076,0.16247334741928948,36,0.00066,0.06690496674740685,15,0.00014,0.04100042757345592,9,0.00028,0.050175612500830385,11,6e-05,0.03001055208160813,7
COOK:8300044,COOK:Northfield Precinct 44,213,0.35106,0.2776803563580119,59,0.61144,0.3123986459105609,67,0.03484,0.17043087357476405,36,0.00174,0.077524442487614,17,0.00036,0.04401710645222176,9,0.00032,0.05024800524615669,11,0.00024,0.030355712751086977,6
COOK:8300045,COOK:Northfield Precinct 45,188,0.34716,0.27543197759316984,52,0.61338,0.3106626742769554,58,0.03698,0.17138464940743336,32,0.00166,0.07999119056569481,15,0.0004,0.04328477539260425,8,0.0003,0.05118229877811704,10,0.00012,0.030107594514444877,6
COOK:8300048,COOK:Northfield Precinct 48,221,0.7529,0.342584564757338,76,0.2334,0.2714119959295519,60,0.01234,0.14876365907704103,33,0.00054,0.06301864611778096,14,0.00042,0.05546265136518433,12,0.00012,0.05176819706872306,11,0.00028,0.031435343509636074,7
COOK:8300005,COOK:Northfield Precinct 5,157,0.3419,0.27477879494267776,43,0.61822,0.31091981608418484,49,0.03694,0.17202806877645105,27,0.00196,0.08042434042397663,13,0.0004,0.04426891189269673,7,0.0004,0.050345246808621666,8,0.00018,0.03062621693799467,5
COOK:8300052,COOK:Northfield Precinct 52,255,0.3791,0.2948259625696624,75,0.6015,0.32388077470736254,83,0.01846,0.15871302281145638,40,0.00046,0.06247765950891078,16,0.00012,0.03968535934822959,10,0.00014,0.050388650577441865,13,0.00022,0.030766709573966343,8
COOK:8300056,COOK:Northfield Precinct 56,304,0.37278,0.2910890604438245,88,0.60546,0.3208011398487783,98,0.0203,0.1615905554626248,49,0.0008,0.06543140586225246,20,0.00022,0.04037324565727076,12,0.00028,0.05116288103452286,16,0.00016,0.02997277051882947,9
COOK:8300057,COOK:Northfield Precinct 57,165,0.34364,0.27545743175085696,45,0.61538,0.3107558210845064,51,0.03844,0.17197477574637168,28,0.00162,0.079503799959653,13,0.00048,0.04422656629392545,7,0.00034,0.0509982354748283,8,0.0001,0.03014085788647546,5
COOK:8300006,COOK:Northfield Precinct 6,257,0.74816,0.3413612303331505,88,0.2374,0.2709171342306635,70,0.01298,0.14971468199291038,38,0.00078,0.06476466167483598,17,0.00046,0.055991824837313235,14,6e-05,0.052041052634568444,13,0.00016,0.030755992805770474,8
COOK:8300007,COOK:Northfield Precinct 7,381,0.7494,0.34039968305392554,130,0.2363,0.2701214724994091,103,0.01306,0.1494080223552888,57,0.0004,0.06477056611779528,25,0.00056,0.055684974342613075,21,0.00012,0.05154413879502147,20,0.00016,0.0312645913553596,12
COOK:8300008,COOK:Northfield Precinct 8,364,0.7562,0.34575880024958716,126,0.2321,0.27388503253309116,100,0.01038,0.14636771843858554,53,0.00054,0.060358529109768175,22,0.00046,0.05478826242998819,20,0.00014,0.051555199240055624,19,0.00018,0.03054630090678528,11
COOK:8300009,COOK:Northfield Precinct 9,185,0.74892,0.34069188097962444,63,0.23658,0.27001452117487984,50,0.01314,0.14985581539228016,28,0.00074,0.06472820984117789,12,0.00038,0.05636545193253656,10,0.00014,0.05147413677253839,10,0.0001,0.031214948621906314,6
COOK:9600011,COOK:Wheeling Precinct 11,248,0.76014,0.3468784133893863,86,0.22992,0.2740779325994658,68,0.00904,0.14575212764275408,36,0.0004,0.05896226868658787,15,0.00036,0.054767658786406645,14,6e-05,0.051466151807992834,13,8e-05,0.030888217069990974,8
COOK:9600012,COOK:Wheeling Precinct 12,277,0.7501,0.34162000301495055,95,0.23488,0.2705416508760631,75,0.01354,0.14859527753742807,41,0.00066,0.06498200789668153,18,0.00046,0.05621084683741697,16,0.00018,0.05104244948175579,14,0.00018,0.031164931464214524,9
COOK:9600016,COOK:Wheeling Precinct 16,95,0.3463,0.25170698543424025,24,0.45396,0.26763754491318636,25,0.1926,0.22040239964963057,21,0.00454,0.0883513673399649,8,0.00136,0.05796072471273925,6,0.00072,0.05014698586115343,5,0.00052,0.029600458531981302,3
COOK:9600017,COOK:Wheeling Precinct 17,196,0.73264,0.33439453798889684,66,0.24462,0.26754912489100124,52,0.02156,0.16309856977650494,32,0.00044,0.05822886377619187,11,0.00054,0.05749880863489906,11,0.00014,0.05125085350095403,10,6e-05,0.031065073351259742,6
COOK:9600021,COOK:Wheeling Precinct 21,326,0.75052,0.3413636323861448,111,0.23524,0.269470839336872,88,0.01312,0.14994336074316994,49,0.00044,0.06492491335184883,21,0.00036,0.056213803677268,18,8e-05,0.05252896787063655,17,0.00024,0.031021878579610442,10
COOK:9600027,COOK:Wheeling Precinct 27,351,0.74956,0.34098488248058756,120,0.2362,0.2704784798474178,95,0.01318,0.14967033316612105,53,0.00042,0.06464506079696533,23,0.00034,0.055986915518037916,20,0.00014,0.05082270379221076,18,0.00016,0.03124532510745237,11
COOK:9600028,COOK:Wheeling Precinct 28,286,0.7559,0.34362180685199684,98,0.23198,0.27261643766571386,78,0.01128,0.14728431474059664,42,0.00042,0.061982109589806135,18,0.00016,0.05564851705996144,16,0.00012,0.05183938229100714,15,0.00014,0.030979439596620438,9
COOK:9600030,COOK:Wheeling Precinct 30,293,0.74936,0.34061890598197364,100,0.23554,0.2704177892253053,79,0.01388,0.14938682869154551,44,0.0005,0.06522945834241192,19,0.00048,0.055512279910472605,16,0.00012,0.051998968394459756,15,0.00012,0.03142754199725539,9
COOK:9600038,COOK:Wheeling Precinct 38,262,0.3499,0.27582130415012723,72,0.61046,0.31035151735852307,81,0.03698,0.17198726861995206,45,0.00166,0.08018997966236287,21,0.00048,0.04360515570413828,11,0.00034,0.05052125141819668,13,0.00018,0.029818672578652623,8
COOK:9600040,COOK:Wheeling Precinct 40,370,0.74932,0.3403099714575557,126,0.23572,0.26980841959953805,100,0.01366,0.1501077860178629,56,0.00058,0.06468189456352827,24,0.00046,0.05514177054108502,20,0.00018,0.05181547114031291,19,8e-05,0.031035969425788405,11
COOK:9600043,COOK:Wheeling Precinct 43,221,0.32874,0.2699591446229686,60,0.61078,0.30743036994704487,68,0.05794,0.18637078295806733,41,0.0016,0.07270068484602024,16,0.00044,0.04621713221563131,10,0.0003,0.04957884779281914,11,0.0002,0.029584927532218384,7
COOK:9600044,COOK:Wheeling Precinct 44,245,0.74964,0.340435078352553,83,0.23604,0.27038112277785376,66,0.01314,0.1498321396662615,37,0.00048,0.06498983297167321,16,0.0005,0.0557447665939817,14,6e-05,0.05160359366821171,13,0.00014,0.030644798440672943,8
COOK:9600046,COOK:Wheeling Precinct 46,353,0.75186,0.3421862648221652,121,0.2342,0.27088376942492076,96,0.0129,0.14803487252602732,52,0.00038,0.06356374868378506,22,0.00042,0.055701414298065494,20,0.0001,0.05138137588134924,18,0.00014,0.03156033640117782,11
COOK:9600047,COOK:Wheeling Precinct 47,271,0.74892,0.341746244671134,93,0.236,0.27079804073333136,73,0.01378,0.1500892056386413,41,0.00064,0.06463066448095339,18,0.00036,0.05521727381323181,15,0.00012,0.0513822311997538,14,0.00018,0.03059095952750617,8
COOK:9600048,COOK:Wheeling Precinct 48,189,0.75012,0.3410193183459971,64,0.23598,0.27064446126312025,51,0.01274,0.14936623745179872,28,0.00058,0.06471306653632677,12,0.00036,0.0557936732427632,11,0.0001,0.0517279149561691,10,0.00012,0.031117080684380842,6
COOK:9600051,COOK:Wheeling Precinct 51,233,0.74888,0.34108162907270284,79,0.23674,0.2705337546436821,63,0.0134,0.15027413680586826,35,0.00052,0.06454378241173372,15,0.00024,0.0551863768718206,13,8e-05,0.0520418438178458,12,0.00014,0.03156871198134692,7
COOK:9600052,COOK:Wheeling Precinct 52,377,0.7512,0.3404113818393043,128,0.234,0.2701445609928379,102,0.01362,0.14943954172901375,56,0.00058,0.06496332824100623,24,0.00034,0.05592373377643765,21,0.00018,0.05163412268541683,19,8e-05,0.030505336516093648,12
COOK:9600053,COOK:Wheeling Precinct 53,246,0.75206,0.3410235632222937,84,0.23304,0.2695983443591562,66,0.01364,0.15074637914154604,37,0.00052,0.06518892385649341,16,0.00042,0.05587558862093349,14,0.0002,0.051559789635692875,13,0.00012,0.030942624557623276,8
COOK:9600054,COOK:Wheeling Precinct 54,207,0.76862,0.3549570389444947,73,0.2238,0.27949267942030553,58,0.00706,0.13992179986149678,29,0.00016,0.051966264098120565,11,0.00036,0.05284439414485045,11,0.0,0.051020983966542796,11,0.0,0.031918099480823074,7
COOK:9600056,COOK:Wheeling Precinct 56,186,0.74612,0.34057389268201504,63,0.23938,0.27047406083959397,50,0.01326,0.1496368265513586,28,0.0006,0.06491506619165022,12,0.00038,0.056345254673077785,10,0.00016,0.05117195668129026,10,0.0001,0.030980724557261176,6
COOK:9600058,COOK:Wheeling Precinct 58,220,0.3467,0.2754530102147621,61,0.6134,0.31045817844587725,68,0.03746,0.1718867429464262,38,0.00166,0.0801960305705711,18,0.00038,0.04378238983244802,10,0.00024,0.050874474377741716,11,0.00016,0.030122776087491296,7
COOK:9600006,COOK:Wheeling Precinct 6,142,0.749,0.34084709905402044,48,0.23778,0.26993528584955345,38,0.01214,0.14967091976772845,21,0.00054,0.06514990871343516,9,0.0003,0.05570537683624421,8,0.00016,0.0519062802996558,7,8e-05,0.030588451609415326,4
COOK:9600060,COOK:Wheeling Precinct 60,247,0.74926,0.3409110097948598,84,0.23686,0.27032188902058873,67,0.01272,0.149869775944949,37,0.0006,0.06393675799950344,16,0.00044,0.05619643768372802,14,8e-05,0.05144622250446111,13,4e-05,0.03149688694840808,8
COOK:9600061,COOK:Wheeling Precinct 61,308,0.75336,0.3411407296672197,105,0.23244,0.2698658063280276,83,0.013,0.14980803547853988,46,0.00072,0.06490536557284754,20,0.0003,0.055591640816554794,17,0.00012,0.05157724944448186,16,6e-05,0.031146889652701307,10
COOK:9600063,COOK:Wheeling Precinct 63,171,0.34644,0.27592723326658164,47,0.61402,0.3108684513527157,53,0.03706,0.17223685300360198,29,0.00158,0.07957546155566303,14,0.00036,0.04423888400661482,8,0.0003,0.051213431046573235,9,0.00024,0.029473175835397106,5
COOK:9600065,COOK:Wheeling Precinct 65,281,0.74554,0.3397694208524896,95,0.23896,0.27031585719118756,76,0.01424,0.14944509454499305,42,0.00054,0.06482245473025922,18,0.00044,0.05630194566728339,16,8e-05,0.051326847914666046,14,0.0002,0.03140526328466603,9
COOK:9600066,COOK:Wheeling Precinct 66,273,0.75104,0.3409071443055347,93,0.2353,0.26997291433036646,74,0.01218,0.1498532306130344,41,0.00078,0.06492036640714971,18,0.00046,0.05556490586435374,15,0.00012,0.051729580248104125,14,0.00012,0.031134724255968055,8
COOK:9600067,COOK:Wheeling Precinct 67,169,0.75,0.3406438704344955,58,0.23592,0.27025273135731553,46,0.01288,0.1493601698893418,25,0.00056,0.0651640816072146,11,0.00034,0.05549659860215214,9,0.00012,0.051863154323098716,9,0.00018,0.031357761194855775,5
COOK:9600068,COOK:Wheeling Precinct 68,320,0.34468,0.2754820606924183,88,0.61582,0.31100862702022786,100,0.03698,0.17228312535357304,55,0.00186,0.08053472685195005,26,0.0002,0.043581320758706014,14,0.00028,0.05039882380601053,16,0.00018,0.030206075917893416,10
COOK:9600069,COOK:Wheeling Precinct 69,341,0.77888,0.35975402486038577,123,0.21554,0.28133025564563774,96,0.00524,0.13685850307549668,47,0.0001,0.04819390843394049,16,0.00014,0.052233351361686386,18,8e-05,0.051424418564428434,18,2e-05,0.03198679009546451,11
COOK:9600070,COOK:Wheeling Precinct 70,306,0.74858,0.34021851787475677,104,0.23716,0.26977788506753825,83,0.01306,0.14975351004453336,46,0.0005,0.06586699973135213,20,0.0004,0.05583029141973167,17,8e-05,0.05126100524954264,16,0.00022,0.031256798737725494,10
COOK:9600072,COOK:Wheeling Precinct 72,220,0.73216,0.33504607471551173,74,0.24594,0.2682500261857339,59,0.02074,0.16137463804310678,36,0.00042,0.05970595839452751,13,0.0004,0.05694417784382462,13,0.00014,0.05143889276740599,11,0.0002,0.030435451043421567,7
COOK:9600075,COOK:Wheeling Precinct 75,236,0.74934,0.34069108005591997,80,0.23636,0.27006252759433536,64,0.01316,0.14999335447766338,35,0.00056,0.065911087422684,16,0.0004,0.05559115531215224,13,4e-05,0.05136435067945557,12,0.00014,0.030957934090888095,7
COOK:9600077,COOK:Wheeling Precinct 77,116,0.72132,0.3308161265994344,38,0.24822,0.2659279693471087,31,0.02922,0.16981170624912995,20,0.00032,0.055575900174277264,6,0.00046,0.057956961887625995,7,0.00026,0.051589438740318946,6,0.0002,0.03040023480723603,4
COOK:9600079,COOK:Wheeling Precinct 79,207,0.73016,0.3345773663204574,69,0.24502,0.2679177752991476,55,0.02356,0.1637414194488403,34,0.00042,0.05820596749931815,12,0.00052,0.05698323577519713,12,0.0002,0.05134146075660699,11,0.00012,0.03186727063191622,7
COOK:9600008,COOK:Wheeling Precinct 8,326,0.34688,0.27563363282339853,90,0.61446,0.3109536376647853,101,0.0362,0.17203800358621973,56,0.00152,0.0802262145490134,26,0.00042,0.044361559843306295,14,0.00028,0.050242057576565344,16,0.00024,0.030306039961997412,10
COOK:9600080,COOK:Wheeling Precinct 80,176,0.33334,0.2709893016757663,48,0.61016,0.30771480235688486,54,0.05454,0.1843270353797251,32,0.00126,0.07415312121361187,13,0.00032,0.04504315153861536,8,0.00022,0.049765230811077095,9,0.00016,0.029357760759816706,5
LAKE:CUBA 66,LAKE:Cuba 66,117,0.74978,0.34004877984297094,40,0.23624,0.27038876767971276,32,0.01288,0.14919659042322198,17,0.00066,0.06559754687439227,8,0.00028,0.0561581159457649,7,2e-05,0.051742522692131816,6,0.00014,0.03095516121433442,4
LAKE:CUBA 67,LAKE:Cuba 67,213,0.75232,0.3410274275228907,73,0.23446,0.27006231616689735,58,0.01216,0.1498389144659967,32,0.00054,0.06445197008750211,14,0.00034,0.05533766109033667,12,6e-05,0.051878509970295514,11,0.00012,0.03129344725971901,7
LAKE:CUBA 68,LAKE:Cuba 68,231,0.74998,0.3404252403886957,79,0.2349,0.2704395206300493,62,0.01366,0.1497146085543542,35,0.00086,0.06460155050959826,15,0.0004,0.05524142975723194,13,0.0001,0.052437501318064766,12,0.0001,0.030830418150494126,7
LAKE:CUBA 69,LAKE:Cuba 69,182,0.75388,0.3425018110497389,62,0.23162,0.2702410856203521,49,0.0133,0.14891783847527595,27,0.00068,0.06438889141853638,12,0.0003,0.055822504323955545,10,0.0001,0.05195486219468154,9,0.00012,0.031162398746333128,6
LAKE:CUBA 70,LAKE:Cuba 70,256,0.80506,0.378682904424806,97,0.19288,0.2930079625266486,75,0.00192,0.12235698931217662,31,2e-05,0.029793895740122957,8,4e-05,0.04805869212996128,12,2e-05,0.05204041443924714,13,6e-05,0.030642108115558456,8
LAKE:CUBA 71,LAKE:Cuba 71,260,0.76172,0.3478554129773768,90,0.22814,0.2737804372654564,71,0.00936,0.14516638771258317,38,0.00024,0.05885135443598383,15,0.0003,0.054392821673647625,14,0.00016,0.052031947606969074,14,8e-05,0.03110942071609651,8
LAKE:ELA 79,LAKE:Ela 79,190,0.7499,0.3412073211359331,65,0.23482,0.269906595166037,51,0.01396,0.14987069654319826,28,0.0006,0.0645869945543878,12,0.0004,0.05540072151128002,11,0.00012,0.051417097742456105,10,0.0002,0.030814443691696284,6
LAKE:ELA 80,LAKE:Ela 80,259,0.75244,0.3405830638363688,88,0.23312,0.2696044770747915,70,0.01332,0.14974441156346469,39,0.00064,0.06469685299356578,17,0.0003,0.05552412558741834,14,0.00012,0.051605883001554644,13,6e-05,0.030899768306112785,8
LAKE:ELA 81,LAKE:Ela 81,203,0.74586,0.34001126692540107,69,0.2391,0.2706750401268614,55,0.01368,0.15024641153852047,31,0.0006,0.06428567430717767,13,0.00054,0.05546122261469437,11,0.00014,0.052169187816488466,11,8e-05,0.03054007913282765,6
LAKE:ELA 82,LAKE:Ela 82,278,0.74934,0.3404871747876658,95,0.23576,0.2699378816268397,75,0.01362,0.15025898782001829,42,0.00058,0.06505658040142089,18,0.0005,0.0561315070811793,16,0.00014,0.05168313267524084,14,6e-05,0.030887582039417612,9
LAKE:ELA 83,LAKE:Ela 83,226,0.75028,0.3406136500750316,77,0.23598,0.27027241916817113,61,0.01268,0.14968631945335376,34,0.00058,0.06493916846258899,15,0.00028,0.05582041873828401,13,0.00012,0.05164672610384262,12,8e-05,0.031093876031614297,7
LAKE:ELA 87,LAKE:Ela 87,238,0.74924,0.34070430133727136,81,0.23548,0.27028413071401164,64,0.01424,0.1495558018207573,36,0.00046,0.06490356262775765,15,0.00042,0.05610701303301035,13,0.0001,0.051935778163413646,12,6e-05,0.03128767669202199,7
LAKE:ELA 88,LAKE:Ela 88,219,0.74954,0.34018181241404205,74,0.23548,0.27029939983748763,59,0.01324,0.14977012618630833,33,0.0008,0.0646364895210432,14,0.00066,0.055365233988836395,12,8e-05,0.051828662675034935,11,0.0002,0.031019170670429235,7
LAKE:ELA 89,LAKE:Ela 89,219,0.75062,0.34162513474209744,75,0.23578,0.2702358193758354,59,0.01248,0.1498737722586906,33,0.00052,0.06435574397088331,14,0.00034,0.05494511141548762,12,0.0001,0.05200172528884024,11,0.00016,0.031320610157645055,7
LAKE:ELA 90,LAKE:Ela 90,233,0.75368,0.34116887462740697,79,0.23204,0.2696333551540914,63,0.01294,0.1505260336845165,35,0.00062,0.0646534775494866,15,0.0004,0.05570040185999133,13,8e-05,0.051935609125698855,12,0.00024,0.03167640619695298,7
LAKE:FREMONT 115,LAKE:Fremont 115,242,0.75432,0.3423504099806717,83,0.23172,0.2707889909593325,66,0.01254,0.14884260562768464,36,0.00072,0.06347604204802902,15,0.0003,0.055443848367066034,13,0.00018,0.05208014337100788,13,0.00022,0.03106302040824847,8
LAKE:FREMONT 118,LAKE:Fremont 118,244,0.74766,0.34099358628839993,83,0.23734,0.2709773367876278,66,0.01382,0.14922499104926756,36,0.00062,0.06523896494275928,16,0.00024,0.05534851876088302,14,0.00022,0.05135020100805166,13,0.0001,0.03058934862162832,7
LAKE:VERNON 270,LAKE:Vernon 270,180,0.75362,0.3437511179852643,62,0.2335,0.2716661113936335,49,0.01174,0.1476446735344892,27,0.00056,0.06238346973863727,11,0.00038,0.05538076937637845,10,4e-05,0.05257694572807908,9,0.00016,0.031283531608888845,6
LAKE:VERNON 275,LAKE:Vernon 275,152,0.75068,0.3406334260506972,52,0.23434,0.2701240227771432,41,0.0137,0.15000975987253024,23,0.00062,0.06483081413407715,10,0.00046,0.05508663896514751,8,0.0001,0.05167587493920997,8,0.0001,0.031214104212504784,5
LAKE:VERNON 276,LAKE:Vernon 276,262,0.75114,0.3409643453926834,89,0.2345,0.269876641399724,71,0.01318,0.1494326126992572,39,0.00046,0.06513962839010745,17,0.00044,0.05598877458750768,15,0.0001,0.05212091394417397,14,0.00018,0.03163498312003123,8
LAKE:VERNON 283,LAKE:Vernon 283,224,0.75452,0.3409744466207335,76,0.23174,0.27011026669409893,61,0.0127,0.1501820598353244,34,0.00048,0.06484716138428184,15,0.00044,0.05617060950534186,13,0.0001,0.05154999788560072,12,2e-05,0.03078346264765711,7
LAKE:VERNON 284,LAKE:Vernon 284,327,0.74716,0.34088616279441064,111,0.2387,0.2709249753907562,89,0.0129,0.1501797614981731,49,0.00048,0.06410006353404513,21,0.00042,0.055958774549381834,18,0.00018,0.051821860325049866,17,0.00016,0.030494767282053595,10
LAKE:VERNON 285,LAKE:Vernon 285,239,0.75284,0.341221233662419,82,0.23254,0.2703839193576658,65,0.0132,0.1500076361090517,36,0.0007,0.06531512580057433,16,0.0005,0.05581758496415508,13,2e-05,0.05174801580813975,12,0.0002,0.0310483542312427,7
LAKE:VERNON 288,LAKE:Vernon 288,270,0.74764,0.34021464530294265,92,0.23696,0.2703710156549741,73,0.01398,0.15000909927543454,41,0.00064,0.064574939766533,17,0.00052,0.05609259332004611,15,0.00014,0.051331490221682693,14,0.00012,0.031230900038096688,8
LAKE:VERNON 289,LAKE:Vernon 289,226,0.34996,0.2755715651939477,62,0.61092,0.3102200980920904,70,0.03678,0.17194072331561827,39,0.00144,0.08087292384485861,18,0.00036,0.0441184699020698,10,0.00026,0.05027552724546636,11,0.00028,0.02991823374994013,7
LAKE:VERNON 290,LAKE:Vernon 290,238,0.75042,0.34135965889820324,81,0.23566,0.271180249494654,65,0.0132,0.14901259792899332,35,0.0002,0.06469231556168377,15,0.00034,0.0558814416745246,13,8e-05,0.051650330072875936,12,0.0001,0.031302559397487176,7
LAKE:WAUCONDA 344,LAKE:Wauconda 344,189,0.34522,0.2754437064414342,52,0.6148,0.3112582520359858,59,0.03728,0.17264300321746437,33,0.00184,0.08010438005641679,15,0.0005,0.043577163509649915,8,0.00032,0.050443805645607714,10,4e-05,0.02983205542439461,6
LAKE:WAUCONDA 346,LAKE:Wauconda 346,161,0.35018,0.27531858343367666,44,0.61128,0.31045662726747647,50,0.03626,0.1719494280108872,28,0.00144,0.08026752419537676,13,0.00026,0.04435074864616574,7,0.00038,0.05030862931180555,8,0.0002,0.030343011220056216,5
LAKE:WAUCONDA 347,LAKE:Wauconda 347,178,0.7465,0.34060193578603515,61,0.23772,0.270445230128635,48,0.01414,0.1496907422162168,27,0.00086,0.06509468782203782,12,0.00046,0.05576660649003982,10,0.0001,0.05138583122854625,9,0.00022,0.03094879365852802,6
LAKE:WAUCONDA 350,LAKE:Wauconda 350,190,0.74936,0.3396573366549106,65,0.23718,0.27061149541244267,51,0.01196,0.1498229484563565,28,0.00078,0.06493700192980245,12,0.00044,0.05605091660866483,11,0.0001,0.05185489073500979,10,0.00018,0.031112648487718268,6
LAKE:WAUCONDA 353,LAKE:Wauconda 353,146,0.75146,0.34075385384722895,50,0.23332,0.2700868603818325,39,0.01394,0.1503001023560842,22,0.00064,0.06447921065414604,9,0.00042,0.05647784446128576,8,0.00012,0.051739296957527534,8,0.0001,0.031008050760186676,5
LAKE:WAUCONDA 354,LAKE:Wauconda 354,183,0.74848,0.3408006770556796,62,0.23694,0.2700530885885639,49,0.01344,0.14967246403822748,27,0.00064,0.06486681156084592,12,0.00024,0.05631847599528299,10,0.0001,0.051356149976845004,9,0.00016,0.03110551488203482,6
MCHENRY:ALG 1,MCHENRY:ALG 1,151,0.75038,0.34106811966134226,52,0.23606,0.27019475110352864,41,0.01208,0.1494210181691537,23,0.00062,0.06524475590146717,10,0.00056,0.05546595312049164,8,0.00016,0.05243020817170155,8,0.00014,0.03077505913969424,5
MCHENRY:ALG 10,MCHENRY:ALG 10,57,0.33628,0.27160415619804573,15,0.60942,0.3078476991534297,18,0.05218,0.1837225874873727,10,0.00144,0.07388307775089584,4,0.00016,0.0449496623437313,3,0.0003,0.05005228031406503,3,0.00022,0.02938457774681696,2
MCHENRY:ALG 11,MCHENRY:ALG 11,109,0.74826,0.3410596167312336,37,0.23636,0.2703710946413397,29,0.01394,0.14995659679000511,16,0.00066,0.06445550761949012,7,0.00038,0.05607535379130142,6,0.00026,0.052056322629662116,6,0.00014,0.03087484363556227,3
MCHENRY:ALG 12,MCHENRY:ALG 12,119,0.34418,0.2753574254738916,33,0.61602,0.31097968704922224,37,0.03722,0.17179088753438532,20,0.00176,0.08049782173956918,10,0.00034,0.04370248756373998,5,0.00028,0.05028019899224755,6,0.0002,0.02954287471274163,4
MCHENRY:ALG 13,MCHENRY:ALG 13,120,0.7484,0.34015794296578067,41,0.23694,0.2704194539129331,32,0.01348,0.1496495941768608,18,0.0006,0.06565296705701687,8,0.00032,0.05618021167224882,7,0.0001,0.05228284943305521,6,0.00016,0.030671974715967207,4
MCHENRY:ALG 14,MCHENRY:ALG 14,119,0.3446,0.2758277816108715,33,0.61574,0.3112716899882406,37,0.0371,0.17222645401148146,20,0.00168,0.07973490628572763,9,0.00036,0.043915225514946886,5,0.00036,0.050198234947340784,6,0.00016,0.029643707944927707,4
MCHENRY:ALG 15,MCHENRY:ALG 15,58,0.74578,0.3399321298116871,20,0.23828,0.2704764821809398,16,0.01454,0.14970133574886835,9,0.00068,0.0645466942045377,4,0.0004,0.056057371309470555,3,0.00014,0.05241425907648162,3,0.00018,0.03098243252090811,2
MCHENRY:ALG 16,MCHENRY:ALG 16,79,0.34476,0.2750950402700282,22,0.61508,0.31085792256069733,25,0.03754,0.17245781712330482,14,0.00156,0.07968658289509692,6,0.00036,0.044217890608082205,3,0.00038,0.05039816917793944,4,0.00032,0.029535026030965944,2
MCHENRY:ALG 17,MCHENRY:ALG 17,101,0.34624,0.2755544750001414,28,0.61412,0.310997283311096,31,0.03684,0.1718128008182488,17,0.00166,0.08045812711754782,8,0.00042,0.04360122792573687,4,0.00042,0.05051237332967109,5,0.0003,0.02999241902420606,3
MCHENRY:ALG 18,MCHENRY:ALG 18,120,0.34712,0.27510645002472217,33,0.61354,0.3105248905892922,37,0.03652,0.17242428306484883,21,0.0019,0.0799569016624854,10,0.0004,0.04479888841338473,5,0.00038,0.05061990025977309,6,0.00014,0.029898830445266998,4
MCHENRY:ALG 19,MCHENRY:ALG 19,97,0.74884,0.3400889639706113,33,0.23644,0.2697714270445346,26,0.0132,0.14983396725834752,15,0.00072,0.06495262475810629,6,0.00052,0.056845915797738816,6,0.00014,0.05152243153312342,5,0.00014,0.030774245388180188,3
MCHENRY:ALG 2,MCHENRY:ALG 2,170,0.73352,0.33460928615074886,57,0.24364,0.2682092365920611,46,0.02156,0.1620530035258273,28,0.00056,0.059609707137655,10,0.00048,0.05656081526997073,10,6e-05,0.05136600177725811,9,0.00018,0.0312630498242839,5
MCHENRY:ALG 20,MCHENRY:ALG 20,61,0.74828,0.34102780406830946,21,0.23724,0.27040528585327445,16,0.0132,0.149623319900343,9,0.00052,0.06465452032497751,4,0.00046,0.055656711905729725,3,0.00016,0.05153547531922797,3,0.00014,0.031012423624199772,2
MCHENRY:ALG 21,MCHENRY:ALG 21,162,0.74702,0.34032585175053837,55,0.239,0.27096633930707004,44,0.01238,0.14989872505895355,24,0.0007,0.06488147054954256,11,0.00054,0.05588943010470376,9,0.00018,0.05209249642928516,8,0.00018,0.030690746894724397,5
MCHENRY:ALG 22,MCHENRY:ALG 22,94,0.74748,0.3410221124189255,32,0.2381,0.27041616329849794,25,0.01334,0.1500909214630491,14,0.00048,0.06433375648477276,6,0.00034,0.056040107476568596,5,0.00014,0.05094429799256177,5,0.00012,0.03139913214990625,3
MCHENRY:ALG 23,MCHENRY:ALG 23,90,0.74872,0.3403191430315074,31,0.23656,0.269946368509716,24,0.01356,0.1502137849577909,14,0.00052,0.06511115979455587,6,0.00032,0.05605515756477279,5,0.00012,0.05215887380699598,5,0.0002,0.03077181241912287,3
MCHENRY:ALG 24,MCHENRY:ALG 24,75,0.33406,0.2706833589700668,20,0.6116,0.30799104014664747,23,0.05204,0.1846935587078714,14,0.00144,0.07320356501273159,5,0.00042,0.0452436701191772,3,0.00022,0.05006346820204449,4,0.00022,0.029701362475832944,2
MCHENRY:ALG 25,MCHENRY:ALG 25,93,0.33242,0.2706543466092177,25,0.61072,0.30803529890019943,29,0.05468,0.18461007010475114,17,0.0012,0.07394293401616668,7,0.00044,0.045517418146996814,4,0.00032,0.0497268048963747,5,0.00022,0.029753702308778437,3
MCHENRY:ALG 26,MCHENRY:ALG 26,108,0.3263,0.2689230445939784,29,0.6068,0.3062373457583023,33,0.06484,0.19023265882950494,21,0.00108,0.0708307882738184,8,0.00046,0.04590270203500109,5,0.00034,0.05005906596923265,5,0.00018,0.030440094290893928,3
MCHENRY:ALG 27,MCHENRY:ALG 27,248,0.34232,0.27531610930756567,68,0.61798,0.31079412070508977,77,0.03718,0.17222593671710848,43,0.00158,0.08013263641168583,20,0.00042,0.043922304345921995,11,0.00022,0.0508094207847091,13,0.0003,0.030146376840512155,7
MCHENRY:ALG 28,MCHENRY:ALG 28,206,0.3453,0.27539164050671244,57,0.61438,0.31096543394876297,64,0.03698,0.17164429545712667,35,0.00196,0.07986134210152741,16,0.00062,0.04408398428077482,9,0.0005,0.051117400924273824,11,0.00026,0.029581753708359762,6
MCHENRY:ALG 29,MCHENRY:ALG 29,96,0.3307,0.2701109177314941,26,0.61194,0.30748522231817477,30,0.05472,0.18577186777547222,18,0.00144,0.07333277801923038,7,0.00068,0.045738667369925136,4,0.00022,0.050333311112836114,5,0.0003,0.030231215086678212,3
MCHENRY:ALG 3,MCHENRY:ALG 3,138,0.72858,0.33287427176809026,46,0.24628,0.2671636741545259,37,0.02404,0.1659933245496667,23,0.0004,0.057409127217669734,8,0.00048,0.057605391161930995,8,8e-05,0.05170018078738843,7,0.00014,0.031024956401162575,4
MCHENRY:ALG 30,MCHENRY:ALG 30,52,0.3291,0.2694519602761252,14,0.6097,0.3066241093408325,16,0.05838,0.18743563576900496,10,0.00148,0.07181760907023775,4,0.00054,0.046795081373842334,2,0.00054,0.050122943155811915,3,0.00026,0.02925283697919421,2
MCHENRY:ALG 31,MCHENRY:ALG 31,110,0.34456,0.2754159921517406,30,0.61412,0.3109335560657073,34,0.0389,0.17259030400108216,19,0.00148,0.08028773222384247,9,0.00018,0.04417579081743986,5,0.00054,0.05061740678602846,6,0.00022,0.029684184866274256,3
MCHENRY:ALG 32,MCHENRY:ALG 32,48,0.34766,0.2757925783582991,13,0.61188,0.3106060920810225,15,0.0375,0.17167542119322246,8,0.00198,0.08023940268316493,4,0.00052,0.043726572344304014,2,0.00024,0.05011132373250553,2,0.00022,0.030613677700060703,1
MCHENRY:ALG 33,MCHENRY:ALG 33,69,0.75066,0.3404286104936688,23,0.23512,0.27023004381159615,19,0.01278,0.14964104275883514,10,0.0008,0.0654260359128919,5,0.00034,0.055508775973255764,4,0.00018,0.051483409591084085,4,0.00012,0.031101597684172484,2
MCHENRY:ALG 34,MCHENRY:ALG 34,151,0.74762,0.34089842819572963,51,0.23778,0.270290831864933,41,0.01332,0.14944824173061394,23,0.0005,0.06472796244451817,10,0.00042,0.05558098186636753,8,0.00024,0.05146374464536754,8,0.00012,0.03145430432380434,5
MCHENRY:ALG 35,MCHENRY:ALG 35,122,0.34812,0.27616144288800837,34,0.6128,0.31023570121642385,38,0.03698,0.1720760011822689,21,0.00154,0.07981603344477245,10,0.00028,0.04423460120902419,5,0.00012,0.050591575643394136,6,0.00016,0.03040103650211775,4
MCHENRY:ALG 36,MCHENRY:ALG 36,111,0.34506,0.2748781571557841,31,0.61352,0.31031068871188083,34,0.03858,0.1720079589339197,19,0.00182,0.08011891661109569,9,0.00036,0.04375029805215167,5,0.0003,0.05067110135483922,6,0.00036,0.029840723227828835,3
MCHENRY:ALG 37,MCHENRY:ALG 37,138,0.75112,0.34065576929050545,47,0.2343,0.27034306258253393,37,0.01318,0.15028868821177743,21,0.0007,0.06526340152537677,9,0.00036,0.05506738534292479,8,0.00012,0.051386239671552814,7,0.00022,0.031478429669433386,4
MCHENRY:ALG 38,MCHENRY:ALG 38,59,0.7491,0.3413299134405834,20,0.23546,0.26968532823631947,16,0.01404,0.1499668515500068,9,0.0007,0.06488935295788428,4,0.00036,0.05605679107276151,3,0.0002,0.05156772052185914,3,0.00014,0.03172803555571943,2
MCHENRY:ALG 39,MCHENRY:ALG 39,96,0.75178,0.3409619935684491,33,0.23356,0.2703565757954238,26,0.01318,0.14918343984682889,14,0.00084,0.06466139323326225,6,0.00036,0.05628867133745366,5,0.00012,0.05191258205172619,5,0.00016,0.03106799158829794,3
MCHENRY:ALG 4,MCHENRY:ALG 4,104,0.33796,0.2712208810922355,28,0.60896,0.3077693710430656,32,0.05032,0.1835228903068572,19,0.00178,0.07460923523404717,8,0.00046,0.04504424929298352,5,0.00028,0.05100632420463931,5,0.00024,0.0298022194128103,3
MCHENRY:ALG 40,MCHENRY:ALG 40,54,0.33466,0.2707634268354445,15,0.60922,0.30812428167899714,17,0.05358,0.1833798455602148,10,0.00156,0.07452421250394207,4,0.00052,0.04514429687900436,2,0.00034,0.05017352976472886,3,0.00012,0.03018539885261442,2
MCHENRY:ALG 41,MCHENRY:ALG 41,103,0.34576,0.2752704569894724,28,0.615,0.31041134505375134,32,0.0369,0.1715848888101627,18,0.00144,0.08067704672929832,8,0.00042,0.04450926574652597,5,0.00026,0.05094197740715749,5,0.00022,0.030118861067585788,3
MCHENRY:ALG 42,MCHENRY:ALG 42,111,0.74928,0.34162333031101,38,0.23648,0.27023368089163785,30,0.01294,0.1494371959133222,17,0.00062,0.06496338061700364,7,0.00042,0.056144246160181044,6,0.00012,0.05138701172895169,6,0.00014,0.03087515047647533,3
MCHENRY:ALG 43,MCHENRY:ALG 43,159,0.3446,0.27567864344087645,44,0.6159,0.31118527155490805,49,0.03686,0.1719363140472824,27,0.00178,0.07997332772277124,13,0.00042,0.044239754815006485,7,0.0002,0.05046790220447943,8,0.00024,0.029976482342232106,5
MCHENRY:ALG 44,MCHENRY:ALG 44,91,0.75124,0.34109046642952257,31,0.23432,0.26922213898534036,24,0.01322,0.15036720992869548,14,0.00046,0.06542393302908306,6,0.00038,0.05572472059309348,5,0.00014,0.05163237140451159,5,0.00024,0.031257649269367714,3
MCHENRY:ALG 45,MCHENRY:ALG 45,147,0.34548,0.2751790149234167,40,0.61544,0.31054064752442617,46,0.03618,0.17232937194789566,25,0.002,0.0802449258875072,12,0.0004,0.044266379357746855,7,0.0003,0.05046526408978627,7,0.0002,0.030119023088677213,4
MCHENRY:ALG 46,MCHENRY:ALG 46,135,0.34784,0.27588981611456964,37,0.61246,0.3108977161568996,42,0.03706,0.17170082033862477,23,0.00184,0.08011240292709429,11,0.00036,0.04427627658629436,6,0.00022,0.05030248634131002,7,0.00022,0.030231298657087805,4
MCHENRY:ALG 47,MCHENRY:ALG 47,94,0.34494,0.2751559332538597,26,0.61572,0.3107349882324663,29,0.03666,0.17230031579126126,16,0.00172,0.08008766934010027,8,0.00036,0.04367497173005194,4,0.00042,0.05091150379865117,5,0.00018,0.030089212106351716,3
MCHENRY:ALG 48,MCHENRY:ALG 48,134,0.75142,0.34111997759912016,46,0.23468,0.26977051597180646,36,0.01284,0.14924234269534603,20,0.00052,0.06502317979348589,9,0.00032,0.05560928840656744,7,0.00012,0.05181414937789263,7,0.0001,0.031048692237665446,4
MCHENRY:ALG 49,MCHENRY:ALG 49,154,0.74956,0.34104981651728117,53,0.23676,0.2706010713560174,42,0.01268,0.14991617768814652,23,0.00038,0.06511089243041814,10,0.00034,0.05534226059763074,9,0.00022,0.051404492844513004,8,6e-05,0.031238329975683665,5
MCHENRY:ALG 5,MCHENRY:ALG 5,178,0.34858,0.2758259624601582,49,0.6127,0.3107817453127423,55,0.036,0.17232715732641235,31,0.00194,0.08010548562425472,14,0.00026,0.0441737549994034,8,0.0003,0.050153776755516265,9,0.00022,0.029845981457222656,5
MCHENRY:ALG 50,MCHENRY:ALG 50,130,0.34584,0.27524149181422575,36,0.61444,0.3109921538039843,40,0.0369,0.17220448321106288,22,0.00192,0.07994749791703468,10,0.00044,0.04346625051187944,6,0.00028,0.050763142445583706,7,0.00018,0.02987580733025551,4
MCHENRY:ALG 51,MCHENRY:ALG 51,107,0.34264,0.27505942115291965,29,0.61572,0.31091130552361307,33,0.03836,0.1721995371866063,18,0.00202,0.08060671686349143,9,0.00062,0.043477301067389756,5,0.00044,0.05091128362327871,5,0.0002,0.030204605183282697,3
MCHENRY:ALG 52,MCHENRY:ALG 52,137,0.34634,0.2754336943321215,38,0.61354,0.3106764864352187,43,0.0375,0.1718963440263342,24,0.00166,0.0802722796424232,11,0.00034,0.04342045651755388,6,0.00034,0.05026876027957501,7,0.00028,0.030404786104094344,4
MCHENRY:ALG 53,MCHENRY:ALG 53,209,0.7489,0.34048896113486005,71,0.23694,0.2702616814426806,56,0.01262,0.1495621022635768,31,0.0007,0.0648806112608333,14,0.00052,0.05640316309533564,12,6e-05,0.05136942966967349,11,0.00026,0.03143285564468875,7
MCHENRY:ALG 54,MCHENRY:ALG 54,152,0.3444,0.2755842423164834,42,0.61594,0.31110349916583424,47,0.0368,0.17237579329291958,26,0.00182,0.07972829599262449,12,0.0005,0.04421875025606509,7,0.00034,0.050047816241953126,8,0.0002,0.029489276001643496,4
MCHENRY:ALG 55,MCHENRY:ALG 55,98,0.74944,0.34040007636828745,33,0.23534,0.2702371944292555,26,0.01406,0.149752691151036,15,0.0007,0.06482761845924903,6,0.00024,0.05619690873457735,6,8e-05,0.05175607801741969,5,0.00014,0.03142228903877022,3
MCHENRY:ALG 56,MCHENRY:ALG 56,62,0.75054,0.3406318794144047,21,0.23564,0.2705804019621033,17,0.01276,0.15022839074381217,9,0.00052,0.06504730561007367,4,0.00032,0.055055996720410005,3,8e-05,0.05149449518182012,3,0.00014,0.031693706539023536,2
MCHENRY:ALG 57,MCHENRY:ALG 57,126,0.75092,0.3408516545586177,43,0.23516,0.27024716835446205,34,0.01254,0.14985461812001855,19,0.0007,0.06503328295725729,8,0.00036,0.0556815141485176,7,0.00018,0.05113629017919756,6,0.00014,0.031512498768365024,4
MCHENRY:ALG 58,MCHENRY:ALG 58,125,0.34022,0.27446868806856317,34,0.62022,0.3111260652903953,39,0.0369,0.17182492104471941,21,0.0018,0.08048942814475898,10,0.0004,0.04371490666362246,5,0.0003,0.050661085969971695,6,0.00016,0.030053341202970256,4
MCHENRY:ALG 59,MCHENRY:ALG 59,152,0.74876,0.3407816288312732,52,0.2371,0.27021192258427007,41,0.01294,0.1500570885038492,23,0.00058,0.06455542484139899,10,0.00038,0.05551769082866211,8,0.00012,0.050973743479903154,8,0.00012,0.030962264374022105,5
MCHENRY:ALG 6,MCHENRY:ALG 6,123,0.33574,0.271405693575252,33,0.60964,0.3080679844035976,38,0.05188,0.18289180549671172,22,0.00148,0.07473408191680939,9,0.0005,0.045137117186199636,6,0.0005,0.04974732308162459,6,0.00026,0.030039330029500412,4
MCHENRY:ALG 60,MCHENRY:ALG 60,230,0.75076,0.34047483832094355,78,0.23506,0.2703685583998283,62,0.01284,0.15005197497384218,35,0.0006,0.06540126766097736,15,0.00036,0.055261340286136953,13,0.00022,0.05192235065629146,12,0.00016,0.031043166967860553,7
MCHENRY:ALG 61,MCHENRY:ALG 61,113,0.34558,0.2749985277738135,31,0.61416,0.3101514741516386,35,0.03746,0.172520890517674,19,0.00186,0.08038955647406842,9,0.00048,0.04406888631514341,5,0.00032,0.05100991616206775,6,0.00014,0.02959523996109211,3
MCHENRY:ALG 62,MCHENRY:ALG 62,126,0.7489,0.3403106491165878,43,0.23626,0.27011314591779634,34,0.01354,0.1498684696060218,19,0.00054,0.0650535475113658,8,0.00038,0.055784245447336095,7,0.00012,0.052420242248625765,7,0.00026,0.030672527593552393,4
MCHENRY:ALG 63,MCHENRY:ALG 63,149,0.75386,0.34169330364914374,51,0.2321,0.26974239759862917,40,0.01288,0.1497345158057577,22,0.00056,0.06453043616831962,10,0.00044,0.05577724071529205,8,6e-05,0.05134972398401829,8,0.0001,0.031148638189787158,5
MCHENRY:ALG 7,MCHENRY:ALG 7,136,0.32888,0.26976191910560676,37,0.60886,0.30687941813358544,42,0.05996,0.1861277472869728,25,0.0013,0.07383682011280437,10,0.00042,0.04619243181880357,6,0.0003,0.05051070472614112,7,0.00028,0.029860491059822945,4
MCHENRY:ALG 8,MCHENRY:ALG 8,134,0.74576,0.3397832103921399,46,0.23946,0.27025745570163534,36,0.01344,0.14931137949287415,20,0.00078,0.0653785935787945,9,0.00036,0.055787858125349546,7,6e-05,0.05192275557722861,7,0.00014,0.03140705955970091,4
MCHENRY:ALG 9,MCHENRY:ALG 9,127,0.74922,0.3409415718736306,43,0.23604,0.27023483384921015,34,0.0133,0.1498594235771056,19,0.00076,0.06408420291781924,8,0.00042,0.05597645010868721,7,0.00016,0.05217680290812324,7,0.0001,0.030926261549607658,4
