JoinField,JoinField2,JoinFieldAlt,Spanish,Polish,Indian_langs,Tagalog,Chinese,Ukranian,Arabic,Korean,Russian,V_20_VAP_White_pct,V_20_VAP_Hispanic_pct,V_20_VAP_Black_pct,V_20_VAP_Asian_pct,V_20_VAP_Native_pct,V_20_VAP_Pacific_pct,bach_pct,owner_pct,renter_pct,drive_pct,transit_pct,walk_pct,bike_pct,wfh_pct,X_22_2022_Age_Age_0_9_pct,X_22_2022_Age_Age_10_19_pct,X_22_2022_Age_Age_20_29_pct,X_22_2022_Age_Age_30_39_pct,X_22_2022_Age_Age_40_49_pct,X_22_2022_Age_Age_50_59_pct,X_22_2022_Age_Age_60_69_pct,X_22_2022_Age_Age_70_79_pct,X_22_2022_Age_Age_O79_pct,X_22_2022_Household_Income_U10K_pct,X_22_2022_Household_Income_10_15K_pct,X_22_2022_Household_Income_15_20K_pct,X_22_2022_Household_Income_20_25K_pct,X_22_2022_Household_Income_25_30K_pct,X_22_2022_Household_Income_30_35K_pct,X_22_2022_Household_Income_35_40K_pct,X_22_2022_Household_Income_40_45K_pct,X_22_2022_Household_Income_45_50K_pct,X_22_2022_Household_Income_50_60K_pct,X_22_2022_Household_Income_60_75K_pct,X_22_2022_Household_Income_75_100K_pct,X_22_2022_Household_Income_100_125K_pct,X_22_2022_Household_Income_125_150K_pct,X_22_2022_Household_Income_150_200K_pct,X_22_2022_Household_Income_O200K_pct,ward_preci,20Primary,Kaegi_margin,Assessor_tot_vote,Harris3_margin,SA_tot_vote,yes_margin,tot_union,median_voting_age,median_household_income,Pres_tot,20Primary_std,Kaegi_margin_std,Harris3_margin_std,yes_margin_std,prog_score_v1_recency,prog_score_v2_equal,prog_score_v3_recent_heavy,prog_score_predicted,prog_score_imputed,imputation_method,jurisdiction,precinct_name,in_chicago,in_evanston,in_skokie,township,in_cook,in_lake,in_mchenry,estimated_turnout_high,estimated_turnout,estimated_turnout_low,estimated_turnout_high_old,estimated_turnout_old,estimated_turnout_low_old,win_prob_Fine,median_pct_Fine,median_votes_Fine,win_prob_Biss,median_pct_Biss,median_votes_Biss,win_prob_Abughazaleh,median_pct_Abughazaleh,median_votes_Abughazaleh,win_prob_Simmons,median_pct_Simmons,median_votes_Simmons,win_prob_Amiwala,median_pct_Amiwala,median_votes_Amiwala,win_prob_Andrew,median_pct_Andrew,median_votes_Andrew,win_prob_Huynh,median_pct_Huynh,median_votes_Huynh,JoinField_norm,JoinField2_norm,JoinFieldAlt_norm,border_uncertainty_mult,exp_Fine,exp_Biss,exp_Abughazaleh,exp_Simmons,exp_Amiwala,exp_Andrew,exp_Huynh,exp_Others,adjusted_Fine,adjusted_Biss,adjusted_Abughazaleh,adjusted_Simmons,adjusted_Amiwala,adjusted_Andrew,adjusted_Huynh,final_Fine,final_Biss,final_Abughazaleh,final_Simmons,final_Amiwala,final_Andrew,final_Huynh,raw_Fine,raw_Biss,raw_Abughazaleh,raw_Simmons,raw_Amiwala,raw_Andrew,raw_Huynh,outside_chicago_weight,evanston_weight,chicago_weight,geo_boost_Biss_evanston,geo_boost_Abughazaleh_chicago,geo_boost_Simmons_chicago,geo_boost_Huynh_chicago,geo_boost_Fine_outside_chicago,geo_boost_Amiwala_niles,tot_cohabitating_couples,straight_cohabitating,lgbt_cohabitating,mlm_cohabitating,wlw_cohabitating,lgbt_pct,mlm_pct,wlw_pct,tot_pop,original_estimated_turnout,area_adjustment_factor
CITY OF CHICAGO:WARD 46 PRECINCT 20,CITY OF CHICAGO:WARD 46 PRECINCT 20,CITY OF CHICAGO:Ward 46 Precinct 20,TRUE, ,,TRUE,TRUE,,,TRUE,,0.324850263,0.104743956,0.335078528,0.223833058,0.023909739,0.001726258,0.3083,0.2236,0.7764,0.4179,0.3305,0.0344,0.0427,0.1574,0.137071736,0.067933505,0.234349959,0.172367622,0.117050832,0.094294464,0.061823014,0.074310967,0.040797902,0.185706639,0.084621839,0.018067269,0.084787465,0.036537449,0.002804025,0.01255697,0.011163306,0.062313416,0.104470857,0.096561366,0.106224755,0.028540758,0.062093387,0.070925676,0.032624822,46020.0,0.244589254,0.25388601,193.0,0.214285714,280.0,0.813114754,610.0,38.2,50138,312.3410185,1.096260924,-0.538289729,1.068619564,1.587176007,0.800677556,0.803441692,0.85371313,1.058303414,0.800677556,complete,CITY OF CHICAGO,Ward 46 Precinct 20,1,0,0,,0,0,0,624,416,277,149,112,75,0.07858,17.94798428057475,75,0.4916,27.178525574863315,113,0.42022,26.23906264250865,109,0.00702,11.040264815072698,46,0.00082,5.108674036993321,21,0.00158,6.5161700934528,27,0.00018,3.0109264793108235,13,CITY OF CHICAGO:WARD 46 PRECINCT 20,CITY OF CHICAGO:WARD 46 PRECINCT 20,CITY OF CHICAGO:WARD 46 PRECINCT 20,1.2,32.89816372,12.48020483,12.48020483,12.48020483,12.48020483,2.350406073,12.48020483,2.350406073,15.500363685697408,23.41774642606759,23.04456499549169,10.480463835710866,4.4835662507294085,5.8062073566386685,2.653752994044065,17.785074443895358,26.825328689848668,25.997973910941518,10.919962688953158,4.994771680229057,6.42732870443084,3.0068125525945852,13.234088071888818,24.907096743079325,26.34855125647107,13.745919627907316,4.1852551080777625,0.014903768542803179,0.0177366918005867,0.2,0.3,1.0,1.000088439,1.5,1.8,1.4,1.0,1.000039806,433.3594056,403.5798841,52.95711223,37.32405943,15.6330528,0.122201368,0.086127263,0.036074105,3677.787281,416,1.0
CITY OF CHICAGO:WARD 40 PRECINCT 02,CITY OF CHICAGO:WARD 40 PRECINCT 02,CITY OF CHICAGO:Ward 40 Precinct 02,TRUE, ,True, , ,,, ,,0.266333634,0.191068365,0.267741503,0.269222408,0.022033998,0.003098746,0.2581,0.4522,0.5478,0.7351,0.1342,0.0,0.0206,0.1085,0.176613636,0.089263126,0.116447455,0.13072505,0.156894366,0.133540872,0.118406933,0.056079991,0.022028571,0.108803931,0.074605268,0.035626311,0.029319274,0.131279951,0.041262285,0.002114819,0.067915237,0.008707989,0.039832502,0.10940676,0.133679716,0.09723915,0.037197014,0.025949506,0.057060288,40002.0,-0.064672003,0.306358382,173.0,0.136986301,292.0,0.752122241,589.0,46.4,50092,294.8071269,-0.221245916,-0.216194695,0.797316012,1.393139599,0.540109943,0.43825375,0.611922395,0.459111855,0.540109943,complete,CITY OF CHICAGO,Ward 40 Precinct 02,1,0,0,,0,0,0,725,483,322,148,111,74,0.09836,18.530834006844636,90,0.55334,27.45319141657856,133,0.33242,24.47240496812968,118,0.01264,11.93259025591524,58,0.00088,4.934289083573205,24,0.00202,6.581396564156215,32,0.00034,3.169158101152841,15,CITY OF CHICAGO:WARD 40 PRECINCT 02,CITY OF CHICAGO:WARD 40 PRECINCT 02,CITY OF CHICAGO:WARD 40 PRECINCT 02,1.2,43.65349663,10.02177276,10.02177276,10.02177276,10.02177276,3.118819775,10.02177276,3.118819775,15.499934555190965,23.015638638298306,20.982904818588327,11.006841733335262,4.262751412503382,5.8053080041902,2.6546676489385095,18.300909312371655,27.168841023547607,24.295264312253614,11.827222913212589,4.864527042943017,6.459595105529037,3.040892961035695,13.233658941382375,24.50498895531004,24.286891079567706,14.272297525531712,3.9644402698517367,0.014004416094334853,0.0186513466950313,0.2,0.3,1.0,1.103213405,1.5,1.8,1.4,1.0,1.019094305,960.6962444,943.6882152,37.54193916,26.0449195,11.49701967,0.039077845,0.027110462,0.011967383,2794.717841,483,1.0
CITY OF CHICAGO:WARD 40 PRECINCT 03,CITY OF CHICAGO:WARD 40 PRECINCT 03,CITY OF CHICAGO:Ward 40 Precinct 03,TRUE, ,True, , ,,, ,,0.367977893,0.210377527,0.170029032,0.243593412,0.027621658,0.001735153,0.2393,0.2815,0.7185,0.4472,0.3287,0.0101,0.0412,0.139,0.134424762,0.089150124,0.123431815,0.157000987,0.150191225,0.122197187,0.117982968,0.062685825,0.042935107,0.075163822,0.050790335,0.022630867,0.081730145,0.077763644,0.041639156,0.049845048,0.046864602,0.0417723,0.095454721,0.087377403,0.113960625,0.085528867,0.0340353,0.031679919,0.063763246,40003.0,0.304792622,0.476923077,260.0,0.163265306,294.0,0.666666667,546.0,45.9,51236,288.2690656,1.352737762,0.830795162,0.889549409,1.121278483,1.002271369,1.048590204,0.97046321,0.591217516,1.002271369,complete,CITY OF CHICAGO,Ward 40 Precinct 03,1,0,0,,0,0,0,875,583,389,132,99,66,0.09744,18.47577843708907,108,0.55178,27.455402809013442,160,0.33476,24.52239056673754,143,0.01282,11.933776606507758,70,0.00072,4.947715348679381,29,0.00214,6.555380276853535,38,0.00034,3.1225558517021526,18,CITY OF CHICAGO:WARD 40 PRECINCT 03,CITY OF CHICAGO:WARD 40 PRECINCT 03,CITY OF CHICAGO:WARD 40 PRECINCT 03,1.2,25.77782197,14.10775802,14.10775802,14.10775802,14.10775802,1.841693957,14.10775802,1.841693957,15.50017686278147,23.016079450186275,20.98326325366496,10.999247158529007,4.262797053147951,5.801881229566797,2.6514602559300426,18.30407943938538,27.1739366707964,24.29949366072795,11.820268202725616,4.86525272685533,6.456352366640461,3.037869603762055,13.233901248972881,24.50542976719801,24.287249514644337,14.264702950725457,3.9644859104963053,0.010577641470931843,0.015443953686564461,0.2,0.3,1.0,1.038371389,1.5,1.8,1.4,1.0,1.006186241,992.1537101,946.7043098,91.04451547,54.06712064,36.97739483,0.091764527,0.054494702,0.037269825,4844.672301,583,1.0
CITY OF CHICAGO:WARD 40 PRECINCT 04,CITY OF CHICAGO:WARD 40 PRECINCT 04,CITY OF CHICAGO:Ward 40 Precinct 04,TRUE, ,True, , ,,, ,,0.415440296,0.214092066,0.074220137,0.294086665,0.018173934,0.000933405,0.274,0.5715,0.4285,0.7033,0.1102,0.0,0.0528,0.1279,0.115898108,0.133058607,0.107242665,0.111444042,0.145032086,0.147212565,0.139942184,0.076898511,0.023271231,0.016200358,0.063853144,0.006650746,0.01607188,0.02280534,0.048250257,0.035973597,0.040582535,0.060356119,0.116793865,0.05230579,0.141925281,0.107017446,0.084700808,0.05532377,0.131189065,40004.0,0.228287325,0.447619048,105.0,-0.192488263,213.0,0.576086957,552.0,48.9,78551,281.1366351,1.026811866,0.650916078,-0.359065596,0.833115875,0.39935681,0.537944556,0.219954779,0.066123388,0.39935681,complete,CITY OF CHICAGO,Ward 40 Precinct 04,1,0,0,,0,0,0,644,429,286,150,113,75,0.09908,18.488630268428263,79,0.5491,27.447111593330494,118,0.33694,24.50628956259392,105,0.01166,11.919380733028495,51,0.00098,4.984184992505994,21,0.002,6.604648352393195,28,0.00024,3.11332238774569,13,CITY OF CHICAGO:WARD 40 PRECINCT 04,CITY OF CHICAGO:WARD 40 PRECINCT 04,CITY OF CHICAGO:WARD 40 PRECINCT 04,1.21547,49.87682585,8.599256863,8.599256863,8.599256863,8.599256863,3.563444919,8.599256863,3.563444919,15.499699477773055,23.015210979716944,20.982557078791462,10.99119693520562,4.262707133721795,5.800274908719574,2.652063417596259,18.306068907218364,27.17699507390528,24.302094277749365,11.812621319584816,4.865921548155136,6.454912412322611,3.0386391319576447,13.233423863964465,24.504561296728678,24.28654333977084,14.25665272740207,3.9643959910701496,0.00897132062370901,0.016047115352780365,0.2,0.3,1.0,1.005740232,1.5,1.8,1.4,1.0,1.056804025,674.0657063,663.4844646,30.50494591,17.62760551,12.8773404,0.045255152,0.026151168,0.019103984,4283.173001,0,0.167558691
CITY OF CHICAGO:WARD 40 PRECINCT 05,CITY OF CHICAGO:WARD 40 PRECINCT 05,CITY OF CHICAGO:Ward 40 Precinct 05,TRUE, ,True, , ,,, ,,0.279423686,0.238417167,0.15771448,0.325280181,0.022841212,0.001458378,0.2342,0.4216,0.5784,0.6759,0.0855,0.0,0.006,0.2119,0.114685521,0.165558422,0.124695096,0.090374031,0.160838613,0.1799866,0.098660033,0.026504625,0.038697059,0.01883403,0.048667355,0.052628389,0.00968482,0.046433633,0.060286321,0.021217471,0.033109628,0.029333473,0.09317498,0.073918864,0.145180981,0.077202902,0.144261622,0.068983653,0.077081877,40005.0,0.370000134,0.471861472,231.0,0.081967213,183.0,0.678733032,442.0,47.2,77189,233.5870985,1.630533125,0.799725139,0.604211389,1.159665393,0.945901588,1.048533762,0.857037114,0.299617665,0.945901588,complete,CITY OF CHICAGO,Ward 40 Precinct 05,1,0,0,,0,0,0,485,323,215,102,77,51,0.09826,18.501409028112644,60,0.5522,27.48103751155838,89,0.33434,24.494069936650682,79,0.0119,11.922703435417704,39,0.00102,5.030475703924628,16,0.00192,6.553342173628024,21,0.00036,3.1557930115975337,10,CITY OF CHICAGO:WARD 40 PRECINCT 05,CITY OF CHICAGO:WARD 40 PRECINCT 05,CITY OF CHICAGO:WARD 40 PRECINCT 05,1.2,27.64550323,13.68084725,13.68084725,13.68084725,13.68084725,1.975130261,13.68084725,1.975130261,15.499404560808637,23.014674459570767,20.982120820956872,10.99761224402686,4.262651583665265,5.8034185767454884,2.6552647277279493,18.303222188570338,27.1724021377458,24.29828980179162,11.818463984477221,4.865296064296116,6.457897066135653,3.0416814278764637,13.233128947000047,24.5040247765825,24.28610708193625,14.26306803622331,3.96434044101362,0.012114988649622908,0.01924842548447102,0.2,0.3,1.0,1.012574921,1.5,1.8,1.4,1.0,1.033604447,794.5993904,785.3470594,27.14535709,14.86266971,12.28268738,0.034162318,0.018704607,0.015457711,4265.4384,323,0.999999983
CITY OF CHICAGO:WARD 40 PRECINCT 06,CITY OF CHICAGO:WARD 40 PRECINCT 06,CITY OF CHICAGO:Ward 40 Precinct 06,TRUE, ,True, , ,,, ,,0.284697117,0.203927552,0.216503133,0.292759606,0.021602321,0.00071651,0.2276,0.4362,0.5638,0.6125,0.1413,0.0,0.064,0.1164,0.115210709,0.120910573,0.125048961,0.122623324,0.124157867,0.145168942,0.140804685,0.058872039,0.047202899,0.058901925,0.092231022,0.065448075,0.053444382,0.044462353,0.039045314,0.053698862,0.048082373,0.063964759,0.132283929,0.069588512,0.086740237,0.076367353,0.029174134,0.03820393,0.048362838,40006.0,0.229757004,0.422053232,263.0,0.15625,256.0,0.697959184,490.0,48.9,48493,251.1209901,1.033072955,0.493983543,0.864927263,1.220829843,0.886388832,0.903203401,0.878733604,0.643507695,0.886388832,complete,CITY OF CHICAGO,Ward 40 Precinct 06,1,0,0,,0,0,0,381,254,169,124,93,62,0.09494,18.450801441376075,47,0.5546,27.525648057134184,70,0.33518,24.495676883636087,62,0.01202,11.925231138972132,30,0.00074,4.874725762221773,12,0.00216,6.584769210998809,17,0.00036,3.1248505630409302,8,CITY OF CHICAGO:WARD 40 PRECINCT 06,CITY OF CHICAGO:WARD 40 PRECINCT 06,CITY OF CHICAGO:WARD 40 PRECINCT 06,1.2,29.72295187,13.20598828,13.20598828,13.20598828,13.20598828,2.123553374,13.20598828,2.123553374,15.49971202436164,23.015233804777402,20.982575638414097,11.002564161413275,4.262709496975827,5.8043685601226125,2.6548184109185247,18.30202435670971,27.170565153500498,24.296725710831613,11.823172279311978,4.86488658275222,6.458745263116461,3.0411333246707217,13.23343641055305,24.504584121789136,24.286561899393476,14.268019953609725,3.9643983543241816,0.013064972026747355,0.018802108675046315,0.2,0.3,1.0,1.012530389,1.5,1.8,1.4,1.0,1.009030507,324.9087449,315.0921303,13.397214,7.116085057,6.281128947,0.041233775,0.021901796,0.019331979,2396.762117,254,0.999999982
CITY OF CHICAGO:WARD 48 PRECINCT 08,CITY OF CHICAGO:WARD 48 PRECINCT 08,CITY OF CHICAGO:Ward 48 Precinct 08,TRUE, ,True, , ,,, ,,0.709058479,0.082826848,0.077405955,0.120105514,0.003690528,0.001376767,0.4169,0.4691,0.5309,0.5418,0.2504,0.0,0.0069,0.1887,0.009712954,0.035514243,0.217438167,0.10622823,0.178900853,0.142815539,0.105726251,0.121508722,0.082154918,0.047911574,0.093863632,0.034689121,0.012498676,0.057250287,0.028051402,0.127440586,0.018500865,0.01299297,0.066500721,0.13541996,0.117854729,0.076616168,0.044610379,0.022561173,0.103237636,48008.0,0.218744169,0.450381679,131.0,0.032520325,246.0,0.578723404,470.0,47.6,60033,187.5234849,0.986156359,0.66787414,0.430663935,0.841503244,0.676000177,0.731549419,0.61582308,-0.026915648,0.676000177,complete,CITY OF CHICAGO,Ward 48 Precinct 08,1,0,0,,0,0,0,461,307,205,78,59,39,0.09598,18.545470209436733,57,0.55342,27.472971720851515,84,0.33526,24.506737855273997,75,0.0122,11.931480985119112,37,0.0006,4.995658742343514,15,0.00226,6.576822559065179,20,0.00028,3.054625311549774,9,CITY OF CHICAGO:WARD 48 PRECINCT 08,CITY OF CHICAGO:WARD 48 PRECINCT 08,CITY OF CHICAGO:WARD 48 PRECINCT 08,1.2,37.86637598,11.344581,11.344581,11.344581,11.344581,2.70535951,11.344581,2.70535951,15.501344370670616,23.018203409059204,20.984990297290924,10.992839887637613,4.263016962943134,5.796332637082036,2.6435036192110024,18.30855303859449,27.181310415633682,24.305532217059884,11.814757702296953,4.865996620933867,6.450996741743511,3.030105934630827,13.235068756862026,24.507553726070938,24.288976558270303,14.258295679834063,3.964705820291488,0.005029048986170473,0.007487316967523872,0.2,0.3,1.0,1.003716995,1.5,1.8,1.4,1.0,1.00026038,84.33170631,79.23976377,11.60519755,8.948995787,2.656201761,0.137613693,0.106116622,0.031497071,296.6954233,307,0.999999878
CITY OF CHICAGO:WARD 48 PRECINCT 16,CITY OF CHICAGO:WARD 48 PRECINCT 16,CITY OF CHICAGO:Ward 48 Precinct 16,TRUE,TRUE,True, , ,,, ,,0.410933966,0.149698008,0.231391529,0.195388687,0.020471656,0.002589781,0.2924,0.1856,0.8144,0.3308,0.4635,0.0267,0.0364,0.1426,0.136131465,0.083164237,0.210226728,0.215535351,0.096448677,0.084152671,0.079162181,0.071694313,0.023484377,0.082194963,0.078913007,0.058946548,0.087796964,0.084449794,0.006138599,0.072265886,0.022712813,0.041891888,0.126379821,0.06708721,0.110699322,0.065047999,0.03635312,0.043267043,0.015855023,48016.0,0.285883844,0.232876712,219.0,0.231527094,203.0,0.796437659,393.0,37.2,45786,182.4713467,1.272183073,-0.667252654,1.12913293,1.534120912,0.802741051,0.817046065,0.865158424,0.831879568,0.802741051,complete,CITY OF CHICAGO,Ward 48 Precinct 16,1,0,0,,0,0,0,561,374,249,188,141,94,0.0766,17.957394184972454,67,0.48444,27.123664267017595,101,0.42986,26.317818604680898,98,0.00656,10.960375256579626,41,0.00068,5.061296617044591,19,0.00162,6.533584713917328,24,0.00024,3.0613963941690927,11,CITY OF CHICAGO:WARD 48 PRECINCT 16,CITY OF CHICAGO:WARD 48 PRECINCT 16,CITY OF CHICAGO:WARD 48 PRECINCT 16,1.2,32.81928535,12.49823468,12.49823468,12.49823468,12.49823468,2.344770616,12.49823468,2.344770616,15.500632611058371,23.44212417969363,23.16764288738854,10.440741359974966,4.496755834095616,5.8025421069810665,2.6502876184993593,17.75853755957232,26.810822742809428,26.1016754929354,10.859545240755027,5.003111868335557,6.421938022104418,3.001621744381059,13.234356997249781,24.931474496705363,26.471629148367917,13.706197152171416,4.19844469144397,0.011238518885200843,0.014271316255880784,0.2,0.3,1.0,1.00574553,1.5,1.8,1.4,1.0,1.000483621,318.4338355,299.1766254,45.21120455,35.82491922,9.38628533,0.141979901,0.112503494,0.029476407,1817.290579,374,1.0
CITY OF CHICAGO:WARD 48 PRECINCT 18,CITY OF CHICAGO:WARD 48 PRECINCT 18,CITY OF CHICAGO:Ward 48 Precinct 18,TRUE,TRUE,True, , ,,, ,,0.426426209,0.141125548,0.239467617,0.18227056,0.017540259,0.002527608,0.3298,0.1206,0.8794,0.306,0.3601,0.0,0.1282,0.1561,0.111560322,0.070246275,0.209276836,0.201659193,0.111845165,0.090472411,0.086413144,0.087635179,0.030891474,0.080367818,0.080462037,0.065016719,0.08277143,0.077115866,0.020119672,0.076137569,0.02545568,0.042313815,0.12025228,0.073873634,0.105563547,0.05614917,0.031498699,0.038704464,0.024197603,48018.0,0.273155245,0.046357616,151.0,0.211594203,345.0,0.773529412,680.0,38.6,43537,305.8029572,1.217957023,-1.812176589,1.059172966,1.461242557,0.465670584,0.481548989,0.581195379,1.114444343,0.465670584,complete,CITY OF CHICAGO,Ward 48 Precinct 18,1,0,0,,0,0,0,564,376,251,178,134,89,0.07876,17.976484239599028,68,0.48934,27.151987165030416,102,0.42204,26.179519329198577,98,0.00694,11.017847461334004,41,0.0008,5.076859028662598,19,0.0019,6.531476638019754,25,0.00022,3.0338798128119038,11,CITY OF CHICAGO:WARD 48 PRECINCT 18,CITY OF CHICAGO:WARD 48 PRECINCT 18,CITY OF CHICAGO:WARD 48 PRECINCT 18,1.2,46.92983996,9.272872886,9.272872886,9.272872886,9.272872886,3.352897803,9.272872886,3.352897803,15.500756635493245,23.408905882719612,22.996074236104544,10.485833579274638,4.478384694465387,5.802472003258712,2.6497975588338445,17.800253786516972,26.838579518821845,25.962934888556774,10.934654220375974,4.992491494089434,6.424537498099357,3.0038012644328385,13.234481021684655,24.898256199731346,26.300060497083923,13.751289371471088,4.180073551813741,0.011168415162846597,0.013781256590365968,0.2,0.3,1.0,1.005117199,1.5,1.8,1.4,1.0,1.00034776,245.751363,230.8936379,34.8887355,27.64351942,7.245216079,0.141967617,0.112485722,0.029481896,3460.302455,376,1.0
CITY OF CHICAGO:WARD 48 PRECINCT 22,CITY OF CHICAGO:WARD 48 PRECINCT 22,CITY OF CHICAGO:Ward 48 Precinct 22,TRUE,TRUE,True, , ,,, ,,0.62149366,0.090077088,0.119764469,0.158553577,0.008995602,0.00019183,0.447,0.8933,0.1067,0.3442,0.4675,0.0,0.0779,0.1104,0.019136647,0.00970025,0.117076466,0.090232409,0.040002366,0.218738067,0.173021134,0.232160072,0.099932589,0.031055446,0.031482924,5.69e-09,0.068578428,0.018547778,0.053264452,1.03e-08,0.037095521,1.72e-08,0.062538362,0.164978528,0.140390678,0.052836978,0.124649185,0.152470824,0.062110865,48022.0,0.31711491,0.191304348,230.0,-0.1796875,256.0,0.556195965,347.0,61.0,80780,149.4838557,1.405232856,-0.922439365,-0.314137797,0.76983636,0.062685948,0.234623013,-0.047066214,0.293271071,0.062685948,complete,CITY OF CHICAGO,Ward 48 Precinct 22,1,0,0,,0,0,0,476,317,211,117,88,59,0.10556,21.544559281332905,68,0.83496,33.128967810048785,105,0.05524,18.86523621759497,60,0.00312,9.695743739030727,31,0.00024,3.7137195452726908,12,0.0008,6.609829529883665,21,8e-05,3.2057940732814747,10,CITY OF CHICAGO:WARD 48 PRECINCT 22,CITY OF CHICAGO:WARD 48 PRECINCT 22,CITY OF CHICAGO:WARD 48 PRECINCT 22,1.2,64.2601632,5.311542942,5.311542942,5.311542942,5.311542942,4.591061043,5.311542942,4.591061043,17.03282167892324,26.039780909220713,15.422763453720371,8.696583560492595,3.0848858627140974,5.798452113821533,2.646248964143223,21.422423709993783,32.773660490459534,18.792051339581562,9.726931755657004,3.6196092950447043,6.521420509538288,3.101155570618327,14.766546065114653,27.529131226232447,18.72674971469975,11.962039352689045,2.7865747200624518,0.007148525725667277,0.010232661899744585,0.2,0.3,1.0,1.006867829,1.5,1.8,1.4,1.0,1.000299022,14.14588037,13.18864034,2.084656083,1.701760141,0.382895942,0.147368423,0.120300759,0.027067664,33.98408025,317,1.0
CITY OF CHICAGO:WARD 48 PRECINCT 33,CITY OF CHICAGO:WARD 48 PRECINCT 33,CITY OF CHICAGO:Ward 48 Precinct 33,TRUE,TRUE,True, ,TRUE,,, ,,0.676982537,0.090909088,0.087040622,0.135396509,0.011605415,0.001934236,0.447,0.8933,0.1067,0.3442,0.4675,0.0,0.0779,0.1104,0.018617026,0.0106383,0.11702128,0.090425534,0.037234052,0.218085081,0.175531893,0.231382952,0.101063819,0.030172413,0.034482759,5.48e-09,0.068965516,0.017241384,0.056034475,9.61e-09,0.034482757,1.65e-09,0.064655174,0.163793086,0.142241368,0.051724133,0.124999983,0.150862047,0.060344822,48033.0,0.46012016,0.420289855,138.0,-0.081632653,196.0,0.565217391,253.0,61.1,80303,104.6089805,2.014460138,0.483159275,0.030012659,0.79853636,0.63309736,0.831542108,0.472791471,0.184960134,0.63309736,complete,CITY OF CHICAGO,Ward 48 Precinct 33,1,0,0,,0,0,0,306,204,136,82,62,41,0.11256,19.526654535198666,40,0.60278,28.426946936760988,58,0.2736,23.825996807186616,49,0.00784,10.696385257899898,22,0.00078,4.848497330678837,10,0.0021,6.531701893755629,13,0.00034,3.10650229343136,6,CITY OF CHICAGO:WARD 48 PRECINCT 33,CITY OF CHICAGO:WARD 48 PRECINCT 33,CITY OF CHICAGO:WARD 48 PRECINCT 33,1.2,39.65821749,10.93500552,10.93500552,10.93500552,10.93500552,2.83337745,10.93500552,2.83337745,16.097370746696008,23.467590570445928,20.19465776239967,9.815084475377796,4.083581453860645,5.796966519787105,2.6444524882453337,19.316909059153332,28.130764016236064,23.684904523296737,10.602951409092137,4.707290563505538,6.4675044601964045,3.0469286394129815,13.831095132887418,24.956940887457662,23.49864402337905,13.080540267574246,3.785270311208999,0.0056629316912394905,0.008436186001855557,0.2,0.3,1.0,1.005725631,1.5,1.8,1.4,1.0,1.000292469,48.14782026,44.8896971,7.095468234,5.792218957,1.303249277,0.147368421,0.120300751,0.027067669,115.6703816,204,0.999999936
CITY OF CHICAGO:WARD 50 PRECINCT 01,CITY OF CHICAGO:WARD 50 PRECINCT 01,CITY OF CHICAGO:Ward 50 Precinct 01,TRUE, ,True, , ,,, ,,0.688563181,0.107836941,0.054645599,0.136293979,0.008689145,0.000698883,0.3525,0.9601,0.0399,0.5371,0.0807,0.0,0.0849,0.2675,0.231180876,0.151010147,0.08407101,0.094198673,0.149042239,0.077121846,0.120667897,0.062527885,0.030179427,0.027261821,0.047579221,0.013077922,0.009616128,0.008221799,0.005817768,0.028763303,0.035227805,0.01365494,0.005192692,0.106649798,0.150431799,0.119883091,0.137957448,0.152247779,0.138416686,50001.0,0.157462502,0.286713287,143.0,-0.373015873,252.0,0.009259259,432.0,47.0,110115,246.0688519,0.72508578,-0.336783632,-0.9926769,-0.970141693,-0.565405379,-0.393629111,-0.685214937,0.03995022,-0.565405379,complete,CITY OF CHICAGO,Ward 50 Precinct 01,1,0,0,,0,0,0,471,314,209,115,87,58,0.3497,26.071522405437253,82,0.58538,29.18847679915246,92,0.0589,17.607581682192087,55,0.00402,9.2429226785313,29,0.00068,4.981279624430772,16,0.001,6.701305185221407,21,0.00032,3.2559442527468576,10,CITY OF CHICAGO:WARD 50 PRECINCT 01,CITY OF CHICAGO:WARD 50 PRECINCT 01,CITY OF CHICAGO:WARD 50 PRECINCT 01,1.5,83.45115717,1.764447186,1.764447186,1.764447186,1.764447186,5.96215972,1.764447186,1.764447186,18.810242389493254,21.205547860797314,13.216923745583124,7.6102314527468184,3.7899866886146,5.796048281935692,2.6438547366238403,25.77070208962707,28.852309228778743,17.46776905110592,9.165386573531537,4.881012587431503,6.620164237485975,3.1999089029324717,16.543966775684662,22.694898177809048,16.520910006562502,10.875687244943268,3.4916755459629543,0.004744693839827172,0.007838434380361824,0.2,0.3,1.0,1.722757668,1.5,1.8,1.4,1.0,1.307720928,341.0277284,338.2955325,6.209536174,3.228958809,2.980577365,0.018208303,0.009468317,0.008739985,1441.000045,314,1.0
CITY OF CHICAGO:WARD 50 PRECINCT 02,CITY OF CHICAGO:WARD 50 PRECINCT 02,CITY OF CHICAGO:Ward 50 Precinct 02,TRUE, ,True, , ,,, ,,0.535663463,0.139107497,0.077320887,0.235015398,0.014948847,0.002833743,0.3445,0.8479,0.1521,0.9317,0.0,0.0,0.0231,0.0452,0.189046616,0.165243719,0.082852261,0.094459096,0.176364422,0.056222037,0.129746597,0.086105643,0.01995961,0.120736892,0.009078554,0.023211381,0.022785514,0.023937252,0.020994977,0.00507161,0.005071611,0.054309134,0.000638801,0.096502941,0.029450417,0.086162473,0.159649633,0.086063022,0.25633579,50002.0,-0.062020018,0.209302326,86.0,-0.381642512,207.0,0.222453222,481.0,46.6,125321,227.6434065,-0.209947998,-0.811961048,-1.022954462,-0.291904499,-0.665492648,-0.584192002,-0.75324514,-0.3457029,-0.665492648,complete,CITY OF CHICAGO,Ward 50 Precinct 02,1,0,0,,0,0,0,492,328,219,101,76,51,0.34978,26.08800955301097,86,0.58698,29.171371168174566,96,0.05732,17.541600808862423,58,0.00402,9.219328838929751,30,0.00088,4.959218160186668,16,0.00076,6.777884400587607,22,0.00026,3.290841857361097,11,CITY OF CHICAGO:WARD 50 PRECINCT 02,CITY OF CHICAGO:WARD 50 PRECINCT 02,CITY OF CHICAGO:WARD 50 PRECINCT 02,1.8,85.0513149,1.478700377,1.478700377,1.478700377,1.478700377,6.076482832,1.478700377,1.478700377,18.809309034586605,21.20384987875025,13.215543074276926,7.611253364347482,3.7898108834759254,5.798994929793052,2.6491971647925037,25.768166317598332,28.848559021780723,17.465082256501198,9.16623575857522,4.880967859954017,6.62305050536296,3.20519095112076,16.543033420778013,22.693200195761985,16.519529335256305,10.876709156543932,3.49149974082428,0.007691341697186594,0.01318086254902507,0.2,0.3,1.0,2.425456198,1.5,1.8,1.4,1.0,1.304866349,335.8399051,333.1492722,6.115074784,3.179838874,2.935235909,0.018208303,0.009468318,0.008739986,2510.999891,328,1.0
CITY OF CHICAGO:WARD 50 PRECINCT 03,CITY OF CHICAGO:WARD 50 PRECINCT 03,CITY OF CHICAGO:Ward 50 Precinct 03,TRUE, ,True, , ,,, ,,0.475569515,0.143770666,0.129174508,0.242442599,0.020238796,0.000694491,0.3261,0.8229,0.1771,0.6721,0.2339,0.0,0.0115,0.042,0.226818427,0.161728817,0.08008675,0.084172723,0.18556689,0.158695843,0.057504015,0.036588157,0.008838379,1.79e-09,0.01350081,6.2e-10,0.008556699,1.05e-09,8.41e-10,0.007269667,0.062617996,0.017113398,1.34e-09,0.05976016,0.205440486,0.098010477,0.196949589,0.098085949,0.232694763,50003.0,0.026329458,0.387755102,147.0,-0.255813953,215.0,0.194594595,370.0,46.1,128520,181.8769775,0.166436164,0.2834488,-0.581324524,-0.380531572,-0.202768852,-0.127992783,-0.2934352,0.07466451,-0.202768852,complete,CITY OF CHICAGO,Ward 50 Precinct 03,1,0,0,,0,0,0,426,284,189,134,101,67,0.10276,20.465926778960615,58,0.80736,32.067114884341606,91,0.08196,19.58672910821921,56,0.00638,11.01906414327553,31,0.00028,3.85192145899856,11,0.00106,6.598740066594086,19,0.0002,3.175411852738704,9,CITY OF CHICAGO:WARD 50 PRECINCT 03,CITY OF CHICAGO:WARD 50 PRECINCT 03,CITY OF CHICAGO:WARD 50 PRECINCT 03,1.8,74.52683829,3.358099846,3.358099846,3.358099846,3.358099846,5.324562635,3.358099846,3.358099846,16.44563090636665,25.596059192161768,16.198756138287145,9.85574936922803,3.261203630656427,5.800670272422231,2.650593276158249,20.36198239825401,31.750751615212554,19.485283625633006,10.964790269091006,3.7981946661795187,6.507194441014371,3.089055655508737,14.179355292558059,27.085409509173502,19.502742399266523,13.12120516142448,2.9628924880047816,0.00936668432636496,0.014576973914770516,0.2,0.3,1.0,2.077168939,1.5,1.8,1.4,1.0,1.121744494,282.8265735,280.560665,5.149792108,2.677891955,2.471900153,0.018208304,0.009468318,0.008739986,1478.863664,284,1.0
CITY OF CHICAGO:WARD 50 PRECINCT 04,CITY OF CHICAGO:WARD 50 PRECINCT 04,CITY OF CHICAGO:Ward 50 Precinct 04,TRUE, ,True, , ,,, ,,0.393122979,0.198577613,0.175185445,0.225753506,0.017993963,0.000963096,0.2143,0.4753,0.5247,0.7072,0.2179,0.0,0.0232,0.032,0.090252139,0.216265792,0.128880349,0.149358692,0.13484663,0.160299214,0.058071586,0.039796901,0.022228698,0.004998703,1.64e-09,0.008331171,0.0439033,1.33e-09,0.002777058,0.009164289,0.160678724,0.079197723,0.00722035,0.024403307,0.148095588,0.269889131,0.069198845,0.031142369,0.140999439,50004.0,0.153758275,0.329545455,176.0,-0.023474178,213.0,0.569230769,390.0,43.1,101040,197.0333923,0.709305127,-0.073863773,0.234135825,0.81130418,0.372703409,0.42022034,0.335486506,0.161219261,0.372703409,complete,CITY OF CHICAGO,Ward 50 Precinct 04,1,0,0,,0,0,0,449,299,199,116,87,58,0.08408,18.16428692675614,54,0.50468,27.22249103830883,81,0.39956,25.802553017636683,77,0.0086,11.23656330453128,34,0.00058,5.018480834813892,15,0.00228,6.512072908997246,19,0.00022,3.104878951360004,9,CITY OF CHICAGO:WARD 50 PRECINCT 04,CITY OF CHICAGO:WARD 50 PRECINCT 04,CITY OF CHICAGO:WARD 50 PRECINCT 04,1.5,51.06261278,8.328212103,8.328212103,8.328212103,8.328212103,3.64816335,8.328212103,3.64816335,15.500345528953087,23.30065965647972,22.443405733688646,10.622886445840452,4.419182078441464,5.801616993826333,2.6506782899756467,17.936812027115227,26.930388342875148,25.51517682272466,11.170306295403096,4.95859849710223,6.432485589382594,3.013485096290257,13.234069915144497,24.790009973491454,25.747391994668025,13.888342238036902,4.120870935789819,0.010313405730467913,0.01466198773216839,0.2,0.3,1.0,1.976456266,1.5,1.8,1.4,1.0,1.065929615,413.305789,409.9945261,7.525597609,3.913310926,3.612286683,0.018208304,0.009468319,0.008739986,1772.136416,299,1.0
CITY OF CHICAGO:WARD 50 PRECINCT 08,CITY OF CHICAGO:WARD 50 PRECINCT 08,CITY OF CHICAGO:Ward 50 Precinct 08,TRUE, ,True, , ,,, ,,0.21743713,0.199092468,0.254440551,0.324250489,0.019505159,0.003106812,0.1949,0.2437,0.7563,0.5714,0.1995,0.046,0.0697,0.0688,0.161107355,0.107143869,0.123613437,0.12950619,0.152395161,0.144448684,0.109411026,0.048996546,0.023377734,0.095990603,0.075134823,0.05333325,0.052250257,0.113074813,0.02329761,0.002010411,0.057983907,0.05888611,0.048618846,0.100495385,0.152863129,0.066809121,0.046174739,0.009529835,0.04354716,50008.0,0.090871364,0.221374046,131.0,0.0,210.0,0.750519751,481.0,46.0,47286,267.763328,0.441395929,-0.737860318,0.316524909,1.388041573,0.339538421,0.352025523,0.332438299,0.884120024,0.339538421,complete,CITY OF CHICAGO,Ward 50 Precinct 08,1,0,0,,0,0,0,278,185,123,151,114,76,0.0979,18.55091002170487,34,0.54976,27.48962539214743,51,0.33696,24.498930332920366,45,0.0121,11.904888971995597,22,0.00074,4.985493493388813,9,0.00224,6.571261863331837,12,0.0003,3.142881080139273,6,CITY OF CHICAGO:WARD 50 PRECINCT 08,CITY OF CHICAGO:WARD 50 PRECINCT 08,CITY OF CHICAGO:WARD 50 PRECINCT 08,1.2,52.53526314,7.991596688,7.991596688,7.991596688,7.991596688,3.75337671,7.991596688,3.75337671,15.499414295961255,23.014692169998224,20.982135221744592,11.005340869373219,4.262653417362012,5.806198543510535,2.6571312915586733,18.300474790490725,27.168034663218734,24.294643108318557,11.82563704921897,4.864592554097504,6.460499773371117,3.0433707321776033,13.233138682152665,24.504042487009958,24.28612148272397,14.270796661569669,3.9643422747103663,0.014894955414670112,0.021114989315194947,0.2,0.3,1.0,1.04367862,1.5,1.8,1.4,1.0,1.016454508,345.3018016,338.3560756,12.56845674,8.930218989,3.638237755,0.036398468,0.025862069,0.0105364,5187.09212,185,1.0
CITY OF CHICAGO:WARD 50 PRECINCT 13,CITY OF CHICAGO:WARD 50 PRECINCT 13,CITY OF CHICAGO:Ward 50 Precinct 13,TRUE, ,True, , ,,, ,,0.340675811,0.226174387,0.08951552,0.340396073,0.014160971,0.001019559,0.4257,0.6467,0.3533,0.7501,0.0796,0.0,0.0441,0.1153,0.138982606,0.165732634,0.096299843,0.1535561,0.141616982,0.094212024,0.134115914,0.061675597,0.0138083,0.058430554,0.019533916,0.029079947,0.033126744,0.041816954,0.030472241,0.015202186,0.026611697,0.033659615,0.084079405,0.063356291,0.119494292,0.09543524,0.115278801,0.058715566,0.175706551,50013.0,-0.043390965,0.178294574,129.0,0.088709677,248.0,0.597785978,542.0,45.2,88522,275.4901277,-0.130584987,-1.002298221,0.627875921,0.902147301,0.175131094,0.099285004,0.280849278,0.319893587,0.175131094,complete,CITY OF CHICAGO,Ward 50 Precinct 13,1,0,0,,0,0,0,546,364,243,120,90,60,0.10142,20.479370276700188,75,0.8096,32.07689795599657,117,0.08122,19.591024946584472,71,0.00582,10.98080860055247,40,0.00028,3.8789204513518873,14,0.0013,6.65308019808325,24,0.00036,3.1733455267868487,12,CITY OF CHICAGO:WARD 50 PRECINCT 13,CITY OF CHICAGO:WARD 50 PRECINCT 13,CITY OF CHICAGO:WARD 50 PRECINCT 13,1.298350287,59.6751206,6.35958263,6.35958263,6.35958263,6.35958263,4.263483125,6.35958263,4.263483125,16.4447048119435,25.594374418563657,16.19738620709831,9.851802061382472,3.2610291930900446,5.801792197899469,2.654661863585992,20.361761979451003,31.750247760276128,19.484593612916534,10.960653473078088,3.798435154104926,6.508376407310832,3.093184283755704,14.178429198134909,27.08372473557539,19.50137246807769,13.117257853578922,2.962718050438399,0.010488609803604018,0.018645561342513724,0.2,0.3,1.0,1.068405152,1.5,1.8,1.4,1.0,1.112873517,589.230008,585.3453024,14.87022677,9.488064492,5.382162278,0.02523671,0.01610248,0.00913423,3148.764387,364,1.0
CITY OF CHICAGO:WARD 50 PRECINCT 15,CITY OF CHICAGO:WARD 50 PRECINCT 15,CITY OF CHICAGO:Ward 50 Precinct 15,TRUE, ,True, , ,,, ,,0.321204433,0.247203577,0.122900509,0.298492477,0.024208046,0.002973283,0.2785,0.5052,0.4948,0.7077,0.1157,0.0079,0.043,0.1059,0.15075442,0.156560977,0.10567714,0.143401037,0.132512709,0.108781216,0.136623526,0.05099172,0.014697256,0.036538775,0.02364304,0.041443955,0.027084281,0.030950137,0.028677895,0.009662567,0.04059102,0.020204486,0.078143587,0.13016832,0.152933707,0.07641858,0.062328967,0.058832818,0.182377866,50015.0,0.182560849,0.486956522,230.0,-0.04379562,274.0,0.632495164,517.0,45.5,80377,248.7435133,0.832009111,0.892384198,0.162812134,1.012568161,0.658023704,0.724943401,0.54559745,0.32105569,0.658023704,complete,CITY OF CHICAGO,Ward 50 Precinct 15,1,0,0,,0,0,0,537,358,239,119,90,60,0.0964,18.519082359127747,66,0.55498,27.543097575031595,99,0.33268,24.518726714488505,88,0.01232,11.976196322516097,43,0.00076,4.94634226167598,18,0.00246,6.503580145263485,23,0.0004,3.0619020023961134,11,CITY OF CHICAGO:WARD 50 PRECINCT 15,CITY OF CHICAGO:WARD 50 PRECINCT 15,CITY OF CHICAGO:WARD 50 PRECINCT 15,1.216344769,38.61262502,11.17400492,11.17400492,11.17400492,11.17400492,2.758675199,11.17400492,2.758675199,15.499657823324712,23.015135200926945,20.982495461178278,10.995047301470839,4.262699287760934,5.801788200879255,2.653246871300067,18.304613094570758,27.17467043178963,24.30015796287048,11.816178503084304,4.865564672722478,6.456335562338197,3.039732443517358,13.233382209516122,24.50448551793868,24.286481722157657,14.260503093667289,3.964388145109288,0.010484612783389097,0.017230569056588547,0.2,0.3,1.0,1.069004535,1.5,1.8,1.4,1.0,1.057217204,543.3060701,536.5580059,22.30002246,14.23375637,8.066266097,0.041045046,0.026198412,0.014846633,3459.170854,358,1.0
CITY OF CHICAGO:WARD 50 PRECINCT 17,CITY OF CHICAGO:WARD 50 PRECINCT 17,CITY OF CHICAGO:Ward 50 Precinct 17,TRUE,TRUE,True, , ,,, ,,0.354379443,0.172899619,0.107608209,0.357421498,0.01629125,0.00083226,0.0904,0.3657,0.6343,0.7717,0.071,0.0,0.1048,0.0524,0.208865394,0.173772743,0.068563051,0.177260642,0.105657914,0.082045095,0.098327754,0.058099265,0.027408143,0.085550322,0.014110373,0.009292423,0.012518317,0.13890826,0.043076862,0.089077917,0.007742149,0.056181571,0.08788813,0.029351755,0.14825947,0.117885058,0.057430148,0.056181575,0.046545671,50017.0,-0.139915365,-0.0625,96.0,0.0,90.0,0.603375527,237.0,43.9,54954,149.7810403,-0.541795749,-2.480385329,0.316524909,0.919929418,-0.360599622,-0.446431688,-0.208008302,0.043152723,-0.360599622,complete,CITY OF CHICAGO,Ward 50 Precinct 17,1,0,0,,0,0,0,231,154,103,148,111,74,0.09436,20.090322850096886,31,0.7856,31.73601624317538,49,0.11304,20.873424017436555,32,0.00506,10.349790073485279,16,0.0006,4.0054968895652845,6,0.00108,6.619399161053388,10,0.00026,3.109767215409583,5,CITY OF CHICAGO:WARD 50 PRECINCT 17,CITY OF CHICAGO:WARD 50 PRECINCT 17,CITY OF CHICAGO:WARD 50 PRECINCT 17,1.5,79.11109678,2.539469781,2.539469781,2.539469781,2.539469781,5.652084532,2.539469781,2.539469781,16.444543846226814,25.859244136041504,17.558897011162504,9.501534402732885,3.4068409862481337,5.802711478778484,2.6558643760802214,19.967662454095883,31.43522970797555,20.74152206184267,10.345981364694046,3.910402376851817,6.4856817986865805,3.070772906746666,14.178268232418224,27.348594453053238,20.862883272141882,12.766990194929335,3.108529843596488,0.011407890682618294,0.019848073836743058,0.2,0.3,1.0,1.024981016,1.5,1.8,1.4,1.0,1.207343385,303.9886839,301.7234925,7.928169816,4.077344547,3.850825269,0.026080477,0.013412817,0.01266766,2874.99996,154,1.0
CITY OF CHICAGO:WARD 50 PRECINCT 19,CITY OF CHICAGO:WARD 50 PRECINCT 19,CITY OF CHICAGO:Ward 50 Precinct 19,TRUE, ,True, , ,,, ,,0.183749338,0.183749339,0.137546466,0.492830585,0.013276686,0.002655337,0.1044,0.0699,0.9301,0.714,0.0288,0.0,0.0459,0.1057,0.120377982,0.204190636,0.070254729,0.144207066,0.161462611,0.086277733,0.172555456,0.008216929,0.03245686,0.027972031,5.16e-09,0.087412581,3.91e-09,2.26e-09,3.05e-09,0.124125868,2.26e-09,4.63e-09,0.262237752,2.34e-09,0.277972022,0.045454544,0.012237766,0.122377615,0.040209794,50019.0,0.266335588,0.157894737,76.0,-0.024390244,82.0,0.806763285,207.0,45.7,59933,129.8696718,1.188904096,-1.127520046,0.230920639,1.566969982,0.369020322,0.464818668,0.322240716,0.424316638,0.369020322,complete,CITY OF CHICAGO,Ward 50 Precinct 19,1,0,0,,0,0,0,183,122,81,133,100,67,0.09634,18.51517980801371,23,0.5534,27.5084179016369,34,0.33506,24.513039904862968,30,0.01222,11.887934811911268,15,0.0009,4.8839823152825925,6,0.0018,6.576913025300699,8,0.00028,3.077535177335136,4,CITY OF CHICAGO:WARD 50 PRECINCT 19,CITY OF CHICAGO:WARD 50 PRECINCT 19,CITY OF CHICAGO:WARD 50 PRECINCT 19,1.292952351,51.22636234,8.290782564,8.290782564,8.290782564,8.290782564,3.659862421,8.290782564,3.659862421,15.497820466968932,23.011792637359825,20.97977753985853,10.994665148263943,4.262353206450792,5.806719448336681,2.663169128921273,18.301318439221944,27.16902333183578,24.29562747771403,11.815140251624664,4.865347920108416,6.461203679522714,3.0495915708656547,13.231544853160342,24.50114295437156,24.28376380083791,14.260120940460393,3.964042063799146,0.015415860240815333,0.027152826677794693,0.2,0.3,1.0,1.024826837,1.5,1.8,1.4,1.0,1.107936828,325.9667632,321.2062956,11.77589374,8.2681807,3.507713044,0.036126057,0.025365104,0.010760953,2433.999949,122,1.0
CITY OF CHICAGO:WARD 50 PRECINCT 20,CITY OF CHICAGO:WARD 50 PRECINCT 20,CITY OF CHICAGO:Ward 50 Precinct 20,TRUE, ,True, , ,,, ,,0.18921233,0.222602743,0.096746581,0.47431506,0.02140411,0.002568493,0.1429,0.3456,0.6544,0.6375,0.1301,0.0,0.1318,0.0049,0.152953049,0.342756165,0.106511866,0.124684501,0.177688035,0.036850089,0.027258968,0.007067141,0.024230187,0.146718134,0.16795365,6.03e-09,0.127413117,0.009652514,0.090733586,1.8e-09,2.62e-09,0.036679539,0.036679544,0.02509653,0.208494206,6.16e-09,0.00579152,7.68e-09,0.144787636,50020.0,0.304149335,0.3875,160.0,0.140350877,114.0,0.666666667,204.0,38.0,32660,112.6329648,1.349997247,0.281882888,0.809124917,1.121278483,0.836483651,0.890570884,0.820194458,0.728716606,0.836483651,complete,CITY OF CHICAGO,Ward 50 Precinct 20,1,0,0,,0,0,0,221,147,98,100,75,50,0.07644,17.992703095695795,26,0.48624,27.082862831996636,40,0.42748,26.274328924039924,39,0.0071,11.015466734181215,16,0.0006,5.096928282294824,7,0.00186,6.5101354522279,10,0.00028,3.120196844945174,5,CITY OF CHICAGO:WARD 50 PRECINCT 20,CITY OF CHICAGO:WARD 50 PRECINCT 20,CITY OF CHICAGO:WARD 50 PRECINCT 20,1.212604775,31.54619658,12.78923472,12.78923472,12.78923472,12.78923472,2.253814913,12.78923472,2.253814913,15.497995520734197,23.41821590612269,23.0655978885548,10.453106862638505,4.485747973023853,5.805107387608442,2.661442592179221,17.781997449552133,26.825578832071763,26.022064190433014,10.889099387306038,4.997806371309206,6.426216512445955,3.0144899277750827,13.231719906925607,24.907566223134424,26.36958414953418,13.718562654834955,4.187436830372207,0.013803799512576159,0.025426289935742488,0.2,0.3,1.0,1.024667484,1.5,1.8,1.4,1.0,1.055471473,328.9694823,324.1651625,11.88437022,8.344344858,3.540025358,0.036126057,0.025365103,0.010760954,1981.000115,147,1.0
CITY OF CHICAGO:WARD 50 PRECINCT 21,CITY OF CHICAGO:WARD 50 PRECINCT 21,CITY OF CHICAGO:Ward 50 Precinct 21,TRUE, ,True, , ,,, ,,0.183964306,0.212058601,0.239535464,0.360699808,0.021593191,0.002451587,0.2326,0.3538,0.6462,0.6296,0.1438,0.0165,0.0453,0.1546,0.091081197,0.160617706,0.155583495,0.130965647,0.146583804,0.160342106,0.102235738,0.034056924,0.018533383,0.034899111,0.06455034,0.089244339,0.082718923,0.031025873,0.037714779,7.02e-10,0.025164325,0.137991587,0.06767978,0.077387811,0.170859124,0.056990804,0.058408712,0.023939963,0.041424528,50021.0,0.321836818,0.205882353,136.0,0.035714286,168.0,0.842592593,432.0,44.4,49880,247.2575903,1.425349006,-0.832954121,0.44187402,1.680954304,0.580458304,0.678805802,0.533071947,0.708243016,0.580458304,complete,CITY OF CHICAGO,Ward 50 Precinct 21,1,0,0,,0,0,0,438,292,195,159,120,80,0.0842,18.18843613674294,53,0.51302,27.270125226049114,80,0.39154,25.561238734383124,75,0.00856,11.315460922835888,33,0.00076,5.002707112653957,15,0.00174,6.579792763341322,19,0.00018,3.077895650867926,9,CITY OF CHICAGO:WARD 50 PRECINCT 21,CITY OF CHICAGO:WARD 50 PRECINCT 21,CITY OF CHICAGO:WARD 50 PRECINCT 21,1.2,41.90347115,10.42179002,10.42179002,10.42179002,10.42179002,2.993789377,10.42179002,2.993789377,15.499069688366697,23.26728354266577,22.28203433121329,10.668121134770647,4.401861155527238,5.806611741761913,2.6586423204822798,17.972513365840832,26.950297238780657,25.379036990120373,11.243686619733799,4.948000811701855,6.439874427618481,3.0238432170971956,13.232794074558107,24.756633859677503,25.586020592192668,13.933576926967097,4.1035500128755915,0.015308153666047777,0.022626018238801476,0.2,0.3,1.0,1.024984989,1.5,1.8,1.4,1.0,1.023968852,470.4557234,466.4261239,15.1109976,5.54069925,9.570298351,0.032119914,0.011777302,0.020342612,3897.677311,292,1.0
CITY OF CHICAGO:WARD 50 PRECINCT 23,CITY OF CHICAGO:WARD 50 PRECINCT 23,CITY OF CHICAGO:Ward 50 Precinct 23,TRUE,TRUE,True, , ,,, ,,0.37553525,0.181461505,0.080091619,0.351983203,0.012219934,0.001077157,0.2243,0.5031,0.4969,0.7973,0.0491,0.0,0.0536,0.0436,0.116605719,0.256752514,0.14788291,0.102381181,0.163206847,0.077585481,0.066416456,0.056106749,0.013062143,0.090115807,0.005917761,0.048402469,0.005417809,0.060530142,0.018028755,0.08476721,0.011650099,0.035797126,0.062268468,0.067701393,0.239688498,0.060733115,0.034399976,0.027034043,0.147547329,50023.0,0.035021481,0.079365079,63.0,-0.289855072,138.0,0.451697128,383.0,42.1,75981,245.7716673,0.203465696,-1.609564442,-0.700801194,0.437392622,-0.507803519,-0.41737683,-0.564488392,0.113289917,-0.507803519,complete,CITY OF CHICAGO,Ward 50 Precinct 23,1,0,0,,0,0,0,452,301,201,127,96,64,0.32534,25.3390037980669,76,0.57806,28.81063621226868,87,0.09094,19.203881264953278,58,0.00324,8.538390985667254,26,0.00092,5.082061807307148,15,0.00116,6.6895511207606715,20,0.00034,3.2106796895612013,10,CITY OF CHICAGO:WARD 50 PRECINCT 23,CITY OF CHICAGO:WARD 50 PRECINCT 23,CITY OF CHICAGO:WARD 50 PRECINCT 23,1.5,82.38790102,1.954317249,1.954317249,1.954317249,1.954317249,5.886195489,1.954317249,1.954317249,18.808203170470968,21.509999946449494,14.796480279407753,7.201952733249618,3.9590947694616263,5.801787728116602,2.655049322623026,25.145408433366825,28.533294674311286,19.07781482884123,8.42804597895511,4.999636979809566,6.593925985172201,3.1791257904369736,16.541927556662376,22.999350263461228,18.10046654038713,10.467408525446068,3.6607836268099807,0.010484140020736499,0.019033020379547502,0.2,0.3,1.0,1.013004638,1.5,1.8,1.4,1.0,1.176268814,707.0906507,701.2484373,19.24641727,10.44205608,8.80436118,0.027219165,0.014767634,0.012451531,4608.196845,301,0.999999975
CITY OF CHICAGO:WARD 50 PRECINCT 26,CITY OF CHICAGO:WARD 50 PRECINCT 26,CITY OF CHICAGO:Ward 50 Precinct 26,TRUE,TRUE,True, , ,,, ,,0.442234308,0.121901369,0.06070353,0.363775011,0.0218424,1.29e-10,0.2337,0.2739,0.7261,0.8015,0.0291,0.0,0.0,0.1694,0.135464181,0.169182169,0.073446733,0.109793604,0.182885651,0.130035496,0.116125391,0.064230403,0.018836372,0.031110388,0.001253777,0.00062689,0.017881334,0.133048365,0.003761329,0.049953519,0.117176509,0.080701081,0.018600538,0.14011589,0.027419912,0.148578871,0.044916948,0.12599588,0.058858771,50026.0,-0.157986337,0.188118812,101.0,-0.272727273,66.0,0.321888412,233.0,47.3,64912,135.2189947,-0.618781238,-0.941993376,-0.640686472,0.024430182,-0.54644825,-0.544257726,-0.565733999,-0.263554451,-0.54644825,complete,CITY OF CHICAGO,Ward 50 Precinct 26,1,0,0,,0,0,0,180,120,80,99,75,50,0.35076,26.074164928634236,31,0.58666,29.233354194337647,35,0.05616,17.558923720454377,21,0.00424,9.242717938748788,11,0.00092,5.0071856943135415,6,0.0009,6.692311012931052,8,0.00036,3.223251504694397,4,CITY OF CHICAGO:WARD 50 PRECINCT 26,CITY OF CHICAGO:WARD 50 PRECINCT 26,CITY OF CHICAGO:WARD 50 PRECINCT 26,1.8,83.11350372,1.824743363,1.824743363,1.824743363,1.824743363,5.938036103,1.824743363,1.824743363,18.808091685628398,21.201635247786932,13.213742302925922,7.608899289507013,3.7895815857019635,5.801499168086603,2.655249385626625,25.76679911945754,28.845953676454933,17.462979475146106,9.163422847038463,4.881257773726601,6.625575675385595,3.2112641036839653,16.54181607181981,22.690985564798666,16.5177285639053,10.874355081703463,3.491270443050318,0.01019557999073744,0.01923308338314661,0.2,0.3,1.0,1.025137143,1.5,1.8,1.4,1.0,1.394978052,374.5393716,371.7484672,9.768165319,5.023627894,4.744537425,0.026080477,0.013412817,0.01266766,1484.411587,120,1.0
CITY OF CHICAGO:WARD 40 PRECINCT 01,CITY OF CHICAGO:WARD 40 PRECINCT 01,CITY OF CHICAGO:Ward 40 Precinct 01,TRUE, ,, , ,,, ,,0.522121826,0.184541308,0.115251215,0.161948791,0.025169868,0.001303683,0.3757,0.584,0.416,0.6807,0.1432,0.0145,0.0495,0.1115,0.091649622,0.104334907,0.116918077,0.136791769,0.10561182,0.167713137,0.168373555,0.074972501,0.033634611,0.031344157,0.038687082,0.03629209,0.013139437,0.028241764,0.091972143,0.024599096,0.055971368,0.006854594,0.053902851,0.096234348,0.097143061,0.095804401,0.056270109,0.115820095,0.157723403,40001.0,0.058657426,0.380952381,126.0,-0.126934985,323.0,0.607142857,560.0,51.7,80858,228.2377757,0.30415894,0.241691155,-0.128988336,0.931914482,0.293879333,0.33719406,0.200642854,0.14178002,0.293879333,complete,CITY OF CHICAGO,Ward 40 Precinct 01,1,0,0,,0,0,0,564,376,251,139,105,70,0.09792,18.50560654110242,70,0.55328,27.486485376239,103,0.33436,24.51932636117688,92,0.0111,11.922848430721094,45,0.00096,4.957821930907935,19,0.0021,6.5672549546690275,25,0.00028,3.130504127941356,12,CITY OF CHICAGO:WARD 40 PRECINCT 01,CITY OF CHICAGO:WARD 40 PRECINCT 01,CITY OF CHICAGO:WARD 40 PRECINCT 01,1.208996067,54.55159005,7.530708794,7.530708794,7.530708794,7.530708794,3.897432988,7.530708794,3.897432988,15.50094876626892,23.017483715867435,20.984405096910947,10.99552660986494,4.262942447572608,5.798400020914985,2.6463277643278063,18.306852567309026,27.178518238887797,24.303241003789836,11.817103543895245,4.865697590061078,6.45298688638952,3.0328528405606896,13.23467315246033,24.50683403287917,24.288391357890326,14.26098240206139,3.9646313049209625,0.007096432819119453,0.010311462084327792,0.2,0.3,1.0,1.179458441,1.5,1.8,1.4,1.0,1.045235975,388.3669525,384.0270519,16.81708679,12.20598434,4.611102451,0.043302054,0.031428998,0.011873056,1836.271782,376,1.0
CITY OF CHICAGO:WARD 40 PRECINCT 07,CITY OF CHICAGO:WARD 40 PRECINCT 07,CITY OF CHICAGO:Ward 40 Precinct 07,TRUE, ,, , ,,, ,,0.429447738,0.284001125,0.149252379,0.129871632,0.03603004,3.97e-05,0.2953,0.3647,0.6353,0.4495,0.3634,0.0099,0.0352,0.1314,0.109402394,0.093445641,0.212762547,0.164885176,0.126158677,0.071652152,0.1070646,0.05834701,0.056281805,0.042102788,0.048592159,0.045252079,0.05236975,0.009276873,0.065568495,0.050655329,0.051327082,0.033266737,0.104352946,0.042275708,0.065624208,0.073245887,0.124075322,0.092056453,0.099958185,40007.0,0.410539868,0.559322034,236.0,0.02739726,292.0,0.722627737,548.0,40.8,59735,273.4098354,1.803239455,1.336590762,0.412683129,1.299308285,1.073899775,1.212955408,0.91384532,0.586905455,1.073899775,complete,CITY OF CHICAGO,Ward 40 Precinct 07,1,0,0,,0,0,0,596,397,265,178,134,89,0.08002,18.027175103957028,72,0.49992,27.236076610604687,108,0.40936,26.003726553973898,103,0.0078,11.145125640683675,44,0.00086,5.062091464227963,20,0.00178,6.500077084700664,26,0.00026,3.0468881520450726,12,CITY OF CHICAGO:WARD 40 PRECINCT 07,CITY OF CHICAGO:WARD 40 PRECINCT 07,CITY OF CHICAGO:WARD 40 PRECINCT 07,1.2,23.54726277,14.6176147,14.6176147,14.6176147,14.6176147,1.682331874,14.6176147,1.682331874,15.501252037575666,23.35725239060253,22.7269108817688,10.548732787865928,4.449572363660554,5.798641760194824,2.6454120114533666,17.86947943957116,26.887811758207164,25.74855366275861,11.04598488365246,4.9764857282651125,6.4251143682109015,3.0038228302277927,13.234976423767076,24.846602707614263,26.030897142748177,13.814188580062378,4.151261221008908,0.007338172098958916,0.009395709209888099,0.2,0.3,1.0,1.015254262,1.5,1.8,1.4,1.0,1.003559489,414.9516958,396.4432434,40.84329333,31.56743141,9.27586192,0.098429031,0.076074955,0.022354076,2698.723029,397,0.999999998
CITY OF CHICAGO:WARD 40 PRECINCT 10,CITY OF CHICAGO:WARD 40 PRECINCT 10,CITY OF CHICAGO:Ward 40 Precinct 10,TRUE, ,, , ,,, ,,0.562544434,0.231667934,0.086952523,0.118889771,0.014858729,0.000446238,0.4324,0.3368,0.6632,0.4898,0.1693,0.0086,0.0678,0.2475,0.133629057,0.055223591,0.089637724,0.246653769,0.177055938,0.145628253,0.100622239,0.041365627,0.010183803,0.035187046,0.059772375,0.009224719,0.063319455,0.009865717,0.085696085,0.008731604,0.008928897,0.000697384,0.03593385,0.023496757,0.166683617,0.115406249,0.11948169,0.122809942,0.134764612,40010.0,0.197215708,0.278195489,133.0,0.076660988,587.0,0.615615616,999.0,43.2,98869,435.9698137,0.894441364,-0.38906906,0.585587733,0.958868999,0.481571896,0.512457259,0.496197991,0.470882451,0.481571896,complete,CITY OF CHICAGO,Ward 40 Precinct 10,1,0,0,,0,0,0,824,549,366,152,114,76,0.08282,18.108654853311066,99,0.50652,27.27407512331662,150,0.39932,25.748115045651975,141,0.00848,11.263618186033463,62,0.00072,5.047567923823432,28,0.00192,6.519591271038077,36,0.00022,3.0151503258801573,17,CITY OF CHICAGO:WARD 40 PRECINCT 10,CITY OF CHICAGO:WARD 40 PRECINCT 10,CITY OF CHICAGO:WARD 40 PRECINCT 10,1.2,46.22603256,9.433747748,9.433747748,9.433747748,9.433747748,3.302614352,9.433747748,3.302614352,15.501355864829694,23.300108832383916,22.432632271363467,10.619864245706518,4.418058490679995,5.796581174993304,2.643632624906793,17.943861947162322,26.939070134742302,25.510775888355923,11.170341614544528,4.958568025602091,6.427822699907095,3.006812360578932,13.235080251021104,24.78945914939565,25.736618532342845,13.885320037902968,4.119747348028349,0.005277586897438843,0.007616322663314855,0.2,0.3,1.0,1.004923975,1.5,1.8,1.4,1.0,1.002475231,546.8938401,488.6592269,147.9958589,101.0753923,46.92046664,0.270611676,0.184817207,0.085794469,2695.692862,549,0.999999991
CITY OF CHICAGO:WARD 40 PRECINCT 14,CITY OF CHICAGO:WARD 40 PRECINCT 14,CITY OF CHICAGO:Ward 40 Precinct 14,TRUE, ,, , ,,, ,,0.656676506,0.193973958,0.059795524,0.079194118,0.016844374,0.000239027,0.5739,0.3722,0.6278,0.5087,0.2568,0.0109,0.0303,0.1781,0.102635485,0.045588608,0.198957229,0.301920891,0.109881312,0.099601383,0.061364025,0.045983226,0.034067841,0.012904046,0.013663045,0.030881148,0.002660987,0.013119679,0.097860523,0.016969056,0.038372914,0.036509377,0.085895895,0.093046125,0.103089556,0.083325808,0.094126033,0.082590079,0.194985729,40014.0,0.315749624,0.333333333,141.0,0.18762089,517.0,0.748099891,921.0,36.6,89094,387.2315387,1.399416499,-0.050612362,0.97503203,1.380343236,0.883606404,0.926044851,0.89340384,0.442295031,0.883606404,complete,CITY OF CHICAGO,Ward 40 Precinct 14,1,0,0,,0,0,0,329,219,146,166,125,83,0.07574,17.945392450072823,39,0.48408,27.07450121724181,59,0.4303,26.372032173767302,58,0.00684,10.943727971684448,24,0.0006,5.076290425271885,11,0.0021,6.489742235567986,14,0.00034,3.115109833277981,7,CITY OF CHICAGO:WARD 40 PRECINCT 14,CITY OF CHICAGO:WARD 40 PRECINCT 14,CITY OF CHICAGO:WARD 40 PRECINCT 14,1.2,29.8226849,13.1831915,13.1831915,13.1831915,13.1831915,2.130678791,13.1831915,2.130678791,15.50173116466711,23.448900398863127,23.193803946409563,10.421637775299912,4.49959054158888,5.7948734203118315,2.641126816789867,17.758985622795468,26.817423175282535,26.13065490933898,10.837572350458705,5.006000496365862,6.414212254707634,2.9924038619440188,13.23545555085852,24.93825071587486,26.49779020738894,13.687093567496362,4.201279398937234,0.0035698322159664914,0.005110514546388863,0.2,0.3,1.0,1.000991148,1.5,1.8,1.4,1.0,1.00210322,280.4721431,267.2374128,29.87839569,17.04357164,12.83482405,0.106528924,0.060767431,0.045761493,1374.014008,219,0.999999973
CITY OF CHICAGO:WARD 40 PRECINCT 21,CITY OF CHICAGO:WARD 40 PRECINCT 21,CITY OF CHICAGO:Ward 40 Precinct 21,TRUE, ,, , ,,, ,,0.6852705,0.169663785,0.049203852,0.084590246,0.014359655,0.000915403,0.5457,0.5365,0.4635,0.4507,0.3403,0.0054,0.0759,0.1223,0.110489192,0.022098235,0.269610832,0.332979773,0.11089515,0.082149213,0.037370348,0.026979085,0.007428171,0.010396953,2.01e-10,0.019737694,6.17e-10,0.007589732,0.042335635,0.016818332,0.004252887,0.025492311,0.056262645,0.11872238,0.104633253,0.140993029,0.06638533,0.135481606,0.250898212,40021.0,0.415665259,0.496551724,290.0,0.178217822,404.0,0.702741703,693.0,34.4,116625,293.6183885,1.825074514,0.951283135,0.942029377,1.236044543,1.150303378,1.238607892,1.090987675,0.433367188,1.150303378,complete,CITY OF CHICAGO,Ward 40 Precinct 21,1,0,0,,0,0,0,639,426,284,177,133,89,0.07956,17.935152811822267,76,0.48074,27.125585499416903,116,0.42992,26.393402861816952,112,0.00722,10.926866314571276,47,0.00074,4.990879794098838,21,0.00166,6.582627547239225,28,0.00016,3.0197902510352383,13,CITY OF CHICAGO:WARD 40 PRECINCT 21,CITY OF CHICAGO:WARD 40 PRECINCT 21,CITY OF CHICAGO:WARD 40 PRECINCT 21,1.2,21.34388477,15.12125835,15.12125835,15.12125835,15.12125835,1.524911749,15.12125835,1.524911749,15.501680147343853,23.448807586902355,23.193728478702866,10.420749307029801,4.499580932052863,5.794691530536702,2.641184282596774,17.75919721843893,26.817755983476516,26.130963962780122,10.836735059966015,5.006073601517624,6.41404794094779,2.9924789037662105,13.235404533535263,24.93815790391409,26.497714739682245,13.686205099226251,4.201269789401218,0.003387942440836526,0.005167980353295393,0.2,0.3,1.0,1.000497386,1.5,1.8,1.4,1.0,1.000844583,419.375997,392.9901072,57.66230636,40.45657234,17.20573402,0.137495486,0.096468498,0.041026988,1696.14624,426,0.999999994
CITY OF CHICAGO:WARD 46 PRECINCT 11,CITY OF CHICAGO:WARD 46 PRECINCT 11,CITY OF CHICAGO:Ward 46 Precinct 11,TRUE, ,, , ,,, ,,0.581125579,0.129096514,0.17988734,0.100050393,0.021601067,0.002369987,0.6305,0.2361,0.7639,0.2517,0.4814,0.0296,0.0103,0.2164,0.012369413,0.018363203,0.34575512,0.249358491,0.114615642,0.100594591,0.113361916,0.018251506,0.027330118,0.029282447,0.080761402,0.011367041,0.016789282,0.034185407,0.054789136,0.069891147,0.004187251,0.073095623,0.046014496,0.081112213,0.198079046,0.088632808,0.094704113,0.040416206,0.076692381,46011.0,0.274882326,0.282608696,184.0,0.144032922,486.0,0.681818182,924.0,34.9,74727,401.199215,1.225314689,-0.361979146,0.822048067,1.169480228,0.673389297,0.71371596,0.695055719,1.008171423,0.673389297,complete,CITY OF CHICAGO,Ward 46 Precinct 11,1,0,0,,0,0,0,879,586,391,170,128,85,0.07566,17.956999507133688,105,0.48422,27.07398379618704,159,0.4298,26.325390918760384,154,0.00754,10.95032538118849,64,0.00072,5.126347261023112,30,0.00176,6.570272763466602,39,0.0003,3.050881735491945,18,CITY OF CHICAGO:WARD 46 PRECINCT 11,CITY OF CHICAGO:WARD 46 PRECINCT 11,CITY OF CHICAGO:WARD 46 PRECINCT 11,1.2,37.97433744,11.31990339,11.31990339,11.31990339,11.31990339,2.713072805,11.31990339,2.713072805,15.501533980441005,23.448541676501993,23.193512260362724,10.431056701869712,4.4995534003042845,5.798838236477039,2.6445413327259724,17.755390171061347,26.811567212744528,26.125457741941432,10.846181096383921,5.005091996958088,6.4179615723983,2.995602879405583,13.235258366632415,24.937891993513727,26.497498521342102,13.696512494066162,4.201242257652639,0.007534648381173278,0.00852503048249395,0.2,0.3,1.0,1.000022824,1.5,1.8,1.4,1.0,1.000018777,499.7652912,461.7781149,71.85943664,56.83484736,15.02458928,0.143786369,0.113723078,0.030063291,2034.675218,586,1.0
CITY OF CHICAGO:WARD 46 PRECINCT 13,CITY OF CHICAGO:WARD 46 PRECINCT 13,CITY OF CHICAGO:Ward 46 Precinct 13,TRUE, ,, , ,,, ,,0.654059431,0.14684,0.11709939,0.068062709,0.019250271,0.000766551,0.3358,0.2027,0.7973,0.2277,0.3,0.0007,0.0284,0.4418,0.062040413,0.065145583,0.22371666,0.327088816,0.061485469,0.106428845,0.086350036,0.016378549,0.051365629,0.091829708,0.087468422,0.031157602,0.057102969,0.019857996,0.025921228,0.014668975,0.006793898,0.015481388,0.045801586,0.123344195,0.052151012,0.105148898,0.030112092,0.209744821,0.083415209,46013.0,0.252537377,0.232758621,232.0,0.150515464,485.0,0.760736196,978.0,35.7,72637,420.2190297,1.130121313,-0.667977541,0.844800331,1.420543305,0.653339754,0.681871852,0.68592545,0.482537965,0.653339754,complete,CITY OF CHICAGO,Ward 46 Precinct 13,1,0,0,,0,0,0,408,272,181,197,148,99,0.07698,17.933106883730183,49,0.48646,27.164842064233476,74,0.42686,26.33440460636207,72,0.00692,10.946651678090161,30,0.00074,5.071040979169286,14,0.00182,6.501224189686986,18,0.00022,3.0186664193716366,8,CITY OF CHICAGO:WARD 46 PRECINCT 13,CITY OF CHICAGO:WARD 46 PRECINCT 13,CITY OF CHICAGO:WARD 46 PRECINCT 13,1.2,38.80816518,11.12930875,11.12930875,11.12930875,11.12930875,2.772645546,11.12930875,2.772645546,15.501836405812481,23.449091856125712,23.193959625057214,10.426300458718574,4.499610364631565,5.796276377914754,2.6417111665964237,17.757577428503044,26.81516407439247,26.12861008640395,10.841907501223398,5.005587476322683,6.415516552303823,2.9928895517438416,13.235560792003891,24.938442173137446,26.497945886036593,13.691756250915024,4.2012992219799195,0.004972789818888823,0.005694864352945101,0.2,0.3,1.0,1.000011991,1.5,1.8,1.4,1.0,1.000012353,487.2903388,450.1134772,70.28934087,55.63978937,14.6495515,0.1442453,0.114182008,0.030063292,2350.276627,272,1.0
CITY OF CHICAGO:WARD 46 PRECINCT 14,CITY OF CHICAGO:WARD 46 PRECINCT 14,CITY OF CHICAGO:Ward 46 Precinct 14,TRUE, ,, , ,,, ,,0.563675589,0.149484795,0.199547075,0.076455683,0.013631798,0.000640233,0.4298,0.2977,0.7023,0.3865,0.3026,0.0,0.0288,0.282,0.064527588,0.036080565,0.236382432,0.289142561,0.126181695,0.137045765,0.062994681,0.026263919,0.021380795,0.056528189,0.115086558,0.013696665,0.031062916,0.014523265,0.136611341,0.002108695,0.011556567,0.013355047,0.0461438,0.103903019,0.061509378,0.077703445,0.050981615,0.137215941,0.128013559,46014.0,0.205406933,0.094594595,148.0,0.16,250.0,0.772893773,546.0,36.5,68565,248.7435133,0.92933741,-1.51607998,0.878088919,1.459220389,0.432516835,0.437641684,0.520606282,0.65410502,0.432516835,complete,CITY OF CHICAGO,Ward 46 Precinct 14,1,0,0,,0,0,0,255,170,113,188,141,94,0.07558,17.93905826309355,30,0.48894,27.1614919501167,46,0.4252,26.335893175176807,45,0.00744,10.918030453972937,19,0.0008,5.133181614145981,9,0.0018,6.474465005282207,11,0.00024,3.031630486805619,5,CITY OF CHICAGO:WARD 46 PRECINCT 14,CITY OF CHICAGO:WARD 46 PRECINCT 14,CITY OF CHICAGO:WARD 46 PRECINCT 14,1.2,48.40160649,8.936459495,8.936459495,8.936459495,8.936459495,3.458048017,8.936459495,3.458048017,15.5017570550136,23.448947499213933,23.193842244872723,10.432814213802564,4.499595418250395,5.798860961706876,2.6437616726614026,17.755195547319758,26.811294351995286,26.125164509256958,10.847881032934376,5.0049695693373195,6.41795436916832,2.994793290881195,13.23548144120501,24.938297816225667,26.4978285058521,13.698270005999014,4.20128427559875,0.00755737361101109,0.007745370417924069,0.2,0.3,1.0,1.000011892,1.5,1.8,1.4,1.0,1.000009492,214.8189662,198.6735534,30.59130843,24.13314326,6.458165161,0.142405063,0.112341772,0.030063291,2542.25187,170,1.0
CITY OF CHICAGO:WARD 46 PRECINCT 16,CITY OF CHICAGO:WARD 46 PRECINCT 16,CITY OF CHICAGO:Ward 46 Precinct 16,TRUE, ,, , ,,, ,,0.551756769,0.101140536,0.200308539,0.138017533,0.025879564,0.001797239,0.536,0.2589,0.7411,0.2724,0.4497,0.0436,0.0014,0.2261,0.037185925,0.011205884,0.082867838,0.303522775,0.168657264,0.073887564,0.154074407,0.075734876,0.092863429,0.047226989,0.013016482,0.004277733,0.002233541,0.077209069,0.00683607,0.064301508,0.037118841,0.041637671,0.185642327,0.040016785,0.070750747,0.058199912,0.045156984,0.084005867,0.22236944,46016.0,-0.149099755,0.331034483,290.0,0.369863014,365.0,0.802968961,741.0,44.7,67684,401.7935842,-0.580922851,-0.064723563,1.614660892,1.554899042,0.850536754,0.63097838,1.047273257,0.848401999,0.850536754,complete,CITY OF CHICAGO,Ward 46 Precinct 16,1,0,0,,0,0,0,986,657,438,135,102,68,0.08744,18.1733654478476,119,0.51524,27.233235150281555,179,0.38542,25.51895739637311,168,0.00866,11.35898470245905,75,0.00066,5.075246940852811,33,0.0023,6.530529997852604,43,0.00028,3.119565514803666,20,CITY OF CHICAGO:WARD 46 PRECINCT 16,CITY OF CHICAGO:WARD 46 PRECINCT 16,CITY OF CHICAGO:WARD 46 PRECINCT 16,1.2,31.02546607,12.90826224,12.90826224,12.90826224,12.90826224,2.216611374,12.90826224,2.216611374,15.501175022711573,23.263947062925133,22.24834463602033,10.676269589253161,4.3983160340013185,5.800310653080118,2.6468279337615646,17.98600600197188,26.963796290810805,25.354880919786595,11.25941640081419,4.946151287082085,6.434273139493922,3.012728630933718,13.234899408902983,24.753297379936868,25.55233089699971,13.941725381449611,4.1000048913496725,0.009007064984252472,0.010811631518085965,0.2,0.3,1.0,1.000027248,1.5,1.8,1.4,1.0,1.000009121,960.4714362,890.636884,148.155501,124.4914374,23.66406364,0.154252896,0.129614929,0.024637967,3125.040344,657,0.999999964
CITY OF CHICAGO:WARD 46 PRECINCT 19,CITY OF CHICAGO:WARD 46 PRECINCT 19,CITY OF CHICAGO:Ward 46 Precinct 19,TRUE, ,, , ,,, ,,0.431475888,0.119318094,0.306514016,0.129036389,0.027850273,0.001684754,0.3102,0.3233,0.6767,0.4139,0.2679,0.036,0.039,0.2348,0.088089717,0.098379678,0.186058085,0.19756608,0.146035501,0.175724724,0.078107199,0.018100308,0.011938708,0.095841893,0.072486125,0.049904449,0.039566537,0.026433507,0.048043093,0.017387674,0.014142947,0.037241563,0.0580786,0.139556391,0.098920899,0.055128964,0.025913016,0.11589352,0.105460824,46019.0,-0.040562001,0.348314607,178.0,0.20855615,374.0,0.757062147,708.0,40.8,64393,367.6173548,-0.118533107,0.041348298,1.048510084,1.408854997,0.711749387,0.595045068,0.80244239,0.86794259,0.711749387,complete,CITY OF CHICAGO,Ward 46 Precinct 19,1,0,0,,0,0,0,699,466,311,134,101,67,0.08008,17.99786896790837,84,0.49922,27.206685545716713,127,0.40964,25.970196037482317,121,0.00766,11.120758129387276,52,0.00098,5.075670368028379,24,0.0021,6.552428203756586,31,0.00032,3.0553965771344282,14,CITY OF CHICAGO:WARD 46 PRECINCT 19,CITY OF CHICAGO:WARD 46 PRECINCT 19,CITY OF CHICAGO:WARD 46 PRECINCT 19,1.2,36.40327737,11.6790131,11.6790131,11.6790131,11.6790131,2.600828573,11.6790131,2.600828573,15.501259934323507,23.35726675655911,22.726922563084322,10.561291642102615,4.449573851078512,5.803181009900716,2.6484883325807513,17.86514499569657,26.880824132774144,25.742386390276256,11.057575150726413,4.975327223223317,6.429374622379065,3.0066201558174486,13.234984320514917,24.846617073570844,26.0309088240637,13.826747434299065,4.151262708426866,0.011877421804851082,0.012472030337272878,0.2,0.3,1.0,1.000080349,1.5,1.8,1.4,1.0,1.000054181,131.3412183,117.6252064,24.93820399,20.98965477,3.948549224,0.189873402,0.159810112,0.030063291,2183.372932,466,1.0
CITY OF CHICAGO:WARD 46 PRECINCT 22,CITY OF CHICAGO:WARD 46 PRECINCT 22,CITY OF CHICAGO:Ward 46 Precinct 22,TRUE, ,, , ,,, ,,0.409362527,0.118307738,0.371541553,0.094522614,0.013836048,0.003061623,0.2592,0.0433,0.9567,0.2758,0.4609,0.0156,0.031,0.1974,0.103258455,0.064793748,0.213393323,0.167857527,0.146141694,0.096788815,0.099345987,0.045980522,0.062439929,0.201775963,0.108245198,0.070733223,0.056280304,0.053276292,0.012100219,0.000377198,0.030083698,0.072478376,0.092403442,0.08114738,0.101552451,0.05267001,0.014737842,0.039239774,0.012898629,46022.0,0.399190531,0.182481752,137.0,0.385214008,257.0,0.824620573,593.0,41.7,34004,315.3128646,1.754889302,-0.976595757,1.668539428,1.623779644,1.009018167,1.017653154,1.139195422,1.049147014,1.009018167,complete,CITY OF CHICAGO,Ward 46 Precinct 22,1,0,0,,0,0,0,618,412,275,138,104,69,0.08004,18.001412615422556,74,0.50468,27.216366808401798,112,0.40372,25.882239600161604,107,0.0081,11.230271332062298,46,0.00072,5.076842451659101,21,0.00246,6.537976935298598,27,0.00028,3.1230674433784364,13,CITY OF CHICAGO:WARD 46 PRECINCT 22,CITY OF CHICAGO:WARD 46 PRECINCT 22,CITY OF CHICAGO:WARD 46 PRECINCT 22,1.2,25.56089214,14.1573434,14.1573434,14.1573434,14.1573434,1.826195426,14.1573434,1.826195426,15.501586242449642,23.336360718037714,22.61699318241933,10.595263591070466,4.437810277781329,5.804265620539373,2.6480669137194184,17.890961284242902,26.896827046785106,25.650578565126484,11.110960626917597,4.968002563241209,6.432091540320757,3.0078310442591514,13.235310628641052,24.825711035049448,25.920979443398707,13.860719383266916,4.139499135129683,0.012962032443507285,0.012050611475940179,0.2,0.3,1.0,1.000058227,1.5,1.8,1.4,1.0,1.000030998,334.345354,309.572613,44.27880805,35.90772258,8.371085469,0.132434345,0.107397103,0.025037242,3115.633376,412,1.0
CITY OF CHICAGO:WARD 46 PRECINCT 23,CITY OF CHICAGO:WARD 46 PRECINCT 23,CITY OF CHICAGO:Ward 46 Precinct 23,TRUE, ,, , ,,, ,,0.417018258,0.124110684,0.238459171,0.211959888,0.026052651,0.00270143,0.362,0.3005,0.6995,0.3647,0.3188,0.0022,0.1229,0.182,0.071614346,0.056961671,0.196514866,0.199237689,0.123650962,0.195196243,0.090956782,0.034516818,0.031350623,0.062083385,0.113818881,0.037802164,0.098078328,0.032887119,0.028514709,0.016231207,0.025173919,0.03051708,0.066736141,0.12103643,0.120568105,0.061114181,0.035805171,0.090810361,0.05882282,46023.0,0.181529204,0.159574468,188.0,0.309904153,313.0,0.800362976,551.0,42.5,58225,252.3097286,0.827614124,-1.117209229,1.404218777,1.546608582,0.722968529,0.665308063,0.870750672,0.948341864,0.722968529,complete,CITY OF CHICAGO,Ward 46 Precinct 23,1,0,0,,0,0,0,575,383,255,145,109,73,0.08166,18.116018982437698,69,0.50926,27.267455532518913,104,0.39816,25.79653301956761,99,0.00804,11.273962246729713,43,0.00058,5.024107152895228,19,0.00208,6.523411373038133,25,0.00022,3.0457547684802586,12,CITY OF CHICAGO:WARD 46 PRECINCT 23,CITY OF CHICAGO:WARD 46 PRECINCT 23,CITY OF CHICAGO:WARD 46 PRECINCT 23,1.2,35.95017263,11.78258285,11.78258285,11.78258285,11.78258285,2.568456549,11.78258285,2.568456549,15.500475939771443,23.31523001385015,22.517206694124745,10.609042774601642,4.427089999827107,5.803131266052803,2.651249046497048,17.91709284175594,26.91583950868084,25.573221624173033,11.142844734144111,4.962751889067569,6.432723040934561,3.0127790321371544,13.234200325962853,24.804580330861885,25.821192955104124,13.874498566798092,4.128778857175461,0.011827677956937573,0.0152327442535696,0.2,0.3,1.0,1.000168813,1.5,1.8,1.4,1.0,1.000098028,302.7640509,278.4751391,57.24284396,43.94275838,13.30008558,0.189067506,0.145138626,0.04392888,1964.860658,383,1.0
CITY OF CHICAGO:WARD 47 PRECINCT 03,CITY OF CHICAGO:WARD 47 PRECINCT 03,CITY OF CHICAGO:Ward 47 Precinct 03,TRUE, ,, , ,,, ,,0.731094879,0.124165454,0.041005726,0.084543504,0.021216113,0.000378031,0.7011,0.2959,0.7041,0.4131,0.1987,0.0274,0.0027,0.3316,0.077021791,0.013870645,0.182865273,0.364550307,0.149957861,0.125052888,0.045796121,0.036759092,0.004126021,0.00719666,3.64e-10,5.95e-10,2.89e-10,0.020906423,0.033589168,0.028636697,0.0018421,0.005233934,0.114638103,0.106845827,0.166798189,0.109261749,0.130482326,0.142167362,0.132401462,47003.0,0.304662682,0.218604651,215.0,0.205333333,375.0,0.670454545,704.0,36.7,103275,285.5944042,1.352184195,-0.7548599,1.037198721,1.133328917,0.660464436,0.691962983,0.729511583,0.535229874,0.660464436,complete,CITY OF CHICAGO,Ward 47 Precinct 03,1,0,0,,0,0,0,641,427,285,202,152,101,0.078,17.89611500942862,76,0.48308,27.069716578219083,116,0.42918,26.325065303958674,112,0.00686,10.932537460372563,47,0.0007,5.146184709153363,22,0.0019,6.516375384969223,28,0.00028,3.076637106879431,13,CITY OF CHICAGO:WARD 47 PRECINCT 03,CITY OF CHICAGO:WARD 47 PRECINCT 03,CITY OF CHICAGO:WARD 47 PRECINCT 03,1.2,38.51090925,11.1972549,11.1972549,11.1972549,11.1972549,2.751408125,11.1972549,2.751408125,15.501680589262897,23.448808390852275,23.19372913241448,10.420095328439032,4.499581015291982,5.794452803554898,2.6410194377820266,17.759422602426753,26.818120819621882,26.131290359134717,10.836132449366195,5.0061342874203945,6.413823653968893,2.992328498954371,13.235404975454307,24.93815870786401,26.497715393393857,13.685551120635482,4.201269872640336,0.0031492154590326967,0.005003135538548152,0.2,0.3,1.0,1.000249092,1.5,1.8,1.4,1.0,1.000619793,288.5662744,272.0620456,34.91203412,23.52744768,11.38458644,0.120984457,0.081532216,0.039452242,1561.388587,0,0.434735475
CITY OF CHICAGO:WARD 47 PRECINCT 04,CITY OF CHICAGO:WARD 47 PRECINCT 04,CITY OF CHICAGO:Ward 47 Precinct 04,TRUE, ,, , ,,, ,,0.667433886,0.151569221,0.065387616,0.092218337,0.020887302,0.001364924,0.7329,0.4705,0.5295,0.4608,0.1663,0.0237,0.0,0.3366,0.048307231,0.018339263,0.185388646,0.271036741,0.182828043,0.158263561,0.048024755,0.058541172,0.029270585,0.011904387,2.49e-09,0.018314439,1.21e-09,0.013732708,0.032691704,0.038833711,0.012280898,0.021977326,0.070708798,0.096355255,0.098550733,0.089351758,0.152795249,0.177899373,0.164603656,47004.0,0.315362468,0.258333333,240.0,0.147679325,474.0,0.67251462,855.0,40.4,123684,346.8144325,1.397767147,-0.510990398,0.834846121,1.139882665,0.659084281,0.715376384,0.682978229,0.541831426,0.659084281,complete,CITY OF CHICAGO,Ward 47 Precinct 04,1,0,0,,0,0,0,867,578,385,194,146,97,0.07986,18.037907971795775,104,0.49416,27.158544951638632,157,0.41474,26.085392263108588,151,0.00822,11.087756682618496,64,0.00064,5.109644006194549,30,0.0021,6.431167848973559,37,0.00028,3.1007731647949357,18,CITY OF CHICAGO:WARD 47 PRECINCT 04,CITY OF CHICAGO:WARD 47 PRECINCT 04,CITY OF CHICAGO:WARD 47 PRECINCT 04,1.2,38.56841124,11.18411121,11.18411121,11.18411121,11.18411121,2.755516349,11.18411121,2.755516349,15.501608028079001,23.367455424438596,22.77650951595658,10.529670072422737,4.454894989042247,5.7953375524400474,2.6418831943198335,17.86031693874455,26.884505362340995,25.792552048151848,11.01881948941182,4.98018755274399,6.421193713430942,2.999677566069077,13.235332414270411,24.85680574145033,26.080495776935958,13.795125864619187,4.156583846390601,0.004033964344181814,0.0058668920763550484,0.2,0.3,1.0,1.000255043,1.5,1.8,1.4,1.0,1.000411194,451.3639926,419.6713905,71.56393994,52.13944185,19.42449808,0.158550396,0.115515289,0.043035108,1728.23374,578,0.999999973
CITY OF CHICAGO:WARD 48 PRECINCT 01,CITY OF CHICAGO:WARD 48 PRECINCT 01,CITY OF CHICAGO:Ward 48 Precinct 01,TRUE, ,, , ,,, ,,0.661027311,0.158000107,0.088808169,0.07044014,0.025884462,0.000934675,0.5865,0.5296,0.4704,0.3665,0.3035,0.0505,0.0054,0.2573,0.10626028,0.034698587,0.135801347,0.272316539,0.143684114,0.165724174,0.119292032,0.01400518,0.008217748,0.015713785,0.038312434,0.006355261,0.012074997,0.007626314,0.012307484,0.002470407,0.069796109,0.049314641,0.086106424,0.027783902,0.146437522,0.08890329,0.190050984,0.10284873,0.143897713,48001.0,-0.222361586,0.498007968,251.0,0.276752768,542.0,0.739726027,876.0,41.1,107227,334.9270484,-0.893031016,0.960222105,1.287864873,1.353703335,0.895279413,0.677189824,1.017414423,0.596236096,0.895279413,complete,CITY OF CHICAGO,Ward 48 Precinct 01,1,0,0,,0,0,0,840,560,373,134,101,67,0.08164,18.073739043560906,101,0.50138,27.19601329188296,152,0.40498,25.920170907133546,145,0.00896,11.151163049594237,62,0.00078,5.043275176122934,28,0.00186,6.52098982075591,37,0.0004,3.015834899995363,17,CITY OF CHICAGO:WARD 48 PRECINCT 01,CITY OF CHICAGO:WARD 48 PRECINCT 01,CITY OF CHICAGO:WARD 48 PRECINCT 01,1.2,29.40582243,13.27847708,13.27847708,13.27847708,13.27847708,2.100896093,13.27847708,2.100896093,15.501813928553629,23.351108040984105,22.69093803795334,10.553884715067339,4.445736521773899,5.795511419227847,2.641268123713608,17.88105314310146,26.89802563391634,25.722184312958426,11.05823483503564,4.974693653644419,6.422683088496403,3.000378003740513,13.235538314745039,24.84045835799584,25.99492429893272,13.819340507263789,4.147425379122254,0.0042078311319817315,0.005251821470129749,0.2,0.3,1.0,1.005338659,1.5,1.8,1.4,1.0,1.000740114,433.4562437,388.591458,102.1735099,76.78119163,25.3923183,0.235718164,0.177137122,0.058581042,2225.907351,560,1.0
CITY OF CHICAGO:WARD 48 PRECINCT 07,CITY OF CHICAGO:WARD 48 PRECINCT 07,CITY OF CHICAGO:Ward 48 Precinct 07,TRUE, ,, , ,,, ,,0.686641516,0.140686267,0.059995548,0.091558263,0.014118535,0.001303392,0.5362,0.4349,0.5651,0.3451,0.3902,0.0043,0.0262,0.2233,0.09422136,0.04297043,0.140172013,0.257687762,0.165110405,0.106758547,0.100310864,0.055689266,0.037079353,0.030965618,0.015579042,0.019227315,0.009625173,0.005920192,0.02944728,0.023887863,0.042392505,0.023081552,0.06579388,0.053746401,0.195509109,0.146635899,0.055702398,0.10528036,0.177205412,48007.0,0.286910855,0.434628975,283.0,0.301204819,415.0,0.690751445,692.0,41.6,98059,269.249251,1.276558319,0.571178154,1.373686072,1.197899753,1.11454335,1.104830574,1.168314449,0.383283689,1.11454335,complete,CITY OF CHICAGO,Ward 48 Precinct 07,1,0,0,,0,0,0,723,482,321,161,121,81,0.07992,18.06302409602984,87,0.50384,27.248275341976868,131,0.40486,25.899598913043043,125,0.00838,11.165317731811598,54,0.0006,5.079490970889484,24,0.00206,6.56939058732273,32,0.00034,3.091245739217121,15,CITY OF CHICAGO:WARD 48 PRECINCT 07,CITY OF CHICAGO:WARD 48 PRECINCT 07,CITY OF CHICAGO:WARD 48 PRECINCT 07,1.2,22.35268963,14.89066779,14.89066779,14.89066779,14.89066779,1.596985713,14.89066779,1.596985713,15.501614268703507,23.33880055588738,22.629302648668382,10.567253163709335,4.4391294496630955,5.795165942855347,2.641743581386119,17.89661594003371,26.908797842099098,25.67287451710246,11.082677943047036,4.9710649638200834,6.4233528077508435,3.0018686570399646,13.235338654894917,24.828150872899116,25.93328890964776,13.832708955905785,4.1408183070114495,0.0038623547594810806,0.005727279142640805,0.2,0.3,1.0,1.002242445,1.5,1.8,1.4,1.0,1.00094994,314.1051123,278.9273463,75.66168973,57.25082653,18.4108632,0.24088016,0.182266459,0.058613701,1605.586381,482,1.0
CITY OF CHICAGO:WARD 48 PRECINCT 21,CITY OF CHICAGO:WARD 48 PRECINCT 21,CITY OF CHICAGO:Ward 48 Precinct 21,TRUE, ,, , ,,, ,,0.364733985,0.132803925,0.31281453,0.188943297,0.029036808,0.000595829,0.2734,0.099,0.901,0.368,0.4353,0.0156,0.091,0.084,0.066983324,0.10089024,0.131368015,0.210661076,0.101768781,0.193834017,0.129381505,0.039585445,0.025527596,0.135768922,0.239984387,0.115334138,0.085577353,0.04018448,0.031426991,0.039858769,0.016732678,0.029163296,0.059130537,0.078337703,0.02879899,0.036446413,0.014426701,0.034007715,0.014820925,48021.0,0.399011289,0.192,250.0,0.358600583,343.0,0.790378007,582.0,45.7,20521,299.5620806,1.7541257,-0.918169193,1.575132293,1.514843249,0.963583671,0.981483012,1.082313528,0.997704572,0.963583671,complete,CITY OF CHICAGO,Ward 48 Precinct 21,1,0,0,,0,0,0,737,491,327,162,122,81,0.09982,18.526572531409318,91,0.55382,27.49979419433371,135,0.33054,24.503453942536808,120,0.01274,11.85559746733448,58,0.00074,4.939456288603894,24,0.002,6.574429094173112,32,0.00034,3.071766145137136,15,CITY OF CHICAGO:WARD 48 PRECINCT 21,CITY OF CHICAGO:WARD 48 PRECINCT 21,CITY OF CHICAGO:WARD 48 PRECINCT 21,1.2,27.04906865,13.81717905,13.81717905,13.81717905,13.81717905,1.932518051,13.81717905,1.932518051,15.500693548557475,23.01701941757207,20.984027564454095,11.011080102891208,4.262894375199674,5.804752886307867,2.651582382337629,18.300810155867048,27.168851486214876,24.295197353751675,11.831436631888112,4.864244745582155,6.458972295400616,3.037740002188727,13.234417934748885,24.506369734583803,24.288013825433474,14.276535895087658,3.9645832325480286,0.01344929821200146,0.015566080094150541,0.2,0.3,1.0,1.000315601,1.5,1.8,1.4,1.0,1.000138115,454.3331971,421.1422597,81.86084284,63.65583377,18.20500907,0.180177991,0.14010826,0.040069731,3762.619828,491,1.0
CITY OF CHICAGO:WARD 48 PRECINCT 25,CITY OF CHICAGO:WARD 48 PRECINCT 25,CITY OF CHICAGO:Ward 48 Precinct 25,TRUE, ,, , ,,, ,,0.691542659,0.118714084,0.08449691,0.095348151,0.022530404,0.00129684,0.4469,0.3575,0.6425,0.4162,0.3447,0.0491,0.0139,0.1473,0.057347736,0.067235842,0.275038723,0.155859867,0.209292321,0.052864343,0.127147666,0.034116912,0.02109659,0.01810897,0.016788917,0.015468861,1.71e-09,0.057283096,0.078348259,0.023547228,3.21e-09,0.131039015,0.080988369,0.118684399,0.148144017,0.022227182,0.015468861,0.107649835,0.166252987,48025.0,0.087031517,0.422018349,218.0,0.228235294,425.0,0.674351585,694.0,40.0,69912,285.8915888,0.425037512,0.493769418,1.117579453,1.145726629,0.864782447,0.795528253,0.929192687,0.412743007,0.864782447,complete,CITY OF CHICAGO,Ward 48 Precinct 25,1,0,0,,0,0,0,762,508,339,119,90,60,0.08004,18.0124283880898,92,0.49766,27.21185354448862,138,0.41206,26.079738083644667,132,0.00736,11.077498908090295,56,0.00076,5.033724275687518,26,0.00182,6.539945343405029,33,0.0003,3.024179403498218,15,CITY OF CHICAGO:WARD 48 PRECINCT 25,CITY OF CHICAGO:WARD 48 PRECINCT 25,CITY OF CHICAGO:WARD 48 PRECINCT 25,1.2,30.50341284,13.0275921,13.0275921,13.0275921,13.0275921,2.179313331,13.0275921,2.179313331,15.501578437466517,23.376956999689416,22.82553777677509,10.518500941056972,4.460144987022449,5.795964063112292,2.642417158504711,17.847726867712563,26.875581153705056,25.83161519063434,10.99882046419828,4.983089709731436,6.421013989380376,2.999405295531144,13.235302823657927,24.86630731670115,26.129524037754468,13.783956733253422,4.161833844370803,0.004660475016426941,0.006400856261232785,0.2,0.3,1.0,1.021779331,1.5,1.8,1.4,1.0,1.000969012,301.2435699,279.2192636,50.65590452,34.50474659,16.15115793,0.168155969,0.114541023,0.053614947,1375.99997,508,1.0
CITY OF CHICAGO:WARD 48 PRECINCT 28,CITY OF CHICAGO:WARD 48 PRECINCT 28,CITY OF CHICAGO:Ward 48 Precinct 28,TRUE, ,, , ,,, ,,0.605953354,0.194380082,0.0966877,0.091581316,0.021263417,0.00038292,0.6136,0.4741,0.5259,0.4184,0.2853,0.0313,0.0148,0.247,0.062323363,0.039151743,0.184195469,0.271056201,0.158818646,0.12734517,0.103000668,0.033730133,0.020378607,0.005984441,5.35e-10,0.022940357,0.008322788,0.037152512,1.08e-09,5.54e-11,0.018114777,0.010607315,0.026619643,0.05142655,0.223456818,0.193931962,0.110373124,0.127349668,0.163720042,48028.0,0.288988266,-0.068376068,234.0,0.193650794,315.0,0.874782609,575.0,38.7,112295,232.9927293,1.285408451,-2.516454831,0.996195637,1.783360891,0.358206256,0.387127537,0.480019876,0.634031683,0.358206256,complete,CITY OF CHICAGO,Ward 48 Precinct 28,1,0,0,,0,0,0,509,339,226,159,120,80,0.07722,17.947740546520695,61,0.49354,27.217156161625994,92,0.41892,26.200535110993055,89,0.00702,11.016068632414408,37,0.00098,5.0400736656928835,17,0.00214,6.511448598287001,22,0.00018,3.0197441177915687,10,CITY OF CHICAGO:WARD 48 PRECINCT 28,CITY OF CHICAGO:WARD 48 PRECINCT 28,CITY OF CHICAGO:WARD 48 PRECINCT 28,1.2,51.70690196,8.180941798,8.180941798,8.180941798,8.180941798,3.694194527,8.180941798,3.694194527,15.501614050750495,23.408076861697374,22.98507456496023,10.478328489035226,4.477232302836812,5.796230090574858,2.6424721472623256,17.808494952343526,26.84921901787272,25.960522422627193,10.930446973939214,4.992873704773158,6.418757665945796,2.996937933391612,13.235338436941905,24.89742717870911,26.289060825939607,13.743784281231676,4.178921160185166,0.004926502478993101,0.006455845018847078,0.2,0.3,1.0,1.004636212,1.5,1.8,1.4,1.0,1.001353568,274.5621694,245.7362082,65.62506068,49.47434477,16.15071592,0.239017126,0.180193596,0.05882353,1187.157943,339,1.0
CITY OF CHICAGO:WARD 48 PRECINCT 30,CITY OF CHICAGO:WARD 48 PRECINCT 30,CITY OF CHICAGO:Ward 48 Precinct 30,TRUE, ,, , ,,, ,,0.756118092,0.099253241,0.054272242,0.074274914,0.010773761,7.41e-11,0.376,0.4469,0.5531,0.4209,0.3799,0.0,0.0356,0.1359,0.094899894,0.031285214,0.247995042,0.157513566,0.071467048,0.107618111,0.231437132,0.024563604,0.03322039,0.028868639,0.070227941,9.24e-10,8.56e-10,2.33e-09,0.045246608,0.016123092,0.133286409,0.116908445,0.089935771,0.04284089,0.140408198,0.092596366,0.053659221,0.059840431,0.110057984,48030.0,-0.041161349,0.324561404,228.0,0.083900227,441.0,0.667721519,632.0,43.6,59934,243.3941904,-0.121086434,-0.104457742,0.610995834,1.1246343,0.450729716,0.37752149,0.497424585,0.083004897,0.450729716,complete,CITY OF CHICAGO,Ward 48 Precinct 30,1,0,0,,0,0,0,770,513,342,122,92,61,0.08324,18.149044377259372,93,0.51472,27.25880851794953,140,0.39024,25.67556364763798,132,0.00874,11.236098554644355,58,0.0007,5.021109166079958,26,0.00206,6.528008476380956,33,0.0003,3.0656572672091196,16,CITY OF CHICAGO:WARD 48 PRECINCT 30,CITY OF CHICAGO:WARD 48 PRECINCT 30,CITY OF CHICAGO:WARD 48 PRECINCT 30,1.2,47.59249377,9.121404831,9.121404831,9.121404831,9.121404831,3.400241038,9.121404831,3.400241038,15.50177767294502,23.29132078879572,22.384184200832806,10.630281300644898,4.4128823701198225,5.794599237997877,2.6407735089977873,17.957561183369815,26.949734614481308,25.472741231252453,11.189962788965955,4.955765968598811,6.426687201233307,3.0047996829915657,13.23550205913643,24.780671105807453,25.688170461812184,13.895737092841348,4.1145712274681765,0.0032956499020115495,0.004757206754308943,0.2,0.3,1.0,1.011357243,1.5,1.8,1.4,1.0,1.000901793,301.613181,279.5618517,50.71805739,34.54708279,16.1709746,0.168155971,0.114541025,0.053614947,1179.110627,513,1.0
CITY OF CHICAGO:WARD 48 PRECINCT 31,CITY OF CHICAGO:WARD 48 PRECINCT 31,CITY OF CHICAGO:Ward 48 Precinct 31,TRUE, ,, , ,,, ,,0.629137565,0.155579539,0.103789664,0.095104353,0.031600481,0.000454296,0.481,0.521,0.479,0.3258,0.3583,0.0066,0.0262,0.268,0.109232203,0.038991888,0.160433286,0.276603945,0.165434133,0.135103784,0.089168813,0.015602293,0.009429656,0.00631461,3.21e-09,0.033460806,0.02541726,0.016337876,0.011802365,3.59e-09,0.070764024,2.85e-09,0.062553293,0.070646995,0.192729657,0.141218753,0.110597954,0.14764203,0.110514367,48031.0,0.130147696,0.009174312,218.0,0.205633803,355.0,0.776377953,635.0,38.5,101766,240.1251598,0.608719947,-2.040421609,1.038253303,1.470304664,0.312167412,0.269214076,0.465975257,0.51934322,0.312167412,complete,CITY OF CHICAGO,Ward 48 Precinct 31,1,0,0,,0,0,0,591,394,263,166,125,83,0.07916,17.991049216961713,71,0.49374,27.196614798898267,107,0.41792,26.162389491217862,103,0.00638,11.021510151386929,43,0.00082,5.100286350343504,20,0.00178,6.490954138474536,26,0.0002,3.08202788051329,12,CITY OF CHICAGO:WARD 48 PRECINCT 31,CITY OF CHICAGO:WARD 48 PRECINCT 31,CITY OF CHICAGO:WARD 48 PRECINCT 31,1.2,53.74600242,7.714848371,7.714848371,7.714848371,7.714848371,3.83987786,7.714848371,3.83987786,15.501580742438039,23.412793970009627,23.00956130988483,10.472532527749609,4.4798538147486315,5.796517657812563,2.6427875548253676,17.802269609447055,26.84483532717605,25.980022310523886,10.920288633704443,4.994332603793101,6.418648039238757,2.996856147009911,13.235305128629449,24.90214428702136,26.31354757086421,13.737988319946059,4.1815426720969855,0.005214069716697693,0.0067712525818894075,0.2,0.3,1.0,1.00289843,1.5,1.8,1.4,1.0,1.000659055,275.8660018,246.903153,65.93669832,49.70928663,16.22741169,0.239017124,0.180193595,0.058823529,1248.803596,394,1.0
CITY OF CHICAGO:WARD 48 PRECINCT 34,CITY OF CHICAGO:WARD 48 PRECINCT 34,CITY OF CHICAGO:Ward 48 Precinct 34,TRUE, ,, , ,,, ,,0.641613194,0.192483961,0.08890926,0.065994503,0.012832265,1.6e-10,0.5774,0.5315,0.4685,0.6767,0.1772,0.0109,0.042,0.0814,0.092419523,0.043613709,0.125649019,0.389408083,0.092938739,0.099688476,0.132398751,0.010903429,0.012980271,3.21e-09,0.040682415,2.52e-09,0.023622048,0.015748032,0.013123362,0.032808399,0.014435696,4.13e-09,0.05511811,0.08136483,0.018372712,0.297900243,0.073490811,0.124671913,0.208661418,48034.0,0.162779445,0.401960784,204.0,0.182432432,296.0,0.780991736,484.0,37.0,117181,187.8206696,0.747736883,0.370648586,0.95682171,1.484982562,0.910955918,0.890047435,0.924310773,0.324333942,0.910955918,complete,CITY OF CHICAGO,Ward 48 Precinct 34,1,0,0,,0,0,0,570,380,253,156,117,78,0.07652,17.9518493266276,68,0.4819,27.088185006769233,103,0.43138,26.420165616310285,100,0.00742,10.943473335061372,42,0.00062,5.065253040381874,19,0.00204,6.4768126735871405,25,0.00012,3.040905711187218,12,CITY OF CHICAGO:WARD 48 PRECINCT 34,CITY OF CHICAGO:WARD 48 PRECINCT 34,CITY OF CHICAGO:WARD 48 PRECINCT 34,1.2,28.85240016,13.40497721,13.40497721,13.40497721,13.40497721,2.061356893,13.40497721,2.061356893,15.501855959524711,23.449127428716682,23.193988550012996,10.424066908599137,4.499614047735459,5.795411255341012,2.6410497905397765,17.75838020077378,26.816466940491736,26.12977172363015,10.839856167762283,5.005797979309124,6.414701456484506,2.992278202441619,13.235580345716121,24.938477745728417,26.497974810992375,13.689522700795587,4.201302905083813,0.0041076672451461245,0.005033488296298253,0.2,0.3,1.0,1.025538087,1.5,1.8,1.4,1.0,1.00191008,306.4543816,284.0491061,51.53213351,35.10159815,16.43053536,0.168155969,0.114541022,0.053614947,1925.999912,380,1.0
CITY OF CHICAGO:WARD 48 PRECINCT 35,CITY OF CHICAGO:WARD 48 PRECINCT 35,CITY OF CHICAGO:Ward 48 Precinct 35,TRUE, ,, , ,,, ,,0.644500099,0.156435465,0.081521572,0.101358034,0.025378525,0.001747784,0.6622,0.5497,0.4503,0.4047,0.2159,0.0792,0.0358,0.2521,0.120447027,0.036046022,0.135050859,0.23414911,0.132023875,0.206259979,0.079083747,0.0249251,0.032014281,0.020920235,3.32e-09,6.67e-10,0.022311843,0.023152552,2.05e-09,1.56e-09,0.00750894,0.00625745,0.037152176,0.038300969,0.153521529,0.096149719,0.076228582,0.111914299,0.406581699,48035.0,0.480195117,0.111111111,126.0,0.03777336,503.0,0.615384615,780.0,43.3,158263,282.6225581,2.099982953,-1.414695431,0.449100906,0.958134112,0.35804243,0.523130635,0.343236485,0.703563083,0.35804243,complete,CITY OF CHICAGO,Ward 48 Precinct 35,1,0,0,,0,0,0,953,635,423,154,116,77,0.08548,18.100956542988712,115,0.5096,27.267762282999286,173,0.39338,25.68859756743246,163,0.0087,11.248398661576028,71,0.00064,5.054499713628727,32,0.00202,6.562197991192531,42,0.00018,3.075047282635477,20,CITY OF CHICAGO:WARD 48 PRECINCT 35,CITY OF CHICAGO:WARD 48 PRECINCT 35,CITY OF CHICAGO:WARD 48 PRECINCT 35,1.2,51.71417851,8.179278538,8.179278538,8.179278538,8.179278538,3.6947144,8.179278538,3.6947144,15.50152161743857,23.29802152177516,22.42060945375538,10.622738045948308,4.416775818654385,5.796017184657056,2.6426560377135813,17.9473024968514,26.94177517038743,25.501295743683286,11.175515907195,4.957853154176856,6.4274665673921785,3.006043631207052,13.23524600362998,24.787371838786893,25.724595714734757,13.888193838144758,4.1184646760027395,0.004713596561190319,0.006639735470102721,0.2,0.3,1.0,1.010435087,1.5,1.8,1.4,1.0,1.001655113,525.6416396,480.0665093,104.2720646,74.92240367,29.34966089,0.198371013,0.142535138,0.055835875,1830.164575,635,1.0
CITY OF CHICAGO:WARD 49 PRECINCT 02,CITY OF CHICAGO:WARD 49 PRECINCT 02,CITY OF CHICAGO:Ward 49 Precinct 02,TRUE, ,, , ,,, ,,0.509879982,0.123193231,0.2996313,0.063365632,0.028604525,0.001669104,0.4251,0.3625,0.6375,0.5174,0.2491,0.0105,0.0137,0.1966,0.059408297,0.048631021,0.13744029,0.176816427,0.122008391,0.213320607,0.076193514,0.108430638,0.057750774,0.030943097,0.022021916,0.046711282,0.024013021,0.105615043,0.00111581,0.030372574,0.0150005,0.046006395,0.074592499,0.102303117,0.173561536,0.098994301,0.069606854,0.080416286,0.078725728,49002.0,0.217901146,0.436619718,142.0,0.105413105,351.0,0.798192771,664.0,50.2,75188,300.4536344,0.982564934,0.583398079,0.686501196,1.539704476,0.918435798,0.948042171,0.866127603,0.613481345,0.918435798,complete,CITY OF CHICAGO,Ward 49 Precinct 02,1,0,0,,0,0,0,798,532,355,140,105,70,0.097,18.521534784599602,99,0.55644,27.565760110500992,147,0.33192,24.473888357197936,130,0.01178,11.956477116209694,64,0.00082,4.977689613480959,26,0.00178,6.545301547449752,35,0.00026,3.0668243774633495,16,CITY OF CHICAGO:WARD 49 PRECINCT 02,CITY OF CHICAGO:WARD 49 PRECINCT 02,CITY OF CHICAGO:WARD 49 PRECINCT 02,1.5,28.5909495,13.46473907,13.46473907,13.46473907,13.46473907,2.042677577,13.46473907,2.042677577,15.501880814005851,23.01917931987941,20.98578383457785,11.011030180129923,4.263118006495024,5.801458593344705,2.645097069332655,18.30304513060255,27.17266918017401,24.298265699694756,11.831832642123432,4.864412087035317,6.455725622258427,3.031302309004726,13.235605200197261,24.508529636891144,24.289770095557227,14.276485972326373,3.964806863843378,0.010155005248839355,0.009080767089176696,0.2,0.3,1.0,2.033115494,1.5,1.8,1.4,1.0,1.001493365,330.8441175,311.1074743,42.94726713,31.26148793,11.68577919,0.129811186,0.094490082,0.035321103,3166.772518,532,0.999999961
CITY OF CHICAGO:WARD 49 PRECINCT 03,CITY OF CHICAGO:WARD 49 PRECINCT 03,CITY OF CHICAGO:Ward 49 Precinct 03,TRUE, ,, , ,,, ,,0.476728993,0.162883737,0.310970206,0.063846038,0.01457074,0.002568709,0.4627,0.3632,0.6368,0.4345,0.3277,0.0641,0.0113,0.1624,0.048118292,0.038204195,0.125577197,0.14942784,0.076821527,0.203955857,0.159802489,0.112187626,0.085904968,0.004578753,0.07579737,0.020695851,0.13057108,0.018593307,0.039697234,0.016567254,0.051712957,0.048670288,0.10720374,0.086377072,0.119196454,0.06602583,0.052464302,0.068224619,0.093623882,49003.0,0.36246187,0.300411523,243.0,0.188405797,483.0,0.759116022,905.0,54.5,58686,395.255523,1.598418807,-0.252698739,0.977786877,1.415389021,0.872660799,0.934723991,0.881273376,0.900925308,0.872660799,complete,CITY OF CHICAGO,Ward 49 Precinct 03,1,0,0,,0,0,0,1139,759,506,149,112,75,0.097,18.45340356780149,140,0.55306,27.483816060561573,209,0.33508,24.530488434667213,186,0.0117,11.97022506950197,91,0.00082,5.011785527183224,38,0.00192,6.608280975694439,50,0.00042,3.076911716153194,23,CITY OF CHICAGO:WARD 49 PRECINCT 03,CITY OF CHICAGO:WARD 49 PRECINCT 03,CITY OF CHICAGO:WARD 49 PRECINCT 03,1.331691232,30.21724061,13.09300476,13.09300476,13.09300476,13.09300476,2.158867785,13.09300476,2.158867785,15.50187627204017,23.019171057024487,20.98577711584562,11.011931385680784,4.263117150978113,5.801798420294528,2.6453456737436802,18.30271418419269,27.172141817941863,24.2978259546446,11.832666781312986,4.864329343552601,6.456044562520473,3.0315300267279737,13.23560065823158,24.50852137403622,24.289763376825,14.277387177877234,3.9648060083264673,0.010494832198662133,0.009329371500201813,0.2,0.3,1.0,1.495947163,1.5,1.8,1.4,1.0,1.001368314,475.3112545,448.8217734,58.97658047,44.48233602,14.49424445,0.124079916,0.093585699,0.030494217,2606.220653,759,0.999999992
CITY OF CHICAGO:WARD 49 PRECINCT 08,CITY OF CHICAGO:WARD 49 PRECINCT 08,CITY OF CHICAGO:Ward 49 Precinct 08,TRUE, ,, , ,,, ,,0.447309086,0.278283138,0.179956168,0.083872854,0.035819997,0.003645006,0.432,0.3485,0.6515,0.3457,0.3028,0.0661,0.0582,0.2092,0.122110578,0.085004715,0.188592523,0.18961683,0.187335545,0.112512545,0.072392928,0.031801367,0.010632969,0.047755731,0.063931415,0.052652497,0.03365627,0.035617255,0.036187417,0.05659668,0.030413861,0.052849712,0.071178315,0.125689549,0.125810375,0.089471941,0.039776967,0.05158533,0.086826685,49008.0,0.358688541,0.303797468,158.0,0.367601246,642.0,0.817658349,1042.0,40.5,62287,435.3754445,1.582343768,-0.231914543,1.606722595,1.601630615,1.142133492,1.139695609,1.235538889,1.095741887,1.142133492,complete,CITY OF CHICAGO,Ward 49 Precinct 08,1,0,0,,0,0,0,978,652,435,161,121,81,0.07872,18.02573798001567,118,0.5009,27.205677514800296,177,0.40932,25.9978181875409,170,0.00792,11.151489473741597,73,0.00068,5.035323553770364,33,0.00214,6.585778267796799,43,0.00032,3.009864015136981,20,CITY OF CHICAGO:WARD 49 PRECINCT 08,CITY OF CHICAGO:WARD 49 PRECINCT 08,CITY OF CHICAGO:WARD 49 PRECINCT 08,1.2,21.57089776,15.06936818,15.06936818,15.06936818,15.06936818,1.54113067,15.06936818,1.54113067,15.501686929877469,23.365210112713875,22.764358223723253,10.542048577936674,4.453595957946085,5.798465074722183,2.6437408964279348,17.860280604911324,26.88161257500257,25.77823754445061,11.032694436732276,4.978588082739211,6.424312697296553,3.001526729760654,13.235411316068879,24.85456042972561,26.06834448470263,13.807504370133124,4.155284815294439,0.007161486626317713,0.007724594184456258,0.2,0.3,1.0,1.061157724,1.5,1.8,1.4,1.0,1.002127207,492.1447306,461.6965716,64.49685546,40.90484113,23.59201433,0.131052618,0.083115471,0.047937147,3632.161615,652,1.0
CITY OF CHICAGO:WARD 49 PRECINCT 09,CITY OF CHICAGO:WARD 49 PRECINCT 09,CITY OF CHICAGO:Ward 49 Precinct 09,TRUE, ,, , ,,, ,,0.360912359,0.321301878,0.232088829,0.075808071,0.037403019,0.002381731,0.2933,0.2226,0.7774,0.4352,0.3239,0.0195,0.0391,0.1347,0.158788475,0.112936485,0.147843562,0.205275308,0.174202592,0.092427781,0.080139389,0.027192622,0.001193786,0.050933719,0.040956051,0.02701408,0.031768385,0.057186734,0.063971475,0.045968894,0.060982928,0.047437412,0.115699879,0.097749296,0.133229022,0.085158805,0.049352935,0.034456902,0.058133484,49009.0,0.471287647,0.346341463,205.0,0.406504065,492.0,0.829834254,905.0,39.0,56377,404.7654303,2.062035578,0.029236402,1.743262739,1.640366007,1.336847898,1.368725182,1.411755409,0.970119003,1.336847898,complete,CITY OF CHICAGO,Ward 49 Precinct 09,1,0,0,,0,0,0,894,596,397,192,144,96,0.07876,18.001409151928986,107,0.4924,27.135293930734743,162,0.4186,26.141271702816084,156,0.0077,11.002278513214184,66,0.0006,5.104550584313496,30,0.00174,6.502230970307554,39,0.0002,3.1021249835684452,18,CITY OF CHICAGO:WARD 49 PRECINCT 09,CITY OF CHICAGO:WARD 49 PRECINCT 09,CITY OF CHICAGO:WARD 49 PRECINCT 09,1.208209701,16.70030265,16.18267888,16.18267888,16.18267888,16.18267888,1.193151481,16.18267888,1.193151481,15.501763177816974,23.401181601887796,22.94849113744852,10.49876377982746,4.47331871344363,5.79978924712417,2.6443747168414506,17.813972659522385,26.849571027425128,25.925698838527097,10.956557863236133,4.989614766112398,6.422656917797212,2.999180598272843,13.235487564008384,24.89053191889953,26.2524773984279,13.76421957202391,4.175007570791984,0.008485659028304095,0.008358414597972114,0.2,0.3,1.0,1.178293066,1.5,1.8,1.4,1.0,1.004093175,621.0448544,579.1458045,80.9491157,49.08037446,31.86874124,0.130343429,0.079028711,0.051314717,4034.25927,596,1.0
CITY OF CHICAGO:WARD 49 PRECINCT 10,CITY OF CHICAGO:WARD 49 PRECINCT 10,CITY OF CHICAGO:Ward 49 Precinct 10,TRUE, ,, , ,,, ,,0.354837097,0.309683352,0.262230276,0.067017506,0.048998773,0.001745009,0.344,0.483,0.517,0.5695,0.0913,0.0157,0.0421,0.2695,0.127852535,0.118097896,0.148873194,0.165636331,0.144238893,0.120108071,0.105416022,0.069443875,0.000333183,0.033922193,0.012969253,0.01722617,0.029668657,0.054717713,0.117581476,0.02831692,0.068742337,0.035834339,0.084884093,0.094956354,0.168840138,0.059241752,0.0494675,0.045775855,0.09785525,49010.0,0.491310638,0.452054795,219.0,0.121661721,337.0,0.736334405,622.0,43.2,62549,277.2732353,2.147337009,0.678144351,0.743530184,1.342913516,1.087600583,1.227981265,0.990710366,0.844291141,1.087600583,complete,CITY OF CHICAGO,Ward 49 Precinct 10,1,0,0,,0,0,0,726,484,323,172,129,86,0.08198,18.12414480588552,88,0.5094,27.218094451391995,132,0.39722,25.698267808836416,124,0.0083,11.262616126449233,55,0.00068,5.037998168890335,24,0.00206,6.535546579023483,32,0.00036,3.105708650309496,15,CITY OF CHICAGO:WARD 49 PRECINCT 10,CITY OF CHICAGO:WARD 49 PRECINCT 10,CITY OF CHICAGO:WARD 49 PRECINCT 10,1.232637715,23.13884272,14.71097052,14.71097052,14.71097052,14.71097052,1.653152343,14.71097052,1.653152343,15.501846287612787,23.301001021491427,22.433357732449814,10.634268459688322,4.4181508658791575,5.800459118716591,2.644536588961129,17.939750661642755,26.932554098445593,25.504990004607208,11.183824465757128,4.957322066777996,6.431397846329821,3.007413527332708,13.235570673804197,24.79035133850316,25.737343993429192,13.899724251884772,4.1198397232275115,0.009155530620725511,0.008520286717650719,0.2,0.3,1.0,1.218287718,1.5,1.8,1.4,1.0,1.00821719,504.4294818,488.7926535,55.75593317,39.12139041,16.63454276,0.110532662,0.077555718,0.032976944,2316.066795,484,1.0
CITY OF CHICAGO:WARD 49 PRECINCT 11,CITY OF CHICAGO:WARD 49 PRECINCT 11,CITY OF CHICAGO:Ward 49 Precinct 11,TRUE, ,, , ,,, ,,0.313048503,0.262384607,0.325841673,0.089591897,0.030076546,0.002177413,0.2601,0.4533,0.5467,0.6307,0.1698,0.0146,0.0551,0.1169,0.135191698,0.126839496,0.142315389,0.140610535,0.169985654,0.136469792,0.089210716,0.037488399,0.021888322,0.045138839,0.018825562,0.053444345,0.031961057,0.022826888,0.040029833,0.074028608,0.046405178,0.032434569,0.073044332,0.101776848,0.147954694,0.067190675,0.114843909,0.055326218,0.074768443,49011.0,0.422433108,0.441048035,229.0,0.147632312,359.0,0.778097983,694.0,43.9,69117,321.5537412,1.85390673,0.610580744,0.834681116,1.475776622,1.091813742,1.193736303,1.020002704,0.799622046,1.091813742,complete,CITY OF CHICAGO,Ward 49 Precinct 11,1,0,0,,0,0,0,720,480,320,138,104,69,0.08506,18.209486172751603,87,0.5091,27.183565536107807,130,0.3936,25.634306143358575,123,0.00944,11.311234123122338,54,0.00066,4.977342728266884,24,0.00188,6.5450099358183245,31,0.00026,3.043218350544052,15,CITY OF CHICAGO:WARD 49 PRECINCT 11,CITY OF CHICAGO:WARD 49 PRECINCT 11,CITY OF CHICAGO:WARD 49 PRECINCT 11,1.5,23.01442271,14.73941019,14.73941019,14.73941019,14.73941019,1.644263168,14.73941019,1.644263168,15.501632859576418,23.283890785365987,22.347165960023865,10.661337013943319,4.408913414607511,5.802826552800256,2.6469165327289317,17.958888874787306,26.943246145093767,25.431625196545784,11.22599707794688,4.951444706690761,6.435011239570839,3.0110394302578634,13.235357245767828,24.77324110237772,25.651152221003244,13.926792806139769,4.110602271955866,0.01152296470438998,0.01090023048545309,0.2,0.3,1.0,1.631871465,1.5,1.8,1.4,1.0,1.017510099,466.0240678,452.3043753,35.8200504,24.45079022,11.36926018,0.076863091,0.052466797,0.024396294,3337.576457,480,1.0
CITY OF CHICAGO:WARD 49 PRECINCT 12,CITY OF CHICAGO:WARD 49 PRECINCT 12,CITY OF CHICAGO:Ward 49 Precinct 12,TRUE, ,, , ,,, ,,0.247475877,0.265864487,0.388515848,0.097201073,0.027612441,0.002226784,0.184,0.2808,0.7192,0.7202,0.1287,0.0031,0.0619,0.0754,0.1503474,0.083378734,0.206049574,0.091142525,0.152716374,0.130025475,0.129062076,0.049822791,0.007455051,0.076060067,0.025876715,0.089867126,0.052858704,0.045034962,0.040154032,0.071889275,0.08222919,0.06014408,0.05577861,0.11600633,0.176788598,0.012375138,0.046796711,0.033407701,0.01473276,49012.0,0.63011176,0.345454545,220.0,0.296551724,290.0,0.810897436,624.0,44.6,46333,323.0396642,2.738653973,0.023792168,1.357354755,1.58012202,1.286850807,1.424980729,1.273325612,0.806309068,1.286850807,complete,CITY OF CHICAGO,Ward 49 Precinct 12,1,0,0,,0,0,0,650,433,289,112,84,56,0.08518,18.15260797880825,79,0.51568,27.249191200330415,118,0.3871,25.525205799807992,111,0.009,11.359875850946782,49,0.00068,5.04454186343472,22,0.00214,6.57203208620025,28,0.00022,3.044303634668129,13,CITY OF CHICAGO:WARD 49 PRECINCT 12,CITY OF CHICAGO:WARD 49 PRECINCT 12,CITY OF CHICAGO:WARD 49 PRECINCT 12,1.8,17.84608022,15.92077938,15.92077938,15.92077938,15.92077938,1.275011447,15.92077938,1.275011447,15.501560919142145,23.267037946942658,22.26118348405203,10.688450209932693,4.3997026136993345,5.804819776048876,2.6485361811427475,17.97831303837328,26.954384147204635,25.358478818095605,11.268332153204161,4.9455746609737385,6.438257618594786,3.013912234447007,13.235285305333555,24.756388263954392,25.565169745031408,13.953906002129143,4.101391471047688,0.013516187953010543,0.012519878899268951,0.2,0.3,1.0,2.401659801,1.5,1.8,1.4,1.0,1.020650278,622.1519721,603.2556245,45.44450848,29.80546556,15.63904291,0.073044064,0.04790705,0.025137014,4397.823751,433,1.0
CITY OF CHICAGO:WARD 49 PRECINCT 13,CITY OF CHICAGO:WARD 49 PRECINCT 13,CITY OF CHICAGO:Ward 49 Precinct 13,TRUE, ,, , ,,, ,,0.306333203,0.296968784,0.330231122,0.063250637,0.030350173,0.00553434,0.2559,0.2688,0.7312,0.5447,0.2695,0.0172,0.0455,0.1168,0.15013346,0.162728797,0.160057732,0.144449021,0.168972408,0.098381105,0.081266357,0.026888971,0.007122149,0.051556524,0.010135053,0.025147957,0.028139966,0.048973744,0.091304089,0.119666495,0.061903882,0.013418181,0.053448688,0.142741239,0.148766795,0.038101327,0.07830237,0.044636786,0.043756904,49013.0,0.474698468,0.278688525,244.0,0.234866828,413.0,0.799227799,777.0,41.2,59309,377.7216313,2.07656627,-0.386042621,1.140854645,1.542997226,1.000022718,1.09359388,1.009474871,0.927055238,1.000022718,complete,CITY OF CHICAGO,Ward 49 Precinct 13,1,0,0,,0,0,0,948,632,421,142,107,71,0.07968,18.05221134224813,114,0.50218,27.235739305380278,172,0.40612,25.947674303741806,164,0.00876,11.147224724605573,70,0.00072,5.045397853505232,32,0.0023,6.504620846608514,41,0.00024,3.0865379218128255,20,CITY OF CHICAGO:WARD 49 PRECINCT 13,CITY OF CHICAGO:WARD 49 PRECINCT 13,CITY OF CHICAGO:WARD 49 PRECINCT 13,1.5,25.85043794,14.09115961,14.09115961,14.09115961,14.09115961,1.846881997,14.09115961,1.846881997,15.501881901218217,23.34884284671205,22.678770578727754,10.576379160212712,4.444435432084717,5.802342938422625,2.6456980125176375,17.877492044313346,26.88944627401498,25.702851315370868,11.081451422004546,4.972157211892172,6.429280559221963,3.004573844075324,13.235606287409627,24.838193163723783,25.982756839707132,13.841834952409162,4.146124289433071,0.011039350326759683,0.009681710274159185,0.2,0.3,1.0,1.802198744,1.5,1.8,1.4,1.0,1.007594169,928.7487984,893.6989461,92.32215432,59.65231452,32.6698398,0.099404871,0.064228686,0.035176185,5963.172894,632,1.0
CITY OF CHICAGO:WARD 49 PRECINCT 14,CITY OF CHICAGO:WARD 49 PRECINCT 14,CITY OF CHICAGO:Ward 49 Precinct 14,TRUE, ,, , ,,, ,,0.397826038,0.230883268,0.312549257,0.060397013,0.02581176,0.003683935,0.3742,0.2952,0.7048,0.5563,0.259,0.0087,0.0138,0.1569,0.086887719,0.075270329,0.196010453,0.137551171,0.142457764,0.163773075,0.095708628,0.061834356,0.040506505,0.052228539,0.075911381,0.01945812,0.048660862,0.068142515,0.021766429,0.035746655,0.0460893,0.052017671,0.053447131,0.10299111,0.202520393,0.072014409,0.037444328,0.04419114,0.067370016,49014.0,0.469932356,0.234042553,141.0,0.234848485,528.0,0.81256656,939.0,44.9,63864,426.1627217,2.056261803,-0.660096286,1.140790265,1.585432029,0.939049799,1.030596953,0.961088462,0.766006993,0.939049799,complete,CITY OF CHICAGO,Ward 49 Precinct 14,1,0,0,,0,0,0,1223,815,543,162,122,81,0.08484,18.140016824819693,148,0.51326,27.255306725834096,222,0.39034,25.58470111311425,209,0.00866,11.411954146696305,93,0.00064,5.05380890645453,41,0.00206,6.556024606855479,53,0.0002,3.087181195392452,25,CITY OF CHICAGO:WARD 49 PRECINCT 14,CITY OF CHICAGO:WARD 49 PRECINCT 14,CITY OF CHICAGO:WARD 49 PRECINCT 14,1.8,27.87920367,13.62742848,13.62742848,13.62742848,13.62742848,1.991826966,13.62742848,1.991826966,15.50190888061123,23.260504411535614,22.224894183621455,10.69218257786349,4.395826476415177,5.801764210166075,2.6452060358601557,17.990106642327337,26.964793025346765,25.331917530976238,11.279349415978439,4.9438422568123475,6.435931881499818,3.0113119179522476,13.23563326680264,24.749854728547348,25.528880444600833,13.95763837005994,4.097515333763532,0.01046062207020971,0.009189733616677177,0.2,0.3,1.0,2.129500586,1.5,1.8,1.4,1.0,1.003513767,569.7705552,539.8140963,71.58544859,51.66337858,19.92207001,0.12563908,0.090674006,0.034965075,3876.739126,815,1.0
CITY OF CHICAGO:WARD 49 PRECINCT 15,CITY OF CHICAGO:WARD 49 PRECINCT 15,CITY OF CHICAGO:Ward 49 Precinct 15,TRUE, ,, , ,,, ,,0.406823555,0.209923868,0.294443306,0.080142696,0.031233967,0.002786761,0.3318,0.4109,0.5891,0.5077,0.2912,0.0313,0.0284,0.1057,0.117448041,0.155182393,0.15774874,0.144853505,0.11585868,0.129565995,0.10540833,0.054985088,0.018949229,0.045592501,0.072116238,0.015127493,0.018988665,0.042786578,0.049525428,0.055712344,0.056740828,0.020199492,0.101667257,0.093338996,0.157919052,0.099334405,0.028296119,0.099189022,0.04346558,49015.0,0.198243001,0.223021583,139.0,0.323017408,517.0,0.820330969,846.0,43.5,63462,389.6090155,0.898817811,-0.72774712,1.450243353,1.610133062,0.863004331,0.807861776,0.991480646,0.859310601,0.863004331,complete,CITY OF CHICAGO,Ward 49 Precinct 15,1,0,0,,0,0,0,1032,688,459,189,142,95,0.08358,18.118588362947285,125,0.51144,27.264852739847456,188,0.39366,25.6696332032809,177,0.00848,11.294585565417645,78,0.0006,5.018583206082004,35,0.00204,6.581941921858148,45,0.0002,3.110283829739026,21,CITY OF CHICAGO:WARD 49 PRECINCT 15,CITY OF CHICAGO:WARD 49 PRECINCT 15,CITY OF CHICAGO:WARD 49 PRECINCT 15,1.306990804,30.56825208,13.01277128,13.01277128,13.01277128,13.01277128,2.183945765,13.01277128,2.183945765,15.501722196401259,23.29360871631606,22.396370145026275,10.646236903412758,4.414185813557017,5.801697266340221,2.6458257319847847,17.947759563120567,26.936824315824936,25.473298937358603,11.202217533450552,4.95476535695509,6.433160143890269,3.009226820293181,13.235446582592669,24.782959033327796,25.700356406005653,13.911692695609208,4.115874670905371,0.010393678244355432,0.009809429741306233,0.2,0.3,1.0,1.404166572,1.5,1.8,1.4,1.0,1.002435033,557.6965642,520.4310402,71.30712235,49.5307216,21.77640075,0.127860071,0.08881303,0.039047041,3124.403268,688,1.0
CITY OF CHICAGO:WARD 50 PRECINCT 07,CITY OF CHICAGO:WARD 50 PRECINCT 07,CITY OF CHICAGO:Ward 50 Precinct 07,TRUE, ,, , ,,, ,,0.415819364,0.221593836,0.246030546,0.113576778,0.028187662,0.000377632,0.3308,0.3725,0.6275,0.7223,0.1082,0.0064,0.0492,0.1043,0.124451323,0.122271332,0.150895643,0.12877699,0.152303824,0.129601165,0.1366996,0.03717271,0.017827414,0.02682907,0.023542269,0.019323226,0.021751025,0.008074519,0.020354444,0.069009541,0.038714692,0.029662839,0.109265455,0.083941192,0.116606224,0.086602124,0.072994353,0.097703324,0.175625702,50007.0,0.067071469,0.445454545,220.0,0.018469657,379.0,0.697547684,734.0,45.0,85619,315.3128646,0.340004229,0.63762955,0.381349251,1.219520732,0.648760442,0.64462594,0.596105105,0.46975052,0.648760442,complete,CITY OF CHICAGO,Ward 50 Precinct 07,1,0,0,,0,0,0,761,507,338,133,100,67,0.0962,18.463903652390556,94,0.55172,27.47898195509788,139,0.33606,24.549664181235958,124,0.0125,11.883558929431375,60,0.00086,4.993240813684122,25,0.00226,6.596628860786372,33,0.0004,3.092418727497196,16,CITY OF CHICAGO:WARD 50 PRECINCT 07,CITY OF CHICAGO:WARD 50 PRECINCT 07,CITY OF CHICAGO:WARD 50 PRECINCT 07,1.322865613,38.99976398,11.08551348,11.08551348,11.08551348,11.08551348,2.786334303,11.08551348,2.786334303,15.501406096158778,23.018315701575155,20.98508160512009,11.006351145218732,4.26302858945083,5.8010692381964475,2.6465230270453786,18.303832902704322,27.17381691573781,24.29927107038893,11.827315901678984,4.8647734551362,6.45542521281984,3.03281721242712,13.235130482350188,24.50766601858689,24.28906786609947,14.271806937415182,3.9647174467991846,0.009765650100581752,0.01050672480190018,0.2,0.3,1.0,1.460977582,1.5,1.8,1.4,1.0,1.028961243,668.3803969,657.6348806,31.99001661,21.98441044,10.00560616,0.047861991,0.032892063,0.014969928,3071.171124,507,1.0
CITY OF CHICAGO:WARD 50 PRECINCT 24,CITY OF CHICAGO:WARD 50 PRECINCT 24,CITY OF CHICAGO:Ward 50 Precinct 24, , ,, , ,,,TRUE,,0.614311404,0.075451945,0.023885931,0.267133925,0.003351244,0.000998702,0.3894,0.744,0.256,0.7474,0.0857,0.0164,0.0,0.0775,0.124698898,0.143815851,0.09402236,0.073280347,0.123042014,0.098350868,0.131398271,0.094530264,0.116861128,0.098764659,0.031193702,0.063770903,0.022540449,0.05057966,0.003767183,0.011946902,0.001403311,0.033577383,0.061538369,0.171762471,0.051935532,0.055232338,0.049734216,0.105767716,0.186485206,50024.0,0.067739019,0.185185185,81.0,-0.656716418,268.0,-0.115789474,475.0,55.6,70560,322.7424796,0.342848109,-0.960001075,-1.988401998,-1.367961127,-1.226504033,-0.993379023,-1.425508628,-0.206410627,-1.226504033,complete,CITY OF CHICAGO,Ward 50 Precinct 24,1,0,0,,0,0,0,501,334,223,130,98,65,0.34888,26.121082481835582,87,0.58952,29.311286405897285,98,0.05592,17.518853166597303,59,0.00354,9.072630511822158,30,0.0008,4.922650045040247,16,0.00106,6.665826125513492,22,0.00028,3.3396853446012633,11,CITY OF CHICAGO:WARD 50 PRECINCT 24,CITY OF CHICAGO:WARD 50 PRECINCT 24,CITY OF CHICAGO:WARD 50 PRECINCT 24,1.8,90.13691038,0.570544486,0.570544486,0.570544486,0.570544486,6.439822701,0.570544486,0.570544486,18.86764513712226,21.24752533348985,13.137377287978929,7.490823542794995,3.772106970216476,5.798190813127463,2.649729692306436,25.89121149534277,28.954115146504975,17.388264594353604,9.028524322152732,4.863275213794061,6.624192404403874,3.2076694943411956,16.601369523313668,22.736875650501585,16.441363548958307,10.756279334991445,3.4737958275648304,0.006887225031597629,0.013713390062957591,0.2,0.3,1.0,1.015924493,1.5,1.8,1.4,1.0,1.328917027,308.416185,306.1789692,4.474431751,3.515624927,0.958806824,0.014507772,0.011398964,0.003108808,2083.396355,2,0.533199975
CITY OF CHICAGO:WARD 50 PRECINCT 25,CITY OF CHICAGO:WARD 50 PRECINCT 25,CITY OF CHICAGO:Ward 50 Precinct 25, , ,, , ,,,TRUE,,0.565565561,0.091091093,0.031031032,0.296296298,0.002002003,0.001001001,0.4335,0.8182,0.1818,0.7447,0.083,0.0186,0.0,0.0607,0.100393701,0.170603675,0.078083992,0.076115486,0.140419949,0.106955383,0.137139107,0.075459318,0.114829393,0.093607304,0.018264841,0.00913242,0.006849316,0.052511417,7.87e-10,3.36e-09,1.8e-09,0.0456621,0.066210044,0.232876708,0.038812786,0.052511418,0.045662102,0.116438354,0.221461183,50025.0,0.032432805,0.225225225,111.0,-0.333333333,48.0,0.62962963,135.0,54.4,73382,63.00313599,0.192437485,-0.714220342,-0.85340011,1.003451994,-0.197516503,-0.092932743,-0.349609976,-0.030339655,-0.197516503,complete,CITY OF CHICAGO,Ward 50 Precinct 25,1,0,0,,0,0,0,125,83,55,141,106,71,0.10108,20.538537615104328,17,0.81106,32.056589661525884,27,0.08038,19.632810418310022,16,0.00602,10.962200050795522,9,0.00018,3.8412532516032245,3,0.00112,6.568000759382343,5,0.00016,3.1614869948895437,3,CITY OF CHICAGO:WARD 50 PRECINCT 25,CITY OF CHICAGO:WARD 50 PRECINCT 25,CITY OF CHICAGO:WARD 50 PRECINCT 25,1.5,74.35254455,3.389224202,3.389224202,3.389224202,3.389224202,5.312110236,3.389224202,3.389224202,16.445121750251268,25.59513292291852,16.19800296579738,9.847485983978638,3.2611077268787394,5.799074206644884,2.6513167070918735,20.364311631191324,31.754494988049377,19.48734240789201,10.956603803192971,3.7987625639038343,6.505778282729171,3.089958993934509,14.178846136442678,27.084483239930254,19.501989226776757,13.112941776175088,2.962796584227094,0.0077706185490188625,0.015300404848395188,0.2,0.3,1.0,1.015701033,1.5,1.8,1.4,1.0,1.276480302,115.8176965,114.977568,1.6802569,1.320201803,0.360055097,0.014507773,0.011398964,0.003108809,770.4693795,83,0.999999979
CITY OF CHICAGO:WARD 49 PRECINCT 07,CITY OF CHICAGO:WARD 49 PRECINCT 07,CITY OF CHICAGO:Ward 49 Precinct 07, , ,True, , ,,, ,,0.561867757,0.115617145,0.16204005,0.143278132,0.021694456,0.00128147,0.2882,0.1829,0.8171,0.3471,0.3294,0.0141,0.1118,0.1804,0.075463443,0.124167098,0.31500456,0.15869796,0.086862262,0.090750639,0.081905657,0.047094345,0.020054036,0.158018645,0.105325108,0.110685853,0.060497733,0.031917386,0.019537412,0.022684397,0.025170544,0.041887283,0.038898899,0.10088208,0.113790892,0.064470735,0.024165463,0.039420277,0.042647294,49007.0,0.342753485,0.449101796,167.0,0.176699029,515.0,0.755529686,859.0,34.1,38090,411.6006762,1.514457652,0.66001774,0.936698755,1.403979756,1.071012586,1.128788476,1.032594642,0.731235753,1.071012586,complete,CITY OF CHICAGO,Ward 49 Precinct 07,1,0,0,,0,0,0,1040,693,462,157,118,79,0.07586,17.94504881824943,124,0.48596,27.122795879173257,188,0.42864,26.353060667247696,183,0.00722,10.923913245094118,76,0.00046,5.163987837403233,36,0.00168,6.54296890861631,45,0.00018,3.040747585930474,21,CITY OF CHICAGO:WARD 49 PRECINCT 07,CITY OF CHICAGO:WARD 49 PRECINCT 07,CITY OF CHICAGO:WARD 49 PRECINCT 07,1.2,23.63407536,14.59777125,14.59777125,14.59777125,14.59777125,1.688534191,14.59777125,1.688534191,15.50112528673798,23.44779817093349,23.192907697548762,10.42928714887782,4.499476419455281,5.799323339135802,2.646329988449263,17.755248786375066,26.811261251401916,26.12527380341251,10.844402978204991,5.005181934087412,6.418469528669748,2.997414388741557,13.23484967292939,24.937148487945223,26.49689395852814,13.69474294107427,4.201165276803636,0.008019751039937064,0.010313686205784527,0.2,0.3,1.0,1.053520167,1.5,1.8,1.4,1.0,1.000980571,572.5180584,547.0169955,57.14020335,38.38077641,18.75942694,0.099805067,0.067038543,0.032766524,4184.528418,693,1.0
CITY OF CHICAGO:WARD 48 PRECINCT 12,CITY OF CHICAGO:WARD 48 PRECINCT 12,CITY OF CHICAGO:Ward 48 Precinct 12, ,TRUE,, , ,,, ,,0.575612395,0.119368591,0.195688902,0.103898603,0.015703114,0.000112462,0.476,0.2334,0.7666,0.2531,0.4684,0.0316,0.0289,0.1815,0.024679862,0.01306792,0.246483365,0.20329445,0.142732349,0.097297233,0.088657801,0.072547988,0.111239032,0.066781272,0.150100974,0.058430486,0.022678924,0.017657338,0.034768977,0.033349782,0.058757873,0.01337279,0.030538765,0.116778428,0.09991261,0.116259692,0.039299066,0.104906679,0.036406342,48012.0,0.205970712,0.404255319,282.0,0.242718447,412.0,0.69121813,706.0,41.9,61742,317.3931568,0.931739206,0.3847333,1.168412062,1.199384425,0.944734534,0.921067248,0.994203496,0.89639415,0.944734534,complete,CITY OF CHICAGO,Ward 48 Precinct 12,1,0,0,,0,0,0,789,526,351,186,140,93,0.0824,18.148395963225983,95,0.50188,27.147618022287407,143,0.40446,25.83783027432185,136,0.00868,11.14970650297596,59,0.0008,5.078029864519729,27,0.00166,6.584622537845586,35,0.00012,3.1330718161484237,16,CITY OF CHICAGO:WARD 48 PRECINCT 12,CITY OF CHICAGO:WARD 48 PRECINCT 12,CITY OF CHICAGO:WARD 48 PRECINCT 12,1.2,27.68520736,13.67177176,13.67177176,13.67177176,13.67177176,1.977966918,13.67177176,1.977966918,15.501497597802649,23.33142174992245,22.592326037787583,10.587487384254677,4.435165795018019,5.799385523918497,2.6450453265681717,17.90173075019583,26.90844798104316,25.63726062919851,11.108636795442104,4.967758359620451,6.42791007099256,3.0055080844005833,13.235221983994059,24.820772066934182,25.89631229876696,13.852943176451127,4.136854652366374,0.008081935822631607,0.009029024324693137,0.2,0.3,1.0,1.000677865,1.5,1.8,1.4,1.0,1.000202248,382.3810386,340.0137033,85.27202524,57.62904257,27.64298267,0.223002755,0.150711036,0.072291719,1825.204708,526,1.0
CITY OF CHICAGO:WARD 48 PRECINCT 13,CITY OF CHICAGO:WARD 48 PRECINCT 13,CITY OF CHICAGO:Ward 48 Precinct 13, , ,, ,TRUE,,, ,,0.520830179,0.075144659,0.087452839,0.141220137,0.011012579,3.56e-10,0.5818,0.6725,0.3275,0.3756,0.3325,0.0,0.0517,0.2403,5.88e-09,0.121124838,0.108239212,0.099219241,0.13143327,0.128856145,0.126279022,0.066360939,0.048965337,0.059785739,0.047828574,0.009783121,0.011957154,0.052176622,0.006522081,0.022827275,0.016305196,0.045654551,0.083700002,0.153268841,0.141311691,0.03369741,0.036958446,0.050002602,0.058698704,48013.0,0.300782925,0.273972603,292.0,-0.161676647,334.0,0.548387097,558.0,50.3,65745,251.1209901,1.335655754,-0.414990713,-0.250923755,0.74499389,0.195025843,0.353683794,0.074104333,0.492613897,0.195025843,complete,CITY OF CHICAGO,Ward 48 Precinct 13,1,0,0,,0,0,0,587,391,261,163,123,82,0.10022,20.484787983431794,80,0.81184,32.07236069633043,125,0.08018,19.577222448114888,77,0.0061,11.05448975508329,43,0.00036,3.8913798847235217,15,0.00102,6.5902005809621995,26,0.00028,3.1249334507904543,12,CITY OF CHICAGO:WARD 48 PRECINCT 13,CITY OF CHICAGO:WARD 48 PRECINCT 13,CITY OF CHICAGO:WARD 48 PRECINCT 13,1.2,58.83321004,6.552024829,6.552024829,6.552024829,6.552024829,4.203332907,6.552024829,4.203332907,16.446587907213356,25.597800191480626,16.200171788003708,9.853227190969548,3.2613838897040495,5.797113518772904,2.6447492945798334,20.364864789451968,31.75562769187186,19.48863799532623,10.962660635967039,3.798418022184737,6.503734774763035,3.083308761328313,14.180312293404764,27.08715050849236,19.504158048983086,13.118682983165998,2.963072747052404,0.005809930677038618,0.008732992336355033,0.2,0.3,1.0,1.008536959,1.5,1.8,1.4,1.0,1.000310848,56.27918184,52.28990167,8.637550588,7.936187162,0.701363426,0.153476833,0.141014615,0.012462218,195.9762063,88,0.830479832
CITY OF CHICAGO:WARD 48 PRECINCT 14,CITY OF CHICAGO:WARD 48 PRECINCT 14,CITY OF CHICAGO:Ward 48 Precinct 14, ,TRUE,, , ,,, ,,0.490780659,0.124218627,0.225803497,0.149944743,0.01444612,0.001712089,0.5414,0.4,0.6,0.3411,0.4322,0.0,0.034,0.1875,0.026451525,0.032357343,0.306400792,0.132147116,0.125131085,0.155771853,0.102704852,0.060694191,0.058341243,0.038401391,0.060638605,0.0332674,0.011706666,0.06250443,0.042372385,0.040890644,0.029459751,0.019460595,0.050665758,0.073003393,0.223177006,0.098772521,0.075305265,0.055053062,0.085321129,48014.0,-0.009164544,0.176470588,119.0,0.181538462,325.0,0.758064516,620.0,42.1,79215,286.1887734,0.015225531,-1.013494529,0.953684076,1.412043849,0.435710586,0.341864732,0.558074455,0.862810186,0.435710586,complete,CITY OF CHICAGO,Ward 48 Precinct 14,1,0,0,,0,0,0,503,335,223,185,139,93,0.08288,18.05077810583726,60,0.50312,27.236685687574884,91,0.4029,25.849098382407078,87,0.00822,11.212043304395927,38,0.00072,5.0436821934211835,17,0.0019,6.537149933783831,22,0.00026,3.0421152121361477,10,CITY OF CHICAGO:WARD 48 PRECINCT 14,CITY OF CHICAGO:WARD 48 PRECINCT 14,CITY OF CHICAGO:WARD 48 PRECINCT 14,1.2,48.25963824,8.968910307,8.968910307,8.968910307,8.968910307,3.44790511,8.968910307,3.44790511,15.501062257720054,23.32585206500133,22.567146041681532,10.595858220607743,4.43245600929364,5.801326279568369,2.647924515754446,17.906261780484908,26.90994685871835,25.61509646763703,11.121093954738166,4.96596485026752,6.4301761560514015,3.0087126029958275,13.234786643911464,24.815202382013066,25.87113230266091,13.861314012804193,4.134144866641995,0.010022691472503164,0.01190821351096752,0.2,0.3,1.0,1.000963755,1.5,1.8,1.4,1.0,1.000201177,136.3020692,121.5078481,29.45392985,20.21636013,9.23756972,0.21609305,0.148320273,0.067772777,1299.8374,335,1.0
CITY OF CHICAGO:WARD 48 PRECINCT 32,CITY OF CHICAGO:WARD 48 PRECINCT 32,CITY OF CHICAGO:Ward 48 Precinct 32, , ,, ,TRUE,,, ,,0.46815271,0.158667631,0.219818585,0.144360212,0.026939241,0.002452948,0.3527,0.3023,0.6977,0.3844,0.3474,0.0082,0.0818,0.1631,0.020120971,0.083106963,0.217405646,0.182325797,0.137616235,0.142923154,0.090674569,0.121329972,0.004496693,0.181603602,0.057084434,0.031721626,0.027026715,0.041784488,0.010976609,0.056708188,0.008025055,0.149043018,0.136741369,0.108312491,0.070893415,0.01534435,0.027192633,0.040786614,0.036755393,48032.0,0.326169155,0.223404255,188.0,0.217054264,258.0,0.822975518,531.0,42.6,47854,229.1293295,1.443805517,-0.725398136,1.078336552,1.618546206,0.817275638,0.853822535,0.862178442,0.814643985,0.817275638,complete,CITY OF CHICAGO,Ward 48 Precinct 32,1,0,0,,0,0,0,467,311,207,156,117,78,0.0822,18.1123017740261,56,0.50726,27.228645169642483,85,0.39878,25.812515060787298,80,0.0087,11.238463050086036,35,0.00058,5.038347178763989,16,0.00218,6.548472659392194,20,0.0003,3.13206109705261,10,CITY OF CHICAGO:WARD 48 PRECINCT 32,CITY OF CHICAGO:WARD 48 PRECINCT 32,CITY OF CHICAGO:WARD 48 PRECINCT 32,1.2,32.26700938,12.6244728,12.6244728,12.6244728,12.6244728,2.305313313,12.6244728,2.305313313,15.501115056286597,23.314003858423497,22.505884103148713,10.611261846824787,4.425896489819712,5.801023286838868,2.6475290807973146,17.921625497137907,26.920404083996864,25.565310236654998,11.147578097278606,4.962179301237542,6.430855724935244,3.0092997296520387,13.234839442478007,24.80335417543523,25.80987036412809,13.876717639021237,4.127585347168066,0.009719698743002835,0.01151277855383634,0.2,0.3,1.0,1.010294807,1.5,1.8,1.4,1.0,1.000470578,282.4138608,262.6932181,43.47159419,40.30308829,3.168505896,0.153928685,0.142709314,0.011219371,2167.709131,311,1.0
CITY OF CHICAGO:WARD 50 PRECINCT 09,CITY OF CHICAGO:WARD 50 PRECINCT 09,CITY OF CHICAGO:Ward 50 Precinct 09, ,TRUE,, , ,,, ,,0.74966352,0.036339168,0.025572006,0.165545088,2.46e-10,4.28e-11,0.4456,0.8191,0.1809,0.7769,0.1172,0.0,0.0099,0.096,0.027874564,0.034843207,0.063879209,0.075493612,0.170731706,0.109175375,0.205574911,0.164924506,0.147502904,0.019267823,0.069364161,0.071290943,0.036608863,0.030828516,0.017341041,0.057803467,0.05202312,0.019267823,0.040462428,0.219653176,0.177263968,0.069364162,0.053949904,0.036608864,0.028901735,50009.0,0.228199998,0.262295082,122.0,-0.341176471,85.0,0.424657534,146.0,62.0,65855,69.83838187,1.026439838,-0.486671702,-0.880927761,0.351371151,-0.188183878,0.002552882,-0.364880007,-0.550770734,-0.188183878,complete,CITY OF CHICAGO,Ward 50 Precinct 09,1,0,0,,0,0,0,179,119,79,53,40,27,0.10904,21.76480447984422,26,0.83352,33.25041346799888,40,0.05332,18.782650815342706,22,0.00294,9.597654980031612,11,0.00022,3.6383847091509116,4,0.00078,6.590992264632358,8,0.00018,3.1077221671482045,4,CITY OF CHICAGO:WARD 50 PRECINCT 09,CITY OF CHICAGO:WARD 50 PRECINCT 09,CITY OF CHICAGO:WARD 50 PRECINCT 09,1.8,74.03917547,3.445183819,3.445183819,3.445183819,3.445183819,5.289721613,3.445183819,3.445183819,17.13048851974937,26.113373798478303,15.293138020913027,8.495828857717495,3.0554622188800424,5.79588384447454,2.6447281124088864,21.60456819066361,32.950633339977195,18.677167973206124,9.510677434375085,3.5898414772659617,6.521790888356273,3.1025733670489686,14.86421290594078,27.602724115490037,18.597124281892405,11.761284649913945,2.757151076228397,0.004580256378674741,0.008711810165408021,0.2,0.3,1.0,1.310388272,1.5,1.8,1.4,1.0,1.515921344,39.81163902,39.60913832,0.60750212,0.32400113,0.28350099,0.01525941,0.008138352,0.007121058,298.0216897,119,1.0
CITY OF CHICAGO:WARD 50 PRECINCT 11,CITY OF CHICAGO:WARD 50 PRECINCT 11,CITY OF CHICAGO:Ward 50 Precinct 11, ,TRUE,, , ,,, ,,0.750659992,0.100818733,0.044239761,0.0750849,0.015743841,9.99e-11,0.2576,0.6333,0.3667,0.7426,0.1347,0.0,0.0507,0.048,0.219544978,0.239110714,0.077978201,0.186029604,0.084629532,0.026217072,0.059085469,0.085276504,0.022127925,0.189219621,2.58e-09,1.41e-09,7.58e-10,0.033774709,0.041506251,1.61e-09,0.020753126,3.74e-10,0.064231387,0.056812839,0.111653667,0.090744045,0.071806433,0.213603778,0.105894138,50011.0,0.266070237,0.160493827,81.0,-0.628070175,285.0,-0.218683652,471.0,38.2,95981,251.7153594,1.187773655,-1.11156586,-1.887860128,-1.695299939,-1.184301447,-0.876738068,-1.386525859,-0.341150357,-1.184301447,complete,CITY OF CHICAGO,Ward 50 Precinct 11,1,0,0,,0,0,0,491,327,218,102,77,51,0.31326,25.186635578615714,82,0.58046,28.75396339211585,94,0.10096,19.685189921851737,64,0.00312,8.285524011867617,27,0.00066,5.063169355479181,17,0.00118,6.693853770861545,22,0.00036,3.2740481449744854,11,CITY OF CHICAGO:WARD 50 PRECINCT 11,CITY OF CHICAGO:WARD 50 PRECINCT 11,CITY OF CHICAGO:WARD 50 PRECINCT 11,1.5,89.90896324,0.611249953,0.611249953,0.611249953,0.611249953,6.42353704,0.611249953,0.611249953,18.810821086545978,21.607927743681355,15.278805169771253,7.077774604175346,4.010829698940245,5.794327205192726,2.6406147596883653,24.96892560295817,28.45048511834809,19.560324835395928,8.210462804666749,5.034413764785754,6.577207389742262,3.155433154996251,16.54454547273739,23.09727806069309,18.582791430750632,10.343230396371796,3.7125185562886,0.0030236170968601203,0.004598457444887122,0.2,0.3,1.0,1.264134628,1.5,1.8,1.4,1.0,1.224702533,375.5135691,373.6035306,5.730115678,3.056061785,2.674053893,0.01525941,0.008138352,0.007121058,1937.000042,327,1.0
CITY OF CHICAGO:WARD 50 PRECINCT 12,CITY OF CHICAGO:WARD 50 PRECINCT 12,CITY OF CHICAGO:Ward 50 Precinct 12, ,TRUE,, , ,,, ,,0.606921778,0.105759298,0.041899782,0.067161473,0.016349581,0.0,0.4456,0.8191,0.1809,0.7769,0.1172,0.0,0.0099,0.096,0.185279077,0.186616596,0.067325868,0.144349872,0.079019697,0.026286398,0.058093034,0.071074129,0.02097692,0.135671018,0.009577816,0.003380408,0.002253605,0.020508377,0.028009907,0.00619741,0.019638962,0.002253604,0.044703172,0.060043692,0.10162384,0.08324037,0.064728211,0.169958397,0.087232801,50012.0,0.194143995,0.566666667,60.0,-0.25,80.0,0.264516129,155.0,40.4,96470,84.40042746,0.881355331,1.381674865,-0.560918856,-0.158089134,0.241778133,0.386005552,0.052393251,-0.215899826,0.241778133,complete,CITY OF CHICAGO,Ward 50 Precinct 12,1,0,0,,0,0,0,287,191,127,96,72,48,0.07954,18.023887444781156,34,0.4986,27.20074151807913,52,0.41046,26.006052930613503,50,0.0084,11.06538318612604,21,0.0008,5.129653786568824,10,0.00196,6.513793903346854,12,0.00024,3.0725371704670814,6,CITY OF CHICAGO:WARD 50 PRECINCT 12,CITY OF CHICAGO:WARD 50 PRECINCT 12,CITY OF CHICAGO:WARD 50 PRECINCT 12,1.8,56.82620531,7.010781878,7.010781878,7.010781878,7.010781878,4.059942652,7.010781878,4.059942652,15.501844926486628,23.36788639580893,22.776859949464306,10.527995335614158,4.4549396108223505,5.794075630929608,2.6401756639111515,17.86133221132726,26.88618923295399,25.793993132229534,11.01735991633806,4.980383206951052,6.419978363676713,2.998016607416605,13.235569312678038,24.857236712820665,26.080846210443685,13.793451127810608,4.156628468170705,0.002772042833742986,0.0041593616676733015,0.2,0.3,1.0,1.368806277,1.5,1.8,1.4,1.0,1.373408651,102.1761487,101.6564328,1.559147749,0.831545466,0.727602283,0.01525941,0.008138352,0.007121058,764.8703161,191,1.0
CITY OF CHICAGO:WARD 50 PRECINCT 14,CITY OF CHICAGO:WARD 50 PRECINCT 14,CITY OF CHICAGO:Ward 50 Precinct 14, ,TRUE,, , ,,, ,,0.721407627,0.032258068,0.038123167,0.214076237,0.005865103,0.002932551,0.4222,0.5719,0.4281,0.9237,0.0176,0.0191,0.0294,0.0103,0.291111102,0.057777784,0.057777777,0.264444436,0.022222226,0.091111108,0.066666671,0.057777782,0.091111113,0.087499996,0.081249997,0.074999997,0.018750001,0.01875,0.05,0.012500002,0.018750001,9.35e-10,0.0375,0.074999999,0.062500004,0.112500003,0.099999998,0.249999991,1.2e-08,50014.0,0.562963891,0.565217391,46.0,-0.384615385,52.0,0.193277311,119.0,38.9,85000,60.32847456,2.452592352,1.372778667,-1.033388578,-0.384722268,0.25321695,0.601815043,-0.073823774,-0.371435095,0.25321695,complete,CITY OF CHICAGO,Ward 50 Precinct 14,1,0,0,,0,0,0,104,69,46,46,35,23,0.0793,17.958304798266322,12,0.49228,27.126687939152994,19,0.41808,26.1793800801126,18,0.00754,10.990088689989646,8,0.00076,5.136741199479103,4,0.00182,6.5031051356929215,4,0.00022,3.074745600785894,2,CITY OF CHICAGO:WARD 50 PRECINCT 14,CITY OF CHICAGO:WARD 50 PRECINCT 14,CITY OF CHICAGO:WARD 50 PRECINCT 14,1.8,56.3298316,7.124241967,7.124241967,7.124241967,7.124241967,4.024479281,7.124241967,4.024479281,15.500455930894507,23.401192278155744,22.95882539218118,10.47901101046263,4.474386375546789,5.797373107709741,2.6473822693427205,17.814299785728927,26.85269068085517,25.94044648820992,10.935463008086364,4.991676719939628,6.420364307840935,3.002311680232263,13.234180317085917,24.890542595167478,26.262811653160558,13.74446680265908,4.176075232895144,0.006069519613875767,0.011365967099241918,0.2,0.3,1.0,1.163247065,1.5,1.8,1.4,1.0,1.483391361,70.55941729,70.20051893,1.076695071,0.57423737,0.502457701,0.01525941,0.008138352,0.007121058,327.8220572,69,1.0
CITY OF CHICAGO:WARD 50 PRECINCT 16,CITY OF CHICAGO:WARD 50 PRECINCT 16,CITY OF CHICAGO:Ward 50 Precinct 16, ,TRUE,, , ,,, ,,0.795454515,0.012987032,0.03571429,0.14285714,0.003246752,1.73e-10,0.4456,0.8191,0.1809,0.7769,0.1172,0.0,0.0099,0.096,0.027932999,0.036312875,0.064245813,0.075418997,0.170391051,0.106145237,0.20670389,0.164804451,0.148044675,0.018604653,0.069767438,0.069767429,0.037209298,0.032558135,0.018604652,0.055813946,0.051162786,0.018604651,0.041860458,0.218604624,0.176744177,0.069767454,0.055813964,0.037209329,0.027906994,50016.0,0.133812196,0.438596491,57.0,-0.413793103,58.0,0.125,112.0,62.1,65904,53.19604407,0.624331355,0.59553225,-1.135795805,-0.601933915,-0.305479244,-0.129466528,-0.5067451,-0.591059295,-0.305479244,complete,CITY OF CHICAGO,Ward 50 Precinct 16,1,0,0,,0,0,0,128,85,57,45,34,23,0.1077,21.704987423122198,18,0.83454,33.24467724989793,28,0.05372,18.766449517074633,16,0.00282,9.526332067514407,8,0.00024,3.6389335070775894,3,0.00066,6.601455727470218,6,0.00032,3.1922216846721807,3,CITY OF CHICAGO:WARD 50 PRECINCT 16,CITY OF CHICAGO:WARD 50 PRECINCT 16,CITY OF CHICAGO:WARD 50 PRECINCT 16,1.8,77.64776844,2.800782395,2.800782395,2.800782395,2.800782395,5.547537183,2.800782395,2.800782395,17.14047631556152,26.12113533926396,15.280502558593952,8.47750140385354,3.0525615027249757,5.795651710556533,2.643804709993951,21.622519080761496,32.96792254441189,18.665512008468923,9.490828774403292,3.58674211077081,6.521818470940523,3.1019096811362896,14.874200701752931,27.610485656275696,18.58448881957333,11.74295719604999,2.75425036007333,0.004348122460667611,0.007788407750472413,0.2,0.3,1.0,1.43232667,1.5,1.8,1.4,1.0,1.519159543,42.56921883,42.35269177,0.649581165,0.346443285,0.303137879,0.01525941,0.008138352,0.007121058,318.6643507,85,1.0
CITY OF CHICAGO:WARD 50 PRECINCT 18,CITY OF CHICAGO:WARD 50 PRECINCT 18,CITY OF CHICAGO:Ward 50 Precinct 18, ,TRUE,, , ,,, ,,0.907692257,0.01538463,0.025641029,3.74e-08,2.32e-09,2.43e-10,0.4279,0.6584,0.3416,0.8876,0.042,0.0144,0.0246,0.0313,0.292096193,0.054982835,0.058419246,0.261168364,0.024054998,0.089347074,0.065292105,0.061855678,0.092783501,0.085714291,0.085714276,0.076190468,0.019047618,0.019047621,0.047619045,0.019047619,0.019047621,1.26e-09,0.03809524,0.076190483,0.066666678,0.104761902,0.09523809,0.247619029,1.29e-08,50018.0,0.228200041,0.391304348,23.0,-0.5,36.0,0.24137931,58.0,40.5,80357,38.63399848,1.026440021,0.305235398,-1.438362622,-0.231694648,-0.331075727,-0.084595463,-0.601829159,-0.58840546,-0.331075727,complete,CITY OF CHICAGO,Ward 50 Precinct 18,1,0,0,,0,0,0,122,81,54,25,19,13,0.09284,19.94775063662776,16,0.77994,31.679801419424823,26,0.12108,21.208853820550438,17,0.00444,10.213461076010166,8,0.0003,3.9919633153186354,3,0.00114,6.550493728106376,5,0.00026,3.085416385690539,2,CITY OF CHICAGO:WARD 50 PRECINCT 18,CITY OF CHICAGO:WARD 50 PRECINCT 18,CITY OF CHICAGO:WARD 50 PRECINCT 18,1.8,78.34469366,2.676329567,2.676329567,2.676329567,2.676329567,5.597328937,2.676329567,2.676329567,16.447923062990235,25.946612651063585,17.981008019357446,9.390154941213789,3.45214984850437,5.792046857847324,2.6365246384728005,19.857906349736982,31.354860036128237,21.128809525938596,10.158479222788733,3.944427261551686,6.4681771416825615,3.044593133066387,14.181647449181643,27.43596296807532,21.284994280336825,12.655610733410239,3.153838705852724,0.0007432697514587605,0.0005083362293219682,0.2,0.3,1.0,1.195214148,1.5,1.8,1.4,1.0,1.359256999,77.14981646,76.75739624,1.177260678,0.627872362,0.549388317,0.01525941,0.008138352,0.007121058,394.9019089,81,1.0
CITY OF CHICAGO:WARD 50 PRECINCT 27,CITY OF CHICAGO:WARD 50 PRECINCT 27,CITY OF CHICAGO:Ward 50 Precinct 27, ,TRUE,, , ,,, ,,0.706552709,0.074074065,0.025641028,0.188034195,1.16e-09,6.15e-10,0.4456,0.8191,0.1809,0.7769,0.1172,0.0,0.0099,0.096,0.025229408,0.034403677,0.061926605,0.077981685,0.17201832,0.110091738,0.208715567,0.165137596,0.144495405,0.019157101,0.068965519,0.072796934,0.038314173,0.030651339,0.015325678,0.057471254,0.049808423,0.019157085,0.042145593,0.222222192,0.180076605,0.068965525,0.053639856,0.034482801,0.02681992,50027.0,0.40697096,0.181818182,44.0,-0.191489362,47.0,0.252747253,91.0,61.9,65819,60.62565916,1.788035285,-0.980668998,-0.355559678,-0.195529638,-0.150290253,0.064069243,-0.234216038,-0.477286647,-0.150290253,complete,CITY OF CHICAGO,Ward 50 Precinct 27,1,0,0,,0,0,0,102,68,45,47,36,24,0.10734,21.71895372194897,15,0.83388,33.226450807062484,23,0.0546,18.746348594128317,13,0.00262,9.621625894693356,7,0.0002,3.6605989899872355,2,0.00116,6.569342535349748,4,0.0002,3.1317564087097107,2,CITY OF CHICAGO:WARD 50 PRECINCT 27,CITY OF CHICAGO:WARD 50 PRECINCT 27,CITY OF CHICAGO:WARD 50 PRECINCT 27,1.8,72.71766903,3.68117071,3.68117071,3.68117071,3.68117071,5.195306715,3.68117071,3.68117071,17.120502603865866,26.10561567770475,15.305776264128756,8.514972936789828,3.058363289135262,5.796407367328374,2.6458440992778782,21.58627891820576,32.93279894164265,18.688507327142887,9.531338660436793,3.5928842049313716,6.522034837912943,3.1034097806207956,14.854226990057274,27.594965994716485,18.609762525108135,11.780428728986278,2.7600521464836163,0.005103779232508609,0.009827797034400045,0.2,0.3,1.0,1.229592428,1.5,1.8,1.4,1.0,1.512172583,39.45230639,39.25163342,0.602018915,0.321076754,0.280942161,0.01525941,0.008138352,0.007121058,295.3317808,68,1.0
COOK:8200007,COOK:8200007,COOK:Niles Precinct 7,,,True,,,,,TRUE,,0.522771413,0.083520746,0.067549829,0.324468598,0.013012827,2.69e-06,0.3107,0.6366,0.3634,0.7237,0.0522,0.0774,0.0107,0.1159,0.093529137,0.195945804,0.111155215,0.089269126,0.143808553,0.092408578,0.163102072,0.085070079,0.025711436,0.055323576,0.010740555,0.00660951,0.028894338,0.029731102,0.011598854,0.013217197,0.018179746,5.9e-06,0.17666721,0.179125397,0.101648265,0.081861003,0.114804139,0.100863484,0.070729726,,-0.113144484,0.357512953,193.0,-0.151162791,172.0,0.456628478,611.0,48.5,72480,334.0354946,-0.427747131,0.097811184,-0.214022485,0.453080801,-0.001346943,-0.022719408,-0.039607559,0.038896412,-0.001346943,complete,COOK,Niles Precinct 7,0,0,1,Niles,1,0,0,575,383,255,285,214,143,0.14976,24.051898431269265,92,0.81504,33.735968494507595,129,0.03352,17.709847008035606,68,0.00088,7.211091560136032,28,0.00022,4.064151650991557,16,0.0005,6.629472925336283,25,8e-05,3.152141576808001,12,COOK:8200007,COOK:8200007,COOK:NILES PRECINCT 7,1.0,66.72182819,4.751872893,4.751872893,4.751872893,4.751872893,4.766934455,4.751872893,4.751872893,18.946957711877275,25.594648366880843,13.29311605582684,5.478298702304503,3.2610575570659623,5.8007861098873335,2.6476300913685313,23.937156457923223,33.51121815811998,17.64809159949226,7.14935462090218,3.9892459839644854,6.571701829125768,3.1504840213653145,16.680682098068687,27.083998683892577,16.597102316806218,8.743754494500953,2.9627464144143167,0.009482521791468112,0.011613789125052737,1.0,0.3,0.2,1.098683647,1.000023076,1.000036922,1.000018461,1.399981539,1.6,740.6038422,734.442896,9.398783005,6.748332926,2.650450079,0.012690702,0.009111933,0.003578769,3160.47,383,1.0
COOK:8200002,COOK:8200002,COOK:Niles Precinct 2,,,,,,,,TRUE,,0.608826056,0.088646262,0.031417533,0.264079974,0.009848961,7.65e-07,0.2553,0.7197,0.2803,0.8584,0.0484,0.0118,0.0307,0.0425,0.072189062,0.101695263,0.107757572,0.105483997,0.051111139,0.256726506,0.10733046,0.082473716,0.115232285,0.034442017,0.013772391,0.077085841,0.067466568,0.022033654,0.026193571,0.033047867,0.067449635,0.044056113,0.027573702,0.123943625,0.136357091,0.046872152,0.077120177,0.144617925,0.057967668,,0.072142555,0.286956522,115.0,-0.503759398,133.0,0.276315789,456.0,54.9,70514,251.1209901,0.361607939,-0.335290565,-1.451557263,-0.120550696,-0.567764166,-0.386447646,-0.78078609,-0.513106063,-0.567764166,complete,COOK,Niles Precinct 2,0,0,1,Niles,1,0,0,342,228,152,225,169,113,0.47484,29.758569704316397,68,0.50312,30.09016083218669,69,0.02038,15.739228339883926,36,0.00058,5.967742824552539,14,0.00052,5.131268011370506,12,0.00032,6.733931972903698,15,0.00024,3.3038603017258965,8,COOK:8200002,COOK:8200002,COOK:NILES PRECINCT 2,1.0,83.49235642,1.757090063,1.757090063,1.757090063,1.757090063,5.965103197,1.757090063,1.757090063,21.728344592315977,21.203349975803622,10.754841697977762,3.9830864030034965,3.7897591246796485,5.79833831422864,2.6451571973249717,29.580505594922027,29.90051956049242,15.649633557706558,5.869811293678064,5.041425404603983,6.668300082817734,3.2470571766724143,19.462068978507386,22.692700292815356,14.05882795895714,7.2485421951999465,3.491447982028003,0.0070347261327743235,0.009140895081493332,1.0,0.3,0.2,1.000043383,1.031673159,1.050677054,1.025338527,1.374661473,1.6,913.8157554,912.8121204,4.421621085,1.475471437,2.946149648,0.004838635,0.001614627,0.003224008,2536.73,132,0.933878355
COOK:8200026,COOK:8200026,COOK:Niles Precinct 26,,,,,,,,TRUE,,0.597709288,0.102954059,0.02211904,0.281385559,0.004889029,0.002980923,0.372,0.9297,0.0703,0.7539,0.0552,0.0,0.042,0.1457,0.130455901,0.13694335,0.092147644,0.104934843,0.136734535,0.129639609,0.140480777,0.091129724,0.037533617,0.052358805,0.013799329,0.011876476,0.04741959,0.006178124,3.23e-05,0.019020119,0.008272376,0.007548515,0.021988493,0.031939657,0.113219177,0.112184012,0.060291759,0.211730766,0.282140529,,0.106855302,0.229813665,161.0,-0.15625,128.0,0.20950324,463.0,51.3,147459,278.7591583,0.50949029,-0.686054782,-0.231877444,-0.333102473,-0.259522876,-0.185386102,-0.268821144,-0.345551152,-0.259522876,complete,COOK,Niles Precinct 26,0,0,1,Niles,1,0,0,365,243,162,231,174,116,0.1531,24.14815881770712,59,0.81164,33.69228520135119,82,0.0335,17.67783421484959,43,0.001,7.200360116023588,17,0.00016,4.030372302239769,10,0.0005,6.6466720563621395,16,0.0001,3.181912476425826,8,COOK:8200026,COOK:8200026,COOK:NILES PRECINCT 26,1.0,76.31740855,3.038350284,3.038350284,3.038350284,3.038350284,5.452489751,3.038350284,3.038350284,18.947436918520538,25.59538938364798,13.293628855067574,5.476110513857506,3.2611342802302223,5.798470090600237,2.645606108475222,23.938917826642818,33.514050232598706,17.649892229834936,7.147018923026879,3.989393184901605,6.569453022627465,3.1485272512608002,16.681161304711946,27.084739700659714,16.597615116046953,8.741566306053956,2.9628231375785767,0.007166502504371529,0.00958980623174375,1.0,0.3,0.2,1.000893101,1.001512364,1.002419782,1.001209891,1.398790109,1.6,610.2076325,608.167818,8.751722889,3.732128455,5.019594434,0.014342205,0.006116162,0.008226043,2550.47,121,0.915779827
COOK:8200053,COOK:8200053,COOK:Niles Precinct 53,,,,,,,,TRUE,,0.52383997,0.061480265,0.035265486,0.375667828,0.008549417,0.000537505,0.4863,0.6561,0.3439,0.7176,0.0238,0.0,0.0442,0.1966,0.084820234,0.101543511,0.037219728,0.243948507,0.096964695,0.161699885,0.07612575,0.110341228,0.087336461,0.043382411,5.51e-06,0.011752621,0.019013764,0.043394641,0.050654686,0.028926444,0.013605392,0.01355541,0.129244021,0.10756507,0.125677116,0.031693076,0.031704751,0.104009301,0.245815789,,-0.201578159,0.287356322,261.0,-0.290322581,248.0,0.380239521,668.0,51.0,82738,314.7184953,-0.804489996,-0.332836443,-0.702442046,0.210063451,-0.397221463,-0.407426258,-0.456224621,0.012548274,-0.397221463,complete,COOK,Niles Precinct 53,0,0,1,Niles,1,0,0,545,363,242,272,204,136,0.1524,24.070726563086797,87,0.81234,33.73737690870035,122,0.03346,17.717592464741443,64,0.00096,7.179245901555056,26,0.00024,4.038451266137259,15,0.0005,6.62339378573415,24,0.0001,3.183421657473208,12,COOK:8200053,COOK:8200053,COOK:NILES PRECINCT 53,1.0,80.00830218,2.37925209,2.37925209,2.37925209,2.37925209,5.716185284,2.37925209,2.37925209,18.946388229971745,25.59376775379562,13.292506652988056,5.476308365812663,3.260966380421407,5.80103757748811,2.648895110288022,23.937255996357266,33.511450156060015,17.648133493881858,7.147146571446179,3.9894609609293266,6.572004874330157,3.1518006178884184,16.680112616163157,27.083118070807355,16.596492913967435,8.741764158009113,2.9626552377697615,0.009733989392243958,0.012878808044543315,1.0,0.3,0.2,1.000205559,1.012293777,1.019670043,1.009835022,1.390164978,1.6,737.5214156,732.4074396,12.27383455,6.136836134,6.136998415,0.016642004,0.008320892,0.008321112,3048.19,363,1.0
COOK:8200059,COOK:8200059,COOK:Niles Precinct 59,,,,,,,,TRUE,,0.575022542,0.075403271,0.025132739,0.318299371,0.010605298,0.000558563,0.3969,0.9592,0.0408,0.767,0.0748,0.0,0.007,0.1506,0.151011427,0.144104641,0.072623965,0.155617938,0.114916695,0.14987753,0.119160775,0.023902049,0.06878498,0.002427017,0.032346654,0.025163443,0.013197327,8.97e-06,0.002416579,0.0167927,0.023973863,0.025171173,0.018005244,0.04316517,0.151040115,0.099534933,0.107904284,0.197784846,0.241067687,,0.031958344,0.404255319,235.0,-0.051020408,196.0,0.285294118,680.0,48.6,135833,336.4129714,0.190416199,0.3847333,0.137454754,-0.091987802,0.149857968,0.155154113,0.146318096,-0.36517713,0.149857968,complete,COOK,Niles Precinct 59,0,0,1,Niles,1,0,0,534,356,237,282,212,141,0.15204,24.065898429108746,86,0.81214,33.759826672133215,120,0.03386,17.682059311321275,63,0.00094,7.197939919119002,26,0.0002,4.09185918750991,15,0.00066,6.629239573246726,24,0.00016,3.1904698657090225,11,COOK:8200059,COOK:8200059,COOK:NILES PRECINCT 59,1.0,60.73266932,6.117850301,6.117850301,6.117850301,6.117850301,4.339039589,6.117850301,4.339039589,18.9470263313301,25.594754475937993,13.293189485533635,5.476074453382143,3.2610685433526188,5.799413480936755,2.6468656358195215,23.938321403256463,33.51312120417937,17.649257593543112,7.146945652907178,3.989429366724581,6.570393542320693,3.149783907961809,16.68075071752151,27.084104792949727,16.597175746513013,8.741530245578593,2.962757400700973,0.008109892840889263,0.010849333576043165,1.0,0.3,0.2,1.007284279,1.000220373,1.000352597,1.000176299,1.399823701,1.6,458.4577968,455.7560789,4.502985773,2.251257648,2.251728125,0.009822029,0.004910501,0.004911528,1937.19,356,1.0
COOK:8300027,COOK:8300027,COOK:Northfield Precinct 27,,,,,,,,TRUE,,0.437793071,0.089391292,0.065904886,0.395352981,0.013961799,0.001194928,0.2952,0.27,0.73,0.7813,0.101,0.0,0.0098,0.0993,0.159125692,0.077494058,0.114553367,0.082758559,0.135310736,0.111662098,0.116523921,0.081204053,0.121367516,0.040131663,0.071967418,0.03112693,0.047449501,0.069469157,0.070987714,0.027853365,0.000151877,0.067740594,0.069285791,0.062623925,0.176786838,0.067013183,0.056500485,0.103531315,0.037380242,,-0.02592563,0.180952381,105.0,-0.178294574,129.0,0.24742268,388.0,53.3,60919,231.2096217,-0.056179616,-0.985983608,-0.30924894,-0.212468783,-0.416277169,-0.390970237,-0.39993291,-0.204775457,-0.416277169,complete,COOK,Northfield Precinct 27,0,0,0,Northfield,1,0,0,357,238,159,200,150,100,0.15316,24.070070233025184,57,0.81166,33.773409218639785,80,0.0335,17.674346493253214,42,0.0008,7.214680370867323,17,0.0002,4.0445684392236645,10,0.00054,6.6637609412342975,16,0.00014,3.2354314524306593,8,COOK:8300027,COOK:8300027,COOK:NORTHFIELD PRECINCT 27,1.0,80.4526771,2.299898216,2.299898216,2.299898216,2.299898216,5.747933606,2.299898216,2.299898216,18.946169274756194,25.593429174420177,13.292272348915123,5.477833986127514,3.2609313246950205,5.8023822349904615,2.649950493314221,23.936200072447555,33.509744110318074,17.64706089216034,7.148784592290104,3.9893490070223994,6.573303763786316,3.1528102328684247,16.679893660947602,27.08277949143191,16.5962586098945,8.743289778323964,2.962620182043375,0.011078646894596273,0.013934191070742803,1.0,0.3,0.2,1.000000002,1.000000028,1.000000045,1.000000023,1.399999977,1.000005417,399.3976497,398.8912727,4.500695499,2.983373997,1.517321503,0.011268708,0.007469683,0.003799025,2931.14,238,0.999685576
COOK:8300033,COOK:8300033,COOK:Northfield Precinct 33,,,,,,,,TRUE,,0.481759525,0.073461187,0.029387786,0.410908563,0.002564887,1.5e-07,0.4861,0.7301,0.2699,0.8704,0.0058,0.0,0.0008,0.1161,0.051069087,0.095748967,0.054061192,0.183091192,0.108188449,0.174823201,0.141560858,0.099876042,0.091581011,0.027993994,0.020490763,0.038748187,0.059183125,0.023690731,0.033382859,0.171094367,0.100072757,0.015101947,0.052977367,0.058118552,0.085121179,0.076548852,0.062548764,0.072244476,0.10268208,,0.177601482,0.25,48.0,-0.344262295,61.0,0.216117216,273.0,53.7,51933,158.3993938,0.810881344,-0.562143511,-0.891758309,-0.312061331,-0.409034417,-0.238770452,-0.539631989,-0.201438124,-0.409034417,complete,COOK,Northfield Precinct 33,0,0,0,Northfield,1,0,0,206,137,91,136,102,68,0.14782,24.0497440828323,33,0.81612,33.78415264066981,46,0.03404,17.73761685199336,24,0.00096,7.095246500162713,10,0.00022,4.0736615396164755,6,0.00072,6.631171897102408,9,0.00012,3.212837107537815,4,COOK:8300033,COOK:8300033,COOK:NORTHFIELD PRECINCT 33,1.0,80.28554724,2.329743288,2.329743288,2.329743288,2.329743288,5.73599303,2.329743288,2.329743288,18.945996252183804,25.593161622563294,13.292087197383943,5.475808083495,3.2609036229938253,5.801684429917619,2.6499818413913108,23.936909121080987,33.51092831627476,17.647749022433864,7.146570861341209,3.989535075144264,6.572662326193047,3.152897948425088,16.679720638375212,27.082511939575028,16.59607345836332,8.74126387569145,2.9625924803421797,0.010380841821753143,0.013965539147832603,1.0,0.3,0.2,1.000000034,1.000003875,1.000006199,1.0000031,1.3999969,1.000228011,426.4016665,425.9263992,1.725375387,0.439633453,1.285741934,0.004046362,0.001031031,0.00301533,1082.19,43,0.865413964
COOK:8300043,COOK:8300043,COOK:Northfield Precinct 43,,,,,,,,TRUE,,0.657690264,0.011790302,0.010915841,0.310326666,0.004199327,9.62e-07,0.4503,0.8579,0.1421,0.7455,0.11,0.0001,0.0002,0.1209,0.113029634,0.070981225,0.047935287,0.122266951,0.109551205,0.155897933,0.072198007,0.147076887,0.161062873,0.015981025,0.014443229,0.013031587,0.015918284,0.014449827,0.01446445,0.004384193,0.001564894,6.32e-05,0.053565045,0.099806572,0.143108311,0.086722563,0.094017922,0.088368798,0.340110064,,-0.427180367,0.5,168.0,-0.102564103,156.0,0.193162393,585.0,57.0,130982,232.6955447,-1.765594711,0.972449942,-0.043452022,-0.385087858,-0.133206893,-0.305421162,-0.080813065,-0.471224087,-0.133206893,complete,COOK,Northfield Precinct 43,0,0,0,Northfield,1,0,0,444,296,197,197,148,99,0.1581,24.42376050577134,72,0.81148,34.04644260844002,101,0.02882,17.43079661915737,52,0.00066,6.885217372380385,20,0.00032,3.9422975449441457,12,0.00054,6.614302419172431,20,8e-05,3.1390431484046353,9,COOK:8300043,COOK:8300043,COOK:NORTHFIELD PRECINCT 43,1.0,72.0956372,3.792249514,3.792249514,3.792249514,3.792249514,5.150865712,3.792249514,3.792249514,19.177074873179663,25.742317887095144,13.07281178072547,5.217786085218577,3.202260354895897,5.798816481933641,2.64641430349024,24.294467724834004,33.79019893330719,17.402100720326736,6.826359631534297,3.919224460013883,6.572682584281071,3.152218616596019,16.910799259371075,27.231668204106878,16.37679804170485,8.483241877415027,2.9039492122442514,0.007512893837775636,0.01039800124676192,1.0,0.3,0.2,1.000000076,1.000000023,1.000000037,1.000000019,1.399999981,1.000046327,233.1007269,232.8893167,0.842641354,0.164729332,0.677912022,0.003614924,0.000706687,0.002908236,991.46,0,0.057568774
COOK:8300049,COOK:8300049,COOK:Northfield Precinct 49,,,,,,,,TRUE,,0.52831508,0.048237719,0.03534653,0.388902766,0.00401713,0.0,0.4813,0.7423,0.2577,0.6716,0.1161,0.0,0.0002,0.2014,0.116666557,0.172585758,0.06451288,0.088709529,0.182261918,0.122041466,0.147849705,0.074728442,0.030643746,0.014679165,0.016311465,0.013046866,0.011419179,0.011416873,0.0,0.078306559,0.013049172,0.0,0.06525047,0.047311318,0.115826386,0.009782267,0.086456527,0.057093585,0.46005017,,-0.269352965,,,-0.203703704,108.0,,,50.2,165014,198.8164999,-1.093222478,,-0.398429271,,,,,-0.16662278,-0.16662278,demographic_only,COOK,Northfield Precinct 49,0,0,0,Northfield,1,0,0,299,199,133,170,128,85,0.1532,24.08758175659119,48,0.81156,33.74615459431147,67,0.0333,17.663707392305177,35,0.00096,7.193529989770816,14,0.00016,4.021321451647739,8,0.00062,6.652904569340571,13,0.0002,3.1947673139204102,6,COOK:8300049,COOK:8300049,COOK:NORTHFIELD PRECINCT 49,1.0,73.29700725,3.577715879,3.577715879,3.577715879,3.577715879,5.236697477,3.577715879,3.577715879,18.946241019599412,25.593540116395896,13.292349123103559,5.476242253215343,3.260942811370901,5.801346844778542,2.6493334866707756,23.937067560868456,33.51115874566332,17.647931230546575,7.147062561868905,3.9894784488501607,6.572314635222601,3.1522394878731834,16.67996540579082,27.08289043340763,16.596335384082938,8.741698045411793,2.9626316687192555,0.010043256682676242,0.01331718442729708,1.0,0.3,0.2,1.000000021,1.000000336,1.000000537,1.000000269,1.399999731,1.000079597,304.3368166,304.1108798,0.677810282,0.0,0.677810282,0.002227171,0.0,0.002227171,1597.98,199,1.0
COOK:8300051,COOK:8300051,COOK:Northfield Precinct 51,,,,,,,,TRUE,,0.669932263,0.045271922,0.01841806,0.25326262,0.007179084,0.001560917,0.4967,0.5251,0.4749,0.6186,0.1288,0.0,0.0,0.2526,0.078802891,0.145784984,0.033276447,0.047230771,0.109341923,0.210536425,0.088267441,0.145019132,0.141739986,0.074022154,0.036007526,0.017024795,0.048495766,0.032506801,0.102003296,0.048493306,0.0,0.015538605,0.013518004,0.026041551,0.040616581,0.114056491,0.053556611,0.065665444,0.312453074,,-0.395697855,0.510703364,327.0,-0.259475219,343.0,-0.045630317,1293.0,57.8,110024,585.7508539,-1.631473724,1.038151192,-0.594174744,-1.144762735,-0.479335105,-0.583065003,-0.481557053,-0.283909151,-0.479335105,complete,COOK,Northfield Precinct 51,0,0,0,Northfield,1,0,0,993,662,441,487,366,244,0.48282,30.30551166824177,201,0.49914,30.47453148093542,202,0.0169,15.341313231165547,102,0.00042,5.446943226530654,36,0.00032,5.029272609169314,33,0.00034,6.698912927683471,44,6e-05,3.320236937006987,22,COOK:8300051,COOK:8300051,COOK:NORTHFIELD PRECINCT 51,1.0,81.81980374,2.055764738,2.055764738,2.055764738,2.055764738,5.845607834,2.055764738,2.055764738,22.05040871982507,21.409932827268,10.446308811605618,3.6218482366806635,3.707427047466849,5.797710637940728,2.644627963202532,30.134707971930116,30.30556354893441,15.270876921122081,5.38349231002927,4.939105976215119,6.672325203321024,3.2511807393411765,19.784133106016483,22.899283144279735,13.750295072584997,6.8873040288771135,3.4091159048152035,0.006407049844862966,0.008611660959053361,1.0,0.3,0.2,1.000002221,1.000001079,1.000001727,1.000000863,1.399999137,1.003164534,755.6133524,755.0740467,4.849174393,1.077980119,3.771194273,0.006417534,0.001426629,0.004990905,2880.99,662,1.0
COOK:8300053,COOK:8300053,COOK:Northfield Precinct 53,,,,,,,,TRUE,,0.677387491,0.016466326,0.010968177,0.288771029,0.000919245,0.000913098,0.5002,0.666,0.334,0.6394,0.1218,0.0,0.0,0.2302,0.135009569,0.124270733,0.031329374,0.06980691,0.15913233,0.118119582,0.165367521,0.125266341,0.071697642,0.026571614,0.012080275,0.024145265,0.004848554,0.012079515,0.009665958,1.21e-05,1.71e-05,0.007240861,0.02419845,0.048359145,0.111152126,0.058004027,0.077310963,0.161747618,0.422566502,,-0.482417313,0.54973822,191.0,-0.283236994,173.0,0.143369176,558.0,57.4,176063,229.4265141,-2.000913725,1.27776173,-0.677573229,-0.543495776,-0.353721201,-0.48605525,-0.392024796,-0.401592789,-0.353721201,complete,COOK,Northfield Precinct 53,0,0,0,Northfield,1,0,0,414,276,184,183,138,92,0.15682,24.47332222402774,68,0.81206,34.08204220119538,94,0.0297,17.39440246379868,48,0.0007,6.794258796426482,19,0.00022,3.9823758908922606,11,0.00042,6.63104155771343,18,8e-05,3.170495975085503,9,COOK:8300053,COOK:8300053,COOK:NORTHFIELD PRECINCT 53,1.0,78.93604899,2.570728793,2.570728793,2.570728793,2.570728793,5.63957826,2.570728793,2.570728793,19.2233066060407,25.772173894847935,13.028973828269908,5.166388712862926,3.190534264335924,5.7983181240991,2.6457027596593456,24.366087270308594,33.8460708949106,17.35277093198327,6.762379140510877,3.905106555265416,6.57275751579793,3.152080362116524,16.95703099223211,27.26152421185967,16.332960089249287,8.431844505059376,2.892223121684278,0.007014536003234696,0.009686457415867234,1.0,0.3,0.2,1.000000826,1.000000071,1.000000114,1.000000057,1.399999943,1.0002895,460.7456873,460.3405834,2.505402954,0.468048104,2.03735485,0.005437713,0.001015849,0.004421864,1749.24,276,0.999265012
COOK:8000011,COOK:8000011,COOK:Maine Precinct 11,,,True,,,,,,,0.645315084,0.0901276,0.020678019,0.249284021,0.013033045,0.005422739,0.3173,0.8016,0.1984,0.868,0.0219,0.0,0.0047,0.1055,0.142596436,0.135062772,0.054932877,0.168190618,0.151973851,0.146762134,0.058653129,0.061569932,0.080258252,0.00544645,0.0,0.045474623,0.010738485,0.021422669,0.045492175,0.051040081,1.9e-05,0.00537135,0.019000292,0.125750458,0.085835011,0.056386589,0.219442,0.174156314,0.134424466,,-0.13320307,,,-0.31147541,61.0,,,47.4,128193,138.4880253,-0.513200203,,-0.776683717,,,,,-0.593924937,-0.593924937,demographic_only,COOK,Maine Precinct 11,0,0,0,Maine,1,0,0,143,95,63,115,87,58,0.47764,29.82301407743074,28,0.50006,30.08497855746992,29,0.02076,15.675764338552412,15,0.0006,5.914580286773027,6,0.00048,5.076345790931355,5,0.00036,6.812980062626217,6,0.0001,3.2605863990547483,3,COOK:8000011,COOK:8000011,COOK:MAINE PRECINCT 11,1.0,83.93753017,1.677593539,1.677593539,1.677593539,1.677593539,5.996908592,1.677593539,1.677593539,21.72850916564078,21.203604462244535,10.755017807965368,3.982593668990215,3.7897854736178562,5.7976838848074115,2.644526372590352,29.58107029065815,29.90127299233567,15.650123597131977,5.869226590620394,5.0414534331444365,6.667662534230649,3.246443232771938,19.46223355183219,22.69295477925627,14.059004068944747,7.248049461186665,3.4914743309662106,0.006380296711546182,0.008510070346873566,1.0,0.3,0.2,1.000006993,1.005890117,1.009424187,1.004712094,1.395287906,1.099180115,249.7576847,249.1498739,1.215746918,0.314017697,0.901729221,0.004867706,0.001257289,0.003610416,1097.21,95,1.0
COOK:8000015,COOK:8000015,COOK:Maine Precinct 15,,,True,,,,,,,0.572795276,0.05059736,0.013320026,0.356417369,0.009205733,0.000583678,0.3396,0.9628,0.0372,0.9028,0.0209,0.0,0.0,0.0763,0.136565942,0.074503675,0.082930509,0.212736796,0.072344186,0.187481585,0.095901582,0.092759752,0.044775973,0.018911743,0.007940693,0.003163441,0.037959742,0.025217274,0.023778669,0.056708377,0.006300991,0.020560691,0.082061086,0.017428651,0.080502006,0.146641844,0.099366111,0.173371561,0.20008712,,-0.195598215,0.327433628,113.0,-0.359223301,103.0,0.167883212,411.0,50.9,120367,231.2096217,-0.779014392,-0.086826957,-0.944268074,-0.465508901,-0.585429949,-0.568904581,-0.660502648,-0.618108171,-0.585429949,complete,COOK,Maine Precinct 15,0,0,0,Maine,1,0,0,282,188,125,100,75,50,0.47538,29.807486833560542,56,0.50128,30.148398976151476,57,0.02172,15.680758114952612,29,0.00068,5.9270136997297564,11,0.00026,5.08551486407829,10,0.0005,6.769561743565131,13,0.00018,3.242071468757421,6,COOK:8000015,COOK:8000015,COOK:MAINE PRECINCT 15,1.0,83.79531025,1.702990342,1.702990342,1.702990342,1.702990342,5.986747703,1.702990342,1.702990342,21.727317536329863,21.201761797264755,10.753742644913117,3.9816320668249343,3.7895946883425577,5.7999550159688065,2.6479689954312047,29.579820022662357,29.89916201507591,15.648625825422219,5.868017895705,5.041760148048505,6.6699572868792325,3.2499094770999797,19.46104192252127,22.69111211427649,14.057728905892496,7.247087859021384,3.491283545690912,0.008651427872941236,0.011952693187726134,1.0,0.3,0.2,1.0000154,1.002643951,1.004230321,1.002115161,1.397884839,1.177057709,448.8390684,448.0496865,1.579223218,0.529170315,1.050052904,0.003518462,0.001178976,0.002339486,1856.38,188,1.0
COOK:8000032,COOK:8000032,COOK:Maine Precinct 32,,,True,,,,,,,0.697155997,0.052780152,0.011796642,0.231780954,0.011342899,0.001300863,0.2826,0.8071,0.1929,0.8851,0.0315,0.0,0.0,0.0835,0.158710269,0.092180344,0.063698918,0.11371237,0.106239011,0.207338263,0.075258901,0.061856206,0.121005718,0.004266744,0.003686909,0.004285046,0.004298294,0.045570459,0.01561679,0.009959278,0.018959925,0.007946121,0.062423305,0.022183758,0.199727286,0.249387501,0.115329192,0.16895506,0.06740433,,0.023782904,0.184615385,130.0,-0.46969697,132.0,0.180722892,498.0,53.5,110132,276.9760507,0.1555874,-0.96349872,-1.332005803,-0.424661832,-0.789904059,-0.641144739,-0.928076272,-0.792820859,-0.789904059,complete,COOK,Maine Precinct 32,0,0,0,Maine,1,0,0,312,208,139,104,78,52,0.47616,29.789944377059506,62,0.50274,30.073413505658735,63,0.01964,15.743577639386558,33,0.00058,5.918792645926785,12,0.0004,5.0738054708852385,11,0.0004,6.696941689959357,14,8e-05,3.284749104012022,7,COOK:8000032,COOK:8000032,COOK:MAINE PRECINCT 32,1.0,86.66894086,1.189834196,1.189834196,1.189834196,1.189834196,6.19205396,1.189834196,1.189834196,21.728703849817627,21.203905510323416,10.755226139589054,3.982214214158941,3.789816643440498,5.797020540164136,2.6438306585501095,29.581610819353703,29.902014070200387,15.650611205565628,5.868779333995812,5.041463696069075,6.667012608282135,3.245760937426457,19.462428236009035,22.69325582733515,14.059212400568432,7.247670006355391,3.4915055007888522,0.005716952068270959,0.00781435630663108,1.0,0.3,0.2,1.00001618,1.008797441,1.014075906,1.007037953,1.392962047,1.274381893,506.7854229,506.3877911,1.777822056,0.646895772,1.130926284,0.003508037,0.001276469,0.002231568,2110.24,208,1.0
COOK:8000040,COOK:8000040,COOK:Maine Precinct 40,,,True,,,,,,,0.525263665,0.037732184,0.014798216,0.414095745,0.002961034,1.95e-06,0.3754,0.9604,0.0396,0.9378,0.0113,0.0,0.0,0.0508,0.115453682,0.107800812,0.080026729,0.08496515,0.105100715,0.183646279,0.154552831,0.118912394,0.049541407,0.01282788,0.017000853,5.15e-05,0.025396518,0.014875223,0.099526872,0.052883604,3.46e-05,0.042321083,0.048710551,0.046644959,0.070125187,0.154488214,0.12917545,0.086928239,0.19900926,,0.025942733,0.56097561,82.0,-0.108433735,83.0,0.220630372,349.0,55.3,111263,223.7800066,0.164788648,1.34674103,-0.06405311,-0.297703559,0.264559076,0.287443252,0.194259804,-0.602770535,0.264559076,complete,COOK,Maine Precinct 40,0,0,0,Maine,1,0,0,260,173,115,182,137,91,0.1706,22.064584683260772,38,0.63894,29.446668765264267,51,0.18604,22.421806377763296,39,0.00214,7.829003356230882,14,0.00066,5.283729390081428,9,0.00138,6.601615023149793,11,0.00024,3.123138548789096,5,COOK:8000040,COOK:8000040,COOK:MAINE PRECINCT 40,1.0,55.83586014,7.237152956,7.237152956,7.237152956,7.237152956,3.989187539,7.237152956,3.989187539,17.86816870651321,23.035260797998724,17.330913018517453,6.196542701220398,4.253670061115313,5.801335425716298,2.649894325545073,21.921720579264772,29.170925397133573,22.282750546611517,7.7606015231876375,5.1698694897485815,6.535444012179998,3.115941122767122,15.60189309270462,24.524611115010458,20.634899279496832,9.461998493416848,3.9553589184636677,0.010031837620432305,0.013878023301594542,1.0,0.3,0.2,1.000008372,1.001133036,1.001812857,1.000906429,1.399093571,1.079165544,425.3317478,424.5812083,1.503486969,0.503201277,1.000285692,0.003534857,0.00118308,0.002351778,1483.31,173,1.0
COOK:8000051,COOK:8000051,COOK:Maine Precinct 51,,,True,,,,,,,0.503659235,0.132234321,0.039916079,0.32521659,0.007284125,0.001039386,0.2446,0.6885,0.3115,0.8758,0.0067,0.0747,0.0034,0.0394,0.120425887,0.184237103,0.162345726,0.09476249,0.112425525,0.145224773,0.0948433,0.047430743,0.038304451,0.050227929,5.91e-05,0.057368648,0.01791113,0.029869569,0.039422736,0.031061928,0.021508128,0.008442907,0.120549554,0.150466023,0.202980248,0.013243666,0.074007245,0.074176701,0.108704535,,0.169009174,0.365384615,104.0,-0.487179487,78.0,0.318435754,358.0,45.8,72320,229.4265141,0.774276614,0.146130388,-1.393365505,0.013446188,-0.331642291,-0.114878079,-0.587339776,-0.218722514,-0.331642291,complete,COOK,Maine Precinct 51,0,0,0,Maine,1,0,0,251,167,111,204,153,102,0.1523,24.0294398522581,40,0.8121,33.838210743589315,57,0.03368,17.685868693287897,30,0.00106,7.147211079174778,12,0.00022,4.053416865339283,7,0.00058,6.599303486761632,11,6e-05,3.14359555047371,5,COOK:8000051,COOK:8000051,COOK:MAINE PRECINCT 51,1.0,78.35977412,2.673636588,2.673636588,2.673636588,2.673636588,5.598406358,2.673636588,2.673636588,18.946949392066422,25.594635501618168,13.29310715279357,5.476824289289457,3.261056225026385,5.800002422961816,2.6472895795547466,23.937848254520464,33.512354190198884,17.648779094937066,7.147753317453223,3.9893718835186522,6.570960281456824,3.1501856488081037,16.68067377825783,27.083985818629902,16.59709341377295,8.742280081485907,2.9627450823747394,0.008698834865950645,0.011273277311268233,1.0,0.3,0.2,1.000001556,1.003390737,1.005425179,1.002712589,1.397287411,1.018891627,410.6616062,409.7763729,3.503096994,2.051487608,1.451609386,0.008530374,0.004995567,0.003534807,1964.76,167,0.999535575
COOK:8000073,COOK:8000073,COOK:Maine Precinct 73,,,True,,,,,,,0.600475761,0.09521001,0.036093184,0.270423317,0.008584608,0.000368801,0.3466,0.5969,0.4031,0.8971,0.0133,0.0,0.0,0.0747,0.033137417,0.000559279,0.056875078,0.147806433,0.073889842,0.122691303,0.254351335,0.074570948,0.236118365,0.192655823,0.067966594,0.059369296,3.52e-05,0.079962927,0.092911325,1.44e-05,3.84e-05,0.014715753,0.032010014,0.048284162,0.167087472,0.043983695,0.041427596,0.12992397,0.029613472,,0.188448365,0.03125,64.0,-0.536231884,69.0,0.234285714,350.0,62.9,47394,219.9166068,0.857090955,-1.904912783,-1.565528385,-0.254261612,-0.95916489,-0.716902956,-1.128889976,-0.537345032,-0.95916489,complete,COOK,Maine Precinct 73,0,0,0,Maine,1,0,0,234,156,104,101,76,51,0.50082,31.267638192438636,49,0.48816,31.150508843023456,49,0.01028,14.502494037129605,23,0.00026,4.531412182475652,7,0.00024,4.878189826847562,8,0.00012,6.691239491476825,10,0.00012,3.330432357528797,5,COOK:8000073,COOK:8000073,COOK:MAINE PRECINCT 73,1.0,88.34885706,0.889844589,0.889844589,0.889844589,0.889844589,6.312075407,0.889844589,0.889844589,22.636615493315396,21.785574688899583,9.883899423657793,2.965883002462463,3.5573994019875794,5.798620951617342,2.6454285889915874,31.151445894991145,31.047612768455302,14.57310961965823,4.492020258013251,4.7508790396145315,6.681719621014075,3.260465469146669,20.370339879506805,23.274925005911317,13.187885684637171,6.231338794658913,3.259088259335934,0.0073173635214762115,0.009412286748108947,1.0,0.3,0.2,1.000002244,1.000967731,1.001548369,1.000774184,1.399225816,1.020790841,335.2888305,334.5872669,3.041115326,1.871842711,1.169272614,0.009070136,0.005582777,0.003487359,1564.3,156,1.0
COOK:8200003,COOK:8200003,COOK:Niles Precinct 3,,,True,,,,,,,0.746669319,0.055582461,0.023987405,0.170244544,0.002344416,9.55e-07,0.4786,0.8028,0.1972,0.6637,0.1121,0.0033,0.007,0.2029,0.138486524,0.124235228,0.060593977,0.119636149,0.118651651,0.139008885,0.151221368,0.093174343,0.054991877,0.030504887,0.005549851,0.004159899,0.012503696,0.011096422,0.019408745,0.006937799,0.019415388,0.005544009,0.031927675,0.04717425,0.127536897,0.101241811,0.104009715,0.141504486,0.331484469,,-0.249460148,0.230046948,213.0,-0.326315789,190.0,-0.041871921,812.0,53.7,143508,353.6496784,-1.008475612,-0.684622803,-0.828770109,-1.132806093,-0.895698104,-0.913668654,-0.878718395,-0.367298885,-0.895698104,complete,COOK,Niles Precinct 3,0,0,1,Niles,1,0,0,564,376,251,286,215,143,0.4724,29.80292940653427,112,0.50554,30.19662708515849,114,0.02046,15.692882012139398,59,0.00064,5.9290078229414815,22,0.00038,5.074545684662941,19,0.00046,6.757396355608463,25,0.00012,3.270642497596685,12,COOK:8200003,COOK:8200003,COOK:NILES PRECINCT 3,1.0,87.77962632,0.991494484,0.991494484,0.991494484,0.991494484,6.271406773,0.991494484,0.991494484,21.729388310736788,21.2049639201445,10.75595858152114,3.983190347113995,3.7899262287483584,5.795946891200033,2.641958510660392,29.582063365072234,29.902913651875686,15.651279641051175,5.869982821917322,5.041239868425894,6.665911746166089,3.2438615763847976,19.463112696928196,22.694314237156235,14.059944842500519,7.248646139310445,3.491615086096713,0.004643303104166911,0.00594220841691346,1.0,0.3,0.2,1.001854798,1.000140512,1.00022482,1.00011241,1.39988759,1.6,702.8715688,700.622016,4.126783068,1.034174428,3.092608641,0.005871319,0.001471356,0.004399963,2148.0,376,1.0
COOK:8200030,COOK:8200030,COOK:Niles Precinct 30,,,True,,,,,,,0.523998077,0.088933959,0.008866179,0.380600037,0.007214009,0.001602022,0.4571,0.9038,0.0962,0.6242,0.0287,0.0,0.0146,0.3204,0.040120798,0.121566973,0.077048172,0.1208914,0.211533582,0.139366692,0.109367586,0.075492382,0.104612416,0.027414384,1.29e-05,0.00551169,0.010924054,0.01461203,3.61e-05,0.036402717,0.010939844,0.072808307,0.031017317,0.041860899,0.369294698,0.113015656,0.000190244,0.07468547,0.191273699,,-0.014897334,0.388059701,134.0,-0.184210526,76.0,0.242774566,346.0,48.9,91820,189.9009618,-0.009197154,0.285318542,-0.330012601,-0.227255899,-0.102368323,-0.070286778,-0.154313487,-0.022965041,-0.102368323,complete,COOK,Niles Precinct 30,0,0,1,Niles,1,0,0,224,149,99,173,130,87,0.15592,24.12700769244972,36,0.80934,33.72806527563411,50,0.03332,17.670365006066366,26,0.00072,7.15437388132345,11,0.0002,4.054305555969163,6,0.00042,6.6036458415554335,10,8e-05,3.235649224303308,5,COOK:8200030,COOK:8200030,COOK:NILES PRECINCT 30,1.0,70.93049933,4.000313021,4.000313021,4.000313021,4.000313021,5.067622551,4.000313021,4.000313021,18.946333369697882,25.59368292111778,13.29244794698474,5.474877374501752,3.260957597041914,5.800386705891949,2.64870916749596,23.937857520986277,33.512443694438836,17.64872649761473,7.145588411970451,3.989586955101192,6.571394459209673,3.151655131572033,16.68005775588929,27.083033238129513,16.59643420796412,8.740333166698202,2.9626464543902684,0.009083117796083087,0.012692865252481506,1.0,0.3,0.2,1.056752425,1.024061822,1.038498916,1.019249458,1.380750542,1.6,223.8393014,223.5844407,1.531241102,1.019858276,0.511382826,0.006840805,0.004556207,0.002284598,1147.13,149,1.0
COOK:8200032,COOK:8200032,COOK:Niles Precinct 32,,,True,,,,,,,0.624334717,0.064145954,0.100066897,0.212999071,0.006277793,3.86e-06,0.3888,0.6903,0.3097,0.7305,0.1227,0.008,0.0447,0.0722,0.100282488,0.065442942,0.06830964,0.10322935,0.101712352,0.17002664,0.188929719,0.135139461,0.06692741,0.061762603,0.173413617,0.01764878,0.032431933,1.9e-05,0.144053153,0.017627112,0.0,0.029406507,0.017705658,0.141103565,0.085324102,0.111726851,0.047117582,0.094162034,0.026497545,,-0.007884172,0.11627907,86.0,-0.162790698,86.0,0.422222222,225.0,57.3,60631,119.1710261,0.020680138,-1.382972567,-0.254833823,0.343623656,-0.345927045,-0.318375649,-0.33321868,-0.110310572,-0.345927045,complete,COOK,Niles Precinct 32,0,0,1,Niles,1,0,0,209,139,93,88,66,44,0.15706,24.499573548700564,34,0.81226,34.08232483904806,47,0.02908,17.406161145442297,24,0.00078,6.806691153489341,9,0.00026,3.94139788596031,5,0.00034,6.608154112573647,9,0.00022,3.20982270682588,4,COOK:8200032,COOK:8200032,COOK:NILES PRECINCT 32,1.0,78.73513936,2.606606057,2.606606057,2.606606057,2.606606057,5.625224292,2.606606057,2.606606057,19.212651413849784,25.76610583815556,13.040899339952912,5.184411696277634,3.1936103199219215,5.799143721045918,2.6443767134177287,24.34700917055118,33.8301106602054,17.36410898042113,6.7841234713456195,3.9081301699604563,6.573299507639634,3.1504707107697927,16.946375800041196,27.255456155167295,16.34488560093229,8.449867488474084,2.895299177270276,0.007840132950052632,0.008360411174250406,1.0,0.3,0.2,1.086719674,1.000145885,1.000233416,1.000116708,1.399883292,1.6,98.76092634,97.87676406,1.326243416,0.972578505,0.353664911,0.013428827,0.009847807,0.003581021,817.88,139,1.0
COOK:8200038,COOK:8200038,COOK:Niles Precinct 38,,,True,,,,,,,0.55488127,0.059780896,0.022866042,0.358862392,0.002410028,0.000801739,0.3801,0.8527,0.1473,0.7848,0.0754,0.0057,0.0063,0.1049,0.067506071,0.07799363,0.075981099,0.119241764,0.120443036,0.105644176,0.184294573,0.17019965,0.078696002,0.007009183,0.006979051,1.36e-05,0.063685222,0.039810141,0.100521702,0.021900507,0.068668939,2.59e-05,0.07367074,0.060749179,0.134450367,0.098644608,0.108568504,0.148410845,0.066891495,,-0.055902759,0.379518072,332.0,-0.177966102,236.0,0.235751295,772.0,58.8,85592,416.3556298,-0.183887409,0.23288683,-0.308096078,-0.249599137,-0.139594815,-0.127173948,-0.175779241,-0.373351333,-0.139594815,complete,COOK,Niles Precinct 38,0,0,1,Niles,1,0,0,624,416,277,326,245,163,0.1553,24.68165726295354,103,0.81714,34.301442977915244,143,0.02618,17.211886835849562,72,0.00052,6.582202997317702,27,0.00016,3.902838504257437,16,0.0006,6.622773600310129,28,0.0001,3.181642797632417,13,COOK:8200038,COOK:8200038,COOK:NILES PRECINCT 38,1.0,72.33016737,3.750368489,3.750368489,3.750368489,3.750368489,5.167621697,3.750368489,3.750368489,19.383498893364106,25.87416674005149,12.873808739953738,4.986346846459432,3.1492337737014173,5.800288430991815,2.648175949974882,24.614881714543685,34.03833463683577,17.17728379749756,6.537722896148592,3.8557492342320394,6.5767273309470715,3.1565530606884877,17.117223279555517,27.363517057063223,16.177795000933116,8.251802638655882,2.8509226310497717,0.008984842895949113,0.01215964773140367,1.0,0.3,0.2,1.000225552,1.003517608,1.005628173,1.002814087,1.397185913,1.6,898.12689,894.2710592,7.472248265,3.209927107,4.262321158,0.008319814,0.003574024,0.004745789,2269.44,416,1.0
COOK:8200046,COOK:8200046,COOK:Niles Precinct 46,,,True,,,,,,,0.582284448,0.04450307,0.011965542,0.36187042,0.002510425,0.001252475,0.4712,0.965,0.035,0.7117,0.0291,0.0,0.003,0.2562,0.113291333,0.089252286,0.096384234,0.109855152,0.111491988,0.167187417,0.128140834,0.0875232,0.096873554,0.055852437,2.16e-06,0.006470195,0.009556532,0.027147815,0.027083578,0.014437781,0.017572271,0.019199786,0.016046958,0.04785545,0.17214535,0.130774025,0.044693953,0.086073807,0.325087904,,-0.056572886,0.454545455,154.0,-0.307189542,153.0,0.27198364,489.0,53.9,116561,284.1084812,-0.186742267,0.693432953,-0.761641285,-0.134332628,-0.154810708,-0.097320806,-0.287674804,-0.302091693,-0.154810708,complete,COOK,Niles Precinct 46,0,0,1,Niles,1,0,0,419,279,186,226,170,113,0.14984,24.071877963227134,67,0.81362,33.816233535128454,94,0.03468,17.722504039511563,49,0.00084,7.143385686117612,20,0.00026,4.002844120072801,11,0.00062,6.607693197821038,18,0.00014,3.184137265721755,9,COOK:8200046,COOK:8200046,COOK:NILES PRECINCT 46,1.0,72.87950956,3.652270173,3.652270173,3.652270173,3.652270173,5.206869396,3.652270173,3.652270173,18.94654169661957,25.594005065529156,13.292670877715715,5.475141959276645,3.260990951130088,5.800042209064463,2.6481312718726215,23.938042498292386,33.51272205889184,17.648931453684767,7.145892984129459,3.989547670406722,6.57104436596077,3.1510716395272773,16.68026608281098,27.08335538254089,16.596657138695093,8.740597751473095,2.9626798084784425,0.008738620968597316,0.012114969629143345,1.0,0.3,0.2,1.014814009,1.009878366,1.015805386,1.007902693,1.392097307,1.6,353.2571028,352.3278424,3.389530651,2.983209999,0.406320652,0.009595081,0.008444869,0.001150212,1499.08,279,1.0
COOK:8200050,COOK:8200050,COOK:Niles Precinct 50,,,True,,,,,,,0.54422029,0.085551412,0.021846753,0.345867578,0.00438028,0.001248558,0.2892,0.9113,0.0887,0.8226,0.0428,0.0,0.0,0.1288,0.121725184,0.133269444,0.044343224,0.082488693,0.17036932,0.123057006,0.163706934,0.105117866,0.05592233,0.050267891,0.022629259,0.023871943,0.011377422,0.013845119,0.027677707,0.023887386,0.005039029,0.041480675,0.030244897,0.028937167,0.08555569,0.134589323,0.163441758,0.243922053,0.093232679,,0.021297853,0.098214286,224.0,-0.020134228,149.0,0.245841035,541.0,54.5,125091,267.763328,0.14500065,-1.493860964,0.245858298,-0.217500494,-0.320039863,-0.330125628,-0.204843078,-0.557473437,-0.320039863,complete,COOK,Niles Precinct 50,0,0,1,Niles,1,0,0,402,268,179,223,168,112,0.15324,24.083722672707726,65,0.81278,33.73500687494808,90,0.03196,17.625150432460465,47,0.001,7.211295848877838,19,0.00032,4.139315074083309,11,0.00054,6.6236953815863,18,0.00016,3.1692280973325193,8,COOK:8200050,COOK:8200050,COOK:NILES PRECINCT 50,1.0,78.04798162,2.729314668,2.729314668,2.729314668,2.729314668,5.576130374,2.729314668,2.729314668,18.94671969400266,25.59428031013862,13.29286135279402,5.475752906671719,3.2610194493211133,5.799957534812925,2.647733107209305,23.938016703260136,33.51265826791765,17.64892364999582,7.14657107623597,3.9894814128479688,6.5709438887404685,3.150657671895198,16.680444080194068,27.083630627150352,16.5968476137734,8.741208698868169,2.9627083066694677,0.008653946717059132,0.011716804965826612,1.0,0.3,0.2,1.000082996,1.002223774,1.003558039,1.001779019,1.398220981,1.6,308.5570185,307.6973848,1.14676506,0.286913403,0.859851658,0.003716542,0.000929855,0.002786686,2171.59,268,1.0
COOK:8200052,COOK:8200052,COOK:Niles Precinct 52,,,True,,,,,,,0.538847116,0.070321273,0.026468854,0.359801209,0.011864546,1.59e-06,0.478,0.9531,0.0469,0.7266,0.0325,0.0,0.0069,0.2259,0.071034516,0.139585265,0.057741246,0.093634418,0.156008837,0.12948926,0.167644827,0.06553631,0.119325321,0.051603613,0.0,4.87e-06,0.010749434,0.032245104,2.67e-05,0.032259367,0.025793349,0.034414821,0.05589836,0.025822482,0.240867121,0.077478055,0.015071789,0.073112129,0.32465284,,-0.053734368,0.45631068,103.0,-0.011494253,87.0,0.24,350.0,55.1,98995,179.202316,-0.174649686,0.704268564,0.276182667,-0.236082667,0.187512955,0.14242972,0.214263544,-0.192403163,0.187512955,complete,COOK,Niles Precinct 52,0,0,1,Niles,1,0,0,228,152,101,156,117,78,0.15172,24.096340278597886,37,0.81416,33.82529074148912,51,0.03248,17.64303763188049,27,0.00082,7.203848706434263,11,0.00022,4.039755286895474,6,0.00056,6.655961400336818,10,4e-05,3.2007590235100483,5,COOK:8200052,COOK:8200052,COOK:NILES PRECINCT 52,1.0,59.15206759,6.479141021,6.479141021,6.479141021,6.479141021,4.226113654,6.479141021,4.226113654,18.95806270529348,25.601411969543854,13.281671876633808,5.46304599811231,3.2580535167029963,5.800414638595505,2.6482545873694696,23.955450196820465,33.52594937495524,17.636239477292715,7.130786695794965,3.9859736715744525,6.571537547461524,3.151315706993838,16.69178709148489,27.090762286555588,16.585658137613187,8.72850179030876,2.9597423740513507,0.009111050499640266,0.012238285125991065,1.0,0.3,0.2,1.018861211,1.070337315,1.112539703,1.056269852,1.343730148,1.6,476.1392699,475.5964984,3.254671089,2.170433409,1.08423768,0.006835544,0.0045584,0.002277144,1656.95,152,1.0
COOK:8200060,COOK:8200060,COOK:Niles Precinct 60,,,True,,,,,,,0.59484097,0.057910856,0.066541501,0.275406768,0.013018184,0.001444241,0.351,0.7255,0.2745,0.7815,0.0788,0.0091,0.0588,0.0595,0.09718865,0.079089517,0.066759187,0.115048867,0.089893722,0.158138429,0.180005976,0.121999447,0.091876205,0.060968886,0.129884569,0.018275071,0.061933938,0.007146694,0.119741121,0.010169443,3.14e-05,0.02739284,0.039846066,0.113909919,0.096548687,0.09753334,0.069199864,0.110764383,0.036653759,,-0.124516501,0.203703704,216.0,-0.088495575,226.0,0.482309125,537.0,57.5,63241,312.9353877,-0.476193905,-0.846327483,0.005925347,0.534779034,-0.147242327,-0.195454252,-0.106966407,-0.232537123,-0.147242327,complete,COOK,Niles Precinct 60,0,0,1,Niles,1,0,0,509,339,226,258,194,129,0.15662,24.591380653130166,83,0.81322,34.11652979971572,116,0.02852,17.420888135758045,59,0.00048,6.738053747092035,23,0.00024,3.983463404618534,14,0.00072,6.615497015485033,22,0.0002,3.206158225373991,11,COOK:8200060,COOK:8200060,COOK:NILES PRECINCT 60,1.0,72.60789906,3.700772788,3.700772788,3.700772788,3.700772788,5.18746421,3.700772788,3.700772788,19.234953247982865,25.779775070706723,13.018109267403883,5.156538250611014,3.187616944366786,5.799619137838812,2.6459956768632633,24.38267124285266,33.85787711599779,17.339164941430596,6.749673374625907,3.901318213307352,6.5741165164480435,3.1524312662308436,16.968677634174274,27.269125387718457,16.32209552838326,8.421994042807464,2.8893058017151403,0.008315549742947173,0.009979374619784794,1.0,0.3,0.2,1.257072717,1.000097239,1.000155583,1.000077791,1.399922209,1.6,497.1729256,494.5554717,4.533425349,2.757750401,1.775674948,0.009118408,0.005546864,0.003571544,2390.03,339,1.0
CITY OF CHICAGO:WARD 40 PRECINCT 15,CITY OF CHICAGO:WARD 40 PRECINCT 15,CITY OF CHICAGO:Ward 40 Precinct 15,,,,,,,,,,0.691882952,0.138821939,0.046805571,0.104928661,0.021959851,0.00077484,0.6629,0.4061,0.5939,0.3131,0.2515,0.0132,0.0263,0.3932,0.094190912,0.033383276,0.16889947,0.267121952,0.162950428,0.164695438,0.059560688,0.028609491,0.020588345,0.033602875,0.00499205,0.010188139,0.03795241,0.059110314,0.00687318,0.006215833,0.061423548,0.023018067,0.064112848,0.056251743,0.097907427,0.146665735,0.051174033,0.120942544,0.219569254,40015.0,0.283296475,0.257142857,140.0,0.164619165,407.0,0.723837209,688.0,38.9,106537,274.0042046,1.26116043,-0.518297985,0.894301149,1.303155997,0.69839397,0.735079898,0.73023822,0.577323902,0.69839397,complete,CITY OF CHICAGO,Ward 40 Precinct 15,1,0,0,,0,0,0,734,489,326,144,108,72,0.07834,17.974656686899767,88,0.49312,27.169239662696608,133,0.41814,26.117140242477838,128,0.00758,11.0597564159722,54,0.00054,5.064006995095529,25,0.00196,6.485094916537785,32,0.00032,3.1464117112564054,15,CITY OF CHICAGO:WARD 40 PRECINCT 15,CITY OF CHICAGO:WARD 40 PRECINCT 15,CITY OF CHICAGO:WARD 40 PRECINCT 15,1.2,36.94649755,11.55484493,11.55484493,11.55484493,11.55484493,2.639638886,11.55484493,2.639638886,15.50148785918971,23.403069587319305,22.960351878812453,10.480575201531193,4.474580747800847,5.795093657969858,2.64214476121304,17.81565530462439,26.855078658383235,25.94235409758356,10.937279361104762,4.991713970607368,6.41809098229418,2.997080296295711,13.23521224538112,24.89241990433104,26.264338139791832,13.746030993727643,4.1762696051492005,0.003790069873992233,0.006128458969561856,0.2,0.3,1.0,1.001821548,1.5,1.8,1.4,1.0,1.001560105,372.1985129,331.2662687,86.18701809,60.89443021,25.29258787,0.231561962,0.163607398,0.067954565,1790.911297,489,1.0
CITY OF CHICAGO:WARD 40 PRECINCT 16,CITY OF CHICAGO:WARD 40 PRECINCT 16,CITY OF CHICAGO:Ward 40 Precinct 16,,,,,,,,,,0.67034891,0.171483883,0.035321443,0.102119833,0.015107046,0.00367985,0.5692,0.5313,0.4687,0.4158,0.1681,0.0001,0.0331,0.3829,0.068355952,0.084819092,0.125189636,0.258165525,0.173056989,0.119821532,0.102214504,0.034127175,0.034249596,3.51e-10,2.31e-10,0.033218554,0.01003044,0.023845199,2.88e-09,0.00234543,0.079424301,0.0249264,0.09948518,0.036171134,0.138039132,0.13716999,0.061442678,0.14820266,0.205698899,40016.0,0.326490081,0.434920635,315.0,0.265536723,354.0,0.699088146,658.0,41.6,109571,257.6590514,1.445172718,0.572968472,1.248499078,1.224421427,1.10309806,1.122765424,1.12824479,0.338363312,1.10309806,complete,CITY OF CHICAGO,Ward 40 Precinct 16,1,0,0,,0,0,0,671,447,298,156,117,78,0.083,18.103330104099154,81,0.50112,27.204795066425095,122,0.4051,25.886278738880108,116,0.0079,11.200567905896024,50,0.0007,5.038619698988719,23,0.00198,6.534348009620536,29,0.0002,3.115630030585813,14,CITY OF CHICAGO:WARD 40 PRECINCT 16,CITY OF CHICAGO:WARD 40 PRECINCT 16,CITY OF CHICAGO:WARD 40 PRECINCT 16,1.2,22.6838977,14.81496092,14.81496092,14.81496092,14.81496092,1.620648841,14.81496092,1.620648841,15.501514415062003,23.33861889970344,22.629154939520816,10.565199445582511,4.4391106414014505,5.7946956253258985,2.6417778751334464,17.89714471136701,26.909630150597344,25.673625728413903,11.080745404527738,4.971237576195339,6.42292431961298,3.001944780178876,13.235238801253413,24.827969216715175,25.933141200500195,13.830655237778961,4.1407994987498045,0.0033920372300330444,0.005761572889968196,0.2,0.3,1.0,1.000896062,1.5,1.8,1.4,1.0,1.001037589,341.5990862,303.9978317,77.81055625,55.14576896,22.66478729,0.227783268,0.161434182,0.066349086,1442.84694,447,1.0
CITY OF CHICAGO:WARD 40 PRECINCT 19,CITY OF CHICAGO:WARD 40 PRECINCT 19,CITY OF CHICAGO:Ward 40 Precinct 19,,,,,,,,,,0.685831811,0.174298921,0.038719753,0.085215051,0.022328217,0.00241334,0.4928,0.5294,0.4706,0.3934,0.2467,0.0071,0.0272,0.312,0.133370862,0.063410589,0.121482972,0.315232449,0.160515294,0.078147948,0.065369286,0.037553458,0.024917142,0.020501229,0.009303558,0.027616471,0.022964584,0.04082349,0.011058122,0.008255043,0.008333679,0.061983651,0.105646418,0.079809681,0.094719372,0.172538071,0.099477645,0.056313206,0.18065578,40019.0,0.244617689,0.233160622,193.0,0.088161209,397.0,0.620289855,690.0,37.8,101302,308.7748033,1.096382062,-0.665509908,0.625950922,0.973739226,0.460597462,0.507640576,0.484259531,0.334082073,0.460597462,complete,CITY OF CHICAGO,Ward 40 Precinct 19,1,0,0,,0,0,0,735,490,327,136,102,68,0.07796,17.949232934722964,88,0.48702,27.15741688059689,133,0.42564,26.197013417965863,128,0.00688,10.925851171382215,54,0.0005,5.052832885265225,25,0.00174,6.616310182986125,32,0.00026,3.076880297027086,15,CITY OF CHICAGO:WARD 40 PRECINCT 19,CITY OF CHICAGO:WARD 40 PRECINCT 19,CITY OF CHICAGO:WARD 40 PRECINCT 19,1.2,47.15470991,9.221472573,9.221472573,9.221472573,9.221472573,3.368963614,9.221472573,3.368963614,15.501674240167695,23.42968602599134,23.095575674625838,10.44524631009258,4.489068676152208,5.794402112117771,2.641007401892386,17.783304811312593,26.834068738468176,26.05220636536918,10.878398681365185,5.000116143560518,6.415307215142302,2.993850715675266,13.235398626359105,24.919036343003075,26.399561935605217,13.71070210228903,4.1907575335005625,0.003098524021905219,0.004991099648907571,0.2,0.3,1.0,1.000371731,1.5,1.8,1.4,1.0,1.003063035,465.580744,454.8362011,29.1513435,19.86628165,9.285061856,0.062612863,0.042669895,0.019942968,2155.702375,3,0.508697605
CITY OF CHICAGO:WARD 40 PRECINCT 20,CITY OF CHICAGO:WARD 40 PRECINCT 20,CITY OF CHICAGO:Ward 40 Precinct 20,,,,,,,,,,0.71342699,0.153159543,0.037830372,0.077687512,0.019209586,0.002032058,0.5615,0.4115,0.5885,0.4239,0.2549,0.0095,0.0794,0.2252,0.100614834,0.025387032,0.204512678,0.350935844,0.130848749,0.064937156,0.070331446,0.043549817,0.008882445,0.041514855,0.010578231,0.016249114,0.007025551,0.019353525,0.017640732,0.025214576,0.017112323,0.0474354,0.076204634,0.081372309,0.155253684,0.139623548,0.137715161,0.068317029,0.139389327,40020.0,0.428342713,0.333333333,147.0,-0.083900227,441.0,0.591478697,798.0,35.9,97592,316.501603,1.879082677,-0.050612362,0.022053985,0.882081852,0.497448669,0.683151538,0.365229158,0.463813722,0.497448669,complete,CITY OF CHICAGO,Ward 40 Precinct 20,1,0,0,,0,0,0,1160,773,515,174,131,87,0.0779,17.942210305367155,139,0.48232,27.054036256793935,209,0.43066,26.364066120787932,204,0.00646,10.887673595766495,84,0.00072,5.076626537706022,39,0.00164,6.570096147749766,51,0.0003,3.0564293176565154,24,CITY OF CHICAGO:WARD 40 PRECINCT 20,CITY OF CHICAGO:WARD 40 PRECINCT 20,CITY OF CHICAGO:WARD 40 PRECINCT 20,1.2,45.5251392,9.593956523,9.593956523,9.593956523,9.593956523,3.252539094,9.593956523,3.252539094,15.501745408770535,23.448926312084048,23.19382501709205,10.41989660311847,4.499593224583911,5.794201767676297,2.6406166855123874,17.75960963859379,26.818435746863656,26.131557930227494,10.835972669466921,5.006164429036577,6.413579564055155,2.991932692649594,13.235469794961945,24.938276629095782,26.497811278071428,13.68535239531492,4.201282081932265,0.002898179580431464,0.0046003832689087715,0.2,0.3,1.0,1.000366713,1.5,1.8,1.4,1.0,1.001837832,684.1071611,659.1939165,55.27444615,34.28501082,20.98943533,0.080797935,0.050116433,0.030681502,2575.624972,773,0.999999975
CITY OF CHICAGO:WARD 41 PRECINCT 28,CITY OF CHICAGO:WARD 41 PRECINCT 28,CITY OF CHICAGO:Ward 41 Precinct 28,,,,,,,,,,0.852636121,0.08716025,0.014264664,0.033653522,0.015195415,0.000491333,0.4313,0.6533,0.3467,0.6743,0.1277,0.0,0.0501,0.1381,0.157038563,0.096756158,0.109407407,0.21331126,0.074965463,0.16827765,0.079500709,0.063756034,0.036986755,0.024331387,0.006216302,0.02589141,0.021067132,0.014400398,0.06273745,0.073135533,0.002869063,0.030511114,0.013272232,0.09222382,0.091129056,0.133269166,0.085424518,0.110061228,0.21346019,41028.0,-0.140610918,-0.023809524,84.0,-0.695067265,446.0,0.243979058,955.0,44.9,107919,399.1189228,-0.544758926,-2.242888724,-2.123004844,-0.22342403,-1.441343723,-1.283519131,-1.609240865,-0.325778325,-1.441343723,complete,CITY OF CHICAGO,Ward 41 Precinct 28,1,0,0,,0,0,0,704,469,313,149,112,75,0.3304,25.58266093125233,120,0.58028,28.974106866257397,136,0.08312,18.86513515270901,88,0.00362,8.605907590662335,40,0.0008,5.0403358699116305,24,0.0014,6.641462018607608,31,0.00038,3.237257576386758,15,CITY OF CHICAGO:WARD 41 PRECINCT 28,CITY OF CHICAGO:WARD 41 PRECINCT 28,CITY OF CHICAGO:WARD 41 PRECINCT 28,1.5,91.065444,0.404732384,0.404732384,0.404732384,0.404732384,6.506161694,0.404732384,0.404732384,18.81121279667674,21.448587281453605,14.457428058045778,7.287925233751315,3.922872656199181,5.792497509505568,2.6379670556359054,25.285596388777616,28.61156471212046,18.741257244578264,8.58361476592732,4.974575064840828,6.591618368880014,3.169026125768699,16.544937182868154,22.93793759846534,17.761414319025157,10.553381025947765,3.6245615135475355,0.0011939214097030075,0.0019507533924271285,0.2,0.3,1.0,1.000000469,1.0,1.0,1.0,1.0,1.12679101,525.9261399,521.9510405,9.267638444,3.420471105,5.847167338,0.017621559,0.00650371,0.011117849,2620.018388,9,0.609183278
CITY OF CHICAGO:WARD 41 PRECINCT 29,CITY OF CHICAGO:WARD 41 PRECINCT 29,CITY OF CHICAGO:Ward 41 Precinct 29,,,,,,,,,,0.876320575,0.072774611,0.012703781,0.029260312,0.011296139,1.16e-11,0.3957,0.9681,0.0319,0.7425,0.058,0.0,0.0936,0.105,0.140132461,0.095796664,0.083418392,0.159457931,0.109438031,0.199110676,0.123130393,0.045379503,0.044135948,0.080090387,4.13e-10,0.026317985,0.009626214,0.001698702,0.01518926,0.022947001,0.003044049,0.021465378,0.001698702,0.032895714,0.058438788,0.084239886,0.109873975,0.133387682,0.399086275,41029.0,-0.117679931,0.022222222,45.0,-0.72875226,553.0,0.155190134,973.0,50.9,162173,398.8217382,-0.447068926,-1.96032866,-2.2412316,-0.505889583,-1.468045959,-1.288629692,-1.658566341,-0.52493792,-1.468045959,complete,CITY OF CHICAGO,Ward 41 Precinct 29,1,0,0,,0,0,0,863,575,383,139,105,70,0.3469,26.115535822524905,150,0.5892,29.223968452886197,168,0.05764,17.62401716943814,101,0.00408,9.243265207863688,53,0.00074,4.947167768572067,28,0.00102,6.737933742529279,39,0.00042,3.2253368729123975,19,CITY OF CHICAGO:WARD 41 PRECINCT 29,CITY OF CHICAGO:WARD 41 PRECINCT 29,CITY OF CHICAGO:WARD 41 PRECINCT 29,1.5,91.15823671,0.388162004,0.388162004,0.388162004,0.388162004,6.51279126,0.388162004,0.388162004,18.811254331980336,21.20738881129051,13.218420668077961,7.6077380862319846,3.790177296375918,5.792350384957589,2.6377183721824538,25.774180522003768,28.857234395191448,17.47120887448427,9.162992415565801,4.881191751814617,6.616569256925048,3.1938754549082615,16.544978718171745,22.696739128302244,16.52240692905734,10.873193878428435,3.4918661537242723,0.0010467968617238824,0.001702069938975289,0.2,0.3,1.0,1.00000123,1.0,1.0,1.0,1.0,1.314687698,600.5958227,595.7523081,10.897908,4.036262234,6.861645766,0.018145161,0.00672043,0.011424731,1963.464304,575,0.999999988
CITY OF CHICAGO:WARD 41 PRECINCT 30,CITY OF CHICAGO:WARD 41 PRECINCT 30,CITY OF CHICAGO:Ward 41 Precinct 30,,,,,,,,,,0.816991162,0.117419842,0.013211712,0.037370594,0.012476461,2.91e-11,0.3154,0.8291,0.1709,0.8386,0.0913,0.0,0.0,0.0701,0.135765976,0.060369677,0.103575349,0.139512749,0.106488211,0.183555981,0.134493866,0.081668797,0.054569393,0.100598319,0.010798118,0.023329962,0.014563308,0.009593901,0.014405079,0.003894968,0.023235307,0.020708478,0.039596894,0.032321757,0.079360335,0.112131385,0.129859695,0.132866903,0.252735591,41030.0,-0.023287169,0.186206897,145.0,-0.74566474,346.0,0.130998703,771.0,52.3,127977,338.196079,-0.044939313,-0.953729424,-2.3005906,-0.58285015,-1.196092501,-0.970527372,-1.462105146,-0.790004389,-1.196092501,complete,CITY OF CHICAGO,Ward 41 Precinct 30,1,0,0,,0,0,0,528,352,235,141,106,71,0.34874,26.06078558557182,92,0.58872,29.233914714663868,103,0.05636,17.610984588717354,62,0.004,9.25892422066844,33,0.00098,4.984531548861859,18,0.00086,6.718690231471959,24,0.00034,3.292960334255801,12,CITY OF CHICAGO:WARD 41 PRECINCT 30,CITY OF CHICAGO:WARD 41 PRECINCT 30,CITY OF CHICAGO:WARD 41 PRECINCT 30,1.8,89.97440038,0.599564571,0.599564571,0.599564571,0.599564571,6.42821219,0.599564571,0.599564571,18.811177653873642,21.207249316605647,13.218307241490745,7.607713893854394,3.790162853418492,5.7925531859258905,2.638130408557064,25.774029105245152,28.856993345421486,17.47102924776437,9.162947188247491,4.881198306748573,6.616770022038306,3.1942854554278286,16.544902040065054,22.69659963361738,16.522293502470124,10.873169686050844,3.4918517107668463,0.0012495978300252559,0.002114106313585656,0.2,0.3,1.0,1.000002329,1.0,1.0,1.0,1.0,1.361497555,437.0584538,435.4863011,3.144305472,2.096203609,1.048101864,0.007194245,0.004796163,0.002398082,1895.999977,352,1.0
CITY OF CHICAGO:WARD 41 PRECINCT 31,CITY OF CHICAGO:WARD 41 PRECINCT 31,CITY OF CHICAGO:Ward 41 Precinct 31,,,,,,,,,,0.869079097,0.086009151,0.007262446,0.0243495,0.006512171,2.2e-11,0.4514,0.9693,0.0307,0.756,0.0522,0.0,0.0096,0.1821,0.17681259,0.094356381,0.057548589,0.148205739,0.128872126,0.167779593,0.124048349,0.040125549,0.062251083,0.086971911,0.003548198,0.021057107,0.049618988,0.001831684,0.020797798,0.017332629,0.032671553,0.055321098,0.020353727,0.015945934,0.030493585,0.138909063,0.126004786,0.173430176,0.205711765,41031.0,-0.06699621,0.373134328,134.0,-0.751412429,354.0,0.138282387,687.0,51.1,126021,304.0198496,-0.231147443,0.193701023,-2.320763696,-0.559678455,-0.938433768,-0.729472143,-1.256692079,-0.594217625,-0.938433768,complete,CITY OF CHICAGO,Ward 41 Precinct 31,1,0,0,,0,0,0,522,348,232,149,112,75,0.3465,26.041678867717405,91,0.59076,29.19115003437824,102,0.05642,17.67557253416967,62,0.00438,9.261562671545875,32,0.0006,4.928826622332869,17,0.00106,6.728005501383979,23,0.00028,3.229950356117188,11,CITY OF CHICAGO:WARD 41 PRECINCT 31,CITY OF CHICAGO:WARD 41 PRECINCT 31,CITY OF CHICAGO:WARD 41 PRECINCT 31,1.8,88.17019562,0.921748904,0.921748904,0.921748904,0.921748904,6.299310958,0.921748904,0.921748904,18.81130076091665,21.207473275945667,13.218489348383486,7.6073429707076485,3.790186041651193,5.792078772691242,2.6373671049220655,25.774487854246797,28.85763444507476,17.47147342791193,9.162584016276751,4.881226471767601,6.616309956313097,3.1935364993022706,16.545025147108063,22.6968235929574,16.522475609362864,10.872798762904099,3.4918748989995474,0.0007751845953762484,0.001350802678587202,0.2,0.3,1.0,1.000001023,1.0,1.0,1.0,1.0,1.137157487,397.6858638,396.2566187,2.85988795,1.906591939,0.953296011,0.007191324,0.004794216,0.002397108,1634.064495,348,1.0
CITY OF CHICAGO:WARD 46 PRECINCT 06,CITY OF CHICAGO:WARD 46 PRECINCT 06,CITY OF CHICAGO:Ward 46 Precinct 06,,,,,,,,,,0.690042503,0.101586336,0.087026634,0.113968037,0.017463241,0.001178532,0.6907,0.3612,0.6388,0.2722,0.4076,0.0,0.019,0.2592,0.06881433,0.018548338,0.288511241,0.325912828,0.09024675,0.079856303,0.056482809,0.054456205,0.017171196,0.043887851,0.015616786,0.015312962,0.044781613,0.01481192,0.005381084,0.025189854,0.041204844,0.018695073,0.05161947,0.07351721,0.233430128,0.108611949,0.074535031,0.091498781,0.141905446,46006.0,0.386278112,0.219251337,187.0,0.026578073,602.0,0.659388646,1145.0,34.6,91063,509.0772262,1.699880147,-0.750890299,0.409807967,1.098124804,0.485223437,0.614230655,0.444338899,0.769695181,0.485223437,complete,CITY OF CHICAGO,Ward 46 Precinct 06,1,0,0,,0,0,0,942,628,419,193,145,97,0.07622,17.874870809978034,112,0.47904,27.067050521155807,170,0.43472,26.391250953625512,166,0.00716,10.969219037592133,69,0.00088,5.138926301785471,32,0.00176,6.492054932880086,41,0.00022,3.0598077534663153,19,CITY OF CHICAGO:WARD 46 PRECINCT 06,CITY OF CHICAGO:WARD 46 PRECINCT 06,CITY OF CHICAGO:WARD 46 PRECINCT 06,1.2,46.06465795,9.470634427,9.470634427,9.470634427,9.470634427,3.291084958,9.470634427,3.291084958,15.501402397027313,23.448302296741357,23.193317614743613,10.423533731176358,4.499528615476857,5.796469188341351,2.6433901602505783,17.757732072798376,26.81533241937762,26.128856192436672,10.839201084995489,5.005765299478131,6.415753209569672,2.994612392237249,13.235126783218723,24.93765261375309,26.49730387572299,13.688989523372808,4.201217472825211,0.005165600245485446,0.007373858007100095,0.2,0.3,1.0,1.000005598,1.5,1.8,1.4,1.0,1.000004587,277.0964869,258.8359443,41.44853283,33.62258591,7.825946925,0.149581589,0.121338911,0.028242678,2505.854466,628,0.999999943
CITY OF CHICAGO:WARD 46 PRECINCT 07,CITY OF CHICAGO:WARD 46 PRECINCT 07,CITY OF CHICAGO:Ward 46 Precinct 07,,,,,,,,,,0.632338287,0.100998888,0.191101781,0.066228447,0.014420394,0.00214187,0.5199,0.2377,0.7623,0.2657,0.3664,0.0106,0.0639,0.2909,0.111882121,0.051369372,0.336129152,0.265739664,0.094940551,0.0656847,0.037330558,0.023995548,0.012928333,0.023654285,0.058171727,0.019492519,0.035163438,0.044733176,0.016308329,0.032280784,0.014384653,0.053684104,0.058516185,0.067771512,0.160489296,0.060732818,0.112862019,0.118640203,0.123114952,46007.0,0.390746289,0.347985348,273.0,0.083333333,312.0,0.687055477,703.0,32.6,86814,339.6820021,1.71891536,0.039327183,0.609006163,1.186141714,0.777356685,0.888347605,0.721488397,0.879225852,0.777356685,complete,CITY OF CHICAGO,Ward 46 Precinct 07,1,0,0,,0,0,0,437,291,194,221,166,111,0.0772,17.93085538895569,52,0.48574,27.15315334157584,79,0.42708,26.319091863742127,77,0.00694,10.923773353290189,32,0.00068,5.081028908323612,15,0.0019,6.554969460402373,19,0.00046,3.066482332398303,9,CITY OF CHICAGO:WARD 46 PRECINCT 07,CITY OF CHICAGO:WARD 46 PRECINCT 07,CITY OF CHICAGO:WARD 46 PRECINCT 07,1.2,33.79761846,12.2746093,12.2746093,12.2746093,12.2746093,2.414667528,12.2746093,2.414667528,15.501853747717156,23.44912340494235,23.19398527818231,10.43222176482641,4.499613631123159,5.798378984432116,2.643087356029241,17.755576139685445,26.811928541008953,26.125710787333283,10.847370083639047,5.005041978376619,6.417489279247193,2.9941358616026674,13.235578133908566,24.938473721954082,26.49797153916169,13.69767755702286,4.201302488471513,0.0070753963362503855,0.00707105378576258,0.2,0.3,1.0,1.000004756,1.5,1.8,1.4,1.0,1.000004858,305.3599641,280.8026981,44.19118997,31.43056521,12.76062476,0.144718349,0.102929555,0.041788794,1983.53456,7,0.618418113
CITY OF CHICAGO:WARD 46 PRECINCT 08,CITY OF CHICAGO:WARD 46 PRECINCT 08,CITY OF CHICAGO:Ward 46 Precinct 08,,,,,,,,,,0.743048896,0.107170274,0.055785781,0.077610777,0.017605012,0.000238423,0.5604,0.2597,0.7403,0.2315,0.3463,0.0108,0.0508,0.3547,0.069789026,0.029856089,0.382978701,0.260571731,0.087162317,0.095218018,0.024563422,0.045464792,0.004395903,0.006651968,0.047645076,0.015239239,0.01130874,0.0114444,0.026418273,0.014704539,0.010446804,0.041392148,0.061150513,0.089703623,0.146257235,0.147075181,0.065134938,0.149519365,0.155907958,46008.0,0.308863547,-0.02739726,146.0,-0.028169014,426.0,0.629459148,869.0,32.2,102998,406.8457225,1.370080612,-2.264911589,0.217658006,1.002909637,-0.033808094,0.081434167,-0.006563326,0.592893398,-0.033808094,complete,CITY OF CHICAGO,Ward 46 Precinct 08,1,0,0,,0,0,0,567,378,252,223,168,112,0.08988,19.894169038233148,75,0.77158,31.507750255805888,119,0.1323,21.619264758217913,82,0.0044,10.012593347461946,38,0.0003,4.070991378856328,15,0.00126,6.51832724077632,25,0.00028,3.1282113022155666,12,CITY OF CHICAGO:WARD 46 PRECINCT 08,CITY OF CHICAGO:WARD 46 PRECINCT 08,CITY OF CHICAGO:WARD 46 PRECINCT 08,1.2,68.14061249,4.498514691,4.498514691,4.498514691,4.498514691,4.868299361,4.498514691,4.498514691,16.447189297558694,26.028887580204735,18.409302880164812,9.281084286514725,3.497997889352137,5.794720470300192,2.6409688489933583,19.735941526766947,31.255469960242635,21.510948163824292,9.971199098441803,3.978313981210338,6.46359667547784,3.0417832649293546,14.180913683750106,27.51823789721647,21.71328914114419,12.546540078711175,3.1996867467004915,0.0034168822043271485,0.004952546749879669,0.2,0.3,1.0,1.000005894,1.5,1.8,1.4,1.0,1.000007251,446.1335426,413.0226808,55.35030735,36.08472958,19.26557777,0.12406668,0.080883247,0.043183433,2542.125441,117,0.863539327
CITY OF CHICAGO:WARD 46 PRECINCT 10,CITY OF CHICAGO:WARD 46 PRECINCT 10,CITY OF CHICAGO:Ward 46 Precinct 10,,,,,,,,,,0.647933089,0.126523997,0.131519549,0.079232947,0.022647253,0.00055813,0.5874,0.3439,0.6561,0.3528,0.3406,0.0589,0.0266,0.1999,0.037264882,0.082508449,0.274972071,0.223395073,0.067098064,0.135496226,0.107459642,0.01769262,0.054112972,0.098941239,0.057875636,0.041680983,0.063150289,0.035967184,0.00474954,0.020685926,0.016021023,0.030350052,0.07473977,0.107078775,0.087810045,0.113713214,0.030765981,0.167940055,0.048530288,46010.0,0.367219639,0.274725275,273.0,0.199170124,482.0,0.707021792,826.0,36.3,67822,342.6538481,1.618687731,-0.410370531,1.015567244,1.249660855,0.808074276,0.868386325,0.83751046,0.842649646,0.808074276,complete,CITY OF CHICAGO,Ward 46 Precinct 10,1,0,0,,0,0,0,1251,834,556,192,144,96,0.07462,17.940289105520534,150,0.48218,27.115758673204375,226,0.4332,26.411142428434985,220,0.00712,10.922505777020023,91,0.00062,5.079459292781917,42,0.002,6.53527166809329,55,0.00026,3.0723276243241537,26,CITY OF CHICAGO:WARD 46 PRECINCT 10,CITY OF CHICAGO:WARD 46 PRECINCT 10,CITY OF CHICAGO:WARD 46 PRECINCT 10,1.2,32.61595995,12.54471039,12.54471039,12.54471039,12.54471039,2.330244053,12.54471039,2.330244053,15.501730797560985,23.448899731014695,23.193803403365443,10.427362278062033,4.499590472441396,5.796953419688562,2.642550672780919,17.75701930572991,26.814240894910377,26.127807155035747,10.842847877005125,5.005469968243977,6.416166003058682,2.9937014669093873,13.235455183752395,24.93825004802643,26.497789664344822,13.692818070258483,4.20127932978975,0.005649831592697203,0.006534370537440559,0.2,0.3,1.0,1.000029977,1.5,1.8,1.4,1.0,1.000043985,793.8549282,718.8327554,147.8907302,121.3289131,26.56181704,0.186294403,0.15283512,0.033459283,3007.247694,289,0.875898627
CITY OF CHICAGO:WARD 46 PRECINCT 12,CITY OF CHICAGO:WARD 46 PRECINCT 12,CITY OF CHICAGO:Ward 46 Precinct 12,,,,,,,,,,0.67666562,0.092284982,0.093873627,0.127715221,0.015256825,0.000306031,0.6155,0.4482,0.5518,0.3478,0.39,0.0098,0.0378,0.2022,0.034863091,0.020748937,0.322820279,0.240279226,0.088462855,0.094516009,0.078595467,0.092801084,0.02691305,0.024008738,0.011576043,0.048381134,0.000982866,0.038284845,0.00900891,0.042210703,0.017519468,0.019438734,0.05280348,0.151292947,0.236580968,0.106164262,0.045169681,0.105384287,0.091192935,46012.0,0.343840707,0.507692308,260.0,-0.095320624,577.0,0.620658949,1123.0,35.5,83928,473.1178891,1.519089408,1.019668204,-0.01802904,0.974913431,0.720198656,0.873910501,0.541810748,0.624150933,0.720198656,complete,CITY OF CHICAGO,Ward 46 Precinct 12,1,0,0,,0,0,0,1191,794,529,167,126,84,0.07602,17.930078611415755,142,0.48642,27.150125937843285,216,0.42774,26.34093268639247,209,0.0071,10.991260506556717,87,0.00062,5.144694206026825,41,0.0018,6.5226293280200025,52,0.0003,3.0819744059973417,24,CITY OF CHICAGO:WARD 46 PRECINCT 12,CITY OF CHICAGO:WARD 46 PRECINCT 12,CITY OF CHICAGO:WARD 46 PRECINCT 12,1.2,36.06176078,11.75707626,11.75707626,11.75707626,11.75707626,2.576428953,11.75707626,2.576428953,15.501272425216037,23.44806584884721,23.19312535309784,10.423970512952655,4.499504134208111,5.79698646243891,2.6442072482622168,17.757343906636606,26.814679691974675,26.128300647341533,10.839556711684926,5.005701294192631,6.416255711240587,2.995414707822243,13.234996811407447,24.937416165858945,26.49711161407722,13.689426305149105,4.201192991556465,0.005682874343044446,0.008190946018738514,0.2,0.3,1.0,1.000010459,1.5,1.8,1.4,1.0,1.000006884,63.01027362,58.83135383,10.64318539,8.488430096,2.154755295,0.168911906,0.134715017,0.034196888,1968.078649,794,0.999999986
CITY OF CHICAGO:WARD 46 PRECINCT 15,CITY OF CHICAGO:WARD 46 PRECINCT 15,CITY OF CHICAGO:Ward 46 Precinct 15,,,,,,,,,,0.550124727,0.114859623,0.202861722,0.123409837,0.019608676,0.001451408,0.6861,0.4693,0.5307,0.2971,0.3984,0.0274,0.0516,0.2104,0.036306473,0.019621372,0.173705247,0.248680654,0.1840235,0.112457798,0.10652082,0.063540007,0.055144129,0.038368983,0.044867524,0.004884149,0.008769139,0.063139656,0.064090116,0.040720608,0.035049917,0.046492066,0.136890547,0.046580155,0.102117787,0.075357415,0.06014332,0.071478793,0.161049826,46015.0,0.110103315,0.258215962,213.0,-0.112135177,651.0,0.602982293,1073.0,42.3,65387,464.7967202,0.523327391,-0.511710865,-0.077044339,0.918678416,0.153275478,0.213312651,0.09520408,1.116955411,0.153275478,complete,CITY OF CHICAGO,Ward 46 Precinct 15,1,0,0,,0,0,0,866,577,385,163,123,82,0.09272,20.049205471979032,116,0.78448,31.615984419254563,182,0.11608,21.04916819179167,121,0.00472,10.371827566132804,60,0.00044,3.9731508974369736,23,0.00126,6.551332464736024,38,0.0003,3.154606321539656,18,CITY OF CHICAGO:WARD 46 PRECINCT 15,CITY OF CHICAGO:WARD 46 PRECINCT 15,CITY OF CHICAGO:WARD 46 PRECINCT 15,1.2,60.59049084,6.150349167,6.150349167,6.150349167,6.150349167,4.328881662,6.150349167,4.328881662,16.446756293477065,25.901490702990625,17.758457919820163,9.460327486467113,3.428280005509616,5.800045911160232,2.646154555388979,19.912690111245364,31.39211816848698,20.921061099018516,10.268553566460279,3.9256832765780594,6.479549797058458,3.0575966520455538,14.180480679668477,27.39084102000236,21.06244418079954,12.725783278663563,3.1299688628579703,0.008742323064365905,0.01013825314550048,0.2,0.3,1.0,1.000018149,1.5,1.8,1.4,1.0,1.000010199,142.531368,132.2340533,21.54226663,17.06314153,4.479125095,0.151140531,0.119714992,0.031425539,1968.559374,577,0.999999993
CITY OF CHICAGO:WARD 46 PRECINCT 17,CITY OF CHICAGO:WARD 46 PRECINCT 17,CITY OF CHICAGO:Ward 46 Precinct 17,,,,,,,,,,0.479117422,0.126209537,0.314079612,0.067967876,0.025539095,0.002041643,0.5198,0.3573,0.6427,0.341,0.3319,0.0728,0.0161,0.2174,0.068732423,0.098342759,0.164950359,0.261194695,0.140467018,0.146607505,0.095579882,0.012979992,0.011145367,0.056427606,0.042974122,0.035592797,0.009140064,0.047312849,0.055448619,0.022270828,0.012686207,0.026911628,0.078689912,0.105656219,0.144640936,0.058777904,0.063999432,0.109260201,0.130210677,46017.0,0.034848521,0.420408163,245.0,0.302158273,556.0,0.757635468,1015.0,38.3,76191,404.7654303,0.202728856,0.483885494,1.377032481,1.410678912,0.986011798,0.868581436,1.087702007,1.235392676,0.986011798,complete,CITY OF CHICAGO,Ward 46 Precinct 17,1,0,0,,0,0,0,797,531,354,142,107,71,0.0789,18.004765650399328,96,0.48664,27.082581157162654,144,0.42364,26.23091223983529,139,0.00816,11.022229161801372,59,0.00072,5.037186668677399,27,0.00184,6.520189679852717,35,0.0001,3.0608669443362166,16,CITY OF CHICAGO:WARD 46 PRECINCT 17,CITY OF CHICAGO:WARD 46 PRECINCT 17,CITY OF CHICAGO:WARD 46 PRECINCT 17,1.2,26.30643866,13.9869279,13.9869279,13.9869279,13.9869279,1.879460924,13.9869279,1.879460924,15.501837302404596,23.418038413776248,23.03447684434336,10.483199183356879,4.482529925755207,5.801984139513235,2.645611606823968,17.79091140474765,26.83220670486007,25.992104527298952,10.925415921431396,4.994318469299669,6.423364982593202,2.9989306606622836,13.235561688596006,24.907388730787982,26.338463105322738,13.748654975553329,4.184218783103561,0.010680551417369618,0.009595304580489584,0.2,0.3,1.0,1.000051305,1.5,1.8,1.4,1.0,1.000054762,402.3038733,366.150597,74.2742258,60.17509184,14.09913396,0.184622199,0.149576218,0.035045981,2292.383753,531,1.0
CITY OF CHICAGO:WARD 46 PRECINCT 18,CITY OF CHICAGO:WARD 46 PRECINCT 18,CITY OF CHICAGO:Ward 46 Precinct 18,,,,,,,,,,0.508288128,0.120245423,0.260239878,0.099727636,0.019801413,0.001666676,0.5312,0.3856,0.6144,0.4612,0.2867,0.0452,0.0197,0.1812,0.081061317,0.05886911,0.283013745,0.219709575,0.10419457,0.147288282,0.069921681,0.025523016,0.010418705,0.084202037,0.054545145,0.049896944,0.059501507,0.017568273,0.024252306,0.013199888,0.025577479,0.050608214,0.066037643,0.082053652,0.114234048,0.064644783,0.019160114,0.139870494,0.134647473,46018.0,0.162579539,0.172093023,215.0,0.150793651,504.0,0.740659341,910.0,35.8,69983,379.8019236,0.746885249,-1.040365659,0.845776705,1.356672501,0.487131345,0.477242199,0.560838246,0.946179384,0.487131345,complete,CITY OF CHICAGO,Ward 46 Precinct 18,1,0,0,,0,0,0,822,548,365,135,102,68,0.07908,17.957614613001578,98,0.4867,27.151177759132338,149,0.42392,26.321439777694955,144,0.00712,10.943740132104669,60,0.00076,5.028776150243418,28,0.00214,6.494974921204963,36,0.00028,3.0598021861521287,17,CITY OF CHICAGO:WARD 46 PRECINCT 18,CITY OF CHICAGO:WARD 46 PRECINCT 18,CITY OF CHICAGO:WARD 46 PRECINCT 18,1.2,45.98038054,9.489898385,9.489898385,9.489898385,9.489898385,3.285063768,9.489898385,3.285063768,15.501537031924995,23.448547227836208,23.193516774290234,10.437472794679687,4.499553975076607,5.8011599695506195,2.6461183281750777,17.753193030017744,26.808012019359836,26.122275504062507,10.85209355396834,5.004498071266765,6.42014196141759,2.9970385308003973,13.235261418116405,24.937897544847942,26.497503035269613,13.702928586876137,4.201242832424961,0.009856381454754285,0.010102025931599267,0.2,0.3,1.0,1.000103063,1.5,1.8,1.4,1.0,1.000098458,373.0660171,340.4490029,68.54861399,55.16324879,13.38536521,0.183743924,0.147864577,0.035879347,2829.196014,548,1.0
CITY OF CHICAGO:WARD 46 PRECINCT 21,CITY OF CHICAGO:WARD 46 PRECINCT 21,CITY OF CHICAGO:Ward 46 Precinct 21,,,,,,,,,,0.551242916,0.124926697,0.21057751,0.10929724,0.017769401,0.005277823,0.3758,0.3525,0.6475,0.3068,0.3683,0.0161,0.0245,0.2802,0.049188688,0.015353048,0.114000021,0.146829769,0.13353189,0.195836847,0.10067425,0.113136668,0.131448821,0.036856648,0.167487173,0.095659015,0.060016261,0.067480422,0.009118268,0.023656504,1.98e-09,0.002981306,0.046709332,0.118328286,0.180506432,0.015780451,0.064928442,0.068101529,0.042389928,46021.0,0.058716841,0.247311828,93.0,0.027777778,288.0,0.684647303,482.0,53.3,57867,214.5672839,0.304412058,-0.578644516,0.414018662,1.178480554,0.34052735,0.329566689,0.357417744,0.570710397,0.34052735,complete,CITY OF CHICAGO,Ward 46 Precinct 21,1,0,0,,0,0,0,504,336,224,129,97,65,0.09796,18.5374306784998,62,0.55114,27.489950163980104,92,0.33654,24.522128064926267,82,0.01152,11.906572423471346,40,0.00046,4.996916901363724,17,0.00202,6.573733951694597,22,0.00036,3.106940162320201,10,CITY OF CHICAGO:WARD 46 PRECINCT 21,CITY OF CHICAGO:WARD 46 PRECINCT 21,CITY OF CHICAGO:WARD 46 PRECINCT 21,1.2,52.49142578,8.001616941,8.001616941,8.001616941,8.001616941,3.750244755,8.001616941,3.750244755,15.501446556758223,23.01838930848607,20.985141456724538,11.003555540331087,4.263036210540348,5.799942301502342,2.6456080642482678,18.304908864861215,27.17553715240119,24.300702953163846,11.824737709200145,4.86503380103718,6.454364108362671,3.031968081866945,13.235170942949633,24.507739625497805,24.289127717703916,14.269011332527537,3.9647250678887027,0.008638713406476097,0.009591762004789554,0.2,0.3,1.0,1.000139496,1.5,1.8,1.4,1.0,1.000052343,114.1151468,107.5335277,15.89714101,13.87202722,2.025113798,0.139307896,0.121561665,0.017746231,2187.745744,336,1.0
CITY OF CHICAGO:WARD 47 PRECINCT 02,CITY OF CHICAGO:WARD 47 PRECINCT 02,CITY OF CHICAGO:Ward 47 Precinct 02,,,,,,,,,,0.725247432,0.140075561,0.039855005,0.076813078,0.022298013,0.001201421,0.6426,0.3037,0.6963,0.4013,0.2931,0.0076,0.0016,0.2662,0.077051974,0.038046617,0.183745784,0.385129285,0.108009756,0.099188681,0.061530717,0.039489788,0.007807398,0.050011073,0.008275425,0.001420132,0.002021842,0.017426364,0.016185879,0.018087778,0.042316628,0.006396735,0.12258447,0.1341636,0.117151201,0.109067242,0.080478247,0.127678239,0.146735145,47002.0,0.228419931,0.455445545,202.0,0.142118863,387.0,0.671428571,700.0,36.0,92309,315.6100492,1.027376791,0.698958042,0.815330151,1.136427601,0.898318482,0.919523146,0.877479883,0.455765884,0.898318482,complete,CITY OF CHICAGO,Ward 47 Precinct 02,1,0,0,,0,0,0,653,435,290,186,140,93,0.07592,17.899547798839286,78,0.4878,27.169473929937173,118,0.42638,26.290183598851357,114,0.00706,10.948992496496345,48,0.0007,5.095392044074779,22,0.00194,6.532351844739978,28,0.0002,3.0606625677021193,13,CITY OF CHICAGO:WARD 47 PRECINCT 02,CITY OF CHICAGO:WARD 47 PRECINCT 02,CITY OF CHICAGO:WARD 47 PRECINCT 02,1.2,29.29795905,13.30313227,13.30313227,13.30313227,13.30313227,2.093189804,13.30313227,2.093189804,15.501753676047006,23.448941352115362,23.19383724651445,10.420065183196973,4.499594781794009,5.79424017857798,2.640613484720343,17.759566899478067,26.818368140055092,26.131495610070417,10.836131034350098,5.006150301861934,6.413614584088445,2.991926100989157,13.235478062238416,24.938291669127096,26.497823507493827,13.685520975393423,4.201283639142364,0.0029365904821145967,0.0045971824768648,0.2,0.3,1.0,1.000172928,1.5,1.8,1.4,1.0,1.000635693,348.9292569,334.6849957,25.72168578,14.63729678,11.084389,0.073716048,0.041949182,0.031766866,1740.223224,0,0.236708042
CITY OF CHICAGO:WARD 47 PRECINCT 05,CITY OF CHICAGO:WARD 47 PRECINCT 05,CITY OF CHICAGO:Ward 47 Precinct 05,,,,,,,,,,0.666584681,0.120742447,0.072422322,0.129249424,0.013845971,0.002246661,0.462,0.1293,0.8707,0.3241,0.3926,0.012,0.0521,0.1787,0.073983332,0.027770731,0.175858892,0.385631755,0.132652934,0.070688495,0.065603124,0.056903911,0.010906826,0.083706657,0.094531821,0.027730268,0.037874067,0.021677437,0.021679996,1.32e-09,0.066849329,0.012613283,0.023465916,0.113380886,0.204592102,0.077865118,0.089756573,0.038591703,0.085684844,47005.0,0.104371751,0.31884058,276.0,0.359605911,609.0,0.78388998,1018.0,36.3,74536,397.9301844,0.49890993,-0.139574298,1.578660768,1.49420279,0.966024881,0.858049797,1.110147075,0.563578495,0.966024881,complete,CITY OF CHICAGO,Ward 47 Precinct 05,1,0,0,,0,0,0,1019,679,453,196,147,98,0.07852,17.911994706310892,122,0.48664,27.113980696254803,184,0.42568,26.335202876757936,179,0.00658,11.010395584538395,75,0.0006,5.132204312851167,35,0.0018,6.47689785493836,44,0.00018,3.044972151226699,21,CITY OF CHICAGO:WARD 47 PRECINCT 05,CITY OF CHICAGO:WARD 47 PRECINCT 05,CITY OF CHICAGO:WARD 47 PRECINCT 05,1.2,26.96748133,13.83582811,13.83582811,13.83582811,13.83582811,1.926689053,13.83582811,1.926689053,15.501257920198665,23.448039460965266,23.19310389645671,10.422246083719342,4.4995014020677715,5.796400221252978,2.6438580144064194,17.75790944892987,26.815592206761288,26.129120457332906,10.83796221867919,5.005858485647773,6.415706924815189,2.995102928726979,13.234982306390075,24.937389777977,26.497090157436087,13.687701875915792,4.201190259416126,0.005096633157112246,0.00784171216294108,0.2,0.3,1.0,1.000277738,1.5,1.8,1.4,1.0,1.000264393,593.114351,515.8859215,148.8964127,106.8841471,42.01226559,0.251041663,0.180208331,0.070833332,2842.392935,679,0.999999997
CITY OF CHICAGO:WARD 47 PRECINCT 06,CITY OF CHICAGO:WARD 47 PRECINCT 06,CITY OF CHICAGO:Ward 47 Precinct 06,,,,,,,,,,0.642621722,0.120080663,0.070356097,0.141371992,0.018356167,0.003918421,0.6466,0.2884,0.7116,0.3761,0.3768,0.0089,0.0103,0.2107,0.105751045,0.01495132,0.179767825,0.297357314,0.202521378,0.100568816,0.046770069,0.035429207,0.016883024,0.074100489,0.049507736,0.004266212,0.037535648,0.026467839,0.008786073,1.17e-09,0.056950218,0.021217876,0.043495015,0.124466374,0.234555592,0.055254556,0.098364081,0.070950102,0.094082189,47006.0,0.183342881,0.210084034,238.0,0.382524272,515.0,0.789221557,835.0,37.8,80671,368.8060932,0.835340704,-0.807162632,1.65909906,1.511164217,0.881986173,0.799610337,1.053883917,0.580976123,0.881986173,complete,CITY OF CHICAGO,Ward 47 Precinct 06,1,0,0,,0,0,0,735,490,327,207,156,104,0.07852,17.873019757818792,88,0.48276,27.167840684579225,133,0.42834,26.34050835886691,129,0.0074,10.919826756965174,54,0.00074,5.060191906212598,25,0.00186,6.545236400493658,32,0.00038,3.055505235436145,15,CITY OF CHICAGO:WARD 47 PRECINCT 06,CITY OF CHICAGO:WARD 47 PRECINCT 06,CITY OF CHICAGO:WARD 47 PRECINCT 06,1.2,29.88086603,13.16989258,13.16989258,13.16989258,13.16989258,2.134835536,13.16989258,2.134835536,15.501143308208292,23.428720141600675,23.094790290077402,10.447323206175929,4.488968670713671,5.7966214487755625,2.64441787734696,17.7816164935179,26.83123755536902,26.04979424830153,10.880121630521815,4.999828748950788,6.417459677451205,2.997194316780951,13.234867694399702,24.91807045861241,26.39877655105678,13.712778998372379,4.190657528062026,0.005317860679696701,0.008401575103481888,0.2,0.3,1.0,1.000407642,1.5,1.8,1.4,1.0,1.000248681,286.60711,249.2884764,71.95032605,51.64898939,20.30133666,0.251041665,0.180208333,0.070833332,1705.935597,490,1.0
CITY OF CHICAGO:WARD 48 PRECINCT 02,CITY OF CHICAGO:WARD 48 PRECINCT 02,CITY OF CHICAGO:Ward 48 Precinct 02,,,,,,,,,,0.524633749,0.079893467,0.126497984,0.247669728,0.01731025,2.37e-10,0.2801,0.4145,0.5855,0.2604,0.3507,0.005,0.188,0.1846,0.027855147,0.380222773,0.263231156,0.073816148,0.040389971,0.044568244,0.05013927,0.079387177,0.040389964,0.128440347,0.041284401,0.032110095,0.036697246,0.036697243,0.013761466,0.027522932,0.013761466,0.091743099,0.059633021,0.14678897,0.12385319,0.07339448,0.027522935,0.082568791,0.064220171,48002.0,0.493100537,0.563636364,110.0,-0.011363636,176.0,0.734265734,286.0,28.8,61875,124.520349,2.15496229,1.363073733,0.276641103,1.336332422,1.094920268,1.282752387,0.893698011,0.882590481,1.094920268,complete,CITY OF CHICAGO,Ward 48 Precinct 02,1,0,0,,0,0,0,309,206,137,98,74,49,0.0449,16.160106300853865,33,0.20404,22.689273358091643,47,0.7422,30.308808848978497,62,0.0035,9.479493890524957,20,0.00322,9.171882298881314,19,0.002,6.601705897246944,14,0.00014,3.1143800328991023,6,CITY OF CHICAGO:WARD 48 PRECINCT 02,CITY OF CHICAGO:WARD 48 PRECINCT 02,CITY OF CHICAGO:WARD 48 PRECINCT 02,1.2,22.92303626,14.76029912,14.76029912,14.76029912,14.76029912,1.637734072,14.76029912,1.637734072,14.317163581147122,18.90898438438634,25.399689207403295,8.715247935002502,7.603084903455009,5.800713903778227,2.650799284046447,15.89016940218169,22.399725488256557,29.82971670302058,9.296529558295857,9.025068035397075,6.467009946357438,3.0490335373840063,12.050887967338532,20.398334701398074,28.703675468382674,11.980703727198952,7.304773760803364,0.009410315682362207,0.014782981802968432,0.2,0.3,1.0,1.014378169,1.5,1.8,1.4,1.0,1.000331602,38.6774361,36.63060277,4.275354298,3.114135969,1.16121833,0.110538721,0.080515574,0.030023146,362.9227151,206,0.99999985
CITY OF CHICAGO:WARD 48 PRECINCT 03,CITY OF CHICAGO:WARD 48 PRECINCT 03,CITY OF CHICAGO:Ward 48 Precinct 03,,,,,,,,,,0.472845026,0.143584212,0.212578016,0.166577827,0.015423083,0.00306252,0.4876,0.1557,0.8443,0.387,0.3679,0.0056,0.06,0.1557,0.070592077,0.042168997,0.279813701,0.238590443,0.09527809,0.102409078,0.096212696,0.054310599,0.020624317,0.077034966,0.08215671,0.038228751,0.042918696,0.026256827,0.03798784,0.079290192,0.039578673,0.049169828,0.077564296,0.135312442,0.141097268,0.045955999,0.032904665,0.047497283,0.047045563,48003.0,0.23483683,0.079812207,213.0,0.113043478,230.0,0.795652174,460.0,36.0,53530,211.2982532,1.054713899,-1.606819804,0.713282089,1.531622036,0.389056374,0.423199555,0.447072881,0.969638958,0.389056374,complete,CITY OF CHICAGO,Ward 48 Precinct 03,1,0,0,,0,0,0,483,322,215,184,138,92,0.07602,17.94125658488481,58,0.4832,27.080854474853854,87,0.43074,26.391973857070074,85,0.00728,10.911290012954423,35,0.00064,5.074593929459526,16,0.00178,6.553819883400452,21,0.00034,3.069678028413448,10,CITY OF CHICAGO:WARD 48 PRECINCT 03,CITY OF CHICAGO:WARD 48 PRECINCT 03,CITY OF CHICAGO:WARD 48 PRECINCT 03,1.2,50.33519327,8.494484172,8.494484172,8.494484172,8.494484172,3.596192935,8.494484172,3.596192935,15.50090500136453,23.447397422400766,23.192581838979724,10.433134977410226,4.499434926877965,5.801328627154438,2.6484866988984903,17.75352407185626,26.80842845158336,26.1227871275394,10.84786878667999,5.004785432424411,6.420381259153687,2.9994775416560877,13.23462938755594,24.9367477394125,26.496568099959102,13.698590769606676,4.20112378422632,0.010025039058573357,0.012470396655012001,0.2,0.3,1.0,1.002170401,1.5,1.8,1.4,1.0,1.000319608,201.9950768,190.8006232,27.57192157,21.92610904,5.645812536,0.136497988,0.10854774,0.027950248,1484.467619,322,1.0
CITY OF CHICAGO:WARD 48 PRECINCT 04,CITY OF CHICAGO:WARD 48 PRECINCT 04,CITY OF CHICAGO:Ward 48 Precinct 04,,,,,,,,,,0.556649334,0.155132126,0.156714512,0.132713924,0.019999688,0.002543108,0.4594,0.3271,0.6729,0.3344,0.4775,0.0303,0.0308,0.1046,0.035965887,0.0567077,0.090777311,0.183302396,0.087189768,0.178071144,0.161717873,0.069022453,0.137245467,0.115918026,0.085547335,0.077379532,0.076529098,0.041328327,0.019259023,0.046599993,0.041027131,0.023697961,0.021584116,0.125375144,0.099488382,0.110428306,0.05915768,0.011213874,0.045466072,48004.0,0.356888962,0.3203125,256.0,0.126934985,323.0,0.811394892,509.0,54.4,44563,230.9124371,1.574677247,-0.130539103,0.762038154,1.581704584,0.865706311,0.946970221,0.828719898,0.643815448,0.865706311,complete,CITY OF CHICAGO,Ward 48 Precinct 04,1,0,0,,0,0,0,533,355,237,166,125,83,0.09454,18.517768720795353,66,0.55628,27.51814189285303,98,0.33464,24.50714740348135,87,0.01124,11.899945199917578,42,0.00082,4.924131082575196,17,0.00206,6.643254802896939,24,0.00042,3.0777321029950455,11,CITY OF CHICAGO:WARD 48 PRECINCT 04,CITY OF CHICAGO:WARD 48 PRECINCT 04,CITY OF CHICAGO:WARD 48 PRECINCT 04,1.2,30.46976045,13.03528429,13.03528429,13.03528429,13.03528429,2.17690904,13.03528429,2.17690904,15.501225165320273,23.01798654777379,20.984813962002395,10.99906943979322,4.262994509626609,5.79892398135806,2.645700819891714,18.306100836192943,27.17738388047703,24.302266544528756,11.82049348116369,4.865412418480865,6.45344023037896,3.0321552796709623,13.234949551511683,24.507336864785525,24.288800222981774,14.26452523198967,3.9646833669749637,0.0076203932621944324,0.009684517648235486,0.2,0.3,1.0,1.000305154,1.5,1.8,1.4,1.0,1.000094105,112.9759985,105.7849381,17.82221652,14.6507681,3.171448424,0.157752237,0.129680359,0.028071878,1414.391135,355,1.0
CITY OF CHICAGO:WARD 48 PRECINCT 05,CITY OF CHICAGO:WARD 48 PRECINCT 05,CITY OF CHICAGO:Ward 48 Precinct 05,,,,,,,,,,0.826168164,0.03738319,0.042990675,0.085981335,0.007476638,6.23e-10,0.6751,0.119,0.881,0.4133,0.3761,0.0139,0.0268,0.17,0.010327025,0.041308087,0.15662651,0.125645459,0.053356298,0.172117038,0.158347665,0.166953513,0.115318405,0.051391876,0.049250535,0.044967875,0.034261244,0.017130623,0.072805132,0.036402571,0.143468925,0.094218406,0.066381154,0.132762307,0.115631699,0.021413295,0.012847974,0.036402569,0.070663815,48005.0,0.266367925,0.516908213,207.0,-0.125506073,247.0,0.621621622,296.0,57.0,47670,117.9822877,1.189041857,1.076238874,-0.123973176,0.977975997,0.648519385,0.779820888,0.467760572,0.179763771,0.648519385,complete,CITY OF CHICAGO,Ward 48 Precinct 05,1,0,0,,0,0,0,338,225,150,85,64,43,0.1032,18.835403560520746,42,0.56724,27.830153548121572,63,0.31676,24.331617375949584,55,0.0099,11.558178028246111,26,0.00066,4.886322665427352,11,0.00198,6.538722855959588,15,0.00026,3.0703265212451174,7,CITY OF CHICAGO:WARD 48 PRECINCT 05,CITY OF CHICAGO:WARD 48 PRECINCT 05,CITY OF CHICAGO:WARD 48 PRECINCT 05,1.2,39.0098614,11.08320543,11.08320543,11.08320543,11.08320543,2.787055713,11.08320543,2.787055713,15.697132878565784,23.166216618586414,20.726412236349383,10.604003890389405,4.2042553455705765,5.7945436855106385,2.641130052107215,18.638035395660406,27.493198443011927,24.106164353156505,11.417603897677997,4.814792645901733,6.454466679064859,3.032991256419784,13.430857264757194,24.65556693559815,24.03039849732876,13.869459682585855,3.905944202918931,0.0032400974147727716,0.005113749863736607,0.2,0.3,1.0,1.001712776,1.5,1.8,1.4,1.0,1.000201894,83.33127375,76.58348709,12.29029556,9.502725114,2.787570446,0.147487192,0.11403552,0.033451672,617.168627,225,1.0
CITY OF CHICAGO:WARD 48 PRECINCT 06,CITY OF CHICAGO:WARD 48 PRECINCT 06,CITY OF CHICAGO:Ward 48 Precinct 06,,,,,,,,,,0.48691272,0.131148339,0.230130061,0.144306018,0.017406268,0.003391467,0.4347,0.2359,0.7641,0.3227,0.4363,0.0113,0.0416,0.1848,0.061343306,0.038226563,0.258019268,0.215424239,0.121873708,0.146088235,0.093284406,0.050248448,0.015491825,0.071816297,0.050090693,0.034061304,0.04418292,0.058374365,0.044880919,0.054039836,0.018820079,0.027666993,0.064633496,0.101343013,0.169265651,0.075631439,0.058428719,0.049238559,0.077525717,48006.0,-0.026372211,0.155963303,218.0,0.225,400.0,0.795163585,703.0,37.9,64652,293.3212039,-0.058082129,-1.13937591,1.106224298,1.530067681,0.476139128,0.359708485,0.62544229,0.873772313,0.476139128,complete,CITY OF CHICAGO,Ward 48 Precinct 06,1,0,0,,0,0,0,828,552,368,177,133,89,0.0781,17.938934427666283,99,0.48898,27.09874192971157,150,0.4225,26.229898101514287,145,0.00782,10.959922495695645,60,0.00062,5.106238707747961,28,0.00168,6.542479131577858,36,0.0003,3.0551036026893583,17,CITY OF CHICAGO:WARD 48 PRECINCT 06,CITY OF CHICAGO:WARD 48 PRECINCT 06,CITY OF CHICAGO:WARD 48 PRECINCT 06,1.2,46.46630354,9.378827096,9.378827096,9.378827096,9.378827096,3.319780489,9.378827096,3.319780489,15.501115568660065,23.426280825332917,23.082481247939523,10.4632198523464,4.4876495528352915,5.801320933812762,2.6477308202061316,17.780168702094652,26.826053787487048,26.03349903223094,10.897156626202351,4.997889725753575,6.42206834998646,3.0004164471381776,13.234839954851475,24.91563114234465,26.3864675089189,13.72867564454285,4.1893384101836455,0.010017345716896397,0.01171451796265334,0.2,0.3,1.0,1.001444699,1.5,1.8,1.4,1.0,1.00028682,332.6062305,297.3281899,69.619947,51.727372,17.892575,0.209316425,0.155521356,0.053795069,2372.686339,552,1.0
CITY OF CHICAGO:WARD 48 PRECINCT 09,CITY OF CHICAGO:WARD 48 PRECINCT 09,CITY OF CHICAGO:Ward 48 Precinct 09,,,,,,,,,,0.53352715,0.096929771,0.098501618,0.258618198,0.010510748,0.000926944,0.5731,0.6432,0.3568,0.4014,0.3632,0.0202,0.0426,0.1614,0.064279328,0.086804877,0.113462404,0.182464974,0.124772247,0.108961881,0.127327898,0.140724974,0.051201418,0.15533084,0.038073441,0.074504147,0.015157444,0.011941062,0.064053939,0.02106601,0.026532646,0.036596299,0.019064144,0.061955564,0.097143806,0.07388239,0.084636884,0.10085749,0.119203894,48009.0,-0.068026353,0.238709677,155.0,-0.022988506,174.0,0.526479751,321.0,48.6,69123,136.7049177,-0.235536032,-0.631447735,0.235840424,0.675299717,0.058176739,0.011039094,0.103137005,0.589081824,0.058176739,complete,CITY OF CHICAGO,Ward 48 Precinct 09,1,0,0,,0,0,0,231,154,103,102,77,51,0.10188,20.583683027881605,32,0.80774,32.042620550991124,49,0.08256,19.57439145273962,30,0.00604,11.082140157596472,17,0.00032,3.818936770345374,6,0.00128,6.573982595939038,10,0.00018,3.1060336076257857,5,CITY OF CHICAGO:WARD 48 PRECINCT 09,CITY OF CHICAGO:WARD 48 PRECINCT 09,CITY OF CHICAGO:WARD 48 PRECINCT 09,1.2,64.43695401,5.271132461,5.271132461,5.271132461,5.271132461,4.603691844,5.271132461,4.603691844,16.445477975271782,25.59578097617804,16.198529913972042,9.853172035103613,3.2611748248161736,5.800156254471209,2.6507868896110804,20.362720308099686,31.75193881368894,19.485940112338014,10.962239053848139,3.7983720273180235,6.506736754851089,3.0893056007493094,14.179202361463192,27.085131293189775,19.50251617495142,13.118627827300063,2.962863682164528,0.008852666375343434,0.014770587367602117,0.2,0.3,1.0,1.00088031,1.5,1.8,1.4,1.0,1.000159361,200.448039,192.9017599,27.3552618,23.11047979,4.244782007,0.136470588,0.115294118,0.021176471,922.9999896,154,1.0
CITY OF CHICAGO:WARD 48 PRECINCT 10,CITY OF CHICAGO:WARD 48 PRECINCT 10,CITY OF CHICAGO:Ward 48 Precinct 10,,,,,,,,,,0.767646283,0.094493758,0.03231995,0.08582097,0.018741121,0.000455716,0.6153,0.4337,0.5663,0.3229,0.294,0.0228,0.0,0.342,0.133701156,0.039997976,0.171083875,0.176384069,0.196310461,0.101713211,0.133509264,0.029014988,0.018285001,0.009078375,0.005447024,0.011551458,0.062460828,2.35e-09,0.037239355,0.021347492,0.034351494,0.007625834,0.081681158,0.10942736,0.146017917,0.086782263,0.06356745,0.075170555,0.248251434,48010.0,0.035760997,0.438016529,363.0,0.234714004,507.0,0.723378213,817.0,42.8,95509,309.6663571,0.206616163,0.591972227,1.140318267,1.301695786,0.903520821,0.810150611,0.969554353,0.355689439,0.903520821,complete,CITY OF CHICAGO,Ward 48 Precinct 10,1,0,0,,0,0,0,779,519,346,192,144,96,0.08294,18.139990079164182,94,0.5051,27.1952912163104,141,0.40058,25.834884926335995,134,0.0082,11.306860462858333,59,0.00088,5.007327235026736,26,0.0019,6.477227164375144,34,0.0004,3.012477363989735,16,CITY OF CHICAGO:WARD 48 PRECINCT 10,CITY OF CHICAGO:WARD 48 PRECINCT 10,CITY OF CHICAGO:WARD 48 PRECINCT 10,1.2,29.11395858,13.34519072,13.34519072,13.34519072,13.34519072,2.080043908,13.34519072,2.080043908,15.501668511547937,23.310233014147293,22.482166788975697,10.603098170408176,4.423372951900236,5.79423064919234,2.640910556472452,17.933743252418097,26.93429790991079,25.55377996504151,11.145145302177324,4.96207288436022,6.4247976194734,3.003415737511861,13.235392897739347,24.799583331159027,25.786153049955075,13.868553962604626,4.12506180924859,0.0029270610964743796,0.004894254228973749,0.2,0.3,1.0,1.000932833,1.5,1.8,1.4,1.0,1.000613243,259.4616441,228.629344,62.97105354,47.81619404,15.1548595,0.242698892,0.184290029,0.058408863,1102.502713,519,1.0
CITY OF CHICAGO:WARD 48 PRECINCT 11,CITY OF CHICAGO:WARD 48 PRECINCT 11,CITY OF CHICAGO:Ward 48 Precinct 11,,,,,,,,,,0.730795001,0.071363727,0.058764671,0.114495094,0.011982851,0.000369325,0.6107,0.3958,0.6042,0.3593,0.3075,0.0184,0.0,0.2986,0.115633768,0.038859447,0.138920995,0.201894422,0.188587147,0.109403661,0.12869119,0.047541372,0.030467998,0.0277141,0.010580461,0.009123686,0.043485418,5.14e-10,0.047537619,0.025272809,0.049362358,0.014478525,0.079492826,0.079055334,0.150289619,0.096009914,0.054433843,0.076827869,0.236335619,48011.0,0.276451883,0.42081448,221.0,0.008695652,345.0,0.637383178,535.0,43.7,93946,210.703884,1.232001275,0.48637962,0.347044692,1.028118475,0.684890357,0.773386015,0.599622092,0.353455191,0.684890357,complete,CITY OF CHICAGO,Ward 48 Precinct 11,1,0,0,,0,0,0,597,398,265,117,88,59,0.08318,18.13361372785393,72,0.51214,27.331005386296763,109,0.393,25.70189652215429,102,0.00836,11.304797457643675,45,0.00074,5.046714815388781,20,0.0023,6.5212908080315515,26,0.00028,3.0411012237639397,12,CITY OF CHICAGO:WARD 48 PRECINCT 11,CITY OF CHICAGO:WARD 48 PRECINCT 11,CITY OF CHICAGO:WARD 48 PRECINCT 11,1.2,37.49986594,11.42835712,11.42835712,11.42835712,11.42835712,2.679174235,11.42835712,2.679174235,15.501397414002938,23.28824016063498,22.371353692092562,10.633486197768063,4.411496852289526,5.795662167622784,2.642855988071314,17.959882796059745,26.950526776874106,25.46167400348687,11.195249113493054,4.954929317849787,6.427929315961382,3.0070613471682615,13.235121800194348,24.777590477646715,25.67533995307194,13.898941989964513,4.11318570963788,0.004358579526918687,0.006839685827835611,0.2,0.3,1.0,1.001145535,1.5,1.8,1.4,1.0,1.000490008,282.6899593,249.0973962,68.60853999,52.09694111,16.51159889,0.242698892,0.18429003,0.058408862,1206.669444,398,1.0
CITY OF CHICAGO:WARD 48 PRECINCT 15,CITY OF CHICAGO:WARD 48 PRECINCT 15,CITY OF CHICAGO:Ward 48 Precinct 15,,,,,,,,,,0.456730634,0.148611216,0.224471631,0.16575554,0.014541005,0.001873238,0.3965,0.0689,0.9311,0.2768,0.549,0.0144,0.0377,0.1222,0.072854233,0.051557373,0.282075886,0.208459624,0.093736998,0.08514885,0.113309609,0.063280915,0.029576511,0.069988267,0.10774014,0.050673452,0.028490554,0.016895869,0.04754473,0.08906755,0.044441118,0.048593649,0.081832629,0.142552495,0.120383748,0.046770601,0.027356055,0.044612287,0.033056856,48015.0,0.227813285,0.306930693,101.0,0.292775665,263.0,0.851239669,484.0,36.5,49647,215.4588377,1.024792373,-0.212681636,1.344101637,1.708463379,0.998099865,0.966168938,1.073686404,0.922503832,0.998099865,complete,CITY OF CHICAGO,Ward 48 Precinct 15,1,0,0,,0,0,0,414,276,184,180,135,90,0.07774,17.930665960650003,49,0.48348,27.13507295463048,75,0.4291,26.347388740306243,73,0.0068,10.946908327494887,30,0.00056,5.1058066312106405,14,0.00214,6.508203826994688,18,0.00018,3.0164421440674265,8,CITY OF CHICAGO:WARD 48 PRECINCT 15,CITY OF CHICAGO:WARD 48 PRECINCT 15,CITY OF CHICAGO:WARD 48 PRECINCT 15,1.2,25.91265775,14.07693754,14.07693754,14.07693754,14.07693754,1.851327285,14.07693754,1.851327285,15.500912775620757,23.44741156551761,23.192593339098718,10.434090856028588,4.499436391223611,5.801654324289169,2.648681735590804,17.753210157708192,26.8079218916315,26.12233208934899,10.848752274421694,5.004698260520934,6.420686187600954,2.9996518096609375,13.234637161812167,24.936761882529343,26.496579600078096,13.699546648225038,4.201125248571966,0.010350736193303938,0.01266543334732553,0.2,0.3,1.0,1.002997449,1.5,1.8,1.4,1.0,1.000355442,202.6057005,191.357105,27.65867643,21.99348928,5.665187154,0.136514799,0.108553161,0.027961638,1825.999982,276,1.0
CITY OF CHICAGO:WARD 48 PRECINCT 17,CITY OF CHICAGO:WARD 48 PRECINCT 17,CITY OF CHICAGO:Ward 48 Precinct 17,,,,,,,,,,0.508076355,0.066079294,0.146842873,0.255506595,0.016152716,1.07e-11,0.5991,0.4475,0.5525,0.3177,0.3272,0.0498,0.0239,0.2561,0.031645568,0.003797471,0.069620254,0.206329106,0.132911387,0.203797461,0.137974681,0.11898734,0.094936709,0.099650347,0.02797203,0.043706293,0.066433563,0.019230769,0.047202797,0.017482517,0.034965037,0.04020979,0.083916079,0.066433569,0.096153845,0.24825173,0.026223776,0.019230769,0.062937063,48017.0,-0.002077177,0.106382979,235.0,-0.096774194,124.0,0.594059406,202.0,53.2,64342,91.53285795,0.045418949,-1.443718473,-0.023130744,0.8902919,-0.139639561,-0.132784592,-0.117708791,0.826279826,-0.139639561,complete,CITY OF CHICAGO,Ward 48 Precinct 17,1,0,0,,0,0,0,257,171,114,75,57,38,0.1006,20.506661706497724,35,0.80878,32.04585529550597,55,0.08208,19.63190788373246,34,0.00682,11.051117261439657,19,0.00026,3.7579007190253866,6,0.00118,6.596811867506452,11,0.00028,3.15656278953814,5,CITY OF CHICAGO:WARD 48 PRECINCT 17,CITY OF CHICAGO:WARD 48 PRECINCT 17,CITY OF CHICAGO:WARD 48 PRECINCT 17,1.2,72.33180202,3.750076582,3.750076582,3.750076582,3.750076582,5.167738485,3.750076582,3.750076582,16.44550739370961,25.595834494918808,16.19857343138722,9.857055335911637,3.2611803660229595,5.801485387733007,2.651591037711343,20.361216144447045,31.749475459860935,19.484458432465214,10.966016255467425,3.7980957354011085,6.507973391257398,3.090017251994083,14.179231779901023,27.085184811930542,19.5025596923666,13.122511128108087,2.962869223371314,0.010181799637141498,0.01557473546786467,0.2,0.3,1.0,1.000718135,1.5,1.8,1.4,1.0,1.000113431,420.1779119,387.4735862,71.94655692,54.97575426,16.97080266,0.171228794,0.13083923,0.040389564,1903.117043,171,0.999999976
CITY OF CHICAGO:WARD 48 PRECINCT 19,CITY OF CHICAGO:WARD 48 PRECINCT 19,CITY OF CHICAGO:Ward 48 Precinct 19,,,,,,,,,,0.677890309,0.102792363,0.08163469,0.12364466,0.013580273,0.002136198,0.6107,0.3957,0.6043,0.3592,0.3076,0.0184,0.0,0.2986,0.104937485,0.031902893,0.161218637,0.21803211,0.178938357,0.105641993,0.120127331,0.046036868,0.033164327,0.023173848,0.016028554,0.008832514,0.052168379,1.31e-09,0.037877787,0.033297141,0.040821959,0.021933805,0.081298222,0.073241667,0.162098533,0.098566817,0.046280041,0.063978895,0.240401836,48019.0,0.400322085,0.293532338,201.0,-0.030769231,260.0,0.503957784,379.0,42.5,92170,153.9416247,1.759709919,-0.294925748,0.20853183,0.603650241,0.414123752,0.569241561,0.341981805,0.481789552,0.414123752,complete,CITY OF CHICAGO,Ward 48 Precinct 19,1,0,0,,0,0,0,513,342,228,81,61,41,0.08244,18.050379066755966,62,0.50738,27.221419214541896,93,0.399,25.804126507161172,88,0.00788,11.209992441418287,38,0.0006,5.055922841658145,17,0.00246,6.566144856008024,22,0.00024,3.104240780724319,11,CITY OF CHICAGO:WARD 48 PRECINCT 19,CITY OF CHICAGO:WARD 48 PRECINCT 19,CITY OF CHICAGO:WARD 48 PRECINCT 19,1.2,49.21969646,8.749462157,8.749462157,8.749462157,8.749462157,3.516496375,8.749462157,3.516496375,15.501310910056722,23.316749012190588,22.518441829340944,10.597230387269656,4.4272472734062625,5.796537290211341,2.643762863303625,17.9227385638935,26.925093991476828,25.58118145746109,11.13224183954606,4.963981531247381,6.426425751708853,3.005589535559486,13.235035296248132,24.806099329202322,25.822428090320322,13.862686179466106,4.128936130754617,0.005233702115475476,0.007746561060147025,0.2,0.3,1.0,1.001078684,1.5,1.8,1.4,1.0,1.00036341,291.906076,257.2183451,70.84528097,53.79537901,17.04990195,0.242698891,0.184290028,0.058408863,1246.097514,342,1.0
CITY OF CHICAGO:WARD 48 PRECINCT 20,CITY OF CHICAGO:WARD 48 PRECINCT 20,CITY OF CHICAGO:Ward 48 Precinct 20,,,,,,,,,,0.620869518,0.099130427,0.076521775,0.180869585,0.024347823,0.00347826,0.6076,0.5735,0.4265,0.3938,0.2041,0.09,0.0192,0.2473,0.032310177,4.87e-09,0.064620384,0.216478179,0.142164777,0.206785133,0.132471728,0.114701126,0.090468492,0.102272719,0.025,0.040909089,0.070454538,0.02045455,0.045454545,0.013636368,0.022727277,0.03409091,0.086363633,0.061363638,0.095454563,0.272727248,0.02954546,0.015909095,0.063636368,48020.0,0.187216301,0.328413284,271.0,-0.098765432,162.0,0.642023346,257.0,52.6,69444,104.3117959,0.851842148,-0.080813462,-0.030119541,1.042880311,0.357751195,0.445947364,0.262537814,0.699974081,0.357751195,complete,CITY OF CHICAGO,Ward 48 Precinct 20,1,0,0,,0,0,0,312,208,139,86,65,43,0.0959,18.553181176085136,39,0.55658,27.5050085951078,57,0.33238,24.469102480929706,51,0.01168,11.930715532363074,25,0.00096,4.954934163601979,10,0.00214,6.576494106544087,14,0.00036,3.031610348071238,6,CITY OF CHICAGO:WARD 48 PRECINCT 20,CITY OF CHICAGO:WARD 48 PRECINCT 20,CITY OF CHICAGO:WARD 48 PRECINCT 20,1.2,51.72711383,8.176321808,8.176321808,8.176321808,8.176321808,3.695638563,8.176321808,3.695638563,15.500769880915604,23.0171582832627,20.984140479590504,10.99228431288674,4.26290875303249,5.797716124894364,2.646497715358655,18.30767890821379,27.179792866918852,24.304322826372204,11.814028477861756,4.865968749805637,6.452370520249164,3.0330903214718044,13.234494267107014,24.506508600274433,24.288126740569883,14.25774010508319,3.9645976103808445,0.006412536798497889,0.010481413115176495,0.2,0.3,1.0,1.001130115,1.5,1.8,1.4,1.0,1.000181117,74.33439426,71.53592292,10.14445853,8.570318405,1.574140124,0.136470588,0.115294118,0.021176471,444.5790456,208,1.0
CITY OF CHICAGO:WARD 48 PRECINCT 23,CITY OF CHICAGO:WARD 48 PRECINCT 23,CITY OF CHICAGO:Ward 48 Precinct 23,,,,,,,,,,0.574468082,0.075435204,0.112185689,0.23017408,0.010638298,0.000967118,0.5615,0.4099,0.5901,0.2921,0.4911,0.0495,0.037,0.107,0.037760417,1.3e-09,0.132812496,0.134114588,0.07682292,0.180989584,0.154947916,0.087239584,0.195312494,0.110062892,2.84e-09,0.044025157,0.059748429,0.037735848,0.011006291,0.062893079,0.029874215,0.011006291,0.006289312,0.160377352,0.17295597,0.163522017,0.077044022,0.009433963,0.044025158,48023.0,-0.207235412,0.358108108,296.0,-0.13442623,305.0,0.501144165,437.0,56.8,71912,207.1376688,-0.828590879,0.101464468,-0.155280921,0.594699232,-0.004596029,-0.071927025,-0.021266808,0.655671241,-0.004596029,complete,CITY OF CHICAGO,Ward 48 Precinct 23,1,0,0,,0,0,0,536,357,238,144,108,72,0.10306,20.82551957948739,74,0.81686,32.36392645809513,116,0.07344,19.404278272777386,69,0.00512,10.633418647692352,38,0.00032,3.783641033479826,14,0.00084,6.589372032085916,24,0.00036,3.124116202873496,11,CITY OF CHICAGO:WARD 48 PRECINCT 23,CITY OF CHICAGO:WARD 48 PRECINCT 23,CITY OF CHICAGO:WARD 48 PRECINCT 23,1.2,66.86669274,4.726003829,4.726003829,4.726003829,4.726003829,4.777284289,4.726003829,4.726003829,16.62166619310078,25.728953861896695,15.965777944935443,9.506766001415368,3.2082853309152783,5.7998933025399735,2.6496484125349555,20.677623652372684,32.05588336185971,19.2794261475483,10.594668601096958,3.7452494719843847,6.511354057638915,3.093047378392246,14.355390579292187,27.21830417890843,19.26976420591482,12.772221793611818,2.9099741882636327,0.008589714444107634,0.01363211029147728,0.2,0.3,1.0,1.000386685,1.5,1.8,1.4,1.0,1.000099019,32.06101875,30.2118916,4.466353189,3.897390954,0.568962235,0.1393079,0.121561669,0.017746231,582.3781844,357,1.0
CITY OF CHICAGO:WARD 48 PRECINCT 24,CITY OF CHICAGO:WARD 48 PRECINCT 24,CITY OF CHICAGO:Ward 48 Precinct 24,,,,,,,,,,0.571083637,0.096425086,0.178613611,0.148176116,0.011599893,0.000471749,0.4626,0.3435,0.6565,0.4877,0.282,0.0026,0.0225,0.1751,0.014428457,0.055673208,0.076948379,0.238331927,0.1505497,0.1534983,0.125898653,0.075870845,0.108800521,0.065308288,0.030683236,0.031349826,0.112690851,0.034285985,0.023679738,0.02335366,0.068268978,0.036748899,0.034454799,0.190560418,0.126872431,0.068253108,0.033143264,0.025465961,0.094880549,48024.0,-0.058954336,0.056994819,193.0,0.036697248,436.0,0.6,825.0,48.6,63084,391.9864923,-0.196887659,-1.746881461,0.445323995,0.909190802,-0.083092415,-0.14731358,0.0354351,0.458353832,-0.083092415,complete,CITY OF CHICAGO,Ward 48 Precinct 24,1,0,0,,0,0,0,881,587,391,178,134,89,0.10046,20.540127204802122,121,0.8127,32.07639180506659,188,0.07866,19.521639327528252,115,0.0064,10.957163807845843,64,0.00034,3.94071097018929,23,0.0011,6.5590595088810595,39,0.00034,3.1521904933772813,19,CITY OF CHICAGO:WARD 48 PRECINCT 24,CITY OF CHICAGO:WARD 48 PRECINCT 24,CITY OF CHICAGO:WARD 48 PRECINCT 24,1.2,70.17418157,4.135371821,4.135371821,4.135371821,4.135371821,5.013587503,4.135371821,4.135371821,16.446522142385458,25.597680550499152,16.20007450495501,9.860447870179707,3.2613715023532084,5.799917349129424,2.6469013167247617,20.361832735035104,31.750642937662935,19.48558768098639,10.96964396414903,3.7978990588637713,6.50636205792113,3.085284236274817,14.180246528576868,27.087030867510887,19.504060765934387,13.125903662376157,2.963060359701563,0.008613761033558646,0.01088501448128323,0.2,0.3,1.0,1.000197755,1.5,1.8,1.4,1.0,1.000046112,446.3500784,420.6067286,62.18009109,54.25906023,7.921030853,0.139307898,0.121561668,0.017746229,2321.199062,587,0.999999991
CITY OF CHICAGO:WARD 48 PRECINCT 26,CITY OF CHICAGO:WARD 48 PRECINCT 26,CITY OF CHICAGO:Ward 48 Precinct 26,,,,,,,,,,0.591999965,0.067428566,0.101714278,0.237714262,0.012571428,2.91e-11,0.583,0.5601,0.4399,0.6095,0.1895,0.0,0.0282,0.1729,6.23e-10,0.070512814,0.101282047,0.155128193,0.158974344,0.167948706,0.124358966,0.12820512,0.093589738,0.16297785,0.092555324,2.36e-09,0.010060362,0.014084507,0.07042253,0.01609658,4.91e-09,0.046277664,0.01609658,0.136820916,0.148893347,0.072434602,0.098591538,0.014084507,0.100603614,48026.0,0.069363315,0.291666667,96.0,-0.03255814,215.0,0.632545932,381.0,52.3,67831,154.5359939,0.349767893,-0.306377934,0.202253161,1.01272967,0.299841725,0.314593198,0.277373717,0.213174146,0.299841725,complete,CITY OF CHICAGO,Ward 48 Precinct 26,1,0,0,,0,0,0,387,258,172,117,88,59,0.09696,18.504589159750886,48,0.5531,27.442051747076214,71,0.3346,24.510349971255145,63,0.01226,11.94310985295795,31,0.00086,4.994705688393092,13,0.00182,6.585408386822128,17,0.0004,3.1059119384137976,8,CITY OF CHICAGO:WARD 48 PRECINCT 26,CITY OF CHICAGO:WARD 48 PRECINCT 26,CITY OF CHICAGO:WARD 48 PRECINCT 26,1.2,54.28929028,7.590664741,7.590664741,7.590664741,7.590664741,3.878693007,7.590664741,3.878693007,15.500232446803206,23.01618056999647,20.98334547669003,10.993841390141311,4.262807522859504,5.799764619411058,2.649814527401116,18.30611786434579,27.177191019217837,24.302204631232392,11.815273383686327,4.865753273687622,6.45436218998741,3.036350308735816,13.233956832994616,24.505530887008206,24.28733173766941,14.259297182337761,3.964496380207858,0.008461031315192713,0.013798225157637406,0.2,0.3,1.0,1.002115259,1.5,1.8,1.4,1.0,1.000178899,247.5273593,228.2836165,34.71420284,27.167637,7.546565843,0.140243902,0.109756098,0.030487805,698.2900235,258,0.999999928
CITY OF CHICAGO:WARD 48 PRECINCT 27,CITY OF CHICAGO:WARD 48 PRECINCT 27,CITY OF CHICAGO:Ward 48 Precinct 27,,,,,,,,,,0.543677875,0.112388958,0.135791187,0.189597869,0.010702973,0.001495167,0.2261,0.3072,0.6928,0.2832,0.3522,0.0106,0.1768,0.1712,0.036869813,0.276029873,0.29178471,0.104571008,0.10016084,0.040788324,0.063864613,0.064889249,0.021041571,0.122847674,0.058560574,0.057580744,0.056944846,0.05492519,0.034842595,0.07650953,0.017875469,0.042488305,0.067822004,0.113180311,0.113657732,0.043325155,0.032778443,0.04273376,0.063927667,48027.0,0.125457794,0.1875,128.0,0.049586777,242.0,0.756097561,451.0,32.1,47343,268.9520664,0.588740147,-0.945791875,0.490563343,1.405786345,0.375006809,0.38482449,0.39615458,0.78978401,0.375006809,complete,CITY OF CHICAGO,Ward 48 Precinct 27,1,0,0,,0,0,0,651,434,289,132,99,66,0.0756,17.86855144813304,78,0.48046,27.075334686128038,118,0.4343,26.399226367197816,115,0.00682,10.939765599043847,47,0.00084,5.0677685907563,22,0.00166,6.467476517358871,28,0.00032,3.0596814503745957,13,CITY OF CHICAGO:WARD 48 PRECINCT 27,CITY OF CHICAGO:WARD 48 PRECINCT 27,CITY OF CHICAGO:WARD 48 PRECINCT 27,1.2,50.96018537,8.351624752,8.351624752,8.351624752,8.351624752,3.640845434,8.351624752,3.640845434,15.50068735995125,23.44700148382498,23.19225989150592,10.426822326168194,4.499393932312479,5.799636604733494,2.6481053301131467,17.755292546989196,26.811249405851328,26.125359511355473,10.841973580280913,5.005331040520776,6.418819824878745,2.9992267610167467,13.23441174614266,24.936351800836714,26.4962461524853,13.692278118364644,4.201082789660834,0.008333016637628499,0.012089027869668558,0.2,0.3,1.0,1.017020545,1.5,1.8,1.4,1.0,1.000494442,206.8005371,196.0349775,22.64255599,16.44558232,6.196973673,0.109489832,0.079523886,0.029965946,3178.528628,434,1.0
CITY OF CHICAGO:WARD 48 PRECINCT 29,CITY OF CHICAGO:WARD 48 PRECINCT 29,CITY OF CHICAGO:Ward 48 Precinct 29,,,,,,,,,,0.683722349,0.054610693,0.13872627,0.104437802,0.015327423,0.000120468,0.5915,0.3481,0.6519,0.2233,0.48,0.0,0.0297,0.2671,0.021531324,0.045641141,0.105195851,0.117532386,0.071560909,0.182140466,0.169410234,0.166171543,0.120816145,0.067553843,0.046267697,0.055723278,0.034150003,0.015955189,0.078503117,0.022238179,0.12376202,0.077253452,0.063192891,0.114317173,0.097290228,0.068227207,0.024891068,0.038352712,0.072321943,48029.0,0.143332146,0.23566879,157.0,0.0625,192.0,0.666666667,204.0,58.3,48615,107.2836419,0.664888001,-0.650113836,0.535885851,1.121278483,0.40508441,0.417984625,0.428664655,0.517555513,0.40508441,complete,CITY OF CHICAGO,Ward 48 Precinct 29,1,0,0,,0,0,0,375,250,167,75,57,38,0.10434,19.041452906059952,48,0.5821,28.03022231801588,70,0.3013,24.191687431588594,60,0.00892,11.186373070491234,28,0.00092,4.882542652920101,12,0.00202,6.600981825181307,17,0.0004,3.115542149971827,8,CITY OF CHICAGO:WARD 48 PRECINCT 29,CITY OF CHICAGO:WARD 48 PRECINCT 29,CITY OF CHICAGO:WARD 48 PRECINCT 29,1.2,49.6219351,8.657519271,8.657519271,8.657519271,8.657519271,3.545234275,8.657519271,3.545234275,15.824011207225897,23.261726256076066,20.55776816421558,10.360362992948213,4.165987926744331,5.797746824627068,2.6439427643228233,18.84959979812926,27.690560655160056,23.97031254017525,11.166537502547525,4.780359519961062,6.460874252232962,3.039008402687066,13.557735593417307,24.7510765730878,23.86175442519496,13.625818785144663,3.867676784092686,0.006443236531202212,0.00792646207934489,0.2,0.3,1.0,1.000719731,1.5,1.8,1.4,1.0,1.000143658,15.39185359,13.84964446,2.933221577,2.146997229,0.786224348,0.190569743,0.139489193,0.05108055,57.28295072,250,1.0
CITY OF CHICAGO:WARD 49 PRECINCT 01,CITY OF CHICAGO:WARD 49 PRECINCT 01,CITY OF CHICAGO:Ward 49 Precinct 01,,,,,,,,,,0.300799198,0.141814356,0.499050594,0.047206612,0.031950519,0.001766438,0.3304,0.3258,0.6742,0.3954,0.2816,0.085,0.0803,0.1469,0.095836014,0.089532603,0.171191273,0.146649669,0.117342126,0.201854404,0.118979704,0.044496348,0.014117859,0.122558509,0.061980893,0.017466658,0.107731874,0.071751273,0.029651316,0.012442501,0.016166076,0.029148437,0.022735486,0.099326123,0.213463026,0.070947724,0.01264021,0.041440308,0.070549587,49001.0,0.308764319,-0.099099099,111.0,0.262032086,374.0,0.765690377,717.0,46.2,61264,328.0918025,1.369657883,-2.70504428,1.23619859,1.436304116,0.320933148,0.334279077,0.501317051,1.546744164,0.320933148,complete,CITY OF CHICAGO,Ward 49 Precinct 01,1,0,0,,0,0,0,827,551,367,117,88,59,0.09524,18.51346124260444,102,0.55298,27.48124898506118,151,0.33702,24.54666563918812,135,0.01176,11.900289425937716,66,0.00072,4.923762537312855,27,0.00198,6.63066847367268,37,0.0003,3.066247818457174,17,CITY OF CHICAGO:WARD 49 PRECINCT 01,CITY OF CHICAGO:WARD 49 PRECINCT 01,CITY OF CHICAGO:WARD 49 PRECINCT 01,1.8,53.35884511,7.803344,7.803344,7.803344,7.803344,3.812217443,7.803344,3.812217443,15.5020335883557,23.019457250708772,20.98600982702687,11.027076251722766,4.263146782811052,5.806864529226548,2.6482496814589442,18.29758962232643,27.164026283582544,24.291036118414276,11.846768450090421,4.862971106588812,6.460768863449988,3.034092226440733,13.23575797454711,24.508807567720506,24.289996088006248,14.292532043919216,3.9648356401594067,0.015560941130682716,0.012233379215465755,0.2,0.3,1.0,2.479172073,1.5,1.8,1.4,1.0,1.003167403,483.3391235,452.0477291,66.31351261,46.186209,20.12730361,0.137198727,0.095556529,0.041642198,2782.949482,551,1.0
CITY OF CHICAGO:WARD 49 PRECINCT 04,CITY OF CHICAGO:WARD 49 PRECINCT 04,CITY OF CHICAGO:Ward 49 Precinct 04,,,,,,,,,,0.505132931,0.128750952,0.26517735,0.082667915,0.021217852,0.001345394,0.5372,0.249,0.751,0.3249,0.3994,0.0216,0.0522,0.1662,0.036604124,0.013148446,0.28071768,0.266857187,0.186292782,0.073382574,0.081366141,0.036701188,0.024929864,0.040605755,0.054266419,0.045758586,0.05140361,0.021738742,0.067533329,0.078062788,0.099425619,0.144566981,0.039201352,0.039755978,0.081211673,0.145184366,0.062147783,0.001091414,0.028045588,49004.0,0.519855016,0.360995851,241.0,0.401785714,448.0,0.819025522,862.0,36.5,46425,401.7935842,2.268941033,0.119190514,1.726702389,1.605980023,1.375979625,1.43020349,1.435279405,1.182857213,1.375979625,complete,CITY OF CHICAGO,Ward 49 Precinct 04,1,0,0,,0,0,0,1011,674,449,176,132,88,0.07816,17.904751696777787,121,0.48302,27.082177885322157,183,0.42958,26.36966538370441,178,0.00636,10.962082204806114,74,0.00078,5.071137353051497,34,0.00188,6.58821479601414,44,0.00022,3.0543661501389634,21,CITY OF CHICAGO:WARD 49 PRECINCT 04,CITY OF CHICAGO:WARD 49 PRECINCT 04,CITY OF CHICAGO:WARD 49 PRECINCT 04,1.226962452,15.85145856,16.37670593,16.37670593,16.37670593,16.37670593,1.132505898,16.37670593,1.132505898,15.501698321890865,23.44884065048227,23.193755363519546,10.438003055956184,4.4995843553795485,5.800907479741052,2.6453706897003113,17.753306540074497,26.808226168470192,26.122431691804117,10.852640339833775,5.00447818796108,6.419884161015958,2.9962855817335656,13.235422708082275,24.938190967494005,26.497741624498925,13.703458848152634,4.201273212727902,0.009603891645186545,0.009354387456832838,0.2,0.3,1.0,1.208261524,1.5,1.8,1.4,1.0,1.000907783,451.8067025,422.4469952,62.64949932,40.30509669,22.34440263,0.138664387,0.089208718,0.049455669,2852.343026,674,0.999999985
CITY OF CHICAGO:WARD 49 PRECINCT 05,CITY OF CHICAGO:WARD 49 PRECINCT 05,CITY OF CHICAGO:Ward 49 Precinct 05,,,,,,,,,,0.596884681,0.106269647,0.169720942,0.105757741,0.016264206,0.001009363,0.5037,0.2561,0.7439,0.4815,0.2782,0.0215,0.0425,0.172,0.019212926,0.151034283,0.243969333,0.201573911,0.073136648,0.193297297,0.080456574,0.03176091,0.00555809,0.088790516,0.094598149,0.09872757,0.043619733,0.014352464,0.002735553,0.051095103,0.018479535,0.071645495,0.043009826,0.102960453,0.130058688,0.097700337,0.056062037,0.026419362,0.059745152,49005.0,0.202274151,0.138888889,216.0,0.211650485,515.0,0.762057878,933.0,37.0,53710,404.7654303,0.915991212,-1.244185046,1.059370503,1.424747992,0.553319095,0.538981166,0.657396962,0.636100362,0.553319095,complete,CITY OF CHICAGO,Ward 49 Precinct 05,1,0,0,,0,0,0,747,498,332,149,112,75,0.07576,17.956003168535933,89,0.48664,27.11761941685503,135,0.42748,26.29894104099967,131,0.0073,10.93804064240296,54,0.00066,5.126739151323094,26,0.00194,6.531385414366124,33,0.00022,3.1022383541996974,15,CITY OF CHICAGO:WARD 49 PRECINCT 05,CITY OF CHICAGO:WARD 49 PRECINCT 05,CITY OF CHICAGO:WARD 49 PRECINCT 05,1.2,43.07815779,10.15328254,10.15328254,10.15328254,10.15328254,3.077714748,10.15328254,3.077714748,15.501480020709533,23.448443511640313,23.19343244007957,10.430199693718707,4.499543236541276,5.798675891512109,2.644622654476971,17.75558553007813,26.81187318825861,26.125743426713527,10.84537193926917,5.00516163279419,6.417815990028185,2.9957009637513954,13.235204406900943,24.937793828652048,26.497418701058947,13.695655485915157,4.20123209388963,0.007372303416243417,0.008606352233492343,0.2,0.3,1.0,1.076050413,1.5,1.8,1.4,1.0,1.000581406,212.0221191,198.3081787,27.7704025,17.3353297,10.43507279,0.130978799,0.081761892,0.049216906,1770.61969,498,0.999999971
CITY OF CHICAGO:WARD 49 PRECINCT 06,CITY OF CHICAGO:WARD 49 PRECINCT 06,CITY OF CHICAGO:Ward 49 Precinct 06,,,,,,,,,,0.580914389,0.109365215,0.114924979,0.179308475,0.010845234,0.002318395,0.1882,0.1669,0.8331,0.2911,0.3322,0.0091,0.1804,0.1815,0.005573232,0.355746546,0.293001257,0.112294392,0.023745593,0.114353973,0.045609647,0.033686214,0.015989131,0.102961485,0.119408978,0.260135415,0.101040205,0.028196977,0.006423679,0.024742086,0.001174948,0.029784518,0.022598485,0.110231713,0.030683219,0.036627911,0.055635159,0.065933444,0.004421764,49006.0,0.31417198,0.301775148,169.0,0.166666667,36.0,0.813953488,86.0,28.7,20866,54.08759788,1.392695461,-0.244328299,0.901487421,1.589844285,0.860803913,0.909924717,0.859116454,0.73828552,0.860803913,complete,CITY OF CHICAGO,Ward 49 Precinct 06,1,0,0,,0,0,0,299,199,133,127,96,64,0.04532,16.140403298641267,32,0.20688,22.79636845353954,45,0.7396,30.373876337307525,60,0.00288,9.412676138102114,19,0.0029,9.158944762428812,18,0.00216,6.595755817768986,13,0.00026,3.097202007941684,6,CITY OF CHICAGO:WARD 49 PRECINCT 06,CITY OF CHICAGO:WARD 49 PRECINCT 06,CITY OF CHICAGO:WARD 49 PRECINCT 06,1.2,30.64861829,12.99440133,12.99440133,12.99440133,12.99440133,2.189687521,12.99440133,2.189687521,14.318133056336379,18.910160179684713,25.400645275715817,8.714869850406844,7.603206642584018,5.798793134986072,2.6471816876764755,15.89161147881656,22.40182318362143,29.831627855520914,9.296343894651583,9.025278356400333,6.46512056921682,3.0454473326655727,12.051857442527789,20.399510496696447,28.704631536695196,11.980325642603294,7.304895499932372,0.0074895468902067015,0.011165385432997225,0.2,0.3,1.0,1.031998361,1.5,1.8,1.4,1.0,1.000519237,90.1034767,84.00952214,11.897721,7.254707999,4.643012999,0.132045082,0.080515295,0.051529787,506.4737302,199,0.999999987
CITY OF CHICAGO:WARD 49 PRECINCT 16,CITY OF CHICAGO:WARD 49 PRECINCT 16,CITY OF CHICAGO:Ward 49 Precinct 16,,,,,,,,,,0.529341217,0.157746999,0.223410526,0.081928695,0.018413367,0.003197167,0.5522,0.2018,0.7982,0.4441,0.2879,0.0524,0.0195,0.1524,0.098654134,0.076096634,0.157072341,0.194886278,0.217266266,0.118219438,0.059517878,0.029504443,0.048782587,0.04864539,0.09458416,0.036912748,0.03028062,0.055642314,0.038279529,0.037295055,0.032408086,0.042197378,0.086672259,0.114712454,0.140074455,0.034919731,0.073448575,0.078554998,0.05537225,49016.0,0.417957802,0.322916667,192.0,0.256017505,457.0,0.850356295,842.0,42.2,59663,369.697647,1.834841146,-0.114553752,1.215088764,1.705653088,1.098282073,1.160257311,1.109248364,0.984480108,1.098282073,complete,CITY OF CHICAGO,Ward 49 Precinct 16,1,0,0,,0,0,0,909,606,404,190,143,95,0.08314,18.107719300542886,110,0.5023,27.214490932924107,165,0.40262,25.81022052628836,156,0.00852,11.187858499112071,68,0.00096,5.06514016219453,31,0.00232,6.572629858335831,40,0.00014,3.048300460365347,18,CITY OF CHICAGO:WARD 49 PRECINCT 16,CITY OF CHICAGO:WARD 49 PRECINCT 16,CITY OF CHICAGO:WARD 49 PRECINCT 16,1.21926463,22.82447772,14.78282743,14.78282743,14.78282743,14.78282743,1.630692567,14.78282743,1.630692567,15.501705310795817,23.324633071061893,22.555829273888335,10.599377455748604,4.43126324077009,5.799679622152,2.6445060231635202,17.910345653012488,26.913793671863154,25.60656864764179,11.127023462095805,4.965274514638377,6.428741054935858,3.0055056667057274,13.235429696987227,24.813983388073627,25.859815534867714,13.864833247945054,4.1329520981184436,0.008376034056134974,0.008489720920041683,0.2,0.3,1.0,1.19539407,1.5,1.8,1.4,1.0,1.001542201,532.4805278,497.3310659,72.05000761,48.1046091,23.94539851,0.135310127,0.090340598,0.044969529,2768.433209,606,1.0
CITY OF CHICAGO:WARD 49 PRECINCT 17,CITY OF CHICAGO:WARD 49 PRECINCT 17,CITY OF CHICAGO:Ward 49 Precinct 17,,,,,,,,,,0.511551676,0.1840873,0.208977524,0.084321059,0.026375148,0.000773557,0.4604,0.308,0.692,0.3325,0.2714,0.0237,0.0781,0.2677,0.102850529,0.081504363,0.215288307,0.18341128,0.16415652,0.140690799,0.074282435,0.025929789,0.011885978,0.050859303,0.057049888,0.045293496,0.029067711,0.033069901,0.027664123,0.06672881,0.033958968,0.04998336,0.091679332,0.105247263,0.135204012,0.075763594,0.08449498,0.030684248,0.083251009,49017.0,0.314577564,0.132075472,159.0,0.266159696,526.0,0.812080537,894.0,40.1,62087,395.8498922,1.39442332,-1.286008346,1.250685573,1.583885837,0.721372821,0.735746596,0.824360617,1.023570725,0.721372821,complete,CITY OF CHICAGO,Ward 49 Precinct 17,1,0,0,,0,0,0,1062,708,472,190,143,95,0.07886,18.028508470566653,128,0.49748,27.175125164139878,192,0.41324,26.061396751487347,185,0.00802,11.111163206598146,79,0.00048,5.037331421376838,36,0.00158,6.523418337780118,46,0.00034,3.0515606334686045,22,CITY OF CHICAGO:WARD 49 PRECINCT 17,CITY OF CHICAGO:WARD 49 PRECINCT 17,CITY OF CHICAGO:WARD 49 PRECINCT 17,1.2,36.01443551,11.76789378,11.76789378,11.76789378,11.76789378,2.573047805,11.76789378,2.573047805,15.501682692353937,23.374757810923473,22.813423988263224,10.531692003718787,4.458850731390893,5.799316724644458,2.64433846011798,17.847455304599613,26.87231560361075,25.816972273203,11.013447092169512,4.981420414664884,6.424341018206785,3.001300964438655,13.235407078545347,24.864108127935207,26.117410249242603,13.797147795915237,4.160539588739247,0.008013136548593165,0.008322157874501756,0.2,0.3,1.0,1.131727368,1.5,1.8,1.4,1.0,1.00182124,548.0623795,512.4343897,69.8099077,48.20878604,21.60112166,0.127375843,0.087962224,0.039413619,3541.72464,708,1.0
CITY OF CHICAGO:WARD 50 PRECINCT 05,CITY OF CHICAGO:WARD 50 PRECINCT 05,CITY OF CHICAGO:Ward 50 Precinct 05,,,,,,,,,,0.514108344,0.230590342,0.114021704,0.127864487,0.026685471,0.004028364,0.3192,0.5823,0.4177,0.5605,0.246,0.0151,0.0162,0.1172,0.127394033,0.205798172,0.094713078,0.092723505,0.168231367,0.079915625,0.131944371,0.050069423,0.049210424,0.008113289,0.043857588,0.012252968,0.01167519,0.026368122,0.01692073,0.024850027,0.025032023,0.023710927,0.145323596,0.119851333,0.149900262,0.041260955,0.060932843,0.038426631,0.251523516,50005.0,-0.141843384,0.377358491,106.0,-0.174193548,310.0,0.442675159,628.0,46.7,82012,303.722665,-0.550009446,0.219630515,-0.294855262,0.408690895,-0.028620406,-0.054135824,-0.076764293,0.291892482,-0.028620406,complete,CITY OF CHICAGO,Ward 50 Precinct 05,1,0,0,,0,0,0,744,496,331,155,117,78,0.10054,20.478180263691385,102,0.8083,32.080818013687775,159,0.08248,19.620681123898304,97,0.00698,10.978730474552341,54,0.0003,3.885213557265078,19,0.00122,6.621397849624672,33,0.00018,3.136304026375747,16,CITY OF CHICAGO:WARD 50 PRECINCT 05,CITY OF CHICAGO:WARD 50 PRECINCT 05,CITY OF CHICAGO:WARD 50 PRECINCT 05,1.301674419,67.91812609,4.538245011,4.538245011,4.538245011,4.538245011,4.852403842,4.538245011,4.538245011,16.446714177293195,25.598029905094517,16.200358573839218,9.855454445154122,3.2614076737209743,5.797573965948548,2.644614082665792,20.364215579558223,31.754581932962086,19.488056209535408,10.964863446561788,3.79826453552162,6.5041463196392435,3.083124647114836,14.180438563484605,27.08738022210625,19.504344834818596,13.120910237350571,2.9630965310693287,0.006270377852682612,0.008597780422313614,0.2,0.3,1.0,1.263324004,1.5,1.8,1.4,1.0,1.116025292,450.0806171,445.0852719,18.48277747,14.48650118,3.996276287,0.041065482,0.032186459,0.008879023,3434.004168,496,1.0
CITY OF CHICAGO:WARD 50 PRECINCT 06,CITY OF CHICAGO:WARD 50 PRECINCT 06,CITY OF CHICAGO:Ward 50 Precinct 06,,,,,,,,,,0.521952237,0.165509455,0.143886061,0.15201453,0.023652687,0.001862731,0.387,0.7042,0.2958,0.6353,0.1655,0.0317,0.0605,0.107,0.118073545,0.092792606,0.094615415,0.135201469,0.090722051,0.170818329,0.16282973,0.081789908,0.053156948,0.020407073,0.039915844,0.03143544,0.013215675,0.022038369,0.051842513,0.045457581,0.062027687,0.006061014,0.055355564,0.109672569,0.14843966,0.039433312,0.0529178,0.100348966,0.201430933,50006.0,-0.130213465,0.174418605,172.0,-0.070063694,157.0,0.759450172,291.0,53.4,82170,126.006272,-0.500463964,-1.026090367,0.070617103,1.416452057,0.047236814,-0.009871293,0.063334493,0.276660162,0.047236814,complete,CITY OF CHICAGO,Ward 50 Precinct 06,1,0,0,,0,0,0,350,233,155,140,105,70,0.1006,20.491383410536695,48,0.81328,32.15114403721445,75,0.07768,19.60417478564433,46,0.00706,10.98408677453726,26,0.00018,3.839354404584941,9,0.001,6.584148901685049,15,0.0002,3.1238959682724445,7,CITY OF CHICAGO:WARD 50 PRECINCT 06,CITY OF CHICAGO:WARD 50 PRECINCT 06,CITY OF CHICAGO:WARD 50 PRECINCT 06,1.296170874,64.86334716,5.173668384,5.173668384,5.173668384,5.173668384,4.634155461,5.173668384,4.634155461,16.446485852362713,25.59761453080325,16.20002082270323,9.857645376331176,3.261364666826405,5.798999697642609,2.64640308348352,20.362888828084078,31.752370083354233,19.486620047394954,10.9669132638754,3.7980976885672875,6.505510581508984,3.0848521781082443,14.180210238554125,27.086964847814983,19.50400708368261,13.123101168527626,2.9630535241747595,0.007696109546743568,0.01038678124004161,0.2,0.3,1.0,1.369512401,1.5,1.8,1.4,1.0,1.060692921,223.8862144,221.4013507,9.193995439,7.206104481,1.987890958,0.041065483,0.032186459,0.008879023,877.3319889,233,1.0
CITY OF CHICAGO:WARD 50 PRECINCT 10,CITY OF CHICAGO:WARD 50 PRECINCT 10,CITY OF CHICAGO:Ward 50 Precinct 10,,,,,,,,,,0.527495146,0.118076694,0.071082065,0.268662478,0.017627396,0.003424007,0.3391,0.4707,0.5293,0.7068,0.088,0.0246,0.0622,0.1062,0.20486741,0.171532725,0.052695913,0.177781178,0.067455376,0.110874941,0.102655902,0.058911183,0.053225373,0.03177079,0.046514599,0.028641005,0.045977382,0.016425498,0.088994301,0.025879115,0.036920905,0.013733644,0.059541701,0.069841937,0.065964825,0.182280564,0.075324927,0.106955644,0.105233164,50010.0,0.211406477,0.125,96.0,-0.311258278,151.0,0.256097561,328.0,48.6,88552,209.5151456,0.954896512,-1.329440238,-0.775921633,-0.184871252,-0.506915967,-0.333834153,-0.595333463,0.047282999,-0.506915967,complete,CITY OF CHICAGO,Ward 50 Precinct 10,1,0,0,,0,0,0,378,252,168,146,110,73,0.34824,26.105491330807762,66,0.58956,29.228988001757706,74,0.05628,17.5518855250403,44,0.00386,9.211432450821038,23,0.00058,4.9395651081735465,12,0.00122,6.743454308417099,17,0.00026,3.2533015338031657,8,CITY OF CHICAGO:WARD 50 PRECINCT 10,CITY OF CHICAGO:WARD 50 PRECINCT 10,CITY OF CHICAGO:WARD 50 PRECINCT 10,1.8,82.37062902,1.957401581,1.957401581,1.957401581,1.957401581,5.884961493,1.957401581,1.957401581,18.808990920569094,21.203271157958405,13.215072502050923,7.610486837226908,3.7897509640620304,5.799594357367465,2.6507411165124934,25.767888696480426,28.847972049309313,17.46459030343491,9.165339746923342,4.881057914646046,6.623659495097888,3.2067444650012655,16.542715306760503,22.69262147497014,16.5190587630303,10.875942629423358,3.491439821410385,0.008290769271599538,0.014724814269014926,0.2,0.3,1.0,1.068500762,1.5,1.8,1.4,1.0,1.430568289,472.440191,470.6236773,6.965930776,3.961569149,3.004361627,0.014744577,0.008385335,0.006359242,2671.164959,252,1.0
CITY OF CHICAGO:WARD 50 PRECINCT 22,CITY OF CHICAGO:WARD 50 PRECINCT 22,CITY OF CHICAGO:Ward 50 Precinct 22,,,,,,,,,,0.525975497,0.126151741,0.079683247,0.251695738,0.013793382,0.002733035,0.3,0.517,0.483,0.5715,0.1345,0.0201,0.089,0.1597,0.183430068,0.192988126,0.054876821,0.161237197,0.086331356,0.117027058,0.102157797,0.057101151,0.044850428,0.035512137,0.043037175,0.02356971,0.058225819,0.018581569,0.10306487,0.021894512,0.032259833,0.020314086,0.070249844,0.072181722,0.065204791,0.171352029,0.088525114,0.075688356,0.100338433,50022.0,0.248717852,0.098039216,102.0,-0.535714286,280.0,0.09127789,493.0,48.0,75425,313.8269415,1.113849471,-1.494935609,-1.563711732,-0.709214576,-0.931259232,-0.663503111,-1.111300956,0.241017173,-0.931259232,complete,CITY OF CHICAGO,Ward 50 Precinct 22,1,0,0,,0,0,0,434,289,193,135,102,68,0.35062,26.080015896646845,75,0.58674,29.17062646560515,84,0.05678,17.576572177920426,51,0.004,9.243563140084973,27,0.00048,4.953525756201388,14,0.00098,6.664805475155299,19,0.0004,3.2814231917178027,9,CITY OF CHICAGO:WARD 50 PRECINCT 22,CITY OF CHICAGO:WARD 50 PRECINCT 22,CITY OF CHICAGO:WARD 50 PRECINCT 22,1.5,88.10675834,0.933077162,0.933077162,0.933077162,0.933077162,6.294778688,0.933077162,0.933077162,18.809151331452455,21.203562981356093,13.215309790891734,7.611308783522466,3.789781178782491,5.7994502255161855,2.6500707196075557,25.76779956529502,28.84799807562961,17.464672861497,9.166254558866255,4.880971367364605,6.623498768695492,3.2060574735452105,16.542875717643867,22.692913298367827,16.519296051871112,10.876764575718916,3.4914700361308455,0.008146637420320256,0.014054417364077417,0.2,0.3,1.0,1.068425016,1.5,1.8,1.4,1.0,1.221304205,638.398429,637.297742,7.704808751,4.953091305,2.751717445,0.012068966,0.007758621,0.004310345,3199.798492,289,1.0
COOK:7501001,COOK:7501001,COOK:Evanston Ward 1 Precinct 1,,,,,,,,,,0.465692137,0.104620447,0.073235215,0.303889042,0.022195081,0.012160597,0.2301,0.445,0.555,0.227,0.1057,0.0,0.4159,0.2207,0.009982913,0.362094446,0.426386859,0.034624049,0.010471263,0.0327561,0.045933348,0.023333201,0.020580788,0.084867503,0.036534889,0.034713537,0.037408154,0.033566703,0.007683226,0.036596344,0.011874673,0.112535465,0.069504321,0.044647947,0.131637073,0.052306556,0.066795457,0.048985073,0.156506045,,0.848959732,0.473684211,19.0,0.06122449,49.0,0.83908046,174.0,25.5,65979,163.1543474,3.670984466,0.810913792,0.531409097,1.669781102,1.356814578,1.670772115,1.128941974,1.365540035,1.356814578,complete,COOK,Evanston Ward 1 Precinct 1,0,1,0,Evanston,1,0,0,383,255,170,26,20,13,0.02522,17.042990855286998,43,0.8668,34.745438303931486,89,0.10592,22.809198300461446,58,0.00026,4.439669691464759,11,0.001,8.210902557729332,21,0.0007,6.408513423088155,16,0.0001,3.027834638446457,8,COOK:7501001,COOK:7501001,COOK:EVANSTON WARD 1 PRECINCT 1,1.2,16.26202258,16.28286004,16.28286004,16.28286004,16.28286004,1.161838605,16.28286004,1.161838605,16.442852890099807,34.15117194013958,21.1240045573311,4.7185466836586745,7.602984786941349,5.800473675296998,2.64702524922966,16.93175487083749,34.4203408891795,22.752184213459973,4.383403027299978,8.186924281127125,6.3520778021490685,2.9305675868400796,14.176577276291216,35.64052225715131,24.42799081831048,7.9840024758551245,7.304673644289703,0.009170087201132784,0.011008946986181973,1.0,1.0,0.2,3.0,1.002686841,1.004298946,1.002149473,1.397850527,1.006807594,191.2464053,187.3021674,7.773902079,5.27002047,2.50388161,0.040648618,0.027556181,0.013092438,2907.95,193,0.966164352
COOK:7501002,COOK:7501002,COOK:Evanston Ward 1 Precinct 2,,,,,,,,,,0.608574199,0.047519447,0.09998095,0.233615459,0.000617864,5.09e-06,0.3739,0.44,0.56,0.2935,0.1671,0.0001,0.3558,0.1835,0.028169624,0.180381473,0.381097052,0.079858439,0.04037533,0.073807679,0.093252564,0.092584877,0.030472961,0.141423797,0.031408334,0.041094743,0.050977248,0.039469306,0.039475274,0.070823148,0.037885215,0.009902322,0.051157381,0.079064867,0.025000776,0.141399352,0.037968069,0.074071588,0.128878582,,-0.252809307,0.509157509,273.0,0.120622568,257.0,0.614100186,539.0,28.9,57338,195.8446539,-1.022743613,1.028662156,0.73988299,0.954047938,0.601225028,0.424962368,0.664209153,1.14185852,0.601225028,complete,COOK,Evanston Ward 1 Precinct 2,0,1,0,Evanston,1,0,0,462,308,205,199,150,100,0.0262,17.027440988118663,52,0.86742,34.7013247197831,107,0.10436,22.794545333080997,70,0.00024,4.495678754618352,14,0.00098,8.251132487449048,25,0.00066,6.4248878824138185,20,0.00014,3.007067759536606,9,COOK:7501002,COOK:7501002,COOK:EVANSTON WARD 1 PRECINCT 2,1.2,41.01208671,10.62554086,10.62554086,10.62554086,10.62554086,2.930104503,10.62554086,2.930104503,16.444025355016414,34.15328389064269,21.124840994148055,4.720343800063451,7.603109931587056,5.799619323410879,2.6450567786104413,16.932484933578454,34.42179598885437,22.751739199225195,4.384958909717936,8.186563971284377,6.351167001137483,2.9285426670953933,14.177749741207826,35.642634207654424,24.428827255127434,7.985799592259901,7.30479878893541,0.008315735315013822,0.009040476366963012,1.0,1.0,0.2,3.0,1.002956311,1.004730098,1.002365049,1.397634951,1.014424818,114.9560493,112.4116642,4.880928714,3.212561382,1.668367332,0.042459085,0.027945997,0.014513089,930.84,308,1.0
COOK:7501003,COOK:7501003,COOK:Evanston Ward 1 Precinct 3,,,,,,,,,,0.670772766,0.048754703,0.088654837,0.176222101,0.011247165,0.00160467,0.3361,0.6941,0.3059,0.3216,0.1371,0.0061,0.3132,0.2216,0.05452976,0.271148729,0.254819264,0.038852011,0.079197412,0.110552016,0.089332311,0.077503105,0.024065391,0.082639116,0.091123304,0.00449451,0.010462213,0.013246638,0.023301427,0.018588841,0.014705216,0.005826116,0.085038176,0.091763983,0.068260819,0.080882717,0.044136476,0.042821904,0.322708542,,-0.090424569,0.504424779,226.0,0.125628141,199.0,0.462093863,554.0,41.9,96539,204.1658228,-0.330956335,0.99961089,0.757451426,0.470467913,0.58298425,0.474143474,0.63964584,0.748050157,0.58298425,complete,COOK,Evanston Ward 1 Precinct 3,0,1,0,Evanston,1,0,0,474,316,211,164,123,82,0.00772,17.89670480514299,57,0.98366,41.3833626084781,131,0.00846,18.308267299563035,58,6e-05,5.128991726494609,16,4e-05,4.339838051362522,14,4e-05,6.320987071180909,20,2e-05,2.8273824898187723,9,COOK:7501003,COOK:7501003,COOK:EVANSTON WARD 1 PRECINCT 3,1.245642386,41.79468516,10.4466561,10.4466561,10.4466561,10.4466561,2.986017172,10.4466561,2.986017172,17.83632056254595,41.87805647488379,18.734567625284942,5.963759373298508,4.43503699984141,5.797960056729418,2.6430107090189114,17.83400204356707,41.234125939742206,18.378874438347122,5.059700898081062,4.329183323336435,6.272188582385726,2.8491774454335683,15.570044948737362,43.367406791895526,22.03855388626432,9.229215165494958,4.136725857189764,0.006656468633552652,0.00699440677543326,1.0,1.0,0.2,3.0,1.000686018,1.001097629,1.000548815,1.399451185,1.010066356,157.0778835,154.7465511,3.832895471,1.562412575,2.270482897,0.024401242,0.009946738,0.014454504,960.61,316,1.0
COOK:7501004,COOK:7501004,COOK:Evanston Ward 1 Precinct 4,,,,,,,,,,0.71074879,0.045625937,0.046657638,0.147100973,0.004305566,1.23e-05,0.4068,0.3068,0.6932,0.2714,0.1633,0.0039,0.1472,0.3095,0.081344783,0.084635852,0.278337047,0.077265574,0.04219973,0.039315467,0.114339069,0.087316466,0.159312986,0.138559443,0.013635286,0.021752766,0.013645786,0.010910682,0.017204747,0.029036792,0.045293317,0.070664194,0.018173347,0.036280342,0.0554043,0.048920946,0.145779065,0.108629908,0.190176051,,-0.309491763,0.560723514,387.0,0.027906977,430.0,0.473684211,779.0,47.5,105863,317.3931568,-1.264220751,1.345193571,0.414472121,0.507340464,0.418565638,0.250696351,0.451320792,0.578100418,0.418565638,complete,COOK,Evanston Ward 1 Precinct 4,0,1,0,Evanston,1,0,0,776,517,345,234,176,117,0.00784,18.292670535359278,95,0.98536,41.375263965588935,214,0.00656,17.464737328640172,90,8e-05,5.611524745415523,29,0.0,4.396227730153676,23,0.00016,6.348900561355897,33,0.0,2.9171625037091666,15,COOK:7501004,COOK:7501004,COOK:EVANSTON WARD 1 PRECINCT 4,1.2,49.0220705,8.794635097,8.794635097,8.794635097,8.794635097,3.502377008,8.794635097,3.502377008,17.836644472797424,41.3321292276927,17.367161834752743,6.238294850613624,4.262968888873077,5.796067345095678,2.6414934325220254,18.265151283292504,41.12098357993042,17.52976739683931,5.607963836141444,4.260093037767298,6.297964619368772,2.8753289175534675,15.570368858988836,42.82147954470443,20.67114809573212,9.503750642810074,3.9646577462214316,0.004763756999812484,0.005477130278546919,1.0,1.0,0.2,3.0,1.008429462,1.01348714,1.00674357,1.39325643,1.00513203,184.2988397,181.5304789,6.476708117,3.830946899,2.645761219,0.035142425,0.020786603,0.014355821,1369.58,386,0.96406572
COOK:7502001,COOK:7502001,COOK:Evanston Ward 2 Precinct 1,,,,,,,,,,0.588614184,0.081255706,0.108621507,0.201781368,0.01437226,0.000395782,0.4706,0.4091,0.5909,0.4871,0.1149,0.045,0.1185,0.2014,0.080531936,0.112281117,0.25698746,0.120148619,0.097919709,0.091171204,0.106464539,0.098408659,0.036086756,0.063974621,0.051647535,0.022291518,0.030214786,0.030985922,0.027306328,0.098236023,0.050228253,0.013818656,0.055299214,0.064621485,0.098326763,0.081798929,0.054509006,0.067403299,0.18933766,,-0.174157342,0.540669856,418.0,0.166666667,396.0,0.591836735,1029.0,41.4,72998,426.7570909,-0.687672537,1.222096721,0.901487421,0.883220883,0.738699118,0.579783122,0.803039978,0.694730033,0.738699118,complete,COOK,Evanston Ward 2 Precinct 1,0,1,0,Evanston,1,0,0,1028,685,457,342,257,171,0.0081,17.79143484232415,122,0.98282,41.441481691912344,284,0.0089,18.390459296188368,126,4e-05,5.0222261308644605,34,6e-05,4.330150861200266,30,6e-05,6.312688229808759,43,2e-05,2.9362853574461565,20,COOK:7502001,COOK:7502001,COOK:EVANSTON WARD 2 PRECINCT 1,1.204417625,35.319966,11.9266342,11.9266342,11.9266342,11.9266342,2.523431498,11.9266342,2.523431498,17.836036270378372,41.89815865733593,18.78646769445564,5.954127990708226,4.441560947893574,5.7991315592779875,2.644119124748825,17.817251654463096,41.23746371619616,18.409464294641136,5.039947915164455,4.331592849730638,6.272303232234266,2.8492290084634515,15.569760656569784,43.38750897434766,22.09045395543502,9.219583782904676,4.143249805241929,0.007827971182122341,0.00810282250534653,1.0,1.0,0.2,3.0,1.002726086,1.004361738,1.002180869,1.397819131,1.0518336,543.8351797,533.8908594,24.42978688,13.56964969,10.86013718,0.044921307,0.024951769,0.019969538,2961.91,685,1.0
COOK:7502002,COOK:7502002,COOK:Evanston Ward 2 Precinct 2,,,,,,,,,,0.473289784,0.203313488,0.25718532,0.070955231,0.027195455,0.001192846,0.3675,0.7194,0.2806,0.5934,0.1092,0.0501,0.0443,0.1961,0.152629055,0.123018801,0.086886501,0.098413285,0.1433328,0.173233068,0.108751306,0.060686163,0.05304902,0.017618464,0.085550755,0.004458351,4.93e-05,0.018338818,0.02855604,0.0022626,0.041849521,0.026355644,0.065820171,0.035145913,0.103198051,0.065823636,0.120796136,0.138309807,0.245866751,,0.169222686,0.55952381,168.0,0.376623377,154.0,0.776119403,402.0,51.1,126029,161.6684244,0.775186213,1.337829339,1.638388246,1.469482135,1.391541686,1.305221483,1.458175039,0.575668058,1.391541686,complete,COOK,Evanston Ward 2 Precinct 2,0,1,0,Evanston,1,0,0,381,254,169,130,98,65,0.00896,18.24835155573056,46,0.98404,41.33996500117819,105,0.00686,17.51362987445132,44,8e-05,5.629935332795162,14,4e-05,4.372013566562499,11,2e-05,6.357201126536749,16,0.0,2.9499290896110875,7,COOK:7502002,COOK:7502002,COOK:EVANSTON WARD 2 PRECINCT 2,1.309022673,15.52526271,16.45126711,16.45126711,16.45126711,16.45126711,1.109200868,16.45126711,1.109200868,17.837491431281997,41.33441765573723,17.36806816540139,6.249902523731086,4.26310449078062,5.8004041939301,2.641759925005412,18.26115398181724,41.11831496901225,17.524227989295138,5.617353184293195,4.258935153070176,6.30198672578577,2.87528066761943,15.571215817473407,42.82376797274896,20.672054426380768,9.515358315927536,3.9647933481289748,0.009100605834234282,0.005743622761933475,1.0,1.0,0.2,3.0,1.008459638,1.013535422,1.006767711,1.393232289,1.123308367,188.2021507,186.4006475,6.663091011,3.867738607,2.795352404,0.035403905,0.02055098,0.014852925,1237.52,254,1.0
COOK:7502003,COOK:7502003,COOK:Evanston Ward 2 Precinct 3,,,,,,,,,,0.133118669,0.235009852,0.597180765,0.05352578,0.033799427,0.006280487,0.2185,0.8624,0.1376,0.7357,0.0998,0.02,0.0227,0.1013,0.060366648,0.16459384,0.134884084,0.051621063,0.116021437,0.136270249,0.110209026,0.055135029,0.170898624,0.021064972,0.02432616,0.027626283,0.014579799,0.355453064,0.021064416,0.006593895,0.082415028,0.021018578,0.019420553,0.017892744,0.060003684,0.011496472,0.100231727,0.089006243,0.127806386,,0.113019667,0.058823529,153.0,0.460122699,163.0,0.819095477,398.0,54.5,41777,212.4869917,0.535751559,-1.735656155,1.931452084,1.606202572,0.724007567,0.584437515,0.993410481,1.16437332,0.724007567,complete,COOK,Evanston Ward 2 Precinct 3,0,1,0,Evanston,1,0,0,494,329,219,171,129,86,0.00838,18.303100096493676,60,0.9848,41.35790941680904,136,0.0066,17.431057113732972,57,0.00012,5.708120378358456,19,2e-05,4.316901161903817,14,8e-05,6.331168059469042,21,0.0,2.8853399250452516,9,COOK:7502003,COOK:7502003,COOK:EVANSTON WARD 2 PRECINCT 3,1.5,35.90836098,11.79214008,11.79214008,11.79214008,11.79214008,2.56546932,11.79214008,2.56546932,17.837685296638327,41.334941467619835,17.368275620804877,6.268086930517141,4.263135529506371,5.809855617277634,2.645677640880155,18.253595006148263,41.110906844066726,17.514139619333026,5.631993864012831,4.256978241661658,6.310939430654919,2.8786996650157883,15.571409682829737,42.82429178463157,20.672261881784255,9.533542722713591,3.9648243868547257,0.018552029181768733,0.009661338636676335,1.0,1.0,0.2,3.0,1.004708999,1.007534398,1.003767199,1.396232801,1.294121887,383.0549715,379.3525441,14.05813617,7.552642154,6.505494017,0.036700049,0.019716862,0.016983186,1290.96,329,1.0
COOK:7502004,COOK:7502004,COOK:Evanston Ward 2 Precinct 4,,,,,,,,,,0.368999262,0.210280383,0.362537238,0.044702483,0.038725364,0.00253349,0.3732,0.746,0.254,0.5838,0.1092,0.0408,0.0334,0.2157,0.141127649,0.130662488,0.092392491,0.117154263,0.146903422,0.14471714,0.135607124,0.052793255,0.038642168,0.044476209,0.001857262,0.019494952,0.00394847,0.013204441,0.043945144,0.0093794,0.004310373,0.056985841,0.016912163,0.064737815,0.101263693,0.076609087,0.115492165,0.120285201,0.307097784,,0.014146626,0.361403509,285.0,0.515358362,293.0,0.768352365,613.0,48.7,134281,303.4254804,0.114535177,0.121692871,2.125316836,1.444772739,1.152657572,0.951579406,1.387405058,0.85944027,1.152657572,complete,COOK,Evanston Ward 2 Precinct 4,0,1,0,Evanston,1,0,0,735,490,327,209,157,105,0.00868,18.28269619455536,90,0.98422,41.35092713872498,203,0.00694,17.497314316707463,86,0.00012,5.603939409730159,27,0.0,4.386294733948078,21,4e-05,6.376655100497812,31,0.0,2.9536831442769684,14,COOK:7502004,COOK:7502004,COOK:EVANSTON WARD 2 PRECINCT 4,1.5,21.27884884,15.13612413,15.13612413,15.13612413,15.13612413,1.520265264,15.13612413,1.520265264,17.837783436942168,41.33520663648902,17.36838064078739,6.255648150369394,4.263151242215613,5.802849279966457,2.6422848926474956,18.25902992935644,41.116631802573124,17.521327956613643,5.621992216533231,4.2583461338614566,6.3042754042579645,2.875649227697351,15.571507823133578,42.82455695350075,20.672366901766768,9.521103942565844,3.964840099563967,0.011545691870591634,0.006268590404017204,1.0,1.0,0.2,3.0,1.020192339,1.032307743,1.016153871,1.383846129,1.195666641,465.918252,461.51748,15.71657138,10.05831794,5.658253436,0.033732466,0.02158816,0.012144305,2437.85,490,1.0
COOK:7502005,COOK:7502005,COOK:Evanston Ward 2 Precinct 5,,,,,,,,,,0.350561715,0.129907422,0.444682452,0.071525879,0.034071153,3.71e-06,0.4618,0.9098,0.0902,0.7486,0.0463,0.0458,0.0003,0.1587,0.149626768,0.10684282,0.04499068,0.134371314,0.096415599,0.178159853,0.17048535,0.093331861,0.025775756,0.006932352,0.011423949,4.3e-05,0.006924887,0.018291365,0.000112999,0.038809066,0.027389475,0.150685127,0.038834454,0.102911749,0.066594216,0.116623708,0.03921189,0.180575335,0.194636425,,0.079039563,0.383084577,201.0,0.431372549,102.0,0.781990521,422.0,54.3,106655,105.2033497,0.390990395,0.254779371,1.830545524,1.488160012,1.135074339,0.991118826,1.302959678,0.798317228,1.135074339,complete,COOK,Evanston Ward 2 Precinct 5,0,1,0,Evanston,1,0,0,245,163,109,154,116,77,0.00852,18.31353463405207,30,0.9844,41.39418180752432,67,0.0069,17.464816449590955,28,8e-05,5.694715908234099,9,4e-05,4.2390239596558335,7,6e-05,6.298109380402139,10,0.0,2.8594632286641173,5,COOK:7502005,COOK:7502005,COOK:EVANSTON WARD 2 PRECINCT 5,1.5,21.76869523,15.02415604,15.02415604,15.02415604,15.02415604,1.55526229,15.02415604,1.55526229,17.837485084043756,41.33440050590255,17.368061373218946,6.25987648781798,4.2631034745588945,5.805852497116581,2.6442568720539414,18.256878175244168,41.11392986668049,17.518553251251728,5.62537978888073,4.2578472695512755,6.3071608667945585,2.8775034524902683,15.571209470235168,42.823750822914285,20.672047634198325,9.52533228001443,3.9647923319072493,0.014548909020714958,0.008240569810463004,1.0,1.0,0.2,3.0,1.046601752,1.074562803,1.037281401,1.362718599,1.31306477,141.2372284,139.6127783,6.315409194,2.348993844,3.96641535,0.044714905,0.016631549,0.028083356,306.29,163,1.0
COOK:7503001,COOK:7503001,COOK:Evanston Ward 3 Precinct 1,,,,,,,,,,0.76333708,0.077789885,0.059052351,0.088548471,0.015625834,0.001824577,0.5582,0.5579,0.4421,0.3609,0.2571,0.0493,0.0561,0.2765,0.093136169,0.110018647,0.15457925,0.150222489,0.153445662,0.14005144,0.091496846,0.078534418,0.026203578,0.057475879,0.005195744,0.015917645,0.00547554,0.0409063,0.048206557,0.054128729,0.016480414,0.039701639,0.0022835,0.03015996,0.11701989,0.091666488,0.042445619,0.143764905,0.286859689,,-0.151489679,0.573643411,258.0,0.034749035,259.0,0.444444444,594.0,44.8,117971,236.26176,-0.591104343,1.424500728,0.438486206,0.414319549,0.52450959,0.421550535,0.527896724,0.388075367,0.52450959,complete,COOK,Evanston Ward 3 Precinct 1,0,1,0,Evanston,1,0,0,572,381,254,196,147,98,0.00804,17.906513331817017,68,0.98264,41.29182148747709,157,0.00912,18.166011388182397,69,8e-05,5.228449222128842,20,4e-05,4.307535197460095,16,6e-05,6.33848022584256,24,2e-05,2.9254271359436443,11,COOK:7503001,COOK:7503001,COOK:EVANSTON WARD 3 PRECINCT 1,1.2,44.33569336,9.865837627,9.865837627,9.865837627,9.865837627,3.167559253,9.865837627,3.167559253,17.837295744123423,41.759643486930244,18.432826283521756,6.02388614312018,4.397090236622644,5.7950688049138535,2.6397225736594003,17.929156859544047,41.21125568907782,18.196714539510136,5.178349318605198,4.314497753448423,6.275343265601846,2.851935245105741,15.571020130314835,43.24899380394198,21.736812544501134,9.28934193531663,4.098779093970998,0.003765216817987957,0.0037062714159218652,1.0,1.0,0.2,3.0,1.026416004,1.042265606,1.021132803,1.378867197,1.005858316,465.4031747,460.7961682,16.40729731,13.73000297,2.677294343,0.035253944,0.029501309,0.005752634,1877.93,373,0.997688472
COOK:7503002,COOK:7503002,COOK:Evanston Ward 3 Precinct 2,,,,,,,,,,0.751287828,0.064957756,0.072659887,0.083406656,0.013143258,0.00218523,0.5939,0.6111,0.3889,0.404,0.204,0.0375,0.0513,0.3032,0.093934041,0.110947167,0.148105551,0.148841474,0.148595073,0.136600461,0.091934412,0.079044098,0.023695707,0.056420222,0.007189631,0.015279525,0.007369919,0.039503958,0.046307322,0.052780986,0.016880206,0.035146149,0.001730763,0.033874944,0.115727654,0.091106587,0.043354357,0.138140245,0.280885518,,-0.09363271,0.498432602,319.0,0.177700348,287.0,0.543604651,688.0,44.9,117188,281.7310043,-0.344623574,0.962828667,0.940213159,0.729779422,0.700533092,0.572049419,0.77416584,0.373124221,0.700533092,complete,COOK,Evanston Ward 3 Precinct 2,0,1,0,Evanston,1,0,0,675,450,300,219,165,110,0.00774,17.91893573221418,81,0.98472,41.4077660505535,186,0.00728,18.16261738989843,82,6e-05,5.23163546365336,24,4e-05,4.324245678218477,19,0.00016,6.331453132672288,28,0.0,2.860501938324976,13,COOK:7503002,COOK:7503002,COOK:EVANSTON WARD 3 PRECINCT 2,1.221782839,36.85921466,11.57479588,11.57479588,11.57479588,11.57479588,2.633402968,11.57479588,2.633402968,17.837352935815645,41.75562395088367,18.422446626307906,6.026749147476064,4.395785500368445,5.79534401450941,2.6397325258086783,17.9321521184734,41.210201218375346,18.189960805497122,5.183093731207399,4.313904082547371,6.275806996367468,2.852133718425085,15.571077322007055,43.2449742678954,21.726432887287285,9.292204939672514,4.097474357716799,0.004040426413544262,0.0037162235652001734,1.0,1.0,0.2,3.0,1.049878364,1.079805382,1.039902691,1.360097309,1.004912647,247.1785182,244.735004,8.713317886,7.295515798,1.417802088,0.035251113,0.029515169,0.005735944,908.75,388,0.981697494
COOK:7503003,COOK:7503003,COOK:Evanston Ward 3 Precinct 3,,,,,,,,,,0.721467116,0.069675513,0.096086916,0.095442684,0.016352296,0.000587408,0.6944,0.5595,0.4405,0.4709,0.1959,0.0467,0.011,0.2751,0.104197343,0.082671265,0.118864558,0.209253046,0.170991199,0.100873103,0.145125191,0.058023711,0.010000585,0.030440495,0.019924134,0.003258948,0.007369207,0.019159123,0.018530402,0.002574319,0.017177792,0.001776056,0.064676036,0.044244191,0.125958516,0.14263191,0.066066427,0.109478955,0.326733491,,0.019754071,,,0.272171254,327.0,,,43.7,125862,304.0198496,0.138423869,,1.271784789,,,,,0.446709156,0.446709156,demographic_only,COOK,Evanston Ward 3 Precinct 3,0,1,0,Evanston,1,0,0,741,494,329,165,124,83,0.0075,17.916561009942587,89,0.98418,41.403541782234264,205,0.00808,18.24855734578479,90,6e-05,5.1659971678282,26,4e-05,4.386369881416631,22,0.00012,6.354998923049187,31,2e-05,2.779491001974905,14,COOK:7503003,COOK:7503003,COOK:EVANSTON WARD 3 PRECINCT 3,1.5,47.77099793,9.080602713,9.080602713,9.080602713,9.080602713,3.412994251,9.080602713,3.412994251,17.837219060752282,41.80535100137154,18.54759366337111,6.00259288717977,4.411530781214131,5.796302220429492,2.6404398448248387,17.892662930873836,41.2200688582075,18.265576854063823,5.13441794854582,4.319974025926147,6.274238109061195,2.85031394421489,15.570943446943692,43.294701318383275,21.85157992435049,9.26804867937622,4.113219638562485,0.004998632333627056,0.004423542581360263,1.0,1.0,0.2,3.0,1.222973865,1.356758185,1.178379092,1.221620908,1.005887775,241.8744875,237.1192347,11.76395818,5.373639723,6.390318453,0.048636623,0.022216645,0.026419977,1764.25,494,1.0
COOK:7503004,COOK:7503004,COOK:Evanston Ward 3 Precinct 4,,,,,,,,,,0.75268919,0.067074393,0.073469071,0.061647795,0.011325849,0.001226687,0.6628,0.6298,0.3702,0.5003,0.2442,0.0301,0.0325,0.1929,0.056092136,0.079248806,0.054743119,0.166054686,0.227191841,0.075685652,0.236970494,0.060499519,0.01560234,0.064847361,0.028133741,0.00188235,0.023456804,0.008042819,0.007057798,0.001600883,0.036386856,0.000167421,0.048267688,0.075641204,0.071561407,0.136563363,0.089762661,0.146126142,0.232590091,,0.002942972,0.459854015,137.0,0.168141593,339.0,0.510204082,294.0,47.5,121784,352.7581246,0.066805658,0.726018879,0.906664079,0.623521684,0.664738417,0.580752575,0.729920718,0.262415405,0.664738417,complete,COOK,Evanston Ward 3 Precinct 4,0,1,0,Evanston,1,0,0,842,561,374,178,134,89,0.0092,18.258610922461628,102,0.98384,41.32220536537922,232,0.00668,17.539116830922413,98,0.00012,5.637109634387197,32,4e-05,4.318949326167345,24,0.00012,6.3526169536166135,36,0.0,2.944465997317055,17,COOK:7503004,COOK:7503004,COOK:EVANSTON WARD 3 PRECINCT 4,1.5,38.33308971,11.23790053,11.23790053,11.23790053,11.23790053,2.738703826,11.23790053,2.738703826,17.83759495659651,41.33469737456333,17.368178947886207,6.2401762357837,4.263121065654576,5.794862883031419,2.639024270132162,18.26543652576918,41.12286999640528,17.529884976594193,5.609526167845398,4.260008703582173,6.296713351418946,2.872812949278037,15.571319342787923,42.82404769157507,20.672165208865586,9.50563202798015,3.9648099230029303,0.00355929493555333,0.003007967888683817,1.0,1.0,0.2,3.0,1.189447699,1.303116319,1.15155816,1.24844184,1.002912245,292.2857571,285.8635355,15.53602476,7.462278001,8.073746761,0.053153547,0.025530762,0.027622785,1249.21,447,0.972088449
COOK:7503005,COOK:7503005,COOK:Evanston Ward 3 Precinct 5,,,,,,,,,,0.674878137,0.069994308,0.072672328,0.164468027,0.009864428,0.00065836,0.6996,0.5698,0.4302,0.446,0.2838,0.0437,0.0319,0.1942,0.097397616,0.065878587,0.144796599,0.194427736,0.167731219,0.114876807,0.13395361,0.071448148,0.009489679,0.043923419,0.021369526,0.009826941,0.018970665,0.033222004,0.028858683,0.010313614,0.049566886,0.001680044,0.047284161,0.021949808,0.129847166,0.126643745,0.078682262,0.09491811,0.282942966,,-0.042588327,0.363636364,220.0,0.234567901,243.0,0.657232704,636.0,43.9,116421,246.9604057,-0.127165609,0.13539897,1.139805479,1.091266073,0.686523337,0.559826228,0.802519187,0.512635858,0.686523337,complete,COOK,Evanston Ward 3 Precinct 5,0,1,0,Evanston,1,0,0,599,399,266,211,159,106,0.00716,17.90073699324172,71,0.98412,41.445934081464095,165,0.00856,18.1702935909206,72,4e-05,5.160549922023138,21,2e-05,4.353279032770371,17,0.0001,6.328669880840729,25,0.0,2.848144530455168,11,COOK:7503005,COOK:7503005,COOK:EVANSTON WARD 3 PRECINCT 5,1.297905268,37.43273179,11.44370251,11.44370251,11.44370251,11.44370251,2.674377843,11.44370251,2.674377843,17.836451301474234,41.794928435819294,18.52589036769042,6.005202801749318,4.408780073651199,5.797224187213285,2.6424110981789157,17.898925026932986,41.216783768190496,18.25284393234565,5.141345215462602,4.3190022300477935,6.275613688094846,2.8527388098188258,15.570175687665644,43.28427875283103,21.829876628669798,9.270658593945768,4.110468930999553,0.005920599117419434,0.006394795935437393,1.0,1.0,0.2,3.0,1.093715101,1.149944161,1.074972081,1.325027919,1.008758342,68.57974747,67.24745529,3.327502847,1.552726715,1.774776132,0.048520197,0.022641184,0.025879012,1254.67,399,1.0
COOK:7504001,COOK:7504001,COOK:Evanston Ward 4 Precinct 1,,,,,,,,,,0.705923117,0.045910356,0.156177252,0.090377066,0.022081307,0.001580036,0.4366,0.4506,0.5494,0.3566,0.2645,0.0825,0.0406,0.2333,0.117565718,0.112506378,0.178833905,0.110160574,0.178227548,0.137924232,0.102577212,0.036835494,0.025368942,0.063202128,0.013307609,4.47e-05,0.023302637,0.043127663,0.013313651,0.000147541,0.020005481,0.112740987,0.073085944,0.10957674,0.079861052,0.029930965,0.083104323,0.142653144,0.192595389,,0.189150118,0.57037037,135.0,0.5625,128.0,0.763157895,304.0,44.3,83811,125.4119028,0.860080545,1.404409579,2.290773382,1.428247493,1.638947033,1.49587775,1.79792616,0.596639198,1.638947033,complete,COOK,Evanston Ward 4 Precinct 1,0,1,0,Evanston,1,0,0,312,208,139,99,75,50,0.00856,17.893300904206093,37,0.98288,41.40038884987831,86,0.00834,18.208478143278704,38,4e-05,5.24432711040822,11,4e-05,4.372859275741428,9,0.00014,6.306523173838386,13,0.0,2.8350538736880093,6,COOK:7504001,COOK:7504001,COOK:EVANSTON WARD 4 PRECINCT 1,1.2,11.13239357,17.45538018,17.45538018,17.45538018,17.45538018,0.795352764,17.45538018,0.795352764,17.837275404915882,41.78045885351971,18.485008808871637,6.018486738910402,4.403656444744852,5.797926616392556,2.6410666635074103,17.91079046611218,41.21345753380807,18.225588853067958,5.1617674683399795,4.31652425806932,6.277022916811245,2.8521011746844485,15.570999791107292,43.269809170531445,21.788995069851016,9.283942531106852,4.105345302093206,0.006623028296690403,0.005050361263932016,1.0,1.0,0.2,3.0,1.021247495,1.033995991,1.016997996,1.383002004,1.015451918,101.8232043,100.6060826,2.840923923,0.815307446,2.025616477,0.027900555,0.008007089,0.019893466,554.02,208,1.0
COOK:7504002,COOK:7504002,COOK:Evanston Ward 4 Precinct 2,,,,,,,,,,0.684346628,0.090102848,0.128464983,0.089222354,0.018627256,0.002940493,0.4353,0.4571,0.5429,0.3826,0.2537,0.0721,0.0346,0.2348,0.107923045,0.09686981,0.17483285,0.105398098,0.165278853,0.161015918,0.10720829,0.052329733,0.029143405,0.048638718,0.014222162,4.63e-05,0.02429497,0.034386137,0.026281252,7.51e-05,0.01219045,0.101104398,0.097074175,0.109225495,0.1032187,0.046541716,0.095092745,0.113398619,0.174209098,,0.085146719,0.542056075,214.0,0.277777778,180.0,0.697368421,456.0,45.9,82862,169.9895933,0.417007944,1.230605852,1.291462427,1.218950439,1.126952114,1.039506666,1.177343266,0.519605105,1.126952114,complete,COOK,Evanston Ward 4 Precinct 2,0,1,0,Evanston,1,0,0,401,267,178,162,122,81,0.00896,18.25414680859405,49,0.98338,41.32598303469205,110,0.00742,17.513095642025235,47,2e-05,5.6614921703649745,15,6e-05,4.260398203070882,11,0.00012,6.348678625565476,17,4e-05,2.9472928172998305,8,COOK:7504002,COOK:7504002,COOK:EVANSTON WARD 4 PRECINCT 2,1.2,21.99817495,14.97170203,14.97170203,14.97170203,14.97170203,1.571657446,14.97170203,1.571657446,17.83728824861666,41.333868669077326,17.367850739541417,6.24295592154075,4.263071960311299,5.797096529719482,2.6406622453001733,18.263894477809114,41.12077781816791,17.527922029501774,5.611749849443722,4.2596666114832065,6.298868979074218,2.8743729054132574,15.57101263480807,42.82321898608906,20.671837000520796,9.5084117137372,3.9647608176596534,0.00579294162361686,0.004645943056694842,1.0,1.0,0.2,3.0,1.030278762,1.04844602,1.02422301,1.37577699,1.019690679,244.5630068,241.6777662,7.063364057,2.463936976,4.599427081,0.028881572,0.010074856,0.018806716,1283.9,267,1.0
COOK:7504003,COOK:7504003,COOK:Evanston Ward 4 Precinct 3,,,,,,,,,,0.548530802,0.070472037,0.033216263,0.33676337,0.001964668,3.28e-06,0.6435,0.3967,0.6033,0.3137,0.3092,0.1285,0.0586,0.1898,0.025899893,0.02340708,0.42696213,0.129591345,0.043052751,0.088614757,0.11507422,0.093887412,0.053510413,0.155627625,0.034158875,0.027156736,0.050746418,0.018895229,0.01067352,0.061493833,0.075465083,0.015300644,0.029664884,0.079113816,0.12039351,0.036657966,0.11080724,0.068439229,0.105405394,,-0.028789085,0.420289855,138.0,-0.052631579,133.0,0.572864322,398.0,33.2,63947,148.2951173,-0.068378433,0.483159275,0.131799906,0.822863658,0.362378935,0.342361101,0.320266696,1.064164252,0.362378935,complete,COOK,Evanston Ward 4 Precinct 3,0,1,0,Evanston,1,0,0,353,235,157,154,116,77,0.00694,17.6640325498124,42,0.98318,41.4405042820534,97,0.00968,18.623116621872875,44,4e-05,4.854379156317388,11,0.0,4.405242825266999,10,0.00012,6.231095967523079,15,4e-05,2.8692309039720385,7,COOK:7504003,COOK:7504003,COOK:EVANSTON WARD 4 PRECINCT 3,1.2,51.52153165,8.223313364,8.223313364,8.223313364,8.223313364,3.680950764,8.223313364,3.680950764,17.83453488436708,42.07776083983285,19.24425881565623,5.856488366680448,4.499131856953623,5.800075981829776,2.6475825557381523,17.67739421701014,41.27564369556765,18.684427065137008,4.857547204659483,4.3540671507838145,6.264364276534188,2.843809061200912,15.568259270558492,43.56711115684458,22.54824507663561,9.121944158876898,4.200820714301977,0.00877239373391099,0.011566253494674005,1.0,1.0,0.2,3.0,1.007828585,1.012525736,1.006262868,1.393737132,1.01453096,108.9228596,106.8457836,5.31643254,2.822902436,2.493530104,0.048809153,0.025916529,0.022892624,1002.64,235,1.0
COOK:7504004,COOK:7504004,COOK:Evanston Ward 4 Precinct 4,,,,,,,,,,0.717049361,0.067632695,0.122335504,0.066769822,0.016218737,0.000670986,0.5857,0.5169,0.4831,0.373,0.1727,0.1568,0.0597,0.2066,0.067691373,0.122973018,0.166247921,0.09741107,0.090286503,0.131491259,0.176571661,0.109060066,0.038267128,0.062142258,0.066671074,0.024013816,0.020581769,0.013248842,0.014369976,0.03008435,0.023684297,0.017639437,0.075377601,0.059721084,0.098849156,0.056583408,0.082757075,0.133465406,0.220810452,,-0.142459546,0.73126615,387.0,0.206730769,416.0,0.584816133,843.0,52.6,98386,341.1679251,-0.552634403,2.392048022,1.042103407,0.860886136,1.095074571,0.93560079,1.116375095,0.853696384,1.095074571,complete,COOK,Evanston Ward 4 Precinct 4,0,1,0,Evanston,1,0,0,842,561,374,255,192,128,0.00812,18.29696814544233,103,0.98522,41.37018688487907,232,0.00642,17.51131375914195,98,4e-05,5.698281864279336,32,0.0,4.274129529688605,24,0.00016,6.356712416405032,36,4e-05,2.9004519438466168,16,COOK:7504004,COOK:7504004,COOK:EVANSTON WARD 4 PRECINCT 4,1.2,22.91850485,14.7613349,14.7613349,14.7613349,14.7613349,1.637410326,14.7613349,1.637410326,17.83753798500346,41.33454344093652,17.368117982559305,6.2427492361227745,4.263111944243274,5.796398177647044,2.639839363361688,18.264269548498856,41.1215805165798,17.528351370061788,5.611595711685396,4.2597209173777735,6.298177605108291,2.8735570015812844,15.571262371194871,42.823893757948255,20.672104243538683,9.508205028319225,3.9648008015916285,0.005094589551177974,0.003823061118209888,1.0,1.0,0.2,3.0,1.009251535,1.014802456,1.007401228,1.392598772,1.042067498,490.7259445,483.4292525,20.26487093,10.45210479,9.812766148,0.041295699,0.021299271,0.019996428,2495.45,561,1.0
COOK:7504005,COOK:7504005,COOK:Evanston Ward 4 Precinct 5,,,,,,,,,,0.667997955,0.091685146,0.191352506,0.036159656,0.026672286,0.012727789,0.3967,0.4915,0.5085,0.3949,0.2714,0.0603,0.0301,0.2323,0.127572667,0.108672637,0.080854656,0.08256927,0.205860594,0.169905978,0.152914785,0.046456801,0.025192613,0.06756076,0.01142235,0.019698829,0.025336809,0.030942156,0.011298597,7.49e-05,0.019714642,0.162890775,0.025601889,0.062040279,0.070550832,0.047906384,0.078911809,0.132372899,0.2336761,,0.042002814,0.572327044,159.0,0.253731343,134.0,0.742765273,311.0,50.1,97472,103.1230575,0.233207391,1.416420375,1.207064849,1.363372135,1.152401933,1.055016188,1.182811666,0.464636473,1.152401933,complete,COOK,Evanston Ward 4 Precinct 5,0,1,0,Evanston,1,0,0,240,160,107,100,75,50,0.0085,18.288859088844163,29,0.98424,41.38335974950539,66,0.00698,17.43966766259052,28,6e-05,5.68637951654543,9,6e-05,4.305643064711962,7,0.00016,6.347287349251002,10,0.0,2.898637339714814,5,COOK:7504005,COOK:7504005,COOK:EVANSTON WARD 4 PRECINCT 5,1.2,21.28590282,15.13451174,15.13451174,15.13451174,15.13451174,1.520769234,15.13451174,1.520769234,17.83787845761725,41.33546337631942,17.368482322453794,6.246584614437081,4.263166455458094,5.797688957471944,2.639740126979386,18.26301832735581,41.12087162882032,17.52659676293973,5.6147010390265475,4.259346118472605,6.299364707006199,2.8733540872719896,15.571602843808662,42.82481369333115,20.672468583433172,9.512040406633531,3.964855312806449,0.006385369376078577,0.0037238247359074085,1.0,1.0,0.2,3.0,1.033070486,1.052912777,1.026456389,1.373543611,1.035944101,118.1881457,116.8518319,3.464385723,1.343755994,2.120629728,0.029312464,0.011369634,0.017942829,640.92,160,1.0
COOK:7504006,COOK:7504006,COOK:Evanston Ward 4 Precinct 6,,,,,,,,,,0.641279696,0.049509428,0.087275951,0.205636043,0.010477027,0.001160186,0.6375,0.332,0.668,0.3447,0.1621,0.1819,0.0833,0.2181,0.06287314,0.070349091,0.338240281,0.130166576,0.066331524,0.089540205,0.119551633,0.084439856,0.038507696,0.083016749,0.007010622,0.02388988,0.043175576,0.014814674,0.019340585,0.094309127,0.052291674,5.84e-05,0.076166447,0.08297852,0.136387107,0.027444558,0.070548028,0.053632911,0.21493514,,-0.014547946,0.547619048,336.0,0.136645963,322.0,0.627421759,671.0,36.1,75540,280.5422659,-0.0077087,1.26475346,0.796121503,0.996428061,0.842781601,0.762398581,0.849526185,1.200366184,0.842781601,complete,COOK,Evanston Ward 4 Precinct 6,0,1,0,Evanston,1,0,0,647,431,287,225,169,113,0.00754,17.677851585428932,76,0.98338,41.44772348674161,179,0.0089,18.68812474962402,81,2e-05,4.893138606331147,21,4e-05,4.380111077478547,19,0.0001,6.3370853258507776,27,2e-05,2.793278369750636,12,COOK:7504006,COOK:7504006,COOK:EVANSTON WARD 4 PRECINCT 6,1.2,31.31212983,12.84273722,12.84273722,12.84273722,12.84273722,2.237092037,12.84273722,2.237092037,17.835993395365133,42.08170164393601,19.245819568919824,5.860062710851894,4.499365371201501,5.798602195202898,2.6439643722397665,17.67758163286566,41.27825972532537,18.68413071824047,4.860456210205608,4.353911782389439,6.262806107035718,2.840106494830935,15.569717781556543,43.57105196094774,22.549805829899203,9.125518503048344,4.201054228549855,0.007298607107032667,0.007948069996288295,1.0,1.0,0.2,3.0,1.006697853,1.010716565,1.005358283,1.394641717,1.022565186,288.7553091,282.6451958,14.95261152,8.100721721,6.851889795,0.051782984,0.028053932,0.023729052,1378.17,431,1.0
COOK:7504007,COOK:7504007,COOK:Evanston Ward 4 Precinct 7,,,,,,,,,,0.642077896,0.048844193,0.101731177,0.198655505,0.006495568,0.0,0.5991,0.4747,0.5253,0.2967,0.3776,0.0321,0.0633,0.2303,0.032581856,0.031502857,0.19128984,0.159069523,0.069245681,0.123300458,0.189337237,0.105046089,0.09862646,0.101927847,0.049033805,8.96e-05,0.049064208,0.035016035,0.015783614,0.071836804,0.075388772,0.02987444,0.014071941,0.057898028,0.099962496,0.031621915,0.194506387,0.056262699,0.117661374,,-0.160029931,,,0.115942029,138.0,,,53.3,75004,117.9822877,-0.627487305,,0.723455351,,,,,0.59792657,0.59792657,demographic_only,COOK,Evanston Ward 4 Precinct 7,0,1,0,Evanston,1,0,0,279,186,124,99,75,50,0.00904,18.25928402370239,34,0.98334,41.34455376129581,77,0.0074,17.538457260680907,33,6e-05,5.650934668379726,11,4e-05,4.326652499963221,8,0.00012,6.3617193180335665,12,0.0,2.8432193272708974,5,COOK:7504007,COOK:7504007,COOK:EVANSTON WARD 4 PRECINCT 7,1.2,41.15320435,10.59328448,10.59328448,10.59328448,10.59328448,2.940186639,10.59328448,2.940186639,17.836071038917225,41.33057984576072,17.366548202904116,6.240951066024197,4.262877079499393,5.798859337236752,2.6439247734576394,18.26335597399006,41.11818481934405,17.527541476045062,5.610075140517827,4.259730417692481,6.300680598162245,2.8776842451414817,15.569795425108637,42.81993016277245,20.670534463883495,9.506406858220647,3.964565936847748,0.007555749140886451,0.007908471214161139,1.0,1.0,0.2,3.0,1.012667516,1.020268025,1.010134013,1.389865987,1.009494661,40.23328515,39.7898969,1.351928968,0.692625312,0.659303656,0.033602252,0.017215231,0.01638702,692.77,186,1.0
COOK:7505001,COOK:7505001,COOK:Evanston Ward 5 Precinct 1,,,,,,,,,,0.122626221,0.256747952,0.607204034,0.0193155,0.040753156,0.001498083,0.1642,0.5008,0.4992,0.7748,0.0337,0.0,0.04,0.1331,0.181024628,0.147301391,0.166609621,0.148765006,0.112952631,0.076499006,0.089229653,0.052276136,0.025341929,0.040590907,0.114562335,0.16422787,0.012444788,0.028711625,0.068178969,0.106135324,0.000443888,0.006664025,0.000124269,0.069315718,0.109666931,0.110317816,0.02600901,0.092158856,0.05044767,,0.035449682,0.010752688,186.0,0.465346535,202.0,0.819277108,498.0,40.5,38358,259.7393437,0.205289907,-2.030732947,1.949786573,1.606780398,0.607230649,0.432780983,0.910631768,1.236178064,0.607230649,complete,COOK,Evanston Ward 5 Precinct 1,0,1,0,Evanston,1,0,0,609,406,271,151,114,76,0.00736,17.802990572514098,72,0.98388,41.35115717747799,168,0.00856,18.424984195444722,75,2e-05,5.106371634124457,21,6e-05,4.342483890770272,18,0.00012,6.341963028588614,26,0.0,2.8604851147937933,12,COOK:7505001,COOK:7505001,COOK:EVANSTON WARD 5 PRECINCT 1,1.5,40.75561677,10.68416423,10.68416423,10.68416423,10.68416423,2.911781033,10.68416423,2.911781033,17.838065812818805,41.94120893144277,18.882607231338845,5.9626251333568625,4.453710923013315,5.809352830694906,2.6446797485016345,17.77942352735967,41.23969147527899,18.452374612278316,5.02510325842638,4.333474827577428,6.279959920703673,2.84722504926875,15.571790199010215,43.43055924845451,22.186593492318224,9.228080925553312,4.15539978036167,0.018049242599040765,0.008663446258156064,1.0,1.0,0.2,3.0,1.00116997,1.001871953,1.000935976,1.399064024,1.294745614,298.4691841,296.6344943,9.573950749,2.746292636,6.827658112,0.032076848,0.00920126,0.022875588,1937.62,406,1.0
COOK:7505002,COOK:7505002,COOK:Evanston Ward 5 Precinct 2,,,,,,,,,,0.575980078,0.075687274,0.093391679,0.246105071,0.005143003,0.001363663,0.3449,0.2545,0.7455,0.2668,0.0617,0.0664,0.4512,0.1538,0.057602691,0.074432499,0.516891288,0.071095435,0.056644037,0.067733386,0.064737793,0.066848545,0.024014325,0.190484653,0.041308106,0.011168797,0.058982117,0.039918386,0.04692321,0.05596604,0.041511313,0.021378435,0.104889214,0.062068353,0.030808058,0.065886611,0.050305193,0.03026269,0.148138825,,0.226000343,0.538461538,195.0,0.300813008,246.0,0.718574109,533.0,27.4,48213,287.971881,1.017068924,1.20854124,1.372310903,1.286412417,1.256607569,1.221083371,1.286853075,1.577316901,1.256607569,complete,COOK,Evanston Ward 5 Precinct 2,0,1,0,Evanston,1,0,0,695,463,309,224,168,112,0.02532,17.047003432558505,79,0.86174,34.73422565804184,161,0.11106,22.86045050616145,106,0.00014,4.421355128160181,20,0.0012,8.280108869647911,38,0.00048,6.418203752402196,30,6e-05,2.902845289759058,13,COOK:7505002,COOK:7505002,COOK:EVANSTON WARD 5 PRECINCT 2,1.201223388,18.57350232,15.75450672,15.75450672,15.75450672,15.75450672,1.326982047,15.75450672,1.326982047,16.443816974693867,34.15290853704293,21.124692335564554,4.719926716098238,7.60308768982846,5.799717950961132,2.645382368633533,16.93238254823931,34.42157576522483,22.751889014805336,4.384596444763347,8.186649157156584,6.351278556136521,2.9288811845672704,14.177541360885279,35.64225885405467,24.428678596543932,7.985382508294688,7.304776547176814,0.008414362865267144,0.009366066390054903,1.0,1.0,0.2,3.0,1.001002614,1.001604182,1.000802091,1.399197909,1.02543401,324.2627099,320.1775104,4.595849431,2.042599747,2.553249684,0.014173228,0.006299213,0.007874016,3518.58,463,1.0
COOK:7505003,COOK:7505003,COOK:Evanston Ward 5 Precinct 3,,,,,,,,,,0.200094474,0.17519338,0.562925044,0.059764043,0.029990779,0.004435587,0.2285,0.4136,0.5864,0.5651,0.0789,0.0121,0.0752,0.2222,0.123969098,0.184634178,0.107128787,0.122830772,0.182324795,0.096807309,0.092539871,0.063039574,0.026725615,0.092756508,0.040871916,0.039038872,0.067463361,0.024503236,0.045315308,0.051766348,0.03284699,0.147149831,0.069708886,0.084757186,0.086640597,0.066274499,0.010131865,0.025334062,0.115440531,,0.083595762,0.195652174,184.0,0.581395349,172.0,0.792494481,453.0,44.8,48583,247.8519595,0.410400597,-0.895750783,2.357091807,1.52157642,1.042998631,0.84832951,1.34475109,1.414582651,1.042998631,complete,COOK,Evanston Ward 5 Precinct 3,0,1,0,Evanston,1,0,0,594,396,264,158,119,79,0.0078,17.89228321380939,71,0.98304,41.342858033097194,164,0.00896,18.154217824915683,72,2e-05,5.214281887546063,21,8e-05,4.381204996630607,17,0.0001,6.354263640106225,25,0.0,2.9121541327291047,12,COOK:7505003,COOK:7505003,COOK:EVANSTON WARD 5 PRECINCT 3,1.272019058,24.4899049,14.40214748,14.40214748,14.40214748,14.40214748,1.749678848,14.40214748,1.749678848,17.837615909307686,41.76050855292804,18.43316889242693,6.050851122939937,4.397141496525585,5.809007295390853,2.645431016567497,17.9183029257154,41.20057479713847,18.18145369502786,5.199841098804041,4.311591785564389,6.288563218354024,2.8569251502890163,15.571340295499098,43.24985886993977,21.73715515340631,9.316306915136387,4.098830353873939,0.017703707294987818,0.009414714324018717,1.0,1.0,0.2,3.0,1.001002161,1.001603457,1.000801728,1.399198272,1.090750541,389.0242924,385.7671054,13.28870795,4.499241878,8.789466069,0.03415907,0.011565452,0.022593618,3044.52,396,1.0
COOK:7506001,COOK:7506001,COOK:Evanston Ward 6 Precinct 1,,,,,,,,,,0.828757625,0.039073519,0.032333815,0.071319935,0.006014442,0.001501044,0.5924,0.7767,0.2233,0.5352,0.0988,0.0244,0.0329,0.2962,0.1192549,0.122760175,0.039519858,0.06762629,0.137369726,0.141687396,0.12824138,0.088119784,0.15542049,0.027442191,0.026173133,0.023533207,0.007834034,0.007835513,0.011801764,0.006532992,0.00262524,0.014373028,0.024851503,0.064032384,0.041974202,0.085118433,0.048505105,0.102175069,0.505192201,,-0.350761842,0.591731266,387.0,0.01305483,383.0,0.384439359,874.0,57.8,201028,350.6778324,-1.440038479,1.535530744,0.362344426,0.22342446,0.350553578,0.170315288,0.388959406,-0.180487616,0.350553578,complete,COOK,Evanston Ward 6 Precinct 1,0,1,0,Evanston,1,0,0,818,545,363,266,200,133,0.00902,18.68225991122009,102,0.98548,41.74364682675331,228,0.00538,17.170813824202412,94,2e-05,5.270061342321347,29,0.0,4.087520537600038,22,8e-05,6.335361732993253,35,2e-05,2.8880213938759094,16,COOK:7506001,COOK:7506001,COOK:EVANSTON WARD 6 PRECINCT 1,1.5,52.04668383,8.10327515,8.10327515,8.10327515,8.10327515,3.71847021,8.10327515,3.71847021,18.159431182317118,41.695045856530776,17.059402183709476,5.877331895063751,4.180752500328351,5.79389477230301,2.6388001823610554,18.630716743116754,41.51434476994524,17.228560878172075,5.235038667632586,4.177498086261817,6.297124952474172,2.8739685732905658,15.893155568508528,43.18439617354251,20.363388444688855,9.142787687260201,3.8824413576767056,0.0025911842071445743,0.0027838801175771137,1.0,1.0,0.2,3.0,1.000119867,1.000191787,1.000095894,1.399904106,1.12970274,423.5760187,420.6413207,7.457323258,4.792206519,2.665116738,0.017605631,0.011313687,0.006291944,1914.39,545,1.0
COOK:7506002,COOK:7506002,COOK:Evanston Ward 6 Precinct 2,,,,,,,,,,0.87816546,0.035910499,0.045164025,0.026728682,0.010889224,9.4e-06,0.6258,0.9585,0.0415,0.4976,0.1385,0.0289,0.0456,0.2817,0.12492004,0.151654923,0.02061095,0.026882948,0.217991254,0.150368168,0.188792587,0.088441978,0.030337152,5.8e-05,0.033250742,0.018144145,7.75e-06,1.11e-05,0.01517785,4e-05,3.29e-05,0.003035348,0.009136727,0.01824069,0.072824438,0.154152654,0.057599213,0.148357717,0.469930748,,-0.327789464,0.601895735,211.0,0.041860465,215.0,0.489959839,498.0,54.9,189866,187.5234849,-1.342172146,1.597924054,0.463445725,0.559118366,0.500140787,0.319579,0.528914132,-0.068903137,0.500140787,complete,COOK,Evanston Ward 6 Precinct 2,0,1,0,Evanston,1,0,0,464,309,206,140,105,70,0.00922,18.314497483985566,57,0.98348,41.43301629966138,128,0.00716,17.484382997367156,54,2e-05,5.634345893717136,17,6e-05,4.260054943095935,13,6e-05,6.33998076905206,20,0.0,2.8966761360288915,9,COOK:7506002,COOK:7506002,COOK:EVANSTON WARD 6 PRECINCT 2,1.8,45.4064992,9.621075012,9.621075012,9.621075012,9.621075012,3.244062871,9.621075012,3.244062871,17.837983357027742,41.33574680786558,17.368594575359317,6.238855892070225,4.263183250331068,5.793232617253847,2.6374963831493505,18.266447579499413,41.12455598182683,17.531120536297536,5.608481746588199,4.260202041395372,6.295121404316003,2.871323380969855,15.571707743219152,42.82509712487732,20.672580836338696,9.504311684266675,3.9648721076794224,0.0019290291579812592,0.0014800809058721465,1.0,1.0,0.2,3.0,1.000061286,1.000098058,1.000049029,1.399950971,1.132561806,224.9988271,223.7139059,3.642944766,2.783995963,0.858948803,0.01619095,0.01237338,0.00381757,790.53,309,1.0
COOK:7506003,COOK:7506003,COOK:Evanston Ward 6 Precinct 3,,,,,,,,,,0.886786063,0.027989546,0.0277029,0.051778077,0.00146283,2.34e-05,0.6372,0.9749,0.0251,0.449,0.1583,0.0192,0.0318,0.329,0.132095351,0.144832679,0.008882009,0.036821608,0.192706866,0.151583228,0.204188269,0.083454129,0.045435861,0.000301941,0.048103483,0.034739513,0.000135016,0.000199895,0.027271812,0.00027517,0.00010789,0.016061459,0.000436167,0.033220047,0.094457364,0.15052015,0.05447029,0.140073157,0.399626647,,-0.204145471,0.584541063,207.0,0.113122172,221.0,0.531827515,487.0,56.5,164171,186.6319311,-0.815427192,1.49139459,0.713558288,0.69231264,0.673358129,0.520459581,0.711977871,-0.077831499,0.673358129,complete,COOK,Evanston Ward 6 Precinct 3,0,1,0,Evanston,1,0,0,450,300,200,142,107,71,0.00936,18.466276403881093,55,0.98428,41.51949068848138,125,0.00618,17.30268817152012,52,4e-05,5.463851500011757,16,6e-05,4.223867534127214,13,6e-05,6.310642088907763,19,2e-05,2.9091102511885665,9,COOK:7506003,COOK:7506003,COOK:EVANSTON WARD 6 PRECINCT 3,1.8,37.97562713,11.31960859,11.31960859,11.31960859,11.31960859,2.713164947,11.31960859,2.713164947,18.010174633016984,41.52819354251581,17.20294197256184,6.044612750749003,4.21902185204127,5.793307358318313,2.6380932801861454,18.46169377913805,41.33351773938188,17.36941392552257,5.408067385687792,4.215977877201448,6.295928915667644,2.8726530482938246,15.743899019208394,43.01754385952754,20.50692823354122,9.310068542945453,3.9207107093896245,0.0020037702224479327,0.002076977942667158,1.0,1.0,0.2,3.0,1.000048719,1.000077951,1.000038975,1.399961025,1.2685455,324.9221122,323.0721058,5.246254414,4.011603213,1.234651201,0.016146191,0.012346353,0.003799837,1046.67,300,1.0
COOK:7506004,COOK:7506004,COOK:Evanston Ward 6 Precinct 4,,,,,,,,,,0.871873615,0.017809786,0.057909439,0.043053499,0.003928322,0.000895706,0.6067,0.7927,0.2073,0.5515,0.203,0.0149,0.0054,0.2178,0.16846463,0.10135294,0.027598932,0.106982703,0.165945183,0.077094361,0.141711354,0.067749886,0.143100011,0.018545377,0.037310373,0.02411619,0.004763501,0.004673234,0.030825663,0.003713407,5.58e-07,0.006659869,0.022025049,0.065269724,0.048565915,0.091016962,0.110556941,0.122932934,0.409024304,,-0.283829859,0.617312073,439.0,-0.009756098,410.0,0.480176211,908.0,56.4,162998,364.0511396,-1.154896569,1.692555299,0.2822832,0.527993562,0.48070185,0.336983873,0.469761715,-0.23032524,0.48070185,complete,COOK,Evanston Ward 6 Precinct 4,0,1,0,Evanston,1,0,0,869,579,386,171,129,86,0.0087,18.441720625094106,107,0.9848,41.48544837381439,240,0.00634,17.391349255472306,101,6e-05,5.454819246962204,32,2e-05,4.213119778488605,24,8e-05,6.393483059412445,37,0.0,2.8920491969228896,17,COOK:7506004,COOK:7506004,COOK:EVANSTON WARD 6 PRECINCT 4,1.8,46.26449741,9.424955531,9.424955531,9.424955531,9.424955531,3.305362469,9.424955531,3.305362469,17.998773682155033,41.51557577450906,17.21406944756138,6.059145224775348,4.22197850827039,5.793980647001574,2.6382042355581596,18.44807144681618,41.31910769709264,17.379402319881013,5.422722975978691,4.218766404748571,6.296510013530586,2.87267181284552,15.732498068346445,43.004926091520794,20.518055708540757,9.324601016971798,3.9236673656187446,0.0026770589057081838,0.002187933314681091,1.0,1.0,0.2,3.0,1.000168664,1.000269862,1.000134931,1.399865069,1.441425005,411.3253339,408.3598031,7.37564592,4.548385613,2.827260308,0.017931417,0.011057879,0.006873538,1646.59,579,1.0
COOK:7506005,COOK:7506005,COOK:Evanston Ward 6 Precinct 5,,,,,,,,,,0.853446097,0.045819698,0.032728831,0.054063577,0.003280702,0.000820549,0.6054,0.6954,0.3046,0.3445,0.1729,0.0,0.0588,0.4101,0.10327568,0.121307396,0.048367292,0.113022061,0.137642632,0.122518949,0.177674663,0.089209526,0.086981801,0.022316185,0.003762121,0.012421876,0.042028673,0.011138471,0.070469062,0.011141187,0.025964485,0.050702345,0.045792563,0.124991255,0.052046949,0.068158914,0.021159973,0.073210851,0.364695091,,-0.237399688,0.655737705,366.0,0.075718016,383.0,0.443890274,802.0,55.6,109986,298.9677113,-0.957095951,1.928426193,0.582278114,0.412556559,0.645478635,0.491541229,0.663626012,0.128683497,0.645478635,complete,COOK,Evanston Ward 6 Precinct 5,0,1,0,Evanston,1,0,0,720,480,320,242,182,121,0.0089,18.39445565275535,88,0.98396,41.40600725722883,199,0.00696,17.391507618666747,83,4e-05,5.518480536188086,26,2e-05,4.274099643901629,21,0.0001,6.31074416914672,30,2e-05,2.9293879518556505,14,COOK:7506005,COOK:7506005,COOK:EVANSTON WARD 6 PRECINCT 5,1.5,39.13733137,11.05406861,11.05406861,11.05406861,11.05406861,2.796162792,11.05406861,2.796162792,17.906667273565812,41.41220512535183,17.302127439468165,6.160776456952959,4.245487855862127,5.79350604811949,2.638235223242491,18.34445267683105,41.20774005082082,17.46643473796974,5.528028149767009,4.242535569519848,6.295697050051691,2.872364435933041,15.640391659757222,42.901555442363566,20.606113700447544,9.42623224914941,3.947176713210481,0.002202460023625071,0.002218920999012443,1.0,1.0,0.2,3.0,1.000111393,1.000178228,1.000089114,1.399910886,1.085195792,319.707147,317.4340278,5.888041793,3.75795177,2.130090023,0.018416985,0.011754356,0.006662629,1614.62,480,1.0
COOK:7506006,COOK:7506006,COOK:Evanston Ward 6 Precinct 6,,,,,,,,,,0.927781237,0.018149124,0.018673964,0.022750509,0.005731372,0.001255589,0.5693,0.7705,0.2295,0.3982,0.1467,0.0041,0.0549,0.3778,0.120034944,0.133382638,0.03171002,0.09901768,0.140218559,0.117843483,0.13487843,0.101815903,0.12109834,0.027441196,0.009640958,0.018911732,0.020084258,0.004170185,0.040150381,0.015513192,0.004000835,0.035796534,0.022182163,0.082354617,0.064719526,0.047345474,0.043699135,0.069687991,0.494301822,,-0.356878983,,,0.091428571,350.0,,,56.8,195912,314.7184953,-1.466098565,,0.637418628,,,,,-0.182851815,-0.182851815,demographic_only,COOK,Evanston Ward 6 Precinct 6,0,1,0,Evanston,1,0,0,758,505,337,203,153,102,0.0027,19.73049738174109,100,0.99696,46.13123717179334,233,0.00034,12.971205335435258,66,0.0,4.6004743804683805,23,0.0,3.1243482461291605,16,0.0,6.322509741696081,32,0.0,2.915753145743669,15,COOK:7506006,COOK:7506006,COOK:EVANSTON WARD 6 PRECINCT 6,1.8,73.85801148,3.477535025,3.477535025,3.477535025,3.477535025,5.276778369,3.477535025,3.477535025,19.15727755647128,46.075695342544265,13.098281938477513,5.245486570841759,3.2086547150877647,5.792372483292532,2.6370148264525697,19.799018724146766,46.11342487928007,13.096565871262953,4.611661300834872,3.1566748968115936,6.3016632223192754,2.878243776237663,16.891001942662687,47.565045659556,16.40226819945689,8.51094236303821,2.910343572436119,0.0010688951966661632,0.0009985242090914165,1.0,1.0,0.2,3.0,1.000381825,1.000610921,1.00030546,1.39969454,1.356380938,393.2782105,390.1716701,7.544455388,4.290611003,3.253844385,0.019183507,0.010909862,0.008273645,1664.65,505,1.0
COOK:7507001,COOK:7507001,COOK:Evanston Ward 7 Precinct 1,,,,,,,,,,0.833130337,0.041561632,0.043603374,0.07130973,0.006229672,2.5e-06,0.6301,0.6204,0.3796,0.4626,0.1579,0.0012,0.0339,0.3324,0.130341139,0.081041285,0.05158895,0.094003563,0.164565712,0.166697699,0.160207355,0.094505887,0.05704841,0.024171297,0.004396111,0.054862731,0.014308991,0.00440184,0.030804156,0.01427909,0.009910382,0.049422757,0.038460912,0.186639144,0.048392935,0.052753302,0.050529969,0.153722484,0.262943898,,-0.128049976,0.644230769,416.0,0.188172043,372.0,0.567447046,897.0,54.1,109454,331.6580178,-0.491247124,1.857792318,0.976966453,0.805629595,0.934106668,0.787285311,0.972042897,0.043696026,0.934106668,complete,COOK,Evanston Ward 7 Precinct 1,0,1,0,Evanston,1,0,0,797,531,354,263,198,132,0.00932,18.24614932554047,97,0.98364,41.32786270997663,219,0.00682,17.483041282285694,93,4e-05,5.67044356743083,30,2e-05,4.3750000779334535,23,0.00012,6.416516994623544,34,4e-05,2.966250686487739,16,COOK:7507001,COOK:7507001,COOK:EVANSTON WARD 7 PRECINCT 1,1.5,28.04869601,13.58868627,13.58868627,13.58868627,13.58868627,2.003936329,13.58868627,2.003936329,17.837487488238985,41.334407001885396,17.368063945949324,6.238535625143875,4.263103859481491,5.794221211795577,2.638948791460888,18.266015645392105,41.12328218094711,17.53068332596162,5.6081993246315776,4.26017393351545,6.29611623501085,2.8727820254345104,15.571211874430395,42.82375731889713,20.672050206928702,9.503991417340325,3.964792716829846,0.002917623699711714,0.0029324892174096414,1.0,1.0,0.2,3.0,1.00014577,1.000233232,1.000116616,1.399883384,1.062901797,388.8879325,385.7890027,7.728415454,4.507528382,3.220887073,0.019873117,0.011590816,0.008282301,1999.19,531,1.0
COOK:7507002,COOK:7507002,COOK:Evanston Ward 7 Precinct 2,,,,,,,,,,0.804516212,0.038277372,0.051961196,0.095666988,0.011358386,0.001792055,0.6957,0.6283,0.3717,0.3884,0.2384,0.0344,0.0485,0.2903,0.087323954,0.135223135,0.091664328,0.079960762,0.180664306,0.176177448,0.127856961,0.090713052,0.030416053,0.003642956,0.040096006,3.29e-05,0.015303498,0.011790218,0.009423932,0.014176338,0.014184004,6.76e-06,0.033021372,0.063616565,0.143862134,0.121291333,0.064794856,0.133203072,0.331554054,,-0.20540762,0.597014925,402.0,0.106699752,403.0,0.486800422,947.0,51.2,136402,367.9145394,-0.820804167,1.567963818,0.691017038,0.549067265,0.647993109,0.496810988,0.686834319,0.30880405,0.647993109,complete,COOK,Evanston Ward 7 Precinct 2,0,1,0,Evanston,1,0,0,896,597,398,286,215,143,0.00978,18.242819346734656,109,0.9829,41.29934407110172,247,0.00708,17.52068751597925,105,0.0001,5.675715366621394,34,4e-05,4.32112857697525,26,6e-05,6.333877101841651,38,4e-05,2.958255868142374,18,COOK:7507002,COOK:7507002,COOK:EVANSTON WARD 7 PRECINCT 2,1.5,39.03191012,11.07816558,11.07816558,11.07816558,11.07816558,2.788630981,11.07816558,2.788630981,17.837216565850127,41.333674986793916,17.36777403178127,6.238850748669492,4.263060483574177,5.795028328491699,2.6398640601649443,18.26556980607447,41.12237153869009,17.53016586130223,5.608439825194784,4.260105132919756,6.296913282140142,2.8736872245717366,15.570940952041537,42.82302530380565,20.67176029276065,9.504306540865942,3.964749340922532,0.0037247403958336417,0.0038477579214657933,1.0,1.0,0.2,3.0,1.000139429,1.000223087,1.000111544,1.399888456,1.022992522,311.232914,306.1693949,9.797885552,3.381289639,6.416595913,0.031480879,0.010864178,0.020616701,1615.5,597,1.0
COOK:7507003,COOK:7507003,COOK:Evanston Ward 7 Precinct 3,,,,,,,,,,0.507428271,0.098516879,0.095560825,0.269158276,0.007972777,0.004576303,0.0671,0.4676,0.5324,0.1182,0.0386,0.0,0.6962,0.1387,0.005531604,0.493042998,0.365581231,0.017408639,0.014022302,0.03153825,0.028029851,0.009194494,0.012289609,0.024520094,0.004817175,0.039672612,0.014721975,0.079619318,3.11e-05,0.019728878,0.015001254,0.023625572,0.084435602,0.039770804,0.108566982,0.04975433,0.02946472,0.059697207,0.383211315,,0.709455985,1.0,1.0,1.0,2.0,0.815789474,76.0,24.7,116988,71.32430489,3.076674197,4.04163685,3.826299972,1.595685135,3.210036616,3.135074038,3.348281802,1.753329115,3.210036616,complete,COOK,Evanston Ward 7 Precinct 3,0,1,0,Evanston,1,0,0,162,108,72,27,21,14,0.02538,17.021650245256787,18,0.86202,34.69484399447394,37,0.11052,22.858009007441723,25,0.00022,4.443514702988343,5,0.00118,8.218660731930377,9,0.00056,6.3973315427331,7,0.00012,2.992435984161711,3,COOK:7507003,COOK:7507003,COOK:EVANSTON WARD 7 PRECINCT 3,1.2,1.520634298,19.65241651,19.65241651,19.65241651,19.65241651,0.108641568,19.65241651,0.108641568,16.443432348310466,34.15221571299981,21.124417942989314,4.719919470051045,7.603046636205619,5.800315432547858,2.646172755345535,16.931979930436214,34.42086958931408,22.75161338887636,4.384598406236799,8.186641229387408,6.35187729654316,2.929672830099186,14.177156734501875,35.641566030011546,24.428404203968693,7.985375262247495,7.304735493553974,0.009011844451992504,0.010156453102056418,1.0,1.0,0.2,3.0,1.00080523,1.001288368,1.000644184,1.399355816,1.004055244,44.51546769,43.69154464,1.647629382,1.369954239,0.277675144,0.037012514,0.030774792,0.006237723,857.94,91,0.976637079
COOK:7507004,COOK:7507004,COOK:Evanston Ward 7 Precinct 4,,,,,,,,,,0.84317636,0.017226138,0.050379501,0.071695488,0.005644845,0.001669309,0.5783,0.751,0.249,0.4394,0.2297,0.0002,0.0948,0.2201,0.133044786,0.143002548,0.016550042,0.083478548,0.222187434,0.125549495,0.128945496,0.101265843,0.045975808,0.009743029,0.000265646,0.033008105,0.018248133,0.000321248,0.033616523,0.008473696,0.007006317,0.027563693,0.015721323,0.102848089,0.102021968,0.035369479,0.06723588,0.080859399,0.457697473,,-0.275355181,0.6,205.0,0.194690265,226.0,0.556603774,424.0,51.8,173842,199.1136845,-1.118792964,1.586287324,0.999843946,0.771133729,0.7714817,0.559618009,0.859526887,0.04622866,0.7714817,complete,COOK,Evanston Ward 7 Precinct 4,0,1,0,Evanston,1,0,0,488,325,217,135,102,68,0.00938,18.280554968422937,59,0.98378,41.35015045534616,134,0.0066,17.53911477630268,57,6e-05,5.584702628962749,18,4e-05,4.289081084812901,14,0.00012,6.377136018308461,21,2e-05,2.895746363036315,9,COOK:7507004,COOK:7507004,COOK:EVANSTON WARD 7 PRECINCT 4,1.5,34.02649305,12.22229361,12.22229361,12.22229361,12.22229361,2.431019451,12.22229361,2.431019451,17.83748319750647,41.33439540859859,17.36805935443456,6.23889414023996,4.26310317251569,5.794426580382335,2.639051095556362,18.26585721543704,41.12311289744183,17.53047417598972,5.6084879155896505,4.2601342944181475,6.296311723042217,2.872874448974594,15.571207583697879,42.82374572561032,20.67204561541394,9.50434993243641,3.964792029864044,0.0031229922864693463,0.0030347933128839783,1.0,1.0,0.2,3.0,1.00046054,1.000736864,1.000368432,1.399631568,1.203122963,304.5321983,301.8719739,6.468005508,3.412743548,3.05526196,0.021239152,0.011206511,0.01003264,891.01,325,1.0
COOK:7507005,COOK:7507005,COOK:Evanston Ward 7 Precinct 5,,,,,,,,,,0.790267146,0.048845055,0.051013409,0.076248807,0.002888719,0.00084428,0.4841,0.6323,0.3677,0.3951,0.1457,0.0117,0.2049,0.2427,0.050606403,0.201025735,0.174394879,0.048304283,0.100287859,0.161317974,0.123324797,0.085576678,0.0367366,0.068649297,0.055261773,0.002926768,0.011625547,0.011427553,0.025946021,0.027019134,0.025456713,0.002086347,0.084945072,0.070380397,0.062308688,0.080748785,0.03231169,0.054272267,0.366209152,,-0.344599776,0.635179153,307.0,-0.028213166,319.0,0.344019729,811.0,51.2,113237,304.6142188,-1.413787004,1.802230115,0.217503043,0.094836877,0.338324762,0.175195758,0.346786219,0.35821078,0.338324762,complete,COOK,Evanston Ward 7 Precinct 5,0,1,0,Evanston,1,0,0,732,488,325,230,173,115,0.0086,18.295108361427406,89,0.98452,41.43898653164433,202,0.0067,17.47950660877342,85,6e-05,5.60474904040959,27,6e-05,4.219468990666594,21,6e-05,6.317625785320924,31,0.0,2.97968713843484,15,COOK:7507005,COOK:7507005,COOK:EVANSTON WARD 7 PRECINCT 5,1.5,52.58905462,7.979301142,7.979301142,7.979301142,7.979301142,3.757219837,7.979301142,3.757219837,17.837432551573308,41.33425856650313,17.3680051581991,6.238903642539199,4.263095063871321,5.794550547184045,2.639209923260593,18.265795025242266,41.122964305552884,17.530405526052157,5.60849307482408,4.260126820357339,6.296435166014794,2.8730327528496904,15.571156937764718,42.823608883514865,20.67199141917848,9.50435943473565,3.964783921219676,0.0032469590881790194,0.0031936210171146133,1.0,1.0,0.2,3.0,1.000211872,1.000338995,1.000169498,1.399830502,1.008103367,490.1152202,482.9404214,11.62608792,4.321993948,7.304093977,0.023721132,0.008818322,0.01490281,1865.57,421,0.981575614
COOK:7508001,COOK:7508001,COOK:Evanston Ward 8 Precinct 1,,,,,,,,,,0.390964312,0.180540232,0.339839253,0.085197411,0.039220567,0.002619045,0.2877,0.6664,0.3336,0.6662,0.1686,0.0312,0.0164,0.1044,0.057808455,0.16666312,0.147124853,0.248052715,0.063423454,0.09194767,0.109301174,0.056713083,0.058965475,0.009226419,0.039756043,9.8e-06,0.015511497,0.038394092,1.89e-05,0.011020626,0.016921646,0.039998815,0.012923942,0.086523162,0.310020051,0.131916698,0.092089958,0.09804263,0.09762572,,0.046512413,0.532846715,274.0,0.459459459,259.0,0.787085515,573.0,38.1,93523,237.4504984,0.252419069,1.174075358,1.929124261,1.504368794,1.382667389,1.21499687,1.525492867,0.673590617,1.382667389,complete,COOK,Evanston Ward 8 Precinct 1,0,1,0,Evanston,1,0,0,558,372,248,209,157,105,0.00734,17.690056587164374,66,0.98404,41.39077598538893,154,0.00854,18.5510158007591,69,2e-05,4.896255082753026,18,2e-05,4.390957787264209,16,4e-05,6.3325149629016515,24,0.0,2.875935174750317,11,COOK:7508001,COOK:7508001,COOK:EVANSTON WARD 8 PRECINCT 1,1.5,15.71049346,16.40892744,16.40892744,16.40892744,16.40892744,1.122434661,16.40892744,1.122434661,17.837333017497155,42.0394065098316,19.13240366039664,5.897370085682017,4.485127028852748,5.803130399338666,2.6433229228509276,17.708179586269907,41.265890798530585,18.60950428022108,4.916047346145573,4.347078288315073,6.269210818570195,2.841341552840805,15.571057403688565,43.528756826843335,22.43638992137602,9.162825877878467,4.186815886201103,0.011826811242800295,0.007306620607449337,1.0,1.0,0.2,3.0,1.255765811,1.409225297,1.204612648,1.195387352,1.244951248,404.750933,400.0048519,18.13865439,6.69601482,11.44263957,0.044814361,0.016543544,0.028270817,2348.28,372,1.0
COOK:7508002,COOK:7508002,COOK:Evanston Ward 8 Precinct 2,,,,,,,,,,0.281862263,0.200253061,0.436554982,0.072267653,0.030550622,0.002792131,0.3757,0.3464,0.6536,0.5439,0.1668,0.0118,0.1568,0.119,0.305991713,0.019037827,0.229348732,0.10413875,0.055442844,0.099142384,0.116008769,0.063001058,0.007887922,0.026702585,0.017294691,0.100059792,0.003439398,0.034054135,0.050106937,0.056966217,0.000393679,0.088231009,0.025130255,0.141616654,0.229438518,0.05283338,0.023314939,0.132509225,0.017908586,,0.263811088,0.227272727,176.0,0.393939394,132.0,0.818181818,407.0,40.3,70340,186.3347465,1.178149286,-0.701652009,1.69916357,1.603295935,0.996840624,0.944739196,1.147725499,1.410105889,0.996840624,complete,COOK,Evanston Ward 8 Precinct 2,0,1,0,Evanston,1,0,0,425,283,189,159,120,80,0.00686,17.8146818670298,50,0.98416,41.46434633145425,117,0.00882,18.361339814989254,52,0.0,5.0287164905937605,14,4e-05,4.36957302814468,12,8e-05,6.344346692001941,18,4e-05,2.9077645745721017,8,COOK:7508002,COOK:7508002,COOK:EVANSTON WARD 8 PRECINCT 2,1.8,25.95346672,14.0676095,14.0676095,14.0676095,14.0676095,1.854242878,14.0676095,1.854242878,17.837476833394852,41.94796567517338,18.902858680334923,5.949039744209681,4.456244410536092,5.805634103949471,2.6441739632822134,17.776216705820346,41.243842878997256,18.46964370693474,5.009497349694079,4.335425119017794,6.276074420168949,2.8465524902600405,15.571201219586262,43.43731599218511,22.2068449413143,9.214495536406131,4.157933267884446,0.014330515853604928,0.008157661038734967,1.0,1.0,0.2,3.0,1.29504844,1.472077504,1.236038752,1.163961248,1.012193871,321.3456397,317.4746167,9.913168233,4.742837418,5.170330815,0.030848927,0.014759302,0.016089625,2019.02,283,1.0
COOK:7508003,COOK:7508003,COOK:Evanston Ward 8 Precinct 3,,,,,,,,,,0.277186018,0.146226397,0.457885726,0.123184117,0.029518379,0.002273643,0.2772,0.2821,0.7179,0.5241,0.201,0.0,0.0149,0.2454,0.204221943,0.094730772,0.086833449,0.192907732,0.14138808,0.143211753,0.099309101,0.027293747,0.010103425,0.05862371,0.023904699,0.000219432,0.043361169,0.096528106,0.013172804,0.031597248,3.41e-05,0.066278163,0.067338454,0.091480787,0.175066823,0.130156232,0.085749468,0.103270826,0.013217949,,0.287051937,0.240740741,108.0,0.39047619,105.0,0.829508197,305.0,43.9,76065,163.7487167,1.277159352,-0.618980304,1.687008503,1.639328717,1.037113982,0.996129067,1.175289869,0.989815948,1.037113982,complete,COOK,Evanston Ward 8 Precinct 3,0,1,0,Evanston,1,0,0,377,251,167,137,103,69,0.00798,17.902537298681803,45,0.9835,41.378502822989546,104,0.00818,18.228635103009676,46,4e-05,5.135255442926921,13,0.0,4.322277539246775,11,0.00024,6.341250665648429,16,6e-05,2.8990082008322906,7,COOK:7508003,COOK:7508003,COOK:EVANSTON WARD 8 PRECINCT 3,1.8,24.67279499,14.36034284,14.36034284,14.36034284,14.36034284,1.762745413,14.36034284,1.762745413,17.83691049665616,41.79616915204256,18.52638175265754,6.025920256021619,4.408853592889436,5.80743318061667,2.6461382532172326,17.890848393478734,41.20919665623558,18.2413612865134,5.157856235004858,4.3168004135649465,6.285273201368394,2.855916484727306,15.570634882847571,43.28551946905429,21.830368013636917,9.29137604821807,4.11054245023779,0.01612959252080451,0.010121950973754037,1.0,1.0,0.2,3.0,1.407812723,1.652500357,1.326250179,1.073749821,1.009400924,196.918339,194.8375496,5.485717416,2.459114704,3.026602712,0.027857829,0.012487992,0.015369837,2027.5,251,1.0
COOK:7508004,COOK:7508004,COOK:Evanston Ward 8 Precinct 4,,,,,,,,,,0.556287008,0.137346503,0.247652685,0.05002608,0.026921348,0.001920373,0.4733,0.5772,0.4228,0.5611,0.0367,0.0249,0.134,0.2337,0.137811099,0.046797217,0.063290765,0.196023913,0.088674996,0.14139624,0.154434238,0.156008149,0.015563383,0.02828157,0.035148975,0.025583966,0.016163507,0.044504054,0.016154999,0.041750137,0.012125608,0.03101632,0.033793479,0.218268855,0.209119765,0.054104059,0.062143787,0.033881159,0.137959761,,-0.069082696,0.588014981,267.0,0.164658635,249.0,0.627819549,532.0,53.5,74808,215.4588377,-0.240036237,1.512718797,0.89443968,0.997693556,0.904651541,0.791203949,0.925298687,0.760931371,0.904651541,complete,COOK,Evanston Ward 8 Precinct 4,0,1,0,Evanston,1,0,0,524,349,233,169,127,85,0.00914,18.290932357796592,64,0.98326,41.3664003378043,144,0.00736,17.543232801926003,61,4e-05,5.633977493797381,20,6e-05,4.30547350039816,15,0.0001,6.309386502106099,22,4e-05,2.846775505320595,10,COOK:7508004,COOK:7508004,COOK:EVANSTON WARD 8 PRECINCT 4,1.5,29.07407385,13.35430749,13.35430749,13.35430749,13.35430749,2.077194348,13.35430749,2.077194348,17.837724223314076,41.33504664502591,17.3683172762578,6.249506645196643,4.263141761844298,5.7996425201163255,2.640942399745951,18.26159054916933,41.11915215664208,17.524743636594046,5.617045991352636,4.259007960771637,6.301237142987751,2.8744752333757253,15.571448609505486,42.824396962037646,20.67230353723718,9.514962437393093,3.9648306191926523,0.008338932020460006,0.004926097502472419,1.0,1.0,0.2,3.0,1.224958813,1.359934101,1.17996705,1.22003295,1.042627092,225.0819699,222.6536582,7.149190034,3.025533064,4.12365697,0.031762606,0.013441917,0.01832069,1650.42,349,1.0
COOK:7508005,COOK:7508005,COOK:Evanston Ward 8 Precinct 5,,,,,,,,,,0.340040663,0.148892711,0.430302481,0.068629752,0.02553374,0.003034947,0.3825,0.4784,0.5216,0.6765,0.1082,0.0109,0.0148,0.1749,0.140927515,0.125125568,0.079494591,0.148957637,0.123763117,0.116447787,0.132874375,0.091631777,0.040777634,0.060468937,0.029048625,0.000143635,0.030236296,0.055499702,0.040333201,0.04165901,0.018907384,0.024074187,0.088159174,0.127694768,0.145534494,0.069443597,0.093306209,0.070708494,0.104782287,,0.052624622,0.439393939,264.0,0.266409266,259.0,0.763955343,627.0,50.2,73094,271.6267278,0.278458144,0.600427284,1.251561507,1.430784426,0.987618177,0.89030784,1.05986891,0.828379438,0.987618177,complete,COOK,Evanston Ward 8 Precinct 5,0,1,0,Evanston,1,0,0,629,419,279,226,170,113,0.00854,18.255081388690574,76,0.98432,41.333535076544194,173,0.0069,17.48348280150972,73,8e-05,5.628997430030653,24,2e-05,4.3033711815163125,18,0.00014,6.351477321943946,27,0.0,2.9503702625707824,12,COOK:7508005,COOK:7508005,COOK:EVANSTON WARD 8 PRECINCT 5,1.8,26.25384755,13.99894907,13.99894907,13.99894907,13.99894907,1.875703557,13.99894907,1.875703557,17.83751729726108,41.33448754397025,17.368095844597036,6.259126718946494,4.263108632041577,5.805368496811201,2.6439711233591003,18.25723596632707,41.114349955670384,17.519019403557515,5.624778143589456,4.257933087988768,6.306697638226886,2.877238475533135,15.57124168345249,42.82383786098198,20.672082105576415,9.524582511142944,3.9647974893899316,0.014064908715335193,0.007954821115622178,1.0,1.0,0.2,3.0,1.383645586,1.613832938,1.306916469,1.093083531,1.040255126,311.0922135,307.735383,9.914581297,4.190418542,5.724162755,0.031870233,0.013470021,0.018400212,1979.11,419,1.0
COOK:7509001,COOK:7509001,COOK:Evanston Ward 9 Precinct 1,,,,,,,,,,0.563557584,0.125024563,0.234371715,0.074910881,0.022056872,0.001051366,0.3674,0.247,0.753,0.36,0.1868,0.0715,0.14,0.2377,0.005146303,0.225830819,0.147471687,0.104316681,0.20996955,0.098997191,0.148067151,0.052593887,0.007606729,0.000234571,0.055383202,0.016136868,8.35e-05,8.9e-05,0.016334704,0.085294874,0.000136813,0.050758776,0.143260474,0.060420355,0.187428957,0.214548066,0.018665935,0.046673796,0.104550089,,0.313571397,0.43030303,165.0,0.352941176,170.0,0.72345679,405.0,44.7,84586,176.8248392,1.390136873,0.544623887,1.555269047,1.301945764,1.21450711,1.197993893,1.285962141,0.983412577,1.21450711,complete,COOK,Evanston Ward 9 Precinct 1,0,1,0,Evanston,1,0,0,407,271,181,148,111,74,0.0078,17.94968293110052,49,0.98362,41.42547167563721,112,0.00838,18.18503123695682,49,2e-05,5.179467033729143,14,4e-05,4.358315573412257,12,0.00012,6.276469145800936,17,2e-05,2.8627271545600097,8,COOK:7509001,COOK:7509001,COOK:EVANSTON WARD 9 PRECINCT 1,1.317229793,19.63038732,15.5129261,15.5129261,15.5129261,15.5129261,1.402491092,15.5129261,1.402491092,17.83744743313789,41.76422740538262,18.443429464072146,6.031176147430912,4.398428415628512,5.799834616418893,2.641589106133522,17.92217608491511,41.20853944355631,18.197826690463348,5.181706923579136,4.314009667209824,6.279650580348249,2.8533432808212265,15.571171819329301,43.253577722394354,21.747415725051525,9.296631939627362,4.100117272976866,0.008531028323028203,0.005572803890043936,1.0,1.0,0.2,3.0,1.10998703,1.175979247,1.087989624,1.312010376,1.014467607,159.511168,157.7996747,5.819076943,4.107583724,1.711493219,0.036480687,0.025751073,0.010729614,1051.54,271,1.0
COOK:7509002,COOK:7509002,COOK:Evanston Ward 9 Precinct 2,,,,,,,,,,0.561520787,0.159567962,0.212795103,0.049001697,0.045663017,0.000674327,0.5101,0.7725,0.2275,0.5722,0.0851,0.0148,0.0753,0.2276,0.094728619,0.12365911,0.104349072,0.149435847,0.107049905,0.173054794,0.143788552,0.071345929,0.032588173,0.002579561,0.058391085,0.001993809,0.004266976,0.049384383,0.000616796,0.00996139,0.001338191,0.04394887,0.042423886,0.118728416,0.172488762,0.106758976,0.104717488,0.102411764,0.179989649,,0.005403142,0.464362851,463.0,0.37972167,503.0,0.707482993,882.0,50.9,99113,399.713292,0.077286411,0.7536958,1.649262557,1.251128081,1.090040827,0.932843212,1.233324696,0.612047148,1.090040827,complete,COOK,Evanston Ward 9 Precinct 2,0,1,0,Evanston,1,0,0,962,641,427,152,114,76,0.00906,18.256460827778824,117,0.9834,41.358425677390684,265,0.00732,17.528852385427037,112,2e-05,5.666805970303338,36,0.0,4.305656011056929,28,0.00018,6.342067107363075,41,2e-05,2.8963132924830797,19,COOK:7509002,COOK:7509002,COOK:EVANSTON WARD 9 PRECINCT 2,1.310963039,23.06671194,14.72745803,14.72745803,14.72745803,14.72745803,1.647998967,14.72745803,1.647998967,17.83773561738353,41.33507743107808,17.368329469056558,6.2476572724329795,4.263143586086668,5.798608331134093,2.6404478504329307,18.262395247336983,41.11999453527158,17.52580880647023,5.615557645670928,4.259211003474787,6.300253851305758,2.874031581362944,15.571460003574941,42.82442774808982,20.672315730035937,9.51311306462943,3.964832443435023,0.0073047430382274315,0.004431548189452155,1.0,1.0,0.2,3.0,1.10442223,1.167075568,1.083537784,1.316462216,1.113581864,686.2157601,677.6237585,28.65870666,12.39563131,16.26307535,0.041763405,0.018063752,0.023699653,2461.44,641,1.0
COOK:7509003,COOK:7509003,COOK:Evanston Ward 9 Precinct 3,,,,,,,,,,0.660999348,0.068425321,0.145616523,0.115646075,0.010740587,0.00085254,0.5184,0.487,0.513,0.4916,0.1842,0.0232,0.0575,0.2283,0.113940929,0.113995591,0.160852188,0.125468673,0.12509753,0.195452063,0.079415719,0.055312921,0.030464388,0.056507943,0.013794795,2.88e-05,0.020399725,0.022127897,0.046992931,2.63e-05,0.032288427,0.014375839,0.081496269,0.116747606,0.167328923,0.038778857,0.055934597,0.136839781,0.196331352,,0.146225324,0.421686747,332.0,0.382352941,340.0,0.774687065,719.0,46.4,89225,300.750819,0.677213443,0.491733921,1.658497727,1.464925416,1.171221055,1.073092627,1.288302075,0.446879157,1.171221055,complete,COOK,Evanston Ward 9 Precinct 3,0,1,0,Evanston,1,0,0,729,486,324,228,171,114,0.00874,18.291121926200564,89,0.9842,41.38185239486789,201,0.00684,17.5012315495082,85,6e-05,5.606496065170425,27,2e-05,4.278443633106126,21,8e-05,6.364435608181718,31,6e-05,2.918801213691354,14,COOK:7509003,COOK:7509003,COOK:EVANSTON WARD 9 PRECINCT 3,1.250336622,20.77194124,15.25199203,15.25199203,15.25199203,15.25199203,1.4840493,15.25199203,1.4840493,17.836994341247618,41.33307455002892,17.36753622913592,6.243727975892453,4.2630249044040625,5.798206475412207,2.641762017379578,18.263226684397015,41.119601539222565,17.527116205378945,5.612357108463573,4.25954503454434,6.299956173080528,2.8754499258062474,15.57071872743903,42.82242486704065,20.671522490115297,9.509183768088903,3.964713761752417,0.00690288731634192,0.005745715136099821,1.0,1.0,0.2,3.0,1.063190536,1.101104858,1.050552429,1.349447571,1.025866532,381.6054589,377.5098485,13.91995115,9.818362329,4.101588825,0.036477338,0.025729093,0.010748245,2027.68,486,1.0
COOK:7509004,COOK:7509004,COOK:Evanston Ward 9 Precinct 4,,,,,,,,,,0.540490269,0.12826111,0.272978028,0.061534619,0.02238482,0.001363685,0.4136,0.6377,0.3623,0.585,0.0826,0.0686,0.0331,0.2025,0.14895836,0.129353114,0.055758637,0.139114818,0.126285263,0.190993221,0.10213378,0.091132591,0.016270216,0.010785772,0.017430313,3.54e-05,0.009569189,0.029274783,2.03e-05,0.034923236,0.024416054,0.130979443,0.036115905,0.06531114,0.050341257,0.117445984,0.035098018,0.172962872,0.265290357,,0.203829644,0.580327869,305.0,0.38,400.0,0.682692308,624.0,51.3,119327,322.1481104,0.922617884,1.46553243,1.650239433,1.172261098,1.375424866,1.302662711,1.444940211,0.627753599,1.375424866,complete,COOK,Evanston Ward 9 Precinct 4,0,1,0,Evanston,1,0,0,779,519,346,186,140,93,0.00884,18.349817164900944,95,0.98434,41.336812345175694,215,0.00664,17.504347197503662,91,8e-05,5.600107334087567,29,0.0,4.309635002717712,22,8e-05,6.331294152024464,33,2e-05,2.899572723865019,15,COOK:7509004,COOK:7509004,COOK:EVANSTON WARD 9 PRECINCT 4,1.261444867,15.86320506,16.37402094,16.37402094,16.37402094,16.37402094,1.133345126,16.37402094,1.133345126,17.8375962154374,41.334700775871475,17.3681802949724,6.250793005630163,4.263121267200731,5.80064352091801,2.641657379044473,18.260893067288578,41.11822382823478,17.52385282830522,5.618075202896716,4.258851436689488,6.302202119296806,2.875154188181617,15.571320601628813,42.82405109288321,20.67216655595178,9.516248797826613,3.9648101245490857,0.009339932822144703,0.005641076800994873,1.0,1.0,0.2,3.0,1.051190245,1.081904391,1.040952196,1.359047804,1.083138474,348.4496873,343.4878973,15.87911648,5.462354002,10.41676248,0.045570758,0.015676163,0.029894596,2219.94,519,1.0
COOK:7509005,COOK:7509005,COOK:Evanston Ward 9 Precinct 5,,,,,,,,,,0.576601927,0.113451115,0.215154315,0.084048662,0.017620006,0.000979059,0.6424,0.5238,0.4762,0.5445,0.1338,0.0073,0.0854,0.2252,0.12308855,0.092449571,0.171906594,0.172648197,0.171907982,0.132971524,0.102931198,0.025858668,0.006237717,5.67e-05,0.002208194,0.000105034,1.58e-05,0.002096726,0.014354653,0.012443075,2.27e-05,0.099985759,0.145010634,0.089992432,0.204436875,0.102391513,0.0225484,0.124561479,0.179769942,,0.139956021,,,0.32,200.0,,,42.0,91351,196.4390231,0.65050512,,1.439652929,,,,,0.808597849,0.808597849,demographic_only,COOK,Evanston Ward 9 Precinct 5,0,1,0,Evanston,1,0,0,462,308,205,165,124,83,0.0072,17.8180143304272,55,0.98402,41.36073759214217,127,0.0086,18.32339353508054,56,2e-05,5.0570953971752814,16,0.0,4.399763211595134,14,0.00014,6.291950953134731,19,2e-05,2.8659934748339495,9,COOK:7509005,COOK:7509005,COOK:EVANSTON WARD 9 PRECINCT 5,1.5,32.59604126,12.54926336,12.54926336,12.54926336,12.54926336,2.328820963,12.54926336,2.328820963,17.837345794872313,41.87665252316133,18.725223868781494,5.973092633574295,4.433887251297897,5.799489457383961,2.6416370437694146,17.835393678364564,41.23303943273003,18.369625572439634,5.069593848537129,4.3280364798816215,6.273738930898204,2.8478247280420055,15.571070181063723,43.36600284017307,22.029210129760873,9.238548425770745,4.135576108646251,0.008185869288095494,0.0056207415259359895,1.0,1.0,0.2,3.0,1.170037382,1.272059811,1.136029906,1.263970094,1.015254631,245.0076671,242.3883838,8.432147929,5.531070059,2.90107787,0.034415853,0.02257509,0.011840764,1018.21,308,1.0
COOK:8000020,COOK:8000020,COOK:Maine Precinct 20,,,,,,,,,,0.810326942,0.060572955,0.022876847,0.094766929,0.009813939,0.003264884,0.4698,0.9215,0.0785,0.5329,0.2027,0.0,0.0562,0.2081,0.065726145,0.225836615,0.089498344,0.0813205,0.135352024,0.128182875,0.165635274,0.041760475,0.066687749,6.87e-05,0.019506732,0.035845116,2.55e-05,0.009815458,0.052050653,2.94e-05,6.23e-05,2.15e-05,0.042313032,0.035821048,0.000220518,0.065119002,0.100927692,0.1952768,0.442896523,,-0.13290709,0.298701299,77.0,-0.431818182,88.0,0.149847095,327.0,51.8,185379,126.8978258,-0.511939276,-0.263196733,-1.199059777,-0.522887474,-0.692982865,-0.624270815,-0.807940658,-0.285379733,-0.692982865,complete,COOK,Maine Precinct 20,0,0,0,Maine,1,0,0,210,140,93,104,78,52,0.4771,29.819581792216244,42,0.50084,30.110309167513062,42,0.02062,15.703711655423703,22,0.0005,5.945221019873975,8,0.00036,5.143792418122788,7,0.00036,6.74436872011013,9,0.00022,3.275197735937404,5,COOK:8000020,COOK:8000020,COOK:MAINE PRECINCT 20,1.0,85.44149492,1.409024312,1.409024312,1.409024312,1.409024312,6.104359205,1.409024312,1.409024312,21.73022783773778,21.206262114969118,10.756856959735925,3.9835328802633265,3.7900606408415625,5.794164374072926,2.639449921774591,29.583154107819784,29.904648175618306,15.652486465981731,5.8704319068585935,5.0410615070967975,6.664123374528996,3.2413471329890102,19.463952223929187,22.69561243198085,14.060843220715304,7.2489886724597765,3.491749498189917,0.0028607859770606583,0.0034336195311122403,1.0,0.3,0.2,1.000000051,1.03570097,1.057121552,1.028560776,1.371439224,1.005753555,161.7341555,161.3269448,1.086410022,0.543359491,0.54305053,0.006717258,0.003359584,0.003357674,909.43,46,0.868940319
COOK:8000029,COOK:8000029,COOK:Maine Precinct 29,,,,,,,,,,0.828404647,0.114337805,0.010170991,0.043900319,0.005722993,0.0,0.4456,0.6612,0.3388,0.7578,0.0565,0.0,0.0332,0.1474,0.100952437,0.066043283,0.069769849,0.162592114,0.092875531,0.132138479,0.197985706,0.093385487,0.084257115,0.037716013,0.003830381,0.094223793,0.032697658,0.0251422,0.002546931,0.016363394,0.012600643,0.011330677,0.007573474,0.044070187,0.089319898,0.083052524,0.104334492,0.115668181,0.319529554,,-0.076814258,0.261146497,157.0,-0.546391753,194.0,-0.043723554,709.0,55.8,134472,327.4974333,-0.272974038,-0.493722146,-1.60118724,-1.138696721,-1.009466356,-0.876645036,-1.154374797,-0.523404234,-1.009466356,complete,COOK,Maine Precinct 29,0,0,0,Maine,1,0,0,437,291,194,254,191,127,0.4808,29.965740458867195,87,0.49864,30.208509785181683,88,0.01894,15.565605469015855,45,0.00054,5.846639861322729,17,0.00046,5.087747315775182,15,0.00046,6.732937306634004,20,0.00016,3.2963620615949543,10,COOK:8000029,COOK:8000029,COOK:MAINE PRECINCT 29,1.0,88.75506241,0.817306813,0.817306813,0.817306813,0.817306813,6.341096709,0.817306813,0.817306813,21.822777564982204,21.266107520183137,10.669273363317997,3.8800977356432664,3.7666222705838877,5.792616467310853,2.637601271590527,29.742100596490086,30.02153301593424,15.545485297026794,5.73155779170785,5.011828626553841,6.663912164071181,3.2408351791092045,19.556501951173612,22.75545783719487,13.973259624297375,7.145553527839716,3.468311127932242,0.0013128792149872544,0.0015849693470488424,1.0,0.3,0.2,1.000000108,1.042914707,1.068663531,1.034331766,1.365668234,1.006828842,465.2091162,464.6678677,3.246064694,2.164518675,1.081546019,0.006977646,0.004652786,0.00232486,1629.45,291,1.0
COOK:8000030,COOK:8000030,COOK:Maine Precinct 30,,,,,,,,,,0.886923191,0.059036818,0.009004215,0.032428209,0.00630483,0.0,0.5426,0.8123,0.1877,0.5671,0.154,0.0,0.0563,0.2226,0.129080868,0.102984906,0.037358696,0.108862583,0.096823116,0.15579269,0.188052395,0.108373192,0.072671554,0.0157558,0.004614084,0.009311018,0.009286579,0.022158962,0.003692807,0.027680142,0.030444173,0.010153196,0.040578592,0.044327866,0.131943998,0.047134486,0.053627386,0.136552029,0.412738881,,-0.322331291,0.400749064,267.0,-0.688654354,379.0,-0.023136247,1167.0,57.5,168048,484.1137195,-1.318919378,0.363210596,-2.100496969,-1.073202008,-1.110509699,-1.03235194,-1.324138705,-0.353559965,-1.110509699,complete,COOK,Maine Precinct 30,0,0,0,Maine,1,0,0,780,520,347,373,280,187,0.48126,30.220914876368855,157,0.5015,30.45593188560033,158,0.01618,15.338554910103785,80,0.0004,5.530305193626725,29,0.00028,5.052645681089104,26,0.0002,6.731708532306974,35,0.00018,3.276887047735462,17,COOK:8000030,COOK:8000030,COOK:MAINE PRECINCT 30,1.0,89.46621714,0.690312962,0.690312962,0.690312962,0.690312962,6.391905088,0.690312962,0.690312962,22.018371050841957,21.391617177757915,10.482008200534425,3.661158548168422,3.716643671901878,5.792316607339771,2.637206792309268,30.078616850194866,30.267442228007084,15.315312450899157,5.436588199176452,4.949611625065151,6.666426460911328,3.2432548566391732,19.75209543703337,22.88096749476965,13.785994461513804,6.926614340364872,3.4183325292502325,0.0010130192439056038,0.001190490065789595,1.0,0.3,0.2,1.000000338,1.240634034,1.385014454,1.192507227,1.207492773,1.038204318,554.7656536,553.7970549,3.262927625,2.175285083,1.087642542,0.005881632,0.003921088,0.001960544,2409.71,520,1.0
COOK:8000031,COOK:8000031,COOK:Maine Precinct 31,,,,,,,,,,0.61563826,0.066876811,0.035880385,0.281594658,0.003536678,0.001407288,0.3519,0.7332,0.2668,0.8289,0.0359,0.0,0.003,0.1216,0.119251072,0.08603952,0.104794414,0.109784334,0.156391973,0.130337726,0.139779769,0.082089231,0.071531961,0.025167506,0.014175614,0.020448246,0.022056803,0.02994869,0.053525575,0.009444254,0.045643608,0.014170412,0.050395341,0.097607674,0.140092194,0.078743277,0.088214184,0.083494219,0.226872402,,0.062150592,0.323943662,71.0,-0.282051282,78.0,0.07106599,394.0,51.2,95953,220.510976,0.319040436,-0.108249673,-0.673411647,-0.773515,-0.408279179,-0.309033971,-0.481154714,-0.456499945,-0.408279179,complete,COOK,Maine Precinct 31,0,0,0,Maine,1,0,0,263,175,117,179,135,90,0.15252,24.122490774183603,42,0.81296,33.78016227004711,59,0.03274,17.697769508305587,31,0.00092,7.208943843634706,13,0.00018,4.002135586839056,7,0.00052,6.641490905229739,12,0.00016,3.13574616612998,5,COOK:8000031,COOK:8000031,COOK:MAINE PRECINCT 31,1.0,80.26799554,2.332877569,2.332877569,2.332877569,2.332877569,5.73473905,2.332877569,2.332877569,18.947434592741473,25.595385787201014,13.293626366250376,5.476841662796327,3.261133907862411,5.798873846353055,2.645794896926813,23.938565113857134,33.51347181907329,17.649541050206206,7.147812506025536,3.98933127985976,6.569835820269583,3.14869508160169,16.681158978932885,27.084736104212748,16.597612627229754,8.742297454992777,2.9628227652107655,0.007570258257189575,0.009778594683334516,1.0,0.3,0.2,1.000003912,1.000218652,1.000349843,1.000174921,1.399825079,1.030691657,346.2043277,346.1141736,1.100854576,0.920978598,0.179875978,0.003179783,0.002660217,0.000519566,1742.39,175,1.0
COOK:8000039,COOK:8000039,COOK:Maine Precinct 39,,,,,,,,,,0.736064308,0.084210552,0.009949718,0.159833028,0.009192563,1.51e-06,0.4005,0.9112,0.0888,0.7543,0.0811,0.0,0.0062,0.1584,0.095309048,0.083876986,0.154476653,0.153331641,0.061295432,0.213836048,0.121747726,0.048641755,0.067484712,0.019707188,8.54e-06,2.43e-05,0.011812026,0.086546594,0.023613727,0.078615038,0.009875818,0.035388861,0.066988441,0.09050649,0.065084689,0.049323759,0.007960437,0.145711955,0.308832094,,-0.089063889,0.315315315,111.0,-0.25,112.0,0.052132701,422.0,51.4,105995,222.2940836,-0.325159601,-0.161213692,-0.560918856,-0.83374776,-0.493835903,-0.470259977,-0.511967679,-0.511917688,-0.493835903,complete,COOK,Maine Precinct 39,0,0,0,Maine,1,0,0,270,180,120,176,132,88,0.47654,29.82072887889961,54,0.50152,30.136203714365458,54,0.0205,15.684779837589547,28,0.0005,5.995087392003397,11,0.00052,5.13430467615691,9,0.00022,6.715612346633399,12,0.0002,3.292023205503901,6,COOK:8000039,COOK:8000039,COOK:MAINE PRECINCT 39,1.0,82.11283389,2.003437128,2.003437128,2.003437128,2.003437128,5.866543345,2.003437128,2.003437128,21.7295041165794,21.205142995439708,10.756082505404494,3.9824987821819615,3.7899447697907456,5.795298531079371,2.6414289643729028,29.582676843506608,29.90369846499859,15.651780594087704,5.869157019449559,5.041298369036674,6.665286367881093,3.243355011932973,19.463228502770807,22.694493312451442,14.060068766383873,7.2479545743784115,3.4916336271391,0.003994942983505833,0.005412662129424282,1.0,0.3,0.2,1.000004062,1.098735217,1.157976347,1.078988173,1.321011827,1.191778478,319.9916898,319.9916898,1.056141899,0.386560892,0.669581007,0.003300529,0.001208034,0.002092495,1671.79,180,1.0
COOK:8000043,COOK:8000043,COOK:Maine Precinct 43,,,,,,,,,,0.930266985,0.032703876,0.005673094,0.011517953,0.004268001,6.49e-07,0.4523,0.9998,0.0002,0.6747,0.1523,0.0,0.0,0.161,0.239676242,0.143279708,0.047928184,0.102207311,0.176041273,0.109780171,0.114382558,0.041300803,0.025403749,0.058257883,1.2e-05,1.47e-05,0.04993894,0.000129318,6.23e-05,9.68e-05,7.2e-05,4.38e-05,0.019519119,0.000179361,0.083322833,0.044476981,0.094320159,0.044578973,0.604974936,,-0.265740517,0.373493976,83.0,-0.572649573,117.0,-0.221198157,434.0,47.4,217352,175.3389162,-1.07783282,0.195908677,-1.693346282,-1.703299372,-1.131193795,-1.069642449,-1.255934562,-0.694975356,-1.131193795,complete,COOK,Maine Precinct 43,0,0,0,Maine,1,0,0,216,144,96,141,106,71,0.47626,29.85106629460608,43,0.50158,30.198176335012906,43,0.02072,15.703355562626397,23,0.00058,5.876304793085668,8,0.00042,5.055709491355325,7,0.00034,6.678908061603639,10,0.0001,3.2919620865140193,5,COOK:8000043,COOK:8000043,COOK:MAINE PRECINCT 43,1.0,89.59634278,0.667075886,0.667075886,0.667075886,0.667075886,6.401201902,0.667075886,0.667075886,21.73115380450497,21.2076939751279,10.757847837182721,3.983060423193634,3.7902088923346877,5.791735137980479,2.636471854873994,29.58489001904412,29.907189145400558,15.65420249590338,5.869905579619106,5.040960388618672,6.661715057327751,3.238389984979614,19.46487819069638,22.697044292139633,14.0618340981621,7.248516215390084,3.491897749683042,0.000431549884613,0.0004555526305155117,1.0,0.3,0.2,1.000001354,1.218342788,1.34934846,1.17467423,1.22532577,1.085360528,250.3728825,249.9031009,1.409580761,0.939563266,0.470017495,0.005629926,0.003752656,0.00187727,1033.6,144,1.0
COOK:8000044,COOK:8000044,COOK:Maine Precinct 44,,,,,,,,,,0.823609818,0.056702832,0.013797653,0.101270358,0.012268249,9.21e-07,0.3672,0.7134,0.2866,0.8615,0.024,0.0,0.0,0.1145,0.129491068,0.237388855,0.039228624,0.058258304,0.21480715,0.175725618,0.096288411,0.02144198,0.027369987,1.77e-05,2.51e-05,0.06606583,0.025791555,0.000247138,0.025703025,6.22e-06,0.029394256,3.31e-05,0.102756551,0.110185363,0.183564828,0.040475611,0.033202423,0.091940655,0.290590675,,-0.154581775,0.223529412,85.0,-0.505376344,93.0,0.108695652,368.0,48.2,94036,156.021917,-0.604277211,-0.724629876,-1.45723238,-0.653803185,-0.94528118,-0.859985663,-1.064730523,-0.706829044,-0.94528118,complete,COOK,Maine Precinct 44,0,0,0,Maine,1,0,0,254,169,113,119,90,60,0.47404,29.796381419260854,50,0.50402,30.152852534467417,51,0.0201,15.691981475471401,27,0.00068,5.921329581980149,10,0.00044,5.095943976354382,9,0.00048,6.7410457933008985,11,0.00024,3.3062262868721186,6,COOK:8000044,COOK:8000044,COOK:MAINE PRECINCT 44,1.0,88.22996305,0.911075985,0.911075985,0.911075985,0.911075985,6.303581037,0.911075985,0.911075985,21.73015550100265,21.20615025772681,10.756779552163694,3.9830151571688344,3.7900490594010936,5.794052005522484,2.6395448094092373,29.583366088160883,29.90485922535275,15.652603510057421,5.869806592416232,5.041131780421509,6.664027229919655,3.2414582445647575,19.463879887194057,22.695500574738546,14.060765813143073,7.248470949365284,3.491737916749448,0.002748417426617886,0.0035285071657588964,1.0,0.3,0.2,1.000039223,1.00012914,1.000206623,1.000103312,1.399896688,1.303628407,257.2637023,256.9802067,1.417556683,0.850565795,0.566990887,0.005510131,0.003306202,0.002203929,842.16,169,1.0
COOK:8000046,COOK:8000046,COOK:Maine Precinct 46,,,,,,,,,,0.68212514,0.122752368,0.014586505,0.176891595,0.012151872,0.001822289,0.3641,0.8276,0.1724,0.8704,0.051,0.0056,0.0085,0.0645,0.105678145,0.058686704,0.098952223,0.16086815,0.1081015,0.147009743,0.14165301,0.10560344,0.073447082,0.049717231,0.002703257,0.02689047,0.024197401,0.047005351,0.021503709,0.018847482,0.029585953,0.005400048,0.030965451,0.081999022,0.193468109,0.053759871,0.076607218,0.153154812,0.184194612,,0.000341021,0.345132743,113.0,-0.520833333,96.0,0.238289206,491.0,52.7,95828,253.498467,0.055720894,0.021816827,-1.511482935,-0.241525242,-0.575587997,-0.418867614,-0.794111061,-0.558479456,-0.575587997,complete,COOK,Maine Precinct 46,0,0,0,Maine,1,0,0,306,204,136,202,152,101,0.4787,29.841044933235622,61,0.49946,30.094725635899326,61,0.02054,15.711387559638545,32,0.00058,5.85926699876648,12,0.00032,5.084159727775932,10,0.00022,6.733893465272045,14,0.00018,3.2966065335856714,7,COOK:8000046,COOK:8000046,COOK:MAINE PRECINCT 46,1.0,83.62774105,1.732913868,1.732913868,1.732913868,1.732913868,5.974775738,1.732913868,1.732913868,21.729314376514154,21.204849592642137,10.755879464476822,3.9826547413319444,3.7899143915428697,5.795828527794676,2.6420538919252694,29.58228406820226,29.90313411865978,15.651402184396176,5.869335944823998,5.041312433169905,6.665810173376075,3.2439737482650175,19.463038762705562,22.69419990965387,14.0598657254562,7.248110533528394,3.491603248891224,0.004524939698810106,0.006037589681790982,1.0,0.3,0.2,1.000001256,1.017077002,1.027323204,1.013661602,1.386338398,1.025258208,578.0063974,577.7929609,1.374181692,0.708250571,0.665931121,0.002377451,0.001225333,0.001152117,2333.01,204,0.999542718
COOK:8000052,COOK:8000052,COOK:Maine Precinct 52,,,,,,,,,,0.810004899,0.053952295,0.00649005,0.113396759,0.014017553,1.28e-06,0.4169,0.7983,0.2017,0.7953,0.0652,0.0,0.0054,0.1202,0.07133019,0.140089876,0.088128586,0.087341589,0.128185214,0.177278072,0.134003361,0.127009752,0.046633359,5.4e-06,0.026216638,9.32e-05,0.014986421,2.7e-06,0.024380569,0.013082658,0.018733983,2.7e-06,0.005768097,0.084274102,0.192970247,0.013156877,0.09361668,0.200210755,0.312498956,,-0.247682178,0.322580645,124.0,-0.384615385,117.0,0.202863962,419.0,53.9,153174,187.5234849,-1.00090115,-0.116616381,-1.033388578,-0.354224109,-0.629531297,-0.626282554,-0.710952502,-0.680153225,-0.629531297,complete,COOK,Maine Precinct 52,0,0,0,Maine,1,0,0,332,221,147,143,108,72,0.47656,29.8679911853611,66,0.50112,30.16359736782388,67,0.02082,15.676748826672677,35,0.00058,5.882142215859085,13,0.00036,5.115797427213309,11,0.00042,6.697342565045723,15,0.00014,3.2874564174110006,7,COOK:8000052,COOK:8000052,COOK:MAINE PRECINCT 52,1.0,84.51003163,1.575359578,1.575359578,1.575359578,1.575359578,6.037810902,1.575359578,1.575359578,21.730020620732986,21.205941686867497,10.756635216727524,3.98256178239171,3.790027464456136,5.794121387578266,2.639848904339677,29.583440493134812,29.904874698758086,15.652589962847735,5.869255791952021,5.041205238944777,6.664110378868007,3.241776106387767,19.4637450069244,22.69529200387923,14.060621477706903,7.24801757458816,3.4917163218044904,0.0028177994824007107,0.0038326020961989464,1.0,0.3,0.2,1.000039323,1.000354497,1.000567195,1.000283598,1.399716402,1.318494255,265.3136012,265.0207605,1.464203097,0.878521858,0.585681239,0.005518764,0.003311258,0.002207506,1201.37,221,1.0
COOK:8000055,COOK:8000055,COOK:Maine Precinct 55,,,,,,,,,,0.7561729,0.12520491,0.013724998,0.097175108,0.018858601,3.79e-06,0.3477,0.8248,0.1752,0.8061,0.0659,0.0,0.0028,0.1251,0.121177336,0.052046079,0.105987511,0.183824078,0.104629002,0.219325199,0.095926237,0.070057689,0.04702687,0.0399417,2.95e-05,0.014719964,0.002113792,0.058874033,0.006313923,0.008413266,0.006457219,0.010542176,0.115870969,0.075722334,0.128491925,0.147427317,0.04220249,0.212434693,0.130444682,,0.067011642,0.163265306,98.0,-0.398058252,103.0,0.149367089,395.0,50.6,105513,201.7883459,0.339749356,-1.094553486,-1.080570017,-0.524414524,-0.731979105,-0.589947168,-0.830103675,-0.601897116,-0.731979105,complete,COOK,Maine Precinct 55,0,0,0,Maine,1,0,0,227,151,101,156,117,78,0.47668,29.788917314798102,45,0.50098,30.083166175882226,45,0.02066,15.686028027024557,24,0.00076,5.95944654667742,9,0.0003,5.077317360529691,8,0.00044,6.761344578515051,10,0.00018,3.3158709031596,5,COOK:8000055,COOK:8000055,COOK:MAINE PRECINCT 55,1.0,85.96200353,1.316074931,1.316074931,1.316074931,1.316074931,6.141546891,1.316074931,1.316074931,21.730201051898113,21.206220694933332,10.756828296197058,3.9830330825213602,3.790056352306741,5.793954930646158,2.639408535005323,29.583425682939524,29.904953824165787,15.652669288591213,5.869830166210461,5.041122176651726,6.663929858608489,3.241321673726002,19.46392543808952,22.695571011945066,14.060814557176437,7.24848887471781,3.4917452096550954,0.002651342550292091,0.0033922327618446796,1.0,0.3,0.2,1.000005535,1.036318918,1.058110268,1.029055134,1.370944866,1.159842065,214.426733,214.426733,0.612564822,0.206764746,0.405800076,0.002856756,0.000964268,0.001892488,1343.54,151,1.0
COOK:8000058,COOK:8000058,COOK:Maine Precinct 58,,,,,,,,,,0.76929259,0.04791573,0.005732878,0.170624557,0.006436314,1.44e-06,0.405,0.7974,0.2026,0.7784,0.0308,0.0,0.0337,0.1327,0.073560336,0.063119795,0.08704678,0.156133517,0.091971158,0.14208048,0.185984618,0.095191695,0.104911621,0.005461692,0.01635363,0.005449256,0.018140963,2.56e-05,4.24e-05,0.025410257,0.067073501,0.047121323,0.038079653,0.029103769,0.139687934,0.032807446,0.110610343,0.119772606,0.344859662,,-0.039082454,0.06779661,118.0,-0.717171717,99.0,0.01734104,519.0,55.7,142006,257.6590514,-0.112229979,-1.68057603,-2.200586499,-0.944431,-1.443291529,-1.234455877,-1.636517653,-0.563984776,-1.443291529,complete,COOK,Maine Precinct 58,0,0,0,Maine,1,0,0,273,182,121,209,157,105,0.47444,29.907139667451375,54,0.50412,30.23198130663141,55,0.0199,15.608288097188844,28,0.00062,5.790405009874265,11,0.00036,5.04735866284933,9,0.00046,6.734702077517742,12,0.0001,3.2854894709156124,6,COOK:8000058,COOK:8000058,COOK:MAINE PRECINCT 58,1.0,91.07235947,0.403497461,0.403497461,0.403497461,0.403497461,6.506655769,0.403497461,0.403497461,21.809870035801843,21.256556582988356,10.678788648193184,3.89206597308631,3.7693377167684052,5.79542655091091,2.641729802485741,29.720738976403762,30.004451850788456,15.557132656838029,5.747714049541591,5.0158180258715,6.666577824558341,3.2448192868915218,19.54359442199325,22.74590690000009,13.982774909172562,7.15752176528276,3.4710265741167596,0.004122962815044469,0.00571350024226282,1.0,0.3,0.2,1.000000227,1.01262065,1.02019304,1.01009652,1.38990348,1.00525798,315.7229007,315.0772506,2.582600415,2.152167013,0.430433403,0.008179959,0.006816633,0.001363327,1988.56,182,1.0
COOK:8000059,COOK:8000059,COOK:Maine Precinct 59,,,,,,,,,,0.764418278,0.087791642,0.01013124,0.12246184,0.012656941,0.001686381,0.2875,0.9484,0.0516,0.7577,0.1019,0.0,0.0,0.1404,0.123601209,0.118210654,0.179884382,0.110572045,0.104553383,0.194875325,0.131280271,0.017327541,0.01969519,0.008085689,7.99e-06,1.48e-06,0.018109661,0.018178615,0.01809892,0.054309015,5.39e-05,0.018123775,0.11260786,0.144687609,0.160777063,0.000139823,0.104493384,0.110674222,0.231651025,,0.063719749,0.281553398,103.0,-0.533980583,103.0,0.156043956,455.0,46.6,91752,227.3462218,0.325725318,-0.368456959,-1.557626825,-0.503173306,-0.714218157,-0.525882943,-0.920566934,-0.62822863,-0.714218157,complete,COOK,Maine Precinct 59,0,0,0,Maine,1,0,0,273,182,121,171,129,86,0.47268,29.780235179054017,54,0.50496,30.117094277032663,55,0.02056,15.680903987249847,29,0.0007,5.935668947439019,11,0.00042,5.100189656506802,9,0.00056,6.701165503883291,12,0.00012,3.3001102250788064,6,COOK:8000059,COOK:8000059,COOK:MAINE PRECINCT 59,1.0,85.72959364,1.357577329,1.357577329,1.357577329,1.357577329,6.12494239,1.357577329,1.357577329,21.729919791099384,21.205785769894778,10.756527318892042,3.982707298873149,3.790011321172961,5.79443715561316,2.6401965547862063,29.583192511976865,29.904528544775097,15.6523605126864,5.86942614180998,5.0412056696851675,6.66442084001415,3.2421184499455444,19.463644177290796,22.695136086906512,14.06051357987142,7.248163091069599,3.4917001785213153,0.003133567517294838,0.004180252542727835,1.0,0.3,0.2,1.000004326,1.237947041,1.380715266,1.190357633,1.209642367,1.319295733,379.2067201,379.2062966,1.536850311,0.61507886,0.92177145,0.004052803,0.001622015,0.002430789,1619.61,182,1.0
COOK:8000060,COOK:8000060,COOK:Maine Precinct 60,,,,,,,,,,0.787756159,0.073096083,0.018109689,0.107741261,0.012783655,0.000533572,0.4636,0.8921,0.1079,0.7433,0.0441,0.0,0.0105,0.1716,0.163670118,0.084786944,0.092464773,0.1348774,0.115652467,0.17531327,0.126448731,0.06746451,0.039321786,0.000113105,0.01897096,3.83e-05,0.003423261,2.98e-05,0.017845098,0.036834783,0.030152535,0.008960779,0.010088065,0.073652156,0.055921168,0.141673833,0.047992811,0.109384829,0.444918456,,-0.232906133,0.407894737,152.0,-0.573604061,197.0,-0.04109589,803.0,51.2,174822,363.753955,-0.937952623,0.407073408,-1.69669632,-1.130337293,-0.915352577,-0.839478207,-1.086796199,-0.47465172,-0.915352577,complete,COOK,Maine Precinct 60,0,0,0,Maine,1,0,0,497,331,221,298,224,149,0.47436,29.80507860715228,99,0.5032,30.1633409561745,100,0.02058,15.706797577207285,52,0.00078,5.914854303968083,20,0.00052,5.110373640149331,17,0.00042,6.772802244378598,22,0.00014,3.3010819266377895,11,COOK:8000060,COOK:8000060,COOK:MAINE PRECINCT 60,1.0,87.96308176,0.958734085,0.958734085,0.958734085,0.958734085,6.284513729,0.958734085,0.958734085,21.73008352604969,21.206038959923013,10.75670253173472,3.9832101743673354,3.7900375358835956,5.794327060742302,2.6398156100914685,29.583131953195004,29.904544830299002,15.65239845935065,5.8700377061786835,5.041121837202015,6.664295562280164,3.2417223223876794,19.463807912241098,22.695389276934748,14.060688792714098,7.248665966563785,3.49172639323195,0.0030234726464364063,0.003799307847990108,1.0,0.3,0.2,1.000000065,1.002963265,1.004741224,1.002370612,1.397629388,1.001181845,743.9613889,742.4403852,6.084405077,5.068523806,1.015881272,0.008178388,0.006812886,0.001365503,2579.86,331,0.998697961
COOK:8000063,COOK:8000063,COOK:Maine Precinct 63,,,,,,,,,,0.587199494,0.079691194,0.02042602,0.305512228,0.016348166,0.001020408,0.3427,0.9662,0.0338,0.8653,0.06,0.0,0.0,0.0747,0.051482364,0.041318424,0.072007812,0.208827991,0.163578851,0.118379621,0.15934413,0.106291381,0.078769425,7.93e-06,0.042091096,1.05e-07,0.146072902,9.11e-06,0.035500471,0.031028542,2.75e-05,0.044279058,0.165988159,0.031129284,0.119815972,0.086407563,0.064387068,0.150810172,0.082445082,,0.011270207,0.246753247,77.0,-0.264367816,87.0,0.370491803,305.0,50.4,75807,161.965609,0.10228113,-0.582073295,-0.611346659,0.179052888,-0.299384263,-0.228021484,-0.376049298,-0.503914752,-0.299384263,complete,COOK,Maine Precinct 63,0,0,0,Maine,1,0,0,230,153,102,130,98,65,0.15304,24.14633384089783,37,0.81172,33.75376219076674,52,0.03354,17.708628377423135,27,0.00072,7.197811619549629,11,0.00026,4.056430994160755,6,0.00058,6.583930836480047,10,0.00014,3.155291108898929,5,COOK:8000063,COOK:8000063,COOK:MAINE PRECINCT 63,1.0,77.47725059,2.831232476,2.831232476,2.831232476,2.831232476,5.535354552,2.831232476,2.831232476,18.94716856094101,25.59497441138328,13.29334168550313,5.4758920441658105,3.261091314960555,5.798980511332203,2.6463809192363588,23.938621103272514,33.51359576646615,17.649570064320404,7.146759435086695,3.9894333868460023,6.569967148119464,3.1493057667819686,16.68089294713242,27.084324728395014,16.59732794648251,8.74134783636226,2.9627801723089093,0.007676923236336819,0.010364616992880316,1.0,0.3,0.2,1.000032887,1.00095866,1.001533856,1.000766928,1.399233072,1.305601909,283.3755183,283.0634297,0.625549348,0.313003371,0.312545977,0.002207493,0.001104553,0.001102939,1154.4,153,1.0
COOK:8000069,COOK:8000069,COOK:Maine Precinct 69,,,,,,,,,,0.581217793,0.049408172,0.028582083,0.342717496,0.006500504,0.001300177,0.3045,0.8882,0.1118,0.8905,0.0394,0.0,0.0058,0.0471,0.106088793,0.098172689,0.097754262,0.096773582,0.130853063,0.1374631,0.153460352,0.091144807,0.08828935,3.44e-05,0.016468035,1.67e-05,0.024038279,0.026985954,0.080753569,0.007560043,0.01204903,2.08e-05,0.094260514,0.064374335,0.142146634,0.082375174,0.124172469,0.110676965,0.214067079,,0.1323451,0.162790698,86.0,-0.217391304,92.0,0.18079096,354.0,54.1,109497,216.3503915,0.618081271,-1.097466807,-0.446469668,-0.424445286,-0.444030217,-0.337575123,-0.465809126,-0.597832572,-0.444030217,complete,COOK,Maine Precinct 69,0,0,0,Maine,1,0,0,254,169,113,185,139,93,0.1529,24.120232770405764,41,0.81124,33.791244941965914,57,0.03406,17.66463348959618,30,0.00094,7.154153148172433,12,0.00014,4.084198058397664,7,0.00054,6.682782799170709,11,0.00018,3.183096913027249,5,COOK:8000069,COOK:8000069,COOK:MAINE PRECINCT 69,1.0,81.07347061,2.189040542,2.189040542,2.189040542,2.189040542,5.792286137,2.189040542,2.189040542,18.946754731926077,25.594334490707904,13.292898846891358,5.476128065628167,3.2610250590520966,5.80007972471673,2.64771804183247,23.93788987379992,33.5124459530374,17.648800972152465,7.146981287000228,3.98944671925873,6.571055668885181,3.15063219675927,16.680479118117486,27.08368480771964,16.596885107870737,8.741583857824617,2.962713916400451,0.008776136620865215,0.011701739588991714,1.0,0.3,0.2,1.000001229,1.000177342,1.000283748,1.000141874,1.399858126,1.009633378,401.1916324,401.184889,1.005234617,0.993346866,0.011887751,0.002505622,0.002475991,2.96e-05,2051.4,169,0.997835941
COOK:8000072,COOK:8000072,COOK:Maine Precinct 72,,,,,,,,,,0.874394889,0.062605402,0.002694988,0.049504102,0.01113711,0.000537073,0.4214,0.7927,0.2073,0.7978,0.0428,0.0037,0.0193,0.1336,0.14108376,0.093666411,0.081429807,0.110550981,0.13361249,0.140761404,0.142556263,0.084289044,0.072049842,0.02356054,0.009339575,0.010449929,0.02779338,0.044064597,0.034522634,0.022556066,0.048498419,0.010855314,0.048084695,0.07593397,0.088594999,0.06556202,0.054214274,0.08465773,0.351311858,,-0.131365954,0.482014388,139.0,-0.370786517,178.0,-0.043243243,740.0,53.0,121257,328.6861717,-0.505373768,0.862047533,-0.984852362,-1.1371687,-0.489284684,-0.441336824,-0.597987791,-0.671750657,-0.489284684,complete,COOK,Maine Precinct 72,0,0,0,Maine,1,0,0,390,260,173,122,92,61,0.4754,29.838143655989413,78,0.50226,30.134469877639237,78,0.02092,15.6599968332147,41,0.00044,5.879304206656752,15,0.00052,5.0812585424069505,13,0.00036,6.734562893311565,18,0.0001,3.3430921553727275,9,COOK:8000072,COOK:8000072,COOK:MAINE PRECINCT 72,1.0,82.02169032,2.019713013,2.019713013,2.019713013,2.019713013,5.860031602,2.019713013,2.019713013,21.730731289859413,21.20704062350783,10.757395704073781,3.9826998238196945,3.7901412458172423,5.792529708453484,2.637687622246587,29.584459028225098,29.90645518007649,15.653680339171995,5.869453407533365,5.04107132231643,6.662518634509185,3.239614759060637,19.46445567605082,22.696390940519564,14.06138196505316,7.248155616016144,3.4918301031655967,0.0012261203576192888,0.0016713200031086319,1.0,0.3,0.2,1.000000528,1.091173721,1.145877954,1.072938977,1.327061023,1.023798585,546.4966147,546.0135022,2.306571773,1.374585929,0.931985843,0.004220652,0.002515269,0.001705383,1855.67,260,1.0
COOK:8000074,COOK:8000074,COOK:Maine Precinct 74,,,,,,,,,,0.670487707,0.081796785,0.012022931,0.23567056,0.016359177,1.56e-06,0.4105,0.6107,0.3893,0.7744,0.0321,0.0,0.0,0.1887,0.126609989,0.101881585,0.111977243,0.088131638,0.19833388,0.114691695,0.10874223,0.094885143,0.054746596,0.034123609,0.015950179,0.029567782,0.02052171,0.031963443,0.025072925,0.006832516,0.052351127,0.020493311,0.022794586,0.147881075,0.127520903,0.070610694,0.066147844,0.084331738,0.243836558,,-0.098678985,0.366336634,101.0,-0.19047619,84.0,0.170603675,381.0,48.0,93124,178.6079468,-0.366121585,0.151974236,-0.352003672,-0.456854251,-0.254339527,-0.255751318,-0.273589998,-0.393523561,-0.254339527,complete,COOK,Maine Precinct 74,0,0,0,Maine,1,0,0,264,176,117,148,111,74,0.15306,24.071275236748857,42,0.81156,33.77362666371996,59,0.03352,17.755382590133518,31,0.00076,7.170746646161438,13,0.00016,4.018626319672988,7,0.0008,6.627387001464776,12,0.00014,3.1355262976335343,6,COOK:8000074,COOK:8000074,COOK:MAINE PRECINCT 74,1.0,76.16077892,3.066320287,3.066320287,3.066320287,3.066320287,5.441299362,3.066320287,3.066320287,18.947945400088358,25.596175669424362,13.294172981418019,5.475816541210246,3.2612156904431235,5.797117299621865,2.6439621686537453,23.93981820652821,33.51546615332401,17.650839124033673,7.146742013638303,3.9893771274867493,6.568113483046014,3.1468965628362433,16.681669786279766,27.085525986436096,16.598159242397397,8.741272333406696,2.962904547791478,0.005813711526000166,0.007945866410266811,1.0,0.3,0.2,1.000008879,1.000152728,1.000244365,1.000122182,1.399877818,1.068821418,268.8280277,268.694546,1.03034974,0.763969084,0.266380656,0.003832747,0.002841851,0.000990896,1306.91,176,1.0
COOK:8000075,COOK:8000075,COOK:Maine Precinct 75,,,,,,,,,,0.74577465,0.052997965,0.005688893,0.184219648,0.003801352,0.002827853,0.2929,0.9996,0.0004,0.9453,0.006,0.0,0.0,0.0487,0.088575397,0.123136865,0.067607574,0.135035154,0.096495252,0.227669134,0.05671094,0.125093582,0.0796761,3.85e-05,0.0244545,1.42e-05,2.03e-06,0.000134683,6.08e-06,8.1e-06,0.124711778,0.03179764,0.261805768,0.046526469,0.061755388,0.171752058,0.093081208,0.095762046,0.088149572,,-0.104847854,0.218390805,87.0,-0.621052632,95.0,0.2,350.0,53.3,79251,189.6037772,-0.392402042,-0.756172566,-1.863230131,-0.363335275,-0.990867813,-0.843785004,-1.194756838,-0.863069571,-0.990867813,complete,COOK,Maine Precinct 75,0,0,0,Maine,1,0,0,227,151,101,146,110,73,0.47314,29.78849175112658,45,0.50516,30.11080121089623,45,0.02,15.680464591256904,24,0.00066,5.998262966235628,9,0.00054,5.062795433176069,8,0.00032,6.759084887822403,10,0.00018,3.2650010756358934,5,COOK:8000075,COOK:8000075,COOK:MAINE PRECINCT 75,1.0,88.60922661,0.843349318,0.843349318,0.843349318,0.843349318,6.330677484,0.843349318,0.843349318,21.729232867601105,21.204723552087213,10.755792241752944,3.982142292538435,3.789901341594977,5.79574054586845,2.642178426476924,29.58247848480759,29.903319558123734,15.651501958302017,5.86871654008672,5.041383658043534,6.665738190081398,3.24411428144822,19.462957253792514,22.694073869098947,14.059778502732323,7.247598084734885,3.4915901989433316,0.0044369577725852285,0.006162124233445365,1.0,0.3,0.2,1.00001185,1.029852505,1.047764009,1.023882004,1.376117996,1.334692772,257.0253261,257.0253261,1.041227644,0.416460602,0.624767042,0.00405107,0.00162031,0.002430761,1019.55,151,1.0
COOK:8000076,COOK:8000076,COOK:Maine Precinct 76,,,,,,,,,,0.622363287,0.067430807,0.015674499,0.289841953,0.009417659,0.001563767,0.371,0.5307,0.4693,0.7258,0.0727,0.0,0.0133,0.1871,0.075977023,0.148741917,0.070334917,0.110902642,0.118177222,0.190811135,0.186599582,0.039470946,0.058984616,0.006671436,0.069161568,0.003367631,0.003347613,0.003376937,0.065908095,0.003311047,0.010013185,0.003344171,0.026404892,0.046458576,0.313032958,0.026525989,0.174632203,0.181254325,0.063189373,,-0.027736002,0.132075472,53.0,-0.084745763,59.0,0.272727273,242.0,53.5,95656,116.1991801,-0.063892116,-1.286008346,0.019086344,-0.131966897,-0.357397408,-0.365695254,-0.280441088,-0.389488566,-0.357397408,complete,COOK,Maine Precinct 76,0,0,0,Maine,1,0,0,162,108,72,102,77,51,0.15156,24.105819244179038,26,0.81252,33.74797816138583,36,0.03402,17.690279746595213,19,0.0009,7.226593906166054,8,0.00028,4.0643744640670745,4,0.00056,6.654291130445336,7,0.00016,3.14266924288539,3,COOK:8000076,COOK:8000076,COOK:MAINE PRECINCT 76,1.0,79.02986602,2.553975495,2.553975495,2.553975495,2.553975495,5.646281009,2.553975495,2.553975495,18.947342859227668,25.595243935929137,13.29352820217671,5.475722592541734,3.2611192209094093,5.798479383239308,2.645800346849599,23.938962543934895,33.51413494447798,17.649927284767642,7.146589947196754,3.9894337177572385,6.5694725291950204,3.1487317035636604,16.68106724541908,27.08459425294087,16.597514463156088,8.741178384738184,2.9628080782577637,0.007175795143443164,0.009784044606120727,1.0,0.3,0.2,1.000015382,1.000281702,1.000450723,1.000225361,1.399774639,1.121828187,180.8658479,180.6664174,0.997599844,0.59873879,0.398861054,0.005515689,0.003310403,0.002205287,699.99,108,1.0
COOK:8000008,COOK:8000008,COOK:Maine Precinct 8,,,,,,,,,,0.815976849,0.075938075,0.015193113,0.088793516,0.0099313,1.87e-06,0.3389,0.6919,0.3081,0.6823,0.1152,0.0,0.008,0.1944,0.144013392,0.114983115,0.078783836,0.113122916,0.143031621,0.168685711,0.106371107,0.063335059,0.06767324,0.044019848,0.033315065,0.032118716,0.045205344,0.007134804,0.021418653,0.015503394,0.032131498,0.013094952,0.022613715,0.104693523,0.12020317,0.133297189,0.067864876,0.089302559,0.218082692,,-0.071589327,,,-0.514563107,206.0,,,51.3,101603,318.2847106,-0.250714922,,-1.489475852,,,,,-0.568634284,-0.568634284,demographic_only,COOK,Maine Precinct 8,0,0,0,Maine,1,0,0,459,306,204,245,184,123,0.4778,29.809227883298817,91,0.50164,30.114470139715078,92,0.01902,15.636945735528961,48,0.0007,5.942234519514941,18,0.00042,5.135966929240319,16,0.00022,6.709598406865028,21,0.0002,3.2611376907377307,10,COOK:8000008,COOK:8000008,COOK:MAINE PRECINCT 8,1.0,83.50750924,1.754384162,1.754384162,1.754384162,1.754384162,5.966185788,1.754384162,1.754384162,21.73029427917875,21.20636485607775,10.75692805875127,3.983155802793439,3.79007127841861,5.793803118601923,2.639150996328557,29.583493735642087,29.90508390694901,15.652764964565218,5.869981789913794,5.0410928458437745,6.663774669747168,3.24106075823215,19.46401866537016,22.695715173089486,14.06091431973065,7.248611594989889,3.4917601357669645,0.002499530506057995,0.003134694085078431,1.0,0.3,0.2,1.000000032,1.00643678,1.010298848,1.005149424,1.394850576,1.001153122,330.9338636,330.3002363,2.484440578,1.447780888,1.03665969,0.007507363,0.004374835,0.003132528,1885.86,306,0.999541192
COOK:8000083,COOK:8000083,COOK:Maine Precinct 83,,,,,,,,,,0.85470422,0.040157223,0.01296416,0.082743974,0.004730736,5.68e-07,0.4621,0.8179,0.1821,0.767,0.0655,0.0,0.0001,0.1436,0.110784699,0.044807032,0.052596204,0.158360299,0.079773777,0.247505814,0.158405766,0.089385302,0.058381106,2.64e-05,0.07182338,2.21e-05,0.021316826,2.61e-06,0.034577914,0.016039924,0.010802799,0.024024102,0.026669265,0.02674978,0.104022614,0.111888444,0.053442178,0.077452669,0.421138951,,-0.313653305,0.44,75.0,-0.586206897,87.0,0.023809524,336.0,54.6,149341,160.1825014,-1.281949646,0.604147513,-1.740929439,-0.923852714,-0.881544051,-0.835646071,-1.062600724,-0.630308431,-0.881544051,complete,COOK,Maine Precinct 83,0,0,0,Maine,1,0,0,210,140,93,121,91,61,0.47384,29.819384306158227,42,0.5036,30.182819257392822,42,0.02096,15.728807489007469,22,0.00044,5.885466011747869,8,0.0004,5.093394478153789,7,0.0005,6.711466709035653,9,0.00026,3.273342784990893,5,COOK:8000083,COOK:8000083,COOK:MAINE PRECINCT 83,1.0,87.64332445,1.015834475,1.015834475,1.015834475,1.015834475,6.2616687,1.015834475,1.015834475,21.73036156739198,21.206468906584856,10.757000063897989,3.983069387407709,3.79008205156775,5.793598218070251,2.6389216496092556,29.583652521751716,29.905307013528613,15.652913244946962,5.86988096046845,5.041091355209955,6.663572966345066,3.2408346086424196,19.464085953583393,22.69581922359659,14.060986324877367,7.248525179604159,3.4917709089161044,0.002294629974385774,0.002905347365777093,1.0,0.3,0.2,1.000000124,1.016458962,1.02633434,1.01316717,1.38683283,1.003910822,193.7226896,193.3265287,1.584643677,1.320536398,0.26410728,0.008179959,0.006816633,0.001363327,1102.09,140,1.0
COOK:8100013,COOK:8100013,COOK:New Trier Precinct 13,,,,,,,,,,0.740487699,0.039346309,0.030336363,0.173279786,0.010345591,0.004825952,0.5721,0.9607,0.0393,0.7278,0.0748,0.0,0.0038,0.193,0.103290438,0.170400882,0.018476358,0.08827853,0.136628293,0.169932185,0.138051338,0.132555259,0.042386717,0.050733082,0.03511721,0.001312786,0.01174364,0.011724596,1.22e-05,0.006530238,0.020836429,3.75e-06,0.075443245,0.032547936,0.054684502,0.075556554,0.037807476,0.191412481,0.394533871,,-0.212569888,0.233009709,206.0,-0.13,200.0,0.181058496,718.0,55.4,172451,322.1481104,-0.851316676,-0.666436269,-0.139745849,-0.42359417,-0.449116158,-0.520273241,-0.37301068,-0.406693015,-0.449116158,complete,COOK,New Trier Precinct 13,0,0,0,New Trier,1,0,0,566,377,251,272,204,136,0.15428,24.1169910788206,91,0.81044,33.76369215986396,127,0.0334,17.637052938656733,66,0.00082,7.189681965990566,27,0.00026,4.037046796790482,15,0.0006,6.665155350900057,25,0.0002,3.1725062191574507,12,COOK:8100013,COOK:8100013,COOK:NEW TRIER PRECINCT 13,1.0,81.18392964,2.169315414,2.169315414,2.169315414,2.169315414,5.800177872,2.169315414,2.169315414,18.994631336491736,25.62673403063011,13.250821072373856,5.425608158690185,3.2495623199371755,5.796201318730057,2.6421427125299535,24.01124234305245,33.571226143917116,17.601878823360856,7.084366381814158,3.9751821664603018,6.567738603865038,3.145618208423283,16.728355722683144,27.116084347641845,16.554807333353235,8.691063950886635,2.95125117728553,0.004897730634192176,0.0061264102864752095,1.0,0.3,0.2,1.021766164,1.000009244,1.00001479,1.000007395,1.399992605,1.302035453,466.860668,466.250252,3.584820861,1.788847236,1.795973624,0.007678567,0.003831651,0.003846916,1845.95,377,1.0
COOK:8100017,COOK:8100017,COOK:New Trier Precinct 17,,,,,,,,,,0.724235422,0.031493356,0.006527236,0.221455611,0.007601912,0.003252886,0.5118,0.7231,0.2769,0.5747,0.0869,0.0,0.0641,0.1969,0.156957511,0.133831562,0.030931547,0.061874932,0.139221391,0.160121111,0.111366623,0.13452806,0.071167264,0.026061934,0.0,8.83e-06,0.014889042,0.027922731,0.063268428,0.024190577,0.003737741,0.001869818,0.057721321,0.083743863,0.080193393,0.102399091,0.081965968,0.14145555,0.290571719,,-0.387113645,0.524324324,185.0,-0.119170984,193.0,0.2141527,537.0,56.1,129268,218.1334991,-1.594903494,1.121761736,-0.101738439,-0.318311076,-0.073981313,-0.223297818,-0.049669437,-0.030373103,-0.073981313,complete,COOK,New Trier Precinct 17,0,0,0,New Trier,1,0,0,450,300,200,177,133,89,0.15196,24.227549723958663,73,0.81494,33.85248246182913,102,0.03154,17.56036775254173,53,0.00058,7.068504684013334,21,0.00018,4.011462047702281,12,0.00074,6.640707836752085,20,6e-05,3.1842088341862778,10,COOK:8100017,COOK:8100017,COOK:NEW TRIER PRECINCT 17,1.0,69.80910063,4.20056584,4.20056584,4.20056584,4.20056584,4.987504332,4.20056584,4.20056584,19.07458143539573,25.677504618269587,13.173082245655998,5.333933887547671,3.2288886921896225,5.796628348787813,2.643419847237292,24.135590509789957,33.66782987899988,17.51512461228993,6.970788957061433,3.950776431162909,6.569206286190619,3.1479359953984476,16.808305821587137,27.16685493528132,16.477068506635376,8.599389679744121,2.930577549537977,0.005324760691947547,0.007403544993813903,1.0,0.3,0.2,2.030371866,1.000016796,1.000026874,1.000013437,1.399986563,1.210994055,523.8409198,523.0112903,3.318070015,2.48835086,0.829719155,0.006334118,0.004750203,0.001583914,1859.76,300,1.0
COOK:8100018,COOK:8100018,COOK:New Trier Precinct 18,,,,,,,,,,0.889706329,0.04113892,0.004429163,0.047079166,0.008817986,0.00293409,0.6505,0.9806,0.0194,0.4188,0.1524,0.0001,0.0127,0.3912,0.099205909,0.131840361,0.024793026,0.075410191,0.065513059,0.188023886,0.125028142,0.138316702,0.151868724,2.86e-05,7.69e-05,0.000196955,0.013338347,0.02930572,0.010674607,0.008003381,0.029275525,0.015988956,0.0372755,0.018650718,0.085265403,0.050641957,0.010809907,0.151883223,0.538584273,,-0.370446923,0.378151261,119.0,-0.179487179,117.0,-0.167037862,449.0,61.3,207164,168.5036703,-1.523900354,0.224496833,-0.313434716,-1.530998402,-0.664912596,-0.78595916,-0.570407707,-0.226539772,-0.664912596,complete,COOK,New Trier Precinct 18,0,0,0,New Trier,1,0,0,330,220,147,139,105,70,0.49442,31.04838810111125,68,0.49378,30.991704703252477,68,0.01118,14.779629152937284,33,0.00012,4.758278960488756,10,0.00014,4.831769489732685,11,0.0002,6.692728694786414,15,0.00016,3.367932482688983,7,COOK:8100018,COOK:8100018,COOK:NEW TRIER PRECINCT 18,1.0,85.04286637,1.480209068,1.480209068,1.480209068,1.480209068,6.075879227,1.480209068,1.480209068,22.45513182915544,21.671475122453398,10.062935875322578,3.171445992188379,3.6048550469885763,5.792523743589021,2.6376304182226997,30.835120767796273,30.819808657929876,14.796938573889205,4.772633004617081,4.8097637163468026,6.6729715324609735,3.2500164178530015,20.188856215346853,23.160825439465132,13.366922136301957,6.436901784384829,3.3065439043369307,0.0012201554931548406,0.0016141159792212657,1.0,0.3,0.2,1.254226581,1.000008419,1.000013471,1.000006736,1.399993264,1.003335743,86.86817729,86.68248741,0.836865155,0.372220225,0.46464493,0.009633737,0.004284886,0.005348851,406.34,0,0.298714524
COOK:8100021,COOK:8100021,COOK:New Trier Precinct 21,,,,,,,,,,0.698037563,0.040442623,0.018152551,0.221938771,0.006608203,1.13e-06,0.5638,0.8561,0.1439,0.5338,0.2345,0.009,0.0348,0.1544,0.123685278,0.150426889,0.032315821,0.062801189,0.141080367,0.178988885,0.112494736,0.11059325,0.087613584,0.025953585,1.31e-06,0.004348193,0.012971061,0.020206676,0.046136065,0.020185234,0.008671533,0.005777398,0.056294616,0.059102332,0.148635564,0.080855776,0.09236073,0.102432802,0.316067124,,-0.292833884,0.432692308,208.0,0.034782609,230.0,0.392265193,543.0,55.6,127940,244.5829289,-1.193255284,0.559290168,0.438604043,0.248320905,0.176425891,0.013239958,0.261498708,-0.018313586,0.176425891,complete,COOK,New Trier Precinct 21,0,0,0,New Trier,1,0,0,482,321,214,201,151,101,0.15088,24.112121947178842,77,0.81552,33.85213904762423,109,0.03184,17.670065606962677,57,0.00076,7.0659147727858,23,0.00024,4.035350263543089,13,0.00064,6.582641279658866,21,0.00012,3.1917143080527546,10,COOK:8100021,COOK:8100021,COOK:NEW TRIER PRECINCT 21,1.0,59.62057049,6.372051583,6.372051583,6.372051583,6.372051583,4.259585797,6.372051583,4.259585797,19.017086095633807,25.640639737356604,13.22819464494454,5.39894348930993,3.243593428371879,5.796976541878786,2.643589459887783,24.04639676106213,33.5982773351605,17.576713276319026,7.051388048229077,3.968284441231786,6.56882084006167,3.147371968829015,16.750810481825216,27.12999005436834,16.53218090592392,8.66439928150638,2.9452822857202334,0.005672953782920394,0.007573157644304747,1.0,0.3,0.2,1.294180298,1.000008395,1.000013431,1.000006716,1.399993284,1.179238932,337.5885765,336.8667782,2.13174879,1.258861533,0.872887258,0.006314635,0.003728981,0.002585654,1261.19,321,1.0
COOK:8100024,COOK:8100024,COOK:New Trier Precinct 24,,,,,,,,,,0.54472038,0.102775234,0.016027099,0.334459269,0.007343196,0.002669347,0.4911,0.9092,0.0908,0.6753,0.1271,0.0,0.0135,0.154,0.135993106,0.117230382,0.069110306,0.116508031,0.142288999,0.114861559,0.125711416,0.134816946,0.043479255,0.027859913,1.41e-05,0.041735603,7.96e-06,0.024751311,0.040188165,0.05410412,0.010895892,0.012370806,0.088136121,0.044842649,0.058910379,0.100565631,0.102077242,0.125348876,0.268191193,,-0.128706306,0.295918367,196.0,-0.254125413,303.0,0.478411054,579.0,52.6,123910,274.5985738,-0.494043205,-0.28027941,-0.575398128,0.522378041,-0.214971168,-0.206835675,-0.288683658,-0.084290867,-0.214971168,complete,COOK,New Trier Precinct 24,0,0,0,New Trier,1,0,0,516,344,229,238,179,119,0.15114,24.076824940155106,83,0.81224,33.73296585921414,116,0.03494,17.742454003461628,61,0.00074,7.20439033885368,25,0.00038,4.039858428812625,14,0.0004,6.635375513822966,23,0.00016,3.1531768104716735,11,COOK:8100024,COOK:8100024,COOK:NEW TRIER PRECINCT 24,1.0,74.92605853,3.286809431,3.286809431,3.286809431,3.286809431,5.353084886,3.286809431,3.286809431,18.946846587034997,25.594476530007267,13.292997141084005,5.475503939552439,3.2610397654730297,5.7995242791656905,2.6472792403678587,23.93832527408336,33.51314923439829,17.64924340803785,7.1463113200825195,3.9894923248894525,6.570518968720602,3.15021214068112,16.680570973226406,27.083826847019,16.596983402063383,8.74095973174889,2.962728622821384,0.00822069106982505,0.011262938124380334,1.0,0.3,0.2,1.04750709,1.000001718,1.000002749,1.000001374,1.399998626,1.077591951,405.5536201,404.4602615,2.552132726,1.093672537,1.458460188,0.00629296,0.00269674,0.00359622,1539.22,344,0.998810525
COOK:8100026,COOK:8100026,COOK:New Trier Precinct 26,,,,,,,,,,0.797672526,0.029572061,0.012105623,0.149335397,0.009109713,0.000467343,0.5617,0.9027,0.0973,0.4681,0.2852,0.0047,0.0073,0.2262,0.133341378,0.175297624,0.024892469,0.063867548,0.159433245,0.193370808,0.102127743,0.095003406,0.052665779,0.006979044,2.34e-05,0.005581618,0.002797629,0.013942209,0.008342699,0.013737886,0.011910913,0.016123793,0.033385939,0.031293494,0.130249636,0.09225799,0.088619189,0.107524818,0.437229718,,-0.325230235,0.588235294,306.0,-0.149295775,355.0,0.138702461,894.0,53.7,170811,367.6173548,-1.331269384,1.514071161,-0.207469679,-0.558342067,-0.033372522,-0.145752493,-0.045715959,-0.220019958,-0.033372522,complete,COOK,New Trier Precinct 26,0,0,0,New Trier,1,0,0,698,465,310,147,111,74,0.15102,24.101454551953033,112,0.8134,33.761677499116075,157,0.03376,17.7829121459994,83,0.00088,7.184481865881004,33,0.00016,3.9945846598070807,19,0.00062,6.599142603261365,31,0.00016,3.167897977593005,15,COOK:8100026,COOK:8100026,COOK:NEW TRIER PRECINCT 26,1.0,68.12199403,4.501839467,4.501839467,4.501839467,4.501839467,4.866969167,4.501839467,4.501839467,18.948905694083777,25.597660611175492,13.295200592446921,5.4762803435864225,3.2613694378816978,5.795117585420755,2.6411105984152523,23.941031887993333,33.51734161378603,17.65214308751163,7.147325355301158,3.9892602694212673,6.566109616563468,3.144040840316314,16.68263008027519,27.087010928187226,16.5991868534263,8.741736135782872,2.963058295230052,0.0038139973248894096,0.005094296171774103,1.0,0.3,0.2,1.358908584,1.000004806,1.000007689,1.000003845,1.399996155,1.056458916,498.12109,497.1427962,3.146219348,2.013480041,1.132739307,0.006316174,0.00404215,0.002274024,2250.63,457,0.997867485
COOK:8100027,COOK:8100027,COOK:New Trier Precinct 27,,,,,,,,,,0.819835261,0.029726055,0.02768026,0.113830959,1.28e-05,0.003951155,0.53,0.9571,0.0429,0.3461,0.164,0.0,0.0185,0.4662,0.141338463,0.226664937,0.024472687,0.072680541,0.12441331,0.202998505,0.098605048,0.062615834,0.046210675,0.016681531,2.83e-05,2.61e-05,0.006250345,0.006257515,0.024988981,0.024972012,0.002115783,0.002114633,0.02911188,0.056280875,0.106146649,0.012679744,0.0583473,0.116594267,0.537404109,,-0.309030085,0.46,200.0,-0.106976744,215.0,0.16838488,582.0,53.2,206960,240.1251598,-1.262253923,0.72691499,-0.058939399,-0.463912937,-0.144216365,-0.264547817,-0.103094681,-0.148214717,-0.144216365,complete,COOK,New Trier Precinct 27,0,0,0,New Trier,1,0,0,507,338,225,187,141,94,0.15254,24.064861638837733,81,0.8112,33.71226701584883,114,0.03418,17.714852808846775,60,0.00094,7.230247869872637,24,0.0004,4.012375695822133,14,0.0005,6.614646867838775,22,0.00024,3.2106773882501503,11,COOK:8100027,COOK:8100027,COOK:NEW TRIER PRECINCT 27,1.0,72.49840185,3.72032616,3.72032616,3.72032616,3.72032616,5.179641193,3.72032616,3.72032616,18.949300605003472,25.598271278029006,13.295623186796615,5.477298017512322,3.2614326649170193,5.79474570751571,2.6401433155386376,23.941135994392642,33.51746479430784,17.65228629632341,7.148463031305569,3.9891420277728518,6.565712354004799,3.1430481727860755,16.683024991194884,27.08762159504074,16.599609447775993,8.742753809708772,2.9631215222653737,0.0034421194198444504,0.0041270132951592535,1.0,0.3,0.2,1.605881421,1.00001191,1.000019056,1.000009528,1.399990472,1.045043587,328.8786929,328.8525448,1.393514552,0.07710291,1.316411641,0.004237169,0.000234442,0.004002727,1432.42,34,0.750368563
COOK:8100003,COOK:8100003,COOK:New Trier Precinct 3,,,,,,,,,,0.752226613,0.040588805,0.012494634,0.170771931,0.007288609,0.001044279,0.6095,0.8552,0.1448,0.521,0.1426,0.0,0.0502,0.2426,0.107549011,0.121078358,0.037531876,0.065341943,0.133069448,0.164592089,0.125444488,0.166625736,0.078767052,0.028558063,2.06e-05,1.49e-05,0.010086864,0.010104136,0.038685993,0.025252736,0.015113751,0.003405702,0.023566448,0.122701627,0.084095814,0.057376995,0.100892158,0.06086531,0.419258887,,-0.289218623,0.47027027,185.0,-0.135135135,185.0,0.234782609,575.0,57.5,145075,233.2899139,-1.177853643,0.789957746,-0.157769018,-0.252680833,-0.097577974,-0.199586437,-0.08921449,-0.010739525,-0.097577974,complete,COOK,New Trier Precinct 3,0,0,0,New Trier,1,0,0,468,312,208,178,134,89,0.15612,24.4958941914557,76,0.81384,34.056845467215055,106,0.02874,17.36242305320316,54,0.0006,6.778891528071365,21,0.00016,3.9784771305813815,12,0.00044,6.634382832477758,21,0.0001,3.2098633075916623,10,COOK:8100003,COOK:8100003,COOK:NEW TRIER PRECINCT 3,1.0,70.74457186,4.03351486,4.03351486,4.03351486,4.03351486,5.054338982,4.03351486,4.03351486,19.236117086703864,25.781574761964432,13.019354691733579,5.154219114119478,3.1878032802421736,5.795625974796896,2.6418240400243485,24.385547536342784,33.86243338434752,17.34210033253431,6.747220489722963,3.901412689655821,6.570200981152007,3.1483372571378077,16.969841472895272,27.270925078976166,16.323340952712957,8.419674906315928,2.889492137590528,0.0043223867010306095,0.005807737780869939,1.0,0.3,0.2,2.119632028,1.000017698,1.000028317,1.000014158,1.399985842,1.120367434,224.2042852,223.8486737,1.42151561,1.066169945,0.355345665,0.00634027,0.00475535,0.001584919,1156.23,312,1.0
COOK:8100031,COOK:8100031,COOK:New Trier Precinct 31,,,,,,,,,,0.84985443,0.038039506,0.019487936,0.077007244,0.004879916,1.79e-07,0.5646,0.8036,0.1964,0.392,0.2429,0.0522,0.0243,0.287,0.13045769,0.191111246,0.041965917,0.107062567,0.097894581,0.188219821,0.13031771,0.070170806,0.042799661,0.015751418,0.111956621,0.035488974,0.027516186,0.033417137,0.011814372,0.027504686,0.01573187,3.28e-05,0.00199442,0.023601337,0.019791714,0.094351081,0.129744352,0.108244513,0.343058543,,-0.287456011,0.549450549,182.0,-0.164319249,213.0,0.196666667,600.0,53.5,140617,234.1814677,-1.170344608,1.275995897,-0.260198693,-0.373939658,-0.041107174,-0.132121766,-0.06672256,0.016329451,-0.041107174,complete,COOK,New Trier Precinct 31,0,0,0,New Trier,1,0,0,479,319,213,187,141,94,0.15218,24.054346517974384,77,0.81378,33.8008551592865,108,0.03256,17.711933789308443,57,0.0008,7.1977044472564335,23,0.00012,4.04703047207661,13,0.00046,6.598513901444811,21,0.0001,3.1636303122343374,10,COOK:8100031,COOK:8100031,COOK:NEW TRIER PRECINCT 31,1.0,68.45091907,4.443101957,4.443101957,4.443101957,4.443101957,4.890469184,4.443101957,4.443101957,18.949710190057523,25.598904636094655,13.296061483943966,5.477058036248227,3.261498241348028,5.793654291224857,2.638818320863298,23.941862777707254,33.51860782296608,17.653050540513505,7.148236532872156,3.989129351878539,6.5646317022794465,3.141733942676236,16.68343457624893,27.08825495310639,16.600047744923344,8.742513828444677,2.963187098696382,0.002350703128991037,0.002802018619819257,1.0,0.3,0.2,1.27781244,1.000006446,1.000010313,1.000005156,1.399994844,1.010051035,339.5868789,339.5863884,2.419072097,1.341731707,1.07734039,0.007123574,0.003951071,0.003172503,1508.31,0,0.359001528
COOK:8100032,COOK:8100032,COOK:New Trier Precinct 32,,,,,,,,,,0.85811496,0.057162466,0.010754411,0.060859579,0.004763224,4.9e-06,0.5284,0.9847,0.0153,0.3223,0.1685,0.0,0.0202,0.489,0.147267957,0.283159528,0.01623737,0.060656261,0.114876545,0.223338879,0.090945522,0.032483831,0.031034107,3.24e-05,8.15e-05,2.58e-05,2.76e-05,0.007263922,3.85e-05,0.012104397,1.59e-05,2.48e-06,0.012091802,0.041065912,0.144789048,0.009730085,0.062844998,0.118347886,0.59153776,,-0.3722282,0.576086957,184.0,-0.314917127,181.0,0.074523397,577.0,52.6,215475,219.9166068,-1.531488904,1.439500127,-0.78876337,-0.762515899,-0.336544458,-0.410817012,-0.41213373,-0.1854905,-0.336544458,complete,COOK,New Trier Precinct 32,0,0,0,New Trier,1,0,0,461,307,205,172,129,86,0.15308,24.107539815464946,74,0.8107,33.807274761257176,104,0.03436,17.709342834259193,54,0.00116,7.191773182383598,22,0.00012,4.095146782074842,13,0.00046,6.546706780682676,20,0.00012,3.1301728260277355,10,COOK:8100032,COOK:8100032,COOK:NEW TRIER PRECINCT 32,1.0,78.48964057,2.650445797,2.650445797,2.650445797,2.650445797,5.607684654,2.650445797,2.650445797,18.94988979828667,25.599182371621048,13.296253682789352,5.476679236546097,3.2615269974428385,5.7930266641924755,2.638169345764455,23.94231215958134,33.51932345681033,17.653515696616733,7.147840203371549,3.9891470057719935,6.5640166282054615,3.14109752053579,16.68361418447808,27.08853268863278,16.60023994376873,8.742135028742547,2.963215854791193,0.0017230760966102567,0.0021530435209762442,1.0,0.3,0.2,1.465692645,1.000010095,1.000016152,1.000008076,1.399991924,1.026692471,279.8760213,279.8760213,1.154604048,0.0,1.154604048,0.004125413,0.0,0.004125413,1280.16,22,0.720951903
COOK:8100033,COOK:8100033,COOK:New Trier Precinct 33,,,,,,,,,,0.826243578,0.061635368,0.019628016,0.076606585,0.004681744,0.002799652,0.5549,0.886,0.114,0.395,0.1901,0.0043,0.0,0.4033,0.152870984,0.186057133,0.026167564,0.118352566,0.184473869,0.151598369,0.067576473,0.083957318,0.028945725,0.022327192,3.19e-05,2.6e-05,1.53e-05,0.002049191,0.018268954,0.006126621,0.018270008,1.51e-05,0.026409925,0.018375531,0.097593091,0.022388141,0.073154118,0.099646177,0.595302743,,-0.336683899,0.404444444,225.0,-0.266129032,248.0,0.225710015,669.0,48.2,216009,281.1366351,-1.380063989,0.385894219,-0.617528131,-0.281543614,-0.397056793,-0.473310378,-0.425900343,-0.153442768,-0.397056793,complete,COOK,New Trier Precinct 33,0,0,0,New Trier,1,0,0,624,416,277,210,158,105,0.15164,24.092181689726267,100,0.81232,33.821332882530605,141,0.03408,17.66409603802339,73,0.00084,7.214330524541028,30,0.00026,4.061026085027443,17,0.00072,6.672935852640344,28,0.00014,3.1508302457421964,13,COOK:8100033,COOK:8100033,COOK:NEW TRIER PRECINCT 33,1.0,80.00439626,2.379949586,2.379949586,2.379949586,2.379949586,5.715906226,2.379949586,2.379949586,18.94971464653179,25.59891152732248,13.296066252819042,5.477067622078854,3.261498954849837,5.793649060514771,2.6388069337909816,23.94186485928593,33.518610700754714,17.653053058807497,7.148247310240084,3.989128178826853,6.564626239471787,3.1417223235063467,16.683439032723197,27.088261844334212,16.60005251379842,8.742523414275304,2.9631878121981914,0.0023454724189055495,0.0027906315475032576,1.0,0.3,0.2,2.414373511,1.000032343,1.000051748,1.000025874,1.399974126,1.039017088,342.1100245,342.1092067,1.412865391,0.000849275,1.412016117,0.004129857,2.48e-06,0.004127374,1347.97,416,1.0
COOK:8100034,COOK:8100034,COOK:New Trier Precinct 34,,,,,,,,,,0.6432251,0.058959204,0.037206354,0.264724838,0.015501677,0.001036839,0.4974,0.8913,0.1087,0.6088,0.0984,0.0,0.0491,0.2348,0.089838387,0.174934506,0.026119458,0.095933513,0.0921629,0.205595142,0.13812801,0.071456071,0.105832014,0.006164212,0.004093558,0.012256625,0.002047173,0.018368648,0.030607131,0.002081744,0.022437043,0.004085429,0.077551489,0.036743683,0.089773199,0.146855604,0.044943933,0.063380391,0.438610139,,-0.208338808,0.472972973,148.0,-0.182481752,137.0,0.213953488,430.0,55.9,151570,176.8248392,-0.833291538,0.806547947,-0.323944993,-0.318944832,-0.116473699,-0.167408354,-0.147781027,-0.125822025,-0.116473699,complete,COOK,New Trier Precinct 34,0,0,0,New Trier,1,0,0,321,214,143,163,123,82,0.1572,24.249375257847117,52,0.80994,33.88194622511394,73,0.03126,17.5371008444261,38,0.00088,7.024367254855989,15,0.00024,4.0340620925765185,9,0.0004,6.645179193942696,14,8e-05,3.181358405545087,7,COOK:8100034,COOK:8100034,COOK:NEW TRIER PRECINCT 34,1.0,71.47022907,3.90393124,3.90393124,3.90393124,3.90393124,5.10618349,3.90393124,3.90393124,19.051104171553064,25.66201777084256,13.194614490353324,5.361093555946544,3.2346938760993518,5.798521071964369,2.6452550138116155,24.098628052940658,33.63797240688856,17.53846084536882,7.004259818243982,3.957723844045761,6.5707677753999105,3.1494399280055063,16.784828557744476,27.151368087854294,16.498600751332702,8.626549348142994,2.936382733447706,0.007217483868503322,0.009238711568136966,1.0,0.3,0.2,1.116169888,1.000008,1.000012801,1.0000064,1.3999936,1.311396217,398.645392,397.6245205,2.563801653,1.120017782,1.443783872,0.006431284,0.002809559,0.003621725,1606.74,214,1.0
COOK:8100036,COOK:8100036,COOK:New Trier Precinct 36,,,,,,,,,,0.839349534,0.040952462,0.01930161,0.086475123,0.008506283,0.000776289,0.5785,0.6883,0.3117,0.5465,0.1883,0.058,0.0315,0.1743,0.142211407,0.204742073,0.036579277,0.094429192,0.17105726,0.152926719,0.090369973,0.085072213,0.022611887,0.059954486,0.016237143,1.19e-05,2.75e-05,0.017871228,0.00163889,0.032428601,0.050278452,0.001641214,0.055146531,0.019474949,0.120051852,0.030902922,0.019519251,0.110445414,0.464369622,,-0.29832533,0.590443686,293.0,-0.141868512,289.0,0.129321383,781.0,50.2,183870,312.9353877,-1.216649801,1.527627096,-0.181401656,-0.588186233,-0.011127834,-0.114652649,-0.024477636,-0.09206702,-0.011127834,complete,COOK,New Trier Precinct 36,0,0,0,New Trier,1,0,0,669,446,297,249,187,125,0.1524,24.050851126703197,107,0.81366,33.77885857954037,151,0.03222,17.675159132563103,79,0.00062,7.2180989523481776,32,0.00022,4.034127783057602,18,0.00074,6.635268845432196,30,0.00014,3.133285935099974,14,COOK:8100036,COOK:8100036,COOK:NEW TRIER PRECINCT 36,1.0,67.15599698,4.67434157,4.67434157,4.67434157,4.67434157,4.797953602,4.67434157,4.67434157,18.949604880157857,25.598741791103887,13.295948791773792,5.476997741576367,3.261481380753869,5.793868450086016,2.6391286933523874,23.941734186315887,33.518409544869314,17.65291202606309,7.148162321350988,3.9891429653637793,6.56484658645271,3.14204504047743,16.683329266349265,27.08809210811562,16.59993505275317,8.742453533772817,2.9631702381022236,0.002564861990150387,0.0031123911089091807,1.0,0.3,0.2,1.861115231,1.000029385,1.000047016,1.000023508,1.399976492,1.008351443,339.3968963,339.3695313,2.850004296,1.872637796,0.9773665,0.008397261,0.005517545,0.002879715,1535.81,446,1.0
COOK:8100037,COOK:8100037,COOK:New Trier Precinct 37,,,,,,,,,,0.855222204,0.037238683,0.00645333,0.090407682,0.00532959,4.05e-06,0.6787,0.7817,0.2183,0.3192,0.1539,0.0168,0.0212,0.4768,0.058869202,0.137905843,0.029851859,0.061724501,0.077822411,0.141577857,0.250778165,0.186291965,0.055141435,0.070255118,0.074671979,0.040960089,2.74e-05,3.71e-05,0.007334893,0.021982192,0.007370206,0.007321773,0.010333149,0.055697484,0.190457886,0.022148947,0.029360327,0.099769746,0.362235017,,-0.350011069,0.459183673,196.0,-0.144144144,222.0,0.160330579,605.0,62.8,115274,237.1533138,-1.436840055,0.721904069,-0.189388613,-0.489536207,-0.223720057,-0.348465201,-0.191904739,0.078107191,-0.223720057,complete,COOK,New Trier Precinct 37,0,0,0,New Trier,1,0,0,494,329,219,185,139,93,0.16284,25.386164160485936,84,0.81652,34.76126039517895,114,0.01964,16.664269568427546,55,0.00036,5.936177104689525,20,0.00012,3.7348546027498166,12,0.00038,6.645079740314334,22,0.00014,3.210209652100461,11,COOK:8100037,COOK:8100037,COOK:NEW TRIER PRECINCT 37,1.0,75.20743092,3.236563596,3.236563596,3.236563596,3.236563596,5.373187508,3.236563596,3.236563596,19.84640460284389,26.173636654902943,12.436058842026542,4.47175340929899,3.0320670705563684,5.793587206780724,2.639088820145475,25.337802364994033,34.603247062491874,16.681354941435057,5.892298883509197,3.7134579983130442,6.575825798013447,3.153265622136548,17.5801289890353,27.662986971914677,15.74004510300592,7.73720920149544,2.7337559279047228,0.002283618684858258,0.0030725179019969267,1.0,0.3,0.2,1.800884124,1.000026903,1.000043045,1.000021522,1.399978478,1.003279623,413.224708,413.0254857,3.576939002,2.188743619,1.388195383,0.00865616,0.005296739,0.00335942,1168.65,323,0.998453476
COOK:8100038,COOK:8100038,COOK:New Trier Precinct 38,,,,,,,,,,0.878377271,0.03138899,0.021563949,0.045155503,0.017626688,0.001957776,0.5625,0.8393,0.1607,0.4421,0.2409,0.0192,0.0121,0.2755,0.147229897,0.204187961,0.027505785,0.097514963,0.192936688,0.125752534,0.091664129,0.080480131,0.032727913,0.016838593,0.039311983,0.013099092,0.011225068,0.013107,0.005611244,0.02243813,0.0261637,7.72e-07,0.024287943,0.011238382,0.085938607,0.072889636,0.082260085,0.112146049,0.463443713,,-0.330984565,0.520737327,217.0,-0.27753304,227.0,0.11323764,627.0,48.3,183701,271.3295432,-1.355783833,1.099743407,-0.657553634,-0.639353689,-0.318413917,-0.388236937,-0.372277256,-0.160977109,-0.318413917,complete,COOK,New Trier Precinct 38,0,0,0,New Trier,1,0,0,570,380,253,194,146,97,0.15258,24.07964984687163,92,0.81152,33.781028247648486,128,0.03382,17.70294767529292,67,0.00086,7.268290600820274,28,0.00034,4.027727459025535,15,0.00074,6.607664371503116,25,0.00014,3.1794653407784867,12,COOK:8100038,COOK:8100038,COOK:NEW TRIER PRECINCT 38,1.0,78.00378645,2.737206782,2.737206782,2.737206782,2.737206782,5.572972855,2.737206782,2.737206782,18.950064472537143,25.599452477535085,13.296440601781978,5.4773379918200185,3.26155496358521,5.792975828183177,2.637793322258738,23.942258548219865,33.51921443311739,17.653479878045815,7.148569912781136,3.9890770111623137,6.563948591366378,3.140704296200288,16.68378885872855,27.08880279454682,16.600426862761356,8.742793784016468,2.9632438209335645,0.0016722400873116377,0.001777020015259818,1.0,0.3,0.2,1.765995725,1.000018048,1.000028876,1.000014438,1.399985562,1.015708061,363.1123971,363.1123383,2.281353933,1.032281788,1.249072144,0.006282776,0.002842871,0.003439905,1520.38,380,0.999548009
COOK:8100039,COOK:8100039,COOK:New Trier Precinct 39,,,,,,,,,,0.705731975,0.027794201,0.009725286,0.247025394,0.005554422,0.001388038,0.5936,0.9849,0.0151,0.831,0.077,0.0,0.0108,0.0812,0.177527736,0.114151775,0.04066447,0.130859753,0.160708062,0.13589229,0.084426745,0.117993832,0.03777534,0.026859264,0.018792339,1.33e-06,0.021514841,0.021479988,1.33e-08,0.016104044,0.040306148,3.98e-06,3.99e-05,6.54e-05,0.077947876,0.088702495,0.043044192,0.244397037,0.400741103,,-0.293125924,0.327586207,116.0,-0.352226721,247.0,0.098039216,408.0,50.7,179693,174.1501778,-1.194499426,-0.08589037,-0.919711652,-0.687704667,-0.694472751,-0.721951529,-0.734024776,-0.448299055,-0.694472751,complete,COOK,New Trier Precinct 39,0,0,0,New Trier,1,0,0,285,190,127,132,99,66,0.47492,29.870628508356738,57,0.50418,30.160956205541577,57,0.01966,15.740036111242556,30,0.00044,5.90638207491046,11,0.00038,5.131802572855223,10,0.0003,6.7392741135963306,13,0.00012,3.252294735596993,6,COOK:8100039,COOK:8100039,COOK:NEW TRIER PRECINCT 39,1.0,85.46207978,1.405348389,1.405348389,1.405348389,1.405348389,6.105829888,1.405348389,1.405348389,21.728534288034375,21.203643310025857,10.755044691449855,3.98202287630573,3.7897894958273928,5.797314015120382,2.644306984747625,29.581467074678766,29.901753940727055,15.650422759218998,5.868541845668412,5.041513471037666,6.667311199588353,3.2462423799739444,19.462258674225783,22.69299362703759,14.059030952429234,7.24747866850218,3.491478353175747,0.006010427024516635,0.008290682504146784,1.0,0.3,0.2,1.013359931,1.000003397,1.000005435,1.000002718,1.399997282,1.081956518,280.9779781,280.6173249,2.16341323,1.08154393,1.081869301,0.007699583,0.003849212,0.00385037,1071.85,190,0.999093276
COOK:8200001,COOK:8200001,COOK:Niles Precinct 1,,,,,,,,,,0.809603493,0.084922603,0.015334341,0.084392698,0.009576918,0.001914059,0.2864,0.8628,0.1372,0.8002,0.0916,0.0,0.012,0.0896,0.045363568,0.037619511,0.056703881,0.044780413,0.071589854,0.169482161,0.121115883,0.150331753,0.303012973,0.147406238,0.019821657,0.042148721,0.023570369,0.034688228,0.081760125,0.052035865,0.065678584,0.018600202,0.045837522,0.06198861,0.11773146,0.078052669,0.081783105,0.065708757,0.063187888,,-0.056051763,0.316326531,196.0,-0.567307692,208.0,0.136116152,551.0,68.3,53118,246.9604057,-0.184522192,-0.15500647,-1.674597481,-0.566569932,-0.794181548,-0.645174019,-1.00006624,-0.820809126,-0.794181548,complete,COOK,Niles Precinct 1,0,0,1,Niles,1,0,0,342,228,152,196,147,98,0.5265,33.047030453911965,75,0.4692,32.393092688187835,74,0.00402,13.170097490280137,30,4e-05,2.7485674713086756,6,0.00014,4.37837575165529,10,6e-05,6.723621578247157,15,4e-05,3.3175300466266684,8,COOK:8200001,COOK:8200001,COOK:NILES PRECINCT 1,1.0,86.71819669,1.181038378,1.181038378,1.181038378,1.181038378,6.195573038,1.181038378,1.181038378,23.742492026282832,22.496420523121873,8.827845184993954,1.7294116987604822,3.2753832343618905,5.793705157537669,2.639007452255005,33.10320036474367,32.47570123726611,13.241736582633353,2.7829626538083136,4.3901785313864075,6.693116397789841,3.270356903265526,21.47621641247424,23.985770840133608,12.131831445973333,4.994867490956932,2.977072091710245,0.0024015694418040552,0.002991150011526635,1.0,0.3,0.2,1.000013856,1.077490252,1.123984403,1.061992202,1.338007798,1.6,211.4078226,211.0845691,0.969760677,0.323253564,0.646507113,0.004587156,0.001529052,0.003058104,1458.49,220,0.995941308
COOK:8200010,COOK:8200010,COOK:Niles Precinct 10,,,,,,,,,,0.4609092,0.095738435,0.016761428,0.421235357,0.009379097,2.98e-06,0.3322,0.8809,0.1191,0.8265,0.1018,0.0087,0.0054,0.0466,0.075459918,0.276367378,0.044601601,0.094538995,0.176384361,0.07267919,0.132818754,0.046532263,0.080617539,0.01120097,0.044439162,9.3e-06,0.019454097,5.11e-05,0.038976794,0.076496705,5.96e-05,0.038905626,0.207010581,0.108431815,0.100141581,0.069539604,0.062601264,0.143212739,0.079469137,,0.079651865,0.271428571,140.0,-0.233333333,120.0,0.36344086,465.0,48.0,68770,231.5068063,0.393598908,-0.430606932,-0.502422604,0.156621616,-0.185304404,-0.095702253,-0.266648475,-0.270410924,-0.185304404,complete,COOK,Niles Precinct 10,0,0,1,Niles,1,0,0,330,220,147,209,157,105,0.15368,24.06963268371138,53,0.81002,33.733660763253646,74,0.03448,17.693948848401924,39,0.00104,7.201907901788948,16,0.00024,4.021718870544253,9,0.0004,6.660422457972892,15,0.00014,3.206809151233256,7,COOK:8200010,COOK:8200010,COOK:NILES PRECINCT 10,1.0,73.94153415,3.462620036,3.462620036,3.462620036,3.462620036,5.282745638,3.462620036,3.462620036,18.9458813886922,25.592984004463865,13.291964281910815,5.475081265848569,3.2608852328261233,5.801557901793534,2.650156177846136,23.93708461444996,33.5112301032283,17.64791210868887,7.1457722240661035,3.989606094270359,6.572555519689323,3.153092006500273,16.679605774883612,27.0823343214756,16.595950542890193,8.74053705804502,2.9625740901744777,0.010254313697668448,0.01413987560265753,1.0,0.3,0.2,1.000859401,1.00285531,1.004568496,1.002284248,1.397715752,1.6,308.4792011,306.9388881,3.831856587,1.747046672,2.084809915,0.012421766,0.005663418,0.006758348,2098.19,220,1.0
COOK:8200011,COOK:8200011,COOK:Niles Precinct 11,,,,,,,,,,0.805611917,0.082248477,0.010511038,0.082378619,0.003514614,6.31e-07,0.4932,0.5844,0.4156,0.6646,0.1122,0.0015,0.0116,0.2101,0.14450272,0.123603796,0.076200297,0.139193911,0.093384806,0.139355646,0.13007389,0.098504474,0.055180458,0.034078612,0.003427105,0.003448754,0.013699194,0.006928168,0.023874892,1.1e-05,0.017063652,0.006820074,0.030725416,0.037601637,0.116053695,0.098866334,0.109146642,0.143349329,0.35490546,,-0.07883296,0.483146067,89.0,-0.397260274,73.0,0.161290323,310.0,52.9,149600,126.8978258,-0.281574061,0.868994201,-1.077769294,-0.486482959,-0.323827551,-0.244208028,-0.490539804,-0.423813652,-0.323827551,complete,COOK,Niles Precinct 11,0,0,1,Niles,1,0,0,230,153,102,96,72,48,0.15128,24.079445295043207,37,0.81406,33.775761291588516,52,0.03312,17.679684334265165,27,0.0006,7.13946202886934,11,0.00018,4.032837057609434,6,0.00058,6.624560531694596,10,0.00018,3.1583659023724437,5,COOK:8200011,COOK:8200011,COOK:NILES PRECINCT 11,1.0,78.1504562,2.711015357,2.711015357,2.711015357,2.711015357,5.58345166,2.711015357,2.711015357,18.94965044500139,25.598812249878872,13.295997550732995,5.476551780302975,3.2614886758926653,5.793518635661364,2.638877155489957,23.94201531226128,33.51886528895783,17.653196318368813,7.147681936355614,3.989177136517812,6.564509973922458,3.1418067045094,16.683374831192797,27.088162566890606,16.599983811712374,8.742007572499425,2.9631775332410197,0.0022150475654985286,0.0028608532464782575,1.0,0.3,0.2,1.000118275,1.000221455,1.000354328,1.000177164,1.399822836,1.6,93.88526746,93.57052339,0.630665883,0.158331661,0.472334221,0.006717411,0.001686438,0.005030973,622.51,153,1.0
COOK:8200012,COOK:8200012,COOK:Niles Precinct 12,,,,,,,,,,0.414074498,0.113728976,0.124636689,0.34209495,0.007295834,0.003638112,0.2514,0.6555,0.3445,0.9569,0.0014,0.0001,0.0,0.0086,0.133779741,0.127095704,0.137714388,0.095740064,0.163138605,0.160515091,0.054967699,0.100296581,0.026752126,1.39e-05,2.63e-05,3.96e-05,0.12798229,8.85e-06,0.003890531,0.003880326,0.021339874,0.04656994,0.021446705,0.110697228,0.238651387,0.110639896,0.197956119,0.112657955,0.004199059,,0.093386614,0.195876289,97.0,0.027027027,74.0,0.503496503,286.0,46.8,92191,171.4755163,0.452111332,-0.894375082,0.411383695,0.602182761,0.138752913,0.142825677,0.192464516,-0.237725785,0.138752913,complete,COOK,Niles Precinct 12,0,0,1,Niles,1,0,0,264,176,117,144,108,72,0.15174,24.061872602453676,42,0.81252,33.758467687344385,59,0.03392,17.694841910860802,31,0.0008,7.217927859708475,13,0.0002,4.071960243800774,7,0.00062,6.622955056532656,12,0.0002,3.1787168876884033,6,COOK:8200012,COOK:8200012,COOK:NILES PRECINCT 12,1.0,61.1928074,6.012672876,6.012672876,6.012672876,6.012672876,4.371914109,6.012672876,4.371914109,18.946761656418545,25.594345198332878,13.292906256793806,5.481242586392538,3.26102616769485,5.802849669111817,2.648966995981741,23.935457436166626,33.50845422240287,17.64638141943239,7.152533840210653,3.989011748379843,6.573679233336277,3.1517347709645493,16.680486042609953,27.083695515344612,16.596892517773185,8.746698378588988,2.9627150250432046,0.011546081015951684,0.012950693738262381,1.0,0.3,0.2,1.733976666,1.052080504,1.083328807,1.041664403,1.358335597,1.6,307.1140388,306.8896774,4.625586311,1.545015589,3.080570722,0.015061462,0.005030755,0.010030706,1460.05,176,1.0
COOK:8200013,COOK:8200013,COOK:Niles Precinct 13,,,,,,,,,,0.698886544,0.097337902,0.014118234,0.188358851,0.01216822,1.51e-06,0.3018,0.8756,0.1244,0.8767,0.0382,0.0023,0.0381,0.0367,0.099276196,0.110748389,0.112079484,0.13771903,0.051696644,0.234849512,0.146777937,0.04184308,0.065009729,0.04275859,0.019429631,0.040791937,0.040811061,4.99e-05,0.066093532,0.019470548,0.019497856,0.036939143,0.021560245,0.132234597,0.138186395,0.116704103,0.070078306,0.110856921,0.124537197,,0.014380019,0.069444444,144.0,-0.4,130.0,0.252236136,559.0,53.2,85921,279.0563429,0.115529471,-1.670461009,-1.087385116,-0.197155662,-0.830159537,-0.709868079,-0.905662945,-0.599011944,-0.830159537,complete,COOK,Niles Precinct 13,0,0,1,Niles,1,0,0,330,220,147,220,165,110,0.47192,29.75003030274051,65,0.50488,30.143647056526433,66,0.02162,15.68326244845405,35,0.00048,5.921032399021568,13,0.00038,5.213851857906644,11,0.00048,6.747061195238163,15,0.00024,3.2871232089535773,7,COOK:8200013,COOK:8200013,COOK:NILES PRECINCT 13,1.0,87.11739124,1.109752551,1.109752551,1.109752551,1.109752551,6.224093453,1.109752551,1.109752551,21.729186827822538,21.204652358900823,10.755742974565559,3.9825688049666335,3.7898939704169203,5.796080879304963,2.6424266009093067,29.58213959498408,29.902895621312062,15.651234176616505,5.869226986213371,5.041343347505583,6.66606450594946,3.2443484383121515,19.46291121401395,22.694002675912557,14.059729235544937,7.2480245971630834,3.4915828277652747,0.004777291209097959,0.006410298665828464,1.0,0.3,0.2,1.000015265,1.136425643,1.218281029,1.109140515,1.290859485,1.6,308.882865,308.6268408,1.537659391,0.512654079,1.025005312,0.004978131,0.001659704,0.003318427,1347.0,220,1.0
COOK:8200014,COOK:8200014,COOK:Niles Precinct 14,,,,,,,,,,0.51075121,0.103599483,0.139707092,0.239793895,0.01500244,0.002042049,0.3506,0.866,0.134,0.6623,0.04,0.0004,0.0211,0.2626,0.138430715,0.113994431,0.066320564,0.118137454,0.150987663,0.131455889,0.16303575,0.089145617,0.028491916,0.039304445,0.024938606,0.065924086,0.003584032,0.010780622,0.017886781,0.003562375,0.012515227,3.08e-08,0.044636068,0.074943639,0.262016466,0.098312961,0.076740746,0.093071291,0.171782626,,-0.003594576,0.411111111,180.0,0.005586592,179.0,0.409345794,535.0,51.8,94266,263.3055589,0.038954565,0.426816714,0.336132591,0.30265968,0.30585869,0.276140887,0.31785703,0.047773913,0.30585869,complete,COOK,Niles Precinct 14,0,0,1,Niles,1,0,0,464,309,206,225,169,113,0.17704,21.757910132631082,67,0.62952,28.838673097619267,89,0.18744,22.068716124582053,68,0.0021,7.684465669313652,24,0.00188,7.118907128173093,22,0.00172,6.604312622086833,20,0.0003,3.144503191709481,10,COOK:8200014,COOK:8200014,COOK:NILES PRECINCT 14,1.0,54.02424629,7.651247956,7.651247956,7.651247956,7.651247956,3.859756965,7.651247956,3.859756965,17.835613462333995,23.016144800864158,17.36605855000018,6.242752917330467,6.245050157783437,5.8009141621094855,2.6457859730097417,21.466659636149515,28.48954057853971,21.78041260229146,7.568555960620506,7.058251571372889,6.508511150130265,3.0853211717888698,15.569337848525407,24.505495117875892,20.670044810979558,9.508208709526917,5.946739015131792,0.0096105740136199,0.009769670766263248,1.0,0.3,0.2,1.271685409,1.00693692,1.011099072,1.005549536,1.394450464,1.6,292.397697,290.813246,4.75496292,2.489851617,2.265111304,0.016261971,0.008515291,0.00774668,1573.95,309,1.0
COOK:8200015,COOK:8200015,COOK:Niles Precinct 15,,,,TRUE,,,,,,0.47984021,0.137229843,0.094351327,0.289510214,0.01620594,0.000480114,0.2703,0.5815,0.4185,0.8265,0.0168,0.0001,0.0239,0.1323,0.233040779,0.107729566,0.136673823,0.070833889,0.17682216,0.050022141,0.126704893,0.073616346,0.024556404,0.129658485,0.043620474,0.046935965,0.056956307,0.05474173,0.015663457,0.103899883,0.040213414,0.062602052,0.070434777,0.130893693,0.058202093,0.026939228,0.061561081,0.062840122,0.034837239,,-0.033846486,0.28125,192.0,-0.165714286,175.0,0.459349593,492.0,45.7,45664,286.7831426,-0.089923843,-0.37031933,-0.265094959,0.461737526,-0.083417263,-0.065900152,-0.123256225,-0.129979087,-0.083417263,complete,COOK,Niles Precinct 15,0,0,1,Niles,1,0,0,462,308,205,216,162,108,0.15256,24.113243868463318,74,0.81268,33.794483762389135,104,0.03322,17.754989065354042,55,0.00066,7.17301474614323,22,0.00012,4.0229754079896125,12,0.00054,6.670291103129186,21,0.00022,3.1597931051146775,10,COOK:8200015,COOK:8200015,COOK:NILES PRECINCT 15,1.0,70.1871079,4.133063513,4.133063513,4.133063513,4.133063513,5.014511024,4.133063513,4.133063513,18.94734654911437,25.59524964175136,13.293532150726097,5.479910868527531,3.261119811677061,5.800752333405825,2.6468292330251706,23.936967585580533,33.510861380811,17.647942689069936,7.151136990627755,3.9890777350361155,6.571625589695086,3.14964070007278,16.68107093530578,27.084599958763093,16.597518411705476,8.745366660723981,2.9628086690254154,0.009448745309959154,0.010812930781692423,1.0,0.3,0.2,1.005537232,1.001198694,1.00191791,1.000958955,1.399041045,1.6,506.7271028,504.4941737,6.560839855,2.632370235,3.92846962,0.012947482,0.005194848,0.007752634,2471.21,308,1.0
COOK:8200016,COOK:8200016,COOK:Niles Precinct 16,,,,TRUE,,,,,,0.468104366,0.06480535,0.064322673,0.399782234,0.003001649,0.003482671,0.3683,0.6134,0.3866,0.8022,0.0515,0.0112,0.0394,0.0421,0.072041374,0.102451839,0.139869618,0.139016648,0.067554318,0.16520998,0.154048036,0.110283921,0.049524263,0.035725556,5.48e-05,0.027667481,0.002345121,0.002328372,0.002324081,0.044946018,0.012720273,0.017305121,0.064509686,0.143986346,0.095669784,0.076060874,0.110544397,0.227941173,0.135870893,,0.004657631,0.383259912,227.0,-0.015384615,195.0,0.30224525,579.0,53.1,116571,296.8874191,0.074110404,0.255855643,0.262528371,-0.038060908,0.157450174,0.138608378,0.182234173,-0.078991957,0.157450174,complete,COOK,Niles Precinct 16,0,0,1,Niles,1,0,0,498,332,221,262,197,131,0.15414,24.062846245662804,80,0.80954,33.76057151018667,112,0.03462,17.637508156505227,59,0.00088,7.211619971201019,24,0.00018,4.008716723170691,13,0.00054,6.678718184602054,22,0.0001,3.178381927976189,11,COOK:8200016,COOK:8200016,COOK:NILES PRECINCT 16,1.0,60.41645274,6.190130441,6.190130441,6.190130441,6.190130441,4.316447527,6.190130441,4.316447527,18.946120008791873,25.593352992451237,13.292219629384928,5.4777262255138055,3.260923436989943,5.802439084934235,2.6500759318743943,23.936177911651683,33.50971369315612,17.647033898759055,7.148663515031529,3.9893621326943407,6.573363230950981,3.152938288649488,16.67984439498328,27.08270330946297,16.596205890364306,8.743182017710255,2.9626122943382973,0.011135496838370028,0.014059629630915779,1.0,0.3,0.2,1.010066635,1.000579129,1.000926607,1.000463303,1.399536697,1.6,543.3607346,541.2876701,6.911962565,4.492644597,2.419317968,0.012720762,0.008268254,0.004452508,2998.8,332,1.0
COOK:8200017,COOK:8200017,COOK:Niles Precinct 17,,,,,,,,,,0.505434055,0.09819153,0.080849061,0.308940237,0.012564745,0.002396353,0.3047,0.7896,0.2104,0.7137,0.1116,0.0011,0.0001,0.1591,0.137834249,0.106855197,0.087523683,0.110925023,0.048819517,0.17593493,0.171529693,0.079518469,0.081059241,0.017255232,1.78e-05,0.010634422,0.021234397,9.53e-06,0.049038453,3e-05,0.035840771,0.058301411,0.029355571,0.078404376,0.208422746,0.108854687,0.018712243,0.216353539,0.147534866,,0.046579493,0.397129187,209.0,-0.144329897,194.0,0.476923077,520.0,56.1,98975,266.2774049,0.252704841,0.340990437,-0.190040564,0.517644317,0.186050217,0.230324758,0.101977153,-0.250690304,0.186050217,complete,COOK,Niles Precinct 17,0,0,1,Niles,1,0,0,474,316,211,222,167,111,0.15196,24.247948076151783,77,0.81398,33.92077227720005,107,0.03216,17.530765182775443,55,0.00106,7.005944951798082,22,0.00026,4.065377460072269,13,0.0005,6.654946573708761,21,8e-05,3.171758969561428,10,COOK:8200017,COOK:8200017,COOK:NILES PRECINCT 17,1.0,59.21401969,6.464980135,6.464980135,6.464980135,6.464980135,4.230539816,6.464980135,4.230539816,19.073608356083426,25.675999906061772,13.172040953053859,5.337423143454396,3.228732897763635,5.800811518668166,2.6472927793092804,24.132451821372907,33.662811455957325,17.511930896201015,6.974515788245476,3.950562934399434,6.573280151658786,3.1516996230582492,16.807332742274834,27.165350223073506,16.476027214033238,8.602878935650846,2.9304217551119893,0.00950793057230043,0.01127647706580188,1.0,0.3,0.2,1.027872736,1.003852791,1.006164466,1.003082233,1.396917767,1.6,467.6360222,464.895619,7.536772634,2.057335509,5.479437125,0.01611675,0.004399438,0.011717312,2371.54,316,1.0
COOK:8200018,COOK:8200018,COOK:Niles Precinct 18,,,,,,,,,,0.590828285,0.069352353,0.04704423,0.280765271,0.008485188,0.004671078,0.3941,0.8866,0.1134,0.6498,0.133,0.0319,0.0393,0.123,0.134726943,0.071716149,0.075486248,0.111603588,0.090361657,0.100287789,0.164449285,0.169483889,0.081884451,0.026149263,0.001583348,0.01449113,0.038570079,0.009037064,0.017165202,2.06e-05,1.29e-05,0.012992015,0.063962603,0.067163462,0.279250445,0.066069077,0.070201966,0.110124617,0.223206212,,0.067944423,0.352112676,284.0,-0.081967213,305.0,0.396662388,779.0,60.6,97279,355.1356014,0.343723165,0.064662265,0.028838429,0.262309768,0.143394933,0.174883407,0.114185938,-0.114484803,0.143394933,complete,COOK,Niles Precinct 18,0,0,1,Niles,1,0,0,629,419,279,154,116,77,0.16016,25.060355526817148,105,0.81582,34.51616116271021,145,0.02278,16.946204085308825,71,0.00046,6.293219947223558,26,0.00014,3.8236639841878897,16,0.00056,6.6233368223445135,28,8e-05,3.2177744695184654,13,COOK:8200018,COOK:8200018,COOK:NILES PRECINCT 18,1.0,61.00081617,6.056557839,6.056557839,6.056557839,6.056557839,4.358197315,6.056557839,4.358197315,19.59133143307144,26.00819364416383,12.676312956545935,4.756232109199463,3.0964327028921517,5.799178224643645,2.6459150416467243,24.9379861417498,34.28966638468241,16.95322440799727,6.249552809003324,3.791798624716583,6.578174637491195,3.156849665252622,17.325055819262847,27.497543961175563,15.980299217525314,8.021687901395913,2.798121560240506,0.007874636547779753,0.00989873940324588,1.0,0.3,0.2,2.21589618,1.000242838,1.000388541,1.00019427,1.39980573,1.6,545.3850219,543.7753996,8.356893911,1.979048098,6.377845812,0.015322925,0.003628717,0.011694208,2294.87,419,1.0
COOK:8200019,COOK:8200019,COOK:Niles Precinct 19,,,,,,,,,,0.749552125,0.061622867,0.073751622,0.093629292,0.00839987,3.1e-06,0.509,0.8386,0.1614,0.5864,0.0257,0.0009,0.0128,0.3695,0.149167481,0.176589454,0.064187474,0.099151851,0.10088315,0.133291174,0.15744096,0.059311267,0.05997719,0.029170989,4.43e-07,0.021865108,0.009734942,0.029149736,0.029176086,1.76e-05,0.004925558,7.58e-05,0.038973402,0.060854487,0.08533363,0.174965262,0.048714177,0.133793373,0.333249365,,-0.317463787,0.403726708,161.0,-0.296969697,165.0,0.005780347,519.0,53.7,133086,227.3462218,-1.298182963,0.381488488,-0.725771928,-0.981209208,-0.598677799,-0.655918903,-0.612648404,-0.154956851,-0.598677799,complete,COOK,Niles Precinct 19,0,0,1,Niles,1,0,0,327,218,145,188,141,94,0.47492,29.773724975184436,65,0.50404,30.121995867493673,66,0.01956,15.739523003374611,34,0.00058,5.937288966810601,13,0.00026,5.146667758412534,11,0.0005,6.724255616933446,15,0.00014,3.2949790939837658,7,COOK:8200019,COOK:8200019,COOK:NILES PRECINCT 19,1.0,84.01613723,1.66355635,1.66355635,1.66355635,1.66355635,6.002524665,1.66355635,1.66355635,21.73024049151571,21.206281682021757,10.756870500549276,3.9862460560609767,3.7900626667689914,5.795612723946051,2.640084728513487,29.581473503275372,29.902674762691262,15.651278702970899,5.873692303355543,5.04075428906382,6.665484447105257,3.241894662431042,19.463964877707117,22.69563199903349,14.060856761528655,7.251701848257427,3.491751524117346,0.004309135850185873,0.004068426270008861,1.0,0.3,0.2,1.270611869,1.00211448,1.003383168,1.001691584,1.398308416,1.6,338.1236877,335.6441302,8.152551963,3.896180336,4.256371628,0.024111153,0.011522944,0.012588209,1162.86,218,1.0
COOK:8200020,COOK:8200020,COOK:Niles Precinct 20,,,,,,,,,,0.584373224,0.081797585,0.043835403,0.294160204,0.010137193,0.000844601,0.4791,0.8842,0.1158,0.7315,0.0294,0.0,0.0267,0.1856,0.086052951,0.041611814,0.10583902,0.077976222,0.220185533,0.216490307,0.12881929,0.058003247,0.065021616,0.046360401,0.087283847,0.005171849,5.7e-05,0.03764806,0.049602121,0.025666301,1.45e-05,0.000143613,0.025710829,0.019134924,0.068486907,0.097574933,0.10435586,0.205279755,0.227509092,,0.005680162,0.486111111,144.0,-0.292035398,113.0,0.367647059,408.0,51.2,133899,206.246115,0.078466565,0.88719475,-0.708453648,0.170002861,0.028110611,0.106802632,-0.134940645,-0.123021309,0.028110611,complete,COOK,Niles Precinct 20,0,0,1,Niles,1,0,0,330,220,147,169,127,85,0.14986,24.050139921679847,53,0.81472,33.782438360076824,74,0.03366,17.696118926814147,39,0.00096,7.185775716312742,16,0.00014,4.048817347579052,9,0.00046,6.652370824338892,15,0.0002,3.1798276993935457,7,COOK:8200020,COOK:8200020,COOK:NILES PRECINCT 20,1.0,65.60000525,5.005284579,5.005284579,5.005284579,5.005284579,4.686785926,5.005284579,4.686785926,18.947294827923137,25.59516966316496,13.2934768038565,5.477198097972579,3.261111530878982,5.799395837137264,2.6463152233292377,23.938185978048867,33.51286662943304,17.649149788992236,7.148187844964484,3.9893122803109087,6.570346276096671,3.149203873046993,16.681019214114546,27.084519980176694,16.59746306483588,8.742653890169029,2.9628003882273366,0.00809224904139861,0.01029892108575931,1.0,0.3,0.2,1.002454604,1.000746554,1.001194486,1.000597243,1.399402757,1.6,314.1233105,312.5748428,4.129247175,0.774423624,3.354823551,0.013145306,0.002465349,0.010679957,1489.57,220,1.0
COOK:8200021,COOK:8200021,COOK:Niles Precinct 21,,,,,,,,,,0.558682315,0.101765647,0.189709992,0.138882184,0.024133438,8.48e-06,0.4279,0.8681,0.1319,0.5558,0.0475,0.0062,0.0188,0.3377,0.134906592,0.218721814,0.035038667,0.095037417,0.135446524,0.102213857,0.138025205,0.105593377,0.035016546,0.063203536,3.61e-05,5.66e-05,0.008328297,0.055170194,0.035033335,2.22e-05,0.040054832,6.76e-05,0.041595531,0.043351641,0.025204706,0.113201671,0.068298145,0.20305642,0.303319192,,-0.09473948,0.472924188,277.0,0.239852399,271.0,0.456551724,725.0,53.2,151570,315.9072338,-0.349338607,0.806248487,1.158352878,0.452836622,0.667793993,0.517024845,0.7960596,0.254500854,0.667793993,complete,COOK,Niles Precinct 21,0,0,1,Niles,1,0,0,635,423,282,248,186,124,0.17684,21.69006622265531,92,0.62906,28.852634368069698,122,0.18756,22.000588168012108,93,0.00254,7.666065299784779,32,0.00226,7.120977167934262,30,0.00144,6.685445512152343,28,0.0003,3.1645849580473797,13,COOK:8200021,COOK:8200021,COOK:NILES PRECINCT 21,1.0,38.20619493,11.26690588,11.26690588,11.26690588,11.26690588,2.729637841,11.26690588,2.729637841,17.836735889242963,23.01788045534879,17.367259659531513,6.2459506120173085,6.245319716267188,5.800023479127186,2.6431125484221023,21.466927514184015,28.48990857057273,21.780400431785946,7.571916428661696,7.0579805786039,6.507545933515828,3.082573213569092,15.570460275434373,24.507230772360526,20.67124592051089,9.511406404213758,5.947008573615542,0.008719891031320455,0.007096246178623946,1.0,0.3,0.2,1.810806025,1.003626012,1.005801619,1.002900809,1.397099191,1.6,444.310021,441.0486655,10.72319741,5.125774154,5.597423254,0.024134494,0.011536481,0.012598013,1941.27,423,1.0
COOK:8200022,COOK:8200022,COOK:Niles Precinct 22,,,,,,,,,,0.499324763,0.121692327,0.132684393,0.241558494,0.011620467,0.002637375,0.2409,0.4202,0.5798,0.7477,0.1054,0.0,0.0407,0.1014,0.072726615,0.138984261,0.13751651,0.101667871,0.211187995,0.102666706,0.144415681,0.054474573,0.036359788,0.021191395,0.094709165,0.062419036,0.047421954,0.011233477,0.029902424,0.065996294,0.084673842,0.066102368,0.052466851,0.066016362,0.091020099,0.143409544,0.028646933,0.101115626,0.033674629,,0.005691562,0.2,105.0,0.04,100.0,0.519774011,354.0,46.0,53116,205.9489304,0.078515131,-0.869062202,0.456915912,0.653966645,0.117923949,0.080083871,0.193290357,-0.024931926,0.117923949,complete,COOK,Niles Precinct 22,0,0,1,Niles,1,0,0,311,207,138,183,138,92,0.15306,24.07529173664035,50,0.81176,33.69973231325175,70,0.03332,17.709208418897177,37,0.00098,7.204427974170055,15,0.00022,4.011543600467624,8,0.0004,6.639634595039026,14,0.00026,3.249464555267033,7,COOK:8200022,COOK:8200022,COOK:NILES PRECINCT 22,1.0,62.04785046,5.817228878,5.817228878,5.817228878,5.817228878,4.433002576,5.817228878,4.433002576,18.947879909418404,25.596074398531705,13.294102899823155,5.482205786062341,3.2612052050888423,5.80075151277019,2.6457514615636715,23.936668645304994,33.51030658979544,17.647698759326612,7.153672326775521,3.988839916602357,6.571564136768224,3.1485022963200544,16.681604295609812,27.08542471554344,16.598089160802534,8.747661578258791,2.9628940624371967,0.009447924674324353,0.00973515932019298,1.0,0.3,0.2,1.028266334,1.000209992,1.000335988,1.000167994,1.399832006,1.6,421.8288779,421.4429411,3.859367593,2.315620556,1.543747037,0.009149131,0.005489478,0.003659652,2224.31,207,1.0
COOK:8200023,COOK:8200023,COOK:Niles Precinct 23,,,,,,,,,,0.564716882,0.07658689,0.106397793,0.247699269,0.004613522,0.000773771,0.3034,0.7081,0.2919,0.7629,0.0284,0.0208,0.0481,0.1271,0.143865425,0.172241781,0.111349452,0.104945615,0.138311318,0.076884566,0.103878765,0.090677951,0.057845129,0.015189575,2.08e-05,0.005690601,0.005820642,0.007564025,0.035770834,0.020752072,0.037730987,0.039579754,0.086687982,0.07169689,0.13396975,0.077321697,0.107550434,0.128502902,0.226151045,,-0.162074722,0.35443038,158.0,-0.146496815,157.0,0.289760349,459.0,47.1,112780,226.7518526,-0.636198471,0.078889199,-0.197645959,-0.077779313,-0.164328385,-0.208183636,-0.162220849,-0.104368588,-0.164328385,complete,COOK,Niles Precinct 23,0,0,1,Niles,1,0,0,369,246,164,190,143,95,0.15442,24.10495032201927,59,0.81022,33.69269147973738,83,0.03384,17.71302501325559,44,0.00078,7.16674541637919,18,0.0003,4.054407132768806,10,0.00038,6.67666809630179,16,6e-05,3.1977027715430166,8,COOK:8200023,COOK:8200023,COOK:NILES PRECINCT 23,1.0,73.21652026,3.592088775,3.592088775,3.592088775,3.592088775,5.230947092,3.592088775,3.592088775,18.947811606433213,25.59596877884136,13.29402980876852,5.480774361099119,3.2611942694700944,5.800131934895038,2.645606941496888,23.937250208746693,33.51126899375554,17.648270558242764,7.1521129613094505,3.988966949217806,6.570984891130376,3.148398108490574,16.68153599262462,27.085319095853094,16.5980160697479,8.746230153295569,2.962883126818449,0.008828346799172989,0.009590639253409416,1.0,0.3,0.2,1.20073691,1.000928464,1.001485542,1.000742771,1.399257229,1.6,351.7423706,351.7408765,1.985365153,0.001929262,1.983435891,0.005644373,5.48e-06,0.005638888,1575.65,246,1.0
COOK:8200024,COOK:8200024,COOK:Niles Precinct 24,,,,,,,,,,0.460532809,0.132836532,0.115582517,0.278029572,0.017232867,0.003781094,0.315,0.4531,0.5469,0.7678,0.0133,0.0082,0.0317,0.1294,0.129277751,0.140897414,0.108753928,0.126514394,0.086029592,0.230207145,0.108462983,0.062558272,0.007298522,0.043168863,0.012467358,0.049807693,0.05460507,0.014388636,0.032599585,0.032609703,0.090976859,0.020201166,0.087170885,0.102588309,0.129468773,0.026943891,0.038358364,0.121850957,0.142793889,,0.260415845,0.223529412,170.0,-0.013888889,144.0,0.508928571,448.0,51.2,69066,279.3535275,1.163684959,-0.724629876,0.267778033,0.619463882,0.241983557,0.33157425,0.229224314,0.089598137,0.241983557,complete,COOK,Niles Precinct 24,0,0,1,Niles,1,0,0,404,269,179,233,175,117,0.17752,21.725766737609938,58,0.63012,28.83253781565347,78,0.18602,21.98860569657426,59,0.00234,7.657459965058609,21,0.00168,7.210846924406697,19,0.00192,6.56816275234985,18,0.0004,3.0738528008365824,8,COOK:8200024,COOK:8200024,COOK:NILES PRECINCT 24,1.0,56.817308,7.012815607,7.012815607,7.012815607,7.012815607,4.059306984,7.012815607,4.059306984,17.835188172223244,23.015487157429117,17.365603446864707,6.241265755189794,6.244948021460356,5.8011015362293765,2.6467304988507325,21.466674026995737,28.489585465944764,21.780571083375555,7.567002668328341,7.058383829411564,6.508734211728761,3.0863013851084666,15.568912558414654,24.50483747444085,20.669589707844086,9.506721547386244,5.946636878808711,0.009797948133511347,0.010714196607253939,1.0,0.3,0.2,1.015889561,1.003302216,1.005283546,1.002641773,1.397358227,1.6,558.471644,555.3813077,8.842565176,2.389814768,6.452750408,0.015833508,0.004279205,0.011554303,3445.25,269,1.0
COOK:8200025,COOK:8200025,COOK:Niles Precinct 25,,,,,,,,,,0.547588031,0.058467988,0.059681669,0.334255296,0.002678472,0.002646522,0.294,0.8075,0.1925,0.7581,0.0119,0.0,0.0,0.2115,0.110716389,0.137065015,0.105936362,0.137154368,0.158760135,0.140759432,0.114426562,0.074706181,0.020475556,0.116606761,1.75e-05,0.03894104,1.83e-06,0.098814218,1.3e-05,0.074092598,0.021201203,0.003634921,0.095449869,4.5e-05,0.074257513,0.180145438,0.070751267,0.038945794,0.187081998,,-0.084718268,0.322033898,118.0,-0.220779221,77.0,0.295454545,264.0,46.8,92231,131.3555948,-0.306646498,-0.119972518,-0.458360495,-0.059664281,-0.251332348,-0.236160948,-0.295772257,-0.298866017,-0.251332348,complete,COOK,Niles Precinct 25,0,0,1,Niles,1,0,0,216,144,96,113,85,57,0.15406,24.038141225171106,35,0.8109,33.780429537467064,49,0.03328,17.68342618941143,25,0.00088,7.221209932762673,10,0.00018,4.045398600345772,6,0.00058,6.634731251616949,10,0.00012,3.1996346067099237,5,COOK:8200025,COOK:8200025,COOK:NILES PRECINCT 25,1.0,76.06928382,3.082658946,3.082658946,3.082658946,3.082658946,5.434762504,3.082658946,3.082658946,18.946848855798272,25.594480038288403,13.29299956888859,5.477827949364503,3.261040128712354,5.800784985126626,2.6478494697547146,23.937218613364056,33.511333265226384,17.64814252053346,7.148834537225625,3.9892947417902427,6.571713148683495,3.150715844069933,16.68057324198968,27.083830355300137,16.596985829867968,8.743283741560953,2.9627289860607084,0.009481397030759975,0.011833167511236366,1.0,0.3,0.2,1.022961334,1.005565953,1.008905525,1.004452763,1.395547237,1.6,91.2735187,91.20774662,1.373854721,0.457795473,0.916059248,0.015052063,0.005015644,0.010036419,806.08,144,1.0
COOK:8200027,COOK:8200027,COOK:Niles Precinct 27,,,,TRUE,,,,,,0.332705456,0.10770956,0.161961192,0.400192575,0.010353943,0.001038623,0.3116,0.2312,0.7688,0.7999,0.0504,0.0087,0.0677,0.0378,0.05611715,0.216558295,0.135202208,0.106980681,0.109144166,0.175664888,0.13794766,0.033811405,0.028573546,0.071270166,0.000102539,0.040492361,0.010640231,0.015416333,0.004844224,0.101157043,0.079999778,0.014518881,0.039580282,0.120495411,0.261013386,0.057967386,0.03285803,0.113860351,0.035783597,,0.283815049,0.204819277,83.0,0.0,60.0,0.583333333,312.0,48.2,75142,184.5516389,1.263369646,-0.839479678,0.316524909,0.856168881,0.304461466,0.399145939,0.28793726,0.307915935,0.304461466,complete,COOK,Niles Precinct 27,0,0,1,Niles,1,0,0,312,208,139,183,138,92,0.1769,21.7255446245586,45,0.62936,28.87133526975457,60,0.18774,22.044978390505392,46,0.00226,7.638882404022573,16,0.00166,7.167906276673569,15,0.00158,6.635018777508583,14,0.0005,3.1632579842481316,7,COOK:8200027,COOK:8200027,COOK:NILES PRECINCT 27,1.0,54.08582292,7.637172896,7.637172896,7.637172896,7.637172896,3.864156301,7.637172896,3.864156301,17.833829370152717,23.013385986396425,17.364149392168517,6.243083585835453,6.244621695868087,5.8052788956152055,2.6513799484874663,21.463957303074025,28.485334909922855,21.77740960323158,7.568712970489928,7.058102340031965,6.5128481402561285,3.0908874038867387,15.567553756344127,24.50273630340816,20.668135653147896,9.508539378031903,5.946310553216441,0.013975307519340067,0.015363646243988048,1.0,0.3,0.2,1.02291569,1.000703331,1.001125329,1.000562664,1.399437336,1.6,252.1094217,251.1169042,3.275330297,2.088226834,1.187103463,0.012991701,0.008283018,0.004708683,2010.9,208,1.0
COOK:8200028,COOK:8200028,COOK:Niles Precinct 28,,,,,,,,,,0.846130972,0.040105066,0.050115448,0.052518922,0.013355133,4.6e-06,0.5135,0.9991,0.0009,0.5702,0.0817,0.0,0.0,0.3481,0.183000384,0.195437165,0.01008627,0.056876816,0.147915417,0.205510881,0.090377339,0.103699216,0.007096513,3.8e-05,4.56e-05,5.27e-05,2.05e-05,1.34e-05,3.53e-05,1.07e-05,0.080806211,0.090319893,0.023821099,0.078609393,0.047799408,0.040560061,0.028614361,0.10233499,0.506918346,,-0.30968249,0.378947368,190.0,-0.374407583,211.0,0.215411559,571.0,53.3,201365,221.1053452,-1.265033282,0.229383636,-0.997561489,-0.314306248,-0.560132166,-0.586879346,-0.642268595,-0.404810703,-0.560132166,complete,COOK,Niles Precinct 28,0,0,1,Niles,1,0,0,468,312,208,184,138,92,0.47698,29.85873269288811,93,0.50034,30.0926764105522,94,0.021,15.747932193105669,49,0.00074,5.876250894720397,18,0.00038,5.120519510535548,16,0.00036,6.692135575760277,21,0.0002,3.31458132063306,10,COOK:8200028,COOK:8200028,COOK:NILES PRECINCT 28,1.0,83.35840713,1.781009944,1.781009944,1.781009944,1.781009944,5.955533203,1.781009944,1.781009944,21.730697756436385,21.20698876940882,10.757359819942979,3.9852070945510993,3.790135876963618,5.793974221850669,2.63841397873134,29.58283558905297,29.90452438702122,15.652490815263835,5.872464502235136,5.040794980370526,6.6638822146552465,3.240260182294267,19.464422142627793,22.696339086420554,14.061346080922357,7.250662886747549,3.4918247343119724,0.002670633754803683,0.0023976764878614444,1.0,0.3,0.2,2.019065657,1.000878884,1.001406215,1.000703107,1.399296893,1.6,348.5941411,347.6397952,6.349661206,1.272745434,5.076915771,0.018215054,0.003651081,0.014563973,1196.79,312,1.0
COOK:8200029,COOK:8200029,COOK:Niles Precinct 29,,,,,,,,,,0.66643078,0.042577585,0.030224621,0.257918964,0.002846706,0.00283264,0.3623,0.4642,0.5358,0.8924,0.0162,0.0,0.021,0.0704,0.061782632,0.12853549,0.045099344,0.065216725,0.140215691,0.034350855,0.122707686,0.186873209,0.215218368,0.03235998,0.052618782,0.024279631,0.050581762,0.020221047,0.078888743,0.008097516,0.024293483,0.032456498,0.026288351,0.113357342,0.149666027,0.076973533,0.089179331,0.109276588,0.111461385,,-0.361244768,0.417322835,127.0,-0.290780142,141.0,0.393188854,323.0,67.9,81106,192.5756232,-1.48469757,0.464946598,-0.704047982,0.251259361,-0.290069939,-0.368134898,-0.357252556,-0.696037333,-0.290069939,complete,COOK,Niles Precinct 29,0,0,1,Niles,1,0,0,341,227,151,142,107,71,0.17868,27.04167504320525,61,0.81182,36.013202003431275,82,0.00902,15.369969263267944,35,6e-05,4.251027777707976,10,6e-05,3.355957083859698,8,0.00028,6.562458894429287,15,8e-05,3.2022990965597145,7,COOK:8200029,COOK:8200029,COOK:NILES PRECINCT 29,1.0,77.21321192,2.878382957,2.878382957,2.878382957,2.878382957,5.516490335,2.878382957,2.878382957,20.959846731607172,26.88577297696573,11.36477291321192,3.222891656692931,2.746480188902337,5.7981608609761395,2.6449378605449345,27.103631629421436,35.97287761919226,15.44660879715557,4.302020027569548,3.364167905678784,6.5946157407742385,3.1733309511013825,18.693571117798584,28.375123293977463,14.6687591741913,6.488347448889381,2.4481690462506913,0.006857272880274245,0.00892155830145623,1.0,0.3,0.2,1.147274992,1.320532493,1.512851989,1.256425995,1.143574005,1.6,312.8258551,312.8257271,2.405357774,0.601563586,1.803794188,0.007689127,0.001922998,0.005766129,1209.1,227,1.0
COOK:8200031,COOK:8200031,COOK:Niles Precinct 31,,,,,,,,,,0.5518469,0.060281906,0.052702716,0.328145241,0.009951858,0.004092969,0.3403,0.9245,0.0755,0.805,0.0644,0.001,0.0302,0.0877,0.075280757,0.143341597,0.120471913,0.079036824,0.100913174,0.145802836,0.138383625,0.143899524,0.052869752,0.058500218,0.002913161,0.006824094,0.068009846,0.013596582,0.009691067,0.014955539,0.032593586,0.019058812,0.038101579,0.081676061,0.145546209,0.051771264,0.125068642,0.199839335,0.131854005,,-0.164188675,,,-0.286432161,199.0,,,54.7,104121,289.7549886,-0.645204279,,-0.688787547,,,,,-0.357942006,-0.357942006,demographic_only,COOK,Niles Precinct 31,0,0,1,Niles,1,0,0,483,322,215,237,178,119,0.15398,24.10038334915815,78,0.81152,33.7271108571037,109,0.0329,17.685073252403395,57,0.00064,7.198009150723647,23,0.00028,4.073756155905195,13,0.00044,6.623455014300489,21,0.00024,3.1551144782776914,10,COOK:8200031,COOK:8200031,COOK:NILES PRECINCT 31,1.0,79.04371301,2.551502782,2.551502782,2.551502782,2.551502782,5.647270305,2.551502782,2.551502782,18.946916817089182,25.59458512960295,13.293072294296024,5.477489101429688,3.2610510096242926,5.800440990756569,2.647555344294028,23.9374820290371,33.511757253933126,17.648411435763272,7.148472338233878,3.9893180434732365,6.571379503078386,3.1504320673741937,16.68064120328059,27.083935446614685,16.597058555275403,8.742944893626138,2.962739866972647,0.009137402660704065,0.011539042050549538,1.0,0.3,0.2,1.328087977,1.00036305,1.00058088,1.00029044,1.39970956,1.6,310.8387296,309.7614598,2.645688404,1.11249827,1.533190134,0.00851145,0.003579021,0.00493243,2010.86,322,1.0
COOK:8200033,COOK:8200033,COOK:Niles Precinct 33,,,,,,,,,,0.477924127,0.094185354,0.101465602,0.317351083,0.013633891,0.001946753,0.3499,0.8197,0.1803,0.7996,0.0247,0.0007,0.0057,0.1349,0.145112649,0.144090777,0.082904088,0.162423825,0.092217524,0.159970802,0.126386489,0.069015898,0.017877948,0.005020898,0.026416275,0.038024854,0.014840703,1.88e-05,0.001691997,0.00166572,2.55e-05,0.031258784,0.103813087,0.141769414,0.132275648,0.084185925,0.108874561,0.127022405,0.183095407,,0.048611468,0.268518519,216.0,-0.071428571,168.0,0.455938697,522.0,50.2,100944,250.5266209,0.261361409,-0.448469919,0.065826692,0.45088639,0.062847671,0.082401143,0.059532781,-0.112999902,0.062847671,complete,COOK,Niles Precinct 33,0,0,1,Niles,1,0,0,435,290,193,231,174,116,0.15094,24.025424287751296,70,0.81408,33.821561756751606,98,0.03346,17.713791697498003,51,0.00072,7.1984365216428845,21,0.00012,4.091011747355509,12,0.00044,6.691121123382962,19,0.00024,3.152960663623641,9,COOK:8200033,COOK:8200033,COOK:NILES PRECINCT 33,1.0,64.25381144,5.312994815,5.312994815,5.312994815,5.312994815,4.590607242,5.312994815,4.590607242,18.947036879005466,25.59477078623839,13.293200772605708,5.48014128426118,3.2610702320834433,5.80160418769565,2.6478431706858987,23.93639473191131,33.50995884875829,17.647341633662645,7.151361344662014,3.989083114750702,6.572467901699825,3.1506450954484215,16.680761265196878,27.084121103250123,16.597187033585087,8.74559707645763,2.9627590894317977,0.010300599599785028,0.011826868442420204,1.0,0.3,0.2,1.484613546,1.016870937,1.026993499,1.01349675,1.38650325,1.6,260.2651851,258.8561702,4.227044769,2.214166308,2.012878462,0.016241299,0.008507347,0.007733952,1859.09,290,1.0
COOK:8200034,COOK:8200034,COOK:Niles Precinct 34,,,,,,,,,,0.517510525,0.083225696,0.055965216,0.343306785,0.009835998,1.91e-06,0.3064,0.9092,0.0908,0.9368,0.0007,0.0,0.0033,0.0591,0.253093226,0.13413708,0.037413703,0.13575712,0.075851403,0.172120932,0.063105876,0.118969502,0.00955116,0.037700191,0.003178518,0.102208403,0.004532189,0.004595646,9.46e-05,0.058688885,0.05411114,0.1247445,0.046655725,0.114285964,0.147413874,0.060299972,0.060320628,0.081551209,0.099618573,,-0.151383992,0.417721519,158.0,-0.230769231,143.0,0.210762332,446.0,52.3,68333,233.8842831,-0.590654098,0.467393869,-0.493423183,-0.329096905,-0.226721988,-0.236445079,-0.278117608,-0.480141182,-0.226721988,complete,COOK,Niles Precinct 34,0,0,1,Niles,1,0,0,360,240,160,192,144,96,0.1521,24.056133536689075,58,0.81358,33.82741117378786,81,0.0325,17.73277669498435,43,0.00094,7.167023118025292,17,0.00024,4.007714956085231,10,0.00044,6.599096210307236,16,0.0002,3.201810773427401,8,COOK:8200034,COOK:8200034,COOK:NILES PRECINCT 34,1.0,75.30304771,3.219488908,3.219488908,3.219488908,3.219488908,5.380018841,3.219488908,3.219488908,18.946748177346592,25.594324355094454,13.292891832832954,5.477582027070177,3.261024009634094,5.800887158414166,2.6480994273964042,23.937185605641996,33.51129125222979,17.648099575707157,7.148559198590556,3.989323746104528,6.571821406439294,3.1509718861798808,16.680472563538004,27.083674672106188,16.596878093812332,8.743037819266627,2.9627128669824483,0.009583570318300287,0.012083125152925698,1.0,0.3,0.2,1.005048291,1.002107508,1.003372013,1.001686007,1.398313993,1.6,369.0773895,367.2577803,4.85229107,0.909804576,3.942486494,0.013147083,0.002465078,0.010682005,1872.5,240,1.0
COOK:8200035,COOK:8200035,COOK:Niles Precinct 35,,,,,,,,,,0.509368211,0.0788939,0.018986641,0.389092113,0.012405518,0.002921746,0.3887,0.7229,0.2771,0.8212,0.0403,0.0,0.0087,0.1016,0.104679603,0.208121066,0.062259525,0.11551393,0.149689872,0.104779194,0.174301163,0.03763815,0.043017497,0.066999609,0.008004074,4.84e-05,5.71e-05,0.019148782,0.066986477,0.121228153,0.055830422,0.019199297,0.024023973,0.049525199,0.079932891,0.102252549,0.106984836,0.131048615,0.148729643,,0.128339367,0.259259259,162.0,-0.030674847,163.0,0.362903226,496.0,48.7,96565,224.3743758,0.60101615,-0.505306718,0.208863096,0.154911233,0.075655635,0.11487094,0.094454066,-0.258860084,0.075655635,complete,COOK,Niles Precinct 35,0,0,1,Niles,1,0,0,338,225,150,205,154,103,0.1513,24.06977454799092,54,0.8128,33.74824450690666,76,0.0341,17.678499596988047,40,0.00096,7.183389697362108,16,0.00014,4.117581495834306,9,0.0006,6.639315698017772,15,0.0001,3.20009812480584,7,COOK:8200035,COOK:8200035,COOK:NILES PRECINCT 35,1.0,63.74835172,5.428531767,5.428531767,5.428531767,5.428531767,4.554494722,5.428531767,4.554494722,18.946238913519096,25.593536859678057,13.292346869386083,5.47537071170445,3.2609424741778588,5.800877003733739,2.649123519408582,23.937480703555543,33.51183684306268,17.64834209046849,7.146116181700213,3.9895526623456607,6.571869731663713,3.152054458096904,16.679963299710508,27.08288717668979,16.596333130365462,8.7408265039009,2.962631331526213,0.009573415637873584,0.013107217165103251,1.0,0.3,0.2,1.002103499,1.001188603,1.001901764,1.000950882,1.399049118,1.6,359.7323116,358.140935,4.020932443,1.755899401,2.265033042,0.011177568,0.004881128,0.00629644,1984.77,225,1.0
COOK:8200036,COOK:8200036,COOK:Niles Precinct 36,,,,,,,,,,0.378825144,0.11464581,0.229197491,0.279596326,0.011489543,2.01e-06,0.2982,0.7589,0.2411,0.7837,0.0375,0.0015,0.012,0.1577,0.159086002,0.11199686,0.091653137,0.231958131,0.105446428,0.091105401,0.121201261,0.07246015,0.01509263,0.019166654,0.054782875,0.081002377,0.030969403,8.77e-05,0.016729031,0.016668252,6.69e-05,1.04e-05,0.062024923,0.133482961,0.135958219,0.071682041,0.150175186,0.124201311,0.102991788,,0.140297517,0.111111111,90.0,0.310344828,87.0,0.556390977,266.0,42.5,90631,147.1063788,0.651959953,-1.414695431,1.405765447,0.770456755,0.42875223,0.353371681,0.639230984,0.220628689,0.42875223,complete,COOK,Niles Precinct 36,0,0,1,Niles,1,0,0,282,188,125,123,93,62,0.15988,21.271752820427626,40,0.60094,28.51387280481605,54,0.23332,23.11972251566087,43,0.00144,7.122992158063885,13,0.00216,7.339107732481176,14,0.0019,6.680165104410736,13,0.00036,3.121684924922513,6,COOK:8200036,COOK:8200036,COOK:NILES PRECINCT 36,1.0,48.56898795,8.898199783,8.898199783,8.898199783,8.898199783,3.470006569,8.898199783,3.470006569,17.83517074543668,23.31406668517625,18.670692057074316,5.983357187745565,6.49129875586957,5.804431281324472,2.6482838812355913,21.065487240600934,28.224610531759943,22.875251226345434,7.00046421311599,7.243054848773349,6.4862968998140484,3.0620877104835156,15.568895131628091,24.803417002187985,21.974678318053694,9.248812979942015,6.192987613217924,0.013127693228606473,0.012267578992112772,1.0,0.3,0.2,2.325346133,1.013765353,1.022024565,1.011012282,1.388987718,1.6,155.7108545,154.8673434,2.531107916,1.325517418,1.205590499,0.01625518,0.008512685,0.007742495,1475.91,188,1.0
COOK:8200037,COOK:8200037,COOK:Niles Precinct 37,,,,,,,,,,0.435058195,0.115219251,0.094790675,0.350969425,0.024329152,0.003943375,0.2935,0.6534,0.3466,0.7145,0.1482,0.0,0.0191,0.116,0.0879286,0.132950761,0.133803421,0.100859367,0.206424622,0.109086395,0.150913944,0.03548578,0.04254711,0.018846171,0.071272089,0.094775548,0.064888331,0.016205015,0.020133778,0.027496212,0.034955216,0.07358965,0.094838243,0.036382026,0.090012002,0.151089263,0.015327685,0.152452103,0.03773667,,0.279828476,0.256756757,148.0,-0.119402985,134.0,0.497487437,398.0,46.2,58207,224.6715604,1.24638615,-0.520668011,-0.10255271,0.583066028,0.166663978,0.301557864,0.085841863,-0.009549156,0.166663978,complete,COOK,Niles Precinct 37,0,0,1,Niles,1,0,0,396,264,176,186,140,93,0.15192,24.080451998896823,64,0.81126,33.72320296145516,89,0.03488,17.714969237873238,47,0.0009,7.203382008041351,19,0.00018,4.039592428509158,11,0.00072,6.615767317409256,17,0.00014,3.1873328333610416,8,COOK:8200037,COOK:8200037,COOK:NILES PRECINCT 37,1.0,60.03097359,6.27824248,6.27824248,6.27824248,6.27824248,4.288907007,6.27824248,4.288907007,18.94666294686894,25.594192559732466,13.292800627661148,5.479607213305844,3.261010363846771,5.802190307250105,2.6488657584138386,23.936090960282257,33.50950554895059,17.647001864113893,7.150750524149602,3.9891585980437245,6.573065756715538,3.1516794186376202,16.68038733306035,27.0835428767442,16.596786888640526,8.745063005502294,2.9626992211951255,0.010886719154239886,0.012849456170360261,1.0,0.3,0.2,1.019053197,1.000126914,1.000203063,1.000101531,1.399898469,1.6,546.8784416,546.3732419,5.005713584,3.004156993,2.00155659,0.009153247,0.005493281,0.003659966,2015.91,264,1.0
COOK:8200039,COOK:8200039,COOK:Niles Precinct 39,,,,TRUE,,,,,,0.648432789,0.0775335,0.03444474,0.214018432,0.02247655,0.001249548,0.4052,0.8435,0.1565,0.8052,0.0282,0.0,0.0464,0.1149,0.205699365,0.073056557,0.080532828,0.072140912,0.183054063,0.13009332,0.152999384,0.070310682,0.032112888,0.121690142,0.096610297,0.010807718,0.000117452,0.027488028,0.038175082,0.004843664,2.36e-05,0.0704177,0.027562914,0.141071302,0.059762079,0.093140812,0.050324393,0.131341451,0.126623351,,0.035744558,0.439613527,207.0,-0.229885057,174.0,0.268199234,522.0,51.2,70874,255.2815746,0.20654613,0.601775198,-0.490319931,-0.146372016,-0.026779261,0.042907345,-0.133424716,-0.298977293,-0.026779261,complete,COOK,Niles Precinct 39,0,0,1,Niles,1,0,0,447,298,199,216,162,108,0.1542,24.05447878210549,72,0.81008,33.74803605793019,101,0.03348,17.68712004082111,53,0.00122,7.177447442214863,21,0.00024,4.1065181853074755,12,0.00058,6.635590585119935,20,0.0002,3.2560077725893017,10,COOK:8200039,COOK:8200039,COOK:NILES PRECINCT 39,1.0,67.83877583,4.552414917,4.552414917,4.552414917,4.552414917,4.84673467,4.552414917,4.552414917,18.94818623369293,25.596548080244595,13.29443069756471,5.47712485312082,3.261254248999151,5.797265138873623,2.643543087028928,23.939553215609944,33.51500233926866,17.650599624866693,7.148182419458475,3.989246613183594,6.568226149796091,3.1464423087097453,16.681910619884338,27.08589839725633,16.59841695854409,8.74258064531727,2.9629431063475056,0.005961550777757372,0.007526784785449643,1.0,0.3,0.2,1.002058317,1.000600162,1.000960259,1.000480129,1.399519871,1.6,359.900437,358.3319614,4.651787198,1.957743206,2.694043991,0.012925206,0.00543968,0.007485526,1693.09,298,1.0
COOK:8200004,COOK:8200004,COOK:Niles Precinct 4,,,,,,,,,,0.496803457,0.099642029,0.023306766,0.381045241,0.011252389,1.64e-06,0.3622,0.6805,0.3195,0.8523,0.0199,0.0,0.003,0.1196,0.129453363,0.15392845,0.063651422,0.134699985,0.093818373,0.084473358,0.122046303,0.112141572,0.105787175,0.053356149,0.02062994,0.010325318,0.037824597,0.006897039,0.049868357,0.006917765,0.018980759,0.02237805,0.032693656,0.128932988,0.158491481,0.065519734,0.108335824,0.130755238,0.148093105,,0.245474367,0.156626506,83.0,-0.238095238,84.0,0.169230769,325.0,55.4,92540,191.6840694,1.10003166,-1.135304922,-0.51913582,-0.461221897,-0.415824493,-0.253907745,-0.468870108,-0.397132246,-0.415824493,complete,COOK,Niles Precinct 4,0,0,1,Niles,1,0,0,204,136,91,174,131,87,0.15264,24.154226256959742,33,0.81446,33.807198232222134,46,0.03102,17.58874762377167,24,0.00096,7.212224575764234,10,0.00018,4.078315727490692,6,0.00058,6.653487754111445,9,0.00016,3.1393563826153796,4,COOK:8200004,COOK:8200004,COOK:NILES PRECINCT 4,1.0,80.44229437,2.301752303,2.301752303,2.301752303,2.301752303,5.747191813,2.301752303,2.301752303,18.992320390268205,25.623160520279836,13.248348127798742,5.424128552590842,3.249192326930612,5.8008156264321595,2.648914734597566,24.008496033448395,33.56699817561601,17.598912440693148,7.082566694438716,3.975495246784222,6.5723733804944775,3.1524106994182324,16.726044776459613,27.11251083729157,16.55233438877812,8.689584344787292,2.9508811842789666,0.009512038336294198,0.01289843235408749,1.0,0.3,0.2,1.050418249,1.177868876,1.284590201,1.142295101,1.257704899,1.6,367.2904609,367.2901912,2.822395622,0.706273215,2.116122406,0.00768437,0.001922928,0.005761441,1963.16,136,1.0
COOK:8200040,COOK:8200040,COOK:Niles Precinct 40,,,,,,,,,,0.500409365,0.10380544,0.050919929,0.333726833,0.010449704,0.003482394,0.4331,0.9485,0.0515,0.756,0.0477,0.0416,0.0,0.1523,0.117986789,0.13506172,0.0780069,0.112556656,0.148115832,0.162374507,0.152107906,0.06250534,0.03128435,0.041732919,6.39e-06,7.56e-06,0.006199151,0.021632921,3.82e-05,0.0,0.055662615,0.003131997,0.026382037,0.061963194,0.09617506,0.075920576,0.122161431,0.264582899,0.224403086,,-0.006966179,,,0.023255814,215.0,,,51.2,147746,272.221097,0.024590949,,0.398147585,,,,,-0.117471308,-0.117471308,demographic_only,COOK,Niles Precinct 40,0,0,1,Niles,1,0,0,513,342,228,221,166,111,0.15488,24.051388032058618,82,0.80936,33.72109817264337,115,0.03412,17.684400832659964,60,0.00078,7.147698773542224,24,0.00018,4.088185629505626,14,0.00048,6.6234829594875695,23,0.0002,3.2086352016472732,11,COOK:8200040,COOK:8200040,COOK:NILES PRECINCT 40,1.0,71.50796592,3.897192414,3.897192414,3.897192414,3.897192414,5.108879595,3.897192414,3.897192414,18.946854733818633,25.594489127710897,13.293005858960772,5.477364536209045,3.261041069810162,5.800518749290439,2.6477162072036236,23.93744873973117,33.51171012404922,17.64837208355172,7.148331949644598,3.9893336289488026,6.571460238148078,3.1505959068196123,16.68057912001004,27.08383944472263,16.59699211994015,8.742820328405495,2.9627299271585166,0.009215161194573284,0.011699904960145115,1.0,0.3,0.2,1.083180654,1.010795325,1.01727252,1.00863626,1.39136374,1.6,473.8070687,471.1152193,8.054073002,3.322414752,4.73165825,0.016998634,0.007012168,0.009986466,1915.54,342,1.0
COOK:8200041,COOK:8200041,COOK:Niles Precinct 41,,,,,,,,,,0.480730529,0.092544403,0.086063101,0.339371187,0.012220761,0.000647316,0.3868,0.8578,0.1422,0.7829,0.0658,0.0082,0.0172,0.0771,0.08313527,0.076450885,0.12355032,0.137753305,0.104908381,0.113315845,0.186751716,0.12857313,0.04556115,0.030002331,0.015762808,0.022913761,0.022902142,0.018573609,0.011467992,0.0172018,6.12e-05,0.017205765,0.074265562,0.172690078,0.091407233,0.085782018,0.127035386,0.137129384,0.155598917,,0.080257817,0.262135922,206.0,0.133757962,157.0,0.416837782,487.0,53.7,101616,241.6110828,0.396180369,-0.487648686,0.785985269,0.326494055,0.294233242,0.255252752,0.400379745,-0.050531,0.294233242,complete,COOK,Niles Precinct 41,0,0,1,Niles,1,0,0,414,276,184,215,162,108,0.17612,21.7077733841029,60,0.6283,28.87514007491392,80,0.18944,22.056656917646627,61,0.00232,7.709278134994971,21,0.00212,7.148617298642251,20,0.00142,6.614985936698221,18,0.00028,3.108309010091785,9,COOK:8200041,COOK:8200041,COOK:NILES PRECINCT 41,1.0,54.53603058,7.534265348,7.534265348,7.534265348,7.534265348,3.896321343,7.534265348,3.896321343,17.83450587798174,23.014432098030024,17.364873323495342,6.239368575430596,6.244784163840995,5.801668353871344,2.6483671829065316,21.466491607772475,28.4893306304351,21.780552514669978,7.5650070050261125,7.058543699996395,6.509345086599799,3.087982126393335,15.568230264173152,24.50378241504176,20.66885958447472,9.504824367627046,5.94647302118935,0.010364765775478508,0.012350880663053322,1.0,0.3,0.2,1.006301132,1.00039453,1.000631249,1.000315624,1.399684376,1.6,453.1768807,451.4990225,5.428950231,3.344886733,2.084063498,0.01197976,0.007380974,0.004598786,1718.02,276,1.0
COOK:8200042,COOK:8200042,COOK:Niles Precinct 42,,,,,,,,,,0.360076208,0.128114836,0.040723967,0.473111304,0.012204749,0.003389752,0.3729,0.8961,0.1039,0.8789,0.014,0.0,0.0,0.1061,0.041204343,0.07448538,0.10041125,0.230540806,0.087244686,0.215884539,0.086699815,0.123871829,0.039657352,0.003033689,0.024037951,0.021042618,0.025598636,1.58e-05,0.040571417,0.019538242,0.01955711,0.144246737,0.003044511,0.025614905,0.022700667,0.19241024,0.243532838,0.08725121,0.127803428,,0.066013609,0.288343558,163.0,-0.15942029,138.0,0.420654912,397.0,50.7,119619,219.3222375,0.335497561,-0.326776419,-0.243004449,0.338637549,-0.03176164,0.026088561,-0.085580242,-0.241847885,-0.03176164,complete,COOK,Niles Precinct 42,0,0,1,Niles,1,0,0,359,239,159,192,144,96,0.15312,24.095225058932442,58,0.81208,33.74903945622013,81,0.03288,17.6846572094508,42,0.00084,7.190817170401481,17,0.00028,4.023978869588192,10,0.00064,6.597710710538562,16,0.00016,3.19899027490407,8,COOK:8200042,COOK:8200042,COOK:NILES PRECINCT 42,1.0,68.05303826,4.514153185,4.514153185,4.514153185,4.514153185,4.862042628,4.514153185,4.514153185,18.945304379757715,25.592091752026928,13.291346824395017,5.4760803084917935,3.2607928510699797,5.803455517970204,2.6521869543834855,23.935745055964578,33.509101883916294,17.646521364471514,7.146808902168093,3.9895677357614705,6.574419040719805,3.1550886878914355,16.679028765949127,27.081442069038662,16.595333085374396,8.741536100688243,2.962481708418334,0.012151929874338937,0.01617065214000702,1.0,0.3,0.2,1.547273234,1.130059398,1.208095036,1.104047518,1.295952482,1.6,763.4039969,762.8541916,11.49309032,3.832987262,7.660103056,0.015055057,0.005020916,0.010034141,2106.12,239,1.0
COOK:8200043,COOK:8200043,COOK:Niles Precinct 43,,,,,,,,,,0.665752313,0.077454782,0.031479439,0.222211553,0.009803654,2.44e-06,0.2251,0.8956,0.1044,0.8153,0.0341,0.0025,0.0058,0.1422,0.192723113,0.104401843,0.09529117,0.103441091,0.172874398,0.097360585,0.146420183,0.032261743,0.055225874,0.035788676,0.014332714,1.34e-05,0.007188795,0.020475232,0.073621777,2.41e-05,0.050163997,0.025581321,0.087045071,0.072605691,0.169836693,0.213825734,0.074798695,0.062619374,0.09207867,,0.087065791,0.224043716,183.0,-0.298507463,134.0,0.234782609,575.0,47.4,91657,306.1001418,0.425183525,-0.721472885,-0.73116914,-0.252680833,-0.4356701,-0.320034833,-0.517896961,-0.61392127,-0.4356701,complete,COOK,Niles Precinct 43,0,0,1,Niles,1,0,0,348,232,155,254,191,127,0.15264,24.08933900155576,56,0.8132,33.79969368274295,78,0.03214,17.714005717004582,41,0.00094,7.20175778268837,17,0.00022,3.9869201246318013,9,0.00058,6.584972428676586,15,0.00028,3.2248475740315383,7,COOK:8200043,COOK:8200043,COOK:NILES PRECINCT 43,1.0,80.88969863,2.221857468,2.221857468,2.221857468,2.221857468,5.779156566,2.221857468,2.221857468,18.94809510274898,25.596407160751053,13.294333178301315,5.476923468242411,3.261239658520325,5.797369180624727,2.643774610451499,23.939513208089,33.51494768992059,17.65055067363133,7.147956213689337,3.9892710619712606,6.568335091503276,3.1466787320883967,16.68181948894039,27.085757477762787,16.598319439280694,8.742379260438861,2.9629285158686796,0.006065592528861573,0.007758308208020864,1.0,0.3,0.2,1.000034233,1.025598558,1.040957693,1.020478847,1.379521153,1.6,329.5563789,329.2821177,1.641967709,0.547745111,1.094222598,0.004982358,0.001662068,0.00332029,3205.16,232,1.0
COOK:8200044,COOK:8200044,COOK:Niles Precinct 44,,,,,,,,,,0.43172485,0.108531602,0.067777591,0.384068796,0.024319771,0.00460176,0.4119,0.8952,0.1048,0.7441,0.0613,0.0361,0.0,0.1586,0.1055129,0.09744812,0.090344034,0.140910915,0.166123006,0.11790707,0.151120166,0.094615281,0.036018509,0.012846551,1.6e-05,2.3e-05,0.011210976,0.019220192,0.01600183,1e-06,0.030447908,0.008019099,0.035300399,0.08812546,0.081782014,0.084905496,0.182568062,0.165215678,0.264316308,,-0.017496845,0.288288288,222.0,-0.131428571,175.0,0.517094017,468.0,48.5,140350,252.3097286,-0.020271524,-0.327115687,-0.144759812,0.645440739,0.0258746,0.038323429,-0.010742048,-0.01748489,0.0258746,complete,COOK,Niles Precinct 44,0,0,1,Niles,1,0,0,425,283,189,214,161,107,0.15516,24.02765100348179,68,0.81138,33.696499914394174,95,0.03194,17.69266329364012,50,0.00068,7.159735540354759,20,0.00012,4.079483191474921,12,0.0005,6.657566632783557,19,0.00022,3.2352663227927128,9,COOK:8200044,COOK:8200044,COOK:NILES PRECINCT 44,1.0,65.68537936,4.985769939,4.985769939,4.985769939,4.985769939,4.692885471,4.985769939,4.692885471,18.946294787174565,25.593623259389172,13.292406659809494,5.47799368036182,3.260951419804358,5.802174839900385,2.6496023952844165,23.93631138142401,33.509911596778025,17.647184237836033,7.148968385378769,3.989325324470931,6.5730929894315215,3.1524587555739014,16.680019173365974,27.082973576400907,16.596392920788873,8.74344947255827,2.9626402771527123,0.010871251804519151,0.013586093040938104,1.0,0.3,0.2,1.17894228,1.027915912,1.04466546,1.02233273,1.37766727,1.6,426.7157774,424.3679763,7.630105595,4.10847483,3.521630765,0.017881002,0.00962813,0.008252872,1899.63,283,1.0
COOK:8200045,COOK:8200045,COOK:Niles Precinct 45,,,,,,,,,,0.553137521,0.082352916,0.076359032,0.284514825,0.0060603,0.002418727,0.4398,0.9471,0.0529,0.6902,0.0332,0.0,0.0001,0.2765,0.100848168,0.158856231,0.068325839,0.047949801,0.117197908,0.166870236,0.12730409,0.140410229,0.0722375,5.64e-05,0.005941435,6.41e-05,0.002983239,2.3e-05,0.002981824,7.85e-05,0.008943257,6.27e-05,0.085505443,0.091409951,0.206402302,0.1179484,0.070796778,0.182780646,0.22402203,,-0.173715163,0.474576271,118.0,0.0,122.0,0.378016086,373.0,56.5,120252,165.8290089,-0.685788778,0.81638959,0.316524909,0.202990004,0.2627603,0.162528931,0.293559496,-0.186411336,0.2627603,complete,COOK,Niles Precinct 45,0,0,1,Niles,1,0,0,309,206,137,136,102,68,0.18334,21.991661230466637,45,0.6352,29.02226683057406,60,0.17514,21.811509329566313,45,0.00228,7.356500227423041,15,0.00188,7.099573008874266,15,0.00172,6.61761002378202,14,0.00044,3.1396016847506196,6,COOK:8200045,COOK:8200045,COOK:NILES PRECINCT 45,1.0,55.91431393,7.21922015,7.21922015,7.21922015,7.21922015,3.994792662,7.21922015,3.994792662,18.0075859345788,23.12594532487912,17.200171805219078,6.0459633889574285,6.178755513135982,5.800114939064343,2.646426378108093,21.72283052233549,28.688554984712198,21.617915195522414,7.340196522472771,6.98934045094334,6.510082672552445,3.0883323223545434,15.74131032077021,24.615295641890853,20.504158066198457,9.311419181153878,5.880444370484337,0.00881135096847778,0.010410075864614343,1.0,0.3,0.2,1.048309405,1.003114997,1.004983994,1.002491997,1.397508003,1.6,465.2706006,462.7525259,7.550292901,3.934382261,3.61591064,0.016227746,0.008456116,0.007771629,957.81,206,1.0
COOK:8200047,COOK:8200047,COOK:Niles Precinct 47,,,,,,,,,,0.599453303,0.054200563,0.114352858,0.23351576,0.004643613,2.7e-06,0.3533,0.7981,0.2019,0.8325,0.0192,0.0133,0.0322,0.0937,0.148169347,0.149459725,0.117662576,0.058914545,0.162355061,0.071786639,0.136413067,0.101136535,0.054102506,0.014045064,6.76e-05,0.021037755,0.024544377,0.010524603,0.007073134,0.035084119,0.049142394,0.031606898,0.087693374,0.045685054,0.119316714,0.084239011,0.080716243,0.192805607,0.196418044,,-0.079738422,0.364485981,107.0,-0.111111111,108.0,0.34082397,267.0,48.9,116079,123.3316105,-0.285431487,0.140614236,-0.073450097,0.08467016,-0.012201158,-0.033399297,-0.020211318,-0.229346079,-0.012201158,complete,COOK,Niles Precinct 47,0,0,1,Niles,1,0,0,212,141,94,107,81,54,0.1524,24.096412269664498,34,0.81222,33.755791563465024,48,0.03376,17.697863441178086,25,0.00088,7.196860610769104,10,0.00032,4.0862467974206576,6,0.00028,6.613854529110524,9,0.00014,3.178647091027112,4,COOK:8200047,COOK:8200047,COOK:NILES PRECINCT 47,1.0,67.20329044,4.66589618,4.66589618,4.66589618,4.66589618,4.801332479,4.66589618,4.66589618,18.947969367628687,25.596212731409004,13.294198629093522,5.481273134466811,3.2612195277553973,5.800033616826745,2.6452434334650032,23.937247768354347,33.511245964566335,17.648283958476114,7.15266747052379,3.9889118948106965,6.570873793382663,3.1480218207792703,16.6816937538201,27.085563048420738,16.5981848900729,8.74672892666326,2.9629083851037517,0.008730028730879802,0.009227131221524972,1.0,0.3,0.2,1.117415381,1.000918428,1.001469485,1.000734742,1.399265258,1.6,224.0410356,224.0410356,1.263983275,0.0,1.263983275,0.005641749,0.0,0.005641749,912.46,141,1.0
COOK:8200048,COOK:8200048,COOK:Niles Precinct 48,,,,,,,,,,0.409819132,0.126936635,0.104725399,0.345789806,0.011688353,0.001594641,0.2482,0.5338,0.4662,0.7856,0.065,0.0041,0.0368,0.0985,0.087131018,0.163577726,0.143156057,0.081599595,0.201036067,0.086711379,0.127448141,0.076419184,0.032920833,0.022653488,0.069178395,0.029333254,0.035940038,0.013312629,0.019979095,0.053267884,0.086497946,0.047934322,0.062591428,0.078550537,0.115901941,0.123794687,0.054581705,0.110551062,0.075931589,,0.166829581,0.358974359,78.0,-0.047619048,84.0,0.475308642,324.0,46.0,71326,204.760192,0.764991168,0.10678184,0.149392762,0.512508291,0.321858675,0.383418515,0.275053524,-0.025664629,0.321858675,complete,COOK,Niles Precinct 48,0,0,1,Niles,1,0,0,296,197,131,188,141,94,0.17452,21.72392735504471,43,0.63196,28.8287513685069,57,0.1874,21.97518482293625,43,0.00212,7.684538990377419,15,0.00206,7.179180680971872,14,0.0015,6.659500112344993,13,0.00044,3.111881744625241,6,COOK:8200048,COOK:8200048,COOK:NILES PRECINCT 48,1.0,53.31793233,7.81269576,7.81269576,7.81269576,7.81269576,3.809294434,7.81269576,3.809294434,17.83443448457643,23.014321699497067,17.364796925380766,6.24032746957301,6.244767018227387,5.802358174597171,2.6488259190284413,21.465985755167466,28.488529784332137,21.77990432820455,7.565973980309016,7.058436365911314,6.5100082508895465,3.0884142060791655,15.56815887076784,24.5036720165088,20.668783186360145,9.50578326176946,5.946455875575741,0.011054586501306005,0.012809616784962927,1.0,0.3,0.2,1.053636612,1.000694393,1.001111029,1.000555514,1.399444486,1.6,360.9581802,360.279786,3.576904345,1.567177644,2.009726701,0.00990947,0.004341715,0.005567755,2028.53,197,1.0
COOK:8200049,COOK:8200049,COOK:Niles Precinct 49,,,,,,,,,,0.668410929,0.070167017,0.146703361,0.104693329,0.010034614,0.003640806,0.5989,0.9642,0.0358,0.6537,0.0646,0.0,0.0,0.2817,0.071311275,0.10798157,0.107755317,0.146786861,0.131612854,0.078937484,0.185773691,0.117782695,0.052058255,0.02206571,0.016993624,0.017008396,1.68e-05,0.01695869,0.113587887,0.018679636,0.072932559,0.000102209,3.77e-05,0.054376707,0.157692989,0.049241993,0.042432415,0.122177675,0.295694971,,-0.30320422,0.45686901,313.0,0.087837838,296.0,0.584302326,688.0,51.5,104847,273.1126508,-1.237434723,0.707695803,0.624815963,0.859251554,0.424807218,0.238582149,0.50205398,0.103121727,0.424807218,complete,COOK,Niles Precinct 49,0,0,1,Niles,1,0,0,632,421,281,208,156,104,0.17504,21.67299392771155,91,0.63208,28.909753342134014,122,0.18636,21.97134625813803,92,0.0024,7.658532407583884,32,0.0021,7.1792467316745325,30,0.00166,6.633412834508926,28,0.00036,3.1349650767064934,13,COOK:8200049,COOK:8200049,COOK:NILES PRECINCT 49,1.0,48.74442936,8.858097743,8.858097743,8.858097743,8.858097743,3.482540964,8.858097743,3.482540964,17.83711616711615,23.01846849452598,17.36766659505167,6.243844089341575,6.245411042594167,5.797983986081894,2.6414144841056326,21.468359751965252,28.492166815154043,21.782177251284686,7.569814977048772,7.058230477992414,6.5055673443329685,3.080936053115056,15.57084055330756,24.507818811537714,20.67165285603105,9.509299881538025,5.947099899942522,0.006680397986028693,0.00539818186215418,1.0,0.3,0.2,2.184557539,1.001195589,1.001912943,1.000956472,1.399043528,1.6,305.3115562,304.4757801,5.562354054,1.114594776,4.447759278,0.018218616,0.00365068,0.014567936,1298.27,421,1.0
COOK:8200005,COOK:8200005,COOK:Niles Precinct 5,,,,,,,,,,0.637645168,0.070921197,0.03051543,0.238072694,0.010901239,0.002178348,0.3721,0.7767,0.2233,0.8791,0.009,0.0,0.0057,0.1062,0.091161241,0.155544567,0.030490512,0.060016968,0.159882909,0.037647718,0.152721317,0.119735314,0.192799457,0.023104025,0.0598141,0.013826386,0.041450142,0.011511231,0.043792629,3.27e-05,0.029962791,0.023053242,0.013848383,0.17491192,0.101579162,0.046233374,0.094479793,0.087637697,0.23476245,,-0.153841975,0.102040816,98.0,-0.395348837,86.0,-0.019607843,255.0,64.3,90922,150.9697787,-0.601125534,-1.470372292,-1.07106058,-1.061977043,-1.098127367,-1.051133862,-1.10211271,-0.647063414,-1.098127367,complete,COOK,Niles Precinct 5,0,0,1,Niles,1,0,0,147,98,65,125,94,63,0.50204,31.523963610479193,31,0.48832,31.35781730152945,31,0.00902,14.323956529099508,14,0.00016,4.247339509052661,4,0.0001,4.704367303369312,5,0.00024,6.757094965087637,7,0.00012,3.2782600696377804,3,COOK:8200005,COOK:8200005,COOK:NILES PRECINCT 5,1.0,89.38594757,0.704647033,0.704647033,0.704647033,0.704647033,6.386170236,0.704647033,0.704647033,22.79794722858349,21.889329508909167,9.729953659090809,2.785456341449981,3.5162813421541816,5.797709056070608,2.64428594898128,31.433534658361072,31.254110465984013,14.380946360453482,4.245026885580906,4.698782850886531,6.683168172979097,3.2616832766481183,20.5316716147749,23.3786798259209,13.033939920070187,6.050912133646431,3.217970199502536,0.00640546797474288,0.008269646737801627,1.0,0.3,0.2,1.079081637,1.178117422,1.284987876,1.142493938,1.257506062,1.6,170.5681327,170.5681218,1.310914699,0.327747831,0.983166868,0.007685578,0.001921507,0.005764071,1002.21,98,1.0
COOK:8200051,COOK:8200051,COOK:Niles Precinct 51,,,,,,,,,,0.48744393,0.075446027,0.014032532,0.419861243,0.008616097,0.002154412,0.3051,0.5471,0.4529,0.8664,0.0557,0.0,0.0035,0.0581,0.043303995,0.273338052,0.109009095,0.089195033,0.204764751,0.089957584,0.098982931,0.068154938,0.023293621,0.054539501,0.00549017,0.016392237,0.005501338,0.002737289,0.030047665,0.030042761,0.07635825,0.016645427,0.002755256,0.008251732,0.281072972,0.207550032,0.054906558,0.106500634,0.101208178,,0.030689859,0.404255319,94.0,-0.056179775,89.0,0.303643725,247.0,45.1,97346,142.3514252,0.185012232,0.3847333,0.119346536,-0.033611918,0.157303468,0.163870037,0.148398767,-0.39096449,0.157303468,complete,COOK,Niles Precinct 51,0,0,1,Niles,1,0,0,173,115,77,122,92,61,0.15338,24.033606343168557,28,0.80948,33.72653951882361,39,0.03548,17.652175494880858,20,0.00092,7.24053715553876,8,0.00014,4.042183896376493,5,0.00044,6.675284221825262,8,0.00016,3.219010233159808,4,COOK:8200051,COOK:8200051,COOK:NILES PRECINCT 51,1.0,60.42257536,6.188730945,6.188730945,6.188730945,6.188730945,4.316884957,6.188730945,4.316884957,18.94589667277087,25.593007638857763,13.291980637410155,5.47494336910793,3.2608876798766695,5.80144693228336,2.650074707764203,23.937173324461853,33.51137380636418,17.648001907619253,7.145623779212663,3.98961657814643,6.572448644424815,3.153014630664007,16.67962105896228,27.082357955869497,16.595966898389534,8.74039916130438,2.962576537225024,0.010143344187494975,0.014058405520724413,1.0,0.3,0.2,1.150057032,1.060955254,1.097528406,1.048764203,1.351235797,1.6,188.5839829,188.5836189,1.450996188,0.363521877,1.087474311,0.007694165,0.001927639,0.005766525,1154.09,115,1.0
COOK:8200054,COOK:8200054,COOK:Niles Precinct 54,,,,,,,,,,0.599444062,0.097675452,0.029408518,0.25702637,0.011762734,0.008221429,0.4371,0.6786,0.3214,0.7346,0.0251,0.0,0.035,0.1819,0.08715278,0.130184524,0.031866213,0.218019322,0.11478177,0.161808243,0.089264166,0.078872001,0.088050981,0.055600041,4.53e-05,0.006991564,0.007021099,0.041668903,0.039438736,0.02101546,0.027847509,0.007033822,0.108847977,0.094980069,0.106728865,0.051226425,0.05810933,0.106880684,0.266564198,,-0.04426039,0.362068966,116.0,-0.402298851,87.0,0.285714286,336.0,50.8,95967,149.7810403,-0.134288889,0.125777695,-1.095453566,-0.090651115,-0.394770436,-0.298653969,-0.554130356,-0.142650406,-0.394770436,complete,COOK,Niles Precinct 54,0,0,1,Niles,1,0,0,228,152,101,119,90,60,0.15122,24.06458876725605,37,0.81216,33.775415046424136,51,0.03492,17.73248354976738,27,0.00078,7.186593993938082,11,0.00016,4.04442780416711,6,0.0006,6.673361027698283,10,0.00016,3.1990291919220577,5,COOK:8200054,COOK:8200054,COOK:NILES PRECINCT 54,1.0,79.95004677,2.389655,2.389655,2.389655,2.389655,5.712023232,2.389655,2.389655,18.947707862387638,25.595808355194603,13.293918792219504,5.476628016656456,3.2611776595763002,5.798116504962063,2.6448975815128852,23.9390755794169,33.51427637880557,17.650076379971452,7.14760327365865,3.989327383006156,6.569087194362658,3.1478064816718296,16.681432248579046,27.085158672206337,16.597905053198883,8.742083808852906,2.9628665169246546,0.006812916866197367,0.008881279269406656,1.0,0.3,0.2,1.000613991,1.003279076,1.005246522,1.002623261,1.397376739,1.6,122.2929766,121.4451464,2.033852468,1.016920194,1.016932274,0.016630983,0.008315442,0.008315541,699.33,152,1.0
COOK:8200055,COOK:8200055,COOK:Niles Precinct 55,,,,,,,,,,0.564017412,0.088228222,0.096909006,0.247045896,0.018873844,0.002521535,0.3016,0.938,0.062,0.7683,0.0268,0.0175,0.0,0.1744,0.22153139,0.145874206,0.062710901,0.114228954,0.078963754,0.203333144,0.091522603,0.063378228,0.018456821,0.018336896,1.03e-05,4.49e-05,6.3e-05,0.015669576,0.018268129,2.7e-05,0.010596084,4.19e-05,0.06521389,0.028855011,0.099273528,0.02882645,0.1304198,0.367715097,0.216638585,,0.023225839,0.308176101,159.0,-0.178294574,129.0,0.510971787,319.0,52.0,161470,137.5964715,0.153214206,-0.205036856,-0.30924894,0.625963996,0.019976787,0.066223101,-0.055117622,-0.3345368,0.019976787,complete,COOK,Niles Precinct 55,0,0,1,Niles,1,0,0,270,180,120,118,89,59,0.1525,24.068139230806576,43,0.8128,33.778756034825605,61,0.03328,17.7597938734049,32,0.00068,7.175898793263904,13,0.00014,4.058121088663362,7,0.00052,6.668194641734592,12,8e-05,3.1901524900367364,6,COOK:8200055,COOK:8200055,COOK:NILES PRECINCT 55,1.0,65.90980254,4.934471747,4.934471747,4.934471747,4.934471747,4.708919363,4.934471747,4.708919363,18.947818873810107,25.595980016682507,13.294037585591745,5.480272925358689,3.2611954330102053,5.799841727135359,2.645459942546996,23.937500559403645,33.51167886590873,17.648520384623136,7.151569278176611,3.9890089385241083,6.570709109043496,3.148265535213482,16.681543260001515,27.08533033369424,16.598023846571124,8.745728717555139,2.9628842903585597,0.008538139039493187,0.009443640303517594,1.0,0.3,0.2,1.059658303,1.012690301,1.020304482,1.010152241,1.389847759,1.6,230.9754264,229.6442677,3.833561347,1.3441186,2.489442747,0.016597269,0.005819314,0.010777955,1102.66,180,1.0
COOK:8200056,COOK:8200056,COOK:Niles Precinct 56,,,,,,,,,,0.639088013,0.072694084,0.021335622,0.260216893,0.004001048,0.001333905,0.3859,0.9688,0.0312,0.8617,0.0051,0.0,0.0,0.1332,0.26569111,0.086335003,0.044933097,0.135491966,0.115631453,0.081204118,0.097620509,0.070844988,0.102247755,0.057627828,5.92e-08,1.86e-05,6.66e-06,0.023919779,0.064645592,0.050576742,0.015482,0.004229413,0.092752198,0.028224493,0.109698537,0.161699487,0.073113816,0.032427455,0.28557738,,-0.107699285,0.354497354,189.0,-0.330357143,224.0,0.172173913,575.0,52.1,108166,284.4056658,-0.404549635,0.07930031,-0.842954353,-0.451858829,-0.448856098,-0.405015627,-0.536443844,-0.548569673,-0.448856098,complete,COOK,Niles Precinct 56,0,0,1,Niles,1,0,0,407,271,181,246,185,123,0.15036,24.00051085671129,65,0.81374,33.78684617939778,92,0.03402,17.68536098591999,48,0.00074,7.2120409189578485,20,0.00018,4.0482296716222965,11,0.0008,6.6800150351153,18,0.00016,3.1896337178677765,9,COOK:8200056,COOK:8200056,COOK:NILES PRECINCT 56,1.0,81.17830595,2.17031966,2.17031966,2.17031966,2.17031966,5.799776088,2.17031966,2.17031966,18.947672374644604,25.595753479050906,13.293880816769995,5.476181468635994,3.261171977827151,5.797956480213222,2.644896304932426,23.939235838444784,33.514543594828325,17.6502322756116,7.147115523273163,3.9893681656672086,6.568939618795284,3.1478176542728358,16.681396760836012,27.08510379606264,16.597867077749374,8.741637260832444,2.9628608351755052,0.006652892117356548,0.008880002688947905,1.0,0.3,0.2,1.005897698,1.020863701,1.033381922,1.016690961,1.383309039,1.6,402.0659114,400.4147071,4.953593811,4.953468663,0.000125148,0.012320353,0.012320041,3.11e-07,2223.46,271,1.0
COOK:8200057,COOK:8200057,COOK:Niles Precinct 57,,,,,,,,,,0.624225356,0.076040182,0.012483443,0.283315172,0.005245315,0.001310184,0.3787,0.9578,0.0422,0.7726,0.0655,0.0,0.0242,0.1371,0.116985497,0.145743296,0.066866355,0.150393126,0.11930617,0.153259255,0.110183276,0.062344614,0.074918411,0.015521039,0.020172801,0.02635924,0.031065917,4.59e-05,0.012505906,0.046520584,0.01713642,0.04030534,0.035741467,0.035751527,0.108755993,0.127267716,0.094744926,0.173883744,0.214221469,,0.076680791,0.19205298,151.0,-0.409395973,149.0,0.279850746,536.0,51.0,121631,274.3013892,0.380941615,-0.917843982,-1.120362867,-0.109304884,-0.591772978,-0.441642529,-0.727517045,-0.42916486,-0.591772978,complete,COOK,Niles Precinct 57,0,0,1,Niles,1,0,0,420,280,187,228,171,114,0.47334,29.801053098061537,83,0.50488,30.125001439039245,84,0.02016,15.721030054531953,44,0.00056,5.90150698489424,17,0.00044,5.109989565732406,14,0.00036,6.707050049018746,19,0.00026,3.281297907999022,9,COOK:8200057,COOK:8200057,COOK:NILES PRECINCT 57,1.0,83.9017126,1.683989631,1.683989631,1.683989631,1.683989631,5.994349609,1.683989631,1.683989631,21.728130641887226,21.20301913553404,10.754612749529402,3.9819765386388957,3.7897248702424045,5.798235526597784,2.6455425155090126,29.580868469349912,29.900832577962632,15.649788927981106,5.868468136800475,5.041585927850926,6.668231715639291,3.2474769153088685,19.461855028078634,22.692369452545773,14.05859901050878,7.247432330835346,3.491413727590759,0.006931938501918485,0.009526213265534376,1.0,0.3,0.2,1.001954723,1.000857594,1.00137215,1.000686075,1.399313925,1.6,540.7430966,537.5522629,5.342340304,2.670778787,2.671561517,0.009879627,0.00493909,0.004940537,2352.44,280,1.0
COOK:8200058,COOK:8200058,COOK:Niles Precinct 58,,,,,,,,,,0.553598115,0.065712938,0.032279588,0.34340548,0.01057242,0.001668846,0.3956,0.891,0.109,0.8137,0.0682,0.0,0.0166,0.0842,0.03315017,0.116298401,0.120205062,0.106359327,0.127552969,0.110458216,0.190439896,0.135140398,0.060395561,0.013358816,0.024212571,0.035057115,0.065290759,0.02660412,0.014563866,0.002537818,2.85e-05,0.042339127,0.052149992,0.214070214,0.063012391,0.088377075,0.130673422,0.088488846,0.139235322,,0.08802922,0.20754717,159.0,-0.37254902,153.0,0.3625,480.0,54.9,78883,263.6027435,0.4292879,-0.822734851,-0.991038351,0.153628444,-0.44974684,-0.307714215,-0.586411667,-0.323607,-0.44974684,complete,COOK,Niles Precinct 58,0,0,1,Niles,1,0,0,408,272,181,221,166,111,0.4796,29.829107370248977,81,0.49874,30.13664773645176,82,0.02016,15.716891320531959,43,0.00058,5.901064525646439,16,0.00038,5.109404331563138,14,0.00042,6.744719390565701,18,0.00012,3.2876621849090806,9,COOK:8200058,COOK:8200058,COOK:NILES PRECINCT 58,1.0,81.19755698,2.166881925,2.166881925,2.166881925,2.166881925,5.801151476,2.166881925,2.166881925,21.72746226575923,21.201985598281233,10.753897519939452,3.9827101714418864,3.789617860182805,5.800202860418325,2.6477896427989926,29.579369418565914,29.89870859020465,15.648372551760541,5.869319806461881,5.041614699852731,6.670171305454228,3.2496962985932454,19.46118665195064,22.691335915292967,14.05788378091883,7.248165963638336,3.4913067175311596,0.008899272322458837,0.01177334055551424,1.0,0.3,0.2,1.001608299,1.001209794,1.001935671,1.000967836,1.399032164,1.6,464.6805458,463.2038053,3.938237557,1.47688391,2.461353647,0.00847515,0.003178278,0.005296873,2127.56,272,1.0
COOK:8200006,COOK:8200006,COOK:Niles Precinct 6,,,,,,,,,,0.676670538,0.075658481,0.013177657,0.230514112,0.002007131,0.001131422,0.4573,0.9927,0.0073,0.7291,0.0394,0.0,0.0169,0.2132,0.159022836,0.121458545,0.065086411,0.113931685,0.088543569,0.09932969,0.177624925,0.132565182,0.042437157,0.009489251,0.001244602,0.015776185,0.007427588,0.026523872,0.017557683,0.009350831,0.021416603,0.001298943,0.044955164,0.125307259,0.054840831,0.127021296,0.063658205,0.124986516,0.349145171,,-0.083361496,0.47311828,186.0,-0.407035176,199.0,-0.168571429,700.0,57.3,139841,324.5255873,-0.300866413,0.807439896,-1.112077001,-1.535877162,-0.616466229,-0.53534517,-0.731812595,-0.431959252,-0.616466229,complete,COOK,Niles Precinct 6,0,0,1,Niles,1,0,0,395,263,175,153,115,77,0.48306,30.197047183883562,79,0.49826,30.395762793595505,80,0.01736,15.368454723018937,40,0.00052,5.526618161162499,15,0.00026,5.031160317466543,13,0.0003,6.790197571706392,18,0.00024,3.3392709281386392,9,COOK:8200006,COOK:8200006,COOK:NILES PRECINCT 6,1.0,84.30431114,1.61209594,1.61209594,1.61209594,1.61209594,6.023113222,1.61209594,1.61209594,21.993171782671183,21.373467524841505,10.501697727639213,3.6860840077162944,3.7221731550825368,5.797031194264105,2.64380705234863,30.036080771184473,30.233894631353166,15.339258877308026,5.470248761078178,4.957409295492768,6.670823132816857,3.249537201659731,19.726896168862595,22.86281784185324,13.805683988618592,6.951539799912744,3.423862012430891,0.005727606168239339,0.007790750105151933,1.0,0.3,0.2,1.002055651,1.006171241,1.009873986,1.004936993,1.395063007,1.6,450.5790059,448.7821363,5.678326353,5.198590818,0.479735535,0.012602288,0.011537579,0.001064709,1786.31,263,0.999999998
COOK:8200061,COOK:8200061,COOK:Niles Precinct 61,,,,,,,,,,0.484859798,0.102847523,0.060378756,0.34886389,0.012672052,0.000512594,0.352,0.8721,0.1279,0.7416,0.0433,0.0,0.0,0.1921,0.08935831,0.086238383,0.134705137,0.124544612,0.13624719,0.120642925,0.168990897,0.109070792,0.030201753,0.129384835,0.007043513,0.059088387,6.63e-05,0.060486203,0.005673566,0.028171908,0.015577578,0.026726959,0.122435416,0.000150119,0.084563999,0.171540646,0.106969137,0.065093805,0.11702764,,0.018889187,0.340659341,182.0,-0.089655172,145.0,0.380116959,513.0,50.6,88361,292.1324655,0.134739313,-0.005642587,0.001855422,0.209673543,0.071868034,0.085156423,0.055207834,-0.15081372,0.071868034,complete,COOK,Niles Precinct 61,0,0,1,Niles,1,0,0,450,300,200,265,199,133,0.15132,24.023738950667965,72,0.81422,33.696290632426454,101,0.03258,17.672604783198953,53,0.00082,7.192856805556555,22,0.00024,4.0835366510638345,12,0.00062,6.662399050260821,20,0.0002,3.1432393076967298,9,COOK:8200061,COOK:8200061,COOK:NILES PRECINCT 61,1.0,63.89832154,5.394251971,5.394251971,5.394251971,5.394251971,4.565209301,5.394251971,4.565209301,18.946686366441533,25.59422877437226,13.292825688956132,5.477787307901863,3.2610141134269175,5.801143965016465,2.64834137615887,23.936995178557584,33.510986273826965,17.647903900572313,7.1487769092667595,3.989311292209557,6.572071747279636,3.1512073691803906,16.68041075263294,27.083579091383996,16.59681194993551,8.743243100098313,2.962702970775272,0.009840376920599435,0.012325073915391858,1.0,0.3,0.2,1.04422211,1.010502898,1.016804637,1.008402318,1.391597682,1.6,200.9131296,200.7648938,3.025491354,1.008229639,2.017261714,0.015058704,0.005018237,0.010040467,1695.32,300,1.0
COOK:8200062,COOK:8200062,COOK:Niles Precinct 62,,,,,,,,,,0.394701973,0.131024205,0.076618691,0.383228909,0.012221721,0.001109655,0.5239,0.7057,0.2943,0.6642,0.0209,0.0,0.0,0.242,0.007254354,0.144346534,0.045490712,0.143248933,0.162408363,0.152313656,0.160414805,0.10889326,0.075629382,0.070709461,0.034223304,0.01825932,0.015991602,2.76e-05,0.038759546,0.022817483,0.022827615,1.93e-05,0.068554935,0.057180407,0.075425039,0.075367048,0.212158121,0.150674838,0.137004337,,0.077698532,0.573033708,89.0,-0.033333333,60.0,0.4921875,256.0,53.5,124946,153.6444401,0.385277369,1.420758143,0.199532408,0.566205258,0.624368799,0.642943295,0.535686621,0.297453049,0.624368799,complete,COOK,Niles Precinct 62,0,0,1,Niles,1,0,0,231,154,103,123,93,62,0.17564,21.71396285683719,33,0.6292,28.821367244199585,44,0.18928,22.016283696102608,34,0.00224,7.658831301283306,12,0.00182,7.1591767582728005,11,0.0015,6.683582267924057,10,0.00032,3.1551764799974666,5,COOK:8200062,COOK:8200062,COOK:NILES PRECINCT 62,1.0,40.02717559,10.85066983,10.85066983,10.85066983,10.85066983,2.859737625,10.85066983,2.859737625,17.834018054647355,23.01367775692213,17.36435130352962,6.2386326509154255,6.244667009737414,5.802411644165652,2.649691494060818,21.4661002165951,28.488733373722575,21.780192779449315,7.564210488595974,7.058591520221555,6.510103115827589,3.0893211764811035,15.567742440838765,24.503028073933866,20.668337564509,9.504088443111876,5.946355867085769,0.011108056069786496,0.013675191817339621,1.0,0.3,0.2,1.026585133,1.000072071,1.000115314,1.000057657,1.399942343,1.6,207.0615884,205.2083596,2.78000405,2.038294488,0.741709563,0.013425977,0.009843904,0.003582072,940.52,154,1.0
COOK:8200008,COOK:8200008,COOK:Niles Precinct 8,,,,,,,,,,0.79201388,0.064896297,0.075906973,0.067152701,0.017297506,0.0,0.4327,0.8777,0.1223,0.5629,0.048,0.0057,0.0198,0.3327,0.14135152,0.227654491,0.023839929,0.099689595,0.126512811,0.101193037,0.138391828,0.113074831,0.028291958,0.076155176,0.0,0.0,0.009520541,0.052388143,0.03808674,0.0,0.028602807,0.0,0.028607382,0.033360788,0.023812792,0.114283099,0.061922412,0.209506814,0.323753306,,-0.274448909,0.523809524,84.0,-0.046511628,86.0,0.346303502,257.0,53.8,157938,104.0146113,-1.114932088,1.118601701,0.153279557,0.102102279,0.191584027,0.064762862,0.209287366,-0.20538251,0.191584027,complete,COOK,Niles Precinct 8,0,0,1,Niles,1,0,0,200,133,89,84,63,42,0.15132,24.002151354832733,32,0.81398,33.81175743755966,45,0.033,17.696360569415564,24,0.0007,7.232979739013468,10,0.0002,4.023576308936803,5,0.00062,6.6359243292342445,9,0.00018,3.1654683474575536,4,COOK:8200008,COOK:8200008,COOK:NILES PRECINCT 8,1.0,58.97942164,6.51860408,6.51860408,6.51860408,6.51860408,4.213778981,6.51860408,4.213778981,18.949819800767017,25.599074131602983,13.296178778412635,5.480112614403289,3.261515790521411,5.795061210367315,2.6392383827503383,23.940567555689224,33.516469555069385,17.65177278881673,7.1515616680758765,3.9888613014257874,6.565952209337423,3.1420675924787957,16.683544186958425,27.088424448614717,16.600165039392014,8.74556840659974,2.9632046478697656,0.003757622271449483,0.0032220805068597226,1.0,0.3,0.2,1.52666448,1.004726839,1.007562942,1.003781471,1.396218529,1.6,170.9915681,169.7355965,4.126763973,1.973669726,2.153094247,0.024134313,0.011542497,0.012591815,746.66,133,1.0
COOK:8200009,COOK:8200009,COOK:Niles Precinct 9,,,,,,,,,,0.858509597,0.051839066,0.012960569,0.074530515,0.003240318,7.73e-10,0.2889,0.9016,0.0984,0.7618,0.1122,0.0,0.0,0.126,0.052289308,0.012145983,0.027084524,0.029885192,0.08122987,0.099920292,0.128849666,0.197002163,0.371593003,0.190303629,0.015024935,0.031723484,0.026714728,0.031718692,0.110176325,0.060097813,0.073455237,0.011688961,0.043404298,0.043412684,0.120201737,0.091815784,0.08681051,0.02171354,0.041737643,,-0.216861514,0.380952381,126.0,-0.510791367,139.0,0.218461538,325.0,74.6,42331,156.9134708,-0.869599751,0.241691155,-1.476237893,-0.304603304,-0.662851262,-0.602187448,-0.837661351,-0.939147483,-0.662851262,complete,COOK,Niles Precinct 9,0,0,1,Niles,1,0,0,207,138,92,123,93,62,0.52144,33.05213707860716,46,0.47394,32.44666769727596,45,0.0043,13.137464544160066,18,4e-05,2.764140372737393,4,6e-05,4.381812126690686,6,0.00014,6.679973297238745,9,8e-05,3.2964346974232774,5,COOK:8200009,COOK:8200009,COOK:NILES PRECINCT 9,1.0,85.01276934,1.48558362,1.48558362,1.48558362,1.48558362,6.073728948,1.48558362,1.48558362,23.742601721970978,22.49659015003616,8.827962570398322,1.7293378649693443,3.275400797140743,5.793407643975766,2.6386502152527247,33.10342570829448,32.476023489429046,13.241945034509794,2.782869578762612,4.3901642838343395,6.692821897013815,3.2700026790491226,21.476326108162386,23.985940467047893,12.1319488313777,4.994793657165794,2.9770896544890975,0.0021040558799008003,0.0026339130092462005,1.0,0.3,0.2,1.000003369,1.342764709,1.548423535,1.274211767,1.125788233,1.6,94.97731229,94.83208696,0.435675909,0.145225318,0.290450591,0.004587158,0.001529053,0.003058105,1091.12,138,0.999999991
COOK:8300010,COOK:8300010,COOK:Northfield Precinct 10,,,,,,,,,,0.705464466,0.073926782,0.018890516,0.179428415,0.008577236,0.000859997,0.4494,0.8932,0.1068,0.8218,0.0293,0.0,0.0,0.1317,0.117527376,0.112653119,0.027432763,0.128060012,0.106354988,0.168485925,0.183325053,0.082150507,0.074010256,0.040249162,0.009585339,0.017237168,7.83e-05,2.21e-05,0.046011291,3.21e-05,2.86e-05,0.12054511,5.58e-05,0.045950816,0.09186793,0.093891233,0.030787244,0.107291719,0.396366068,,-0.163069375,0.488372093,129.0,-0.1,100.0,0.121281465,437.0,56.0,151705,206.5432996,-0.640435866,0.901073502,-0.034452597,-0.613763747,-0.03629635,-0.096894677,-0.023807934,-0.557437496,-0.03629635,complete,COOK,Northfield Precinct 10,0,0,0,Northfield,1,0,0,332,221,147,175,132,88,0.15142,24.247937821407138,54,0.8155,33.92718483758588,75,0.03126,17.52783107878767,39,0.00104,6.98423376809251,15,0.00014,4.055469548554758,9,0.00042,6.626573489863685,15,0.00022,3.1279160422357304,7,COOK:8300010,COOK:8300010,COOK:NORTHFIELD PRECINCT 10,1.0,68.24675456,4.479560461,4.479560461,4.479560461,4.479560461,4.875882671,4.479560461,4.479560461,19.063550904916227,25.670856160681048,13.1846061076705,5.347694103459579,3.2319046544076047,5.796012119059672,2.6421945976349064,24.118079696121608,33.6544095365532,17.5278327921591,6.987780871983963,3.9541771894821114,6.56842594762982,3.1465466369634036,16.797275291107635,27.160206477692782,16.48859236864988,8.61314989565603,2.933593511755959,0.004708530963806202,0.006178295391427826,1.0,0.3,0.2,1.000000945,1.000004079,1.000006526,1.000003263,1.399996737,1.003778087,323.8008237,323.2062236,1.15609373,0.802160566,0.353933164,0.003570385,0.002477327,0.001093058,1596.58,221,1.0
COOK:8300012,COOK:8300012,COOK:Northfield Precinct 12,,,,,,,,,,0.854216342,0.037090513,0.008951227,0.078015216,0.010864101,0.000642056,0.5273,0.8263,0.1737,0.5398,0.0881,0.0,0.1155,0.2053,0.216607475,0.106153112,0.056140713,0.079477837,0.185115958,0.099986742,0.107777743,0.093837934,0.054902485,0.013572731,0.014796633,0.028376604,0.001265869,0.011109416,2.53e-05,0.013633184,0.028365818,0.035805942,0.034596886,0.028401208,0.104939778,0.055537845,0.092587564,0.140668863,0.396316375,,-0.340978038,0.572016461,243.0,-0.301470588,272.0,-0.020277481,937.0,50.7,163146,373.8582315,-1.398357769,1.414513901,-0.741569043,-1.064107372,-0.381701198,-0.447380071,-0.440538993,-0.034349193,-0.381701198,complete,COOK,Northfield Precinct 12,0,0,0,Northfield,1,0,0,624,416,277,302,227,151,0.15704,24.0925553776359,100,0.80774,33.720618564570835,140,0.03346,17.68728050882199,74,0.0009,7.173313000753258,30,0.00016,4.084900776118933,17,0.00054,6.5919878897530735,27,0.00016,3.2138983298973938,13,COOK:8300012,COOK:8300012,COOK:NORTHFIELD PRECINCT 12,1.0,79.63512287,2.445892268,2.445892268,2.445892268,2.445892268,5.689523524,2.445892268,2.445892268,18.949698978525333,25.598887299245398,13.296049486478413,5.476491998760096,3.261496446330705,5.793372233411883,2.6387123655641314,23.942116405758306,33.51902529854726,17.653301776015347,7.1476210647158585,3.989178293613982,6.564365744665921,3.141644087576518,16.68342336471674,27.088237616257132,16.60003574745779,8.741947790956546,2.9631853036790594,0.002068645316017946,0.0026960633206530435,1.0,0.3,0.2,1.00036095,1.000009719,1.00001555,1.000007775,1.399992225,1.078151947,456.5389704,455.7694794,3.457300836,1.536608444,1.920692391,0.007572849,0.003365777,0.004207072,2439.82,416,1.0
COOK:8300013,COOK:8300013,COOK:Northfield Precinct 13,,,,,,,,,,0.686532359,0.043934632,0.007901563,0.250366131,0.006758821,0.002250785,0.5475,0.9531,0.0469,0.7855,0.075,0.0,0.0,0.1369,0.182032013,0.101202522,0.052438004,0.170088843,0.143497221,0.109537971,0.18383732,0.048890286,0.008475819,2.65e-05,0.016525604,0.016521188,0.005525533,0.066021212,1.74e-05,0.030300528,0.052257232,0.0,0.093598347,0.013898214,0.008489695,0.052356447,0.046910086,0.143134065,0.454417968,,-0.332134283,0.591836735,98.0,-0.032786885,122.0,0.0,466.0,47.9,184077,208.9207764,-1.360681832,1.536178152,0.201450318,-0.999598314,0.000550296,-0.155662919,0.071972943,-0.424835618,0.000550296,complete,COOK,Northfield Precinct 13,0,0,0,Northfield,1,0,0,327,218,145,160,120,80,0.14966,24.036303914411082,52,0.81492,33.76915285499601,74,0.03354,17.72344941510609,39,0.00098,7.166409627400824,16,0.0002,4.030018760020117,9,0.0006,6.66285786480576,15,0.0001,3.1749882273712933,7,COOK:8300013,COOK:8300013,COOK:NORTHFIELD PRECINCT 13,1.0,66.64105302,4.767324004,4.767324004,4.767324004,4.767324004,4.761163481,4.767324004,4.761163481,18.94778194329856,25.595922909527044,13.29399806623502,5.475519039790228,3.261189520267252,5.797338621626251,2.644393264892633,23.939716016326134,33.5153182046959,17.650721043684957,7.146405433427139,3.9894155784752883,6.568341770129532,3.1473346241542632,16.681506329489967,27.085273226538778,16.597984327214398,8.740974831986678,2.9628783776156062,0.006035033530385685,0.008376962649154558,1.0,0.3,0.2,1.000000033,1.000000047,1.000000075,1.000000037,1.399999963,1.000044202,166.9579569,166.8353799,0.371853182,0.008244036,0.363609147,0.002227226,4.94e-05,0.002177849,897.85,160,0.962138441
COOK:8300019,COOK:8300019,COOK:Northfield Precinct 19,,,,,,,,,,0.837922325,0.03076394,0.014125324,0.112181672,0.002504202,1.04e-06,0.6128,0.7707,0.2293,0.699,0.1099,0.0,0.0,0.191,0.071913135,0.084998666,0.1600132,0.09190951,0.07048311,0.215734101,0.142024814,0.132241481,0.030681983,0.024142243,0.008059423,0.008075123,0.00806854,0.025509657,0.004021219,0.032184409,0.036221078,3.89e-05,0.085826043,0.021496783,0.089922768,0.057723917,0.091272309,0.305807246,0.201630352,,-0.279430206,0.448717949,156.0,-0.03030303,198.0,0.087440382,629.0,53.8,151216,272.5182816,-1.136153281,0.657661543,0.21016809,-0.721422898,-0.112804499,-0.247436636,-0.021283554,-0.417772384,-0.112804499,complete,COOK,Northfield Precinct 19,0,0,0,Northfield,1,0,0,492,328,219,201,151,101,0.15106,24.07109162913013,79,0.8135,33.73178251584863,111,0.03342,17.731186208229726,58,0.00106,7.18057777868224,24,0.00022,4.062421177455748,13,0.0006,6.608473048789479,22,0.00014,3.1220317439756244,10,COOK:8300019,COOK:8300019,COOK:NORTHFIELD PRECINCT 19,1.0,71.33093902,3.928804843,3.928804843,3.928804843,3.928804843,5.096231926,3.928804843,3.928804843,18.949318949793103,25.598299645325024,13.295642817564104,5.47658551535668,3.2614356020013187,5.794314537100435,2.639909668828057,23.94150375445616,33.51806596078411,17.652654058174786,7.147691016359785,3.989201021650409,6.565301758490995,3.142835100976966,16.68304333598451,27.08764996233676,16.599629078543483,8.74204130755313,2.963124459349673,0.0030109490045697783,0.0038933665845790138,1.0,0.3,0.2,1.000247121,1.000039136,1.000062617,1.000031308,1.399968692,1.297602344,192.3042364,191.9805891,1.4564127,0.647294533,0.809118167,0.007573482,0.003365992,0.00420749,1392.42,328,1.0
COOK:8300020,COOK:8300020,COOK:Northfield Precinct 20,,,,,,,,,,0.762725885,0.022303758,0.010702401,0.190888623,0.005353317,5.21e-07,0.5562,0.666,0.334,0.6898,0.1975,0.0061,0.0118,0.0947,0.055769516,0.070843672,0.059652095,0.080335498,0.064494252,0.163111308,0.093096979,0.17735452,0.235342159,0.039730212,0.012081451,0.020714731,0.022437447,0.008643562,0.008637102,0.012089601,0.031082207,2.49e-05,0.075983385,0.098391126,0.153626095,0.088040602,0.101886295,0.086390575,0.240240737,,-0.461731679,0.438596491,171.0,-0.11409396,149.0,0.026086957,575.0,66.0,104702,227.9405911,-1.91278932,0.59553225,-0.083919226,-0.916607481,-0.396558935,-0.579445944,-0.297453591,-0.447100049,-0.396558935,complete,COOK,Northfield Precinct 20,0,0,0,Northfield,1,0,0,426,284,189,191,144,96,0.17648,27.13729402250665,77,0.81476,36.03004299910113,102,0.0083,15.359959943738644,44,8e-05,4.287697578809606,12,0.0001,3.344362144699389,9,0.00026,6.589913684725408,19,2e-05,3.1506941809468865,9,COOK:8300020,COOK:8300020,COOK:NORTHFIELD PRECINCT 20,1.0,79.9925803,2.382059611,2.382059611,2.382059611,2.382059611,5.715062035,2.382059611,2.382059611,20.960592300755792,26.886925880933067,11.365570747087354,3.2222095287909314,2.746599557915812,5.796040528282659,2.6424650429401138,27.105144414050034,35.97521503824668,15.448085581581793,4.3012640684601795,3.3641367783564653,6.592522032391124,3.1708847578069275,18.6943166869472,28.3762761979448,14.669557008066732,6.487665320987381,2.4482884152641664,0.004736940186793738,0.00644874069663522,1.0,0.3,0.2,1.000001084,1.000000016,1.000000025,1.000000013,1.399999987,1.000095255,876.3714705,875.4340342,3.748940317,0.469269294,3.279671024,0.004277798,0.000535468,0.00374233,2282.79,276,0.995922342
COOK:8300021,COOK:8300021,COOK:Northfield Precinct 21,,,,,,,,,,0.877096371,0.025897658,0.00647462,0.072572793,0.012926949,4.69e-06,0.4925,0.8434,0.1566,0.6557,0.1064,0.0,0.0031,0.2083,0.148382856,0.176025644,0.053721728,0.086728138,0.137188113,0.14150737,0.157487495,0.057994372,0.040964285,0.007901354,0.009462338,0.003165083,0.040970973,0.102418435,0.009481958,0.004729433,0.031525971,0.0221785,0.01577461,0.048887874,0.041052062,0.071012154,0.102462073,0.105647832,0.383329348,,-0.271789928,0.339712919,209.0,-0.347639485,233.0,-0.013398295,821.0,52.7,147311,339.6820021,-1.103604365,-0.011452079,-0.903611486,-1.042222514,-0.745223323,-0.765222611,-0.772901098,-0.501522919,-0.745223323,complete,COOK,Northfield Precinct 21,0,0,0,Northfield,1,0,0,582,388,259,274,206,137,0.48106,29.88726528436655,116,0.49686,30.130484339122145,117,0.02044,15.677515487590224,61,0.00066,5.924832961230162,23,0.0003,5.077783179727797,20,0.00044,6.745415100713224,26,0.00024,3.3013680964441434,13,COOK:8300021,COOK:8300021,COOK:NORTHFIELD PRECINCT 21,1.0,86.1303985,1.28600394,1.28600394,1.28600394,1.28600394,6.153577854,1.28600394,1.28600394,21.73047470002186,21.20664384818223,10.757121127175212,3.9827781917187917,3.7901001646166135,5.793174233095375,2.6384998059403113,29.584010931919767,29.905789867468258,15.653228608848334,5.869536114110224,5.04110525574761,6.663159054597867,3.2404228382011526,19.464199086213267,22.695994165193966,14.061107388154591,7.248233983915242,3.491789021964968,0.0018706449995089512,0.0024835036968331352,1.0,0.3,0.2,1.000010689,1.00004006,1.000064096,1.000032048,1.399967952,1.074024491,547.9924196,547.507939,0.968961239,0.726720929,0.24224031,0.001768202,0.001326151,0.00044205,2098.77,388,1.0
COOK:8300023,COOK:8300023,COOK:Northfield Precinct 23,,,,,TRUE,,,,,0.913168374,0.017187297,2.36e-05,0.064364199,0.002635285,2.22e-06,0.6516,0.9525,0.0475,0.5468,0.0674,0.0,0.0041,0.3661,0.081282091,0.102144252,0.040622641,0.06704795,0.097710082,0.233713014,0.149272373,0.142633254,0.085574341,0.042721895,0.005695177,0.005734644,0.005722384,0.017093271,0.005733722,3.69e-05,0.005701945,3.59e-05,0.048445428,0.019952337,0.059961926,0.01998087,0.051332456,0.102546352,0.609304867,,-0.392151263,0.552941176,85.0,-0.482758621,116.0,-0.312217195,442.0,57.4,217939,180.6882391,-1.616364624,1.297422671,-1.37784926,-1.99285962,-0.898561172,-0.922412708,-0.989648482,-0.398123681,-0.898561172,complete,COOK,Northfield Precinct 23,0,0,0,Northfield,1,0,0,275,183,122,139,105,70,0.47856,30.234052642394047,55,0.50466,30.52130419037269,56,0.01538,15.368088983358664,28,0.00056,5.552868796052457,10,0.00032,4.935017195440724,9,0.00036,6.751549164477123,12,0.00016,3.3075371277656016,6,COOK:8300023,COOK:8300023,COOK:NORTHFIELD PRECINCT 23,1.0,87.80676646,0.986647958,0.986647958,0.986647958,0.986647958,6.273345797,0.986647958,0.986647958,22.00651783814434,21.383696573119188,10.492651709943745,3.673389454671846,3.7195279189530486,5.792796877083674,2.6381433186482783,30.058657346332488,30.252610029472237,15.328601860402618,5.453169999820376,4.953409277868252,6.666759752337139,3.244044404660092,19.74024222433575,22.873046890130922,13.796637970923124,6.938845246868296,3.421216776301403,0.001493288987808784,0.0021270164048001147,1.0,0.3,0.2,1.000130694,1.00000017,1.000000271,1.000000136,1.399999864,1.001400931,230.8787359,230.3236526,1.321163197,0.547584943,0.773578253,0.005722325,0.002371743,0.003350583,826.91,183,1.0
COOK:8300024,COOK:8300024,COOK:Northfield Precinct 24,,,,,,,,,,0.794070342,0.030805856,0.015917978,0.147500183,0.008510317,0.001060749,0.4975,0.6921,0.3079,0.5621,0.1725,0.0,0.0,0.2573,0.160718442,0.172071403,0.048489023,0.092056342,0.124399999,0.171991619,0.118858542,0.03962514,0.071789488,0.004702836,0.009382256,0.018736769,0.084374557,0.185192802,1.78e-05,8.9e-06,5.93e-05,0.009488757,5.66e-05,0.046948893,0.028216698,0.039999808,0.068137111,0.103265527,0.401411333,,-0.194159958,0.517857143,112.0,-0.142857143,112.0,-0.02016129,496.0,52.7,152264,205.9489304,-0.772887167,1.082063761,-0.184871529,-1.063737732,-0.176056603,-0.234858167,-0.166059275,-0.354001386,-0.176056603,complete,COOK,Northfield Precinct 24,0,0,0,Northfield,1,0,0,360,240,160,175,132,88,0.15264,24.149076936060297,58,0.8121,33.78535152610141,81,0.0337,17.673202480953673,42,0.00058,7.191402458993032,17,0.0002,4.006182016464149,10,0.00064,6.670702069076666,16,0.00014,3.1723260523839447,8,COOK:8300024,COOK:8300024,COOK:NORTHFIELD PRECINCT 24,1.0,73.62488042,3.519166206,3.519166206,3.519166206,3.519166206,5.260122344,3.519166206,3.519166206,18.94892610691354,25.59769217636627,13.295222436225067,5.476492970098484,3.2613727060686326,5.7951855374080665,2.641100346491574,23.94096083012422,33.517222568215175,17.65207443319794,7.147557897387127,3.989240573238222,6.5661716744443375,3.144024694286194,16.682650493104948,27.087042493378004,16.599208697204446,8.741948762294934,2.963061563416987,0.003881949312201471,0.005084044248095373,1.0,0.3,0.2,1.0000704,1.000045486,1.000072778,1.000036389,1.399963611,1.321050442,249.4046776,249.4046776,0.0,0.0,0.0,0.0,0.0,0.0,1099.55,240,1.0
COOK:8300025,COOK:8300025,COOK:Northfield Precinct 25,,,,,,,,,,0.570538838,0.195103697,0.030029762,0.199004162,0.002665307,1.14e-06,0.3764,0.8356,0.1644,0.7665,0.0861,0.0,0.0,0.1301,0.130585925,0.174208483,0.086762682,0.133347287,0.115770681,0.10445859,0.11721924,0.099507797,0.038139315,0.038449109,4.04e-05,0.010146241,0.042457713,3.84e-05,0.046505427,1.63e-05,0.026302401,0.05662484,0.04253967,0.038428982,0.042583229,0.103215413,0.139583364,0.141668866,0.271399668,,-0.249544506,0.418181818,110.0,-0.285714286,126.0,0.102974828,437.0,48.6,134430,201.7883459,-1.008834991,0.470219356,-0.686267967,-0.672002929,-0.44196493,-0.474221633,-0.484374197,-0.265065697,-0.44196493,complete,COOK,Northfield Precinct 25,0,0,0,Northfield,1,0,0,345,230,153,164,123,82,0.1541,24.05795477203551,55,0.8106,33.74373578740222,78,0.03362,17.732746689459837,41,0.00084,7.204306696458895,17,0.00016,4.066985249425575,9,0.0005,6.650881351381274,15,0.00018,3.173559388873219,7,COOK:8300025,COOK:8300025,COOK:NORTHFIELD PRECINCT 25,1.0,81.02832719,2.197101989,2.197101989,2.197101989,2.197101989,5.789060871,2.197101989,2.197101989,18.948353235327325,25.59680632167962,13.294609406087481,5.4769698187491755,3.261280986720774,5.796788979061977,2.6429886381675045,23.939876862463606,33.515513202968606,17.65093840858302,7.148027987402029,3.989246306156195,6.567756016727934,3.14589388659181,16.682077621518733,27.086156638691353,16.59859566706686,8.742425610945626,2.9629698440691286,0.0054853909661116635,0.006972335924026245,1.0,0.3,0.2,1.000000381,1.000002368,1.000003789,1.000001895,1.399998105,1.001498119,320.9546796,318.4686552,3.48109863,0.994418695,2.486679935,0.010846075,0.003098315,0.00774776,1252.3,230,1.0
COOK:8300030,COOK:8300030,COOK:Northfield Precinct 30,,,,,,,,,,0.889661019,0.026998243,0.010117714,0.056377688,0.008987366,0.001125379,0.4684,0.8667,0.1333,0.5216,0.1828,0.0,0.0106,0.2828,0.158796272,0.187151351,0.065650093,0.070266686,0.101685139,0.168812751,0.175602668,0.0527786,0.019256442,0.007225405,3.38e-05,0.00240346,0.021541198,0.06451726,9.12e-05,3.96e-05,2.9e-07,0.10275051,0.033483196,0.043116834,0.057390879,0.083755906,0.064585991,0.071802578,0.447261868,,-0.362284761,0.606741573,178.0,-0.402985075,201.0,-0.022364217,626.0,53.8,163276,242.7998212,-1.489128122,1.627669619,-1.097862058,-1.070745937,-0.468390018,-0.507516624,-0.586459105,-0.472402813,-0.468390018,complete,COOK,Northfield Precinct 30,0,0,0,Northfield,1,0,0,450,300,200,193,145,97,0.47628,29.779562659341668,89,0.5016,30.129697229137243,90,0.02042,15.66701706120916,47,0.0005,5.9334616753899425,18,0.00048,5.070710721891089,15,0.00048,6.736544880779697,20,0.00024,3.332241160520652,10,COOK:8300030,COOK:8300030,COOK:NORTHFIELD PRECINCT 30,1.0,81.59348399,2.096179594,2.096179594,2.096179594,2.096179594,5.829438442,2.096179594,2.096179594,21.730654835919516,21.20692239966396,10.757313890678914,3.9830582227125415,3.7901290051935543,5.7929042729590075,2.6380128413035666,29.58411553287564,29.906009530213915,15.653394048836496,5.869880646109477,5.041043757506335,6.662881188124211,3.2399279672271186,19.464379222110924,22.696272716675693,14.061300151658292,7.2485140149089915,3.4918178625419087,0.001600684863141934,0.0019965390600884454,1.0,0.3,0.2,1.000026947,1.000011709,1.000018735,1.000009367,1.399990633,1.067732734,402.8270423,402.8267547,0.001978396,0.000531536,0.001446861,4.91e-06,1.32e-06,3.59e-06,1524.66,300,1.0
COOK:8300031,COOK:8300031,COOK:Northfield Precinct 31,,,,,,,,,,0.839607617,0.055223063,0.006905356,0.089815647,0.007667029,0.001536561,0.4163,0.9116,0.0884,0.6504,0.1133,0.0,0.0006,0.1607,0.176953146,0.172152292,0.094316125,0.109414007,0.147385541,0.093531795,0.085799555,0.087730615,0.032716924,7.06e-05,1.77e-06,0.001510535,0.014978411,0.011969499,0.007541128,0.112117125,0.003008185,0.073240299,0.028538737,0.040409307,0.163081406,0.006214798,0.079332168,0.101714246,0.356271789,,-0.206013338,0.433070866,127.0,-0.253012048,166.0,-0.087323944,710.0,46.4,136760,289.1606194,-0.823384631,0.561613899,-0.571490467,-1.277403304,-0.50247671,-0.527666126,-0.511241578,-0.366493713,-0.50247671,complete,COOK,Northfield Precinct 31,0,0,0,Northfield,1,0,0,465,310,207,241,181,121,0.47388,29.76715509473441,92,0.50432,30.157435631932895,93,0.0199,15.719998497940416,49,0.00058,5.856320383321062,18,0.00038,5.1147298160748,16,0.00066,6.750104474203056,21,0.00028,3.325091059031904,10,COOK:8300031,COOK:8300031,COOK:NORTHFIELD PRECINCT 31,1.0,82.28382077,1.972903291,1.972903291,1.972903291,1.972903291,5.878759486,1.972903291,1.972903291,21.730282910157975,21.20634727569747,10.756915892757114,3.982709360035935,3.7900694581866476,5.793586580593122,2.6390752325732354,29.583755848184534,29.905386658203383,15.652948643667635,5.869444838545393,5.041144946675201,6.663572436439294,3.240999299177756,19.464007296349383,22.695697592709205,14.060902153736492,7.248165152232385,3.491758315535002,0.0022829924972573045,0.0030589303297570325,1.0,0.3,0.2,1.000294927,1.000001851,1.000002961,1.000001481,1.399998519,1.015037245,335.7950131,334.6095893,1.39543873,0.239996823,1.155441907,0.004155627,0.000714712,0.003440914,2111.52,310,1.0
COOK:8300035,COOK:8300035,COOK:Northfield Precinct 35,,,,,,,,,,0.832084247,0.029302395,0.012684376,0.106413096,0.002931313,0.000976102,0.584,0.9675,0.0325,0.6613,0.0808,0.0,0.008,0.2498,0.092244366,0.175544882,0.073882757,0.080696837,0.178911443,0.1464731,0.157923667,0.061750056,0.032572892,3.06e-05,4.03e-06,1.21e-05,1.09e-05,1.85e-05,0.018584911,5.39e-05,0.00413178,3.97e-05,0.020685354,0.035115501,0.033158522,0.004143675,0.14866407,0.132192026,0.603154497,,-0.316300427,0.352380952,105.0,-0.127819549,133.0,-0.156626506,581.0,50.9,217102,249.0406979,-1.293226846,0.066309043,-0.132092956,-1.497876597,-0.59810845,-0.714221839,-0.481682674,-0.454482695,-0.59810845,complete,COOK,Northfield Precinct 35,0,0,0,Northfield,1,0,0,380,253,169,201,151,101,0.47576,29.829217614539395,75,0.50192,30.183923801523417,76,0.0206,15.639702772185299,40,0.00064,6.010086643419374,15,0.00056,5.059540670241712,13,0.0004,6.748397705783335,17,0.00012,3.2993182926958644,8,COOK:8300035,COOK:8300035,COOK:NORTHFIELD PRECINCT 35,1.0,84.00675702,1.665231414,1.665231414,1.665231414,1.665231414,6.001854497,1.665231414,1.665231414,21.73009829904403,21.206061804006378,10.756718340322491,3.982928552775914,3.7900399011072157,5.794138994447704,2.639700020530901,29.58333141849101,29.90478775847209,15.652549924282049,5.869699974040743,5.0411510490709155,6.664116654847428,3.2416158916889737,19.46382268523544,22.695412121018112,14.06070460130187,7.248384344972364,3.49172875845557,0.0028354063518384234,0.0036837182874224434,1.0,0.3,0.2,1.001567155,1.000000978,1.000001565,1.000000782,1.399999218,1.011902689,484.361179,482.6557564,1.705641471,0.000156031,1.70548544,0.003521425,3.22e-07,0.003521103,1445.71,253,0.999999319
COOK:8300037,COOK:8300037,COOK:Northfield Precinct 37,,,,,TRUE,,,,,0.860257946,0.03065139,0.005413992,0.097357431,0.000904086,1.18e-06,0.5526,0.9204,0.0796,0.634,0.0742,0.0,0.006,0.2629,0.134430091,0.139489655,0.038042803,0.149583593,0.110986625,0.194672842,0.133792315,0.05776073,0.041241348,0.038570256,0.004830571,0.043381889,0.004830571,0.019313121,0.028917674,0.012851915,2.53e-06,0.032126467,0.049841174,0.020904546,0.171907317,0.014490763,0.088382686,0.083645993,0.386002531,,-0.260122417,0.44966443,149.0,-0.28342246,187.0,0.026143791,612.0,52.3,141415,268.3576972,-1.053898735,0.663471397,-0.678224173,-0.916426675,-0.45870209,-0.496269546,-0.495093015,-0.377271539,-0.45870209,complete,COOK,Northfield Precinct 37,0,0,0,Northfield,1,0,0,461,307,205,209,157,105,0.47604,29.842493868562553,92,0.50166,30.149830400605858,93,0.02098,15.738230849852359,48,0.00046,5.892828542467797,18,0.00042,5.093200860840691,16,0.00034,6.717651768316743,21,0.0001,3.2568971353876557,10,COOK:8300037,COOK:8300037,COOK:NORTHFIELD PRECINCT 37,1.0,81.38939853,2.132623982,2.132623982,2.132623982,2.132623982,5.814857577,2.132623982,2.132623982,21.73019902394477,21.20621755902641,10.756826126083295,3.982589871393044,3.7900560276221826,5.793718243571485,2.6393047152658644,29.583700295606032,29.905276303053178,15.652866658005912,5.869297512730265,5.041172359349023,6.663707429848025,3.2412321123007537,19.463923410136182,22.695567876038144,14.060812387062674,7.248045663589494,3.491744884970537,0.002414655475619743,0.0032884130223860396,1.0,0.3,0.2,1.00030615,1.000000083,1.000000134,1.000000067,1.399999933,1.000889136,202.4356112,202.0365923,1.330063148,0.665031574,0.665031574,0.006570302,0.003285151,0.003285151,823.12,307,1.0
COOK:8300038,COOK:8300038,COOK:Northfield Precinct 38,,,,,,,,,,0.761446514,0.067802075,0.027111859,0.124433575,0.010174724,0.00338899,0.4909,0.9397,0.0603,0.6975,0.0603,0.0,0.0061,0.1863,0.117849054,0.148422118,0.071783921,0.118766292,0.115885277,0.116924791,0.19824284,0.076625427,0.035500279,7.79e-05,0.021574992,4.06e-05,0.024245986,0.013455178,0.024292585,0.013509181,0.078069089,0.027055089,0.02154199,0.051201522,0.056661772,0.121236818,0.088897976,0.059333027,0.398806366,,-0.148637322,0.404958678,121.0,-0.064220183,109.0,0.037558685,426.0,53.5,138228,186.9291157,-0.578952805,0.38905078,0.091126512,-0.880112299,-0.177714021,-0.244721953,-0.110544328,-0.31341187,-0.177714021,complete,COOK,Northfield Precinct 38,0,0,0,Northfield,1,0,0,305,203,135,155,117,78,0.15378,24.11607694511893,49,0.81084,33.737177249275085,68,0.03366,17.67793574887128,36,0.00072,7.167182545928746,15,0.00022,4.081273913083665,8,0.00064,6.61739652681493,13,0.00014,3.2163831221217785,7,COOK:8300038,COOK:8300038,COOK:NORTHFIELD PRECINCT 38,1.0,73.68197707,3.50897022,3.50897022,3.50897022,3.50897022,5.264201608,3.50897022,3.50897022,18.94918267358218,25.598088915864825,13.295496988330562,5.477211353958872,3.261413783559812,5.794975105519733,2.640486131933796,23.941001135035545,33.51725775449122,17.652140278961504,7.148359143901475,3.9891588967447387,6.565943112293147,3.1433923494655582,16.682907059773587,27.08743923287656,16.59948324930994,8.742667146155322,2.963102640908166,0.003671517423868351,0.004469829690317438,1.0,0.3,0.2,1.000001418,1.000032541,1.000052065,1.000026033,1.399973967,1.010385882,244.5148158,244.1126524,0.804326139,0.60324388,0.201082259,0.003289478,0.002467106,0.000822372,836.19,203,1.0
COOK:8300039,COOK:8300039,COOK:Northfield Precinct 39,,,,,,,,,,0.697741653,0.023066854,0.006798363,0.262907237,0.005423397,1.18e-06,0.387,0.6906,0.3094,0.8014,0.0141,0.0,0.0176,0.167,0.108082825,0.104159942,0.056016315,0.083338695,0.206969178,0.040425216,0.158851491,0.149706617,0.09244972,1.69e-05,0.030778955,1.58e-05,0.003864001,3.44e-05,0.034622957,1.69e-05,4.5e-06,0.046149188,0.238344347,4.14e-05,0.073108925,0.130746974,0.084632273,0.119247208,0.238375366,,-0.135391032,0.233333333,60.0,-0.078947368,76.0,0.09352518,278.0,58.3,113959,136.1105485,-0.522521302,-0.664449744,0.039437406,-0.702065238,-0.406203849,-0.462399719,-0.305836424,-0.624845398,-0.406203849,complete,COOK,Northfield Precinct 39,0,0,0,Northfield,1,0,0,200,133,89,110,83,55,0.15504,24.604662462609973,33,0.81816,34.23353914770711,46,0.02534,17.292327846355224,23,0.00066,6.647219226149518,9,0.00022,3.947702502226928,5,0.00042,6.6481430358395235,9,0.00016,3.1694191334017408,4,COOK:8300039,COOK:8300039,COOK:NORTHFIELD PRECINCT 39,1.0,80.2196435,2.341511994,2.341511994,2.341511994,2.341511994,5.731284543,2.341511994,2.341511994,19.327076223550392,25.838960572406386,12.930069003827906,5.050396025504911,3.1641102492236652,5.79759747070977,2.6447930640774704,24.527248291767297,33.97164617030478,17.241386907877622,6.617818569751888,3.8733465494599546,6.573336188802804,3.152469992928853,17.0608006097418,27.32831088941812,16.234055264807285,8.315851817701361,2.8657991065720196,0.006293882613904778,0.008776761833992112,1.0,0.3,0.2,1.000000004,1.000000829,1.000001327,1.000000663,1.399999337,1.000023616,385.6812064,385.1860088,4.449360081,2.965828087,1.483531994,0.011536367,0.007689843,0.003846524,874.21,133,1.0
COOK:8300004,COOK:8300004,COOK:Northfield Precinct 4,,,,,,,,,,0.631074769,0.067160069,0.031484466,0.260321577,0.020710951,0.005797496,0.3904,0.7148,0.2852,0.7553,0.0298,0.0,0.0015,0.2003,0.169486905,0.137682775,0.059882113,0.091150067,0.109053737,0.134933284,0.170804599,0.063211877,0.063794644,0.054177653,0.05972788,0.033606027,0.044862845,0.001866496,0.041134158,0.085858827,0.056034573,0.028071096,0.024331385,0.042988701,0.087788917,0.078534394,0.106583959,0.031931274,0.222501813,,-0.072330708,0.404255319,94.0,-0.25,104.0,0.014925373,469.0,54.8,82786,221.4025298,-0.253873334,0.3847333,-0.560918856,-0.952115998,-0.376248275,-0.345543722,-0.419323301,-0.375966459,-0.376248275,complete,COOK,Northfield Precinct 4,0,0,0,Northfield,1,0,0,345,230,153,182,137,91,0.15326,24.069064783601878,55,0.812,33.80709230940414,78,0.03318,17.60962866172412,41,0.0006,7.223681132890647,17,0.0003,4.042199278575614,9,0.00058,6.634879041483527,15,8e-05,3.2434873651614806,7,COOK:8300004,COOK:8300004,COOK:NORTHFIELD PRECINCT 4,1.0,79.50156431,2.469742374,2.469742374,2.469742374,2.469742374,5.679981446,2.469742374,2.469742374,18.947671210259045,25.59575167851406,13.293879570760502,5.476720946644322,3.261171791403725,5.7982530972734505,2.6450338980185717,23.93897641218659,33.51411809623544,17.6499740315563,7.147701117044383,3.9893224478119755,6.569220777277529,3.147939788780999,16.681395596450457,27.085101995525793,16.59786583173988,8.742176738840772,2.962860648752079,0.006949509177585319,0.009017595775093356,1.0,0.3,0.2,1.000000294,1.000019417,1.000031067,1.000015533,1.399984467,1.002166751,659.8488405,658.6188241,4.054703695,1.67777852,2.376925175,0.006144898,0.002542671,0.003602227,2603.35,230,1.0
COOK:8300041,COOK:8300041,COOK:Northfield Precinct 41,,,,,,,,,,0.744936846,0.045281757,0.008581798,0.188954058,0.001229398,0.001224624,0.5009,0.9687,0.0313,0.6277,0.1064,0.0,0.0,0.2488,0.152218259,0.141753477,0.022968641,0.061591313,0.177211128,0.107439783,0.174091345,0.121989086,0.040736969,0.026613221,0.01183658,0.026618331,1.39e-05,0.01480954,1.81e-05,1.25e-05,1.97e-05,0.0147714,0.014849916,0.01781305,0.109451705,0.041464491,0.059192703,0.186304182,0.476210723,,-0.437287091,0.605633803,142.0,-0.264705882,136.0,0.065606362,503.0,56.5,193615,201.4911613,-1.808651116,1.620869713,-0.612533194,-0.790883798,-0.278187807,-0.397799599,-0.321134526,-0.440877641,-0.278187807,complete,COOK,Northfield Precinct 41,0,0,0,Northfield,1,0,0,357,238,159,164,123,82,0.154,24.316237390596022,58,0.8156,33.98542423992946,81,0.02906,17.450827144451328,42,0.00052,6.950568088883646,17,8e-05,4.021194293646032,10,0.00066,6.679908508994595,16,8e-05,3.159692508404703,8,COOK:8300041,COOK:8300041,COOK:NORTHFIELD PRECINCT 41,1.0,76.87025141,2.939626838,2.939626838,2.939626838,2.939626838,5.491987555,2.939626838,2.939626838,19.120934918156152,25.70754889285489,13.129374577821583,5.282701301451368,3.217182094342576,5.795934194804364,2.642373094208758,24.207175644739532,33.72374918761041,17.466006076333763,6.907121694555903,3.936661490799386,6.5690807333457375,3.147457843508481,16.854659304347564,27.196899209866626,16.43336083880096,8.548157093647818,2.9188709516909306,0.004630606708498476,0.006356791965279837,1.0,0.3,0.2,1.000000208,1.000000096,1.000000154,1.000000077,1.399999923,1.000188186,218.7893221,218.5545933,0.938861982,0.117337927,0.821524054,0.004291169,0.000536306,0.003754864,979.3,238,0.999672886
COOK:8300042,COOK:8300042,COOK:Northfield Precinct 42,,,,,,,,,,0.458052553,0.401320317,0.040389796,0.09773935,0.037898949,0.003728212,0.4667,0.7531,0.2469,0.7185,0.0256,0.0,0.0328,0.2211,0.050537573,0.159398832,0.071794968,0.096744946,0.064555355,0.100484252,0.184329655,0.192290984,0.079863435,0.031157145,1.46e-05,0.014024715,0.088713151,0.001564654,0.043586917,0.048248315,0.043588413,1.13e-06,0.07787173,0.034333065,0.127717844,0.121459279,0.076339817,0.104345344,0.187033877,,-0.380172871,0.549295775,142.0,-0.202702703,148.0,-0.055319149,470.0,62.2,97882,207.732038,-1.565334587,1.275045837,-0.394915983,-1.175585963,-0.348155814,-0.465197674,-0.334099475,0.125327365,-0.348155814,complete,COOK,Northfield Precinct 42,0,0,0,Northfield,1,0,0,330,220,147,165,124,83,0.1607,25.268382073302302,56,0.81834,34.68196334376415,76,0.02,16.701681902600036,37,0.00038,6.022918899530809,13,0.0001,3.848791406134878,8,0.00044,6.650586835221994,15,4e-05,3.1904626959577223,7,COOK:8300042,COOK:8300042,COOK:NORTHFIELD PRECINCT 42,1.0,78.79286924,2.596296995,2.596296995,2.596296995,2.596296995,5.629348797,2.596296995,2.596296995,19.777335094953074,26.129282667342995,12.50211335644071,4.550792493076224,3.0497007300950654,5.7947409607806355,2.6397795989605695,25.22858097641843,34.5175622787346,16.75575251590125,5.991566882834357,3.734700673350241,6.576056247358023,3.153033096296306,17.511059481144482,27.61863298435473,15.806099617420088,7.816248285272674,2.7513895874434198,0.003437372684769865,0.0037632967170911696,1.0,0.3,0.2,1.000012401,1.000000156,1.00000025,1.000000125,1.399999875,1.001098325,532.2333135,530.3640773,5.222285474,3.737846662,1.484438812,0.009812023,0.007022948,0.002789075,2557.64,220,1.0
COOK:8300044,COOK:8300044,COOK:Northfield Precinct 44,,,,,,,,,,0.824696212,0.064578905,0.0081,0.086474402,0.010759794,0.005374087,0.4511,0.8991,0.1009,0.8243,0.0273,0.0,0.0,0.131,0.118031814,0.114334885,0.030478364,0.129390949,0.100019602,0.161987711,0.190307181,0.080105711,0.075343783,0.038863494,0.008999044,0.023864659,7.77e-05,5.21e-05,0.041890721,7.77e-05,0.0,0.116259556,2.16e-05,0.038790857,0.092453634,0.09257285,0.035845431,0.107395476,0.402835116,,-0.240156578,0.479674797,123.0,0.008,125.0,0.140186916,428.0,56.3,154763,172.9614394,-0.968840782,0.847686248,0.34460311,-0.553619548,0.048801646,-0.082542743,0.134230817,-0.699001554,0.048801646,complete,COOK,Northfield Precinct 44,0,0,0,Northfield,1,0,0,320,213,142,140,105,70,0.15602,24.31940904803101,52,0.81164,33.926821802690974,72,0.03056,17.52774177632358,37,0.0007,6.931098403341121,15,0.00032,3.9957463158196536,9,0.00056,6.664125521364783,14,0.0002,3.177770975284185,7,COOK:8300044,COOK:8300044,COOK:NORTHFIELD PRECINCT 44,1.0,64.80257779,5.187558921,5.187558921,5.187558921,5.187558921,4.6298138,5.187558921,4.6298138,19.099078798842797,25.694568887298864,13.152641609996184,5.308978402707073,3.223246830868617,5.793543726890121,2.6389806212996194,24.17303312646442,33.698344755615544,17.492354512439515,6.939790558488905,3.943555773695058,6.566399419510956,3.143774524678804,16.83280318503421,27.183919204310598,16.456627870975563,8.574434194903523,2.9249356882169715,0.0022401387942555346,0.0029643190561408567,1.0,0.3,0.2,1.000003831,1.000010942,1.000017507,1.000008753,1.399991247,1.017707005,223.2974534,222.9304267,0.735333782,0.550631463,0.184702319,0.003293068,0.00246591,0.000827158,1111.64,213,1.0
COOK:8300045,COOK:8300045,COOK:Northfield Precinct 45,,,,,,,,,,0.749221375,0.05583891,0.006823314,0.186723413,0.001366329,5.3e-07,0.4582,0.7526,0.2474,0.6433,0.1357,0.0,0.0,0.2115,0.11655254,0.178794127,0.060546462,0.088573765,0.186941753,0.120209962,0.148096216,0.071349833,0.028935344,0.011322951,0.014153526,0.008492376,0.011322691,0.008496186,1.87e-05,0.082097033,0.01133464,4.43e-05,0.062291739,0.051037468,0.118906645,0.002857816,0.082128214,0.053911043,0.481584641,,-0.478847222,,,-0.379310345,145.0,,,48.9,182921,178.6079468,-1.985704515,,-1.014769081,,,,,-0.430872758,-0.430872758,demographic_only,COOK,Northfield Precinct 45,0,0,0,Northfield,1,0,0,282,188,125,138,104,69,0.15186,24.07123344816884,45,0.81254,33.80358255712188,64,0.0341,17.657001095117906,33,0.00072,7.1247800634266,13,0.00018,4.05923638773349,8,0.0005,6.608047960126973,12,0.0001,3.171462840894728,6,COOK:8300045,COOK:8300045,COOK:NORTHFIELD PRECINCT 45,1.0,80.78299494,2.240911988,2.240911988,2.240911988,2.240911988,5.771533132,2.240911988,2.240911988,18.94848983238829,25.59701754728332,13.294755578662791,5.475800316906469,3.2613028565318327,5.795831492153212,2.642276148497261,23.94063964982526,33.51674822672489,17.651711084928184,7.1467696356444,3.989334576203005,6.566833315232535,3.1452161823349325,16.6822142185797,27.086367864295052,16.59874183964217,8.741256109102919,2.962991713880187,0.004527904057346876,0.006259846253782669,1.0,0.3,0.2,1.00000001,1.000000036,1.000000058,1.000000029,1.399999971,1.000018582,192.6704818,192.5274775,0.429110422,0.000195128,0.428915294,0.002227173,1.01e-06,0.00222616,1501.29,188,0.999226761
COOK:8300048,COOK:8300048,COOK:Northfield Precinct 48,,,,,,,,,,0.693011289,0.015596377,0.007266496,0.271676658,0.005187854,1.26e-06,0.5111,0.9529,0.0471,0.7042,0.0741,0.0,0.0,0.1939,0.157798026,0.145539397,0.015751202,0.054999345,0.184777963,0.122023632,0.154344706,0.125515734,0.039249994,0.024694449,0.009899044,0.03455486,2.18e-06,0.019766692,0.0,1.11e-05,2.15e-05,0.012338461,0.022276174,2.49e-05,0.133259655,0.049416941,0.027245429,0.172800601,0.493687971,,-0.396274694,0.339805825,103.0,-0.438596491,114.0,-0.012096774,496.0,55.8,198174,208.6235918,-1.633931159,-0.010881787,-1.222850117,-1.038081965,-0.935328153,-0.976436257,-0.984610925,-0.454368665,-0.935328153,complete,COOK,Northfield Precinct 48,0,0,0,Northfield,1,0,0,332,221,147,180,135,90,0.4806,29.917782838665325,66,0.49926,30.189061823019586,67,0.01876,15.604290458832507,34,0.0004,5.791856376125713,13,0.00026,5.031313034561352,11,0.00052,6.773860441390889,15,0.0002,3.2952497076629896,7,COOK:8300048,COOK:8300048,COOK:NORTHFIELD PRECINCT 48,1.0,88.14283872,0.926634139,0.926634139,0.926634139,0.926634139,6.297356447,0.926634139,0.926634139,21.820244040482557,21.262189827971202,10.666562237631252,3.8787311514590517,3.7662166417824556,5.797814403458515,2.645089008088898,29.73902053954094,30.016545161874753,15.54199058042715,5.729799145106904,5.012407069165571,6.669138679694575,3.2483514950833063,19.55396842667397,22.751540144982936,13.970548498610631,7.144186943655502,3.46790549913081,0.006510815362649674,0.009072705845419677,1.0,0.3,0.2,1.000000172,1.000000272,1.000000435,1.000000217,1.399999783,1.00030731,248.8502878,248.5833365,1.067680848,0.133413433,0.934267414,0.004290455,0.000536119,0.003754335,1356.37,221,1.0
COOK:8300005,COOK:8300005,COOK:Northfield Precinct 5,,,,,,,,,,0.696198299,0.038055036,0.011043536,0.236364318,0.008560564,0.001221762,0.3772,0.8349,0.1651,0.7669,0.0858,0.0,0.0,0.1301,0.12592885,0.172136173,0.089532687,0.13292343,0.117118835,0.107337918,0.120115179,0.095479053,0.039427875,0.033798618,3.41e-05,0.005674865,0.047877624,3.7e-05,0.050666936,0.000161353,0.028232738,0.050655518,0.047910073,0.042254798,0.045115373,0.098578473,0.135137894,0.140767532,0.273097148,,-0.136895762,0.580246914,81.0,-0.24137931,87.0,0.069767442,387.0,48.6,134065,184.2544543,-0.528931714,1.465035498,-0.530662174,-0.777646091,-0.093224166,-0.09305112,-0.180746377,-0.532205569,-0.093224166,complete,COOK,Northfield Precinct 5,0,0,0,Northfield,1,0,0,236,157,105,136,102,68,0.152,24.032400788415117,38,0.81172,33.68879791387266,53,0.03466,17.692971462221767,28,0.00068,7.2065502132169525,11,0.00024,3.9973750518918627,6,0.00054,6.657448048706101,10,0.00016,3.179345498798922,5,COOK:8300005,COOK:8300005,COOK:NORTHFIELD PRECINCT 5,1.0,70.57442611,4.063898492,4.063898492,4.063898492,4.063898492,5.042182935,4.063898492,4.063898492,18.94793768351473,25.596163736972,13.294164723909173,5.475760734559881,3.2612144549845707,5.797104997664672,2.6439721472562328,23.939833330724763,33.51549189814936,17.65085339821659,7.1466807831850385,3.989382488809067,6.568102705729237,3.1469080660791473,16.68166206970614,27.085514053983733,16.59815098488855,8.74121652675633,2.962903312332925,0.005801409568806117,0.007955845012754231,1.0,0.3,0.2,1.000000183,1.00000527,1.000008433,1.000004216,1.399995784,1.001082717,296.4756481,294.1943932,3.196638647,0.911781509,2.284857138,0.010782129,0.003075401,0.007706728,1151.81,157,1.0
COOK:8300052,COOK:8300052,COOK:Northfield Precinct 52,,,,,,,,,,0.875860308,0.034022258,0.008710947,0.071651705,0.006540303,0.006502374,0.5716,0.8355,0.1645,0.594,0.2151,0.0,0.0,0.1889,0.076418456,0.075348498,0.027180237,0.039529994,0.11094645,0.141748363,0.192323138,0.203402666,0.133102199,0.024738325,4.17e-06,0.043901785,0.065932281,0.002746543,0.046700617,0.022003852,0.00827983,1.5e-06,0.137262333,0.019279516,0.07972452,0.115410997,0.063207627,0.016607079,0.354199025,,-0.417288024,0.680473373,169.0,-0.274725275,182.0,-0.001841621,543.0,64.5,110706,205.3545612,-1.723451606,2.080262969,-0.64769901,-1.005457091,-0.216510925,-0.324086184,-0.28123349,-0.468120205,-0.216510925,complete,COOK,Northfield Precinct 52,0,0,0,Northfield,1,0,0,383,255,170,164,123,82,0.16606,25.685829121332215,65,0.817,34.989560721764654,89,0.01606,16.388916085982995,42,0.00028,5.606263476958541,14,0.00014,3.7768076369435635,10,0.00038,6.7117077161111265,17,8e-05,3.184278638410768,8,COOK:8300052,COOK:8300052,COOK:NORTHFIELD PRECINCT 52,1.0,74.97587164,3.277914097,3.277914097,3.277914097,3.277914097,5.356643778,3.277914097,3.277914097,20.04207910614197,26.299271593045244,12.24888037603953,4.253035197393605,2.9821014431349124,5.793217698567603,2.638498928444477,25.645335813764465,34.842332538622394,16.467601327496382,5.616205844807645,3.6527044178172723,6.577926643874913,3.155146084510136,17.77580349233338,27.78862191005698,15.552866637018909,7.518490989590055,2.683790300483267,0.0019141104717377868,0.002482626200998768,1.0,0.3,0.2,1.000046307,1.000001889,1.000003022,1.000001511,1.399998489,1.013435289,274.0308995,273.060402,2.699115413,1.94099505,0.758120364,0.009849675,0.007083125,0.002766551,803.68,255,1.0
COOK:8300056,COOK:8300056,COOK:Northfield Precinct 56,,,,,,,,,,0.807809316,0.039024912,0.006489915,0.130863025,0.00146022,0.002159473,0.6549,0.8265,0.1735,0.7243,0.0332,0.0,0.0,0.2377,0.050589559,0.106523409,0.03874472,0.065634592,0.109169878,0.139351666,0.197921742,0.185571135,0.106493298,0.056246107,2.95e-06,2.54e-05,0.009798686,0.006495127,0.057321764,0.008678761,0.016239832,0.0,0.090896324,0.044345746,0.129815519,0.219506619,0.082225419,0.037939511,0.240462262,,-0.281759184,0.507853403,191.0,-0.076190476,210.0,0.069900143,701.0,62.6,109127,291.2409116,-1.146075133,1.020657066,0.049113477,-0.777223927,-0.093863268,-0.213382129,-0.041364147,-0.390788428,-0.093863268,complete,COOK,Northfield Precinct 56,0,0,0,Northfield,1,0,0,456,304,203,235,177,118,0.16454,25.399281871519342,77,0.81582,34.69466808658549,105,0.01874,16.739796059618296,51,0.0002,6.008183622917689,18,4e-05,3.7572201612791387,11,0.0005,6.620666537332467,20,0.00016,3.2161212460579547,10,COOK:8300056,COOK:8300056,COOK:NORTHFIELD PRECINCT 56,1.0,70.59947145,4.059426042,4.059426042,4.059426042,4.059426042,5.043972297,4.059426042,4.059426042,19.82295863744111,26.15819820552938,12.457624579198223,4.497297516145836,3.0378772654887496,5.794526426131548,2.64042601820229,25.301149846127913,34.574331550031125,16.70586196220058,5.924473413083401,3.7206450647601943,6.576476515930448,3.154314318759539,17.55668302363252,27.647548522541115,15.761610840177601,7.762753308342286,2.739566122837104,0.0032228380356824882,0.0044097159588115074,1.0,0.3,0.2,1.000079638,1.000000594,1.00000095,1.000000475,1.399999525,1.004345129,292.6914954,291.6340172,2.908152111,2.114906697,0.793245414,0.009935895,0.00722572,0.002710176,1040.18,304,1.0
COOK:8300057,COOK:8300057,COOK:Northfield Precinct 57,,,,,,,,,,0.724275873,0.027575487,0.013132299,0.220591023,0.011803025,1.01e-06,0.5817,0.8335,0.1665,0.8073,0.0468,0.0,0.0006,0.1388,0.154225972,0.069644172,0.088664772,0.14109468,0.122032292,0.091765088,0.168339333,0.096746378,0.067487313,0.030203347,0.040271887,0.02769602,0.002524699,0.0402933,0.0,0.012636628,0.025188984,2.56e-06,0.103232112,0.012611858,0.07053966,0.110735681,0.110771655,0.100765064,0.312526542,,-0.282255217,0.452631579,95.0,-0.097560976,82.0,0.104859335,391.0,52.9,130431,170.2867779,-1.14818832,0.681684867,-0.025892171,-0.666007718,-0.177371221,-0.289600836,-0.124629488,-0.411426096,-0.177371221,complete,COOK,Northfield Precinct 57,0,0,0,Northfield,1,0,0,248,165,110,135,102,68,0.15424,24.096297363858437,40,0.81094,33.75967769365279,56,0.03302,17.68070159269589,29,0.0009,7.2222252565533305,12,0.00026,4.01319281864602,7,0.00058,6.625174108789568,11,6e-05,3.2286507850194464,5,COOK:8300057,COOK:8300057,COOK:NORTHFIELD PRECINCT 57,1.0,73.67018029,3.51107682,3.51107682,3.51107682,3.51107682,5.263358789,3.51107682,3.51107682,18.948113127678504,25.596435033434354,13.29435246678636,5.4759558127813115,3.261242544393566,5.7967997631534125,2.643478576837508,23.9400023613152,33.51574806565811,17.651039187068736,7.146907157191732,3.9893517692100886,6.567793553003446,3.1464105774458897,16.68183751386991,27.085785350446088,16.59833872776574,8.741411604977761,2.9629314017419204,0.005496175057547395,0.0074622745940296385,1.0,0.3,0.2,1.000000069,1.000000478,1.000000765,1.000000383,1.399999617,1.000218187,413.0270735,412.7204143,0.920080532,5.16e-05,0.920028978,0.002227652,1.25e-07,0.002227527,1250.59,165,1.0
COOK:8300006,COOK:8300006,COOK:Northfield Precinct 6,,,,,,,,,,0.876005338,0.035414861,0.009376683,0.070857544,0.006251287,0.001041197,0.6007,0.9451,0.0549,0.5699,0.1068,0.0,0.0056,0.3153,0.178279413,0.106623606,0.017993783,0.094324568,0.176403618,0.135842523,0.158453725,0.052874225,0.07920454,1.32e-05,1.13e-05,2.03e-05,0.057525607,1.18e-05,7.13e-06,0.002629284,0.002641284,2.39e-05,0.020962544,0.06801698,0.007940951,0.115095185,0.089028701,0.162303541,0.473768357,,-0.420692987,0.44,100.0,-0.474285714,175.0,-0.248201439,556.0,53.9,191919,243.0970058,-1.737957341,0.604147513,-1.348111262,-1.789205323,-1.028796995,-1.067781603,-1.084862927,-0.382546407,-1.028796995,complete,COOK,Northfield Precinct 6,0,0,0,Northfield,1,0,0,386,257,171,197,148,99,0.47632,29.836981832085545,77,0.5013,30.073194699346455,77,0.02074,15.750515417463923,40,0.0007,5.909683743472652,15,0.00048,5.150826950300404,13,0.00032,6.7522326079173,17,0.00014,3.230383536910729,8,COOK:8300006,COOK:8300006,COOK:NORTHFIELD PRECINCT 6,1.0,88.90145899,0.791164168,0.791164168,0.791164168,0.791164168,6.351555998,0.791164168,0.791164168,21.730493778497625,21.206673350007044,10.757141543060568,3.982941741891337,3.790103219167402,5.793218579995787,2.638481486818756,29.583938098580116,29.9057142621905,15.653185512264894,5.869733488614676,5.0410836855831,6.663198253039295,3.2403993706206125,19.464218164689033,22.69602366701878,14.061127804039947,7.248397534087787,3.491792076515756,0.0019149918999212742,0.0024651845752776238,1.0,0.3,0.2,1.002758183,1.000014829,1.000023727,1.000011863,1.399988137,1.197541205,539.2159017,538.307787,4.084210509,1.814911939,2.269298571,0.007574351,0.003365835,0.004208516,1105.21,257,1.0
COOK:8300007,COOK:8300007,COOK:Northfield Precinct 7,,,,,,,,,,0.74973343,0.04899809,0.012080887,0.181135808,0.008051029,0.002011903,0.5567,0.6145,0.3855,0.6865,0.1349,0.0,0.0,0.1786,0.086216626,0.220418138,0.031256335,0.052084494,0.209392271,0.115238238,0.089708749,0.064316822,0.131368327,0.017413997,0.018825199,1.55e-05,0.018845642,2.67e-05,0.040571589,0.018840974,5.03e-06,1.27e-05,0.037611592,0.134487409,0.024626917,0.091194429,0.069452352,0.115731956,0.412338031,,-0.410027744,0.45631068,206.0,-0.27753304,227.0,-0.032904149,699.0,52.5,162127,321.5537412,-1.692521548,0.704268564,-0.657553634,-1.104276783,-0.584024059,-0.68752085,-0.578030615,-0.379156023,-0.584024059,complete,COOK,Northfield Precinct 7,0,0,0,Northfield,1,0,0,572,381,254,248,186,124,0.47562,29.86027668457186,114,0.50194,30.159268267827578,115,0.02054,15.675564474165112,60,0.00086,5.885294739520887,22,0.00042,5.113466674928918,19,0.0004,6.774690099594611,26,0.00022,3.273720792595944,12,COOK:8300007,COOK:8300007,COOK:NORTHFIELD PRECINCT 7,1.0,83.77155853,1.707231784,1.707231784,1.707231784,1.707231784,5.985050764,1.707231784,1.707231784,21.72926716872398,21.204776593311795,10.7558289473997,3.9824988295933936,3.7899068333608406,5.795854319476964,2.6421610120841965,29.58230837435848,29.903137488069675,15.65139618789275,5.869146492411243,5.041337835841764,6.6658406944768585,3.2440855978424397,19.46299155491539,22.69412691032353,14.059815208379078,7.247954621789844,3.491595690709195,0.004550731381098703,0.006144709840718162,1.0,0.3,0.2,1.000010159,1.0000014,1.000002239,1.00000112,1.39999888,1.007816444,369.8571509,369.5933441,2.374261311,0.527613625,1.846647687,0.006419401,0.001426534,0.004992867,1848.06,381,1.0
COOK:8300008,COOK:8300008,COOK:Northfield Precinct 8,,,,,TRUE,,,,,0.847813171,0.024854514,0.012908922,0.09881168,0.008818463,0.001724891,0.624,0.9138,0.0862,0.5658,0.0595,0.0,0.0142,0.3511,0.090379715,0.085806816,0.025232726,0.085804675,0.082689649,0.256436189,0.130746085,0.149572211,0.093331934,0.050823298,0.005697431,0.014487201,0.007517991,0.020308006,0.005439759,0.003632318,0.003212747,0.011322282,0.066534776,0.013097694,0.086798111,0.018670229,0.048313785,0.084728333,0.55941604,,-0.416651194,0.579545455,176.0,-0.346153846,156.0,-0.150066401,753.0,57.4,210621,318.5818952,-1.720738599,1.46072968,-0.898397227,-1.477006836,-0.576619108,-0.658853245,-0.624527905,-0.344986439,-0.576619108,complete,COOK,Northfield Precinct 8,0,0,0,Northfield,1,0,0,546,364,243,201,151,101,0.48212,30.315947865650365,110,0.50026,30.50037929999912,111,0.0166,15.335790829760022,56,0.00032,5.476209205512996,20,0.0002,5.03483669914368,18,0.00036,6.723880018423406,24,0.00014,3.29666563268,12,COOK:8300008,COOK:8300008,COOK:NORTHFIELD PRECINCT 8,1.0,83.64543906,1.729753461,1.729753461,1.729753461,1.729753461,5.976040171,1.729753461,1.729753461,22.00613468361017,21.383104085643858,10.492241696107397,3.6738918016163646,3.719466574168548,5.7939692267392475,2.639451824350451,30.057739756800967,30.25132592065642,15.327755896272265,5.453764111127293,4.953419080638577,6.667913548514067,3.2453343568836184,19.73985906980158,22.872454402655592,13.796227957086776,6.939347593812815,3.4211554315169024,0.002665638643382463,0.0034355221069725986,1.0,0.3,0.2,1.000008033,1.000000005,1.000000008,1.000000004,1.399999996,1.000037541,813.6180494,812.4474845,3.902883381,1.951545182,1.951338199,0.004796948,0.002398601,0.002398347,2080.83,23,0.710156546
COOK:8300009,COOK:8300009,COOK:Northfield Precinct 9,,,,,TRUE,,,,,0.860155124,0.029654297,0.012712583,0.081941845,0.00283268,0.001413078,0.5585,0.9313,0.0687,0.6186,0.0584,0.0,0.004,0.2885,0.159669384,0.14043894,0.031746104,0.112567394,0.13755172,0.173369406,0.118395874,0.079988816,0.046272364,0.018569961,0.013217477,0.031724627,0.013220208,0.044941652,0.015859695,0.007931188,0.0,0.015859746,0.052922273,0.02643786,0.08995366,0.037007858,0.05818198,0.126929872,0.447241944,,-0.413110123,0.641025641,78.0,-0.440860215,93.0,-0.131313131,396.0,52.8,179218,162.8571628,-1.70565302,1.838118044,-1.230795279,-1.417346773,-0.581433483,-0.628919257,-0.701808687,-0.382192987,-0.581433483,complete,COOK,Northfield Precinct 9,0,0,0,Northfield,1,0,0,278,185,123,134,101,67,0.47664,29.780997168356492,55,0.50108,30.154697374465062,56,0.0209,15.705985868373645,29,0.00046,5.940347621956539,11,0.00032,5.138945454557904,10,0.00038,6.7307903390423585,12,0.00022,3.30726871789955,6,COOK:8300009,COOK:8300009,COOK:NORTHFIELD PRECINCT 9,1.0,83.72763128,1.715076055,1.715076055,1.715076055,1.715076055,5.981912386,1.715076055,1.715076055,21.73037048936115,21.20648270298948,10.757009611301138,3.9830602688696883,3.790083480015614,5.793572324125921,2.638891820863607,29.58367210952222,29.9053348684102,15.65293184674912,5.869870402306756,5.041090894432527,6.663547420988182,3.240805128484217,19.464094875552558,22.695833020001213,14.060995872280516,7.248516061066138,3.4917723373639684,0.002268736030055762,0.002875518620128675,1.0,0.3,0.2,1.000081117,1.000000015,1.000000025,1.000000012,1.399999988,1.000153329,226.0607415,225.6151553,1.485287395,0.742643697,0.742643697,0.006570302,0.003285151,0.003285151,1002.51,185,1.0
COOK:9600011,COOK:9600011,COOK:Wheeling Precinct 11,,,,,,,,,,0.647542884,0.050614126,0.018970813,0.267932746,0.007474815,0.004022085,0.4003,0.8582,0.1418,0.7294,0.0708,0.0,0.0,0.1885,0.062236284,0.105215244,0.103238503,0.059866712,0.060778303,0.210806894,0.199869708,0.118609556,0.079378798,5.79e-05,0.011592845,0.024596618,0.01303608,0.044861735,0.021690835,0.036164629,0.018811818,1.39e-05,4.03e-05,0.069463985,0.040537493,0.138919991,0.22706202,0.16497863,0.188171276,,-0.10244668,0.223300971,103.0,-0.537313433,134.0,0.022375215,581.0,57.8,133831,296.8874191,-0.382172622,-0.726032132,-1.569324379,-0.928415703,-1.020201385,-0.901486209,-1.153769018,-0.494429924,-1.020201385,complete,COOK,Wheeling Precinct 11,0,0,0,Wheeling,1,0,0,372,248,165,249,187,125,0.48632,30.351311971979168,75,0.4959,30.48495473479167,76,0.01686,15.25487031230493,38,0.00036,5.491996024544264,14,0.00012,5.0176627049512135,12,0.0003,6.7409259345390575,17,0.00014,3.323494115803248,8,COOK:9600011,COOK:9600011,COOK:WHEELING PRECINCT 11,1.0,88.83700166,0.802674582,0.802674582,0.802674582,0.802674582,6.34695085,0.802674582,0.802674582,22.050245546056473,21.409680505017896,10.446134199283721,3.6217995875708286,3.707400922603958,5.798066860877469,2.645119995112395,30.134484874592392,30.305212951834868,15.270633754571506,5.383426385421986,4.939139313011006,6.672682023234089,3.2516733682273635,19.78396993224788,22.89903082202963,13.7501204602631,6.887255379767279,3.4090897799523123,0.006763272781604263,0.009103692868916427,1.0,0.3,0.2,1.0,1.000000205,1.000000327,1.000000164,1.399999836,1.000001631,515.5162651,513.2158398,4.141370089,1.841952386,2.299417703,0.008033442,0.003573025,0.004460417,1888.45,0,0.433550983
COOK:9600012,COOK:9600012,COOK:Wheeling Precinct 12,,,,,,,,,,0.720900547,0.071912188,0.016634886,0.176166252,0.002250158,0.00497957,0.3541,0.9422,0.0578,0.8192,0.0132,0.0,0.0047,0.1629,0.082218038,0.111410223,0.088905564,0.169072462,0.095253325,0.140165605,0.165804637,0.076171561,0.070998584,0.016110289,0.004302247,0.006444167,0.003232991,0.012950506,0.012871315,0.011852008,0.010762893,0.02679323,0.046121049,0.07392123,0.122063544,0.136961036,0.179721407,0.248142952,0.087749138,,-0.237947613,0.2,145.0,-0.406896552,145.0,-0.096045198,708.0,52.5,127172,335.5214176,-0.959430207,-0.869062202,-1.111590462,-1.305148362,-1.076523834,-1.061307808,-1.086580364,-0.647586826,-1.076523834,complete,COOK,Wheeling Precinct 12,0,0,0,Wheeling,1,0,0,416,277,185,259,195,130,0.4779,29.8104379944648,83,0.50012,30.10245918890808,83,0.02042,15.716624327456646,44,0.0005,5.958348044917328,17,0.0004,5.068203573336754,14,0.00044,6.72061391487771,19,0.00022,3.316608936506819,9,COOK:9600012,COOK:9600012,COOK:WHEELING PRECINCT 12,1.0,89.24149731,0.730442115,0.730442115,0.730442115,0.730442115,6.375850002,0.730442115,0.730442115,21.729322444403337,21.20486206834806,10.7558880979286,3.9827675983819315,3.7899156832486414,5.795871084509322,2.6420569981584903,29.582225884942556,29.90306988333409,15.651364179068768,5.869471913515412,5.0412983939572715,6.665849145833787,3.2439732702413044,19.463046830594745,22.694212385359794,14.059874358907978,7.2482233905783815,3.4916045405969958,0.004567496413456778,0.006040695915011778,1.0,0.3,0.2,1.0,1.000000007,1.00000001,1.000000005,1.399999995,1.000000467,603.0588281,601.7337058,7.760551618,5.464172012,2.296379606,0.012868648,0.009060761,0.003807887,2801.84,277,1.0
COOK:9600016,COOK:9600016,COOK:Wheeling Precinct 16,,,,,,,,,,0.454557033,0.450677607,0.023931453,0.073652227,0.041902682,6.3e-06,0.1268,0.6775,0.3225,0.9267,0.0131,0.0,0.0,0.0602,0.151522416,0.091842746,0.100013505,0.162093886,0.152369671,0.151493906,0.15274425,0.031405296,0.006514322,0.066827486,0.025535293,0.035460475,0.000130478,0.181664951,0.0568126,0.090962954,0.078026093,0.034227825,0.058432608,0.094207047,0.112355853,0.088367175,0.000260956,0.038427302,0.038300901,,0.512493224,0.133333333,30.0,0.090909091,22.0,0.407407407,162.0,46.3,42730,112.9301494,2.237578516,-1.278287125,0.63559537,0.29649306,0.312646641,0.472844955,0.345196723,-0.324871613,0.312646641,complete,COOK,Wheeling Precinct 16,0,0,0,Wheeling,1,0,0,143,95,63,87,66,44,0.17144,22.124770367496957,21,0.63756,29.424589806891138,28,0.18594,22.46500820853705,21,0.00236,7.8387490507685005,7,0.00084,5.289585301790629,5,0.00164,6.589936361544199,6,0.00022,3.1674160523869372,3,COOK:9600016,COOK:9600016,COOK:WHEELING PRECINCT 16,1.0,53.7248523,7.719682824,7.719682824,7.719682824,7.719682824,3.838366791,7.719682824,3.838366791,17.837461432971057,23.019002393192046,17.368036064195596,6.237476388265467,4.263099687914529,5.793705294799198,2.638766193892881,21.87516159272667,29.139149670607573,22.322126823979307,7.80971029246584,5.179333717991291,6.527385731635246,3.1043848414872786,15.571185819162467,24.50835271020378,20.672022325174975,9.502932180461917,3.9647885452628837,0.002401706703332063,0.0027498916494023756,1.0,0.3,0.2,1.0,1.000000003,1.000000005,1.000000003,1.399999997,1.000000408,150.7546704,150.1554865,2.157062056,1.198367809,0.958694247,0.014308426,0.007949126,0.0063593,928.8,95,1.0
COOK:9600017,COOK:9600017,COOK:Wheeling Precinct 17,,,,,,,,,True,0.472378325,0.171713979,0.02522323,0.323316003,0.015762567,0.000525979,0.3735,0.7043,0.2957,0.7231,0.0703,0.0,0.0,0.1568,0.139409742,0.111446566,0.082805081,0.220771074,0.168714144,0.09954949,0.117912694,0.052001208,0.007389999,0.036527567,0.000168671,0.047419443,0.01945834,0.015964884,0.047358892,0.007290931,0.007285935,0.040042503,0.058519412,0.041413618,0.116648186,0.18343588,0.204134853,0.070946498,0.103384384,,-0.025155048,0.084337349,83.0,-0.175,80.0,0.100257069,389.0,43.2,108436,212.4869917,-0.052896803,-1.57904279,-0.297685727,-0.680648977,-0.677047467,-0.652568574,-0.606070897,-0.006147819,-0.677047467,complete,COOK,Wheeling Precinct 17,0,0,0,Wheeling,1,0,0,294,196,131,168,126,84,0.45936,29.184795043545265,57,0.5073,29.78129159900832,58,0.03168,17.012229126084765,33,0.0006,5.346795607659765,10,0.00042,5.253473409843827,10,0.0004,6.784186300593861,13,0.00024,3.2947533154062363,6,COOK:9600017,COOK:9600017,COOK:WHEELING PRECINCT 17,1.0,85.21773788,1.448981537,1.448981537,1.448981537,1.448981537,6.088372905,1.448981537,1.448981537,21.72768571821434,21.48421564479124,11.986157888649217,3.7332767071000115,3.944692998654366,5.799532439669639,2.6470325900117095,29.01803355267658,29.635019404180667,16.97535783511561,5.309406293272464,5.158715477567695,6.640640873489885,3.2200792345903047,19.461410104405747,22.973565961802976,15.290144149628595,6.9987324992964615,3.6463818560027206,0.008228851573772955,0.011016287768231057,1.0,0.3,0.2,1.0,1.0,1.0,1.0,1.4,1.0,346.715378,345.5835202,3.622439441,0.905772534,2.716666907,0.010447876,0.002612438,0.007835438,1938.16,196,1.0
COOK:9600021,COOK:9600021,COOK:Wheeling Precinct 21,,,,,,,,,,0.821746624,0.029238798,0.019082113,0.121601349,0.003157559,4.18e-07,0.4059,0.9241,0.0759,0.738,0.0958,0.02,0.0132,0.1238,0.09966654,0.181481095,0.053733871,0.084313519,0.152484235,0.166137488,0.120087282,0.090631426,0.051464544,0.024149614,0.012801464,0.005712077,0.021581328,0.02359932,0.019305723,0.010270293,0.015933845,0.010232908,0.04996341,0.084899007,0.113952711,0.127500257,0.06563354,0.11869131,0.295773195,,-0.295669249,0.325842697,178.0,-0.386243386,189.0,-0.071688943,823.0,52.7,121098,349.7862786,-1.205334433,-0.096592686,-1.039102495,-1.227663438,-0.875550069,-0.892173263,-0.904935916,-0.542226777,-0.875550069,complete,COOK,Wheeling Precinct 21,0,0,0,Wheeling,1,0,0,489,326,217,145,109,73,0.47928,29.867518787364034,97,0.49838,30.09631844843119,98,0.0204,15.674510968498245,51,0.00066,5.903304544855046,19,0.00052,5.069039741330227,17,0.00056,6.709282260533597,22,0.0002,3.335893045398776,11,COOK:9600021,COOK:9600021,COOK:WHEELING PRECINCT 21,1.0,87.58451943,1.026335532,1.026335532,1.026335532,1.026335532,6.25746738,1.026335532,1.026335532,21.72992936222095,21.205800570110217,10.75653756095346,3.983188166906478,3.7900128535530784,5.79467666411489,2.640286423606736,29.582906030680615,29.90419612065454,15.652158334370643,5.870004375068991,5.041149991693148,6.664644924087528,3.2421928943377223,19.463653748412362,22.69515088712195,14.060523821932838,7.248643959102928,3.4917017109014328,0.0033730760190243342,0.004270121363257463,1.0,0.3,0.2,1.0,1.0,1.0,1.0,1.4,1.0,395.0665614,394.3216564,2.482662275,1.163490954,1.319171321,0.006284162,0.00294505,0.003339112,1830.23,5,0.581645581
COOK:9600027,COOK:9600027,COOK:Wheeling Precinct 27,,,,,,,,,,0.736107867,0.115016505,0.027603969,0.120229865,0.009214605,0.000511491,0.4265,0.7521,0.2479,0.7608,0.0184,0.0,0.0,0.2069,0.041251,0.110414429,0.120327598,0.078449517,0.114369498,0.200435391,0.146817455,0.142008604,0.045926508,0.033329238,8.72e-06,0.029609784,0.01483477,0.065681313,0.019436144,0.007406448,0.069363751,0.030548795,0.0536905,0.062033196,0.129626182,0.103740191,0.122226843,0.069505331,0.188958791,,-0.281686937,0.319148936,188.0,-0.344978166,229.0,0.116644823,763.0,54.5,96997,322.1481104,-1.145767348,-0.137681493,-0.894270855,-0.628514366,-0.676408866,-0.701558516,-0.714951334,-0.42164506,-0.676408866,complete,COOK,Wheeling Precinct 27,0,0,0,Wheeling,1,0,0,527,351,234,262,197,131,0.47002,29.764972464252036,104,0.50778,30.231001206839558,106,0.02042,15.6671878153543,55,0.00056,5.914950273580005,21,0.00044,5.094756518621485,18,0.00058,6.737763585306003,24,0.0002,3.2604636220111933,11,COOK:9600027,COOK:9600027,COOK:WHEELING PRECINCT 27,1.0,85.20863272,1.450607481,1.450607481,1.450607481,1.450607481,6.087722388,1.450607481,1.450607481,21.7299446170465,21.20582415926881,10.756553885149017,3.98364892537826,3.7900152959200666,5.7948918865731684,2.6403537381489137,29.58264099382674,29.903892005540285,15.651974483206104,5.87055868649689,5.041095629748961,6.664845404870064,3.2422454672041576,19.463669003237907,22.695174476280545,14.060540146128396,7.24910471757471,3.491704153268421,0.0035882984773033554,0.004337435905435463,1.0,0.3,0.2,1.0,1.0,1.0,1.0,1.4,1.0,323.9434059,323.1238436,1.912852506,1.092434135,0.820418371,0.005904897,0.003372299,0.002532598,1536.77,351,1.0
COOK:9600028,COOK:9600028,COOK:Wheeling Precinct 28,,,,,,,,,,0.862018647,0.046881427,0.010559843,0.068653673,0.011219094,0.0,0.313,0.9126,0.0874,0.6817,0.0326,0.0,0.0006,0.28,0.102256218,0.147553933,0.045988222,0.109535458,0.097434047,0.149438558,0.10286489,0.143943533,0.100985142,0.046737248,2.52e-05,0.03632785,9.64e-06,0.070080913,0.01298873,5.6e-05,0.061005935,0.042844879,0.068799208,0.080508089,0.138948628,0.122109509,0.051981302,0.166161941,0.101414927,,-0.269833326,0.319148936,141.0,-0.448979592,196.0,-0.140783745,689.0,56.5,89505,301.6423728,-1.0952689,-0.137681493,-1.259292466,-1.447475781,-1.001332017,-0.98492966,-1.056204578,-0.709145869,-1.001332017,complete,COOK,Wheeling Precinct 28,0,0,0,Wheeling,1,0,0,429,286,191,232,174,116,0.48402,30.123335331440547,86,0.49624,30.314469626729846,87,0.01848,15.464580881588677,44,0.00044,5.624125581593519,16,0.00022,5.0249386499768915,14,0.00042,6.745655605272094,19,0.00018,3.368510020394354,10,COOK:9600028,COOK:9600028,COOK:WHEELING PRECINCT 28,1.0,88.69189096,0.828587601,0.828587601,0.828587601,0.828587601,6.336583431,0.828587601,0.828587601,21.902988188769427,21.31728096806975,10.591813324392824,3.789835709310169,3.745990354055682,5.793201769087839,2.638424304569369,29.880066580253416,30.121978160170762,15.45033515173775,5.610091810963551,4.986307230536891,6.6656564954954725,3.2428172417353514,19.636712574960836,22.806631285081483,13.895799585372203,7.055291501506619,3.4476792114040364,0.001898180991973102,0.0024080023258903874,1.0,0.3,0.2,1.0,1.0,1.0,1.0,1.4,1.000000002,565.2541388,564.2857572,3.306307032,0.754371416,2.551935615,0.00584924,0.00133457,0.004514669,1855.29,286,1.0
COOK:9600030,COOK:9600030,COOK:Wheeling Precinct 30,,,,,,,,,,0.81861367,0.039016841,0.015589686,0.111211282,0.009915492,0.000707592,0.4574,0.9431,0.0569,0.7535,0.0333,0.013,0.0105,0.1842,0.083798189,0.135574023,0.059856006,0.087214042,0.147564341,0.18628647,0.110561316,0.128773115,0.060372499,0.044120337,3.83e-06,0.008556681,0.02279018,0.015689026,0.017107262,0.00854146,0.011417084,0.032759068,0.038476246,0.058409728,0.135316562,0.135267868,0.121070733,0.098316541,0.252157392,,-0.183368573,0.464566929,127.0,-0.422885572,201.0,-0.024203822,785.0,54.0,119741,315.9072338,-0.726913986,0.754948507,-1.167708326,-1.076598301,-0.59814746,-0.554068026,-0.72087552,-0.528770709,-0.59814746,complete,COOK,Wheeling Precinct 30,0,0,0,Wheeling,1,0,0,440,293,195,248,186,124,0.47512,29.83240542526407,87,0.50334,30.144967582923943,88,0.01996,15.697566882029884,46,0.0005,5.894426345979471,17,0.0003,5.060978546710699,15,0.00064,6.775642465660586,20,0.00014,3.3525026718096664,10,COOK:9600030,COOK:9600030,COOK:WHEELING PRECINCT 30,1.0,84.00740003,1.665116588,1.665116588,1.665116588,1.665116588,6.001900437,1.665116588,1.665116588,21.730044929489324,21.205979276488353,10.756661229538416,3.9830576167720917,3.790031356398644,5.794334481937897,2.639896959485178,29.583167546747884,29.904566109906057,15.652404914846485,5.869852671674225,5.041145423960245,6.664307657726339,3.241808346031969,19.463769315680732,22.695329593500087,14.060647490517795,7.248513408968542,3.4917202137469983,0.003030893842030929,0.0038806572416998945,1.0,0.3,0.2,1.0,1.0,1.0,1.0,1.4,1.0,483.0719028,481.9612276,2.843596462,1.329821739,1.513774723,0.005886487,0.002752844,0.003133643,2122.01,293,1.0
COOK:9600038,COOK:9600038,COOK:Wheeling Precinct 38,,,,,,,,,,0.75576817,0.154509015,0.013253752,0.068040724,0.027643943,0.001203585,0.2587,0.8573,0.1427,0.7536,0.0104,0.0,0.0264,0.2095,0.068373121,0.07607938,0.112262147,0.140050329,0.072551233,0.199297428,0.140670644,0.089086534,0.101629184,0.039458333,0.022550522,0.026757483,0.09997693,0.033806653,0.050691796,1.29e-06,0.05774775,0.062083082,0.081752432,0.0690717,0.165065802,0.115674932,0.049506559,0.104677533,0.021177204,,0.227546582,0.258278146,151.0,-0.364341085,129.0,0.201581028,506.0,54.3,65467,268.6548818,1.023656172,-0.511329157,-0.962230345,-0.358305527,-0.400640866,-0.202052214,-0.552676492,-0.567377384,-0.400640866,complete,COOK,Wheeling Precinct 38,0,0,0,Wheeling,1,0,0,393,262,175,217,163,109,0.15426,24.10614716743827,63,0.81128,33.77372044034821,88,0.03262,17.685290063162974,46,0.00086,7.195550435827805,19,0.00024,4.060109266094083,11,0.00056,6.613630356168063,17,0.00018,3.172584001204528,8,COOK:9600038,COOK:9600038,COOK:WHEELING PRECINCT 38,1.0,80.08915236,2.364814338,2.364814338,2.364814338,2.364814338,5.721961617,2.364814338,2.364814338,18.949809923410847,25.599058857844494,13.296168208649437,5.47677401825103,3.2615142091117413,5.7932656444495105,2.638439656239578,23.942147505326027,33.51906294372962,17.653343851359722,7.147936469325943,3.9891454076822477,6.564252135460614,3.1413643580090307,16.683534309602255,27.088409174856228,16.600154469628816,8.74222981044748,2.9632030664600957,0.0019620563536452947,0.002423353996099829,1.0,0.3,0.2,1.0,1.0,1.0,1.0,1.4,1.0,367.9112795,367.1751456,1.771787935,0.377480536,1.394307399,0.004815802,0.00102601,0.003789792,1382.62,262,0.999989123
COOK:9600040,COOK:9600040,COOK:Wheeling Precinct 40,,,,,,,,,,0.84392031,0.045671672,0.019683398,0.075904025,0.007515388,0.000907273,0.3556,0.9494,0.0506,0.7023,0.0812,0.0003,0.0089,0.2003,0.113010621,0.174438782,0.078541797,0.096140242,0.159831591,0.121149451,0.143290006,0.069569446,0.044028064,0.027247485,0.015624596,0.031481134,0.002609457,0.020963857,0.002976218,0.0034031,0.032286943,0.05240189,0.003232687,0.047561782,0.109045935,0.067709351,0.067713144,0.140948321,0.374794104,,-0.132629166,0.32,200.0,-0.333333333,174.0,-0.04494382,890.0,50.3,155584,383.6653234,-0.510755272,-0.132457344,-0.85340011,-1.142578772,-0.694062358,-0.659797874,-0.732782806,-0.655581968,-0.694062358,complete,COOK,Wheeling Precinct 40,0,0,0,Wheeling,1,0,0,555,370,247,152,114,76,0.47638,29.844147939111853,110,0.50148,30.125213871298495,111,0.0205,15.72566430018209,58,0.00052,5.906030793791895,22,0.00042,5.074852597259753,19,0.00042,6.709796590088166,25,0.00028,3.293702949671873,12,COOK:9600040,COOK:9600040,COOK:WHEELING PRECINCT 40,1.0,85.45641529,1.40635992,1.40635992,1.40635992,1.40635992,6.105425189,1.40635992,1.40635992,21.73043764719221,21.206586551881312,10.757081476925835,3.9834633244147453,3.7900942322899747,5.7936343735428695,2.6387844519599275,29.58352393820091,29.905196229156722,15.65285831372126,5.870357705322988,5.041034381851885,6.663596906732021,3.240685195907427,19.46416203338362,22.695936868893046,14.061067737905214,7.248919116611195,3.491783089638329,0.0023307854470036647,0.0027681497164490252,1.0,0.3,0.2,1.0,1.0,1.0,1.0,1.4,1.0,719.5397842,718.4501797,4.692070507,3.707510218,0.984560289,0.006520933,0.005152613,0.001368319,2489.08,0,0.165420066
COOK:9600043,COOK:9600043,COOK:Wheeling Precinct 43,,,,,,,,,,0.514124836,0.058352424,0.034813483,0.384542509,0.004924784,0.000543862,0.6061,0.5674,0.4326,0.6874,0.025,0.0,0.0,0.199,0.03766628,0.03392368,0.203111888,0.242403296,0.159232737,0.072423126,0.111256468,0.070910388,0.069072139,0.007785581,0.005140018,0.054749003,0.014567114,2.85e-05,7.6e-06,2.87e-05,0.017981286,0.005159424,0.062501248,0.140375206,0.134464457,0.080504852,0.177949994,0.069382552,0.229374422,,0.016619763,0.296703297,91.0,-0.2,90.0,0.127272727,440.0,40.9,117767,236.8561292,0.125071171,-0.275461216,-0.385430103,-0.594703654,-0.333681078,-0.282630951,-0.354240909,0.298220099,-0.333681078,complete,COOK,Wheeling Precinct 43,0,0,0,Wheeling,1,0,0,332,221,147,215,162,108,0.14586,23.533548591914915,52,0.8007,33.36218167690537,74,0.05198,19.12841853887729,42,0.00072,6.539937004255939,14,0.00018,4.221928689664524,9,0.0004,6.619486340622766,15,0.00016,3.1609112309705396,7,COOK:9600043,COOK:9600043,COOK:WHEELING PRECINCT 43,1.0,78.41391901,2.663967709,2.663967709,2.663967709,2.663967709,5.602274735,2.663967709,2.663967709,18.946289518130833,25.93044321601334,14.764562009128646,5.178506169675959,3.4462094757238404,5.801230278788429,2.6491823711178153,23.43978374596505,33.13628982422391,19.07601473881106,6.497521778295867,4.142990217939291,6.542381031285149,3.1222713343728845,16.68001390432224,27.419793533025075,18.068548270108025,8.443961961872409,3.147898333072195,0.009926690692563267,0.013166068874336708,1.0,0.3,0.2,1.0,1.0,1.000000001,1.0,1.4,1.000000022,392.8140441,391.9679812,2.325482758,1.479627985,0.845854773,0.00592006,0.003766739,0.002153321,1362.82,221,0.999238318
COOK:9600044,COOK:9600044,COOK:Wheeling Precinct 44,,,,,,,,,,0.800745551,0.060572041,0.01313909,0.116054499,0.013133304,3.22e-06,0.5072,0.933,0.067,0.8272,0.0346,0.0006,0.0111,0.1209,0.112236723,0.077637875,0.088113143,0.109846422,0.127523312,0.158292975,0.150226108,0.140358202,0.03576524,0.017418428,0.006403614,0.001636162,0.02840401,0.011130716,0.012631182,1.07e-05,0.017349341,0.048875016,0.026954828,0.022140593,0.108939261,0.112199635,0.121657379,0.093321423,0.370927662,,-0.185813835,0.339449541,109.0,-0.271604938,162.0,-0.102040816,588.0,54.1,142653,255.2815746,-0.737331229,-0.013068791,-0.636747329,-1.324222312,-0.667784025,-0.677842415,-0.659565008,-0.572538012,-0.667784025,complete,COOK,Wheeling Precinct 44,0,0,0,Wheeling,1,0,0,368,245,163,214,161,107,0.47686,29.780238171720818,73,0.5015,30.11092415743538,74,0.01982,15.71461381708856,39,0.00064,5.957243469609774,15,0.00034,5.058810900063574,12,0.00064,6.730491587566166,16,0.0002,3.3251137441163343,8,COOK:9600044,COOK:9600044,COOK:WHEELING PRECINCT 44,1.0,85.08460068,1.472756399,1.472756399,1.472756399,1.472756399,6.078860931,1.472756399,1.472756399,21.729991059061078,21.20589597444914,10.756603582769339,3.982901445446638,3.7900227314979387,5.79437575946392,2.640024598981426,29.583181655483383,29.904553899472823,15.652388228785618,5.869662611455253,5.0411719618947775,6.6643536317627445,3.2419406820385994,19.463715445252486,22.695246291460876,14.060589843748717,7.248357237643088,3.491711588846293,0.003072171368054213,0.004008296737947602,1.0,0.3,0.2,1.0,1.0,1.0,1.0,1.4,1.0,365.3791801,364.5067874,1.75971011,1.441261009,0.318449101,0.00481612,0.003944562,0.000871558,1325.68,245,1.0
COOK:9600046,COOK:9600046,COOK:Wheeling Precinct 46,,,,,,,,,,0.88276304,0.049644723,0.004634723,0.045077357,0.012689108,0.000576349,0.4496,0.9314,0.0686,0.6421,0.0606,0.0156,0.0234,0.2473,0.109314598,0.097647337,0.056358459,0.098726648,0.130236809,0.161334248,0.153032181,0.123902163,0.069447559,0.041258097,0.025784727,0.0,0.011340703,0.012390245,0.01648427,0.069099273,0.012368804,0.003090181,0.045384687,0.057753235,0.101031016,0.164977667,0.068056079,0.133922301,0.237058715,,-0.13236835,0.387978142,183.0,-0.468926554,177.0,-0.063529412,850.0,55.7,115762,365.8342472,-0.50964415,0.284817902,-1.329301816,-1.201705398,-0.770924132,-0.688958365,-0.898992822,-0.468392425,-0.770924132,complete,COOK,Wheeling Precinct 46,0,0,0,Wheeling,1,0,0,530,353,235,284,213,142,0.48148,29.99423834820403,106,0.49798,30.222861737570376,107,0.01914,15.571827153780765,55,0.00048,5.794928607436288,20,0.0004,5.087638741447205,18,0.00036,6.74615077544916,24,0.00016,3.2978546856999897,12,COOK:9600046,COOK:9600046,COOK:WHEELING PRECINCT 46,1.0,86.4456112,1.229715102,1.229715102,1.229715102,1.229715102,6.176098194,1.229715102,1.229715102,21.811266479824333,21.25871596130583,10.680282983558804,3.8926755939084545,3.769561293811054,5.792483280332981,2.637566991813243,29.72252736722218,30.00730757611462,15.559123407002215,5.748510042044437,5.015515465653198,6.663623445308974,3.240645367547585,19.54499086601574,22.748066278317562,13.984269244538183,7.1581313861049045,3.4712501511594085,0.0011796922371151613,0.0015506895697649317,1.0,0.3,0.2,1.0,1.0,1.0,1.0,1.4,1.0,448.7818538,447.2238515,3.578797041,1.682861876,1.895935165,0.007974469,0.003749844,0.004224625,1634.0,0,0.127930819
COOK:9600047,COOK:9600047,COOK:Wheeling Precinct 47,,TRUE,,,,,,,True,0.784177687,0.110659871,0.010529155,0.07934698,0.010835058,3.5e-06,0.3257,0.7671,0.2329,0.8443,0.0827,0.0063,0.0053,0.0541,0.1525191,0.094633743,0.090954328,0.153133793,0.107458397,0.156326936,0.114207407,0.07730916,0.053457136,0.028787658,0.01819832,0.010799592,0.009026522,0.045429709,0.026623255,0.019049427,0.027331785,0.051146238,0.057646838,0.073497921,0.167044726,0.097293867,0.083967917,0.114864811,0.169291414,,-0.211239291,0.247706422,109.0,-0.535211268,142.0,0.031690141,568.0,50.9,94824,307.8832495,-0.845648101,-0.576222351,-1.561946252,-0.898781987,-1.042279488,-0.970649673,-1.160538804,-0.665687686,-1.042279488,complete,COOK,Wheeling Precinct 47,0,0,0,Wheeling,1,0,0,407,271,181,166,125,83,0.47724,29.783193545633534,81,0.50032,30.089859909051807,82,0.02092,15.720101011842996,43,0.0005,5.929829455587231,16,0.00046,5.071106017625002,14,0.00038,6.758899562059814,18,0.00018,3.3540041476638165,9,COOK:9600047,COOK:9600047,COOK:WHEELING PRECINCT 47,1.0,89.0005415,0.773470593,0.773470593,0.773470593,0.773470593,6.358634938,0.773470593,0.773470593,21.730399351683197,21.206527333974616,10.757040496884715,3.9829578930878577,3.7900881010047147,5.793448857161173,2.6387772243391954,29.583781148604633,29.90547879313648,15.653025017726055,5.869748677697245,5.041097599344507,6.663427428223965,3.2406940061603366,19.464123737874605,22.69587765098635,14.061026757864093,7.248413685284308,3.491776958353069,0.0021452690653075168,0.002760922095717159,1.0,0.3,0.2,1.0,1.0,1.0,1.0,1.4,1.000000001,678.5358852,676.6090327,3.875252875,2.912996875,0.962256,0.005711198,0.004293062,0.001418136,2534.26,8,0.643647796
COOK:9600048,COOK:9600048,COOK:Wheeling Precinct 48,,,,,,,,,,0.636422534,0.115970782,0.027398834,0.199665284,0.019605465,6.77e-07,0.241,0.8766,0.1234,0.8865,0.0305,0.0,0.0001,0.0789,0.168579995,0.060648186,0.072319013,0.163934874,0.118886118,0.087084163,0.184915498,0.069884855,0.073747298,0.050775499,0.004844686,5.41e-05,0.036308873,0.072543306,0.012118345,2.62e-05,0.033854266,0.014539224,0.017069273,0.111241488,0.171985586,0.133128073,0.038912185,0.135569546,0.167029422,,-0.213225132,0.234042553,94.0,-0.457364341,129.0,-0.012048193,415.0,52.5,96314,189.3065926,-0.85410813,-0.660096286,-1.288721049,-1.037927414,-1.003674512,-0.96021322,-1.069376078,-0.685644318,-1.003674512,complete,COOK,Wheeling Precinct 48,0,0,0,Wheeling,1,0,0,284,189,126,151,114,76,0.47458,29.8392747255108,56,0.5024,30.140625412424694,57,0.02148,15.714774679747068,30,0.00054,5.874758268265904,11,0.00034,5.103340876665907,10,0.00038,6.709047152300538,13,0.00028,3.285372022488682,6,COOK:9600048,COOK:9600048,COOK:WHEELING PRECINCT 48,1.0,88.71017957,0.825321729,0.825321729,0.825321729,0.825321729,6.337890058,0.825321729,0.825321729,21.729061067942766,21.204457891272167,10.755608398862627,3.9832153221899436,3.789873835687886,5.796728046492155,2.64297571061704,29.581538872749814,29.90212051287329,15.650737474473267,5.8699982100852335,5.041291565401329,6.666690080213525,3.2448759550967594,19.462785454134174,22.6938082082839,14.059594659842006,7.2486711143863936,3.4915626930362405,0.005424458396289123,0.006959408373561605,1.0,0.3,0.2,1.0,1.0,1.0,1.0,1.4,1.0,252.4028027,251.8258842,1.763543136,1.196581465,0.566961671,0.006987019,0.004740761,0.002246257,852.19,0,0.08487481
COOK:9600051,COOK:9600051,COOK:Wheeling Precinct 51,,,,,,,,,True,0.7133271,0.120605204,0.018319851,0.133565933,0.00888131,0.001772428,0.3168,0.8943,0.1057,0.7324,0.025,0.0,0.0039,0.2365,0.099658344,0.086227497,0.101319162,0.098608551,0.132007997,0.149831915,0.130384926,0.114163611,0.087797996,0.021695625,0.061408002,0.026494843,0.074662535,0.050578144,0.036124411,0.002411948,0.040945105,0.045770456,0.062664565,0.051801015,0.109647281,0.091592182,0.056638135,0.147049629,0.120516126,,-0.226788242,0.287671233,146.0,-0.238095238,126.0,-0.082311734,571.0,54.0,80801,263.0083743,-0.911889342,-0.330903401,-0.51913582,-1.261457884,-0.716571259,-0.755846612,-0.669229101,-0.514484413,-0.716571259,complete,COOK,Wheeling Precinct 51,0,0,0,Wheeling,1,0,0,350,233,155,218,164,109,0.47592,29.79234734867504,69,0.50204,30.13320741417056,70,0.0205,15.723618921858334,37,0.00054,5.9137297397826885,14,0.00042,5.138258489200652,12,0.0004,6.708872596079718,16,0.00018,3.292766973505093,8,COOK:9600051,COOK:9600051,COOK:WHEELING PRECINCT 51,1.0,85.76082631,1.351999981,1.351999981,1.351999981,1.351999981,6.127173805,1.351999981,1.351999981,21.729796281819254,21.205594782460093,10.756395151556786,3.9830839404877745,3.7899915467751715,5.794932026595586,2.6406716795798073,29.58276441844041,29.903958034509472,15.65198963434522,5.869873193496993,5.04118388174769,6.664902822305423,3.242580686047993,19.463520668010663,22.694945099471827,14.060381412536165,7.2485397326842245,3.491680404123526,0.0036284384997211146,0.004655377336329091,1.0,0.3,0.2,1.0,1.0,1.0,1.0,1.4,1.0,624.5776524,623.0960732,3.805105761,0.937705636,2.867400125,0.006092286,0.001501344,0.004590943,2614.73,233,1.0
COOK:9600052,COOK:9600052,COOK:Wheeling Precinct 52,,,,,,,,,,0.851733882,0.034907181,0.007474663,0.099002011,0.008142691,1.87e-06,0.3722,0.9035,0.0965,0.7278,0.0076,0.0,0.0,0.2433,0.136206682,0.053546851,0.094887844,0.12116976,0.128688316,0.103001852,0.142222646,0.14696129,0.073314761,4.21e-05,0.087480622,2.73e-05,0.035529766,0.057171905,0.00642012,0.031499008,0.01052379,0.031510348,0.065915612,0.030925331,0.139910153,0.133958007,0.046956911,0.171385187,0.150743846,,-0.338724642,0.356589147,258.0,-0.295154185,227.0,0.113087675,787.0,54.8,100568,332.252387,-1.38875791,0.092140517,-0.719399889,-0.639830775,-0.597026212,-0.663962014,-0.608113787,-0.651427054,-0.597026212,complete,COOK,Wheeling Precinct 52,0,0,0,Wheeling,1,0,0,566,377,251,136,102,68,0.47478,29.8093972787571,112,0.5028,30.14523533652438,114,0.0207,15.7022858555734,59,0.00074,5.980303730629842,23,0.00036,5.045635437811451,19,0.00034,6.744812399506141,25,0.00028,3.2270884979084205,12,COOK:9600052,COOK:9600052,COOK:WHEELING PRECINCT 52,1.0,83.98889968,1.668420273,1.668420273,1.668420273,1.668420273,6.000578681,1.668420273,1.668420273,21.73018073151045,21.206189272689535,10.756806551341242,3.9826907717002493,3.790053098920206,5.793816115023835,2.6393862902883325,29.58360861617257,29.905158490116904,15.652791301589588,5.869417938537344,5.041164059059495,6.6638019396972314,3.241310325720078,19.46390511770186,22.69553958970127,14.06079281232062,7.248146563896699,3.4917419562685605,0.0025125269279697125,0.0033699880448539257,1.0,0.3,0.2,1.0,1.0,1.0,1.0,1.4,1.0,424.0769759,423.7705298,2.141775105,0.917498696,1.224276409,0.005050439,0.002163519,0.00288692,1374.56,377,0.999680707
COOK:9600053,COOK:9600053,COOK:Wheeling Precinct 53,,,,,,,,,,0.868795182,0.031576895,0.002887785,0.090994449,0.003838392,0.001911566,0.4653,0.9557,0.0443,0.7585,0.0841,0.0024,0.0,0.147,0.136203557,0.069815324,0.114667362,0.130049985,0.102281154,0.194772457,0.085717716,0.127774545,0.038717901,0.020065156,0.008071197,0.008024684,0.006027645,0.014065839,0.028029029,9.12e-06,0.008010735,0.006019705,0.010098225,0.038075396,0.098210191,0.108279084,0.120231987,0.154260595,0.37252141,,-0.266925657,0.304347826,115.0,-0.369369369,111.0,-0.150084317,593.0,52.0,158681,243.9885597,-1.082881723,-0.228536239,-0.979878491,-1.477063832,-0.931789748,-0.942090071,-0.939347432,-0.673421606,-0.931789748,complete,COOK,Wheeling Precinct 53,0,0,0,Wheeling,1,0,0,369,246,164,197,148,99,0.47818,29.836091280844755,73,0.50012,30.154083921143084,74,0.0199,15.742344658084134,39,0.0007,5.889047351757659,14,0.00046,5.1279023036846505,13,0.00044,6.790030163242153,17,0.0002,3.2672673411880737,8,COOK:9600053,COOK:9600053,COOK:WHEELING PRECINCT 53,1.0,88.11147795,0.932234362,0.932234362,0.932234362,0.932234362,6.29511588,0.932234362,0.932234362,21.73026979850748,21.206327000617826,10.756901861974129,3.982489306541674,3.7900673589517386,5.793497457725377,2.639061083232109,29.583873371638273,29.905518113258495,15.653027001291058,5.8691798334740595,5.041171878516433,6.663490318224905,3.2409921544899856,19.46399418469889,22.69567731762956,14.060888122953507,7.247945098738124,3.491756216300093,0.0021938696295114566,0.0030447809886304813,1.0,0.3,0.2,1.0,1.0,1.0,1.0,1.4,1.0,418.0873753,417.0925239,1.992014736,1.658425536,0.333589201,0.00476459,0.003966696,0.000797894,1710.66,246,0.999360361
COOK:9600054,COOK:9600054,COOK:Wheeling Precinct 54,,,,,,,,,,0.858514071,0.05408516,0.008156425,0.065944377,0.013311395,0.000738314,0.3371,0.6956,0.3044,0.8399,0.0147,0.0,0.0018,0.1255,0.102095378,0.054880477,0.076206473,0.092224592,0.096007358,0.115038568,0.242815734,0.12255521,0.098176208,0.022115757,1.16e-05,0.018677603,0.032248455,0.061116285,0.018668702,0.011881022,0.044131162,0.011897258,0.040762146,0.098456635,0.162977117,0.139179816,0.062863069,0.10357519,0.171438183,,-0.219265374,0.028571429,105.0,-0.436619718,142.0,-0.173633441,622.0,61.4,96481,262.4140051,-0.879840613,-1.921354854,-1.215912089,-1.551981018,-1.425879291,-1.392272143,-1.39060728,-0.852370473,-1.425879291,complete,COOK,Wheeling Precinct 54,0,0,0,Wheeling,1,0,0,311,207,138,218,164,109,0.49588,31.002410724314476,64,0.49204,31.029398702406176,64,0.0114,14.781253606421647,31,0.0002,4.79862693776235,10,0.00028,4.8960503909103625,10,0.00018,6.737259180138358,14,2e-05,3.267507059959306,7,COOK:9600054,COOK:9600054,COOK:WHEELING PRECINCT 54,1.0,91.00969831,0.414687123,0.414687123,0.414687123,0.414687123,6.502178949,0.414687123,0.414687123,22.466419987168678,21.678521959999422,10.051687700645774,3.1586652262491812,3.6018803321111017,5.7930692715134695,2.6383030195066604,30.85472752534608,30.833840660419163,14.78285530804237,4.755205415427268,4.8060919146231456,6.673679944141814,3.250851902893354,20.200144373360086,23.167872277011156,13.355673961625152,6.424121018445631,3.303569189459456,0.0017656834176042004,0.0022867172631817825,1.0,0.3,0.2,1.0,1.0,1.0,1.0,1.4,1.0,731.0414397,729.0507247,4.339945217,2.795155792,1.544789425,0.005936661,0.003823526,0.002113135,2332.06,62,0.862145797
COOK:9600056,COOK:9600056,COOK:Wheeling Precinct 56,,,,,,,,,,0.679939913,0.065255404,0.014055315,0.24274532,0.009032858,7.86e-07,0.424,0.907,0.093,0.7864,0.1306,0.0,0.0,0.0829,0.134092523,0.111077562,0.025918403,0.195131242,0.095357805,0.100808564,0.165632435,0.11098892,0.060992546,0.041347919,0.013804151,0.013775195,0.025259077,0.057377729,1.4e-05,0.004622853,0.01836585,0.025265878,0.025367451,0.098765459,0.020807911,0.167689939,0.050652031,0.145063339,0.291821209,,-0.099939446,0.208333333,96.0,-0.361702128,94.0,0.09223301,412.0,54.5,123142,206.5432996,-0.371491369,-0.817909089,-0.9529682,-0.706176038,-0.770283857,-0.712136174,-0.818450262,-0.535340575,-0.770283857,complete,COOK,Wheeling Precinct 56,0,0,0,Wheeling,1,0,0,279,186,124,162,122,81,0.476,29.79066057778078,55,0.50222,30.170425327794415,56,0.02006,15.653336292992858,29,0.00076,5.893909549872842,11,0.00024,5.133223749708957,10,0.00036,6.699895764455609,12,0.00036,3.325841491163933,6,COOK:9600056,COOK:9600056,COOK:WHEELING PRECINCT 56,1.0,86.43793945,1.231085077,1.231085077,1.231085077,1.231085077,6.175550086,1.231085077,1.231085077,21.728581894701456,21.20371692615583,10.755095635365338,3.9822760584822356,3.7897971178714305,5.797340276904272,2.64422279235755,29.581382428116957,29.901679691775392,15.650385367743084,5.8688481993914685,5.041477053721499,6.667329601966591,3.246150328178217,19.462306280892864,22.693067243167565,14.059081896344717,7.247731850678686,3.491485975219785,0.0060366888084069205,0.008206490114071485,1.0,0.3,0.2,1.0,1.000000037,1.000000059,1.00000003,1.39999997,1.000000706,343.2492372,342.3657651,1.987945521,1.766877457,0.221068064,0.005791551,0.005147506,0.000644045,1166.93,186,1.0
COOK:9600058,COOK:9600058,COOK:Wheeling Precinct 58,,,,,,,,,,0.696415577,0.127636594,0.024096598,0.142916362,0.011609146,0.000894598,0.4312,0.8241,0.1759,0.7213,0.03,0.0208,0.0,0.2276,0.188029141,0.143205958,0.041131088,0.143295261,0.164676214,0.147775291,0.050591123,0.084039692,0.037256234,5.45e-05,1.09e-05,0.039269799,3.29e-05,0.01871589,0.052389208,2.93e-06,2.16e-05,2.65e-05,0.067331458,0.114104427,0.144129901,0.035698849,0.097410524,0.23765271,0.193147911,,-0.103782598,,,-0.2,115.0,,,47.4,132240,203.8686382,-0.387863866,,-0.385430103,,,,,-0.292334583,-0.292334583,demographic_only,COOK,Wheeling Precinct 58,0,0,0,Wheeling,1,0,0,330,220,147,170,128,85,0.15116,24.041899811651938,53,0.81346,33.76077249497737,74,0.03356,17.71163157299395,39,0.00072,7.140632828427595,16,0.00032,4.023935043323731,9,0.00058,6.622318750555413,15,0.0002,3.197496371794209,7,COOK:9600058,COOK:9600058,COOK:WHEELING PRECINCT 58,1.0,77.27779546,2.866850006,2.866850006,2.866850006,2.866850006,5.5211045,2.866850006,2.866850006,18.948977092116202,25.59777101686354,13.295276995512967,5.4769525577952365,3.2613808690315915,5.795316316268208,2.6410569834171294,23.94081749930923,33.51698125834323,17.65193693486949,7.148061095269899,3.98919744777883,6.566289778707629,3.1439686566148994,16.68270147830761,27.087121333875274,16.599263256492346,8.742408349991686,2.963069726379946,0.004012728172342029,0.005040681173650928,1.0,0.3,0.2,1.0,1.0,1.0,1.0,1.4,1.0,418.7789106,417.7809384,1.996165366,1.663095593,0.333069773,0.004766633,0.003971297,0.000795336,1612.85,139,0.943828409
COOK:9600006,COOK:9600006,COOK:Wheeling Precinct 6,,,,,,,,,,0.795487809,0.074299455,0.008550905,0.113130255,0.004898773,0.001218506,0.3338,0.8793,0.1207,0.5937,0.0694,0.0,0.0,0.3295,0.092374351,0.15432764,0.129705259,0.067627514,0.177633787,0.239178734,0.101586179,0.024811743,0.012754793,0.010280715,3.2e-05,0.012270858,0.032713765,3.68e-07,2.65e-07,5.53e-05,0.010235863,0.010325157,0.053337308,0.012449911,0.051474279,0.098525598,0.071794737,0.272424386,0.36407949,,-0.118674692,0.173333333,75.0,-0.223880597,67.0,0.102803738,321.0,48.3,175054,146.8091942,-0.451306781,-1.032752173,-0.469245627,-0.67254722,-0.658256835,-0.65646295,-0.62081337,-0.541700176,-0.658256835,complete,COOK,Wheeling Precinct 6,0,0,0,Wheeling,1,0,0,213,142,95,117,88,59,0.47076,29.778348773624852,42,0.50692,30.221259409702462,43,0.0206,15.740967910748898,22,0.00064,5.889409909620904,8,0.00046,5.08280736055988,7,0.00052,6.7013865951335045,10,0.0001,3.3063898591958854,5,COOK:9600006,COOK:9600006,COOK:WHEELING PRECINCT 6,1.0,84.94527315,1.497636694,1.497636694,1.497636694,1.497636694,6.068906689,1.497636694,1.497636694,21.73002358501987,21.205946270665134,10.756638388812222,3.982672861651346,3.7900279390519547,5.794174946352826,2.6398673362723075,29.583375487420444,29.904799692182642,15.652544481696559,5.86938939824363,5.0411922521502746,6.664160379260914,3.2417909799387443,19.46374797121128,22.695296587676868,14.0606246497916,7.248128653847796,3.491716796400309,0.002871358256960413,0.0038510340288293336,1.0,0.3,0.2,1.0,1.0,1.0,1.0,1.4,1.0,211.8977385,211.2438621,1.145049588,0.163775443,0.981274146,0.005403784,0.000772898,0.004630885,1282.86,142,1.0
COOK:9600060,COOK:9600060,COOK:Wheeling Precinct 60,,,,,,,,,,0.883743397,0.028426524,0.011189992,0.068021547,0.006029534,6.2e-07,0.4484,0.833,0.167,0.6941,0.0752,0.0,0.0023,0.2174,0.062642158,0.081138026,0.033451099,0.143471538,0.138593201,0.174103365,0.14850152,0.154844053,0.06325504,0.065846024,0.040989494,9.18e-06,0.011206007,0.022385196,0.001283276,0.113012207,0.008724765,3.38e-05,0.055951683,0.06220689,0.118154628,0.217494874,0.047328807,0.06604199,0.169331167,,-0.378153705,,,-0.465240642,187.0,,,55.4,100023,255.5787592,-1.556732588,,-1.316365094,,,,,-0.58303951,-0.58303951,demographic_only,COOK,Wheeling Precinct 60,0,0,0,Wheeling,1,0,0,371,247,165,199,150,100,0.47554,29.895971629202634,74,0.50244,30.223512729572622,75,0.02012,15.628880172312275,39,0.00068,5.831353053463346,14,0.00046,5.101326759262785,13,0.00064,6.731119520659467,17,0.00012,3.2974458854732767,8,COOK:9600060,COOK:9600060,COOK:WHEELING PRECINCT 60,1.0,83.75488858,1.710208606,1.710208606,1.710208606,1.710208606,5.983859781,1.710208606,1.710208606,21.776517295409747,21.236207384950195,10.713080778626056,3.9315384635398924,3.778343792286503,5.793205376527881,2.6384117465179635,29.662787323748038,29.963302919426738,15.599159668370277,5.800694659034436,5.026480647915367,6.663841435824956,3.2409860165733866,19.510241681601155,22.72555770196193,14.017067039605434,7.196994255736342,3.4800326496348575,0.001901788432015734,0.0023954442744850086,1.0,0.3,0.2,1.0,1.0,1.0,1.0,1.4,1.0,588.6078364,587.497888,3.69982817,1.676424854,2.023403315,0.006285727,0.002848118,0.003437609,2515.79,3,0.580706007
COOK:9600061,COOK:9600061,COOK:Wheeling Precinct 61,,TRUE,,,,,,,True,0.848641465,0.065831842,0.013060135,0.058300875,0.008014461,0.000531795,0.3995,0.8561,0.1439,0.7556,0.0329,0.0009,0.0006,0.2037,0.096139472,0.09277785,0.048332743,0.129829807,0.142274585,0.148943824,0.150457445,0.102224404,0.089019871,0.019253939,0.008330999,0.004949782,0.022466145,0.013823756,0.009541859,0.001980057,0.031553208,0.026762411,0.019714444,0.129594225,0.092526619,0.113688089,0.083260419,0.089218358,0.333335693,,-0.228609124,0.350318471,157.0,-0.475409836,183.0,-0.14863258,841.0,54.6,126746,369.1032778,-0.919646616,0.053648764,-1.352056678,-1.472445399,-0.965865988,-0.922624982,-1.051752327,-0.671481615,-0.965865988,complete,COOK,Wheeling Precinct 61,0,0,0,Wheeling,1,0,0,462,308,205,203,153,102,0.47672,29.836933057483062,92,0.50182,30.184323613859775,93,0.01996,15.703529882522965,48,0.00058,5.908954077668641,18,0.00042,5.142852436232023,16,0.00038,6.725707599442796,21,0.00012,3.2976072612006995,10,COOK:9600061,COOK:9600061,COOK:WHEELING PRECINCT 61,1.0,88.40516404,0.879789618,0.879789618,0.879789618,0.879789618,6.316098254,0.879789618,0.879789618,21.73063344457833,21.20688932136107,10.757290999795254,3.983204559736345,3.7901255803424867,5.793034165016685,2.638115275801533,29.583990559741576,29.90585082931794,15.653293094087218,5.8700555274739,5.041030865505544,6.663006236611914,3.2400255581551116,19.46435783076974,22.696239638372806,14.061277260774633,7.248660351932795,3.491814437690841,0.001730576920819715,0.0020989735580547583,1.0,0.3,0.2,1.0,1.0,1.000000001,1.0,1.4,1.000000008,715.9542194,715.0111032,3.42333016,1.346663473,2.076666688,0.004781493,0.001880935,0.002900558,1981.17,308,1.0
COOK:9600063,COOK:9600063,COOK:Wheeling Precinct 63,,,,,,,,,,0.677598911,0.165824454,0.030365829,0.119197785,0.009931501,1.51e-06,0.4478,0.7528,0.2472,0.589,0.0161,0.0,0.0008,0.3626,0.079295317,0.079793601,0.102032558,0.142150263,0.109084515,0.167113522,0.171372603,0.08462965,0.06452797,0.012261857,0.01556786,0.003374533,0.054459803,0.026684296,0.025563609,0.035596368,0.014450143,0.033377519,0.086768359,0.07009876,0.177882923,0.091316782,0.078950554,0.115686125,0.157960509,,0.089803689,0.195121951,82.0,-0.235294118,68.0,0.227665706,347.0,53.2,92118,190.7925156,0.436847447,-0.89900549,-0.509304518,-0.275321944,-0.406311323,-0.311696126,-0.445833001,-0.073575971,-0.406311323,complete,COOK,Wheeling Precinct 63,0,0,0,Wheeling,1,0,0,257,171,114,164,123,82,0.15358,24.053399308693223,41,0.81022,33.69360128999713,58,0.03436,17.700708834646008,30,0.00102,7.178272225655588,12,0.0003,4.040948531758251,7,0.00044,6.670331417523648,11,8e-05,3.192654794838253,5,COOK:9600063,COOK:9600063,COOK:WHEELING PRECINCT 63,1.0,80.22215185,2.341064065,2.341064065,2.341064065,2.341064065,5.731463753,2.341064065,2.341064065,18.949240910545235,25.598178970054807,13.295559307730468,5.4774123629460405,3.2614231075626106,5.794948012021193,2.640356139093189,23.94099215845202,33.51723600356989,17.652137190320165,7.148582208541169,3.9891371379573357,6.565910817111139,3.143257154941484,16.682965296736644,27.08752928706654,16.599545568709846,8.74286815514249,2.963111964910965,0.0036444239253273806,0.004339836849710781,1.0,0.3,0.2,1.0,1.0,1.0,1.0,1.4,1.0,505.6887668,505.4998589,2.041481837,0.301033917,1.74044792,0.004037032,0.000595295,0.003441737,1505.79,0,0.133923246
COOK:9600065,COOK:9600065,COOK:Wheeling Precinct 65,,,,,,,,,,0.812310448,0.062352905,0.009877285,0.11545265,0.009116181,2.27e-10,0.4538,0.9959,0.0041,0.7663,0.0927,0.0,0.0021,0.1389,0.081754255,0.20251869,0.034718139,0.097284002,0.179018721,0.119263219,0.173972028,0.075559672,0.035911274,3.15e-05,2.7e-05,0.004898442,4.63e-05,9.75e-05,2.96e-05,0.021240515,0.006620359,0.024504332,7.79e-05,0.026329751,0.032735587,0.163345343,0.102829314,0.192798414,0.424388106,,-0.133830132,0.193548387,124.0,-0.479289941,169.0,0.046296296,648.0,52.0,180391,292.1324655,-0.515871596,-0.908664615,-1.365674973,-0.852315204,-0.995611935,-0.910631597,-1.08662061,-0.652303861,-0.995611935,complete,COOK,Wheeling Precinct 65,0,0,0,Wheeling,1,0,0,422,281,187,234,176,117,0.47528,29.814712175976005,84,0.50258,30.130171860104205,85,0.0204,15.689618143020162,44,0.00068,5.910007814619126,17,0.00034,5.117912899654176,14,0.00058,6.7530858776832225,19,0.00014,3.2293197565823597,9,COOK:9600065,COOK:9600065,COOK:WHEELING PRECINCT 65,1.0,88.64690069,0.8366217,0.8366217,0.8366217,0.8366217,6.333369105,0.8366217,0.8366217,21.729997753343696,21.20590632609124,10.756610746324126,3.9827310824907647,3.790023803283049,5.794267251077988,2.639961602577045,29.58329883298643,29.90469554735654,15.652476217906436,5.869458202786555,5.0411900073250315,6.664250650137401,3.241883212394807,19.463722139535104,22.695256643102976,14.060597007303505,7.248186874687215,3.4917126606314035,0.0029636629821231104,0.0039453003335666705,1.0,0.3,0.2,1.0,1.000000008,1.000000013,1.000000006,1.399999994,1.000000113,540.7232724,539.3661747,3.141933898,2.669963514,0.471970384,0.005810613,0.004937763,0.00087285,1951.42,281,1.0
COOK:9600066,COOK:9600066,COOK:Wheeling Precinct 66,,,,,,,,,,0.781291394,0.076236334,0.015684174,0.111842986,0.012106875,0.002136992,0.3652,0.9308,0.0692,0.654,0.036,0.0,0.0053,0.3009,0.159110734,0.101613208,0.122869169,0.084257396,0.123386689,0.180944266,0.106457369,0.088945038,0.032416133,0.022863654,0.020302799,0.006359366,0.011445548,1.34e-05,1.31e-05,0.035552761,0.003813101,0.003872124,0.091443591,0.083844109,0.082710627,0.17528234,0.064903769,0.181748231,0.215831524,,-0.295111584,0.258741259,143.0,-0.194244604,139.0,0.060240964,581.0,51.4,119649,260.9280821,-1.202958683,-0.508486396,-0.365229958,-0.80795282,-0.637384092,-0.721156964,-0.56619869,-0.497271005,-0.637384092,complete,COOK,Wheeling Precinct 66,0,0,0,Wheeling,1,0,0,410,273,182,218,164,109,0.47982,29.812070961705906,81,0.49898,30.065212534563656,82,0.01956,15.722172776049382,43,0.00062,5.94671805794688,16,0.00034,5.133906008027382,14,0.00046,6.693696695429479,18,0.00022,3.3167458742136753,9,COOK:9600066,COOK:9600066,COOK:WHEELING PRECINCT 66,1.0,84.6313165,1.553701235,1.553701235,1.553701235,1.553701235,6.046476088,1.553701235,1.553701235,21.7300379031337,21.20596841134822,10.756653710632158,3.9830592832280542,3.790030231447134,5.79435187011417,2.6399190808970405,29.58315557683596,29.90454824546925,15.652392762036342,5.869854360165208,5.041146406965069,6.664324948940077,3.2418303704812965,19.463762289325107,22.695318728359954,14.060639971611536,7.248515075424504,3.4917190887954885,0.0030482820183042767,0.0039027786535622963,1.0,0.3,0.2,1.0,1.0,1.0,1.0,1.4,1.0,516.1635096,514.5715952,2.791696797,0.398122912,2.393573885,0.005408551,0.000771312,0.00463724,2138.71,273,0.998904034
COOK:9600067,COOK:9600067,COOK:Wheeling Precinct 67,,,,,,,,,,0.762270365,0.06805901,0.019886044,0.150812438,0.00628059,4.61e-06,0.358,0.932,0.068,0.7964,0.0412,0.0,0.0062,0.1419,0.127335745,0.128141972,0.034850793,0.19143938,0.102853294,0.083114119,0.195378017,0.103626869,0.033259811,0.038011728,0.026823974,0.006710946,0.020116842,0.026829262,0.011182656,0.008956778,0.008948878,0.01343375,0.078273149,0.07605791,0.114059985,0.098465542,0.06945148,0.252804588,0.149872532,,-0.120303605,,,-0.565217391,69.0,,,53.3,117924,183.0657159,-0.458246234,,-1.667260995,,,,,-0.61961039,-0.61961039,demographic_only,COOK,Wheeling Precinct 67,0,0,0,Wheeling,1,0,0,254,169,113,151,114,76,0.47484,29.813592758218622,50,0.5028,30.19735546736352,51,0.0205,15.690941535187452,27,0.0009,5.955741121419124,10,0.00044,5.101206901192751,9,0.00036,6.731730673783732,11,0.00016,3.3178691926419352,6,COOK:9600067,COOK:9600067,COOK:WHEELING PRECINCT 67,1.0,84.35427222,1.603174183,1.603174183,1.603174183,1.603174183,6.026682686,1.603174183,1.603174183,21.729604451345807,21.20529814717911,10.756189873682368,3.9830755087290894,3.7899608338434296,5.795377372800101,2.6412622338335776,29.582471418762736,29.903510129987026,15.651682259375185,5.869854491922538,5.041216783704515,6.6653472576746955,3.243170329466521,19.463328837537215,22.694648464190845,14.060176134661747,7.248531300925539,3.491649691191784,0.004073784704235521,0.005245931590099031,1.0,0.3,0.2,1.0,1.000000043,1.000000068,1.000000034,1.399999966,1.000001713,304.9580116,304.1305822,1.912126031,1.278893884,0.633232147,0.006270129,0.004193672,0.002076457,1459.48,169,1.0
COOK:9600068,COOK:9600068,COOK:Wheeling Precinct 68,,,,,,,,,,0.454275528,0.357556685,0.023627085,0.162418186,0.014768575,6.61e-07,0.2402,0.7989,0.2011,0.8378,0.0258,0.0,0.0047,0.1045,0.130850669,0.075638195,0.142135275,0.138671124,0.159210807,0.131235436,0.160191869,0.051856924,0.010209701,0.023407306,0.007116837,0.015254853,0.001033962,0.035581976,0.00102828,0.002045054,0.155417765,0.013250238,0.002083146,0.149431746,0.124048911,0.067238908,0.073292511,0.17288759,0.156880918,,0.127994262,,,-0.165048544,103.0,,,46.1,94014,315.9072338,0.599545943,,-0.262758355,,,,,-0.172006367,-0.172006367,demographic_only,COOK,Wheeling Precinct 68,0,0,0,Wheeling,1,0,0,480,320,213,254,191,127,0.15082,24.102266101533235,77,0.81382,33.80271785740868,108,0.03382,17.70219686978342,57,0.00076,7.157049433896923,23,0.00016,4.035186840226768,13,0.0005,6.598109189992233,21,0.00012,3.173749979171134,10,COOK:9600068,COOK:9600068,COOK:WHEELING PRECINCT 68,1.0,73.48471662,3.544195837,3.544195837,3.544195837,3.544195837,5.250108355,3.544195837,3.544195837,18.948760176043578,25.597435590697945,13.29504487352779,5.476823802212818,3.261346139781268,5.795754953296664,2.641695152013287,23.94055480689747,33.51657642192392,17.651653792130492,7.147903283538168,3.9892258762449817,6.566730040341603,3.144608449816575,16.68248456223499,27.08678590770968,16.599031134507168,8.742279594409268,2.9630349971296224,0.004451365200799095,0.005678849769809021,1.0,0.3,0.2,1.0,1.000000001,1.000000002,1.000000001,1.399999999,1.000000011,653.3906218,651.3186085,4.307026558,3.127732654,1.179293904,0.00659181,0.004786926,0.001804883,2978.0,90,0.853707442
COOK:9600069,COOK:9600069,COOK:Wheeling Precinct 69,,,,,,,,,,0.887945434,0.033288266,0.006124043,0.067886069,0.006101334,2.19e-06,0.4299,0.9986,0.0014,0.8441,0.0327,0.0,0.0223,0.0992,0.038266156,0.039096678,0.132413228,0.037596502,0.083853041,0.134959158,0.183701463,0.156804962,0.193308811,0.019417474,0.019395468,2e-05,0.035577163,0.067850741,0.022620149,0.024230971,0.040427454,0.022639116,0.059806585,0.144010906,0.056692902,0.142341241,0.022797053,0.187536466,0.134636291,,-0.441936508,,,-0.365853659,246.0,,,63.4,94405,320.6621874,-1.828458442,,-0.96753914,,,,,-0.811593527,-0.811593527,demographic_only,COOK,Wheeling Precinct 69,0,0,0,Wheeling,1,0,0,512,341,227,252,189,126,0.49948,31.39290591937649,107,0.4894,31.215471360294288,106,0.01052,14.507419685460931,49,0.00012,4.47142074929876,15,0.00022,4.766213058203548,16,0.0002,6.744911344603747,23,6e-05,3.200004843927562,11,COOK:9600069,COOK:9600069,COOK:WHEELING PRECINCT 69,1.0,86.91471591,1.145945126,1.145945126,1.145945126,1.145945126,6.209613334,1.145945126,1.145945126,22.69635825256104,21.82591484617543,9.831191988952027,2.9009724582830847,3.543054487891759,5.793055385686019,2.6383403150026496,31.25572547386923,31.126706421359366,14.508206197428203,4.403385474926512,4.73195865680561,6.677023653214647,3.254246793289627,20.430082638752452,23.315265163187163,13.135178249931405,6.166428250479535,3.2447433452401135,0.0017517975901537603,0.00232401275917108,1.0,0.3,0.2,1.0,1.000000002,1.000000004,1.000000002,1.399999998,1.000000046,382.4119158,381.5892541,2.262524476,1.439657922,0.822866554,0.005916459,0.003764679,0.002151781,998.15,341,1.0
COOK:9600070,COOK:9600070,COOK:Wheeling Precinct 70,,,,,,,,,True,0.790144541,0.099855954,0.019668577,0.083538604,0.007483531,3.81e-06,0.3794,0.9082,0.0918,0.8457,0.0488,0.0,0.0,0.1034,0.069650447,0.092415213,0.129503704,0.065936671,0.234571608,0.110623257,0.131944216,0.066335338,0.099019545,0.051989432,0.06385303,0.041402387,0.01899372,0.082712645,0.022518889,0.002421968,0.002440561,0.000100088,0.113498969,0.083978109,0.060547932,0.046313443,0.106362865,0.267185731,0.035680229,,-0.216535474,0.219047619,210.0,-0.247311828,186.0,0.124816446,681.0,48.2,81644,282.9197427,-0.868210764,-0.752140796,-0.551483977,-0.602517858,-0.66191567,-0.693588349,-0.633494796,-0.595263135,-0.66191567,complete,COOK,Wheeling Precinct 70,0,0,0,Wheeling,1,0,0,459,306,204,227,171,114,0.47636,29.807875391456328,91,0.5018,30.118582984519314,92,0.0202,15.715487926507693,48,0.00058,5.935224685119595,18,0.00036,5.101214577475993,16,0.0005,6.779149469241289,21,0.0002,3.204248123404084,10,COOK:9600070,COOK:9600070,COOK:WHEELING PRECINCT 70,1.0,84.9990711,1.48802977,1.48802977,1.48802977,1.48802977,6.072750279,1.48802977,1.48802977,21.730352728833154,21.206455239161034,10.756990605752277,3.983421911039718,3.79008063647426,5.793810989700642,2.6390365157740097,29.58341784966941,29.905025778013687,15.652739306446723,5.870304150324008,5.041053183774251,6.66377433291671,3.2409380697484265,19.464077115024562,22.69580555617277,14.060976866731655,7.248877703236168,3.4917694938226145,0.0025074016047762727,0.0030202135305311874,1.0,0.3,0.2,1.0,1.0,1.0,1.0,1.4,1.0,454.4274932,452.9400845,4.751726587,1.190950729,3.560775858,0.010456512,0.002620772,0.00783574,1918.93,306,0.998832176
COOK:9600072,COOK:9600072,COOK:Wheeling Precinct 72,,,,,,,,,,0.706153575,0.144718807,0.027976307,0.107989393,0.022195216,0.001645345,0.2121,0.9412,0.0588,0.7342,0.0496,0.0,0.0101,0.2037,0.112084406,0.153046193,0.159592443,0.139164649,0.105521528,0.210921142,0.080707962,0.007450429,0.03151125,0.022549671,5.56e-06,3.48e-05,1.28e-05,1.07e-05,1.07e-05,1.24e-05,0.010014314,0.082601635,0.05259858,0.047655573,0.2104388,0.135347192,0.140366831,0.29301715,0.005323291,,-0.064107328,0.171171171,111.0,-0.30952381,84.0,0.14739229,441.0,44.6,113679,215.1616531,-0.218840303,-1.046024331,-0.76983404,-0.530696982,-0.696448288,-0.641348914,-0.722145313,-0.541869336,-0.696448288,complete,COOK,Wheeling Precinct 72,0,0,0,Wheeling,1,0,0,330,220,147,165,124,83,0.45756,29.26491899759448,64,0.50958,29.90280988388325,66,0.0314,16.85389404530878,37,0.00054,5.419654866954518,12,0.00042,5.2262470531085965,11,0.0003,6.751617095989077,15,0.0002,3.2209732524043195,7,COOK:9600072,COOK:9600072,COOK:WHEELING PRECINCT 72,1.0,85.48928717,1.400489851,1.400489851,1.400489851,1.400489851,6.107773718,1.400489851,1.400489851,21.730080766112003,21.454475279732865,11.842548817497367,3.7641309226602866,3.9266819560603716,5.794618823338375,2.6399542128535853,29.08642674550644,29.67052979464261,16.824029583952434,5.376275507739583,5.144581241514583,6.639068098632001,3.216341698905561,19.46380515230341,22.9438255967446,15.146535078476745,7.029586714856737,3.628370813408726,0.0033152352425099424,0.003937910610106978,1.0,0.3,0.2,1.0,1.0,1.0,1.0,1.4,1.0,462.9069155,462.9055919,1.728145705,0.691980809,1.036164896,0.003733247,0.00149486,0.002238387,1348.87,220,0.999392022
COOK:9600075,COOK:9600075,COOK:Wheeling Precinct 75,,,,,,,,,,0.794583025,0.059179298,0.012184757,0.124480855,0.006958913,0.000872911,0.3635,0.9597,0.0403,0.7968,0.0149,0.0,0.0062,0.1603,0.123052719,0.121228239,0.033677009,0.192672507,0.123096118,0.073478421,0.192753879,0.115655455,0.024385654,0.033963401,0.026806348,0.003579657,0.012526783,0.007197104,0.008952434,0.019672483,0.003605014,0.008970139,0.09830506,0.062662536,0.089437635,0.071670527,0.093051799,0.312904091,0.146694988,,-0.269180595,0.259259259,108.0,-0.47761194,134.0,-0.049429658,526.0,52.0,139146,241.0167136,-1.092488152,-0.505306718,-1.359785567,-1.156849636,-1.05533726,-1.028607518,-1.12157287,-0.662202698,-1.05533726,complete,COOK,Wheeling Precinct 75,0,0,0,Wheeling,1,0,0,354,236,157,192,144,96,0.4782,29.864100933283133,70,0.49928,30.109622240261903,71,0.02108,15.692698810872274,37,0.0006,5.944891133915249,14,0.00036,5.107331167470818,12,0.00038,6.738294517665519,16,0.0001,3.2712933781925426,8,COOK:9600075,COOK:9600075,COOK:WHEELING PRECINCT 75,1.0,89.09420215,0.756745222,0.756745222,0.756745222,0.756745222,6.365326514,0.756745222,0.756745222,21.7298973338767,21.205751043375876,10.75650328740812,3.9828058260812096,3.790007725669416,5.794543502831522,2.640290407236666,29.58309584428132,29.904402625591132,15.65227947511113,5.869543528905754,5.04119832915115,6.6645238763446155,3.2422089915081074,19.463621720068108,22.69510136038761,14.0604895483875,7.24826161827766,3.49169658301777,0.003239914735656893,0.004274104993187438,1.0,0.3,0.2,1.0,1.000000012,1.00000002,1.00000001,1.39999999,1.000000426,290.1028879,289.4574713,1.710276149,1.16178859,0.548487559,0.005895412,0.004004747,0.001890666,1553.19,236,1.0
COOK:9600077,COOK:9600077,COOK:Wheeling Precinct 77,,,,,,,,,,0.203435339,0.556556814,0.017720622,0.21960578,0.029756111,0.001002173,0.295,0.2286,0.7714,0.7646,0.0186,0.0,0.0102,0.1721,0.132306993,0.149749655,0.160017118,0.217246005,0.133024645,0.118744079,0.07523041,0.012626739,0.001054357,0.045106766,0.014987776,0.017755005,0.013664655,0.068798327,0.022468627,0.073581551,0.069461341,0.063341325,0.144484307,0.070341409,0.15220246,0.042402567,0.125434638,0.054676876,0.021292367,,0.506344389,-0.257142857,35.0,-0.0625,32.0,0.372972973,185.0,37.6,57671,123.3316105,2.211383408,-3.675175945,0.097163968,0.186946272,-0.506342518,-0.294920574,-0.42792561,0.503987894,-0.506342518,complete,COOK,Wheeling Precinct 77,0,0,0,Wheeling,1,0,0,174,116,77,89,67,45,0.44778,28.93057703630716,34,0.51122,29.777771979499633,35,0.0395,17.668008077290352,20,0.0004,5.091215069201222,6,0.00058,5.242653866081318,6,0.0004,6.719213177478178,8,0.00012,3.2488017550967974,4,COOK:9600077,COOK:9600077,COOK:WHEELING PRECINCT 77,1.0,82.35945473,1.95939702,1.95939702,1.95939702,1.95939702,5.884163147,1.95939702,1.95939702,21.728839272582576,21.619775133957955,12.572080359550954,3.6151815980499906,4.01845569060327,5.796909919315405,2.6435066651562824,28.760926401480972,29.515782237744432,17.588178975054568,5.051882333718576,5.212498428703286,6.624724668796069,3.2032596253952947,19.462563658773984,23.10912545096969,15.876066620530333,6.880637390246441,3.7201445479516244,0.005606331219539214,0.007490362912803945,1.0,0.3,0.2,1.0,1.000000001,1.000000002,1.000000001,1.399999999,1.000000109,855.7541352,852.4792911,11.05750083,6.264003417,4.793497411,0.012921352,0.007319863,0.005601489,4889.76,116,0.998727194
COOK:9600079,COOK:9600079,COOK:Wheeling Precinct 79,,,,,,,,,True,0.487115801,0.16354556,0.036379798,0.302322489,0.022388715,0.000560104,0.3592,0.7412,0.2588,0.7149,0.08,0.0,0.0,0.198,0.149264061,0.107747537,0.092181312,0.207119956,0.177061088,0.110528723,0.082908377,0.040943154,0.032245791,0.038343808,0.020734342,0.055929533,0.025887696,0.039371853,0.006293715,0.007261017,0.007254366,6.52e-05,0.09322596,0.067331686,0.094323612,0.113010701,0.219524835,0.14713646,0.064305222,,-0.196982415,0.280898876,89.0,-0.247311828,93.0,0.13368984,374.0,43.1,109729,201.4911613,-0.784911325,-0.37247466,-0.551483977,-0.574288795,-0.547446955,-0.570789689,-0.543585812,-0.104232677,-0.547446955,complete,COOK,Wheeling Precinct 79,0,0,0,Wheeling,1,0,0,311,207,138,158,119,79,0.45916,29.228226580298124,61,0.50608,29.842680470790338,62,0.03326,17.02787782144123,35,0.00032,5.339361530360129,11,0.00046,5.260751128283295,11,0.0006,6.687631498402472,14,0.00012,3.2241629104435745,7,COOK:9600079,COOK:9600079,COOK:WHEELING PRECINCT 79,1.0,83.13158583,1.821514365,1.821514365,1.821514365,1.821514365,5.939327977,1.821514365,1.821514365,21.7279192261471,21.486965579430514,11.996848623660236,3.731870507424704,3.9460442772413793,5.799369001192507,2.6464863809119024,29.013302444647575,29.632862049876934,16.9864124445587,5.3056099232441465,5.15957528835261,6.640217464867758,3.2192730553455027,19.461643612338513,22.976315896442248,15.300834884639615,6.997326299621154,3.6477331345897337,0.008065413096641294,0.010470078668424011,1.0,0.3,0.2,1.0,1.0,1.0,1.0,1.4,1.0,630.3279322,628.2684794,6.587949266,1.647932273,4.940016993,0.010451622,0.002614405,0.007837217,3341.25,207,0.999746101
COOK:9600008,COOK:9600008,COOK:Wheeling Precinct 8,,,,,,,,,,0.81802713,0.048160661,0.015001427,0.101318551,0.016869084,0.001873221,0.427,0.6811,0.3189,0.7455,0.0124,0.0739,0.0,0.1596,0.176439265,0.068072296,0.076260807,0.215073604,0.093829879,0.110902861,0.111344895,0.082841239,0.065235154,0.044589257,0.081676272,0.02284128,0.00986731,0.065333124,0.001112217,0.006570744,2.84e-05,0.002230622,0.095802386,0.010942678,0.057878894,0.149185332,0.079472736,0.143849364,0.228619413,,-0.196319148,,,-0.373493976,166.0,,,47.6,116947,316.7987876,-0.782085692,,-0.994354934,,,,,-0.336622028,-0.336622028,demographic_only,COOK,Wheeling Precinct 8,0,0,0,Wheeling,1,0,0,489,326,217,264,198,132,0.15276,24.046562690799668,78,0.81196,33.80293049429353,110,0.0336,17.623229370766225,57,0.00082,7.263744399227114,24,0.00018,4.061199753635386,13,0.0005,6.650815839084993,22,0.00018,3.1832997121555615,10,COOK:9600008,COOK:9600008,COOK:WHEELING PRECINCT 8,1.0,78.49168666,2.650080417,2.650080417,2.650080417,2.650080417,5.607830837,2.650080417,2.650080417,18.949439778775236,25.598486488105653,13.295772116711284,5.476689938375852,3.2614549472712024,5.794088017495467,2.639562311699575,23.941634461320113,33.518265838067634,17.65279623467953,7.1478144271978845,3.9891824095919013,6.565073397536836,3.142485902499293,16.683164164966644,27.087836805117387,16.599758377690662,8.742145730572302,2.963143804619557,0.002784429399601495,0.0035460094560964875,1.0,0.3,0.2,1.0,1.0,1.0,1.0,1.4,1.0,627.5466517,627.0939105,3.169332015,1.358211764,1.811120251,0.005050353,0.00216432,0.002886033,2658.86,326,0.999784749
COOK:9600080,COOK:9600080,COOK:Wheeling Precinct 80,,,,,,,,,,0.533655232,0.304418839,0.040944906,0.113924756,0.023597422,0.001412798,0.1205,0.5951,0.4049,0.9387,0.009,0.0,0.0022,0.0493,0.126623455,0.1676019,0.103196515,0.16278691,0.170591031,0.12020691,0.10866861,0.038641701,0.001682969,0.060341119,0.010083186,0.012830032,0.029222605,0.08962815,0.037473212,0.07411173,0.031233988,0.054001697,0.083429656,0.166210085,0.108090611,0.126912242,0.058733402,0.043033487,0.014664799,,0.196063085,0.269230769,52.0,-0.114754098,61.0,0.363934426,305.0,43.7,61592,193.1699924,0.889530989,-0.444097863,-0.086236162,0.158191805,0.031770477,0.129347192,-0.011346194,-0.486396883,0.031770477,complete,COOK,Wheeling Precinct 80,0,0,0,Wheeling,1,0,0,264,176,117,169,127,85,0.1456,23.63163612587708,42,0.80408,33.3922640184907,59,0.0487,18.843177077868457,33,0.00052,6.679800507295827,12,0.00012,4.207369829864533,7,0.00068,6.590023735972836,12,0.0003,3.1353898351784224,6,COOK:9600080,COOK:9600080,COOK:WHEELING PRECINCT 80,1.0,65.45992531,5.037303767,5.037303767,5.037303767,5.037303767,4.676777929,5.037303767,4.676777929,18.949299561712508,25.868209918595472,14.475439032164424,5.239396299822818,3.4099023960761525,5.795132391363083,2.6403217294949477,23.540416536412916,33.215041198220476,18.80143191535857,6.626351065268251,4.112725351473289,6.542079527634749,3.1192070765249635,16.683023947903916,27.357560235607206,17.779425293143802,8.504852092019268,3.111591253424507,0.0038288032672177284,0.004305427251469344,1.0,0.3,0.2,1.0,1.000000003,1.000000004,1.000000002,1.399999998,1.000000359,463.7996418,461.8955202,6.638805954,3.694244295,2.944561659,0.014313952,0.007965173,0.00634878,3336.04,176,1.0
LAKE:CUBA 66,LAKE:CUBA 66,LAKE:Cuba 66,,,,,,,,,,0.915433564,0.025389411,0.010865475,0.026575202,0.006046377,0.0,0.4096,0.9642,0.0358,0.7346,0.0001,0.0,0.0499,0.2155,0.058315691,0.241834615,0.097481515,0.083177603,0.13578257,0.244663695,0.096626818,0.01630888,0.025808612,0.021196999,0.012109883,2.94e-06,2.18e-05,1.33e-05,4.92e-06,0.012131996,2.71e-05,1.15e-05,0.012137177,0.015158031,0.093929957,0.054556345,0.042554665,0.321052984,0.415090395,,0.15233682,,,,,-0.195121951,410.0,50.3,186776,179.202316,0.703249481,,,-1.620342741,,,,-0.683537202,-0.748995658,mc_lake_2race,LAKE,Cuba 66,0,0,0,,0,1,0,176,117,78,142,107,71,0.47594,29.813975550345567,35,0.5012,30.157582637749194,35,0.02094,15.690256019048022,18,0.00076,5.907391963627047,7,0.0005,5.09293646149769,6,0.0005,6.730325974238557,8,0.00016,3.2936543878883957,4,LAKE:CUBA 66,LAKE:CUBA 66,LAKE:CUBA 66,1.3,86.17761068,1.277573066,1.277573066,1.277573066,1.277573066,6.156950923,1.277573066,1.277573066,21.730986324821146,21.207434994465554,10.757668617099041,3.983256595634731,3.790182078075175,5.79223482943054,2.637037998531974,29.584506654652962,29.906647798560464,15.653841987867853,5.870133817617453,5.040966231512005,6.662207400411336,3.2389487802711185,19.464710711012554,22.69678531147729,14.06165487807842,7.248712387831181,3.4918709354235293,0.0009312413346748186,0.001021696288495591,1.0,0.3,0.2,1.0,1.0,1.0,1.0,1.4,1.0,339.9411601,337.9343503,3.441340896,1.720455123,1.720885773,0.010123343,0.005061038,0.005062305,844.81,117,1.0
LAKE:CUBA 67,LAKE:CUBA 67,LAKE:Cuba 67,,,,,,,,,,0.86283746,0.037966174,0.019083523,0.069150391,0.009058429,1.69e-09,0.4478,0.9645,0.0355,0.7352,0.0219,0.0,0.023,0.2077,0.104930597,0.183816746,0.076948867,0.08140874,0.120106268,0.181399745,0.118908895,0.076477478,0.056002664,0.030486365,0.008593428,0.010142556,0.008227695,1.41e-07,0.008330507,0.010353255,0.054747635,0.018266721,0.026448407,0.043265107,0.063786382,0.090316117,0.049123739,0.198566045,0.379345899,,-0.358459891,,,,,-0.173202614,612.0,52.9,169619,258.2534206,-1.472833509,,,-1.550610422,,,,-0.599344866,-1.521444079,mc_lake_2race,LAKE,Cuba 67,0,0,0,,0,1,0,320,213,142,185,139,93,0.47736,29.79452304518192,63,0.5002,30.163441266399627,64,0.02096,15.682655455078958,33,0.00056,5.971920765104656,13,0.00032,5.127251889885557,11,0.00046,6.721959207771508,14,0.00014,3.2460005849694538,7,LAKE:CUBA 67,LAKE:CUBA 67,LAKE:CUBA 67,1.3,91.33140718,0.357238236,0.357238236,0.357238236,0.357238236,6.525163407,0.357238236,0.357238236,21.730512766922715,21.206702712582814,10.757161862582647,3.9834673412645136,3.790106259300668,5.793460367997787,2.638553371845032,29.58363822702292,29.905371097830248,15.65297835613893,5.870365888088285,5.04102141750044,6.66342323485339,3.2404544494589835,19.464237153114123,22.696053029594548,14.061148123562026,7.248923133460964,3.491795116649022,0.002156779901921634,0.0025370696015537407,1.0,0.3,0.2,1.0,1.0,1.0,1.0,1.4,1.0,566.0990945,562.965743,5.300271116,2.699967729,2.600303387,0.009362797,0.004769426,0.004593371,2315.04,213,0.99999985
LAKE:CUBA 68,LAKE:CUBA 68,LAKE:Cuba 68,,,,,,,,,,0.896566851,0.029693332,0.019220395,0.038799342,0.013599104,5.08e-06,0.5181,0.9772,0.0228,0.7903,0.029,0.0,0.0282,0.1416,0.10414356,0.161496986,0.085806432,0.065076695,0.142745507,0.160856187,0.144275571,0.097030446,0.038568615,0.012786554,0.007019553,0.011246367,0.013460496,0.002121674,0.000593103,0.000820003,0.022860285,0.016140397,0.058616784,0.051561818,0.080295043,0.065544298,0.066690682,0.172035939,0.418207001,,-0.275497036,,,,,-0.076655052,574.0,53.2,176228,231.5068063,-1.119397291,,,-1.243462196,,,,-0.614638459,-1.196937857,mc_lake_2race,LAKE,Cuba 68,0,0,0,,0,1,0,347,231,154,178,134,89,0.4763,29.833848282618597,69,0.50236,30.144583048060092,70,0.02022,15.728928795374353,36,0.00046,5.899970965398573,14,0.00022,5.124423980059954,12,0.00026,6.7390427841936305,16,0.00018,3.2770814812095526,8,LAKE:CUBA 68,LAKE:CUBA 68,LAKE:CUBA 68,1.3,89.97903874,0.598736281,0.598736281,0.598736281,0.598736281,6.428543577,0.598736281,0.598736281,21.730850357414198,21.20722474252154,10.757523118316781,3.9836361268617333,3.790160309074591,5.792760495166639,2.637552329671074,29.584057379284605,29.906045657790465,15.653449587593752,5.870583778315305,5.040946206041198,6.662720008302552,3.239450053565336,19.464574743605606,22.696575059533274,14.06150937929616,7.249091919058183,3.4918491664229454,0.0014569070707736577,0.0015360274275957172,1.0,0.3,0.2,1.0,1.0,1.0,1.0,1.4,1.0,251.1172345,249.8085199,2.185209759,1.133456936,1.051752823,0.008701951,0.004513656,0.004188294,1115.27,231,1.0
LAKE:CUBA 69,LAKE:CUBA 69,LAKE:Cuba 69,,,,,,,,,,0.882606229,0.04122231,0.009269782,0.052695809,0.01107477,0.001295679,0.5531,0.9997,0.0003,0.6281,0.0654,0.0,0.0,0.3036,0.08480073,0.135668581,0.06695083,0.069184205,0.116925069,0.207879617,0.139520118,0.13051812,0.04855273,0.032007781,0.04397548,4.58e-05,0.066103509,0.008050121,6.83e-05,0.006929116,0.006858849,0.015617906,0.004335178,0.048901179,0.06182958,0.107101339,0.069586101,0.160764971,0.367824758,,-0.20713355,,,,,-0.263513514,592.0,55.3,158892,248.1491441,-0.828156929,,,-1.83791786,,,,-0.481785331,-1.459257511,mc_lake_2race,LAKE,Cuba 69,0,0,0,,0,1,0,273,182,121,138,104,69,0.4748,29.876937753438487,54,0.50294,30.218671730945324,55,0.0208,15.638303812219403,28,0.00056,5.8929332344615215,11,0.00036,5.0991203046637406,9,0.00036,6.780521137089904,12,0.00018,3.2652212904536833,6,LAKE:CUBA 69,LAKE:CUBA 69,LAKE:CUBA 69,1.3,91.12817013,0.393531119,0.393531119,0.393531119,0.393531119,6.510643156,0.393531119,0.393531119,21.765189768331226,21.22909966941365,10.724286824448695,3.9443965513361983,3.781312203997472,5.792794310821832,2.63787997879531,29.64334108820988,29.949317737222913,15.612956825133178,5.817976936760264,5.03010204585472,6.663267079490209,3.2402909582220367,19.498914154522637,22.718449986425384,14.028273085428074,7.209852343532648,3.4830010613458264,0.0014907227259667152,0.00186367655183175,1.0,0.3,0.2,1.0,1.0,1.0,1.0,1.4,1.0,612.8806243,611.7278164,1.155659901,1.154074524,0.001585376,0.00188562,0.001883033,2.59e-06,1635.29,182,1.0
LAKE:CUBA 70,LAKE:CUBA 70,LAKE:Cuba 70,,,,,,,,,,0.933925273,0.014492898,0.005442812,0.028963811,0.006335974,1.09e-07,0.5123,0.9728,0.0272,0.7849,0.0,0.0,0.0,0.2,0.040882045,0.087307716,0.027271761,0.040041835,0.045713945,0.141642977,0.216690491,0.175887811,0.224561419,0.057754398,1.14e-05,0.017332775,0.02166531,0.030310412,0.010107224,7.37e-06,0.167451985,0.007238255,0.031806309,0.086653405,0.070810994,0.147309242,0.080898137,0.109926542,0.160716258,,-0.49753386,,,,,-0.080058224,687.0,67.2,99594,270.1408048,-2.065312849,,,-1.254288758,,,,-0.770123759,-1.558422793,mc_lake_2race,LAKE,Cuba 70,0,0,0,,0,1,0,384,256,171,205,154,103,0.52556,33.03633054080595,85,0.47016,32.38248460545105,83,0.0041,13.201585933169529,34,0.0,2.8211988427922297,7,4e-05,4.3720942291072955,11,0.00012,6.727890583188098,17,2e-05,3.311541395090095,8,LAKE:CUBA 70,LAKE:CUBA 70,LAKE:CUBA 70,1.3,91.44232853,0.337430549,0.337430549,0.337430549,0.337430549,6.533088172,0.337430549,0.337430549,23.74310855407417,22.49737388517813,8.828504931655935,1.7291803011578946,3.2754819432668505,5.792133031890345,2.6370452526389565,33.10433563600121,32.47736429846894,13.242834021250212,2.782677842919184,4.390080252777576,6.691555093984562,3.268405525491521,21.476832940265577,23.986724202189865,12.132491192635314,4.9946360933543446,2.977170800615205,0.0008294437944800595,0.001028950395478298,1.0,0.3,0.2,1.0,1.0,1.0,1.0,1.4,1.0,123.4651675,123.2326612,0.232726919,0.232462164,0.000264756,0.00188496,0.001882816,2.14e-06,904.86,256,1.0
LAKE:CUBA 71,LAKE:CUBA 71,LAKE:Cuba 71,,,,,,,,,,0.892187513,0.040939353,0.008011085,0.038033377,0.011728428,0.001135103,0.5945,0.9859,0.0141,0.6676,0.0361,0.0,0.0,0.2825,0.071395392,0.104410925,0.060153367,0.055525398,0.10577067,0.204927609,0.168408802,0.159692983,0.069714853,0.027100521,0.026257887,0.010357163,0.060152335,0.023564263,0.000588635,0.007118734,0.016886706,0.014076621,0.019979876,0.059210014,0.064384921,0.125332681,0.082015769,0.161334475,0.301639398,,-0.228964906,,,,,-0.026315789,684.0,57.9,138714,256.470313,-0.92116231,,,-1.083317133,,,,-0.460211826,-1.022509075,mc_lake_2race,LAKE,Cuba 71,0,0,0,,0,1,0,390,260,173,159,120,80,0.48278,30.36055098909291,79,0.4987,30.494434237155275,79,0.0171,15.264014847371646,40,0.00048,5.420129351522863,14,0.00046,5.004131685443098,13,0.00034,6.735793072939635,18,0.00014,3.286949101759784,9,LAKE:CUBA 71,LAKE:CUBA 71,LAKE:CUBA 71,1.3,88.85440648,0.79956653,0.79956653,0.79956653,0.79956653,6.348194336,0.79956653,0.79956653,22.064300677851257,21.42100602691695,10.437846964473415,3.6095610183423696,3.7048692128202827,5.792417802769368,2.6373788708640755,30.15789745868512,30.325286381586317,15.260909535540138,5.366911290756518,4.934961697076192,6.667193514197934,3.2440927930509904,19.798025064042665,22.910356343928683,13.741833225452794,6.87501681053882,3.406558070168637,0.001114214673502528,0.0013625686205971147,1.0,0.3,0.2,1.0,1.0,1.0,1.0,1.4,1.0,229.9146125,229.4818168,0.433024837,0.432749802,0.000275035,0.001883416,0.00188222,1.2e-06,943.12,260,1.0
LAKE:ELA 79,LAKE:ELA 79,LAKE:Ela 79,,,,,,,,,,0.806657077,0.07064586,0.034322656,0.080075978,0.006265452,5.78e-05,0.4991,1.0,0.0,0.6902,0.0445,0.0,0.0327,0.2325,0.115286676,0.105553071,0.090317942,0.100872277,0.124406273,0.161582454,0.173973044,0.098560953,0.029447308,0.009678811,0.001143959,0.001485563,0.011551718,0.004645002,0.011089396,0.041889288,0.002229027,0.029007611,0.015691091,0.018646713,0.072549536,0.048165509,0.130924495,0.144719342,0.456582941,,-0.252292185,,,,,-0.168421053,570.0,53.5,185000,239.8279752,-1.020540583,,,-1.535398769,,,,-0.422793357,-1.342326949,mc_lake_2race,LAKE,Ela 79,0,0,0,,0,1,0,285,190,127,167,126,84,0.47798,29.834205417268674,57,0.5004,30.173214763653945,57,0.01992,15.667610877219543,30,0.00054,5.913922186007917,11,0.00038,5.089184647616659,10,0.00064,6.701476688679488,13,0.00014,3.2517135839730322,6,LAKE:ELA 79,LAKE:ELA 79,LAKE:ELA 79,1.3,90.68095246,0.473392634,0.473392634,0.473392634,0.473392634,6.478691734,0.473392634,0.473392634,21.730391243139962,21.20651479540367,10.757031819929013,3.9842201014727694,3.7900868027900434,5.794155476312938,2.639115783069531,29.58297751417451,29.90452756206144,15.652440420770347,5.871264933271593,5.040957008754916,6.664093357172727,3.2409918746876683,19.46411562933137,22.695865112415404,14.061018080908392,7.249675893669219,3.491775660138398,0.0028518882170731463,0.003099480826052688,1.0,0.3,0.2,1.0,1.0,1.0,1.0,1.4,1.0,503.1428457,502.0198989,1.966389796,0.842938087,1.123451709,0.003908214,0.001675345,0.002232868,1679.85,190,1.0
LAKE:ELA 80,LAKE:ELA 80,LAKE:Ela 80,,,,,,,,,,0.863786269,0.046689463,0.007409835,0.06485296,0.012076805,0.000294133,0.5006,0.9969,0.0031,0.7074,0.0436,0.0,0.0286,0.2204,0.117620426,0.138680865,0.093775986,0.12189165,0.12061406,0.15926459,0.143296772,0.080531388,0.024324261,0.009474097,0.000140716,0.000277815,0.015248524,0.003943325,0.007956522,0.038336502,0.000485968,0.027817781,0.037133232,0.023075548,0.084181596,0.04770081,0.104903556,0.132225327,0.467098679,,-0.302526342,,,,,-0.153324288,737.0,51.2,187559,286.485958,-1.234546844,,,-1.487371201,,,,-0.548010907,-1.392562067,mc_lake_2race,LAKE,Ela 80,0,0,0,,0,1,0,389,259,173,171,129,86,0.47448,29.83415528258649,77,0.50412,30.155349686417605,78,0.01978,15.694193871130299,41,0.00048,5.9228293955210285,15,0.00044,5.111068553131955,13,0.00044,6.7499844681132615,17,0.00026,3.290409048736627,9,LAKE:ELA 80,LAKE:ELA 80,LAKE:ELA 80,1.3,90.88435583,0.437070051,0.437070051,0.437070051,0.437070051,6.493223867,0.437070051,0.437070051,21.730560566649288,21.20677662724855,10.757213013091176,3.982869034273363,3.790113912254409,5.793022319803661,2.6382570897506223,29.584087516895945,29.905926063837086,15.653326776171951,5.869649106540143,5.041080735740161,6.663004745501298,3.2401777262066087,19.464284952840696,22.696126944260286,14.061199274070555,7.248324826469813,3.4918027696027636,0.001718731707795334,0.0022407875071438865,1.0,0.3,0.2,1.0,1.0,1.0,1.0,1.4,1.0,412.3291574,411.409267,1.609875995,0.689954299,0.919921696,0.003904347,0.00167331,0.002231037,1391.59,259,1.0
LAKE:ELA 81,LAKE:ELA 81,LAKE:Ela 81,,,,,,,,,,0.794238125,0.051872086,0.014005091,0.122801106,0.010734576,0.001376046,0.5109,0.973,0.027,0.822,0.037,0.0,0.0011,0.1399,0.122656099,0.167986838,0.089380579,0.131683301,0.127473857,0.172715172,0.109281173,0.06106294,0.017760041,0.009887234,2.64e-08,0.0,0.013745104,0.002872479,0.0038368,0.025921338,0.0,0.02197116,0.05419228,0.025655961,0.08490429,0.055553148,0.087869017,0.145422507,0.468168653,,-0.26649549,,,,,-0.207792208,616.0,48.2,189056,238.3420522,-1.081049137,,,-1.660650823,,,,-0.59813994,-1.44330019,mc_lake_2race,LAKE,Ela 81,0,0,0,,0,1,0,305,203,135,213,160,107,0.47568,29.838058809316315,61,0.50188,30.212918108497398,61,0.02074,15.655172618803515,32,0.0006,5.914021178948881,12,0.0004,5.0292068691011,10,0.00058,6.79305533862018,14,0.00012,3.301136803442207,7,LAKE:ELA 81,LAKE:ELA 81,LAKE:ELA 81,1.3,91.07239016,0.403491979,0.403491979,0.403491979,0.403491979,6.506657962,0.403491979,0.403491979,21.729916017490915,21.205779934610167,10.756523280751948,3.9829116269478986,3.790010717001073,5.794557316375786,2.6402589642174688,29.583058589737252,29.90436873084404,15.652261884595259,5.869671493193854,5.041183317212431,6.664534398355169,3.2421742569552006,19.463640403682323,22.6951302516219,14.060509541731326,7.248367419144349,3.4916995743494272,0.0032537282799205104,0.004242661973990396,1.0,0.3,0.2,1.0,1.0,1.0,1.0,1.4,1.0,499.8338088,498.7187184,1.951430489,0.836333024,1.115097465,0.003904159,0.001673222,0.002230936,1830.47,203,0.999983965
LAKE:ELA 82,LAKE:ELA 82,LAKE:Ela 82,,,,,,,,,,0.740223131,0.050406859,0.025217677,0.170852729,0.008328374,0.002156117,0.4779,0.9732,0.0268,0.8101,0.0319,0.0,0.0,0.1574,0.129409831,0.188566893,0.067819557,0.11129024,0.152050078,0.184327462,0.094621692,0.052349841,0.019564404,0.011039571,0.002417734,0.0,0.003898959,0.012325523,0.004676513,0.005000891,0.0,0.015456638,0.045144622,0.01518722,0.07912995,0.059770762,0.067662247,0.144645864,0.533643506,,-0.265525768,,,,,0.007949126,629.0,48.5,206304,277.8676045,-1.076917952,,,-0.974309639,,,,-0.579012066,-1.012787756,mc_lake_2race,LAKE,Ela 82,0,0,0,,0,1,0,417,278,185,245,184,123,0.4754,29.813980780619698,83,0.5022,30.161309347929492,84,0.02078,15.706664716435792,44,0.00046,5.971396439833299,17,0.00052,5.074654171841358,14,0.00054,6.743116415587346,19,0.0001,3.3070244770296333,9,LAKE:ELA 82,LAKE:ELA 82,LAKE:ELA 82,1.3,88.78058675,0.812748827,0.812748827,0.812748827,0.812748827,6.342920292,0.812748827,0.812748827,21.729381545979727,21.20495345952489,10.755951342551619,3.983252575469888,3.7899251456799696,5.795996657490055,2.641994866271152,29.582013847915004,29.9028516878058,15.65124049508465,5.870057291088212,5.041233995359001,6.665959467050548,3.2438958865899936,19.463105932171135,22.694303776536625,14.059937603530997,7.248708367666338,3.491614003028324,0.004693069394189517,0.005978564027673634,1.0,0.3,0.2,1.0,1.0,1.0,1.0,1.4,1.0,486.4993506,485.4881131,2.398127064,1.117496585,1.280630478,0.004929353,0.002297016,0.002632337,1798.24,278,1.0
LAKE:ELA 83,LAKE:ELA 83,LAKE:Ela 83,,,,,,,,,,0.791599127,0.05461755,0.028297388,0.115325288,0.008068908,0.001128805,0.5606,0.9552,0.0448,0.6643,0.1634,0.0,0.0,0.1668,0.104573709,0.140390996,0.052200027,0.07533769,0.171522617,0.179080802,0.165673552,0.068480927,0.042739679,0.024320334,0.005707515,1.18e-05,0.004917181,0.024279094,0.008598627,0.004326326,5.09e-05,5.67e-05,0.040028282,0.015515345,0.103461944,0.041252177,0.079874157,0.072682206,0.574917467,,-0.156632467,,,,,-0.085814361,571.0,53.2,213031,237.1533138,-0.613013516,,,-1.272600845,,,,-0.431239285,-1.025255596,mc_lake_2race,LAKE,Ela 83,0,0,0,,0,1,0,339,226,151,195,147,98,0.47426,29.80398074543002,67,0.50448,30.127318120299496,68,0.01968,15.740182716315088,36,0.00048,5.876012380526873,13,0.00036,5.103656608026895,12,0.0005,6.795307283926215,15,0.00024,3.321720266372209,8,LAKE:ELA 83,LAKE:ELA 83,LAKE:ELA 83,1.3,88.87502536,0.795884532,0.795884532,0.795884532,0.795884532,6.34966745,0.795884532,0.795884532,21.729999169973482,21.20590851668364,10.756612262260292,3.9837119212140255,3.790024030091925,5.794798249971734,2.6402008471448455,29.582686340665685,29.903974634574254,15.652034460129023,5.870636816607147,5.041079458617352,6.664750076184148,3.2420908841156075,19.46372355616489,22.695258833695373,14.06059852323967,7.2491677134104755,3.491712887440279,0.003494661875868741,0.004184544901367085,1.0,0.3,0.2,1.0,1.0,1.0,1.0,1.4,1.0,464.3319964,463.4719758,3.001569307,1.497701153,1.503868154,0.006464274,0.003225496,0.003238778,1353.61,218,0.997569398
LAKE:ELA 87,LAKE:ELA 87,LAKE:Ela 87,,,,,,,,,,0.814144641,0.053865117,0.018040705,0.098627042,0.012062194,0.001463987,0.4314,0.9745,0.0255,0.7839,0.0277,0.0,0.0,0.1875,0.109274831,0.141519676,0.047132467,0.073868426,0.18447662,0.194862021,0.146942068,0.065787592,0.036136298,0.021253709,0.005931157,0.0,0.003241093,0.037522429,0.010228532,0.002390588,0.0,7.02e-06,0.039662449,0.021092744,0.139218209,0.037611574,0.086127499,0.085490498,0.510222497,,-0.237165682,,,,,0.034591195,636.0,52.5,202004,253.2012824,-0.956099044,,,-0.88955282,,,,-0.718258118,-0.914507654,mc_lake_2race,LAKE,Ela 87,0,0,0,,0,1,0,357,238,159,201,151,101,0.47724,29.832496139305547,71,0.50108,30.154018140526205,72,0.02006,15.68301664765705,37,0.00066,5.883871639803201,14,0.00044,5.1513856407051275,12,0.00042,6.7380998866075865,16,0.0001,3.2790837105306316,8,LAKE:ELA 87,LAKE:ELA 87,LAKE:ELA 87,1.3,87.95533142,0.960118095,0.960118095,0.960118095,0.960118095,6.283960007,0.960118095,0.960118095,21.73018490223842,21.206195722056215,10.756811014439087,3.9832550017379473,3.7900537666727336,5.794113702457439,2.6395135487869985,29.583261493034637,29.904751722271115,15.652542619548996,5.870096098779168,5.041099909277312,6.664081385447032,3.24141944253494,19.46390928842983,22.69554603906795,14.060797275418466,7.248710793934397,3.491742624021088,0.00281011436157384,0.003497246543520302,1.0,0.3,0.2,1.0,1.0,1.0,1.0,1.4,1.0,285.0223598,284.4964883,1.840550294,0.920275147,0.920275147,0.006457565,0.003228782,0.003228782,1056.68,238,1.0
LAKE:ELA 88,LAKE:ELA 88,LAKE:Ela 88,,,,,,,,,,0.820875327,0.055116015,0.008839011,0.097181223,0.016414028,0.000638137,0.3968,0.9714,0.0286,0.8189,0.0398,0.0,0.0,0.102,0.095898071,0.160075444,0.050011505,0.0679068,0.193588494,0.250653464,0.120184649,0.052120357,0.009561217,0.012886548,0.005955343,0.0,0.001950538,0.055955097,0.007444574,0.001950934,0.0,5.54e-06,0.023400269,0.049434718,0.236261706,0.044846835,0.124596406,0.129143074,0.306168418,,-0.145250262,,,,,0.026521061,641.0,51.6,137020,259.7393437,-0.56452334,,,-0.91522646,,,,-0.655519572,-0.78371279,mc_lake_2race,LAKE,Ela 88,0,0,0,,0,1,0,329,219,146,210,158,105,0.47522,29.81675635859988,65,0.50258,30.203321446031605,66,0.0207,15.65341385597715,34,0.0005,5.923411146202175,13,0.00042,5.107740092520851,11,0.00042,6.768022798186443,15,0.00016,3.317957287723308,7,LAKE:ELA 88,LAKE:ELA 88,LAKE:ELA 88,1.3,86.5969523,1.202689494,1.202689494,1.202689494,1.202689494,6.186910744,1.202689494,1.202689494,21.730200983881815,21.20622058975696,10.756828223412795,3.982773059364763,3.7900563414170225,5.793813439989363,2.63934416047003,29.58358853654374,29.9051456711898,15.652786900724877,5.8695177204816344,5.041151430890595,6.663796739911771,3.241265671150786,19.463925370073227,22.695570906768694,14.060814484392173,7.248228851561213,3.491745198765377,0.002509851893497617,0.0033278582265517365,1.0,0.3,0.2,1.0,1.0,1.0,1.0,1.4,1.0,106.8892555,106.6918759,0.690439859,0.345219929,0.345219929,0.006459394,0.003229697,0.003229697,545.43,219,0.999297042
LAKE:ELA 89,LAKE:ELA 89,LAKE:Ela 89,,,,,,,,,,0.719085487,0.050541443,0.007875667,0.209764516,0.011151312,0.003057677,0.4327,0.9475,0.0525,0.7895,0.0651,0.0,0.0,0.1122,0.093894224,0.151208463,0.065040244,0.084222574,0.170951847,0.226748167,0.135730154,0.053617121,0.018587207,0.011333546,0.001347623,0.0,0.009696389,0.033795659,0.003350611,0.009279405,0.0,0.000249449,0.037075477,0.042979029,0.195974814,0.045844664,0.122669019,0.108721839,0.377682477,,-0.27804616,,,,,-0.145454545,550.0,51.7,147229,239.5307906,-1.130257004,,,-1.462335068,,,,-0.519740068,-1.337805794,mc_lake_2race,LAKE,Ela 89,0,0,0,,0,1,0,329,219,146,193,145,97,0.47518,29.84998755340833,65,0.50272,30.18379297088763,66,0.0207,15.698564035190898,34,0.00058,5.933972299984765,13,0.00034,5.099751453444805,11,0.00028,6.719309119438963,15,0.0002,3.2367251189377293,7,LAKE:ELA 89,LAKE:ELA 89,LAKE:ELA 89,1.3,90.66174754,0.476822136,0.476822136,0.476822136,0.476822136,6.47731964,0.476822136,0.476822136,21.728948735591594,21.20428418717838,10.755488191964004,3.982122725994759,3.7898558507672857,5.796396320076975,2.6430513750290956,29.582048938905398,29.902661360757193,15.65104988693264,5.8686803380990895,5.041433193754083,6.6663928433671575,3.244986109077627,19.462673121783006,22.693634504190115,14.059474452943382,7.247578518191209,3.49154470811564,0.005092731981110075,0.007035072785617313,1.0,0.3,0.2,1.0,1.0,1.0,1.0,1.4,1.0,375.1250558,374.4044949,2.455709766,1.227854883,1.227854883,0.006546376,0.003273188,0.003273188,1623.46,219,0.99978632
LAKE:ELA 90,LAKE:ELA 90,LAKE:Ela 90,,,,,,,,,,0.720936692,0.040427357,0.021791438,0.20332109,0.006821473,0.001913853,0.525,0.9583,0.0417,0.7048,0.136,0.0,0.0,0.1412,0.081367592,0.153747748,0.067797682,0.075230369,0.149911499,0.185691133,0.184627491,0.06296831,0.038658177,0.016286113,0.00053236,1.44e-06,0.010078535,0.009155331,0.001122073,0.00847564,6.95e-06,7e-06,0.022486342,0.019612723,0.105132454,0.049500706,0.101287953,0.065126106,0.591188262,,-0.148676477,,,,,-0.178694158,582.0,53.6,215425,254.0928362,-0.579119613,,,-1.568080754,,,,-0.449132457,-1.197220326,mc_lake_2race,LAKE,Ela 90,0,0,0,,0,1,0,350,233,155,212,159,106,0.47534,29.829183738054336,70,0.50166,30.112308581202722,70,0.02116,15.707182172407247,37,0.00076,5.917714683464288,14,0.00044,5.063187303422751,12,0.00048,6.7624442492116135,16,0.00016,3.2859939351579803,8,LAKE:ELA 90,LAKE:ELA 90,LAKE:ELA 90,1.3,89.98058704,0.598459795,0.598459795,0.598459795,0.598459795,6.428654195,0.598459795,0.598459795,21.729020404921712,21.204395012385113,10.755564885345835,3.98289749124275,3.7898673253531756,5.796650280288198,2.6430223935460986,29.5816748286647,29.902258934951426,15.65081539734281,5.869614497440473,5.041334093495946,6.6666222974907905,3.24493262150704,19.462744791113124,22.693745329396847,14.059551146325214,7.2483532834392,3.49155618270153,0.005346692192331986,0.007006091302620229,1.0,0.3,0.2,1.0,1.0,1.0,1.0,1.4,1.0,717.2014492,715.8774883,4.632042283,2.315359027,2.316683256,0.006458495,0.003228325,0.003230171,2349.38,233,0.999713836
LAKE:FREMONT 115,LAKE:FREMONT 115,LAKE:Fremont 115,,,,,,,,,,0.810049286,0.051506787,0.013377824,0.100991193,0.008026446,0.000669108,0.4692,1.0,0.0,0.515,0.0,0.0,0.0,0.2657,0.085708142,0.138344976,0.061442523,0.125438085,0.082095126,0.165709755,0.176020155,0.03980538,0.125435858,1.01e-05,0.016277263,7.21e-06,1.31e-05,3.8e-07,2.68e-06,2.56e-06,1.24e-05,0.017638135,0.013593014,0.230601619,0.066505215,0.039361945,0.032580581,0.130272868,0.453120986,,-0.267504338,,,,,-0.248407643,628.0,55.7,182007,276.6788661,-1.085347005,,,-1.789861323,,,,0.021268446,-1.525668454,mc_lake_2race,LAKE,Fremont 115,0,0,0,,0,1,0,363,242,161,261,196,131,0.47866,29.935677247774674,72,0.50056,30.22839118791456,73,0.0193,15.582733653087564,38,0.00048,5.821125405071975,14,0.00034,5.100096134909769,12,0.00044,6.748105799629878,16,0.00022,3.307151337798997,8,LAKE:FREMONT 115,LAKE:FREMONT 115,LAKE:FREMONT 115,1.3,91.34443794,0.354911279,0.354911279,0.354911279,0.354911279,6.526094389,0.354911279,0.354911279,21.810644558012804,21.257754258256252,10.679617464753427,3.892843301467617,3.7694617212989154,5.794033361904132,2.6395300365640555,29.72145412732748,30.005710258745438,15.558038789332404,5.748684941636787,5.0156010415501235,6.665164313441348,3.2425991988596206,19.544368944204212,22.747104575267986,13.983603725732806,7.158299093664067,3.47115057864727,0.0027297738082669647,0.003513734320577185,1.0,0.3,0.2,1.0,1.0,1.0,1.0,1.4,1.0,550.964424,548.8509101,5.988049939,2.8178899,3.170160039,0.010868306,0.005114468,0.005753838,1788.63,242,0.999678729
LAKE:FREMONT 118,LAKE:FREMONT 118,LAKE:Fremont 118,,,,,,,,,,0.856712134,0.094878708,0.007928047,0.037518094,0.010391485,0.000866027,0.2887,0.8945,0.1055,0.86,0.0001,0.0,0.0,0.126,0.092255003,0.141553491,0.1326285,0.075984967,0.111836918,0.188915425,0.160473867,0.059205823,0.037146006,1.95e-05,0.008091947,4.92e-06,4.88e-06,0.036541137,0.028413199,1.48e-06,4.73e-06,0.024485991,0.021999471,0.034437517,0.036661503,0.142829758,0.068969784,0.253444105,0.344090067,,-0.224738773,,,,,-0.150887574,676.0,52.3,169242,276.9760507,-0.903158247,,,-1.479619246,,,,-0.914556532,-1.263446371,mc_lake_2race,LAKE,Fremont 118,0,0,0,,0,1,0,366,244,163,198,149,99,0.47564,29.833373966489496,73,0.5014,30.160911724403682,74,0.02132,15.758900820130872,38,0.00062,5.898270022997106,14,0.00046,5.061216837087155,12,0.00034,6.710666706761087,16,0.00022,3.280419824578663,8,LAKE:FREMONT 118,LAKE:FREMONT 118,LAKE:FREMONT 118,1.3,90.32276808,0.537355106,0.537355106,0.537355106,0.537355106,6.453101286,0.537355106,0.537355106,21.730864608557283,21.20724677964503,10.757538368471295,3.983042061980525,3.79016259074745,5.792403446301148,2.6373607475345957,29.58445184441227,29.90651807181257,15.653741665499275,5.869870598277375,5.041010629698265,6.662382174600816,3.2392776865926116,19.46458899474869,22.696597096656763,14.061524629450673,7.248497854176975,3.4918514480958045,0.0010998582052832203,0.001344445291117429,1.0,0.3,0.2,1.0,1.0,1.0,1.0,1.4,1.0,718.3348342,716.5632747,4.74818438,2.362618551,2.38556583,0.006609988,0.003289021,0.003320966,1832.16,244,0.999552712
LAKE:VERNON 270,LAKE:VERNON 270,LAKE:Vernon 270,,,,,,,,,,0.660311252,0.041724137,0.007158876,0.287227169,0.002386397,5.28e-07,0.6326,0.9021,0.0979,0.6635,0.008,0.0,0.0127,0.3021,0.07020553,0.061581263,0.174919063,0.023774215,0.077777011,0.214891375,0.29046272,0.061553898,0.024834925,9.59e-07,0.0,2.37e-06,6.51e-06,0.008877024,0.02070633,2.85e-06,0.02662395,0.02958098,0.00591858,0.008881257,0.071010821,0.091718181,0.082843557,0.141998369,0.511828254,,-0.326660276,,,,,-0.091383812,383.0,56.3,202311,174.744547,-1.337361608,,,-1.290319024,,,,-0.220184353,-1.307959993,mc_lake_2race,LAKE,Vernon 270,0,0,0,,0,1,0,270,180,120,146,110,73,0.47958,30.068610113603135,54,0.50146,30.33364840898642,55,0.0179,15.453805208249744,28,0.0003,5.678254405431241,10,0.00042,5.111693833310965,9,0.00026,6.728764398123624,12,8e-05,3.2971848896591154,6,LAKE:VERNON 270,LAKE:VERNON 270,LAKE:VERNON 270,1.3,90.53104113,0.500162924,0.500162924,0.500162924,0.500162924,6.467981333,0.500162924,0.500162924,21.87756103995472,21.29877893402416,10.611258996319826,3.814249105794576,3.751483352508255,5.798171899960308,2.645601401495737,29.83758948780697,30.088338517261448,15.474082235029208,5.64304552529121,4.994180350534391,6.670324421338097,3.249692133631875,19.61128542614613,22.788129251035894,13.915245257299205,7.079704897991026,3.4531722098566093,0.00686831186444272,0.009585099252258627,1.0,0.3,0.2,1.0,1.0,1.0,1.0,1.4,1.0,648.1406944,646.3395706,4.385227045,1.357595509,3.027631535,0.006765857,0.0020946,0.004671257,1113.13,180,0.999529881
LAKE:VERNON 275,LAKE:VERNON 275,LAKE:Vernon 275,,,,,,,,,,0.734511017,0.043536265,0.033692554,0.181239034,0.008424019,0.007018324,0.4893,0.9432,0.0568,0.7518,0.0288,0.0,0.0025,0.2018,0.138321619,0.230206917,0.035096283,0.0726596,0.198712939,0.141008699,0.087668047,0.08055396,0.015771936,0.009142715,0.00304771,0.051796575,0.015237933,6.93e-06,0.006102624,0.003047403,1.14e-05,0.003067402,0.027431599,0.012198531,0.045741893,0.045753262,0.079282751,0.146356437,0.551774779,,-0.311297952,,,,,-0.223404255,376.0,48.4,209383,151.5641479,-1.271915431,,,-1.710317665,,,,-0.457314311,-1.545916827,mc_lake_2race,LAKE,Vernon 275,0,0,0,,0,1,0,228,152,101,128,96,64,0.48126,29.877454676966885,45,0.49694,30.071586298271857,46,0.02036,15.692605123407196,24,0.00054,5.862242888536849,9,0.00038,5.123797941108017,8,0.00038,6.826381693913097,10,0.00014,3.271705153738809,5,LAKE:VERNON 275,LAKE:VERNON 275,LAKE:VERNON 275,1.3,91.40560046,0.343989233,0.343989233,0.343989233,0.343989233,6.530464139,0.343989233,0.343989233,21.729266020555556,21.20477481785215,10.75582771874416,3.9836482691795636,3.789906649533851,5.796483181109423,2.642450057596957,29.581586235077577,29.902286021019044,15.650873950866867,5.870527575222697,5.0412087263412,6.666432537559967,3.2443376248058495,19.462990406746968,22.694125134863885,14.059813979723538,7.249104061376014,3.4915955068822053,0.005179593013557007,0.006433755353478949,1.0,0.3,0.2,1.0,1.0,1.0,1.0,1.4,1.0,926.9240604,925.2836374,2.418239601,1.640094879,0.778144722,0.002608886,0.001769395,0.000839491,2488.47,152,0.999802837
LAKE:VERNON 276,LAKE:VERNON 276,LAKE:Vernon 276,,,,,,,,,,0.660435981,0.027787091,0.008089247,0.293836166,0.007169172,0.001796718,0.5002,0.9084,0.0916,0.6356,0.0319,0.0,0.0,0.303,0.094194647,0.222466547,0.061238701,0.088191402,0.160650471,0.173094333,0.109303391,0.067821544,0.023038965,0.048007865,0.020310125,0.016658143,0.0424742,1.17e-05,0.022158971,0.00738769,3.69e-06,3.51e-05,0.062799952,0.044329873,0.07019532,0.029611064,0.116425122,0.186651601,0.332939598,,-0.39816733,,,,,-0.009416196,531.0,50.5,155248,220.8081606,-1.641994118,,,-1.029554201,,,,-0.245525487,-1.25921917,mc_lake_2race,LAKE,Vernon 276,0,0,0,,0,1,0,393,262,175,187,141,94,0.47488,29.803681024069895,78,0.50326,30.1599822917408,79,0.02066,15.710300441348373,41,0.00048,5.909646369600287,15,0.00036,5.098586833885776,13,0.0003,6.757628026139562,18,6e-05,3.314493697142165,9,LAKE:VERNON 276,LAKE:VERNON 276,LAKE:VERNON 276,1.3,90.30211745,0.541042774,0.541042774,0.541042774,0.541042774,6.451625904,0.541042774,0.541042774,21.728013618336064,21.202838177246466,10.75448752257559,3.981686733179809,3.789706134239337,5.798352131622441,2.6458320706177685,29.580868129393377,29.900769533088344,15.649730287588891,5.868114672616184,5.041638034737106,6.668356931857813,3.247775081611489,19.461738004527476,22.6921884942582,14.058473783554968,7.247142525376259,3.4913949915876916,0.0070485435265756425,0.009815768374290006,1.0,0.3,0.2,1.0,1.0,1.0,1.0,1.4,1.0,282.3019591,282.2954981,0.009810347,0.006381944,0.003428403,3.48e-05,2.26e-05,1.21e-05,1342.35,262,0.999567511
LAKE:VERNON 283,LAKE:VERNON 283,LAKE:Vernon 283,,,,,,,,,,0.645858411,0.029869755,0.019301337,0.291820076,0.014017514,0.000879473,0.4908,0.9512,0.0488,0.6044,0.0483,0.0,0.0092,0.3126,0.123768603,0.120392834,0.079199641,0.120882855,0.178706735,0.152932778,0.111389653,0.066128903,0.046597999,0.019650308,1.76e-06,0.009852502,0.029497893,0.007858007,0.015719541,1.76e-06,0.007858007,1.76e-06,0.011856759,0.017705528,0.129805675,0.078671172,0.106362397,0.179278112,0.385878808,,-0.174488354,,,,,0.200845666,473.0,48.3,168172,187.8206696,-0.689082706,,,-0.360644945,,,,-0.179469502,-0.483809106,mc_lake_2race,LAKE,Vernon 283,0,0,0,,0,1,0,336,224,149,162,122,81,0.47738,29.764561755371684,67,0.4992,30.078679509192792,67,0.02192,15.732088550024148,35,0.00062,5.895935845088713,13,0.0004,5.094503478015512,11,0.0004,6.790070956449945,15,8e-05,3.316412348576275,7,LAKE:VERNON 283,LAKE:VERNON 283,LAKE:VERNON 283,1.3,81.91103529,2.039473142,2.039473142,2.039473142,2.039473142,5.852125863,2.039473142,2.039473142,21.72803604302439,21.202872853456146,10.754511519244472,3.9822940730384913,3.7897097245339832,5.798630388788002,2.645913642256763,29.580522372784802,29.900374161967967,15.649491715046022,5.868845463189123,5.041565954483966,6.668615769597108,3.2478372338242174,19.461760429215797,22.69222317046788,14.05849778022385,7.247749865234941,3.4913985818823376,0.007326800692136511,0.009897340013284728,1.0,0.3,0.2,1.0,1.0,1.0,1.0,1.4,1.0,74.02194925,73.64370142,0.536904443,0.378247836,0.158656607,0.007253314,0.005109942,0.002143372,993.16,224,0.998545448
LAKE:VERNON 284,LAKE:VERNON 284,LAKE:Vernon 284,,,,,,,,,,0.678323032,0.032613534,0.007125383,0.276263714,0.007090061,1.03e-05,0.5377,0.9248,0.0752,0.7438,0.0776,0.0,0.014,0.1645,0.13209604,0.162441732,0.05799528,0.167757044,0.139593472,0.170946638,0.070407671,0.086408849,0.012353273,0.010580048,4.25e-06,0.010638189,2.94e-05,1.04e-06,1.06e-05,0.047544541,1.04e-06,0.051066274,0.015892115,0.036995842,0.135662495,0.12685119,0.135708961,0.137613762,0.291400286,,-0.439968177,,,,,0.219968799,641.0,47.1,136923,266.2774049,-1.820073009,,,-0.299808232,,,,-0.307441776,-0.869907523,mc_lake_2race,LAKE,Vernon 284,0,0,0,,0,1,0,491,327,218,224,168,112,0.47808,29.849352262160245,98,0.50072,30.145833090730545,99,0.01976,15.6860579987039,51,0.00058,5.913304099913887,19,0.00026,5.139961972305871,17,0.00038,6.7762001457980165,22,0.00022,3.286743973675352,11,LAKE:VERNON 284,LAKE:VERNON 284,LAKE:VERNON 284,1.3,87.52856338,1.036327835,1.036327835,1.036327835,1.036327835,6.253469606,1.036327835,1.036327835,21.728209074272606,21.203140418728818,10.754696680059661,3.981728950170628,3.789737427624218,5.79791668671297,2.6452387073080983,29.581145594051495,29.901201076744655,15.650028251481135,5.868174131172344,5.0416007221550565,6.667921331967526,3.2471815633210035,19.461933460464014,22.692490735740552,14.05868294103904,7.247184742367078,3.4914262849725723,0.006613098617104296,0.009222405064619707,1.0,0.3,0.2,1.0,1.0,1.0,1.0,1.4,1.0,299.9627657,299.7595389,0.406453612,0.203226806,0.203226806,0.001355014,0.000677507,0.000677507,1187.74,327,1.0
LAKE:VERNON 285,LAKE:VERNON 285,LAKE:Vernon 285,,,,,,,,,,0.71082227,0.021013324,0.004786025,0.249076938,0.007633155,0.001909144,0.522,0.9482,0.0518,0.7038,0.0467,0.0,0.0314,0.2181,0.080512825,0.19712054,0.057115957,0.140729488,0.137615412,0.186607275,0.110186193,0.086063347,0.004048962,0.004829375,1.99e-05,0.004816229,0.021536358,0.0,2.27e-05,0.016749567,0.0,0.019132622,0.033508022,0.016781268,0.067018347,0.059812199,0.081401063,0.286854929,0.387517429,,-0.317394124,,,,,0.20233463,514.0,50.3,180394,200.0052383,-1.297886186,,,-0.355908081,,,,-0.375020201,-0.709149871,mc_lake_2race,LAKE,Vernon 285,0,0,0,,0,1,0,359,239,159,169,127,85,0.47366,29.814061243675372,71,0.50382,30.20678929879056,72,0.02054,15.685641375589054,37,0.00082,5.902845605818638,14,0.00046,5.089818700223184,12,0.00054,6.775312372408263,16,0.00016,3.2917942873368093,8,LAKE:VERNON 285,LAKE:VERNON 285,LAKE:VERNON 285,1.3,85.66185819,1.369673129,1.369673129,1.369673129,1.369673129,6.120103037,1.369673129,1.369673129,21.728511468996153,21.20360802401684,10.75502027278697,3.9817491343293527,3.789785842395533,5.797218413654611,2.6443094906192184,29.581603150740793,29.901902053750305,15.650509670552005,5.868211890230462,5.04154807303876,6.667224272428964,3.2462535601519207,19.46223585518756,22.692958341028575,14.059006533766349,7.247204926525803,3.4914746997438875,0.005914825558745712,0.008293188375740177,1.0,0.3,0.2,1.0,1.0,1.0,1.0,1.4,1.0,344.3873712,344.154157,0.466428401,0.233214201,0.233214201,0.001354371,0.000677186,0.000677186,1317.3,239,1.0
LAKE:VERNON 288,LAKE:VERNON 288,LAKE:Vernon 288,,,,,,,,,,0.758610864,0.039318736,0.009838559,0.185973176,0.005365239,0.000892943,0.4864,0.9879,0.0121,0.7181,0.0412,0.0,0.021,0.2024,0.190638032,0.10500403,0.077888161,0.143827505,0.16848416,0.135961548,0.117669334,0.049352945,0.011174287,0.014150726,0.0,1.52e-05,0.007087964,3.11e-06,0.007074713,3.49e-05,0.018833284,3.75e-05,0.075389746,0.023590043,0.070849553,0.12731323,0.132070583,0.261680053,0.261869364,,-0.33036918,,,,,0.16254417,566.0,46.4,154500,232.6955447,-1.353162186,,,-0.482494076,,,,-0.371266614,-0.808994617,mc_lake_2race,LAKE,Vernon 288,0,0,0,,0,1,0,405,270,180,188,141,94,0.4769,29.81869675439155,81,0.50132,30.17102920456893,81,0.01996,15.677287298671594,42,0.0006,5.919556338755565,16,0.00054,5.109247935813699,14,0.00048,6.702225609042017,18,0.0002,3.2614828688215596,9,LAKE:VERNON 288,LAKE:VERNON 288,LAKE:VERNON 288,1.3,86.88578458,1.151111513,1.151111513,1.151111513,1.151111513,6.207546338,1.151111513,1.151111513,21.729213363353345,21.20469339187382,10.755771370248802,3.9823537716406303,3.7898982188761554,5.795901498529802,2.642291210933382,29.58231561979161,29.903117224181784,15.65137457482129,5.868969786168009,5.041363117102245,6.6658922128331675,3.2442201359950964,19.462937749544757,22.694043708885555,14.05975763122818,7.24780956383708,3.49158707622451,0.004597910433936767,0.006274908689903587,1.0,0.3,0.2,1.0,1.0,1.0,1.0,1.4,1.0,308.8692923,307.8478332,1.787413978,1.276646814,0.510767165,0.005786959,0.004133291,0.001653668,1240.4,270,0.999472718
LAKE:VERNON 289,LAKE:VERNON 289,LAKE:Vernon 289,,,,,,,,,,0.732598684,0.033728493,0.020004149,0.211514432,0.003170505,0.002102848,0.4511,0.9343,0.0657,0.7321,0.0663,0.0,0.002,0.166,0.110105233,0.136427946,0.131850908,0.09955368,0.121676375,0.160027534,0.154861673,0.064326193,0.021170457,0.036241157,0.000100683,0.010323377,0.020656743,0.000114704,0.020825452,6.5e-05,4.06e-05,0.000111138,0.095795879,0.03391416,0.119250418,0.178909728,0.096413341,0.248909874,0.138327719,,-0.187988716,,,,,0.238095238,504.0,50.6,122715,196.4390231,-0.746596601,,,-0.242142316,,,,-0.396272758,-0.431312673,mc_lake_2race,LAKE,Vernon 289,0,0,0,,0,1,0,339,226,151,160,120,80,0.15222,24.1018975946661,54,0.81268,33.73013247698376,76,0.03344,17.6970853142772,40,0.00096,7.1814944917326775,16,0.0001,4.0065078931657085,9,0.00046,6.641127997277499,15,0.00014,3.1850440458649403,7,LAKE:VERNON 289,LAKE:VERNON 289,LAKE:VERNON 289,1.3,80.7928178,2.239157878,2.239157878,2.239157878,2.239157878,5.772234925,2.239157878,2.239157878,18.948214085336232,25.596591148376,13.294460501620517,5.476369772003244,3.2612587081739854,5.796788474766741,2.6432694936927112,23.939955514287963,33.515659028181105,17.651002704654132,7.147364975721382,3.989308476308679,6.56777137102781,3.1461906007121287,16.681938471527644,27.085941465387734,16.598446762599895,8.741825564199694,2.96294756552234,0.005484886670875398,0.007253191449232885,1.0,0.3,0.2,1.0,1.0,1.0,1.0,1.4,1.0,435.6764414,434.2719369,2.310668148,1.608302199,0.702365949,0.005303633,0.003691506,0.001612127,1588.32,218,0.99461338
LAKE:VERNON 290,LAKE:VERNON 290,LAKE:Vernon 290,,,,,,,,,,0.664209438,0.035629097,0.024587498,0.264554884,0.000852638,1.71e-06,0.4976,0.9202,0.0798,0.7636,0.0389,0.0,0.0,0.1975,0.099926421,0.115488162,0.0680839,0.116110571,0.103663076,0.165402861,0.17910287,0.116038176,0.036183962,0.016323326,6.86e-08,0.030967074,0.00164454,2.07e-07,1.5e-05,3.43e-07,9.69e-06,3.86e-06,0.009869699,0.06521481,0.166323525,0.143567191,0.161449726,0.127383692,0.277227273,,-0.41447648,,,,,0.18907563,476.0,55.1,135229,197.6277615,-1.711473938,,,-0.39808914,,,,-0.426509852,-0.890608439,mc_lake_2race,LAKE,Vernon 290,0,0,0,,0,1,0,357,238,159,165,124,83,0.47818,29.878667396241255,71,0.49874,30.09500277328452,72,0.0215,15.72192338329767,37,0.0006,5.920517582370804,14,0.00056,5.141116824424785,12,0.0003,6.741557851386087,16,0.00012,3.2462442519163104,8,LAKE:VERNON 290,LAKE:VERNON 290,LAKE:VERNON 290,1.3,87.7310235,1.000173691,1.000173691,1.000173691,1.000173691,6.26793435,1.000173691,1.000173691,21.739837303086283,21.21071312161643,10.743812415296707,3.9698417251469618,3.7868171596294182,5.798151341863663,2.645082618703817,29.60043736978369,29.915171155128405,15.636288557773803,5.852083804953858,5.0378227614192,6.66828976711788,3.247159254716382,19.473561689277695,22.700063438628163,14.047798676276086,7.235297517343412,3.4885060169777726,0.006847753767797893,0.009066316460338484,1.0,0.3,0.2,1.0,1.0,1.0,1.0,1.4,1.0,599.3371113,597.3542034,3.470130345,2.478607189,0.991523156,0.005789947,0.004135581,0.001654366,1887.49,238,0.999982301
LAKE:WAUCONDA 344,LAKE:WAUCONDA 344,LAKE:Wauconda 344,,,,,,,,,,0.813728467,0.129582832,0.010987838,0.019934476,0.02522141,0.000261067,0.1477,0.928,0.072,0.8659,0.0337,0.0,0.0001,0.1002,0.134155952,0.113170278,0.141440466,0.10553964,0.146426824,0.109209885,0.146780236,0.088137222,0.015139495,2.81e-05,0.01451843,0.004663022,0.060118728,0.043762468,0.014099697,0.006442033,0.010530054,0.085300171,0.038027671,0.08818495,0.25816869,0.1062715,0.060236216,0.172328112,0.037320172,,0.01667638,,,,,0.094412331,519.0,47.3,88007,226.454668,0.125312369,,,-0.699242931,,,,-0.911906975,-0.390034693,mc_lake_2race,LAKE,Wauconda 344,0,0,0,,0,1,0,284,189,126,135,102,68,0.15404,24.074264162019425,46,0.81124,33.76599658421695,64,0.03284,17.708572305329636,33,0.00102,7.1755395545624046,14,0.0002,4.046747121257853,8,0.00048,6.567340399763752,12,0.00018,3.1944372276170974,6,LAKE:WAUCONDA 344,LAKE:WAUCONDA 344,LAKE:WAUCONDA 344,1.3,79.83677064,2.409883188,2.409883188,2.409883188,2.409883188,5.70393023,2.409883188,2.409883188,18.9503450025083,25.59988627246518,13.296740797028097,5.476909426088371,3.2615998777101707,5.792084378081934,2.6368201946899625,23.942882537559065,33.52020437163019,17.654128894850373,7.148127942824212,3.9890907403698286,6.563072078146576,3.1397461055129545,16.68406938869971,27.089236589476915,16.600727058007475,8.74236521828482,2.963288735058525,0.0007807899860679244,0.0008038924464843226,1.0,0.3,0.2,1.0,1.0,1.0,1.0,1.4,1.0,61.82461161,61.56360651,0.828615528,0.404825459,0.423790069,0.013402681,0.006547966,0.006854715,1429.55,165,0.981934635
LAKE:WAUCONDA 346,LAKE:WAUCONDA 346,LAKE:Wauconda 346,,,,,,,,,,0.782743149,0.130001845,0.023075681,0.042549243,0.017629067,0.00089834,0.2692,0.7653,0.2347,0.851,0.0049,0.0,0.0004,0.1389,0.071724712,0.099079046,0.169140026,0.108897515,0.125366964,0.159230133,0.148989106,0.046460171,0.071112327,0.002478327,0.066397106,0.023479583,0.016939554,0.035040399,0.008491632,0.054223466,0.020209199,0.016959569,0.043522224,0.075322933,0.153530993,0.122429065,0.082911711,0.099502882,0.178561357,,0.046163933,,,,,0.131513648,403.0,50.1,97298,189.009408,0.250934483,,,-0.581211947,,,,-0.719916893,-0.269157036,mc_lake_2race,LAKE,Wauconda 346,0,0,0,,0,1,0,242,161,107,148,111,74,0.15448,24.08059489855113,39,0.8094,33.73760893401707,54,0.03442,17.677953191015877,28,0.00088,7.194786589693702,12,8e-05,4.073902394538849,7,0.00054,6.659623418530764,11,0.0002,3.1880976207067606,5,LAKE:WAUCONDA 346,LAKE:WAUCONDA 346,LAKE:WAUCONDA 346,1.3,76.60493673,2.987005183,2.987005183,2.987005183,2.987005183,5.473032174,2.987005183,2.987005183,18.95009346160419,25.599497304511182,13.296471622995437,5.477432301618908,3.2615596048667617,5.792959210355053,2.637727187015557,23.94225682471578,33.51920810956376,17.653481071558716,7.148674710097188,3.989066669737177,6.563929548900865,3.1406357363197186,16.6838178477956,27.088847621522916,16.600457883974816,8.742888093815358,2.963248462215116,0.0016556222591881309,0.0017108847720788344,1.0,0.3,0.2,1.0,1.0,1.0,1.0,1.4,1.0,169.1890371,168.2349707,2.023543843,0.865579837,1.157964006,0.011960254,0.005116052,0.006844202,670.75,161,0.999488913
LAKE:WAUCONDA 347,LAKE:WAUCONDA 347,LAKE:Wauconda 347,,,,,,,,,,0.810402597,0.114911212,0.018019415,0.036555349,0.018873315,0.000913346,0.3403,0.8716,0.1284,0.7434,0.0085,0.0,0.0001,0.2453,0.059311406,0.096925722,0.188146491,0.100526423,0.123421816,0.163862632,0.146473344,0.050449354,0.07088281,0.011049738,0.062624183,0.029203033,0.012477894,0.026844097,0.009580503,0.071457294,0.015231164,0.031920462,0.052991193,0.081476146,0.115117764,0.107297197,0.088803781,0.072837602,0.211087946,,0.00424703,,,,,0.040685225,467.0,50.0,95662,204.4630074,0.072361173,,,-0.87016579,,,,-0.578551308,-0.516718179,mc_lake_2race,LAKE,Wauconda 347,0,0,0,,0,1,0,267,178,119,155,117,78,0.47162,29.80313949102826,53,0.50614,30.166968308901033,54,0.02058,15.721026168672768,28,0.00068,5.917323605300175,11,0.00036,5.089586810764055,9,0.0005,6.74637657533598,12,0.00012,3.304232398667263,6,LAKE:WAUCONDA 347,LAKE:WAUCONDA 347,LAKE:WAUCONDA 347,1.3,82.55984579,1.923612357,1.923612357,1.923612357,1.923612357,5.898480066,1.923612357,1.923612357,21.730875317035853,21.20726333860197,10.75754982761894,3.9835841615536998,3.7901643052235987,5.7926736436130986,2.6374623112772406,29.58412875668169,29.906143118528313,15.653513604475691,5.870522453809717,5.040947891534776,6.662634983720262,3.2393618621427533,19.46459970322726,22.696613655613703,14.061536088598318,7.24903995375015,3.491853162571953,0.001370055517233563,0.0014460090337623133,1.0,0.3,0.2,1.0,1.0,1.0,1.0,1.4,1.0,537.3936716,534.2417828,6.302276666,2.626666935,3.675609731,0.011727486,0.004887789,0.006839697,1714.45,178,0.999877325
LAKE:WAUCONDA 350,LAKE:WAUCONDA 350,LAKE:Wauconda 350,,,,,,,,,,0.658499956,0.278134783,0.012604908,0.027438147,0.041552675,0.001003773,0.259,0.7469,0.2531,0.8743,0.0213,0.0,0.0239,0.0558,0.100035171,0.119671753,0.149695802,0.094329541,0.116292044,0.143539262,0.169674085,0.083811183,0.02295116,0.029808338,0.015284498,0.0260027,0.047575556,0.014436039,0.032339475,0.044927576,0.024865628,0.077222302,0.087268363,0.072891156,0.148815067,0.085040007,0.081339765,0.097051927,0.115131605,,0.120983647,,,,,-0.031847134,471.0,51.1,79599,219.9166068,0.569679501,,,-1.100914085,,,,-0.453778867,-0.47444149,mc_lake_2race,LAKE,Wauconda 350,0,0,0,,0,1,0,285,190,127,197,148,99,0.47666,29.79282294643536,57,0.50254,30.129817247628804,57,0.01904,15.705187906981955,30,0.00054,5.902115120973796,11,0.00046,5.138910208760553,10,0.0006,6.7662749298089135,13,0.00016,3.3366556709472253,6,LAKE:WAUCONDA 350,LAKE:WAUCONDA 350,LAKE:WAUCONDA 350,1.3,81.71916733,2.073735799,2.073735799,2.073735799,2.073735799,5.838417876,2.073735799,2.073735799,21.73097672640408,21.207420152041973,10.757658345828697,3.983344561587134,3.7901805413249248,5.792305262897105,2.6370895012780258,29.584436600563475,29.90656011848023,15.653786590745941,5.870239087337881,5.040957939707003,6.662274942459703,3.2389973915989723,19.46470111259549,22.696770469053707,14.061644606808075,7.248800353783584,3.491869398673279,0.001001674801239593,0.001073199034547597,1.0,0.3,0.2,1.0,1.0,1.0,1.0,1.4,1.0,194.9235684,194.6788979,0.729770001,0.353493825,0.376276175,0.003743878,0.0018135,0.001930378,1163.74,0,0.042612954
LAKE:WAUCONDA 353,LAKE:WAUCONDA 353,LAKE:Wauconda 353,,,,,,,,,,0.797938625,0.153130829,0.007189063,0.026417314,0.019692046,0.001857111,0.2861,0.8855,0.1145,0.7622,0.0227,0.0,0.0,0.1928,0.051834093,0.09867411,0.218981097,0.097655097,0.095204439,0.18935418,0.143164769,0.071440415,0.033691798,0.033153546,0.01548879,0.0176183,0.03712591,0.001494275,0.006586455,0.058555515,0.000575617,0.068439412,0.044836757,0.10177954,0.114020799,0.034061186,0.090044721,0.066659594,0.309559582,,-0.1082164,,,,,-0.088082902,386.0,50.1,100239,168.5036703,-0.406752635,,,-1.279817789,,,,-0.609477493,-0.952418356,mc_lake_2race,LAKE,Wauconda 353,0,0,0,,0,1,0,219,146,97,140,105,70,0.47496,29.80142954988365,44,0.5022,30.104174630838575,44,0.02132,15.681231740036477,23,0.0005,5.927488774374014,9,0.00042,5.162746164184454,8,0.00038,6.75978725978058,10,0.00022,3.2398507135038375,5,LAKE:WAUCONDA 353,LAKE:WAUCONDA 353,LAKE:WAUCONDA 353,1.3,88.29146233,0.900093804,0.900093804,0.900093804,0.900093804,6.307974846,0.900093804,0.900093804,21.73098808098738,21.207437710097,10.757670496373308,3.98306180844287,3.7901823592453816,5.792124598080816,2.636984191634091,29.584631461016688,29.90679579443099,15.653933026399017,5.869899841197983,5.040987840490619,6.662103451523142,3.238901255834765,19.46471246717879,22.696788027108735,14.061656757352686,7.24851760063932,3.491871216593736,0.000821009984950411,0.0009678893906123957,1.0,0.3,0.2,1.0,1.0,1.0,1.0,1.4,1.0,165.1095495,164.5220924,1.295973112,0.630782993,0.665190119,0.007849171,0.003820391,0.00402878,505.15,146,0.999397877
LAKE:WAUCONDA 354,LAKE:WAUCONDA 354,LAKE:Wauconda 354,,,,,,,,,,0.866382488,0.084338298,0.011622055,0.014500385,0.032451874,0.001006867,0.2152,0.7102,0.2898,0.8584,0.022,0.0,0.0,0.1,0.069527415,0.116268674,0.17935497,0.090223526,0.120229715,0.167355009,0.153489149,0.081863889,0.021687651,0.028536088,0.021245068,0.031741277,0.041924257,0.001026065,0.009894787,0.065577197,0.017592024,0.084334778,0.087800321,0.103683527,0.104027311,0.050412927,0.090285019,0.077863338,0.184056016,,-0.169280498,,,,,-0.067641682,547.0,50.3,76597,217.5391299,-0.666896332,,,-1.214787825,,,,-0.87147544,-1.009328515,mc_lake_2race,LAKE,Wauconda 354,0,0,0,,0,1,0,275,183,122,177,133,89,0.47736,29.80382160721745,55,0.50058,30.071031321361115,55,0.02046,15.679205295830767,29,0.00072,5.909124126756884,11,0.00036,5.1404285750891985,9,0.00028,6.751122540468324,12,0.00024,3.285706844889167,6,LAKE:WAUCONDA 354,LAKE:WAUCONDA 354,LAKE:WAUCONDA 354,1.3,88.75399977,0.817496574,0.817496574,0.817496574,0.817496574,6.341020788,0.817496574,0.817496574,21.731120631329148,21.20764267809384,10.757812338552618,3.983361106271934,3.7902035811582815,5.7919767459412235,2.636649025172625,29.58464999479285,29.906888575809774,15.654012546914949,5.870265396076404,5.040932107893774,6.661946779707851,3.2385572696976004,19.46484501752056,22.696992995105575,14.061798599531997,7.248816898468384,3.491892438506636,0.0006731578453584052,0.0006327229291467146,1.0,0.3,0.2,1.0,1.0,1.0,1.0,1.4,1.0,503.3720963,502.6562165,2.14354136,1.426425995,0.717115365,0.004258363,0.002833741,0.001424623,2310.83,183,0.999573605
MCHENRY:ALG 1,MCHENRY:ALGONQUIN ALG 01,MCHENRY:ALG 1,,,,,,,,,,0.878194034,0.073337393,0.010652173,0.013891911,0.017400601,2.15e-05,0.3115,0.933,0.067,0.7972,0.0089,0.0,0.0,0.1592,0.11181341,0.105802915,0.099006804,0.171411433,0.125792481,0.133984968,0.112246413,0.084982153,0.054959422,0.025922451,0.000120882,0.010125074,0.000746072,0.01618411,0.03655653,0.016071568,0.053258086,0.035886719,0.076043686,0.112963815,0.20330819,0.043503307,0.085393345,0.093905598,0.190010565,,-0.143690598,,,,,-0.024734982,566.0,47.9,89279,234.1814677,-0.557878899,,,-1.078288088,,,,-0.685449194,-0.883134642,mc_lake_2race,MCHENRY,ALG 1,0,0,0,,0,0,1,227,151,101,96,72,48,0.47732,29.80309228848884,45,0.50124,30.17689722595564,46,0.01954,15.742928350845586,24,0.00064,5.937357110849519,9,0.0004,5.077780777725953,8,0.00048,6.763337688262992,10,0.00038,3.320561984071371,5,MCHENRY:ALG 1,MCHENRY:ALGONQUIN ALG 01,MCHENRY:ALG 1,1.0,87.65882012,1.01306735,1.01306735,1.01306735,1.01306735,6.262775786,1.01306735,1.01306735,21.731127399300718,21.207653143684173,10.757819580961984,3.9833127351921025,3.7902046647413283,5.791934520999911,2.6366161015072445,29.584690833233697,29.90694031706714,15.65404542605728,5.870207576489808,5.04093641901194,6.661906153883826,3.238525945149508,19.46485178549213,22.697003460695907,14.061805841941363,7.2487685273885525,3.4918935220896827,0.000630932904046051,0.0005997992637658825,1.0,0.3,0.2,1.0,1.0,1.0,1.0,1.4,1.0,558.7805264,556.7753811,5.480320063,2.780282316,2.700037748,0.009807643,0.004975625,0.004832018,1366.05,151,0.998628763
MCHENRY:ALG 10,MCHENRY:ALGONQUIN ALG 10,MCHENRY:ALG 10,,,,,,,,,,0.787510229,0.116991103,0.032630092,0.048375928,0.013166802,0.0,0.291,0.3788,0.6212,0.8641,0.0112,0.0,0.0011,0.0886,0.106839573,0.142799521,0.147553169,0.137896616,0.178844155,0.102798888,0.074876718,0.067000623,0.041390737,0.023440289,0.051044466,0.002804416,0.014666822,0.011452194,0.028512442,0.036326757,0.003930253,0.108413267,0.107819366,0.171476323,0.099940653,0.180632785,0.048313539,0.051330324,0.059896106,,0.000959185,,,,,0.188811189,429.0,43.8,69761,210.703884,0.05835438,,,-0.39893041,,,,-0.536550389,-0.227448614,mc_lake_2race,MCHENRY,ALG 10,0,0,0,,0,0,1,86,57,38,136,102,68,0.14334,23.692055664228505,14,0.80474,33.37564914901422,19,0.0504,18.823211357485615,11,0.00068,6.669973745082706,4,0.00022,4.167344857654911,2,0.00046,6.563631288614132,4,0.00016,3.1631148441105523,2,MCHENRY:ALG 10,MCHENRY:ALGONQUIN ALG 10,MCHENRY:ALG 10,1.0,75.32612106,3.215368604,3.215368604,3.215368604,3.215368604,5.381667314,3.215368604,3.215368604,18.950028652198327,25.866948489130813,14.465778374146549,5.241414218087234,3.408705233876349,5.793371289422915,2.638045988476427,23.545021061697774,33.21942645595899,18.792643066269576,6.630858548376921,4.111616466362438,6.540537081207833,3.1171499910196943,16.68375303838974,27.356298806142547,17.769764635125927,8.506870010283684,3.1103940912247032,0.002067701327049328,0.002029686232948303,1.0,0.3,0.2,1.0,1.0,1.0,1.0,1.4,1.0,117.1493952,116.6935322,1.313507516,0.412071327,0.901436189,0.011212243,0.003517486,0.007694758,1614.78,57,1.0
MCHENRY:ALG 11,MCHENRY:ALGONQUIN ALG 11,MCHENRY:ALG 11,,,,,,,,,,0.829040252,0.093045218,0.022757992,0.04236903,0.008517979,0.000327011,0.2776,0.9159,0.0841,0.89,0.0,0.0087,0.0,0.1013,0.053895607,0.262491602,0.053061882,0.042390499,0.238506333,0.150908543,0.121289205,0.033484509,0.04397182,0.005981713,3.88e-06,0.017381796,0.0,0.004791408,0.005381177,0.005384005,0.026955106,0.001807519,0.054479231,0.163282874,0.066367026,0.256745713,0.097388145,0.152745023,0.141305379,,-0.088170532,,,,,-0.006342495,473.0,48.3,114429,199.1136845,-0.321353744,,,-1.01977579,,,,-0.814010462,-0.757867523,mc_lake_2race,MCHENRY,ALG 11,0,0,0,,0,0,1,164,109,73,189,142,95,0.47582,29.825929769166333,33,0.5011,30.1122686165495,33,0.02158,15.732670491353224,17,0.00056,5.890738959477713,6,0.0005,5.155397658002207,6,0.0003,6.720774654522444,7,0.00014,3.3118666447046405,4,MCHENRY:ALG 11,MCHENRY:ALGONQUIN ALG 11,MCHENRY:ALG 11,1.0,86.28735273,1.257975972,1.257975972,1.257975972,1.257975972,6.164791433,1.257975972,1.257975972,21.73081065227167,21.207163344841085,10.757480629826217,3.9838053728074607,3.790153952100591,5.792945822213693,2.6377170336685762,29.583889573805425,29.905826686751,15.653308552907596,5.870785363058346,5.040933789356373,6.662899641400617,3.239609063613849,19.464535038463083,22.69651366185282,14.061466890805596,7.249261165003911,3.4918428094489453,0.0016422341178279028,0.001700731425097657,1.0,0.3,0.2,1.0,1.0,1.0,1.0,1.4,1.0,177.0971789,176.4619165,1.694348141,0.847226568,0.847121573,0.009567336,0.004783964,0.004783371,1377.71,109,0.999666954
MCHENRY:ALG 12,MCHENRY:ALGONQUIN ALG 12,MCHENRY:ALG 12,,,,,,,,,,0.856930305,0.079551683,0.014393593,0.040629225,0.014354221,8.23e-07,0.3294,0.9313,0.0687,0.8778,0.0131,0.0,0.0002,0.1069,0.110701089,0.153018437,0.134176494,0.10187541,0.116975326,0.241901315,0.126312774,0.012677905,0.002361251,0.002232689,0.00436906,0.002226266,0.002180759,0.019498134,0.004400934,0.002211557,0.00226063,0.013164761,0.011030164,0.05242705,0.151989935,0.085189886,0.268850222,0.186881908,0.191086044,,0.028915039,,,,,0.172866521,457.0,49.0,138652,189.009408,0.177451189,,,-0.449655424,,,,-0.84492526,-0.214490444,mc_lake_2race,MCHENRY,ALG 12,0,0,0,,0,0,1,179,119,79,209,157,105,0.15038,24.0744039854331,29,0.81366,33.7690365376336,40,0.03436,17.689724204429336,21,0.00072,7.170526953834129,9,0.0003,4.03766275869245,5,0.00044,6.641314856126633,8,0.00014,3.245342904106882,4,MCHENRY:ALG 12,MCHENRY:ALGONQUIN ALG 12,MCHENRY:ALG 12,1.0,74.91048076,3.289591218,3.289591218,3.289591218,3.289591218,5.351971934,3.289591218,3.289591218,18.950114817697028,25.599530328308113,13.296494476159825,5.476980531535176,3.261563024074408,5.792663013288664,2.6375489978157036,23.94250454389197,33.51961196266601,17.653729695641143,7.148186012983732,3.9891032812695464,6.563646489577709,3.1404706848630983,16.68383920388844,27.088880645319847,16.600480737139204,8.742436323731626,2.9632518814227624,0.0013594251927984808,0.0015326955722251678,1.0,0.3,0.2,1.0,1.0,1.0,1.0,1.4,1.0,300.4071873,299.4301109,2.608628649,1.29520261,1.313426039,0.008683643,0.00431149,0.004372153,1057.99,119,0.998919622
MCHENRY:ALG 13,MCHENRY:ALGONQUIN ALG 13,MCHENRY:ALG 13,,,,,,,,,,0.845950849,0.069314211,0.01042106,0.057636589,0.013088509,0.0,0.2899,0.9285,0.0715,0.7692,0.0172,0.0,0.006,0.2012,0.112024093,0.173833644,0.087112269,0.104330385,0.180236179,0.141818745,0.140114878,0.04009023,0.020439577,0.001664646,0.003238034,0.01869384,0.001183322,0.005290627,0.026839835,0.010429297,0.028285306,0.07833434,0.044941905,0.080257018,0.180861289,0.108189598,0.130289703,0.185926546,0.095574695,,-0.076333843,,,,,0.070754717,424.0,47.4,104617,190.495331,-0.270927387,,,-0.774505258,,,,-0.712967589,-0.585663556,mc_lake_2race,MCHENRY,ALG 13,0,0,0,,0,0,1,180,120,80,156,117,78,0.47706,29.845483121014926,36,0.49998,30.10432930695105,36,0.0212,15.671121278632386,19,0.00076,5.8968767251045024,7,0.00034,5.068930212248406,6,0.00044,6.765557565115843,8,0.00022,3.3022199728899264,4,MCHENRY:ALG 13,MCHENRY:ALGONQUIN ALG 13,MCHENRY:ALG 13,1.0,83.79925096,1.702286631,1.702286631,1.702286631,1.702286631,5.987029247,1.702286631,1.702286631,21.730640833339002,21.2069007469029,10.757298906511316,3.9830676654042785,3.7901267633166933,5.792942260092681,2.638058446801282,29.584087841893666,29.905969408245177,15.653367058288325,5.869891366860273,5.041045028285925,6.662918784926447,3.2399731823933964,19.46436521953041,22.696251063914634,14.061285167490695,7.2485234576007285,3.4918156206650477,0.0016386719968157003,0.0020421445578039225,1.0,0.3,0.2,1.0,1.0,1.0,1.0,1.4,1.0,328.7959737,327.7298971,2.842285382,1.420957084,1.421328299,0.008644526,0.004321699,0.004322828,1438.83,120,0.998521992
MCHENRY:ALG 14,MCHENRY:ALGONQUIN ALG 14,MCHENRY:ALG 14,,,,,,,,,,0.827200014,0.084554815,0.011293099,0.05749853,0.010697742,3.32e-07,0.2801,0.7989,0.2011,0.7581,0.017,0.0,0.0066,0.2042,0.111912358,0.176127726,0.080972817,0.108805789,0.197745471,0.110867893,0.137681641,0.048765984,0.027120322,0.004442512,0.00888713,0.020900741,0.002666517,0.002664494,0.032616914,0.016201599,0.030929261,0.098652463,0.061391205,0.097519674,0.178585216,0.121129263,0.085965067,0.169657802,0.067790142,,-0.075256798,,,,,0.154150198,506.0,46.8,92237,224.6715604,-0.266338987,,,-0.509197947,,,,-0.64257135,-0.418125837,mc_lake_2race,MCHENRY,ALG 14,0,0,0,,0,0,1,179,119,79,166,125,83,0.15294,24.033300978594873,29,0.81176,33.71250352747616,40,0.03328,17.71865527426952,21,0.00092,7.161659350523092,9,0.00024,4.05976795043754,5,0.0007,6.683011235674104,8,0.00016,3.2681093280997,4,MCHENRY:ALG 14,MCHENRY:ALGONQUIN ALG 14,MCHENRY:ALG 14,1.0,80.49499197,2.292341873,2.292341873,2.292341873,2.292341873,5.750956788,2.292341873,2.292341873,18.949927182766658,25.599240180766408,13.296293687937904,5.476725785574267,3.2615329828682054,5.792964336721797,2.6380654105639745,23.942345797727157,33.519374138014406,17.653552917449314,7.14789384760652,3.9891400389063705,6.5639533232944585,3.1409926078949857,16.683651568958066,27.088590497778142,16.600279948917283,8.742181577770717,2.9632218402165598,0.001660748625930947,0.0020491083204959757,1.0,0.3,0.2,1.0,1.0,1.0,1.0,1.4,1.0,258.6853258,257.833839,2.286763693,1.102982148,1.183781545,0.008839944,0.004263799,0.004576145,1414.2,119,1.0
MCHENRY:ALG 15,MCHENRY:ALGONQUIN ALG 15,MCHENRY:ALG 15,,,,,,,,,,0.726983847,0.090407722,0.037677456,0.135062252,0.008142988,0.000919063,0.2829,0.7511,0.2489,0.782,0.0039,0.0,0.0,0.1978,0.104662529,0.128457723,0.15575725,0.115570249,0.160237544,0.151476073,0.081954397,0.089405221,0.012479016,4.32e-06,0.001852125,0.044550937,0.032312812,0.062491753,0.033822411,0.024288204,0.026112172,6.72e-05,0.031549889,0.090010514,0.099194113,0.066917741,0.101985813,0.25400991,0.13083008,,-0.059337281,,,,,0.006289308,477.0,45.6,120078,211.0010686,-0.198519071,,,-0.979590043,,,,-0.544507172,-0.686688429,mc_lake_2race,MCHENRY,ALG 15,0,0,0,,0,0,1,87,58,39,208,156,104,0.47338,29.81934541719567,17,0.50374,30.191010502913073,18,0.02134,15.695780246384627,9,0.00056,5.862948683846344,3,0.00036,5.1287225119606346,3,0.0005,6.726289606862135,4,0.00012,3.3127770161103487,2,MCHENRY:ALG 15,MCHENRY:ALGONQUIN ALG 15,MCHENRY:ALG 15,1.0,85.35389919,1.424666646,1.424666646,1.424666646,1.424666646,6.098100936,1.424666646,1.424666646,21.729779638471385,21.20556904617283,10.756377341502876,3.9841060252359464,3.7899888820994407,5.795527854452223,2.640976964052181,29.582098003765775,29.903163923754768,15.651499914699698,5.871100535261065,5.04107169700732,6.665465638023135,3.242852958381442,19.463504024662793,22.694919363184564,14.060363602482255,7.249561817432396,3.491677739447795,0.004224266356356815,0.004960661808702486,1.0,0.3,0.2,1.0,1.0,1.0,1.0,1.4,1.0,310.5017297,309.7938552,1.900913334,0.347233437,1.553679898,0.00612207,0.001118298,0.005003772,1036.32,58,0.99841853
MCHENRY:ALG 16,MCHENRY:ALGONQUIN ALG 16,MCHENRY:ALG 16,,,,,,,,,,0.761044665,0.11581075,0.034454993,0.075635439,0.014980591,0.00519148,0.3532,0.9567,0.0433,0.7797,0.0172,0.0,0.0,0.2,0.093344025,0.134769738,0.113033318,0.136396702,0.12521985,0.175057999,0.099034954,0.104271587,0.018871827,0.015549037,0.011661778,0.06236511,0.018194956,0.038983173,0.006631458,0.009138136,0.024813891,0.000372305,0.088366519,0.04443915,0.086380279,0.130059244,0.093756636,0.223798681,0.145489646,,0.09020731,,,,,0.203463203,462.0,48.8,117896,228.8321449,0.438566943,,,-0.352317735,,,,-0.541434188,-0.055735981,mc_lake_2race,MCHENRY,ALG 16,0,0,0,,0,0,1,119,79,53,236,177,118,0.15178,24.06001010891885,19,0.8146,33.854431810856425,27,0.03218,17.69000471484888,14,0.00058,7.1935039156808624,6,0.00018,4.028467371617599,3,0.0006,6.64495998410429,5,8e-05,3.220963166990713,3,MCHENRY:ALG 16,MCHENRY:ALGONQUIN ALG 16,MCHENRY:ALG 16,1.0,69.06324482,4.333756408,4.333756408,4.333756408,4.333756408,4.934216737,4.333756408,4.333756408,18.949725448453506,25.59892823077437,13.296077811960252,5.477861755136271,3.2615006842866596,5.794056336391536,2.6389708090358095,23.941501669267048,33.518013518027864,17.652692767812386,7.149110356205423,3.989059914436627,6.565010880870615,3.141863564273236,16.683449834644918,27.088278547786103,16.60006407293963,8.74331754733272,2.963189541635014,0.0027527482956708847,0.00295450679233106,1.0,0.3,0.2,1.0,1.0,1.0,1.0,1.4,1.0,181.6555223,181.1564178,1.165677523,0.004401723,1.161275801,0.006416967,2.42e-05,0.006392736,1232.99,79,1.0
MCHENRY:ALG 17,MCHENRY:ALGONQUIN ALG 17,MCHENRY:ALG 17,,,,,,,,,,0.733359108,0.097546979,0.035137264,0.122799599,0.009180528,0.001045116,0.2755,0.7404,0.2596,0.7777,0.0043,0.0,0.0,0.2004,0.121372027,0.131458169,0.138717412,0.099478566,0.150726467,0.156687595,0.071219704,0.086078,0.044262061,0.006305585,0.005407107,0.048053139,0.036052432,0.090204408,0.016394577,0.020313303,0.031502843,0.0,0.034386663,0.053141342,0.152852233,0.07484956,0.104705034,0.182089861,0.143741912,,-0.061601977,,,,,0.189320388,412.0,47.3,101799,202.6798997,-0.208167071,,,-0.397310487,,,,-0.545667249,-0.326381706,mc_lake_2race,MCHENRY,ALG 17,0,0,0,,0,0,1,152,101,67,204,153,102,0.1535,24.064355353195175,24,0.80994,33.74787355476785,34,0.03464,17.69362531840698,18,0.00102,7.206113783817155,7,0.00026,4.071853043980435,4,0.00046,6.6301533246206885,7,0.00018,3.1885860852287866,3,MCHENRY:ALG 17,MCHENRY:ALGONQUIN ALG 17,MCHENRY:ALG 17,1.0,78.21918065,2.698742946,2.698742946,2.698742946,2.698742946,5.588361672,2.698742946,2.698742946,18.949200848069687,25.598117019815735,13.295516436857678,5.477647092295221,3.2614166933779662,5.795169849927403,2.640538211846181,23.94082016109548,33.51695864120445,17.651962033472017,7.148833709130837,3.9891204464520555,6.566125553430616,3.1434321261077427,16.682925234261095,27.08746733682747,16.599502697837057,8.743102884491671,2.9631055507263206,0.00386626183153723,0.004521909602702322,1.0,0.3,0.2,1.0,1.0,1.0,1.0,1.4,1.0,417.1206347,416.1280559,2.57987388,0.365340081,2.214533799,0.006184959,0.000875862,0.005309097,1412.96,101,1.0
MCHENRY:ALG 18,MCHENRY:ALGONQUIN ALG 18,MCHENRY:ALG 18,,,,,,,,,,0.743186574,0.061714574,0.035655088,0.144678005,0.009137996,1.86e-06,0.365,0.8565,0.1435,0.7925,0.0,0.0,0.0,0.2075,0.131813749,0.075526921,0.139384977,0.177592799,0.126958339,0.155632501,0.088808772,0.069321269,0.034960674,0.003101315,0.006453321,0.011631673,0.007727365,0.017567688,0.045177504,0.025303912,0.002597054,3.6e-06,0.002634961,0.121555429,0.103213475,0.0893649,0.073242986,0.325699902,0.164724914,,-0.025422833,,,,,0.102880658,486.0,45.1,146732,247.2575903,-0.054037613,,,-0.672302514,,,,-0.5616784,-0.440453176,mc_lake_2race,MCHENRY,ALG 18,0,0,0,,0,0,1,180,120,80,240,180,120,0.15232,24.005617224785205,29,0.8115,33.78263274795135,41,0.03442,17.642381634704503,21,0.00088,7.223942356807836,9,0.00022,4.058668187344273,5,0.00044,6.640194423983415,8,0.00022,3.1633922095362657,4,MCHENRY:ALG 18,MCHENRY:ALGONQUIN ALG 18,MCHENRY:ALG 18,1.0,80.99517691,2.203021773,2.203021773,2.203021773,2.203021773,5.786692452,2.203021773,2.203021773,18.94895749760643,25.597740717074313,13.295256027419402,5.477558228234077,3.2613777318614106,5.79569222027371,2.6412679561523866,23.94049890718552,33.51646091124268,17.651617970200064,7.14871700931443,3.9891476169187143,6.566648154697385,3.1441621013344108,16.682681883797837,27.087091034086047,16.59924228839878,8.743014020430527,2.963066589209765,0.004388632177844538,0.005251653908908112,1.0,0.3,0.2,1.0,1.0,1.0,1.0,1.4,1.0,623.5850041,622.8242863,3.42250091,2.281261298,1.141239612,0.005488427,0.0036583,0.001830127,1600.78,120,0.999566719
MCHENRY:ALG 19,MCHENRY:ALGONQUIN ALG 19,MCHENRY:ALG 19,,,,,,,,,,0.787096985,0.103962846,0.026930182,0.069706472,0.01443732,0.000602657,0.2477,0.7542,0.2458,0.8384,0.0036,0.0,0.0,0.1233,0.156129571,0.077107832,0.102733599,0.142007921,0.095981412,0.188679945,0.082743699,0.050649496,0.103966526,0.014491074,0.020644941,0.018909217,0.00400486,0.055026745,4.13e-05,0.03593464,0.015502475,3.05e-05,0.013862046,0.045723854,0.172469774,0.101907198,0.091171844,0.203404381,0.206875163,,0.01248232,,,,,0.0,366.0,51.7,125398,174.744547,0.107444943,,,-0.999598314,,,,-0.735428845,-0.584457093,mc_lake_2race,MCHENRY,ALG 19,0,0,0,,0,0,1,146,97,65,214,161,107,0.4755,29.836985988180963,29,0.50306,30.125903353157824,29,0.01998,15.742181480788508,15,0.00044,5.954084638537182,6,0.0004,5.06797843830821,5,0.00048,6.711634753248413,7,0.00014,3.3022447651198696,3,MCHENRY:ALG 19,MCHENRY:ALGONQUIN ALG 19,MCHENRY:ALG 19,1.0,83.77888093,1.705924192,1.705924192,1.705924192,1.705924192,5.985573912,1.705924192,1.705924192,21.73050658171119,21.206693148138097,10.757155243785062,3.9838819146427493,3.7901052690201564,5.793700718400369,2.63867545259886,29.583368796488628,29.905050327228125,15.652780631057603,5.870863744772812,5.040975828572703,6.663650198908243,3.2405631438650833,19.464230967902598,22.69604346514983,14.061141504764441,7.249337706839199,3.491794126368511,0.002397130304503229,0.0026591503553813536,1.0,0.3,0.2,1.0,1.0,1.0,1.0,1.4,1.0,217.2476196,216.9828073,1.193102699,0.794017709,0.399084991,0.005491902,0.003654897,0.001837005,1249.23,97,1.0
MCHENRY:ALG 2,MCHENRY:ALGONQUIN ALG 02,MCHENRY:ALG 2,,,,,,,,,,0.842105889,0.10513314,0.009878244,0.012806724,0.029006288,7.15e-07,0.3101,0.9366,0.0634,0.7488,0.0263,0.0,0.0001,0.2081,0.134965386,0.157165114,0.108051343,0.171417952,0.113486578,0.108617588,0.099898646,0.060574871,0.045822522,0.027230151,0.012723528,0.006823858,0.008935761,0.045281012,0.014269463,0.021995242,0.028119875,0.024408925,0.09071513,0.121604908,0.142984854,0.144780664,0.099124603,0.082834786,0.128167239,,-0.028280601,,,,,0.079086116,569.0,44.7,92116,229.7236987,-0.066212203,,,-0.748000452,,,,-0.596008356,-0.492329858,mc_lake_2race,MCHENRY,ALG 2,0,0,0,,0,0,1,255,170,113,112,84,56,0.46116,29.310639226168078,50,0.5074,29.885396065423187,51,0.03004,16.80259002215916,29,0.00038,5.41269375395782,9,0.00044,5.156450388958827,9,0.00042,6.714626251168143,11,0.00016,3.2670027661771255,6,MCHENRY:ALG 2,MCHENRY:ALGONQUIN ALG 02,MCHENRY:ALG 2,1.0,82.08275671,2.008808135,2.008808135,2.008808135,2.008808135,5.864394483,2.008808135,2.008808135,21.7311394696846,21.453723544420832,11.83324087858932,3.765785945794507,3.9255375664156955,5.791886921274927,2.636570016270041,29.093031461924987,29.675556298885184,16.81488633675436,5.380454968187834,5.143504598310299,6.636598850538538,3.2132201562920004,19.46486385587601,22.943073861432566,15.137227139568699,7.031241737990957,3.62722642376405,0.0005833331790617699,0.0005537140265628709,1.0,0.3,0.2,1.0,1.0,1.0,1.0,1.4,1.0,214.203653,213.4330908,2.2944957,1.218630647,1.075865053,0.010711749,0.005689122,0.005022627,870.02,170,0.999834442
MCHENRY:ALG 20,MCHENRY:ALGONQUIN ALG 20,MCHENRY:ALG 20,,,,,,,,,,0.771791681,0.06892558,0.031339606,0.113260831,0.013144931,0.000331524,0.2708,0.8938,0.1062,0.7574,0.0052,0.0,0.0,0.2116,0.102578404,0.092544012,0.155515183,0.141169687,0.104640325,0.199467583,0.10877519,0.064340693,0.030968924,2.52e-05,0.018852011,0.01804001,0.004553941,0.011793385,0.037198774,0.034322997,0.008090368,0.0,0.013169196,0.131716537,0.060707995,0.071384704,0.073948134,0.349118646,0.167078124,,-0.037935711,,,,,0.006237006,481.0,48.3,152320,218.7278683,-0.107344654,,,-0.979756432,,,,-0.653668624,-0.652602015,mc_lake_2race,MCHENRY,ALG 20,0,0,0,,0,0,1,92,61,41,223,168,112,0.47634,29.878267482519156,18,0.5007,30.140005331264923,18,0.0213,15.725143617331838,10,0.0006,5.862902695868347,4,0.0005,5.063671862486867,3,0.00036,6.7157321812491535,4,0.0002,3.2514974271052584,2,MCHENRY:ALG 20,MCHENRY:ALGONQUIN ALG 20,MCHENRY:ALG 20,1.0,84.86140822,1.512612802,1.512612802,1.512612802,1.512612802,6.062914968,1.512612802,1.512612802,21.730022132641203,21.205944024792803,10.75663683462117,3.9838847874296546,3.790027706519521,5.7948385614841,2.640172841972281,29.58261371192122,29.903901350027397,15.651993449924802,5.870845548575129,5.04105619260503,6.664784963296544,3.2420574545430743,19.463746518832615,22.695294341804537,14.06062309560055,7.249340579626105,3.4917165638678753,0.003534973388234063,0.004156539728802379,1.0,0.3,0.2,1.0,1.0,1.0,1.0,1.4,1.0,212.5896748,212.3304191,1.166650655,0.777767103,0.388883552,0.005487805,0.003658537,0.001829268,870.87,61,1.0
MCHENRY:ALG 21,MCHENRY:ALGONQUIN ALG 21,MCHENRY:ALG 21,,,,,,,,,,0.867979193,0.069549371,0.018282627,0.030690983,0.013068859,0.000926348,0.2899,0.952,0.048,0.784,0.0048,0.0,0.0097,0.1774,0.108640854,0.09953412,0.146052357,0.110969577,0.115839455,0.198138929,0.128612373,0.054860209,0.037352127,0.004663228,0.017354082,0.020604832,0.003161841,0.017018413,0.015111899,0.050514385,0.013442667,0.004571309,0.028870807,0.074236088,0.050503074,0.121164366,0.110078979,0.311977618,0.15672641,,-0.005552752,,,,,-0.034602076,578.0,50.6,142892,242.7998212,0.030612394,,,-1.109678424,,,,-0.765875855,-0.682069367,mc_lake_2race,MCHENRY,ALG 21,0,0,0,,0,0,1,243,162,108,183,138,92,0.47862,29.771585489823003,48,0.49986,30.091631546564535,49,0.02,15.70187764482373,25,0.00054,5.916068506227595,10,0.00032,5.116564007983269,8,0.00042,6.698421094685419,11,0.00024,3.3238816442918386,5,MCHENRY:ALG 21,MCHENRY:ALGONQUIN ALG 21,MCHENRY:ALG 21,1.0,85.28896627,1.436261986,1.436261986,1.436261986,1.436261986,6.093461811,1.436261986,1.436261986,21.73094054556222,21.207364204131316,10.757619628693838,3.9836293726163587,3.7901747486075,5.792545278900087,2.6372720212706593,29.58420184874681,29.906264152299705,15.653598950817567,5.870579692232537,5.040931942915176,6.662505565376244,3.2391705185051656,19.46466493175363,22.69671452114305,14.061605889673217,7.249085164812809,3.4918636059558543,0.0012416908042209383,0.0012557190271809558,1.0,0.3,0.2,1.0,1.0,1.0,1.0,1.4,1.0,491.5515786,491.0590724,2.907852149,1.198913428,1.708938721,0.00591566,0.002439039,0.003476621,2381.84,162,0.999110043
MCHENRY:ALG 22,MCHENRY:ALGONQUIN ALG 22,MCHENRY:ALG 22,,,,,,,,,,0.79703848,0.121374458,0.027778861,0.03715155,0.017565813,0.000729184,0.2745,0.8781,0.1219,0.848,0.005,0.0,0.0129,0.1339,0.118375437,0.093745906,0.084174202,0.131393931,0.142612507,0.170971475,0.160444816,0.056361307,0.041920419,0.007595679,0.006678682,0.008440898,0.062177067,0.020930032,0.029329281,0.033336741,0.00814039,0.001821455,0.02234241,0.039776857,0.141768127,0.152614103,0.14220993,0.197803566,0.125034783,,-0.062804153,,,,,0.123505976,502.0,51.4,119274,223.7800066,-0.21328855,,,-0.606686876,,,,-0.747232446,-0.459162504,mc_lake_2race,MCHENRY,ALG 22,0,0,0,,0,0,1,141,94,63,208,156,104,0.47418,29.79946537975301,28,0.50406,30.16029110953259,28,0.0204,15.701828200781781,15,0.00054,5.894245666826067,6,0.00034,5.098881251011695,5,0.00034,6.761548195015566,6,0.00014,3.261991209993292,3,MCHENRY:ALG 22,MCHENRY:ALGONQUIN ALG 22,MCHENRY:ALG 22,1.0,81.39917839,2.130877553,2.130877553,2.130877553,2.130877553,5.815556298,2.130877553,2.130877553,21.730868685575146,21.20725308410396,10.757542731289915,3.9841003036817986,3.7901632434965635,5.792970371277967,2.6376109983819895,29.58379497919113,29.905746289113978,15.65326916981585,5.87114232889965,5.040890961334682,6.6629150523377705,3.2394938902001416,19.464593071766558,22.696603401115695,14.061528992269293,7.249556095878249,3.491852100844918,0.0016667831821012653,0.0015946961385112399,1.0,0.3,0.2,1.0,1.0,1.0,1.0,1.4,1.0,196.3715052,195.8859555,1.641532764,0.581338914,1.06019385,0.008359323,0.002960404,0.005398919,964.13,94,1.0
MCHENRY:ALG 23,MCHENRY:ALGONQUIN ALG 23,MCHENRY:ALG 23,,,,,,,,,,0.771639676,0.077821132,0.027420177,0.104432961,0.012881461,0.000124168,0.2316,0.6245,0.3755,0.9088,0.0,0.0,0.0,0.0512,0.182263604,0.067242578,0.088592118,0.152000297,0.089672954,0.175635386,0.065478904,0.052025485,0.127088674,0.020489491,0.018663601,0.011103368,0.008045238,0.074097786,3.41e-05,0.018733604,0.010435123,9.04e-06,0.002938391,0.032184299,0.239513573,0.116752456,0.07437939,0.159218656,0.213401861,,-0.013510769,,,,,0.035897436,390.0,52.0,113651,172.6642548,-0.003290145,,,-0.885397255,,,,-0.804237171,-0.554607089,mc_lake_2race,MCHENRY,ALG 23,0,0,0,,0,0,1,135,90,60,234,176,117,0.47854,29.832678658147206,27,0.49902,30.108537282873133,27,0.02052,15.728917051438607,14,0.00086,5.948561770358241,5,0.0005,5.072253351759326,5,0.00048,6.7223588695512095,6,8e-05,3.251427001556296,3,MCHENRY:ALG 23,MCHENRY:ALGONQUIN ALG 23,MCHENRY:ALG 23,1.0,83.2602614,1.798536236,1.798536236,1.798536236,1.798536236,5.94852119,1.798536236,1.798536236,21.730120323809885,21.20609586179966,10.756741909034174,3.983723203203266,3.7900434273724555,5.794520228920815,2.639829351988413,29.58286765609228,29.904253116523677,15.652225890250694,5.870655786079479,5.041058010782384,6.6644724386693746,3.241719772495321,19.463844710001297,22.695446178811395,14.060728170013553,7.249178995399716,3.49173228472081,0.00321664082494933,0.0038130497449345643,1.0,0.3,0.2,1.0,1.0,1.0,1.0,1.4,1.0,215.630413,215.3674395,1.184169066,0.787932226,0.39623684,0.005491661,0.003654087,0.001837574,1375.3,90,1.0
MCHENRY:ALG 24,MCHENRY:ALGONQUIN ALG 24,MCHENRY:ALG 24,,,,,,,,,,0.700055498,0.202872111,0.017580064,0.05754578,0.021341974,0.000105635,0.1121,0.7759,0.2241,0.892,0.0,0.0,0.0,0.0848,0.115742065,0.16493702,0.11399735,0.175489971,0.152359582,0.109593351,0.061891977,0.069944371,0.036044313,0.01650578,0.013745339,0.011567995,0.022775942,0.019686487,0.028270494,0.017430871,0.043035527,0.001366212,0.08482871,0.147620933,0.314276647,0.097564524,0.055136914,0.084747911,0.041439714,,0.243804419,,,,,0.167785235,298.0,43.2,82411,150.9697787,1.09291739,,,-0.465820597,,,,-0.7079659,0.118706148,mc_lake_2race,MCHENRY,ALG 24,0,0,0,,0,0,1,113,75,50,186,140,93,0.14656,23.657511772883737,18,0.80406,33.43595490434359,25,0.0475,18.85112827784918,14,0.00076,6.65739651551891,5,0.00024,4.150355098267299,3,0.00072,6.631853590099504,5,0.00016,3.214731488637948,2,MCHENRY:ALG 24,MCHENRY:ALGONQUIN ALG 24,MCHENRY:ALG 24,1.0,62.01593579,5.824523867,5.824523867,5.824523867,5.824523867,4.430722436,5.824523867,4.430722436,18.949926657211485,25.881123880948753,14.528314377679887,5.22789518873504,3.416572261441088,5.7931476757377185,2.6381500646659695,23.524399519174516,33.20410973896794,18.85280262531809,6.602689364821922,4.118139909979053,6.539085456472545,3.1160260561591455,16.683651043402893,27.370474197960487,17.832300638659266,8.49335098093149,3.1182611187894422,0.0018440876418527228,0.002133762422490869,1.0,0.3,0.2,1.0,1.0,1.0,1.0,1.4,1.0,273.0918533,272.5295564,1.861472791,0.193922378,1.667550413,0.006816288,0.000710099,0.006106189,1083.21,75,1.0
MCHENRY:ALG 25,MCHENRY:ALGONQUIN ALG 25,MCHENRY:ALG 25,,,,,,,,,,0.721850891,0.190851091,0.021968114,0.045892272,0.022978591,7.24e-05,0.1135,0.897,0.103,0.9698,0.0022,0.0,0.0,0.028,0.109497509,0.165219566,0.118731957,0.185160338,0.138188771,0.119809947,0.072236077,0.061341777,0.029814056,0.018563769,0.012876316,0.006666754,0.008491624,0.011339224,0.031442107,0.017055155,0.042054143,0.01818738,0.088983559,0.15001352,0.290856342,0.101114605,0.057010607,0.079113993,0.066230901,,0.176975422,,,,,0.118918919,370.0,42.8,83108,194.3587308,0.808214219,,,-0.62127975,,,,-0.853365803,-0.085219512,mc_lake_2race,MCHENRY,ALG 25,0,0,0,,0,0,1,140,93,62,144,108,72,0.14496,23.63247122791644,22,0.80252,33.41072041260696,31,0.05094,18.90839606292082,18,0.00076,6.656239802426087,6,0.00024,4.1741265879233564,4,0.00044,6.593598599492625,6,0.00014,3.1605266829185408,3,MCHENRY:ALG 25,MCHENRY:ALGONQUIN ALG 25,MCHENRY:ALG 25,1.0,70.25871015,4.120277202,4.120277202,4.120277202,4.120277202,5.019626639,4.120277202,4.120277202,18.950056277558154,25.890879725390654,14.570216516746033,5.219744426172028,3.421848585865953,5.79300462957202,2.6378230081055123,23.51056732351545,33.19371068691917,18.89273266726356,6.584882858801411,4.1223962553438795,6.538103144878944,3.1148597341707847,16.683780663749562,27.38023004240239,17.87420277772541,8.485200218368478,3.1235374432143073,0.0017010414761549166,0.001806705862033939,1.0,0.3,0.2,1.0,1.0,1.0,1.0,1.4,1.0,350.5757938,350.2475393,2.626035909,0.656508977,1.969526932,0.007490637,0.001872659,0.005617978,1713.81,93,1.0
MCHENRY:ALG 26,MCHENRY:ALGONQUIN ALG 26,MCHENRY:ALG 26,,,,,,,,,,0.764390351,0.176187873,0.007394841,0.02833127,0.032843244,0.000910422,0.0878,0.8921,0.1079,0.9264,0.0011,0.0,0.0,0.0725,0.206598565,0.04971113,0.188184021,0.214667063,0.070636207,0.076284257,0.113600438,0.054700555,0.025617764,0.005519641,0.001858707,0.005508704,6.93e-05,0.029333414,0.07665477,0.040170614,0.083972505,0.043827052,0.069808934,0.08283802,0.220136695,0.159044003,0.124097213,0.014944981,0.04221544,,0.052968777,,,,,0.112709832,417.0,37.5,81864,191.3868848,0.279924304,,,-0.641032813,,,,-0.865371629,-0.295673894,mc_lake_2race,MCHENRY,ALG 26,0,0,0,,0,0,1,162,108,72,153,115,77,0.1424,23.424458166124307,25,0.79968,33.263913863205424,36,0.05628,19.508330930295394,21,0.00068,6.382628777985247,7,0.00018,4.202125927521862,5,0.00068,6.577739157878557,7,0.0001,3.2229338988139427,3,MCHENRY:ALG 26,MCHENRY:ALGONQUIN ALG 26,MCHENRY:ALG 26,1.0,77.37257301,2.849925186,2.849925186,2.849925186,2.849925186,5.527875873,2.849925186,2.849925186,18.95025160613794,26.017790915547046,15.12379101560115,5.107149364203689,3.491516182792495,5.792174947680155,2.6370501517561022,23.328812090533678,33.05715911692133,19.4169368635234,6.3460322655188355,4.178770669594316,6.526364124983676,3.103177539817972,16.683975992329348,27.50714123255878,18.427777276580528,8.37260515640014,3.1932050401408496,0.0008713595842895824,0.0010338495126238979,1.0,0.3,0.2,1.0,1.0,1.0,1.0,1.4,1.0,229.4902508,229.1909687,1.855913133,0.45455783,1.401355303,0.008087111,0.001980728,0.006106383,1189.82,108,1.0
MCHENRY:ALG 27,MCHENRY:ALGONQUIN ALG 27,MCHENRY:ALG 27,,,,,,,,,,0.683217414,0.231870002,0.026911503,0.044695645,0.033249002,0.001851027,0.1566,0.6335,0.3665,0.8925,0.0033,0.0001,0.0,0.0933,0.110595028,0.144110217,0.142274151,0.117627838,0.140729583,0.119165733,0.098305355,0.094615651,0.032576443,0.051075741,0.038067695,0.013904604,0.012359823,0.041842594,0.0272145,0.012228806,0.016293297,0.035308372,0.088112137,0.101787658,0.258009987,0.122604697,0.031817739,0.080869922,0.068502428,,-0.033843605,,,,,0.280353201,453.0,46.3,80989,204.760192,-0.089911569,,,-0.107706416,,,,-0.647758703,-0.101033349,mc_lake_2race,MCHENRY,ALG 27,0,0,0,,0,0,1,372,248,165,164,123,82,0.1533,24.111540168675806,60,0.811,33.79447570534184,84,0.03396,17.71186642557023,44,0.00084,7.158027250192861,18,0.00028,4.032818233837748,10,0.00048,6.642269611551832,16,0.00014,3.193959770113069,8,MCHENRY:ALG 27,MCHENRY:ALGONQUIN ALG 27,MCHENRY:ALG 27,1.0,70.87881948,4.009541706,4.009541706,4.009541706,4.009541706,5.063930289,4.009541706,4.009541706,18.950069587473635,25.59946038696989,13.296446075277785,5.4776249900753555,3.261555782509819,5.793120176211508,2.6378488047291877,23.94212910094878,33.51900143443201,17.653351590736655,7.148881918226488,3.989052245379961,6.564084770946641,3.1407516102226696,16.683793973665047,27.088810703981625,16.600432336257164,8.743080782271806,2.9632446398581735,0.001816588115641789,0.001832502485709301,1.0,0.3,0.2,1.0,1.0,1.0,1.0,1.4,1.0,928.775505,924.0718493,11.31874982,3.052039784,8.266710039,0.012186745,0.00328609,0.008900655,3358.19,248,1.0
MCHENRY:ALG 28,MCHENRY:ALGONQUIN ALG 28,MCHENRY:ALG 28,,,,,,,,,,0.854526307,0.075353244,0.015574487,0.031466345,0.021482896,0.000595773,0.3515,0.6225,0.3775,0.7652,0.0413,0.0028,0.0097,0.1438,0.116045408,0.151886724,0.082453347,0.165725681,0.136707689,0.162968864,0.095636398,0.05419348,0.034382409,0.013398263,0.035780449,0.071046312,0.0312668,0.072697818,0.00440216,0.012788681,0.001114198,0.04125417,0.054616998,0.052810844,0.119323846,0.10511535,0.098696351,0.121399387,0.164288374,,-0.008509273,,,,,0.245714286,525.0,46.8,97800,237.1533138,0.018017099,,,-0.217903723,,,,-0.535327828,-0.129433414,mc_lake_2race,MCHENRY,ALG 28,0,0,0,,0,0,1,309,206,137,176,132,88,0.15,24.05345593364433,50,0.81554,33.78023590193294,70,0.03258,17.692713436217076,36,0.0009,7.20007675265823,15,0.00032,3.9957170563181243,8,0.00062,6.635231601623515,14,4e-05,3.2433510267377534,7,MCHENRY:ALG 28,MCHENRY:ALGONQUIN ALG 28,MCHENRY:ALG 28,1.0,71.9560031,3.817184555,3.817184555,3.817184555,3.817184555,5.140889568,3.817184555,3.817184555,18.950216735135292,25.59968792739752,13.296603538055546,5.477092125701056,3.2615793415200587,5.792484757372768,2.6372618479202146,23.94260356015329,33.51976212647249,17.653838442372614,7.148315637458522,3.9890855884844587,6.563466007323023,3.1401813086288186,16.6839411213267,27.089038244409256,16.600589799034925,8.742547917897506,2.963268198868413,0.0011811692769028662,0.0012455456767363816,1.0,0.3,0.2,1.0,1.0,1.0,1.0,1.4,1.0,492.4309172,490.6083115,6.235029822,3.564316389,2.670713433,0.012661735,0.007238206,0.005423529,2069.21,206,0.999729646
MCHENRY:ALG 29,MCHENRY:ALGONQUIN ALG 29,MCHENRY:ALG 29,,,,,,,,,,0.746336925,0.149671289,0.046187074,0.047834847,0.017212336,0.001403444,0.197,0.7926,0.2074,0.8793,0.0251,0.0,0.0,0.0956,0.072232397,0.182637083,0.153017281,0.171509179,0.136919669,0.156604593,0.08563983,0.032324058,0.009115909,0.013136352,0.002239522,0.00410065,0.015364507,0.004172907,0.008204555,0.032664382,0.097526668,0.020334861,0.068151262,0.116935218,0.163252862,0.161714896,0.076973951,0.12620166,0.08902575,,0.047078283,,,,,0.21038961,385.0,42.0,92943,206.8404842,0.254829773,,,-0.330282651,,,,-0.674929139,-0.110865492,mc_lake_2race,MCHENRY,ALG 29,0,0,0,,0,0,1,144,96,64,146,110,73,0.148,23.5754884907509,23,0.80172,33.38233512800567,32,0.04882,18.991508478442288,18,0.0008,6.572859750667232,6,8e-05,4.18285351394445,4,0.00046,6.604947574556329,6,0.00012,3.1799400454166573,3,MCHENRY:ALG 29,MCHENRY:ALGONQUIN ALG 29,MCHENRY:ALG 29,1.0,71.25701623,3.942005541,3.942005541,3.942005541,3.942005541,5.09095052,3.942005541,3.942005541,18.950034670566943,25.909957128051193,14.653720259646974,5.204130281719619,3.432356269723363,5.793751724543001,2.6382072886801033,23.482223070177707,33.17177597416512,18.971652975968496,6.550052018628339,4.130848809737593,6.53715302366025,3.113546798555701,16.68375905675835,27.399307445062927,17.957706520626353,8.46958607391607,3.1340451270717176,0.0024481364471352204,0.0021909864366249404,1.0,0.3,0.2,1.0,1.0,1.0,1.0,1.4,1.0,236.27499,235.5864074,2.333600564,0.789191077,1.544409486,0.00987663,0.003340138,0.006536492,665.46,96,1.0
MCHENRY:ALG 3,MCHENRY:ALGONQUIN ALG 03,MCHENRY:ALG 3,,,,,,,,,,0.885550982,0.063047531,0.007852765,0.011900571,0.024818151,0.002399854,0.1647,0.8806,0.1194,0.7952,0.0,0.0,0.0,0.2043,0.198973587,0.171829748,0.065243481,0.226713332,0.05060203,0.078330558,0.089111297,0.075464236,0.043731732,0.062431221,0.000476239,0.020436782,0.023214117,0.023418102,0.033374615,0.025426918,0.005915123,0.045075884,0.063523875,0.13697168,0.128053567,0.162146466,0.152506622,0.056377281,0.060651507,,-0.092149029,,,,,0.067961165,515.0,41.0,86662,216.6475761,-0.338302835,,,-0.783392427,,,,-0.87575696,-0.61648383,mc_lake_2race,MCHENRY,ALG 3,0,0,0,,0,0,1,207,138,92,123,93,62,0.4576,29.128512471567404,40,0.50638,29.762007008484737,41,0.0346,17.215717922807137,24,0.0004,5.273525372288881,7,0.00044,5.193141792323616,7,0.00038,6.688136461999219,9,0.0002,3.2255137632919166,4,MCHENRY:ALG 3,MCHENRY:ALGONQUIN ALG 03,MCHENRY:ALG 3,1.0,84.30459163,1.612045852,1.612045852,1.612045852,1.612045852,6.023133261,1.612045852,1.612045852,21.731149548698234,21.54212664675776,12.219563412698262,3.687555016677228,3.9741532175736456,5.791807194061969,2.636513305275025,28.92068462756661,29.594477877378083,17.222030459497685,5.208602860912823,5.179484234192897,6.627664144686848,3.2043084666582526,19.464873934889646,23.031476963769496,15.52354967367764,6.953010808873678,3.675842074922,0.0005036059661035217,0.0004970030315468816,1.0,0.3,0.2,1.0,1.0,1.0,1.0,1.4,1.0,381.4716708,380.1027591,3.650403901,1.82507911,1.82532479,0.009569266,0.004784311,0.004784955,1941.88,138,1.0
MCHENRY:ALG 30,MCHENRY:ALGONQUIN ALG 30,MCHENRY:ALG 30,,,,,,,,,,0.734137973,0.176897587,0.03352257,0.04380322,0.016168102,0.001233582,0.1802,0.7548,0.2452,0.8705,0.0316,0.0,0.0,0.0978,0.105147119,0.150848491,0.149177884,0.204615165,0.124471426,0.135932091,0.083105509,0.036264181,0.010438134,0.016165383,8.26e-05,0.013072159,0.011919057,0.017855797,0.016923239,0.051855592,0.115238019,0.036532445,0.074083591,0.101273393,0.155880997,0.143272534,0.079307853,0.097276165,0.069261193,,0.248361018,,,,,0.106382979,376.0,40.2,82217,198.8164999,1.112329296,,,-0.661160527,,,,-0.646895873,0.003898157,mc_lake_2race,MCHENRY,ALG 30,0,0,0,,0,0,1,78,52,35,216,162,108,0.14484,23.518319122896695,12,0.80048,33.357971707985286,17,0.0527,19.18705111243006,10,0.0009,6.465480239365168,3,0.00028,4.159859272867639,2,0.00068,6.600993801900934,3,0.00012,3.1823917604033545,2,MCHENRY:ALG 30,MCHENRY:ALGONQUIN ALG 30,MCHENRY:ALG 30,1.0,66.51591589,4.795927593,4.795927593,4.795927593,4.795927593,4.752223072,4.795927593,4.752223072,18.950079513792637,25.95302580343075,14.84170369164412,5.1654696348894085,3.456013521606672,5.793291119078309,2.6379066938997817,23.42047443193232,33.125536815589314,19.150388336512034,6.4682347894670436,4.150088934329899,6.5329877887413845,3.109541574321206,16.68380389998405,27.442376120442486,18.1456899526235,8.430925427085858,3.1577023789550265,0.0019875309824432803,0.0018903916563034837,1.0,0.3,0.2,1.0,1.0,1.0,1.0,1.4,1.0,301.3173053,300.813632,2.619831625,0.631552987,1.988278638,0.008694594,0.002095973,0.006598621,711.55,52,1.0
MCHENRY:ALG 31,MCHENRY:ALGONQUIN ALG 31,MCHENRY:ALG 31,,,,,,,,,,0.679587304,0.23748276,0.026589912,0.044578278,0.027207116,0.00179923,0.1981,0.765,0.235,0.889,0.0119,0.0,0.0014,0.0978,0.101599065,0.141306539,0.143071433,0.144635523,0.1350927,0.13205979,0.100395681,0.081321314,0.020517955,0.048399227,0.022395325,0.014305686,0.009222756,0.031668512,0.025059776,0.027535519,0.070063074,0.026773964,0.066531252,0.073812369,0.242614088,0.120996772,0.056585267,0.093596206,0.070440207,,0.093983397,,,,,0.293103448,464.0,45.1,83680,239.5307906,0.454653732,,,-0.067143862,,,,-0.604685823,0.128530236,mc_lake_2race,MCHENRY,ALG 31,0,0,0,,0,0,1,165,110,73,209,157,105,0.15204,24.090479085510637,26,0.81294,33.74888851971768,37,0.03312,17.645023405183736,19,0.0011,7.2571820896734875,8,0.00034,4.016688116083579,4,0.00032,6.618864097140975,7,0.00014,3.1449545315792817,3,MCHENRY:ALG 31,MCHENRY:ALGONQUIN ALG 31,MCHENRY:ALG 31,1.0,61.61379064,5.916445385,5.916445385,5.916445385,5.916445385,4.401991215,5.916445385,4.401991215,18.950070892930434,25.599462405650957,13.296447472247682,5.4776085022683105,3.2615559915193932,5.793108132358859,2.6378406763512436,23.94213892781937,33.51901739978004,17.653361499479537,7.1488641268076805,3.9890535391250346,6.564073211565413,3.140743966316146,16.683795279121846,27.08881272266269,16.60043373322706,8.74306429446476,2.9632448488677476,0.001804544262993564,0.001824374107765084,1.0,0.3,0.2,1.0,1.0,1.0,1.0,1.4,1.0,467.0032459,463.3256314,6.58197747,3.092215124,3.489762347,0.014094072,0.0066214,0.007472673,1808.12,110,1.0
MCHENRY:ALG 32,MCHENRY:ALGONQUIN ALG 32,MCHENRY:ALG 32,,,,,,,,,,0.625163027,0.296570847,0.020689133,0.045887646,0.038877566,0.002437765,0.1608,0.7936,0.2064,0.9404,0.0385,0.0001,0.0004,0.0206,0.095051101,0.134118001,0.137971712,0.077836732,0.147100804,0.130129995,0.119326225,0.127760456,0.030704974,0.082112994,0.045930491,0.014832432,0.007088857,0.045059924,0.032489245,0.00051778,0.021521413,0.015087592,0.057658834,0.045176108,0.331260729,0.100554253,0.033536039,0.092953213,0.074220096,,-0.093152861,,,,,0.202279202,351.0,50.6,85002,179.202316,-0.342579334,,,-0.356084415,,,,-0.676185637,-0.35102001,mc_lake_2race,MCHENRY,ALG 32,0,0,0,,0,0,1,72,48,32,193,145,97,0.1543,24.088583665167164,12,0.81124,33.75783626708802,16,0.03272,17.680962512323678,8,0.00092,7.2093151094410555,3,0.00026,4.04379929915745,2,0.00038,6.663713149104761,3,0.00018,3.1645719321380605,2,MCHENRY:ALG 32,MCHENRY:ALGONQUIN ALG 32,MCHENRY:ALG 32,1.0,78.86672952,2.583107457,2.583107457,2.583107457,2.583107457,5.634625737,2.583107457,2.583107457,18.95005632901251,25.59943988487097,13.296431887392668,5.477287545721131,3.2615536597698584,5.792967447855553,2.6378059513564716,23.942270474126108,33.51923498178392,17.653490927340115,7.14851446865859,3.989081948799539,6.563941577962831,3.1407182922220986,16.68378071520392,27.088790201882706,16.600418148372047,8.742743337917581,2.963242517118213,0.0016638597596875424,0.0017896491129932382,1.0,0.3,0.2,1.0,1.0,1.0,1.0,1.4,1.0,96.40123348,95.10021697,1.345026939,0.784313983,0.560712956,0.013952383,0.008135933,0.00581645,571.33,48,1.0
MCHENRY:ALG 33,MCHENRY:ALGONQUIN ALG 33,MCHENRY:ALG 33,,,,,,,,,,0.866703016,0.064359617,0.013347107,0.042151448,0.014853828,0.000203025,0.2599,0.7065,0.2935,0.7468,0.0402,0.0061,0.0013,0.2056,0.156464543,0.141604245,0.080900129,0.107623202,0.15328685,0.14806342,0.122275413,0.057547828,0.032234369,0.009464199,0.008748858,0.119696239,0.030018194,0.076014853,0.011727114,0.012339941,0.003540788,0.056372057,0.074452944,0.046783509,0.028978546,0.114022531,0.124655343,0.14507086,0.138114023,,-0.048720473,,,,,0.062706271,606.0,48.7,104794,254.6872054,-0.153289619,,,-0.800109901,,,,-0.757095173,-0.557552296,mc_lake_2race,MCHENRY,ALG 33,0,0,0,,0,0,1,104,69,46,199,150,100,0.4804,29.88907378675012,21,0.49662,30.120251686324938,21,0.02128,15.723921880387387,11,0.00056,5.897421682839326,4,0.00044,5.097328038664129,4,0.00052,6.725601459827289,5,0.00018,3.2488277567624344,2,MCHENRY:ALG 33,MCHENRY:ALGONQUIN ALG 33,MCHENRY:ALG 33,1.0,83.31270267,1.789171581,1.789171581,1.789171581,1.789171581,5.952267852,1.789171581,1.789171581,21.730813072405958,21.20716708719339,10.757483219612984,3.983305763439467,3.7901543395751034,5.792667978624143,2.637585463614025,29.584206444249684,29.906201340758145,15.653538672237875,5.87018515694501,5.040989563420759,6.6626378987667465,3.239493594514977,19.464537458597366,22.696517404205125,14.061469480592363,7.248761555635917,3.491843196923458,0.0013643905282774876,0.001569161370546847,1.0,0.3,0.2,1.0,1.0,1.0,1.0,1.4,1.0,224.7772256,224.0271934,2.641071803,1.430870632,1.210201171,0.01174973,0.006365728,0.005384003,586.35,69,0.999060052
MCHENRY:ALG 34,MCHENRY:ALGONQUIN ALG 34,MCHENRY:ALG 34,,,,,,,,,,0.864865241,0.071083379,0.011881058,0.036109465,0.020637636,0.001172021,0.2691,0.8816,0.1184,0.7578,0.065,0.001,0.0055,0.1706,0.1031209,0.140445806,0.132091131,0.120808643,0.103297127,0.149920448,0.124623597,0.09673099,0.028961358,0.0435371,0.041496067,0.030153898,0.07104321,0.06073623,0.027889439,0.016311385,0.015855921,0.04256218,0.100544204,0.047605296,0.086221489,0.090421276,0.114897341,0.080218151,0.130506813,,-0.043195982,,,,,-0.105360444,541.0,50.5,75657,222.2940836,-0.129754325,,,-1.334783095,,,,-0.749701366,-0.882897306,mc_lake_2race,MCHENRY,ALG 34,0,0,0,,0,0,1,227,151,101,161,121,81,0.4786,29.844821538511972,45,0.49872,30.057063153083252,45,0.02136,15.721575384542769,24,0.0004,5.880576466465824,9,0.00052,5.094037173501712,8,0.00028,6.720898966036069,10,0.00012,3.330963473801601,5,MCHENRY:ALG 34,MCHENRY:ALGONQUIN ALG 34,MCHENRY:ALG 34,1.0,87.65651086,1.013479723,1.013479723,1.013479723,1.013479723,6.262610801,1.013479723,1.013479723,21.73088027654149,21.207271007687712,10.757555134788118,3.9832599030849627,3.79016509926302,5.792485368052066,2.6373664497243827,29.58433968350037,29.90639430181983,15.653668455751117,5.87013305421635,5.040983525244066,6.662457178965402,3.2392764713960673,19.4646046627329,22.696621324699446,14.061541395767497,7.248715695281413,3.4918539566113744,0.0011817799562005831,0.0013501474809045396,1.0,0.3,0.2,1.0,1.0,1.0,1.0,1.4,1.0,486.1312483,485.2454823,3.322040769,0.801474665,2.520566104,0.006833629,0.00164868,0.00518495,1848.1,151,0.999517452
MCHENRY:ALG 35,MCHENRY:ALGONQUIN ALG 35,MCHENRY:ALG 35,,,,,,,,,,0.84193781,0.088194535,0.013701581,0.037162217,0.014942158,0.001833817,0.3234,0.9106,0.0894,0.8172,0.0346,0.0,0.0021,0.146,0.108398025,0.147308177,0.136023867,0.132649755,0.117934752,0.159049604,0.11549944,0.069652061,0.013484318,0.070329896,0.024679667,0.004491764,0.042049059,0.033197545,0.014170964,0.045266769,0.030190335,0.043642013,0.071520768,0.049336563,0.116246721,0.103412381,0.092631058,0.112942472,0.145892025,,0.089955535,,,,,0.222797927,386.0,46.8,90296,224.6715604,0.437494338,,,-0.290807884,,,,-0.698501338,-0.017694551,mc_lake_2race,MCHENRY,ALG 35,0,0,0,,0,0,1,183,122,81,181,136,91,0.15052,24.125663428138424,29,0.81444,33.700589488171104,41,0.03302,17.693903369885263,22,0.00102,7.189102394369053,9,0.00016,4.0387142319317695,5,0.00072,6.57733722935889,8,0.00012,3.1308629266385433,4,MCHENRY:ALG 35,MCHENRY:ALGONQUIN ALG 35,MCHENRY:ALG 35,1.0,67.44425801,4.622865602,4.622865602,4.622865602,4.622865602,4.818548383,4.622865602,4.622865602,18.95015338074421,25.599589959919985,13.296535742493656,5.4769621570138725,3.2615691981937474,5.792562553735302,2.6374252957636557,23.942570956282907,33.51971627389711,17.653799645181216,7.148169268677796,3.9891017287427495,6.5635469226623595,3.140347875449062,16.683877766935623,27.08894027693172,16.600522003473035,8.742417949210322,2.9632580555421018,0.0012589656394369885,0.0014089935201771135,1.0,0.3,0.2,1.0,1.0,1.0,1.0,1.4,1.0,318.3988963,317.5083136,2.48444551,0.878735373,1.605710136,0.007802934,0.002759857,0.005043077,1337.39,122,1.0
MCHENRY:ALG 36,MCHENRY:ALGONQUIN ALG 36,MCHENRY:ALG 36,,,,,,,,,,0.768639014,0.161546734,0.011971805,0.039496712,0.023137531,2.49e-05,0.3217,0.8974,0.1026,0.8945,0.0,0.0,0.0,0.103,0.099060077,0.155930677,0.070766491,0.230166043,0.089147057,0.135067873,0.143011579,0.046159659,0.030690544,0.021418569,0.009002141,0.01603196,0.027049889,0.021456612,0.009143123,0.040765219,8.77e-05,0.000215054,0.01136061,0.03375269,0.156229196,0.181264553,0.134285912,0.215645123,0.122291606,,0.059993061,,,,,0.125603865,414.0,45.7,121169,184.5516389,0.309848978,,,-0.60001283,,,,-0.680662509,-0.258814652,mc_lake_2race,MCHENRY,ALG 36,0,0,0,,0,0,1,167,111,74,155,117,78,0.15222,24.049024588970813,27,0.8118,33.76188662505154,37,0.0343,17.675274573682664,20,0.00084,7.1972712397585275,8,0.00014,4.052996798765089,4,0.0005,6.565263757890258,7,0.0002,3.186760062647387,4,MCHENRY:ALG 36,MCHENRY:ALGONQUIN ALG 36,MCHENRY:ALG 36,1.0,76.29608769,3.042157638,3.042157638,3.042157638,3.042157638,5.450966484,3.042157638,3.042157638,18.950127414481422,25.599549807229316,13.296507955984364,5.476857690872114,3.261565040876912,5.792566548790166,2.63747956960066,23.942582049562024,33.519737605767446,17.653808077882953,7.1480536938736385,3.989112688396162,6.5635536619210715,3.1404048934899134,16.68385180067283,27.08890012424105,16.600494216963742,8.742313483068564,2.9632538982252665,0.0012629606943005828,0.0014632673571816062,1.0,0.3,0.2,1.0,1.0,1.0,1.0,1.4,1.0,211.7834143,211.7547561,0.840489018,0.362928121,0.477560897,0.003968625,0.001713676,0.002254949,1469.18,111,0.99840471
MCHENRY:ALG 37,MCHENRY:ALGONQUIN ALG 37,MCHENRY:ALG 37,,,,,,,,,,0.89533344,0.0449276,0.003162029,0.03084038,0.013819137,5.3e-07,0.4069,0.9621,0.0379,0.7626,0.0354,0.0,0.0,0.1929,0.054549586,0.227290075,0.064368689,0.101907563,0.189275742,0.160599131,0.149940354,0.045322717,0.006746144,3.63e-05,1.27e-05,1.9e-05,0.019003207,2.19e-05,0.011139049,0.009517451,0.012732573,4.69e-05,0.030137061,0.015807856,0.047598223,0.0452399,0.155142248,0.196825211,0.456720368,,-0.178721464,,,,,-0.146025878,541.0,48.1,189006,213.6757301,-0.707116492,,,-1.464152658,,,,-0.764172227,-1.180264096,mc_lake_2race,MCHENRY,ALG 37,0,0,0,,0,0,1,207,138,92,142,107,71,0.47494,29.771348159546584,41,0.50146,30.104419141053494,42,0.0217,15.748600974229909,22,0.00064,5.929235359787559,8,0.00052,5.113708992453727,7,0.00054,6.6807259483520065,9,0.0002,3.275348320091763,5,MCHENRY:ALG 37,MCHENRY:ALGONQUIN ALG 37,MCHENRY:ALG 37,1.0,89.88623575,0.615308496,0.615308496,0.615308496,0.615308496,6.421913276,0.615308496,0.615308496,21.730938883840196,21.20736163454281,10.757617850484365,3.9828239881982315,3.7901744825582413,5.7921104353417405,2.637077113318839,29.584704008332746,29.906854943373453,15.653960890396288,5.869611877655274,5.041022776706644,6.662096642846677,3.239001531582124,19.464663270031604,22.696711951554544,14.061604111463744,7.2482797803946815,3.4918633399065957,0.0008068472458753813,0.0010608110753603792,1.0,0.3,0.2,1.0,1.0,1.0,1.0,1.4,1.0,847.0287342,847.0244476,3.249104187,1.62341772,1.625686467,0.003835884,0.001916603,0.001919281,1712.57,138,0.999491689
MCHENRY:ALG 38,MCHENRY:ALGONQUIN ALG 38,MCHENRY:ALG 38,,,,,,,,,,0.889756542,0.034792783,0.005266865,0.052106112,0.012414171,0.0,0.4047,0.9743,0.0257,0.7224,0.0114,0.0,0.0,0.2526,0.097181029,0.221433798,0.085257068,0.130998324,0.164856885,0.173465381,0.095836952,0.021800333,0.00917023,0.005849841,4.44e-07,0.005849574,0.011114004,0.004680086,0.025037462,0.011114715,0.0,0.0,0.028546816,0.027035618,0.028081937,0.072834732,0.04855149,0.25398596,0.47731732,,-0.134507321,,,,,-0.087344029,561.0,45.6,195535,246.0688519,-0.518756539,,,-1.277467201,,,,-0.695365711,-0.992950703,mc_lake_2race,MCHENRY,ALG 38,0,0,0,,0,0,1,89,59,39,193,145,97,0.47568,29.742751214389827,18,0.50306,30.213185067735797,18,0.01992,15.73145019434331,9,0.00044,5.9577348287507785,4,0.00022,5.091804485600256,3,0.00052,6.714109835998236,4,0.00016,3.263593755103837,2,MCHENRY:ALG 38,MCHENRY:ALGONQUIN ALG 38,MCHENRY:ALG 38,1.0,88.6258077,0.840388364,0.840388364,0.840388364,0.840388364,6.331862118,0.840388364,0.840388364,21.730702348064526,21.206995869630596,10.757364733446282,3.9828228315295666,3.790136612104178,5.792664601269346,2.637807588864965,29.58433693434631,29.906295830218802,15.65357769708698,5.869599922273778,5.0410623118976225,6.662649388357871,3.239730586711839,19.464426734255934,22.69634618664233,14.061350994425661,7.248278623726017,3.4918254694525324,0.0013610131734799165,0.0017912866214864617,1.0,0.3,0.2,1.0,1.0,1.0,1.0,1.4,1.0,180.533913,180.533913,0.691259399,0.345629699,0.345629699,0.003828973,0.001914486,0.001914486,489.38,59,1.0
MCHENRY:ALG 39,MCHENRY:ALGONQUIN ALG 39,MCHENRY:ALG 39,,,,,,,,,,0.896934906,0.061424614,0.007792212,0.019361142,0.014606938,1.85e-05,0.3421,0.9048,0.0952,0.9427,0.0091,0.0,0.0,0.0481,0.080184561,0.182243127,0.058551929,0.194567056,0.125350432,0.135492765,0.146778187,0.048440991,0.028390952,0.018157532,6.58e-05,0.018683754,0.034472933,0.014546754,4.14e-05,0.034389318,1.83e-05,4.37e-05,0.011580176,0.021907751,0.089330508,0.15761268,0.150851731,0.232265049,0.216032658,,-0.050898662,,,,,-0.123434705,559.0,47.0,141432,220.510976,-0.162569084,,,-1.392283017,,,,-0.946332068,-0.931140292,mc_lake_2race,MCHENRY,ALG 39,0,0,0,,0,0,1,144,96,64,229,172,115,0.47576,29.863029685686048,29,0.5015,30.159405793273113,29,0.02156,15.729878533722063,15,0.00038,5.868361058432838,6,0.0004,5.058856236688575,5,0.00024,6.7424474468390505,6,0.00016,3.330650847070127,3,MCHENRY:ALG 39,MCHENRY:ALGONQUIN ALG 39,MCHENRY:ALG 39,1.0,88.10569958,0.933266229,0.933266229,0.933266229,0.933266229,6.294703045,0.933266229,0.933266229,21.731066565805925,21.20755907437132,10.757754483012322,3.983131449834233,3.790194925021983,5.791978449321074,2.6367590151379776,29.584709854791015,29.906930170500253,15.654028816929017,5.8699870280829085,5.040966935664446,6.661955544175155,3.238674320750407,19.464790951997333,22.696909391383056,14.0617407439917,7.248587242030683,3.4918837823703375,0.0006748612252084085,0.0007427128944992006,1.0,0.3,0.2,1.0,1.0,1.0,1.0,1.4,1.0,211.2882833,211.2880063,0.809230407,0.404149698,0.405080708,0.003829982,0.001912788,0.001917194,1103.23,96,1.0
MCHENRY:ALG 4,MCHENRY:ALGONQUIN ALG 04,MCHENRY:ALG 4,,,,,,,,,,0.687273204,0.228900902,0.021420913,0.024217901,0.042229911,9.07e-05,0.1414,0.6407,0.3593,0.8655,0.0407,0.0,0.017,0.0768,0.150372132,0.110135576,0.118739999,0.167734459,0.144978378,0.095009139,0.134191657,0.043451794,0.035386868,0.096929382,0.020783664,0.000237074,0.007580556,0.034329107,0.018077619,0.004271333,0.036589522,0.053827797,0.119783091,0.16399013,0.140419816,0.07279344,0.096277591,0.109205273,0.024904606,,0.047191761,,,,,0.115124153,443.0,44.5,69841,202.0855305,0.255313209,,,-0.633352097,,,,-0.623614899,-0.300102607,mc_lake_2race,MCHENRY,ALG 4,0,0,0,,0,0,1,156,104,69,125,94,63,0.1481,23.739002929867485,25,0.80478,33.45799285944677,35,0.04544,18.782784942704087,20,0.00064,6.69819049991114,7,0.00032,4.106222358452944,4,0.00058,6.565670383958164,7,0.00014,3.1840891800773945,3,MCHENRY:ALG 4,MCHENRY:ALGONQUIN ALG 04,MCHENRY:ALG 4,1.0,77.49744008,2.827627155,2.827627155,2.827627155,2.827627155,5.536796988,2.827627155,2.827627155,18.95029735856852,25.850642038116877,14.39297991046923,5.255727277191141,3.39955100465834,5.792486139229258,2.637099617201944,23.570028835023447,33.2388021234379,18.723271246584627,6.662232072756629,4.104107297743148,6.541129703308218,3.1176813920392528,16.684021744759928,27.33999235512861,17.696966171448608,8.521183069387591,3.1012398620066945,0.0011825511333924282,0.0010833149584652737,1.0,0.3,0.2,1.0,1.0,1.0,1.0,1.4,1.0,275.0623973,274.1089349,2.38385082,0.477705597,1.906145224,0.008666582,0.001736717,0.006929865,1663.82,104,1.0
MCHENRY:ALG 40,MCHENRY:ALGONQUIN ALG 40,MCHENRY:ALG 40,,,,,,,,,,0.847596726,0.073839543,0.00972279,0.04939463,0.008996065,0.002426626,0.3743,0.9515,0.0485,0.8139,0.0411,0.0,0.0,0.145,0.125175952,0.150431837,0.127594943,0.146722586,0.137962254,0.166931,0.110468538,0.03465329,5.96e-05,0.082433272,0.0,0.0,0.004365042,0.008714624,0.0,0.073813636,0.043409717,0.052071995,0.03524704,0.047897639,0.126183737,0.123832053,0.086979602,0.15663121,0.158420435,,0.071528475,,,,,0.056521739,460.0,44.8,105221,207.732038,0.358991851,,,-0.819784847,,,,-0.663468339,-0.377743585,mc_lake_2race,MCHENRY,ALG 40,0,0,0,,0,0,1,81,54,36,212,159,106,0.14948,23.75497881958875,13,0.80352,33.44972567613254,18,0.0453,18.71537509661165,10,0.00062,6.672411219672704,4,0.00026,4.185828313738544,2,0.00062,6.623508871139841,4,0.0002,3.1760194284042793,2,MCHENRY:ALG 40,MCHENRY:ALGONQUIN ALG 40,MCHENRY:ALG 40,1.0,79.53831668,2.463179351,2.463179351,2.463179351,2.463179351,5.682607216,2.463179351,2.463179351,18.950017321317844,25.843042449688614,14.361357668276604,5.261305534043357,3.395564490707036,5.792730888088107,2.6377768893970366,23.58043564174901,33.24663079511379,18.69313939623448,6.675066677486068,4.100955405975347,6.54202027113363,3.119004483200909,16.683741707509252,27.332392766700348,17.665343929255982,8.526761326239807,3.0972533480553905,0.0014272999922416495,0.0017605871535583454,1.0,0.3,0.2,1.0,1.0,1.0,1.0,1.4,1.0,143.4133997,143.0605992,1.234801719,0.529200737,0.705600982,0.008610086,0.003690037,0.004920049,612.49,54,1.0
MCHENRY:ALG 41,MCHENRY:ALGONQUIN ALG 41,MCHENRY:ALG 41,,,,,,,,,,0.850707208,0.093678872,0.016027039,0.017256584,0.018137779,0.002137552,0.2528,0.8946,0.1054,0.7752,0.0504,0.0,0.0046,0.1699,0.09352621,0.131999962,0.138969136,0.136193332,0.083341117,0.151088181,0.139112496,0.10028001,0.025489555,0.043076519,0.047245124,0.006559694,0.071244921,0.055312592,0.030638894,0.013838301,0.013738945,0.029599072,0.098071649,0.047433647,0.143904097,0.093770027,0.127072655,0.06077573,0.117718133,,0.001464745,,,,,0.155642023,514.0,50.9,82512,232.1011755,0.060508154,,,-0.504451981,,,,-0.766642334,-0.292591931,mc_lake_2race,MCHENRY,ALG 41,0,0,0,,0,0,1,155,103,69,120,90,60,0.1524,24.06424077566908,25,0.81272,33.76223999533856,35,0.03314,17.696173101956415,18,0.00096,7.193883237066359,7,0.0002,4.033711916670136,4,0.00038,6.630621446233798,7,0.0002,3.2394666132416425,3,MCHENRY:ALG 41,MCHENRY:ALGONQUIN ALG 41,MCHENRY:ALG 41,1.0,77.28511881,2.865542246,2.865542246,2.865542246,2.865542246,5.521627716,2.865542246,2.865542246,18.950374788328112,25.599932331492557,13.296772670847037,5.4771918189110735,3.2616046465554644,5.79216835155528,2.6367983140730127,23.942792160020414,33.52005249902196,17.654041957089618,7.148437006066311,3.9890643763934293,6.563148249512695,3.1397164227887764,16.68409917451952,27.08928264850429,16.600758931826416,8.742647611107524,2.963293503903819,0.0008647634594147113,0.0007820118295341307,1.0,0.3,0.2,1.0,1.0,1.0,1.0,1.4,1.0,245.9486977,245.631454,1.266527822,0.008946763,1.257581059,0.005149561,3.64e-05,0.005113184,1283.34,103,0.999681708
MCHENRY:ALG 42,MCHENRY:ALGONQUIN ALG 42,MCHENRY:ALG 42,,,,,,,,,,0.837460449,0.106395058,0.019075106,0.023317652,0.012135438,0.001187734,0.2708,0.8493,0.1507,0.833,0.0025,0.0,0.0017,0.1628,0.122205725,0.099315774,0.117850348,0.131880237,0.157903716,0.148800138,0.145162813,0.055649989,0.021231261,0.007662984,2.23e-06,0.009169207,0.033133536,0.012270195,0.023591231,0.042050001,0.019586264,0.006348227,0.030865042,0.039410903,0.093373423,0.183694005,0.138362852,0.249278878,0.111201026,,0.036704222,,,,,0.048148148,540.0,47.4,124843,224.0771912,0.210634466,,,-0.846423879,,,,-0.789972354,-0.450027,mc_lake_2race,MCHENRY,ALG 42,0,0,0,,0,0,1,167,111,74,171,129,86,0.4748,29.801116937738204,33,0.50238,30.128831061162053,33,0.02126,15.736592538685798,17,0.00052,5.904850832688166,7,0.00054,5.101801615204545,6,0.00034,6.74119695901827,7,0.00016,3.3137147345737805,4,MCHENRY:ALG 42,MCHENRY:ALGONQUIN ALG 42,MCHENRY:ALG 42,1.0,81.20360553,2.16580181,2.16580181,2.16580181,2.16580181,5.801583614,2.16580181,2.16580181,21.731022558096157,21.207491023455752,10.757707390342652,3.983710776188034,3.790187879187388,5.792397263427625,2.6370388676087755,29.58427835685075,29.906398194089064,15.653695138640476,5.870681168079319,5.0409091294081545,6.662355434442967,3.2389352493824664,19.46474694428757,22.696841340467486,14.061693651322031,7.249166568384484,3.4918767365357426,0.001093675331758998,0.001022565365297131,1.0,0.3,0.2,1.0,1.0,1.0,1.0,1.4,1.0,346.1182462,345.529925,2.522521739,0.822086263,1.700435476,0.007288035,0.00237516,0.004912874,1588.04,111,0.998808479
MCHENRY:ALG 43,MCHENRY:ALGONQUIN ALG 43,MCHENRY:ALG 43,,,,,,,,,,0.783880305,0.141642614,0.016343543,0.044432156,0.011915674,0.002270608,0.2388,0.787,0.213,0.8485,0.0023,0.0,0.001,0.1411,0.078910012,0.134618157,0.141260173,0.103927989,0.144254066,0.19157416,0.116567057,0.071935828,0.01695256,0.016001405,0.006382572,0.000395298,0.030019368,0.005285833,0.025556297,0.011630571,0.037691813,0.00686888,0.024520466,0.081232126,0.188168697,0.188756723,0.082827858,0.193864579,0.100797514,,0.093667229,,,,,0.089700997,301.0,48.4,108774,145.9176404,0.453306801,,,-0.714231169,,,,-0.74783401,-0.27640443,mc_lake_2race,MCHENRY,ALG 43,0,0,0,,0,0,1,239,159,106,166,125,83,0.15416,24.107233981657437,38,0.81098,33.74210976677087,54,0.03328,17.679862596624535,28,0.0007,7.19572453522955,11,0.0002,4.051893959988444,6,0.00052,6.603066461272148,10,0.00016,3.2456177784794966,5,MCHENRY:ALG 43,MCHENRY:ALGONQUIN ALG 43,MCHENRY:ALG 43,1.0,76.81817796,2.948925812,2.948925812,2.948925812,2.948925812,5.488267172,2.948925812,2.948925812,18.95007251822509,25.59946491891034,13.296449211476212,5.477064055307778,3.261556251736464,5.792807727347736,2.6377004251239957,23.942401426639673,33.51944788099161,17.653622849772546,7.14827317767371,3.989099606950365,6.563788410165341,3.14061931869995,16.6837969044165,27.088815235922073,16.60043547245559,8.742519847504228,2.963245109084818,0.0015041392518699876,0.0016841228805172918,1.0,0.3,0.2,1.0,1.0,1.0,1.0,1.4,1.0,395.4899045,392.3230511,6.335528502,2.815607556,3.519920946,0.016019444,0.007119291,0.008900154,1684.69,159,1.0
MCHENRY:ALG 44,MCHENRY:ALGONQUIN ALG 44,MCHENRY:ALG 44,,,,,,,,,,0.820188956,0.110186275,0.017765807,0.029822504,0.011416511,0.001115552,0.3024,0.879,0.121,0.7947,0.0025,0.0,0.0,0.1845,0.044427397,0.131589198,0.1350308,0.101666624,0.146517349,0.20405775,0.15113173,0.074553863,0.011025288,0.029974223,0.011959084,1.3e-05,0.023265696,0.010812591,0.026368786,0.003183249,0.038171546,0.003170639,0.010783616,0.123915429,0.238958142,0.148389884,0.045604721,0.180289525,0.105139908,,0.042603308,,,,,-0.075675676,370.0,50.7,97847,199.4108691,0.2357656,,,-1.240346492,,,,-0.666366146,-0.686804457,mc_lake_2race,MCHENRY,ALG 44,0,0,0,,0,0,1,137,91,61,149,112,75,0.4759,29.79534535990155,27,0.50184,30.168434313667074,27,0.02074,15.698529266879335,14,0.00068,5.866077575026396,5,0.00036,5.087619901706247,5,0.00028,6.714250714466287,6,0.0002,3.3328862808516297,3,MCHENRY:ALG 44,MCHENRY:ALGONQUIN ALG 44,MCHENRY:ALG 44,1.0,85.35552312,1.424376653,1.424376653,1.424376653,1.424376653,6.098216958,1.424376653,1.424376653,21.730950205533198,21.207379141738222,10.757629965833052,3.983606493162953,3.7901762952128117,5.792510157573306,2.6372364945711735,29.58423120800888,29.906303915675082,15.653624979937511,5.87055263266769,5.040932906371511,6.662471240238158,3.2391357879943747,19.46467459172461,22.696729458749957,14.061616226812431,7.249062285359403,3.491865152561166,0.001206569477440311,0.0012201923276952253,1.0,0.3,0.2,1.0,1.0,1.0,1.0,1.4,1.0,269.6788608,268.7736168,2.629922043,1.376045834,1.253876209,0.009752051,0.005102535,0.004649516,872.31,91,1.0
MCHENRY:ALG 45,MCHENRY:ALGONQUIN ALG 45,MCHENRY:ALG 45,,,,,,,,,,0.763697976,0.163252337,0.01438046,0.028381864,0.030567155,0.000985937,0.2096,0.9065,0.0935,0.7608,0.0098,0.0,0.0327,0.1957,0.062111514,0.134916805,0.165887874,0.101872844,0.112368751,0.180354251,0.110170875,0.089020007,0.043297079,0.019192421,0.013222793,0.006056515,0.029042765,0.013278754,0.019487011,0.000343506,0.060148698,0.022862053,0.121560857,0.091960781,0.09396827,0.097460833,0.114865174,0.195338405,0.101211163,,0.008517873,,,,,0.076923077,468.0,50.4,102277,214.2700993,0.090555708,,,-0.75488176,,,,-0.632411154,-0.43784271,mc_lake_2race,MCHENRY,ALG 45,0,0,0,,0,0,1,221,147,98,126,95,63,0.15142,24.039324902834547,35,0.81192,33.786783802487705,50,0.0351,17.696115023631645,26,0.00064,7.150596804419735,11,0.0002,4.039424991558213,6,0.00054,6.675163723175002,10,0.00018,3.1939657928184206,5,MCHENRY:ALG 45,MCHENRY:ALGONQUIN ALG 45,MCHENRY:ALG 45,1.0,80.93772187,2.213281758,2.213281758,2.213281758,2.213281758,5.782587582,2.213281758,2.213281758,18.950251043387922,25.59974097964713,13.296640251331855,5.477045002733824,3.261584834427428,5.792378616464118,2.6371441502444006,23.942677346058797,33.519879048383316,17.653915301718847,7.148267328174901,3.9890868185971122,6.563361541710798,3.1400652862494303,16.683975429579334,27.089091296658864,16.600626512311234,8.742500794930274,2.9632736917757825,0.0010750283682525747,0.001127848000922156,1.0,0.3,0.2,1.0,1.0,1.0,1.0,1.4,1.0,471.6057692,471.1755479,3.238147101,1.08799206,2.150155041,0.006866216,0.002306995,0.004559221,2058.64,147,0.999795424
MCHENRY:ALG 46,MCHENRY:ALGONQUIN ALG 46,MCHENRY:ALG 46,,,,,,,,,,0.832261201,0.093900363,0.027158583,0.036855812,0.012049801,0.001261594,0.1768,0.8002,0.1998,0.7766,0.0203,0.0,0.022,0.1729,0.073396148,0.150333307,0.130032569,0.094240634,0.125280488,0.17887358,0.128508491,0.081912755,0.037422026,0.018848413,0.026197833,0.010827573,0.009302586,0.016221795,0.023456894,0.003112645,0.054136951,0.014141859,0.080084364,0.117273535,0.148684966,0.080120932,0.146737982,0.134514171,0.1163375,,0.02515725,,,,,0.066945607,478.0,51.2,96252,236.8561292,0.161442353,,,-0.786623237,,,,-0.778505491,-0.431098641,mc_lake_2race,MCHENRY,ALG 46,0,0,0,,0,0,1,203,135,90,137,103,69,0.152,24.055455869411528,32,0.8128,33.73967339642239,46,0.03318,17.66183939250581,24,0.00092,7.226573860689295,10,0.0003,4.0600779293904665,5,0.00058,6.661077199600582,9,0.00022,3.1851295262099213,4,MCHENRY:ALG 46,MCHENRY:ALGONQUIN ALG 46,MCHENRY:ALG 46,1.0,80.78803965,2.240011134,2.240011134,2.240011134,2.240011134,5.77189355,2.240011134,2.240011134,18.95015678884436,25.599595230004173,13.296539389503131,5.477679854483371,3.26156974384609,5.792945532820059,2.637593028663513,23.94223322155428,33.51916174759962,17.653463939761494,7.1489487288594695,3.9890405551904706,6.563909385663036,3.14049509226484,16.68388117503577,27.088945547015907,16.60052565048251,8.743135646679821,2.9632586011944446,0.0016419447241932694,0.0015767264200347464,1.0,0.3,0.2,1.0,1.0,1.0,1.0,1.4,1.0,348.5639522,348.3405214,2.2658113,1.06198758,1.20382372,0.006500418,0.003046751,0.003453667,1481.01,135,1.0
MCHENRY:ALG 47,MCHENRY:ALGONQUIN ALG 47,MCHENRY:ALG 47,,,,,,,,,,0.775342919,0.158806088,0.024552285,0.036246749,0.011793361,0.000936113,0.2155,0.7416,0.2584,0.7429,0.0351,0.0,0.0131,0.2035,0.093164737,0.155316272,0.113667475,0.106032861,0.116262052,0.192310198,0.105444726,0.0740289,0.043772779,0.01147869,0.04411765,0.012663242,6.01e-05,0.029431851,0.009164382,0.001378026,0.078901684,0.009776879,0.072188735,0.112654073,0.161226919,0.079740297,0.202493446,0.076085426,0.098638578,,0.104364069,,,,,0.151376147,436.0,51.1,93326,219.9166068,0.498877203,,,-0.518023078,,,,-0.620483619,-0.136685472,mc_lake_2race,MCHENRY,ALG 47,0,0,0,,0,0,1,141,94,63,116,87,58,0.15322,24.107074271777496,23,0.81116,33.78198269160567,32,0.03386,17.66900404482362,17,0.00086,7.147433089058457,7,0.0002,4.043576643813579,4,0.00052,6.5723036727067985,6,0.00018,3.178856643094367,3,MCHENRY:ALG 47,MCHENRY:ALGONQUIN ALG 47,MCHENRY:ALG 47,1.0,72.22363969,3.769391578,3.769391578,3.769391578,3.769391578,5.160010838,3.769391578,3.769391578,18.95016356336729,25.599605705725143,13.296546638923115,5.47754441041433,3.2615708284780394,5.7928558586393795,2.637538457530238,23.942308044672764,33.51928369160376,17.653539068717876,7.148802247374869,3.9890515013476584,6.563823653763524,3.1404444634127318,16.683887949558702,27.088956022736877,16.600532899902493,8.74300020261078,2.9632596858263938,0.0015522705435142426,0.001522155286759589,1.0,0.3,0.2,1.0,1.0,1.0,1.0,1.4,1.0,291.6289173,291.3540403,2.200395267,0.825780349,1.374614918,0.007545189,0.002831613,0.004713575,1389.16,94,1.0
MCHENRY:ALG 48,MCHENRY:ALGONQUIN ALG 48,MCHENRY:ALG 48,,,,,,,,,,0.80677623,0.133295469,0.012329103,0.020993357,0.029838296,0.000545916,0.2085,0.7729,0.2271,0.9258,0.0133,0.0,0.0,0.0609,0.115147837,0.108340533,0.113911032,0.163318492,0.142565368,0.121710283,0.173560344,0.040172674,0.021273437,0.018209691,0.030667954,0.00847543,0.000235936,0.026692822,0.006740467,0.027297712,0.019339167,0.025669676,0.157040088,0.07329448,0.13122891,0.12059803,0.079399981,0.120523771,0.154585886,,-0.00192518,,,,,0.030425963,493.0,46.3,95258,211.0010686,0.046066483,,,-0.902803736,,,,-0.880861713,-0.546977404,mc_lake_2race,MCHENRY,ALG 48,0,0,0,,0,0,1,201,134,89,123,93,62,0.474,29.747538881303747,40,0.50354,30.168548689082748,40,0.02068,15.749888030796374,21,0.00048,5.974006085338499,8,0.0004,5.133861446388716,7,0.00072,6.70588298063991,9,0.00018,3.3132016224306144,4,MCHENRY:ALG 48,MCHENRY:ALGONQUIN ALG 48,MCHENRY:ALG 48,1.0,83.12308846,1.823031776,1.823031776,1.823031776,1.823031776,5.938720883,1.823031776,1.823031776,21.731048410905778,21.207531000709142,10.757735055445648,3.9833641792776886,3.7901920183398534,5.792147813413618,2.636872909036607,29.58453577077382,29.906715334967643,15.653893997558143,5.870265862106323,5.040943792826507,6.662117303139709,3.238780609521047,19.464772797097186,22.696881317720877,14.061721316425027,7.248819971474139,3.491880875688208,0.0008442253177529647,0.0008566067931286819,1.0,0.3,0.2,1.0,1.0,1.0,1.0,1.4,1.0,165.6675845,165.5001261,1.105230598,0.683792876,0.421437722,0.006671375,0.0041275,0.002543876,1760.18,134,1.0
MCHENRY:ALG 49,MCHENRY:ALGONQUIN ALG 49,MCHENRY:ALG 49,,,,,,,,,,0.840486122,0.092331075,0.011335886,0.040417819,0.009688446,0.002535412,0.251,0.979,0.021,0.743,0.018,0.0,0.0068,0.2321,0.060815953,0.135879126,0.141518663,0.087288762,0.136263133,0.22079792,0.108109302,0.087397525,0.021929617,0.024555581,0.010414047,3.78e-05,0.026805751,0.005340252,0.028796275,0.003697501,0.016131314,0.008794276,0.010962078,0.097796869,0.230054922,0.158213845,0.069998475,0.18522697,0.123174093,,-0.000126008,,,,,-0.015564202,514.0,50.9,105785,206.8404842,0.053731269,,,-1.049112946,,,,-0.755759366,-0.635546366,mc_lake_2race,MCHENRY,ALG 49,0,0,0,,0,0,1,231,154,103,199,150,100,0.48234,29.920078045375565,46,0.49436,30.08069732175872,46,0.02142,15.650089043843662,24,0.00078,5.914999600602078,9,0.0004,5.123453165072058,8,0.0005,6.736235518304687,10,0.0002,3.284410705417313,5,MCHENRY:ALG 49,MCHENRY:ALGONQUIN ALG 49,MCHENRY:ALG 49,1.0,84.60309049,1.558741671,1.558741671,1.558741671,1.558741671,6.044459483,1.558741671,1.558741671,21.730832355319905,21.207196905149292,10.757503854267725,3.9832079682830734,3.790157426857375,5.792569475557735,2.6375015998239557,29.584297717125292,29.906319205494384,15.653614229759015,5.870068509240168,5.040997347646886,6.662542663301452,3.2394129983260225,19.464556741511316,22.696547222161026,14.061490115247103,7.248663760479523,3.4918462842057294,0.0012658874618698074,0.0014852975804773027,1.0,0.3,0.2,1.0,1.0,1.0,1.0,1.4,1.0,741.9724364,740.1455266,6.38923931,2.738668547,3.650570763,0.008611155,0.003691065,0.004920089,2175.83,154,1.0
MCHENRY:ALG 5,MCHENRY:ALGONQUIN ALG 05,MCHENRY:ALG 5,,,,,,,,,,0.669484118,0.261827085,0.018535907,0.036800378,0.029340839,0.002052008,0.175,0.6886,0.3114,0.8713,0.0504,0.0,0.0109,0.0672,0.097747486,0.159602885,0.14166654,0.099466671,0.146644739,0.120585492,0.107466616,0.097105842,0.029713728,0.065776241,0.043960147,0.016141521,0.008985835,0.071355622,0.023592729,0.011217029,0.01684596,0.01997158,0.084229263,0.062918252,0.252482976,0.126412234,0.052193232,0.080270343,0.063647038,,0.021341361,,,,,0.212962963,432.0,47.0,82427,212.4869917,0.145186001,,,-0.322096004,,,,-0.600475538,-0.146865252,mc_lake_2race,MCHENRY,ALG 5,0,0,0,,0,0,1,267,178,119,145,109,73,0.1555,24.14740186133152,43,0.80894,33.76505763727886,60,0.03382,17.6982886682549,32,0.00084,7.1826202660653236,13,0.00026,3.9914934352889024,7,0.00048,6.589546521649273,12,0.00016,3.128353995103525,6,MCHENRY:ALG 5,MCHENRY:ALGONQUIN ALG 05,MCHENRY:ALG 5,1.0,72.59428245,3.703204363,3.703204363,3.703204363,3.703204363,5.186491373,3.703204363,3.703204363,18.950157405429024,25.599596183454164,13.296540049310654,5.477221324072193,3.2615698425641,5.792694297635122,2.6374772337750265,23.942453172262546,33.51952254242472,17.65368285341886,7.148450973991897,3.989079412836693,6.563671284530118,3.1403924314283707,16.683881791620433,27.088946500465898,16.600526310290032,8.742677116268643,2.9632586999124544,0.00139070953925609,0.0014609315315479517,1.0,0.3,0.2,1.0,1.0,1.0,1.0,1.4,1.0,444.1807883,441.256268,5.371637001,2.671001584,2.700635416,0.012093357,0.006013321,0.006080037,2670.24,178,1.0
MCHENRY:ALG 50,MCHENRY:ALGONQUIN ALG 50,MCHENRY:ALG 50,,,,,,,,,,0.870020974,0.059203226,0.007655369,0.047638651,0.013634733,0.002851732,0.368,0.9777,0.0223,0.798,0.0648,0.0,0.0,0.1372,0.089658023,0.135897738,0.126175132,0.131606364,0.135990634,0.177709183,0.138704759,0.057592209,0.006665958,0.057031347,0.002725497,0.0,0.020829338,0.016738697,0.008721592,0.035834227,0.02263433,0.026697461,0.021199071,0.070409447,0.159079284,0.103124473,0.112380885,0.203569439,0.139024912,,-0.027918905,,,,,0.159519726,583.0,47.7,114085,236.8561292,-0.064671315,,,-0.492115786,,,,-0.730595454,-0.331824109,mc_lake_2race,MCHENRY,ALG 50,0,0,0,,0,0,1,195,130,87,210,158,105,0.15124,24.100449258171665,31,0.81256,33.76456703370388,44,0.03418,17.63475132986611,23,0.00108,7.213266232717137,9,0.00024,4.029408014682414,5,0.0005,6.617019650422288,9,0.0002,3.1321379213144223,4,MCHENRY:ALG 50,MCHENRY:ALGONQUIN ALG 50,MCHENRY:ALG 50,1.0,78.3646105,2.672772934,2.672772934,2.672772934,2.672772934,5.598751893,2.672772934,2.672772934,18.95003685282773,25.599409768052507,13.296411045918731,5.476584682442645,3.261550541544047,5.792630237628982,2.637691544346207,23.94257711050096,33.51974042342202,17.653794077532773,7.1477497658806755,3.9891431627757736,6.563624306652708,3.140623824128281,16.683761239019137,27.08876008506424,16.60039730689811,8.742040474639095,2.9632393988924015,0.0013266495331166928,0.001675242102728831,1.0,0.3,0.2,1.0,1.0,1.0,1.0,1.4,1.0,151.3606665,150.9883156,1.303228371,0.558526445,0.744701926,0.008610086,0.003690037,0.004920049,691.97,130,1.0
MCHENRY:ALG 51,MCHENRY:ALGONQUIN ALG 51,MCHENRY:ALG 51,,,,,,,,,,0.879160773,0.064039097,0.003698831,0.035671681,0.008987372,0.003151963,0.2927,0.9911,0.0089,0.7581,0.0481,0.0,0.0041,0.1897,0.0688341,0.129530364,0.1351839,0.098598108,0.13399816,0.210525301,0.120225779,0.082745877,0.020358412,0.028252014,0.008440535,1.54e-05,0.032530807,0.009985285,0.026626314,0.009357739,0.006954449,0.012937096,0.012476592,0.082049235,0.202605052,0.133012169,0.099226604,0.202770228,0.132760443,,-0.050842927,,,,,0.154362416,596.0,50.9,112737,248.7435133,-0.162331643,,,-0.508522815,,,,-0.81030605,-0.378701125,mc_lake_2race,MCHENRY,ALG 51,0,0,0,,0,0,1,161,107,71,198,149,99,0.15204,24.069620614130727,26,0.8129,33.789572406535164,36,0.03348,17.68853712197395,19,0.00078,7.199071904365832,8,0.00018,4.028000160012329,4,0.00056,6.586883637744625,7,6e-05,3.181697691998728,3,MCHENRY:ALG 51,MCHENRY:ALGONQUIN ALG 51,MCHENRY:ALG 51,1.0,79.56180075,2.458985704,2.458985704,2.458985704,2.458985704,5.684285033,2.458985704,2.458985704,18.95016995976858,25.599615596741195,13.296553483714955,5.476437827208166,3.2615718525709925,5.792238033683686,2.6372438426091867,23.942846199959835,33.520165861947255,17.65407517705168,7.147601384766018,3.98914488230805,6.563237572588258,3.140181592272107,16.683894345959988,27.08896591375293,16.600539744694334,8.741893619404616,2.963260709919347,0.0009344455878207901,0.001227540365708234,1.0,0.3,0.2,1.0,1.0,1.0,1.0,1.4,1.0,219.0515976,218.5129992,1.88568668,0.808391163,1.077295516,0.008608413,0.003690414,0.004917999,763.86,107,1.0
MCHENRY:ALG 52,MCHENRY:ALGONQUIN ALG 52,MCHENRY:ALG 52,,,,,,,,,,0.679095884,0.254811047,0.018735653,0.029295724,0.025230021,0.001403793,0.2386,0.7698,0.2302,0.8931,0.0216,0.0,0.0114,0.0738,0.209166012,0.085023225,0.121265246,0.112709598,0.145823137,0.160911519,0.09417483,0.065592348,0.005334084,0.012309587,0.026734397,0.027200766,0.000321017,0.020174769,3.74e-05,0.005141126,0.001839576,0.007915227,0.063001866,0.212426489,0.153614071,0.204409482,0.044069792,0.062370656,0.158433772,,0.256363062,,,,,0.193205945,471.0,46.8,95001,224.6715604,1.146419398,,,-0.384949306,,,,-0.57379052,0.189313958,mc_lake_2race,MCHENRY,ALG 52,0,0,0,,0,0,1,206,137,91,127,96,64,0.15246,24.09650094350711,33,0.81134,33.74486599755605,46,0.03442,17.689590070488048,24,0.00092,7.197140193820689,10,0.00022,4.005273207331843,5,0.00046,6.668102878936394,9,0.00018,3.1570078813069795,4,MCHENRY:ALG 52,MCHENRY:ALGONQUIN ALG 52,MCHENRY:ALG 52,1.0,59.07573073,6.496589945,6.496589945,6.496589945,6.496589945,4.220659774,6.496589945,4.220659774,18.950240878650405,25.59972526149914,13.29662937404174,5.47727188623065,3.2615832070066952,5.792526054946535,2.637231907004501,23.94255377614425,33.51967753526892,17.653791329330772,7.148512804523188,3.989068387533907,6.56350238763792,3.1401464504542345,16.683965264841813,27.089075578510876,16.600615635021118,8.7427276784271,2.9632720643550496,0.0012224668506691746,0.0012156047610226515,1.0,0.3,0.2,1.0,1.0,1.0,1.0,1.4,1.0,181.30525,181.2020224,0.673749482,0.305225008,0.368524475,0.003716106,0.001683487,0.002032619,1856.9,137,1.0
MCHENRY:ALG 53,MCHENRY:ALGONQUIN ALG 53,MCHENRY:ALG 53,,,,,,,,,,0.907055465,0.05339254,0.005743521,0.023533986,0.011741913,1.97e-07,0.288,0.9883,0.0117,0.7653,0.0358,0.0,0.0,0.1989,0.070153757,0.190346718,0.107106679,0.070819375,0.131309312,0.212608028,0.139546899,0.065758115,0.012351116,0.004949262,0.008527071,0.001791606,0.015073493,0.044402003,0.01074379,0.042721557,0.005123966,0.020791834,0.030766544,0.03065737,0.143304547,0.069622388,0.122535715,0.17741265,0.271576205,,-0.069245253,,,,,-0.19205298,604.0,51.8,139593,253.498467,-0.240728758,,,-1.610579377,,,,-0.898295613,-1.096885395,mc_lake_2race,MCHENRY,ALG 53,0,0,0,,0,0,1,314,209,139,200,150,100,0.47602,29.8033470884874,62,0.5015,30.152799202872053,63,0.0208,15.712206125637081,33,0.00052,5.905680598837139,12,0.0004,5.122243207443312,11,0.00052,6.741228284372306,14,0.00024,3.3233308478935393,7,MCHENRY:ALG 53,MCHENRY:ALGONQUIN ALG 53,MCHENRY:ALG 53,1.0,89.37779621,0.706102655,0.706102655,0.706102655,0.706102655,6.385587864,0.706102655,0.706102655,21.731020151843204,21.207487302568715,10.7577048154103,3.983000231624347,3.7901874939353406,5.792015831120741,2.636869816205112,29.58471992036103,29.906917188748672,15.65401293177409,5.869827283081841,5.040989421435711,6.661996864824576,3.2387890606672958,19.464744538034612,22.69683761958045,14.061691076389678,7.248456023820797,3.491876351283695,0.0007122430248762649,0.0008535139616336093,1.0,0.3,0.2,1.0,1.0,1.0,1.0,1.4,1.0,810.4318785,808.4377286,2.662657611,0.667512391,1.995145219,0.00328548,0.00082365,0.00246183,2195.82,209,1.0
MCHENRY:ALG 54,MCHENRY:ALGONQUIN ALG 54,MCHENRY:ALG 54,,,,,,,,,,0.849811446,0.103484463,0.008444858,0.020301793,0.016224541,0.000916335,0.3468,0.7409,0.2591,0.7574,0.0356,0.0,0.0,0.1805,0.104747553,0.081941641,0.149866967,0.140734635,0.129591475,0.137074568,0.188906129,0.046325267,0.020811764,0.017553823,0.016650531,0.036995215,0.004189917,0.014428492,0.014067422,0.012750782,0.042152161,0.019694407,0.165185393,0.033529153,0.100178426,0.128460227,0.087045978,0.122195915,0.184922157,,0.082595099,,,,,0.053864169,427.0,47.5,104403,202.6798997,0.406137598,,,-0.828239415,,,,-0.584743419,-0.365348035,mc_lake_2race,MCHENRY,ALG 54,0,0,0,,0,0,1,228,152,101,158,119,79,0.15058,24.075510286617465,37,0.81416,33.76775559731283,51,0.0333,17.729408363326435,27,0.00108,7.226270927118886,11,0.00022,3.9890357877401703,6,0.00064,6.67255641822363,10,2e-05,3.1866897175227455,5,MCHENRY:ALG 54,MCHENRY:ALGONQUIN ALG 54,MCHENRY:ALG 54,1.0,79.23071484,2.518109087,2.518109087,2.518109087,2.518109087,5.660630633,2.518109087,2.518109087,18.950340916892465,25.599879954710854,13.296736425008781,5.476772155801207,3.261599223584483,5.792019181569358,2.63679872169562,23.94294200348465,33.52030242894424,17.654187653824476,7.147978570387043,3.989102717312104,6.563010773028038,3.139728523912649,16.684065303083873,27.089230271722588,16.60072268598816,8.742227947997657,2.9632880809328372,0.000715593473492408,0.0007824194521415689,1.0,0.3,0.2,1.0,1.0,1.0,1.0,1.4,1.0,294.3091619,294.1932764,1.469928607,1.134652452,0.335276155,0.004994505,0.003855308,0.001139197,1527.75,152,1.0
MCHENRY:ALG 55,MCHENRY:ALGONQUIN ALG 55,MCHENRY:ALG 55,,,,,,,,,,0.87835032,0.050296896,0.011414688,0.035479658,0.017600078,5.13e-05,0.3532,0.9219,0.0781,0.5502,0.0525,0.0,0.0,0.3949,0.103968406,0.119287189,0.093456545,0.096755277,0.167266661,0.153922443,0.174705298,0.083674155,0.006964026,0.000800259,0.04647483,0.0,0.025956201,0.0,0.055261226,0.000355758,0.026460085,0.020712224,0.040052705,0.022690771,0.095608973,0.110373113,0.146304172,0.200378383,0.208571299,,-0.026452407,,,,,0.029457364,645.0,51.1,134442,246.0688519,-0.058423778,,,-0.905885154,,,,-0.556149786,-0.588087138,mc_lake_2race,MCHENRY,ALG 55,0,0,0,,0,0,1,147,98,65,160,120,80,0.47766,29.80288262870814,29,0.4994,30.1454818301239,30,0.02152,15.724034066259613,15,0.00056,5.952814842105039,6,0.00034,5.140357217767791,5,0.00046,6.667892942436926,7,6e-05,3.3202372680491727,3,MCHENRY:ALG 55,MCHENRY:ALGONQUIN ALG 55,MCHENRY:ALG 55,1.0,83.84003476,1.6950037,1.6950037,1.6950037,1.6950037,5.989943041,1.6950037,1.6950037,21.730887281797045,21.207281840199947,10.757562631115185,3.983238438141788,3.790166220836313,5.792457243944161,2.637339475942815,29.584364028529667,29.906426736229996,15.653689538043402,5.870107575193954,5.040984771845126,6.662429789147038,3.239250231904041,19.464611667988454,22.69663215721168,14.061548892094564,7.248694230338238,3.4918550781846673,0.0011536558482952372,0.0013231736993362705,1.0,0.3,0.2,1.0,1.0,1.0,1.0,1.4,1.0,69.60832993,69.47403733,0.760991388,0.358113594,0.402877794,0.010932476,0.005144695,0.005787781,525.95,98,1.0
MCHENRY:ALG 56,MCHENRY:ALGONQUIN ALG 56,MCHENRY:ALG 56,,,,,,,,,,0.869336153,0.083123656,0.012725182,0.019044591,0.011919511,0.000261743,0.2552,0.6819,0.3181,0.8461,0.0336,0.0,0.0,0.1202,0.122882525,0.147811888,0.142631598,0.116220721,0.117291871,0.159057972,0.126732535,0.055184423,0.012186468,0.024489364,0.044808023,0.007720892,0.014102907,0.036700246,0.014078328,0.017794314,0.009471467,0.017438026,0.062534311,0.073651866,0.143926868,0.087220533,0.060127265,0.141458046,0.244477545,,-0.062276597,,,,,-0.094619666,539.0,47.0,109540,206.8404842,-0.211041069,,,-1.300613295,,,,-0.859206432,-0.892023711,mc_lake_2race,MCHENRY,ALG 56,0,0,0,,0,0,1,93,62,41,172,129,86,0.47424,29.781525175919132,18,0.50426,30.15456884008758,19,0.02026,15.6897388548562,10,0.00034,5.887289080357714,4,0.00038,5.156664387701319,3,0.00038,6.742969361275073,4,0.00014,3.260094848453038,2,MCHENRY:ALG 56,MCHENRY:ALGONQUIN ALG 56,MCHENRY:ALG 56,1.0,87.7445843,0.997752084,0.997752084,0.997752084,0.997752084,6.268903199,0.997752084,0.997752084,21.73107008675862,21.207564518964,10.75775825078535,3.983395624901986,3.790195488742532,5.792114102890228,2.63681375329059,29.584549768063386,29.90674342890039,15.653914923834652,5.87030461494764,5.040936646490543,6.662082713748933,3.238720574907644,19.46479447295003,22.696914835975733,14.06174451176473,7.248851417098436,3.4918843460908864,0.000810514794362108,0.0007974510471116208,1.0,0.3,0.2,1.0,1.0,1.0,1.0,1.4,1.0,127.2723462,126.9591247,0.4176287,0.104407175,0.313221525,0.003281378,0.000820345,0.002461034,812.85,62,1.0
MCHENRY:ALG 57,MCHENRY:ALGONQUIN ALG 57,MCHENRY:ALG 57,,,,,,,,,,0.84964867,0.100314134,0.012776689,0.022651356,0.015236978,8.57e-07,0.2458,0.6644,0.3356,0.8512,0.0338,0.0,0.0,0.1149,0.126812357,0.147595407,0.141470314,0.109362411,0.123133685,0.16205102,0.124303837,0.05388663,0.011384339,0.029199689,0.066393082,8.81e-05,0.009333,0.060787903,0.006629709,0.017487267,0.000728198,0.025191536,0.03219946,0.086958662,0.142329345,0.072893961,0.070257198,0.135868876,0.243653985,,0.017299078,,,,,0.010416667,576.0,47.1,107776,230.3180679,0.127965171,,,-0.966459613,,,,-0.842444359,-0.556050319,mc_lake_2race,MCHENRY,ALG 57,0,0,0,,0,0,1,189,126,84,168,126,84,0.47738,29.84452946845505,38,0.50066,30.154521873603667,38,0.02036,15.678175524048848,20,0.00068,5.940536066194445,7,0.00036,5.087151158222143,6,0.0005,6.706047708604446,8,6e-05,3.3211426057592854,4,MCHENRY:ALG 57,MCHENRY:ALGONQUIN ALG 57,MCHENRY:ALG 57,1.0,83.28599434,1.793940997,1.793940997,1.793940997,1.793940997,5.950359678,1.793940997,1.793940997,21.731029969213786,21.20750248356904,10.757715320982895,3.983379173534165,3.790189065741045,5.792199236778886,2.636933607798378,29.58449769808478,29.906660604596517,15.653857292319774,5.870283055037563,5.040945178926391,6.662168130075164,3.2388407118530047,19.464754355405194,22.696852800580775,14.061701581962273,7.248834965730615,3.4918779230893993,0.0008956486830207326,0.0009173055548992527,1.0,0.3,0.2,1.0,1.0,1.0,1.0,1.4,1.0,192.3850429,191.9123081,0.631450805,0.158147155,0.473303649,0.003282224,0.000822035,0.002460189,1333.4,126,1.0
MCHENRY:ALG 58,MCHENRY:ALGONQUIN ALG 58,MCHENRY:ALG 58,,,,,,,,,,0.851139928,0.077848077,0.013541753,0.035218916,0.015609785,0.000301005,0.302,0.8156,0.1844,0.7114,0.0842,0.0,0.0,0.2015,0.110951495,0.105440703,0.107222008,0.100626853,0.165655276,0.143807495,0.182731148,0.068755751,0.014809272,0.004700198,0.011296396,0.000145372,0.036336884,6.14e-05,0.058147944,0.002135813,0.024433028,0.045015326,0.073983073,0.04806036,0.142804344,0.133379667,0.151804438,0.142194556,0.125501243,,0.082058698,,,,,0.072512648,593.0,50.5,109912,234.4786523,0.403852436,,,-0.768912725,,,,-0.694022853,-0.32912579,mc_lake_2race,MCHENRY,ALG 58,0,0,0,,0,0,1,188,125,83,152,114,76,0.15194,24.063318770304527,30,0.81312,33.802073472537316,42,0.03334,17.70268247125789,22,0.00082,7.151684828565092,9,0.00024,4.081434099746496,5,0.00044,6.602256736790979,8,0.0001,3.199794441785733,4,MCHENRY:ALG 58,MCHENRY:ALGONQUIN ALG 58,MCHENRY:ALG 58,1.0,78.29267821,2.685618182,2.685618182,2.685618182,2.685618182,5.593612698,2.685618182,2.685618182,18.95017499581062,25.599623384178297,13.296558872785774,5.476963992921807,3.2615726588642406,5.792512855600649,2.6373589733390737,23.942602384556558,33.51976523110026,17.653833085033916,7.148173058060438,3.9890998288090724,6.563497377418098,3.1402817059148713,16.68389938200203,27.08897370119003,16.600545133765152,8.742419785118257,2.963261516212595,0.0012092675047836714,0.001342671095595166,1.0,0.3,0.2,1.0,1.0,1.0,1.0,1.4,1.0,89.13167928,88.96059269,0.969912255,0.457259671,0.512652584,0.01088179,0.005130159,0.005751632,1167.58,125,1.0
MCHENRY:ALG 59,MCHENRY:ALGONQUIN ALG 59,MCHENRY:ALG 59,,,,,,,,,,0.834746448,0.103192364,0.009545933,0.031162691,0.011476404,0.001027289,0.3276,0.7182,0.2818,0.8312,0.0306,0.0,0.0,0.1381,0.094226981,0.134658032,0.130429438,0.123659253,0.175929225,0.199272185,0.11024932,0.030815445,0.000760122,0.000211603,0.022606756,9.33e-05,0.024347149,7.17e-05,0.002969355,0.000205488,0.019492772,0.049595277,0.046819827,0.023141484,0.238682914,0.144386677,0.117412429,0.177226431,0.132736806,,-0.007530083,,,,,-0.036521739,575.0,46.0,112425,241.6110828,0.022188619,,,-1.115785477,,,,-0.713794848,-0.689045191,mc_lake_2race,MCHENRY,ALG 59,0,0,0,,0,0,1,228,152,101,137,103,69,0.47612,29.848368860368524,45,0.50142,30.164086582354965,46,0.021,15.70034528810076,24,0.00068,5.920444575785604,9,0.00024,5.166424312193394,8,0.0004,6.705217000401921,10,0.00014,3.2901139861211224,5,MCHENRY:ALG 59,MCHENRY:ALGONQUIN ALG 59,MCHENRY:ALG 59,1.0,85.38681635,1.418788491,1.418788491,1.418788491,1.418788491,6.1004527,1.418788491,1.418788491,21.73093529881983,21.207356090879667,10.757614014152482,3.9831619701374326,3.790173908580166,5.792302963036026,2.6371721371250634,29.584486615346048,29.906596876572472,15.653802053369457,5.870017837133365,5.040985371145727,6.662278266239376,3.2390856510867616,19.464659685011238,22.6967064078914,14.06160027513186,7.2486177623338826,3.4918627659285204,0.000999374940160892,0.0011558348815850848,1.0,0.3,0.2,1.0,1.0,1.0,1.0,1.4,1.0,147.9027612,147.6138715,1.611744423,0.758382573,0.853361851,0.010897325,0.005127575,0.005769749,1614.73,144,0.994840798
MCHENRY:ALG 6,MCHENRY:ALGONQUIN ALG 06,MCHENRY:ALG 6,,,,,,,,,,0.677308596,0.251779306,0.030471018,0.022243386,0.028949787,0.000726734,0.1632,0.6341,0.3659,0.9196,0.0219,0.0,0.01,0.0484,0.12939721,0.144260365,0.095935541,0.173787566,0.149822626,0.122157967,0.110710134,0.051467484,0.02246111,0.042425243,0.007644593,0.0034019,0.000341823,0.039253471,0.004305359,0.013120694,0.07193951,0.045441537,0.169780116,0.132159254,0.101805111,0.129057336,0.081075263,0.103209819,0.055038973,,0.123810132,,,,,0.130434783,506.0,44.7,71616,206.5432996,0.58172082,,,-0.584644157,,,,-0.620345595,-0.147257291,mc_lake_2race,MCHENRY,ALG 6,0,0,0,,0,0,1,185,123,82,135,102,68,0.14924,23.707327508424076,29,0.80154,33.47669547963316,41,0.0477,18.76657238120412,23,0.00066,6.716863777670415,8,0.00012,4.156255909158793,5,0.00062,6.619623585655159,8,0.00012,3.1563729791071333,4,MCHENRY:ALG 6,MCHENRY:ALGONQUIN ALG 06,MCHENRY:ALG 6,1.0,72.60843926,3.700676322,3.700676322,3.700676322,3.700676322,5.187502805,3.700676322,3.700676322,18.9503193208239,25.845898295639703,14.372121696150476,5.260442487023095,3.3969267351066113,5.792702690015741,2.637153988260935,23.5768118311783,33.24373697434755,18.70302667486115,6.67187770497295,4.101907815042573,6.54175108074356,3.118140589747102,16.68404370701531,27.335248612651437,17.676107957129854,8.525898279219545,3.0986155924549657,0.0013991019198754855,0.001137686017456385,1.0,0.3,0.2,1.0,1.0,1.0,1.0,1.4,1.0,373.6380903,372.339009,3.257313815,0.652991025,2.604322789,0.008717831,0.001747656,0.006970175,1653.21,123,1.0
MCHENRY:ALG 60,MCHENRY:ALGONQUIN ALG 60,MCHENRY:ALG 60,,,,,,,,,,0.873341113,0.042871505,0.008433411,0.063346401,0.00945959,2.69e-05,0.3781,0.9286,0.0714,0.7077,0.0243,0.0,0.0,0.2269,0.122521874,0.116235845,0.117909459,0.086083146,0.109975563,0.220825076,0.130767612,0.084395465,0.011285959,0.002701593,0.005969791,8.64e-06,0.000855509,5.75e-06,0.009238098,0.00246789,0.024924322,0.008131682,0.086501874,0.021661558,0.062194669,0.095021724,0.074300388,0.239193111,0.366823394,,-0.268061067,,,,,-0.24025974,616.0,52.2,172161,251.1209901,-1.087718768,,,-1.763940275,,,,-0.662788688,-1.51035721,mc_lake_2race,MCHENRY,ALG 60,0,0,0,,0,0,1,345,230,153,154,116,77,0.47588,29.86690090859837,69,0.50156,30.14777888845578,69,0.02124,15.760565788518571,36,0.0004,5.88410198472383,14,0.00036,5.064079034194399,12,0.00034,6.740010047749548,16,0.00022,3.261655464183354,8,MCHENRY:ALG 60,MCHENRY:ALGONQUIN ALG 60,MCHENRY:ALG 60,1.0,91.29675377,0.363426438,0.363426438,0.363426438,0.363426438,6.522687598,0.363426438,0.363426438,21.730577323895247,21.20680253966108,10.757230945027485,3.9829315168950092,3.7901165951657427,5.793017053612896,2.638220838723546,29.584074414645197,29.90591959499929,15.653325671661435,5.869724934285239,5.04107091791909,6.662997570756977,3.2401395666259756,19.46430171008666,22.696152856672814,14.061217206006864,7.248387309091459,3.491805452514097,0.0017134655170310401,0.0022045364800677976,1.0,0.3,0.2,1.0,1.0,1.0,1.0,1.4,1.0,1216.087248,1213.742416,13.29009535,6.254033349,7.036062004,0.010928571,0.005142751,0.00578582,2220.13,230,0.9998545
MCHENRY:ALG 61,MCHENRY:ALGONQUIN ALG 61,MCHENRY:ALG 61,,,,,,,,,,0.793686626,0.099079935,0.034258627,0.068685706,0.009570416,1.84e-06,0.3895,0.9531,0.0469,0.742,0.0162,0.0,0.013,0.228,0.111217368,0.074144696,0.110097674,0.169977882,0.131366663,0.179380207,0.123714697,0.087833826,0.012266986,0.008544752,0.002288551,0.001127195,1.7e-06,0.017582106,0.011864576,0.00852798,0.05114958,2.45e-05,0.022147146,0.033519136,0.091565686,0.153497573,0.169335102,0.146158058,0.282666312,,0.041232936,,,,,0.050709939,493.0,48.2,139492,210.1095148,0.229927577,,,-0.838274015,,,,-0.499555781,-0.437698418,mc_lake_2race,MCHENRY,ALG 61,0,0,0,,0,0,1,170,113,75,128,96,64,0.15508,24.121925248761666,27,0.8105,33.73874412145968,38,0.03244,17.710250898501993,20,0.00094,7.235920909971987,8,0.00026,4.0330201393099685,5,0.00052,6.6212375658259575,7,0.00026,3.1952296517290466,4,MCHENRY:ALG 61,MCHENRY:ALGONQUIN ALG 61,MCHENRY:ALG 61,1.0,80.93453824,2.213850272,2.213850272,2.213850272,2.213850272,5.782360128,2.213850272,2.213850272,18.94980274936588,25.59904776432631,13.296160531700743,5.477888286770504,3.2615130605144955,5.793889480023512,2.638738582524872,23.941604526620967,33.51817295256073,17.6528028665593,7.149145584693931,3.989051427753555,6.564843999722512,3.14163131298222,16.683527135557288,27.088398081338045,16.60014679268012,8.743344078966954,2.96320191786285,0.0025858919276458645,0.002722280281393583,1.0,0.3,0.2,1.0,1.0,1.0,1.0,1.4,1.0,259.4021245,259.1573572,1.957798303,0.734194773,1.22360353,0.007547349,0.002830334,0.004717014,923.86,113,0.999921503
MCHENRY:ALG 62,MCHENRY:ALGONQUIN ALG 62,MCHENRY:ALG 62,,,,,,,,,,0.873815876,0.059767064,0.015851193,0.03937703,0.008562155,0.000450353,0.3349,0.9125,0.0875,0.8036,0.0135,0.0,0.0042,0.1574,0.088583223,0.12274575,0.098079848,0.094897473,0.140582426,0.162831736,0.170240363,0.097349656,0.024689524,0.010263874,0.005789477,0.001900752,0.006226229,0.003745715,0.029324731,0.004896834,0.039963794,0.019146314,0.098283092,0.064011278,0.11287682,0.118244445,0.099864963,0.163686099,0.221775583,,-0.078584429,,,,,-0.109243697,595.0,52.7,121898,239.5307906,-0.280515275,,,-1.347136947,,,,-0.759542024,-0.94715382,mc_lake_2race,MCHENRY,ALG 62,0,0,0,,0,0,1,189,126,84,167,126,84,0.47688,29.793183316116046,38,0.50012,30.08068250053984,38,0.02124,15.687492245138085,20,0.00064,5.910867116659245,7,0.00056,5.082233421640491,6,0.00046,6.748287028138201,9,0.0001,3.2315741009899104,4,MCHENRY:ALG 62,MCHENRY:ALGONQUIN ALG 62,MCHENRY:ALG 62,1.0,88.24617745,0.908180513,0.908180513,0.908180513,0.908180513,6.304739472,0.908180513,0.908180513,21.73084393187102,21.207214806442188,10.757516242340186,3.983453772660753,3.790159280315889,5.79267622705872,2.6375268877768048,29.58416167022418,29.906165101586566,15.653521723165468,5.870364380191733,5.040967780476713,6.662641571886058,3.239430443362492,19.46456831806243,22.696565123453922,14.061502503319565,7.248909564857203,3.491848137664243,0.0013726389628553677,0.0015105855333262634,1.0,0.3,0.2,1.0,1.0,1.0,1.0,1.4,1.0,435.0473324,434.8709373,2.767220319,1.766704602,1.000515717,0.006360734,0.004060948,0.002299786,1226.84,126,1.0
MCHENRY:ALG 63,MCHENRY:ALGONQUIN ALG 63,MCHENRY:ALG 63,,,,,,,,,,0.868466945,0.076324719,0.010053086,0.021384637,0.013117939,0.000731251,0.3473,0.8908,0.1092,0.8266,0.025,0.0,0.0,0.1323,0.085165828,0.102004535,0.115500271,0.104371871,0.118196038,0.148000353,0.223361448,0.083363892,0.020035764,0.01419905,0.02949392,0.013911792,0.007228848,0.024998992,0.022634915,0.002430369,0.019304225,0.022462398,0.052368005,0.057727215,0.136884879,0.131519345,0.1074932,0.121291368,0.236051479,,-0.06400606,,,,,-0.037398374,615.0,53.5,118316,231.5068063,-0.218408883,,,-1.118574329,,,,-0.787308742,-0.781012287,mc_lake_2race,MCHENRY,ALG 63,0,0,0,,0,0,1,224,149,99,176,132,88,0.47346,29.85852003286857,44,0.50434,30.127852668887524,45,0.0207,15.720278724091912,23,0.00064,5.903019229853617,9,0.00032,5.10008694784732,8,0.00036,6.753914152702533,10,0.00018,3.269942093829182,5,MCHENRY:ALG 63,MCHENRY:ALGONQUIN ALG 63,MCHENRY:ALG 63,1.0,86.56529266,1.208343085,1.208343085,1.208343085,1.208343085,6.184648824,1.208343085,1.208343085,21.731044058752822,21.207524270797617,10.757730398204849,3.9832409869771803,3.790191321540361,5.792090911188021,2.6368557561889987,29.58460620939019,29.906796001596362,15.653942712397761,5.870117641615202,5.040958369061302,6.662064340536531,3.2387673962958585,19.46476844494423,22.69687458780935,14.061716659184228,7.24869677917363,3.4918801788887155,0.000787323092155439,0.000839453945520185,1.0,0.3,0.2,1.0,1.0,1.0,1.0,1.4,1.0,268.7511891,268.7511693,1.429553987,1.191267048,0.238286939,0.005319247,0.004432602,0.000886645,1287.42,149,1.0
MCHENRY:ALG 7,MCHENRY:ALGONQUIN ALG 07,MCHENRY:ALG 7,,,,,,,,,,0.669777088,0.252064152,0.020675792,0.029740619,0.037132273,0.000372288,0.2029,0.7222,0.2778,0.9254,0.0101,0.0,0.0387,0.0257,0.184097207,0.102211046,0.119416749,0.210406471,0.099198123,0.105861039,0.111542807,0.044837173,0.022429386,0.047969938,0.012691334,0.005338614,0.006561546,0.101042345,0.025289167,0.01219501,0.072560581,0.037103773,0.113642865,0.129661694,0.101818483,0.111676016,0.132447084,0.03621635,0.0537852,,0.078280635,,,,,0.175644028,427.0,41.5,67590,211.8926225,0.38775723,,,-0.440819299,,,,-0.501274847,-0.130103101,mc_lake_2race,MCHENRY,ALG 7,0,0,0,,0,0,1,204,136,91,116,87,58,0.14514,23.58209228942468,32,0.80286,33.47238624397261,46,0.05064,19.012087806409866,26,0.00072,6.514371231961695,9,0.00014,4.2494203552916225,6,0.00032,6.626015513928079,9,0.00018,3.1216852906217785,4,MCHENRY:ALG 7,MCHENRY:ALGONQUIN ALG 07,MCHENRY:ALG 7,1.0,71.9808436,3.812748685,3.812748685,3.812748685,3.812748685,5.142664294,3.812748685,3.812748685,18.95023593014527,25.92221260296133,14.706139917955554,5.19231123655015,3.4389579568195954,5.79259261180109,2.6372722493246803,23.465812922136084,33.160169181898766,19.022240297029505,6.526135470987934,4.136287872032245,6.534994539263371,3.1116123875453106,16.68396031633668,27.411562919973065,18.010126178934932,8.4577670287466,3.1406468141679498,0.0012890237052246042,0.0012559470812020426,1.0,0.3,0.2,1.0,1.0,1.0,1.0,1.4,1.0,390.0222155,388.6566036,3.434499714,0.693296392,2.741203322,0.008805908,0.001777582,0.007028326,1367.69,136,1.0
MCHENRY:ALG 8,MCHENRY:ALGONQUIN ALG 08,MCHENRY:ALG 8,,,,,,,,,,0.839598636,0.097513052,0.02715744,0.026172368,0.010184723,0.00093912,0.2816,0.9274,0.0726,0.8378,0.0,0.0059,0.0,0.1563,0.06277105,0.188956555,0.062748437,0.10906714,0.169305866,0.124611222,0.143399668,0.07981094,0.059329121,0.037696367,2e-06,0.03250601,0.000280481,0.030206672,0.032935604,0.031083228,0.016113921,0.015528045,0.068226476,0.177851533,0.065943584,0.15552532,0.097440456,0.114302222,0.12435808,,-0.097107182,,,,,0.044722719,559.0,51.0,96825,244.8801135,-0.35942543,,,-0.857321249,,,,-0.766473255,-0.670610317,mc_lake_2race,MCHENRY,ALG 8,0,0,0,,0,0,1,201,134,89,186,140,93,0.4738,29.776785352926495,40,0.50338,30.178183262480186,40,0.02096,15.683277758830064,21,0.00068,5.9766145690940515,8,0.00058,5.062354038579444,7,0.00046,6.722960089826738,9,0.00014,3.316545752934377,4,MCHENRY:ALG 8,MCHENRY:ALGONQUIN ALG 08,MCHENRY:ALG 8,1.0,85.12546313,1.465459421,1.465459421,1.465459421,1.465459421,6.081780345,1.465459421,1.465459421,21.73099080548763,21.207441923102795,10.757673411862227,3.984125658804806,3.790182795450269,5.792697750768997,2.637240014083746,29.58396897710093,29.906016665881516,15.653455795428606,5.8711782511590815,5.040867770779666,6.662642368235153,3.2391228423082516,19.464715191679037,22.69679224011453,14.061659672841605,7.249581451001256,3.4918716527986233,0.0013941626731308952,0.001223711840267652,1.0,0.3,0.2,1.0,1.0,1.0,1.0,1.4,1.0,217.9491258,217.1670594,2.085545227,1.042695026,1.042850201,0.009568954,0.004784121,0.004784833,1004.06,134,0.999953439
MCHENRY:ALG 9,MCHENRY:ALGONQUIN ALG 09,MCHENRY:ALG 9,,,,,,,,,,0.843957266,0.098659168,0.018934282,0.030723735,0.011296408,0.000759882,0.2789,0.9196,0.0804,0.8767,0.0,0.008,0.0,0.1153,0.063664976,0.166802583,0.065171967,0.126872096,0.150170047,0.118703541,0.153141999,0.092773556,0.062699234,0.044391439,1.76e-05,0.035881119,4.8e-06,0.036039122,0.038887296,0.036234665,0.013541629,0.01919442,0.069203172,0.183115339,0.064966887,0.133144985,0.095842312,0.106532823,0.123002432,,-0.116451349,,,,,0.152941176,510.0,52.0,84039,216.6475761,-0.441834952,,,-0.513044227,,,,-0.814474093,-0.486340749,mc_lake_2race,MCHENRY,ALG 9,0,0,0,,0,0,1,191,127,85,161,121,81,0.47364,29.83578318327154,38,0.50446,30.14126356539538,38,0.02036,15.722358349779606,20,0.00066,5.963012938934781,8,0.00042,5.093653961573446,6,0.00032,6.632152408119735,8,0.00014,3.2257591697418695,4,MCHENRY:ALG 9,MCHENRY:ALGONQUIN ALG 09,MCHENRY:ALG 9,1.0,81.96233314,2.03031267,2.03031267,2.03031267,2.03031267,5.855790834,2.03031267,2.03031267,21.73094018126629,21.20736364080566,10.757619238860597,3.98366387386754,3.790174690282063,5.7925649282565415,2.6372817161768523,29.584179660231648,29.90623781322101,15.65358273970395,5.870621131414258,5.040928124341855,6.662524101650907,3.239179100329567,19.4646645674577,22.696713957817394,14.061605499839976,7.24911966606399,3.4918635476304174,0.0012613401606760921,0.0012654139333738157,1.0,0.3,0.2,1.0,1.0,1.0,1.0,1.4,1.0,232.6173006,231.7825323,2.22607159,1.112872817,1.113198774,0.009569673,0.004784136,0.004785537,1520.16,127,1.0
