JoinField,JoinField2,JoinFieldAlt,Spanish,Polish,Indian_langs,Tagalog,Chinese,Ukranian,Arabic,Korean,Russian,V_20_VAP_White_pct,V_20_VAP_Hispanic_pct,V_20_VAP_Black_pct,V_20_VAP_Asian_pct,V_20_VAP_Native_pct,V_20_VAP_Pacific_pct,bach_pct,owner_pct,renter_pct,drive_pct,transit_pct,walk_pct,bike_pct,wfh_pct,X_22_2022_Age_Age_0_9_pct,X_22_2022_Age_Age_10_19_pct,X_22_2022_Age_Age_20_29_pct,X_22_2022_Age_Age_30_39_pct,X_22_2022_Age_Age_40_49_pct,X_22_2022_Age_Age_50_59_pct,X_22_2022_Age_Age_60_69_pct,X_22_2022_Age_Age_70_79_pct,X_22_2022_Age_Age_O79_pct,X_22_2022_Household_Income_U10K_pct,X_22_2022_Household_Income_10_15K_pct,X_22_2022_Household_Income_15_20K_pct,X_22_2022_Household_Income_20_25K_pct,X_22_2022_Household_Income_25_30K_pct,X_22_2022_Household_Income_30_35K_pct,X_22_2022_Household_Income_35_40K_pct,X_22_2022_Household_Income_40_45K_pct,X_22_2022_Household_Income_45_50K_pct,X_22_2022_Household_Income_50_60K_pct,X_22_2022_Household_Income_60_75K_pct,X_22_2022_Household_Income_75_100K_pct,X_22_2022_Household_Income_100_125K_pct,X_22_2022_Household_Income_125_150K_pct,X_22_2022_Household_Income_150_200K_pct,X_22_2022_Household_Income_O200K_pct,ward_preci,20Primary,Kaegi_margin,Assessor_tot_vote,Harris3_margin,SA_tot_vote,yes_margin,tot_union,median_voting_age,median_household_income,Pres_tot,20Primary_std,Kaegi_margin_std,Harris3_margin_std,yes_margin_std,prog_score_v1_recency,prog_score_v2_equal,prog_score_v3_recent_heavy,prog_score_predicted,prog_score_imputed,imputation_method,jurisdiction,precinct_name,in_chicago,in_evanston,in_skokie,township,in_cook,in_lake,in_mchenry,estimated_turnout_high,estimated_turnout,estimated_turnout_low,estimated_turnout_high_old,estimated_turnout_old,estimated_turnout_low_old,win_prob_Fine,median_pct_Fine,median_votes_Fine,win_prob_Biss,median_pct_Biss,median_votes_Biss,win_prob_Abughazaleh,median_pct_Abughazaleh,median_votes_Abughazaleh,win_prob_Simmons,median_pct_Simmons,median_votes_Simmons,win_prob_Amiwala,median_pct_Amiwala,median_votes_Amiwala,win_prob_Andrew,median_pct_Andrew,median_votes_Andrew,win_prob_Huynh,median_pct_Huynh,median_votes_Huynh,JoinField_norm,JoinField2_norm,JoinFieldAlt_norm,border_uncertainty_mult,exp_Fine,exp_Biss,exp_Abughazaleh,exp_Simmons,exp_Amiwala,exp_Andrew,exp_Huynh,exp_Others,adjusted_Fine,adjusted_Biss,adjusted_Abughazaleh,adjusted_Simmons,adjusted_Amiwala,adjusted_Andrew,adjusted_Huynh,final_Fine,final_Biss,final_Abughazaleh,final_Simmons,final_Amiwala,final_Andrew,final_Huynh,raw_Fine,raw_Biss,raw_Abughazaleh,raw_Simmons,raw_Amiwala,raw_Andrew,raw_Huynh,outside_chicago_weight,evanston_weight,chicago_weight,geo_boost_Biss_evanston,geo_boost_Abughazaleh_chicago,geo_boost_Simmons_chicago,geo_boost_Huynh_chicago,geo_boost_Fine_outside_chicago,geo_boost_Amiwala_niles,tot_cohabitating_couples,straight_cohabitating,lgbt_cohabitating,mlm_cohabitating,wlw_cohabitating,lgbt_pct,mlm_pct,wlw_pct,tot_pop,original_estimated_turnout,area_adjustment_factor
CITY OF CHICAGO:WARD 46 PRECINCT 20,CITY OF CHICAGO:WARD 46 PRECINCT 20,CITY OF CHICAGO:Ward 46 Precinct 20,TRUE, ,,TRUE,TRUE,,,TRUE,,0.324850263,0.104743956,0.335078528,0.223833058,0.023909739,0.001726258,0.3083,0.2236,0.7764,0.4179,0.3305,0.0344,0.0427,0.1574,0.137071736,0.067933505,0.234349959,0.172367622,0.117050832,0.094294464,0.061823014,0.074310967,0.040797902,0.185706639,0.084621839,0.018067269,0.084787465,0.036537449,0.002804025,0.01255697,0.011163306,0.062313416,0.104470857,0.096561366,0.106224755,0.028540758,0.062093387,0.070925676,0.032624822,46020.0,0.244589254,0.25388601,193.0,0.214285714,280.0,0.813114754,610.0,38.2,50138,312.3410185,1.096260924,-0.538289729,1.068619564,1.587176007,0.800677556,0.803441692,0.85371313,1.058303414,0.800677556,complete,CITY OF CHICAGO,Ward 46 Precinct 20,1,0,0,,0,0,0,624,416,277,149,112,75,0.17996,20.968023124949205,87,0.36562,24.626507690567372,102,0.43772,25.672236612391096,107,0.01346,11.949434256562075,50,0.00134,5.644966371138921,23,0.00156,4.941435843240057,21,0.00034,2.9402171860673225,12,CITY OF CHICAGO:WARD 46 PRECINCT 20,CITY OF CHICAGO:WARD 46 PRECINCT 20,CITY OF CHICAGO:WARD 46 PRECINCT 20,1.2,32.89816372,12.48020483,12.48020483,12.48020483,12.48020483,2.350406073,12.48020483,2.350406073,15.894940174780833,17.917063629304987,19.89843166569038,10.467768874844229,4.4885141487574165,3.903308277179116,2.0879345616635185,20.407359826451895,23.932424776557447,25.025944688537052,11.598562238147807,5.45889183781226,4.758774215736648,2.7688793868763817,13.488255231440268,21.503871663796744,23.575895004907384,13.750610570073487,4.195218146192295,0.010019487271222557,0.013955445834985036,0.2,0.3,1.0,1.000088439,1.5,1.8,1.4,1.0,1.000039806,433.3594056,403.5798841,52.95711223,37.32405943,15.6330528,0.122201368,0.086127263,0.036074105,3677.787281,416,1.0000000000000002
CITY OF CHICAGO:WARD 40 PRECINCT 02,CITY OF CHICAGO:WARD 40 PRECINCT 02,CITY OF CHICAGO:Ward 40 Precinct 02,TRUE, ,True, , ,,, ,,0.266333634,0.191068365,0.267741503,0.269222408,0.022033998,0.003098746,0.2581,0.4522,0.5478,0.7351,0.1342,0.0,0.0206,0.1085,0.176613636,0.089263126,0.116447455,0.13072505,0.156894366,0.133540872,0.118406933,0.056079991,0.022028571,0.108803931,0.074605268,0.035626311,0.029319274,0.131279951,0.041262285,0.002114819,0.067915237,0.008707989,0.039832502,0.10940676,0.133679716,0.09723915,0.037197014,0.025949506,0.057060288,40002.0,-0.064672003,0.306358382,173.0,0.136986301,292.0,0.752122241,589.0,46.4,50092,294.8071269,-0.221245916,-0.216194695,0.797316012,1.393139599,0.540109943,0.43825375,0.611922395,0.459111855,0.540109943,complete,CITY OF CHICAGO,Ward 40 Precinct 02,1,0,0,,0,0,0,725,483,322,148,111,74,0.22016,21.495139639693058,104,0.40928,24.943786332370387,120,0.34522,23.935417611950875,116,0.02194,12.984090746270594,63,0.00168,5.463610891299507,26,0.0012,4.9032203372298575,24,0.00052,2.8840831641051787,14,CITY OF CHICAGO:WARD 40 PRECINCT 02,CITY OF CHICAGO:WARD 40 PRECINCT 02,CITY OF CHICAGO:WARD 40 PRECINCT 02,1.2,43.65349663,10.02177276,10.02177276,10.02177276,10.02177276,3.118819775,10.02177276,3.118819775,15.894502802612308,17.56989854810753,18.05371984858297,10.994326404558883,4.267192663472022,3.902703661616019,2.0886542233107206,20.963783141627232,24.220385753105127,23.28721424351855,12.580719592523408,5.300756616143468,4.7932740874258295,2.8047035357758627,13.487817859271743,21.156706582599288,21.73118318779997,14.277168099788144,3.973896660906901,0.009414871708125763,0.0146751074821871,0.2,0.3,1.0,1.103213405,1.5,1.8,1.4,1.0,1.019094305,960.6962444,943.6882152,37.54193916,26.0449195,11.49701967,0.039077845,0.027110462,0.011967383,2794.717841,483,1.0000000000000004
CITY OF CHICAGO:WARD 40 PRECINCT 03,CITY OF CHICAGO:WARD 40 PRECINCT 03,CITY OF CHICAGO:Ward 40 Precinct 03,TRUE, ,True, , ,,, ,,0.367977893,0.210377527,0.170029032,0.243593412,0.027621658,0.001735153,0.2393,0.2815,0.7185,0.4472,0.3287,0.0101,0.0412,0.139,0.134424762,0.089150124,0.123431815,0.157000987,0.150191225,0.122197187,0.117982968,0.062685825,0.042935107,0.075163822,0.050790335,0.022630867,0.081730145,0.077763644,0.041639156,0.049845048,0.046864602,0.0417723,0.095454721,0.087377403,0.113960625,0.085528867,0.0340353,0.031679919,0.063763246,40003.0,0.304792622,0.476923077,260.0,0.163265306,294.0,0.666666667,546.0,45.9,51236,288.2690656,1.352737762,0.830795162,0.889549409,1.121278483,1.002271369,1.048590204,0.97046321,0.591217516,1.002271369,complete,CITY OF CHICAGO,Ward 40 Precinct 03,1,0,0,,0,0,0,875,583,389,132,99,66,0.21718,21.49103926563962,125,0.41468,24.99549327745985,146,0.34276,23.913345509019656,139,0.02216,12.908291620982032,75,0.00118,5.49425624185581,32,0.00146,4.9612712381836985,29,0.00058,2.91389867594641,17,CITY OF CHICAGO:WARD 40 PRECINCT 03,CITY OF CHICAGO:WARD 40 PRECINCT 03,CITY OF CHICAGO:WARD 40 PRECINCT 03,1.2,25.77782197,14.10775802,14.10775802,14.10775802,14.10775802,1.841693957,14.10775802,1.841693957,15.894749763839064,17.570279128885957,18.05404056556093,10.986729238022708,4.2672384273333765,3.9003999137671492,2.086130607300226,20.96704749992839,24.22486793687692,23.291026774370216,12.572934583385926,5.30144356848617,4.791153513441729,2.802363093630137,13.488064820498499,21.157087163377714,21.73150390477793,14.269570933251966,3.9739424247682558,0.00711112385925605,0.012151491471692515,0.2,0.3,1.0,1.038371389,1.5,1.8,1.4,1.0,1.006186241,992.1537101,946.7043098,91.04451547,54.06712064,36.97739483,0.091764527,0.054494702,0.037269825,4844.672301,583,0.9999999999999993
CITY OF CHICAGO:WARD 40 PRECINCT 04,CITY OF CHICAGO:WARD 40 PRECINCT 04,CITY OF CHICAGO:Ward 40 Precinct 04,TRUE, ,True, , ,,, ,,0.415440296,0.214092066,0.074220137,0.294086665,0.018173934,0.000933405,0.274,0.5715,0.4285,0.7033,0.1102,0.0,0.0528,0.1279,0.115898108,0.133058607,0.107242665,0.111444042,0.145032086,0.147212565,0.139942184,0.076898511,0.023271231,0.016200358,0.063853144,0.006650746,0.01607188,0.02280534,0.048250257,0.035973597,0.040582535,0.060356119,0.116793865,0.05230579,0.141925281,0.107017446,0.084700808,0.05532377,0.131189065,40004.0,0.228287325,0.447619048,105.0,-0.192488263,213.0,0.576086957,552.0,48.9,78551,281.1366351,1.026811866,0.650916078,-0.359065596,0.833115875,0.39935681,0.537944556,0.219954779,0.066123388,0.39935681,complete,CITY OF CHICAGO,Ward 40 Precinct 04,1,0,0,,0,0,0,644,12,286,150,113,75,0.22306,21.634569196899655,3,0.4116,24.8947739859151,3,0.34082,23.912214223797477,3,0.02166,12.823595367652068,2,0.00118,5.505893318276095,1,0.00122,4.978712577598038,1,0.00046,2.9414812554766265,0,CITY OF CHICAGO:WARD 40 PRECINCT 04,CITY OF CHICAGO:WARD 40 PRECINCT 04,CITY OF CHICAGO:WARD 40 PRECINCT 04,1.21547,49.87682585,8.599256863,8.599256863,8.599256863,8.599256863,3.563444919,8.599256863,3.563444919,15.894263210417158,17.569529323410478,18.05340870142121,10.978676267474466,4.267148265150292,3.899320018354387,2.086605182269293,20.969276520901538,24.227817052038596,23.29360934709678,12.564592341161852,5.302260634360457,4.790258511995005,2.8030225625652427,13.487578267076593,21.156337357902235,21.73087204063821,14.261517962703724,3.973852262585171,0.006031228446493454,0.012626066440759573,0.2,0.3,1.0,1.005740232,1.5,1.8,1.4,1.0,1.056804025,674.0657063,663.4844646,30.50494591,17.62760551,12.8773404,0.045255152,0.026151168,0.019103984,4283.173001,72,0.16755869134060636
CITY OF CHICAGO:WARD 40 PRECINCT 05,CITY OF CHICAGO:WARD 40 PRECINCT 05,CITY OF CHICAGO:Ward 40 Precinct 05,TRUE, ,True, , ,,, ,,0.279423686,0.238417167,0.15771448,0.325280181,0.022841212,0.001458378,0.2342,0.4216,0.5784,0.6759,0.0855,0.0,0.006,0.2119,0.114685521,0.165558422,0.124695096,0.090374031,0.160838613,0.1799866,0.098660033,0.026504625,0.038697059,0.01883403,0.048667355,0.052628389,0.00968482,0.046433633,0.060286321,0.021217471,0.033109628,0.029333473,0.09317498,0.073918864,0.145180981,0.077202902,0.144261622,0.068983653,0.077081877,40005.0,0.370000134,0.471861472,231.0,0.081967213,183.0,0.678733032,442.0,47.2,77189,233.5870985,1.630533125,0.799725139,0.604211389,1.159665393,0.945901588,1.048533762,0.857037114,0.299617665,0.945901588,complete,CITY OF CHICAGO,Ward 40 Precinct 05,1,0,0,,0,0,0,485,323,215,102,77,51,0.21976,21.515010361490127,69,0.40934,24.924393906191582,81,0.34512,23.910468010042603,77,0.02202,12.878052045601612,42,0.0014,5.48483339779689,18,0.0017,5.0245724719210045,16,0.00066,2.98692798794771,10,CITY OF CHICAGO:WARD 40 PRECINCT 05,CITY OF CHICAGO:WARD 40 PRECINCT 05,CITY OF CHICAGO:WARD 40 PRECINCT 05,1.2,27.64550323,13.68084725,13.68084725,13.68084725,13.68084725,1.975130261,13.68084725,1.975130261,15.89396262942763,17.569066111640456,18.0530183509688,10.985093765588491,4.267092565124376,3.901433439646467,2.089124012198013,20.966367311615436,24.223808815691363,23.29020904482748,12.571159143502184,5.301691127766703,4.79221603375473,2.8053854929616078,13.487277686087065,21.155874146132213,21.7304816901858,14.267935460817752,3.973796562559255,0.008144649738573541,0.01514489636947942,0.2,0.3,1.0,1.012574921,1.5,1.8,1.4,1.0,1.033604447,794.5993904,785.3470594,27.14535709,14.86266971,12.28268738,0.034162318,0.018704607,0.015457711,4265.4384,323,0.9999999829355964
CITY OF CHICAGO:WARD 40 PRECINCT 06,CITY OF CHICAGO:WARD 40 PRECINCT 06,CITY OF CHICAGO:Ward 40 Precinct 06,TRUE, ,True, , ,,, ,,0.284697117,0.203927552,0.216503133,0.292759606,0.021602321,0.00071651,0.2276,0.4362,0.5638,0.6125,0.1413,0.0,0.064,0.1164,0.115210709,0.120910573,0.125048961,0.122623324,0.124157867,0.145168942,0.140804685,0.058872039,0.047202899,0.058901925,0.092231022,0.065448075,0.053444382,0.044462353,0.039045314,0.053698862,0.048082373,0.063964759,0.132283929,0.069588512,0.086740237,0.076367353,0.029174134,0.03820393,0.048362838,40006.0,0.229757004,0.422053232,263.0,0.15625,256.0,0.697959184,490.0,48.9,48493,251.1209901,1.033072955,0.493983543,0.864927263,1.220829843,0.886388832,0.903203401,0.878733604,0.643507695,0.886388832,complete,CITY OF CHICAGO,Ward 40 Precinct 06,1,0,0,,0,0,0,381,254,169,124,93,62,0.2202,21.514223221137424,55,0.40936,24.933116623186656,63,0.34542,23.882639303713283,61,0.02186,12.943975838664484,33,0.00134,5.516872268645666,14,0.00144,4.908186750246714,12,0.00038,2.923479590250616,7,CITY OF CHICAGO:WARD 40 PRECINCT 06,CITY OF CHICAGO:WARD 40 PRECINCT 06,CITY OF CHICAGO:WARD 40 PRECINCT 06,1.2,29.72295187,13.20598828,13.20598828,13.20598828,13.20598828,2.123553374,13.20598828,2.123553374,15.894275997969139,17.569549029728556,18.05342530801602,10.990047372869704,4.267150634784439,3.9020720933082997,2.088772844678771,20.965019518814337,24.222028874725595,23.288648080177722,12.576291686884094,5.301186892897189,4.792741139297378,2.804920777323181,13.487591054628574,21.156357064220312,21.730888647233023,14.272889068098962,3.973854632219318,0.008783303400406454,0.014793728850237543,0.2,0.3,1.0,1.012530389,1.5,1.8,1.4,1.0,1.009030507,324.9087449,315.0921303,13.397214,7.116085057,6.281128947,0.041233775,0.021901796,0.019331979,2396.762117,254,0.9999999823829462
CITY OF CHICAGO:WARD 48 PRECINCT 08,CITY OF CHICAGO:WARD 48 PRECINCT 08,CITY OF CHICAGO:Ward 48 Precinct 08,TRUE, ,True, , ,,, ,,0.709058479,0.082826848,0.077405955,0.120105514,0.003690528,0.001376767,0.4169,0.4691,0.5309,0.5418,0.2504,0.0,0.0069,0.1887,0.009712954,0.035514243,0.217438167,0.10622823,0.178900853,0.142815539,0.105726251,0.121508722,0.082154918,0.047911574,0.093863632,0.034689121,0.012498676,0.057250287,0.028051402,0.127440586,0.018500865,0.01299297,0.066500721,0.13541996,0.117854729,0.076616168,0.044610379,0.022561173,0.103237636,48008.0,0.218744169,0.450381679,131.0,0.032520325,246.0,0.578723404,470.0,47.6,60033,187.5234849,0.986156359,0.66787414,0.430663935,0.841503244,0.676000177,0.731549419,0.61582308,-0.026915648,0.676000177,complete,CITY OF CHICAGO,Ward 48 Precinct 08,1,0,0,,0,0,0,461,307,205,78,59,39,0.22082,21.5372691799533,66,0.41062,24.94596538722865,77,0.34398,23.896836858700244,73,0.02128,12.923693741886948,40,0.00152,5.4537110826938235,17,0.00134,4.934027935814936,15,0.00044,2.9576278408232812,9,CITY OF CHICAGO:WARD 48 PRECINCT 08,CITY OF CHICAGO:WARD 48 PRECINCT 08,CITY OF CHICAGO:WARD 48 PRECINCT 08,1.2,37.86637598,11.344581,11.344581,11.344581,11.344581,2.70535951,11.344581,2.70535951,15.895939694290487,17.572112876893353,18.055585872503936,10.980319780581564,4.267458930822592,3.89666971280391,2.079870228306802,20.971417460754893,24.231014397404707,23.296157747964536,12.566481297037374,5.301906547887989,4.787590058455878,2.796269460614101,13.489254750949922,21.15892091138511,21.73304921172094,14.263161475810822,3.9741629282574706,0.003380922896016233,0.0058911124782687774,0.2,0.3,1.0,1.003716995,1.5,1.8,1.4,1.0,1.00026038,84.33170631,79.23976377,11.60519755,8.948995787,2.656201761,0.137613693,0.106116622,0.031497071,296.6954233,307,0.999999877983449
CITY OF CHICAGO:WARD 48 PRECINCT 16,CITY OF CHICAGO:WARD 48 PRECINCT 16,CITY OF CHICAGO:Ward 48 Precinct 16,TRUE,TRUE,True, , ,,, ,,0.410933966,0.149698008,0.231391529,0.195388687,0.020471656,0.002589781,0.2924,0.1856,0.8144,0.3308,0.4635,0.0267,0.0364,0.1426,0.136131465,0.083164237,0.210226728,0.215535351,0.096448677,0.084152671,0.079162181,0.071694313,0.023484377,0.082194963,0.078913007,0.058946548,0.087796964,0.084449794,0.006138599,0.072265886,0.022712813,0.041891888,0.126379821,0.06708721,0.110699322,0.065047999,0.03635312,0.043267043,0.015855023,48016.0,0.285883844,0.232876712,219.0,0.231527094,203.0,0.796437659,393.0,37.2,45786,182.4713467,1.272183073,-0.667252654,1.12913293,1.534120912,0.802741051,0.817046065,0.865158424,0.831879568,0.802741051,complete,CITY OF CHICAGO,Ward 48 Precinct 16,1,0,0,,0,0,0,561,374,249,188,141,94,0.17864,20.942549251423966,78,0.36062,24.587550538046177,92,0.4449,25.7872238480657,96,0.01296,11.842228438255423,44,0.0011,5.690797315417805,21,0.0013,4.917764713817374,18,0.00048,2.8747532071770108,11,CITY OF CHICAGO:WARD 48 PRECINCT 16,CITY OF CHICAGO:WARD 48 PRECINCT 16,CITY OF CHICAGO:WARD 48 PRECINCT 16,1.2,32.81928535,12.49823468,12.49823468,12.49823468,12.49823468,2.344770616,12.49823468,2.344770616,15.895214264985402,17.938110485581866,20.00855807941769,10.428032843388419,4.5017340134497585,3.9008442076261884,2.0852079618411983,20.37853051092901,23.920473983697192,25.13139105636715,11.532831459534727,5.468829079295504,4.754469119712781,2.764311760583123,13.488529321644837,21.524918520073623,23.68602141863469,13.710874538617677,4.208438010884637,0.007555417718295092,0.01122884601266499,0.2,0.3,1.0,1.00574553,1.5,1.8,1.4,1.0,1.000483621,318.4338355,299.1766254,45.21120455,35.82491922,9.38628533,0.141979901,0.112503494,0.029476407,1817.290579,374,0.9999999999999997
CITY OF CHICAGO:WARD 48 PRECINCT 18,CITY OF CHICAGO:WARD 48 PRECINCT 18,CITY OF CHICAGO:Ward 48 Precinct 18,TRUE,TRUE,True, , ,,, ,,0.426426209,0.141125548,0.239467617,0.18227056,0.017540259,0.002527608,0.3298,0.1206,0.8794,0.306,0.3601,0.0,0.1282,0.1561,0.111560322,0.070246275,0.209276836,0.201659193,0.111845165,0.090472411,0.086413144,0.087635179,0.030891474,0.080367818,0.080462037,0.065016719,0.08277143,0.077115866,0.020119672,0.076137569,0.02545568,0.042313815,0.12025228,0.073873634,0.105563547,0.05614917,0.031498699,0.038704464,0.024197603,48018.0,0.273155245,0.046357616,151.0,0.211594203,345.0,0.773529412,680.0,38.6,43537,305.8029572,1.217957023,-1.812176589,1.059172966,1.461242557,0.465670584,0.481548989,0.581195379,1.114444343,0.465670584,complete,CITY OF CHICAGO,Ward 48 Precinct 18,1,0,0,,0,0,0,564,376,251,178,134,89,0.18222,21.02965720017831,79,0.36524,24.60409413668615,93,0.436,25.609557358608782,96,0.01352,11.93401401315913,45,0.00124,5.658209902815674,21,0.00144,4.982062272903906,19,0.00034,2.8569866484548494,11,CITY OF CHICAGO:WARD 48 PRECINCT 18,CITY OF CHICAGO:WARD 48 PRECINCT 18,CITY OF CHICAGO:WARD 48 PRECINCT 18,1.2,46.92983996,9.272872886,9.272872886,9.272872886,9.272872886,3.352897803,9.272872886,3.352897803,15.895340671370446,17.90943102918486,19.855043585606136,10.473140450890455,4.483320734484306,3.900797078381543,2.0848223769082868,20.423553263538487,23.943697289422545,24.989504825861303,11.614205456101377,5.455876051376108,4.757247949318789,2.766752134500864,13.488655728029881,21.496239063676615,23.53250692482314,13.755982146119713,4.190024731919185,0.007508288473649592,0.010843261079753395,0.2,0.3,1.0,1.005117199,1.5,1.8,1.4,1.0,1.00034776,245.751363,230.8936379,34.8887355,27.64351942,7.245216079,0.141967617,0.112485722,0.029481896,3460.302455,376,1.0
CITY OF CHICAGO:WARD 48 PRECINCT 22,CITY OF CHICAGO:WARD 48 PRECINCT 22,CITY OF CHICAGO:Ward 48 Precinct 22,TRUE,TRUE,True, , ,,, ,,0.62149366,0.090077088,0.119764469,0.158553577,0.008995602,0.00019183,0.447,0.8933,0.1067,0.3442,0.4675,0.0,0.0779,0.1104,0.019136647,0.00970025,0.117076466,0.090232409,0.040002366,0.218738067,0.173021134,0.232160072,0.099932589,0.031055446,0.031482924,5.69e-09,0.068578428,0.018547778,0.053264452,1.03e-08,0.037095521,1.72e-08,0.062538362,0.164978528,0.140390678,0.052836978,0.124649185,0.152470824,0.062110865,48022.0,0.31711491,0.191304348,230.0,-0.1796875,256.0,0.556195965,347.0,61.0,80780,149.4838557,1.405232856,-0.922439365,-0.314137797,0.76983636,0.062685948,0.234623013,-0.047066214,0.293271071,0.062685948,complete,CITY OF CHICAGO,Ward 48 Precinct 22,1,0,0,,0,0,0,476,317,211,117,88,59,0.27608,25.161806281282328,80,0.65572,30.438075247748444,96,0.06092,18.141208918521162,58,0.00612,10.582749755018689,34,0.00048,4.035843129698484,13,0.0004,5.03794106839604,16,0.00028,2.933379376478684,9,CITY OF CHICAGO:WARD 48 PRECINCT 22,CITY OF CHICAGO:WARD 48 PRECINCT 22,CITY OF CHICAGO:WARD 48 PRECINCT 22,1.2,64.2601632,5.311542942,5.311542942,5.311542942,5.311542942,4.591061043,5.311542942,4.591061043,17.448736932837086,20.180831807723493,13.047194259253459,8.68331598131783,3.087078640985355,3.8980945920317405,2.082030299245098,24.573420454756032,29.70788068154897,17.749367607455625,10.29489194633637,3.885000272681185,4.865430706736311,2.874845300605,15.04205198949652,23.76763984221525,16.72465759847046,11.966157676547088,2.7937826384202338,0.004805802123847179,0.008051183416564583,0.2,0.3,1.0,1.006867829,1.5,1.8,1.4,1.0,1.000299022,14.14588037,13.18864034,2.084656083,1.701760141,0.382895942,0.147368423,0.120300759,0.027067664,33.98408025,317,0.9999999999971385
CITY OF CHICAGO:WARD 48 PRECINCT 33,CITY OF CHICAGO:WARD 48 PRECINCT 33,CITY OF CHICAGO:Ward 48 Precinct 33,TRUE,TRUE,True, ,TRUE,,, ,,0.676982537,0.090909088,0.087040622,0.135396509,0.011605415,0.001934236,0.447,0.8933,0.1067,0.3442,0.4675,0.0,0.0779,0.1104,0.018617026,0.0106383,0.11702128,0.090425534,0.037234052,0.218085081,0.175531893,0.231382952,0.101063819,0.030172413,0.034482759,5.48e-09,0.068965516,0.017241384,0.056034475,9.61e-09,0.034482757,1.65e-09,0.064655174,0.163793086,0.142241368,0.051724133,0.124999983,0.150862047,0.060344822,48033.0,0.46012016,0.420289855,138.0,-0.081632653,196.0,0.565217391,253.0,61.1,80303,104.6089805,2.014460138,0.483159275,0.030012659,0.79853636,0.63309736,0.831542108,0.472791471,0.184960134,0.63309736,complete,CITY OF CHICAGO,Ward 48 Precinct 33,1,0,0,,0,0,0,306,204,136,82,62,41,0.25758,22.789961466969576,46,0.4456,25.89341655856409,53,0.28146,23.201166294195,47,0.01264,11.579483585395117,24,0.0013,5.299196010571175,11,0.00088,4.986104232539051,10,0.00054,2.969686125900116,6,CITY OF CHICAGO:WARD 48 PRECINCT 33,CITY OF CHICAGO:WARD 48 PRECINCT 33,CITY OF CHICAGO:WARD 48 PRECINCT 33,1.2,39.65821749,10.93500552,10.93500552,10.93500552,10.93500552,2.83337745,10.93500552,2.83337745,16.49518532541319,17.960097231131797,17.316417829956105,9.802199199107903,4.087706106290243,3.897095858692894,2.0806168100573332,22.14259276182385,25.17181701757997,22.643610196915766,11.248195188339217,5.1230300028487665,4.806295982296073,2.8152958203158436,14.088500382072626,21.546905265623554,20.993881169173108,13.085040894337164,3.7944101037251223,0.0038070687850004017,0.006637694228799752,0.2,0.3,1.0,1.005725631,1.5,1.8,1.4,1.0,1.000292469,48.14782026,44.8896971,7.095468234,5.792218957,1.303249277,0.147368421,0.120300751,0.027067669,115.6703816,204,0.9999999357983236
CITY OF CHICAGO:WARD 50 PRECINCT 01,CITY OF CHICAGO:WARD 50 PRECINCT 01,CITY OF CHICAGO:Ward 50 Precinct 01,TRUE, ,True, , ,,, ,,0.688563181,0.107836941,0.054645599,0.136293979,0.008689145,0.000698883,0.3525,0.9601,0.0399,0.5371,0.0807,0.0,0.0849,0.2675,0.231180876,0.151010147,0.08407101,0.094198673,0.149042239,0.077121846,0.120667897,0.062527885,0.030179427,0.027261821,0.047579221,0.013077922,0.009616128,0.008221799,0.005817768,0.028763303,0.035227805,0.01365494,0.005192692,0.106649798,0.150431799,0.119883091,0.137957448,0.152247779,0.138416686,50001.0,0.157462502,0.286713287,143.0,-0.373015873,252.0,0.009259259,432.0,47.0,110115,246.0688519,0.72508578,-0.336783632,-0.9926769,-0.970141693,-0.565405379,-0.393629111,-0.685214937,0.03995022,-0.565405379,complete,CITY OF CHICAGO,Ward 50 Precinct 01,1,0,0,,0,0,0,471,314,209,115,87,58,0.6302,30.223923541880577,95,0.323,26.14445763508162,82,0.0409,16.67096704812624,52,0.00416,9.913016911098001,31,0.00094,5.509996737185154,17,0.00048,5.121686985051471,16,0.00032,3.120270534047028,10,CITY OF CHICAGO:WARD 50 PRECINCT 01,CITY OF CHICAGO:WARD 50 PRECINCT 01,CITY OF CHICAGO:WARD 50 PRECINCT 01,1.5,83.45115717,1.764447186,1.764447186,1.764447186,1.764447186,5.96215972,1.764447186,1.764447186,19.26838672428194,15.837020829555343,11.043746143272866,7.596662431646334,3.7933433740063407,3.8964785468742247,2.080146491777559,29.4352644050431,25.394573137805644,16.267420420105317,9.630407462776647,5.27851140386647,4.967756654481827,2.9769034860404924,16.861701780941374,19.4238288640471,14.721209482489868,10.879504126875593,3.5000473714412195,0.0031897569663313467,0.006167375949025937,0.2,0.3,1.0,1.722757668,1.5,1.8,1.4,1.0,1.307720928,341.0277284,338.2955325,6.209536174,3.228958809,2.980577365,0.018208303,0.009468317,0.008739985,1441.000045,314,1.0000000000000002
CITY OF CHICAGO:WARD 50 PRECINCT 02,CITY OF CHICAGO:WARD 50 PRECINCT 02,CITY OF CHICAGO:Ward 50 Precinct 02,TRUE, ,True, , ,,, ,,0.535663463,0.139107497,0.077320887,0.235015398,0.014948847,0.002833743,0.3445,0.8479,0.1521,0.9317,0.0,0.0,0.0231,0.0452,0.189046616,0.165243719,0.082852261,0.094459096,0.176364422,0.056222037,0.129746597,0.086105643,0.01995961,0.120736892,0.009078554,0.023211381,0.022785514,0.023937252,0.020994977,0.00507161,0.005071611,0.054309134,0.000638801,0.096502941,0.029450417,0.086162473,0.159649633,0.086063022,0.25633579,50002.0,-0.062020018,0.209302326,86.0,-0.381642512,207.0,0.222453222,481.0,46.6,125321,227.6434065,-0.209947998,-0.811961048,-1.022954462,-0.291904499,-0.665492648,-0.584192002,-0.75324514,-0.3457029,-0.665492648,complete,CITY OF CHICAGO,Ward 50 Precinct 02,1,0,0,,0,0,0,492,328,219,101,76,51,0.63446,30.37746883564728,100,0.31776,26.069800307259456,86,0.04152,16.68646993562933,55,0.0049,9.905201315422971,32,0.00062,5.488708010443337,18,0.00032,5.157521208316496,17,0.00042,3.109193052330946,10,CITY OF CHICAGO:WARD 50 PRECINCT 02,CITY OF CHICAGO:WARD 50 PRECINCT 02,CITY OF CHICAGO:WARD 50 PRECINCT 02,1.8,85.0513149,1.478700377,1.478700377,1.478700377,1.478700377,6.076482832,1.478700377,1.478700377,19.267435443836018,15.835554854279135,11.042510759914052,7.597684691985267,3.7931670942436893,3.898459515688575,2.0843499795402893,29.433013456155187,25.391596755414213,16.265170621737756,9.63156729993556,5.27871188141954,4.969703802475096,2.981073152982142,16.860750500495453,19.42236288877089,14.719974099131054,10.880526387214527,3.499871091678568,0.005170725780681637,0.010370863711755851,0.2,0.3,1.0,2.425456198,1.5,1.8,1.4,1.0,1.304866349,335.8399051,333.1492722,6.115074784,3.179838874,2.935235909,0.018208303,0.009468318,0.008739986,2510.999891,328,1.0
CITY OF CHICAGO:WARD 50 PRECINCT 03,CITY OF CHICAGO:WARD 50 PRECINCT 03,CITY OF CHICAGO:Ward 50 Precinct 03,TRUE, ,True, , ,,, ,,0.475569515,0.143770666,0.129174508,0.242442599,0.020238796,0.000694491,0.3261,0.8229,0.1771,0.6721,0.2339,0.0,0.0115,0.042,0.226818427,0.161728817,0.08008675,0.084172723,0.18556689,0.158695843,0.057504015,0.036588157,0.008838379,1.79e-09,0.01350081,6.2e-10,0.008556699,1.05e-09,8.41e-10,0.007269667,0.062617996,0.017113398,1.34e-09,0.05976016,0.205440486,0.098010477,0.196949589,0.098085949,0.232694763,50003.0,0.026329458,0.387755102,147.0,-0.255813953,215.0,0.194594595,370.0,46.1,128520,181.8769775,0.166436164,0.2834488,-0.581324524,-0.380531572,-0.202768852,-0.127992783,-0.2934352,0.07466451,-0.202768852,complete,CITY OF CHICAGO,Ward 50 Precinct 03,1,0,0,,0,0,0,426,284,189,134,101,67,0.2518,23.89067957449918,68,0.64512,29.45792342302167,84,0.089,18.908150524039982,54,0.01228,11.906741946485171,34,0.00056,4.191039890239353,12,0.00068,5.014673967549197,14,0.00056,3.0039417798451082,9,CITY OF CHICAGO:WARD 50 PRECINCT 03,CITY OF CHICAGO:WARD 50 PRECINCT 03,CITY OF CHICAGO:WARD 50 PRECINCT 03,1.8,74.52683829,3.358099846,3.358099846,3.358099846,3.358099846,5.324562635,3.358099846,3.358099846,16.85836171656306,19.79773878983789,13.77300680759761,9.842841217864727,3.2637080468612987,3.8995858129804164,2.085448457022072,23.34311999187242,28.694175989974482,18.476864031960208,11.642720526828302,4.086635284610797,4.847989807088147,2.8593313377851333,14.451676773222495,23.384546824329647,17.450470146814613,13.125682913093986,2.9704120442961774,0.006297023072522962,0.011469341193538735,0.2,0.3,1.0,2.077168939,1.5,1.8,1.4,1.0,1.121744494,282.8265735,280.560665,5.149792108,2.677891955,2.471900153,0.018208304,0.009468318,0.008739986,1478.863664,284,0.9999999999999999
CITY OF CHICAGO:WARD 50 PRECINCT 04,CITY OF CHICAGO:WARD 50 PRECINCT 04,CITY OF CHICAGO:Ward 50 Precinct 04,TRUE, ,True, , ,,, ,,0.393122979,0.198577613,0.175185445,0.225753506,0.017993963,0.000963096,0.2143,0.4753,0.5247,0.7072,0.2179,0.0,0.0232,0.032,0.090252139,0.216265792,0.128880349,0.149358692,0.13484663,0.160299214,0.058071586,0.039796901,0.022228698,0.004998703,1.64e-09,0.008331171,0.0439033,1.33e-09,0.002777058,0.009164289,0.160678724,0.079197723,0.00722035,0.024403307,0.148095588,0.269889131,0.069198845,0.031142369,0.140999439,50004.0,0.153758275,0.329545455,176.0,-0.023474178,213.0,0.569230769,390.0,43.1,101040,197.0333923,0.709305127,-0.073863773,0.234135825,0.81130418,0.372703409,0.42022034,0.335486506,0.161219261,0.372703409,complete,CITY OF CHICAGO,Ward 50 Precinct 04,1,0,0,,0,0,0,449,299,199,116,87,58,0.19556,21.18056260776573,63,0.3798,24.732657243599547,74,0.40628,25.136905160877177,75,0.01518,12.17036429224249,36,0.00142,5.656329546171677,17,0.00134,4.91703409425005,15,0.00042,2.909555252508482,9,CITY OF CHICAGO:WARD 50 PRECINCT 04,CITY OF CHICAGO:WARD 50 PRECINCT 04,CITY OF CHICAGO:WARD 50 PRECINCT 04,1.5,51.06261278,8.328212103,8.328212103,8.328212103,8.328212103,3.64816335,8.328212103,3.64816335,15.894921669327324,17.815975216925263,19.360532352003617,10.610240088213565,4.4239822588246955,3.9002222736870196,2.0855153469323926,20.571056520395203,24.020928454411113,24.53192779620711,11.86946095162574,5.414679946038002,4.766005670770804,2.776777630671509,13.48823672598676,21.40278325141702,23.03799569122062,13.893081783442824,4.130686256259574,0.006933483779126192,0.011536231103859106,0.2,0.3,1.0,1.976456266,1.5,1.8,1.4,1.0,1.065929615,413.305789,409.9945261,7.525597609,3.913310926,3.612286683,0.018208304,0.009468319,0.008739986,1772.136416,299,0.9999999999999997
CITY OF CHICAGO:WARD 50 PRECINCT 08,CITY OF CHICAGO:WARD 50 PRECINCT 08,CITY OF CHICAGO:Ward 50 Precinct 08,TRUE, ,True, , ,,, ,,0.21743713,0.199092468,0.254440551,0.324250489,0.019505159,0.003106812,0.1949,0.2437,0.7563,0.5714,0.1995,0.046,0.0697,0.0688,0.161107355,0.107143869,0.123613437,0.12950619,0.152395161,0.144448684,0.109411026,0.048996546,0.023377734,0.095990603,0.075134823,0.05333325,0.052250257,0.113074813,0.02329761,0.002010411,0.057983907,0.05888611,0.048618846,0.100495385,0.152863129,0.066809121,0.046174739,0.009529835,0.04354716,50008.0,0.090871364,0.221374046,131.0,0.0,210.0,0.750519751,481.0,46.0,47286,267.763328,0.441395929,-0.737860318,0.316524909,1.388041573,0.339538421,0.352025523,0.332438299,0.884120024,0.339538421,complete,CITY OF CHICAGO,Ward 50 Precinct 08,1,0,0,,0,0,0,278,185,123,151,114,76,0.2198,21.579859668651974,40,0.41406,24.9211979021352,46,0.34144,23.852130009504375,44,0.02184,12.889194545923074,24,0.00118,5.480894970915858,10,0.00122,5.008214536910946,9,0.00046,3.0131581154632636,6,CITY OF CHICAGO:WARD 50 PRECINCT 08,CITY OF CHICAGO:WARD 50 PRECINCT 08,CITY OF CHICAGO:WARD 50 PRECINCT 08,1.2,52.53526314,7.991596688,7.991596688,7.991596688,7.991596688,3.75337671,7.991596688,3.75337671,15.893972551548634,17.569081402172436,18.05303123636261,10.992825028410952,4.267094403771583,3.9033023523001233,2.090592647427743,20.96347526092468,24.219876749420628,23.286838567211213,12.579112711819539,5.300960945288235,4.7939017768361145,2.8066709586190663,13.487287608208069,21.155889436664193,21.730494575579613,14.27566672364021,3.9737984012064627,0.01001356239223002,0.01661353159920971,0.2,0.3,1.0,1.04367862,1.5,1.8,1.4,1.0,1.016454508,345.3018016,338.3560756,12.56845674,8.930218989,3.638237755,0.036398468,0.025862069,0.0105364,5187.09212,185,0.9999999999999997
CITY OF CHICAGO:WARD 50 PRECINCT 13,CITY OF CHICAGO:WARD 50 PRECINCT 13,CITY OF CHICAGO:Ward 50 Precinct 13,TRUE, ,True, , ,,, ,,0.340675811,0.226174387,0.08951552,0.340396073,0.014160971,0.001019559,0.4257,0.6467,0.3533,0.7501,0.0796,0.0,0.0441,0.1153,0.138982606,0.165732634,0.096299843,0.1535561,0.141616982,0.094212024,0.134115914,0.061675597,0.0138083,0.058430554,0.019533916,0.029079947,0.033126744,0.041816954,0.030472241,0.015202186,0.026611697,0.033659615,0.084079405,0.063356291,0.119494292,0.09543524,0.115278801,0.058715566,0.175706551,50013.0,-0.043390965,0.178294574,129.0,0.088709677,248.0,0.597785978,542.0,45.2,88522,275.4901277,-0.130584987,-1.002298221,0.627875921,0.902147301,0.175131094,0.099285004,0.280849278,0.319893587,0.175131094,complete,CITY OF CHICAGO,Ward 50 Precinct 13,1,0,0,,0,0,0,546,364,243,120,90,60,0.25022,23.946021098339326,87,0.64716,29.490613996992355,107,0.08812,18.954105120587155,69,0.01268,11.921851193413666,43,0.00068,4.193009263790465,15,0.00074,4.9501397438345665,18,0.0004,3.055311595389027,11,CITY OF CHICAGO:WARD 50 PRECINCT 13,CITY OF CHICAGO:WARD 50 PRECINCT 13,CITY OF CHICAGO:WARD 50 PRECINCT 13,1.298350287,59.6751206,6.35958263,6.35958263,6.35958263,6.35958263,4.263483125,6.35958263,4.263483125,16.85741783604179,19.796284218250925,13.771781034174342,9.838892562958122,3.263533138362997,3.9003400596668283,2.088649671324668,23.34319725346571,28.694186820128714,18.47649809272222,11.638392556274617,4.087108168529961,4.848832790342545,2.862621288655716,14.450732892701224,23.38309225274268,17.449244373391345,13.12173425818738,2.9702371357978756,0.007051269758934716,0.014670555496134517,0.2,0.3,1.0,1.068405152,1.5,1.8,1.4,1.0,1.112873517,589.230008,585.3453024,14.87022677,9.488064492,5.382162278,0.02523671,0.01610248,0.00913423,3148.764387,364,1.0000000000000002
CITY OF CHICAGO:WARD 50 PRECINCT 15,CITY OF CHICAGO:WARD 50 PRECINCT 15,CITY OF CHICAGO:Ward 50 Precinct 15,TRUE, ,True, , ,,, ,,0.321204433,0.247203577,0.122900509,0.298492477,0.024208046,0.002973283,0.2785,0.5052,0.4948,0.7077,0.1157,0.0079,0.043,0.1059,0.15075442,0.156560977,0.10567714,0.143401037,0.132512709,0.108781216,0.136623526,0.05099172,0.014697256,0.036538775,0.02364304,0.041443955,0.027084281,0.030950137,0.028677895,0.009662567,0.04059102,0.020204486,0.078143587,0.13016832,0.152933707,0.07641858,0.062328967,0.058832818,0.182377866,50015.0,0.182560849,0.486956522,230.0,-0.04379562,274.0,0.632495164,517.0,45.5,80377,248.7435133,0.832009111,0.892384198,0.162812134,1.012568161,0.658023704,0.724943401,0.54559745,0.32105569,0.658023704,complete,CITY OF CHICAGO,Ward 50 Precinct 15,1,0,0,,0,0,0,537,358,239,119,90,60,0.21906,21.51119774795186,77,0.41274,24.95882942317311,89,0.34202,23.826481528855325,85,0.02262,12.887315583492365,46,0.00162,5.485660701715588,20,0.00164,4.942428470437138,18,0.0003,2.9768281414393605,11,CITY OF CHICAGO:WARD 50 PRECINCT 15,CITY OF CHICAGO:WARD 50 PRECINCT 15,CITY OF CHICAGO:WARD 50 PRECINCT 15,1.216344769,38.61262502,11.17400492,11.17400492,11.17400492,11.17400492,2.758675199,11.17400492,2.758675199,15.894220755974683,17.56946389878906,18.053353567825255,10.982527947718378,4.267140398007564,3.9003373725549713,2.08753633810418,20.967757462893324,24.225743613246856,23.291837491570877,12.568550073283404,5.301902457311049,4.791184009804714,2.8038618620092537,13.487535812634118,21.156271933280816,21.730816907042257,14.265369642947636,3.9738443954424425,0.007048582647077658,0.013557222275646506,0.2,0.3,1.0,1.069004535,1.5,1.8,1.4,1.0,1.057217204,543.3060701,536.5580059,22.30002246,14.23375637,8.066266097,0.041045046,0.026198412,0.014846633,3459.170854,358,1.0000000000000002
CITY OF CHICAGO:WARD 50 PRECINCT 17,CITY OF CHICAGO:WARD 50 PRECINCT 17,CITY OF CHICAGO:Ward 50 Precinct 17,TRUE,TRUE,True, , ,,, ,,0.354379443,0.172899619,0.107608209,0.357421498,0.01629125,0.00083226,0.0904,0.3657,0.6343,0.7717,0.071,0.0,0.1048,0.0524,0.208865394,0.173772743,0.068563051,0.177260642,0.105657914,0.082045095,0.098327754,0.058099265,0.027408143,0.085550322,0.014110373,0.009292423,0.012518317,0.13890826,0.043076862,0.089077917,0.007742149,0.056181571,0.08788813,0.029351755,0.14825947,0.117885058,0.057430148,0.056181575,0.046545671,50017.0,-0.139915365,-0.0625,96.0,0.0,90.0,0.603375527,237.0,43.9,54954,149.7810403,-0.541795749,-2.480385329,0.316524909,0.919929418,-0.360599622,-0.446431688,-0.208008302,0.043152723,-0.360599622,complete,CITY OF CHICAGO,Ward 50 Precinct 17,1,0,0,,0,0,0,231,154,103,148,111,74,0.23798,23.430007898999357,36,0.62802,29.11664382810386,45,0.1221,20.27846171145432,31,0.0102,11.275489557977716,17,0.00072,4.4289220141875765,7,0.00068,4.95700978834209,8,0.0003,2.9442743965697367,5,CITY OF CHICAGO:WARD 50 PRECINCT 17,CITY OF CHICAGO:WARD 50 PRECINCT 17,CITY OF CHICAGO:WARD 50 PRECINCT 17,1.5,79.11109678,2.539469781,2.539469781,2.539469781,2.539469781,5.652084532,2.539469781,2.539469781,16.857253778899477,20.024962994867163,14.990020149191377,9.488505371721857,3.409679454437409,3.9009580726908166,2.0895958228487395,22.918397916466013,28.423751085896576,19.75321078486502,10.972822089645698,4.219582005609565,4.824478225411683,2.8385948622249373,14.450568835558913,23.61177102935892,18.66748348840838,12.771347066951115,3.116383451872288,0.007669282782923174,0.015616707020205938,0.2,0.3,1.0,1.024981016,1.5,1.8,1.4,1.0,1.207343385,303.9886839,301.7234925,7.928169816,4.077344547,3.850825269,0.026080477,0.013412817,0.01266766,2874.99996,154,1.0000000000000002
CITY OF CHICAGO:WARD 50 PRECINCT 19,CITY OF CHICAGO:WARD 50 PRECINCT 19,CITY OF CHICAGO:Ward 50 Precinct 19,TRUE, ,True, , ,,, ,,0.183749338,0.183749339,0.137546466,0.492830585,0.013276686,0.002655337,0.1044,0.0699,0.9301,0.714,0.0288,0.0,0.0459,0.1057,0.120377982,0.204190636,0.070254729,0.144207066,0.161462611,0.086277733,0.172555456,0.008216929,0.03245686,0.027972031,5.16e-09,0.087412581,3.91e-09,2.26e-09,3.05e-09,0.124125868,2.26e-09,4.63e-09,0.262237752,2.34e-09,0.277972022,0.045454544,0.012237766,0.122377615,0.040209794,50019.0,0.266335588,0.157894737,76.0,-0.024390244,82.0,0.806763285,207.0,45.7,59933,129.8696718,1.188904096,-1.127520046,0.230920639,1.566969982,0.369020322,0.464818668,0.322240716,0.424316638,0.369020322,complete,CITY OF CHICAGO,Ward 50 Precinct 19,1,0,0,,0,0,0,183,122,81,133,100,67,0.2227,21.678580105933836,26,0.40924,24.946777528813094,30,0.3423,23.886022950697313,29,0.02264,12.891520903273198,16,0.00128,5.522685878858885,7,0.0013,4.915086467447927,6,0.00054,2.934334822077439,4,CITY OF CHICAGO:WARD 50 PRECINCT 19,CITY OF CHICAGO:WARD 50 PRECINCT 19,CITY OF CHICAGO:WARD 50 PRECINCT 19,1.292952351,51.22636234,8.290782564,8.290782564,8.290782564,8.290782564,3.659862421,8.290782564,3.659862421,15.892348112287923,17.566578052288488,18.050921653180605,10.982145664097608,4.266793382376109,3.903652545558969,2.095343291641532,20.96481920582302,24.221428380202546,23.288353538787312,12.567935527685211,5.302160722261172,4.794484981311162,2.811654614049057,13.485663168947358,21.153386086780245,21.728384992397608,14.264987359326867,3.9734973798109885,0.010363755651075328,0.021364175812998352,0.2,0.3,1.0,1.024826837,1.5,1.8,1.4,1.0,1.107936828,325.9667632,321.2062956,11.77589374,8.2681807,3.507713044,0.036126057,0.025365104,0.010760953,2433.999949,122,1.0
CITY OF CHICAGO:WARD 50 PRECINCT 20,CITY OF CHICAGO:WARD 50 PRECINCT 20,CITY OF CHICAGO:Ward 50 Precinct 20,TRUE, ,True, , ,,, ,,0.18921233,0.222602743,0.096746581,0.47431506,0.02140411,0.002568493,0.1429,0.3456,0.6544,0.6375,0.1301,0.0,0.1318,0.0049,0.152953049,0.342756165,0.106511866,0.124684501,0.177688035,0.036850089,0.027258968,0.007067141,0.024230187,0.146718134,0.16795365,6.03e-09,0.127413117,0.009652514,0.090733586,1.8e-09,2.62e-09,0.036679539,0.036679544,0.02509653,0.208494206,6.16e-09,0.00579152,7.68e-09,0.144787636,50020.0,0.304149335,0.3875,160.0,0.140350877,114.0,0.666666667,204.0,38.0,32660,112.6329648,1.349997247,0.281882888,0.809124917,1.121278483,0.836483651,0.890570884,0.820194458,0.728716606,0.836483651,complete,CITY OF CHICAGO,Ward 50 Precinct 20,1,0,0,,0,0,0,221,147,98,100,75,50,0.18426,20.990587090051637,31,0.35994,24.55486158008294,36,0.43872,25.70172166452685,38,0.01394,11.91226659554986,18,0.00132,5.689511900152549,8,0.00146,4.9836188364727,7,0.00036,2.8736981016260783,4,CITY OF CHICAGO:WARD 50 PRECINCT 20,CITY OF CHICAGO:WARD 50 PRECINCT 20,CITY OF CHICAGO:WARD 50 PRECINCT 20,1.212604775,31.54619658,12.78923472,12.78923472,12.78923472,12.78923472,2.253814913,12.78923472,2.253814913,15.892526528046698,17.917468961124978,19.917251268851047,10.440402565912063,4.490700695721745,3.902568791346023,2.093984831436172,20.40460976488778,23.933866697217653,25.051124461392316,11.565255418793141,5.462934785116005,4.758075457983558,2.7749703847290377,13.485841584706133,21.504276995616735,23.59471460806805,13.723244261141321,4.197404693156623,0.009280001438129652,0.020005715607638967,0.2,0.3,1.0,1.024667484,1.5,1.8,1.4,1.0,1.055471473,328.9694823,324.1651625,11.88437022,8.344344858,3.540025358,0.036126057,0.025365103,0.010760954,1981.000115,147,1.0
CITY OF CHICAGO:WARD 50 PRECINCT 21,CITY OF CHICAGO:WARD 50 PRECINCT 21,CITY OF CHICAGO:Ward 50 Precinct 21,TRUE, ,True, , ,,, ,,0.183964306,0.212058601,0.239535464,0.360699808,0.021593191,0.002451587,0.2326,0.3538,0.6462,0.6296,0.1438,0.0165,0.0453,0.1546,0.091081197,0.160617706,0.155583495,0.130965647,0.146583804,0.160342106,0.102235738,0.034056924,0.018533383,0.034899111,0.06455034,0.089244339,0.082718923,0.031025873,0.037714779,7.02e-10,0.025164325,0.137991587,0.06767978,0.077387811,0.170859124,0.056990804,0.058408712,0.023939963,0.041424528,50021.0,0.321836818,0.205882353,136.0,0.035714286,168.0,0.842592593,432.0,44.4,49880,247.2575903,1.425349006,-0.832954121,0.44187402,1.680954304,0.580458304,0.678805802,0.533071947,0.708243016,0.580458304,complete,CITY OF CHICAGO,Ward 50 Precinct 21,1,0,0,,0,0,0,438,292,195,159,120,80,0.19504,21.18969976674156,62,0.38038,24.67271085098455,72,0.4056,25.05367259092627,73,0.01588,12.299602334728947,36,0.00148,5.574726972822994,16,0.00132,4.974940924287075,15,0.0003,2.9473247773158207,9,CITY OF CHICAGO:WARD 50 PRECINCT 21,CITY OF CHICAGO:WARD 50 PRECINCT 21,CITY OF CHICAGO:WARD 50 PRECINCT 21,1.2,41.90347115,10.42179002,10.42179002,10.42179002,10.42179002,2.993789377,10.42179002,2.993789377,15.893621325596019,17.7871595072705,19.216142051204088,10.655490213965408,4.406621499181756,3.903580136714735,2.0917815434482394,20.610039927619837,24.037746237853085,24.393883053855003,11.949371790509966,5.402242201720456,4.771936732586156,2.785617025974992,13.486936382255454,21.373967541762255,22.89360539042109,13.938331909194666,4.113325496616635,0.010291346806841658,0.017802427619705997,0.2,0.3,1.0,1.024984989,1.5,1.8,1.4,1.0,1.023968852,470.4557234,466.4261239,15.1109976,5.54069925,9.570298351,0.032119914,0.011777302,0.020342612,3897.677311,292,0.9999999999999999
CITY OF CHICAGO:WARD 50 PRECINCT 23,CITY OF CHICAGO:WARD 50 PRECINCT 23,CITY OF CHICAGO:Ward 50 Precinct 23,TRUE,TRUE,True, , ,,, ,,0.37553525,0.181461505,0.080091619,0.351983203,0.012219934,0.001077157,0.2243,0.5031,0.4969,0.7973,0.0491,0.0,0.0536,0.0436,0.116605719,0.256752514,0.14788291,0.102381181,0.163206847,0.077585481,0.066416456,0.056106749,0.013062143,0.090115807,0.005917761,0.048402469,0.005417809,0.060530142,0.018028755,0.08476721,0.011650099,0.035797126,0.062268468,0.067701393,0.239688498,0.060733115,0.034399976,0.027034043,0.147547329,50023.0,0.035021481,0.079365079,63.0,-0.289855072,138.0,0.451697128,383.0,42.1,75981,245.7716673,0.203465696,-1.609564442,-0.700801194,0.437392622,-0.507803519,-0.41737683,-0.564488392,0.113289917,-0.507803519,complete,CITY OF CHICAGO,Ward 50 Precinct 23,1,0,0,,0,0,0,452,301,201,127,96,64,0.60252,29.610988883279944,89,0.32314,25.82687132591277,78,0.06884,18.347548450776493,55,0.00396,9.10056052918974,27,0.001,5.630507917893795,17,0.00028,5.084145289593963,15,0.00026,3.082215443676315,9,CITY OF CHICAGO:WARD 50 PRECINCT 23,CITY OF CHICAGO:WARD 50 PRECINCT 23,CITY OF CHICAGO:WARD 50 PRECINCT 23,1.5,82.38790102,1.954317249,1.954317249,1.954317249,1.954317249,5.886195489,1.954317249,1.954317249,19.26630834105704,16.09987356767942,12.457086050779896,7.1882443826671745,3.962839282884623,3.900337054726674,2.088954528829404,28.76874598374335,25.136696560447852,17.897537156744377,8.835649446014289,5.421739843465746,4.938185809472908,2.95228217023097,16.859623397716476,19.686681602171177,16.1345493899969,10.471086077896434,3.669543280319502,0.007048264818780311,0.014975413000870628,0.2,0.3,1.0,1.013004638,1.5,1.8,1.4,1.0,1.176268814,707.0906507,701.2484373,19.24641727,10.44205608,8.80436118,0.027219165,0.014767634,0.012451531,4608.196845,301,0.9999999747298517
CITY OF CHICAGO:WARD 50 PRECINCT 26,CITY OF CHICAGO:WARD 50 PRECINCT 26,CITY OF CHICAGO:Ward 50 Precinct 26,TRUE,TRUE,True, , ,,, ,,0.442234308,0.121901369,0.06070353,0.363775011,0.0218424,1.29e-10,0.2337,0.2739,0.7261,0.8015,0.0291,0.0,0.0,0.1694,0.135464181,0.169182169,0.073446733,0.109793604,0.182885651,0.130035496,0.116125391,0.064230403,0.018836372,0.031110388,0.001253777,0.00062689,0.017881334,0.133048365,0.003761329,0.049953519,0.117176509,0.080701081,0.018600538,0.14011589,0.027419912,0.148578871,0.044916948,0.12599588,0.058858771,50026.0,-0.157986337,0.188118812,101.0,-0.272727273,66.0,0.321888412,233.0,47.3,64912,135.2189947,-0.618781238,-0.941993376,-0.640686472,0.024430182,-0.54644825,-0.544257726,-0.565733999,-0.263554451,-0.54644825,complete,CITY OF CHICAGO,Ward 50 Precinct 26,1,0,0,,0,0,0,180,120,80,99,75,50,0.6315,30.232766812837824,36,0.3189,26.12165261087309,31,0.04272,16.657119888917578,20,0.00518,9.959045711304555,12,0.00102,5.5205599397028875,7,0.00034,5.108347531680793,6,0.00034,3.1826009485990063,4,CITY OF CHICAGO:WARD 50 PRECINCT 26,CITY OF CHICAGO:WARD 50 PRECINCT 26,CITY OF CHICAGO:WARD 50 PRECINCT 26,1.8,83.11350372,1.824743363,1.824743363,1.824743363,1.824743363,5.938036103,1.824743363,1.824743363,19.266194715093334,15.83364282332229,11.04089948360949,7.595329813791568,3.792937177430817,3.900143061942952,2.0891119408452243,29.432121388301873,25.389756254024228,16.263527021845537,9.628757740196523,5.279334255998065,4.971446272097829,2.9858940376554326,16.85950977175277,19.420450857814046,14.718362822826492,10.878171509020827,3.4996411748656957,0.00685427203505882,0.015132825016690821,0.2,0.3,1.0,1.025137143,1.5,1.8,1.4,1.0,1.394978052,374.5393716,371.7484672,9.768165319,5.023627894,4.744537425,0.026080477,0.013412817,0.01266766,1484.411587,120,1.0
CITY OF CHICAGO:WARD 40 PRECINCT 01,CITY OF CHICAGO:WARD 40 PRECINCT 01,CITY OF CHICAGO:Ward 40 Precinct 01,TRUE, ,, , ,,, ,,0.522121826,0.184541308,0.115251215,0.161948791,0.025169868,0.001303683,0.3757,0.584,0.416,0.6807,0.1432,0.0145,0.0495,0.1115,0.091649622,0.104334907,0.116918077,0.136791769,0.10561182,0.167713137,0.168373555,0.074972501,0.033634611,0.031344157,0.038687082,0.03629209,0.013139437,0.028241764,0.091972143,0.024599096,0.055971368,0.006854594,0.053902851,0.096234348,0.097143061,0.095804401,0.056270109,0.115820095,0.157723403,40001.0,0.058657426,0.380952381,126.0,-0.126934985,323.0,0.607142857,560.0,51.7,80858,228.2377757,0.30415894,0.241691155,-0.128988336,0.931914482,0.293879333,0.33719406,0.200642854,0.14178002,0.293879333,complete,CITY OF CHICAGO,Ward 40 Precinct 01,1,0,0,,0,0,0,564,376,251,139,105,70,0.2225,21.546608850175943,81,0.41026,24.923115342259354,94,0.34102,23.875092799374425,90,0.02318,12.952759709863948,49,0.00144,5.473664373806082,21,0.00124,4.996490439760192,19,0.00036,2.8978748958490805,11,CITY OF CHICAGO:WARD 40 PRECINCT 01,CITY OF CHICAGO:WARD 40 PRECINCT 01,CITY OF CHICAGO:WARD 40 PRECINCT 01,1.208996067,54.55159005,7.530708794,7.530708794,7.530708794,7.530708794,3.897432988,7.530708794,3.897432988,15.895536492112004,17.57149152024979,18.055062252720028,10.983007419681595,4.267384214281716,3.8980595710762973,2.082092300193195,20.969742582275607,24.228667634592256,23.29419288382097,12.569198797918746,5.301701085089964,4.788911185324855,2.798422801097084,13.48885154877144,21.158299554741546,21.73252559193703,14.265849114910854,3.9740882117165945,0.0047707811684037345,0.008113184364661418,0.2,0.3,1.0,1.179458441,1.5,1.8,1.4,1.0,1.045235975,388.3669525,384.0270519,16.81708679,12.20598434,4.611102451,0.043302054,0.031428998,0.011873056,1836.271782,376,1.0
CITY OF CHICAGO:WARD 40 PRECINCT 07,CITY OF CHICAGO:WARD 40 PRECINCT 07,CITY OF CHICAGO:Ward 40 Precinct 07,TRUE, ,, , ,,, ,,0.429447738,0.284001125,0.149252379,0.129871632,0.03603004,3.97e-05,0.2953,0.3647,0.6353,0.4495,0.3634,0.0099,0.0352,0.1314,0.109402394,0.093445641,0.212762547,0.164885176,0.126158677,0.071652152,0.1070646,0.05834701,0.056281805,0.042102788,0.048592159,0.045252079,0.05236975,0.009276873,0.065568495,0.050655329,0.051327082,0.033266737,0.104352946,0.042275708,0.065624208,0.073245887,0.124075322,0.092056453,0.099958185,40007.0,0.410539868,0.559322034,236.0,0.02739726,292.0,0.722627737,548.0,40.8,59735,273.4098354,1.803239455,1.336590762,0.412683129,1.299308285,1.073899775,1.212955408,0.91384532,0.586905455,1.073899775,complete,CITY OF CHICAGO,Ward 40 Precinct 07,1,0,0,,0,0,0,596,397,265,178,134,89,0.1898,21.071738913071073,84,0.36934,24.62662804937419,98,0.42408,25.396177991670598,101,0.01424,12.080395704371217,48,0.00118,5.6440526856994575,22,0.00102,4.911937763939678,20,0.00034,2.9349001667911385,12,CITY OF CHICAGO:WARD 40 PRECINCT 07,CITY OF CHICAGO:WARD 40 PRECINCT 07,CITY OF CHICAGO:WARD 40 PRECINCT 07,1.2,23.54726277,14.6176147,14.6176147,14.6176147,14.6176147,1.682331874,14.6176147,1.682331874,15.895845587893108,17.864835303037804,19.61420427268833,10.53606112450975,4.454442337535886,3.898222087263418,2.0813717746419163,20.49807033129025,23.98509363512347,24.769728057778917,11.734528374590601,5.436140521767373,4.75932373776752,2.7679523118013494,13.489160644552543,21.45164333752956,23.291667611905332,13.81890281973901,4.1611463349707645,0.004933297355524448,0.007392658813382897,0.2,0.3,1.0,1.015254262,1.5,1.8,1.4,1.0,1.003559489,414.9516958,396.4432434,40.84329333,31.56743141,9.27586192,0.098429031,0.076074955,0.022354076,2698.723029,397,0.9999999980287605
CITY OF CHICAGO:WARD 40 PRECINCT 10,CITY OF CHICAGO:WARD 40 PRECINCT 10,CITY OF CHICAGO:Ward 40 Precinct 10,TRUE, ,, , ,,, ,,0.562544434,0.231667934,0.086952523,0.118889771,0.014858729,0.000446238,0.4324,0.3368,0.6632,0.4898,0.1693,0.0086,0.0678,0.2475,0.133629057,0.055223591,0.089637724,0.246653769,0.177055938,0.145628253,0.100622239,0.041365627,0.010183803,0.035187046,0.059772375,0.009224719,0.063319455,0.009865717,0.085696085,0.008731604,0.008928897,0.000697384,0.03593385,0.023496757,0.166683617,0.115406249,0.11948169,0.122809942,0.134764612,40010.0,0.197215708,0.278195489,133.0,0.076660988,587.0,0.615615616,999.0,43.2,98869,435.9698137,0.894441364,-0.38906906,0.585587733,0.958868999,0.481571896,0.512457259,0.496197991,0.470882451,0.481571896,complete,CITY OF CHICAGO,Ward 40 Precinct 10,1,0,0,,0,0,0,824,549,366,152,114,76,0.19222,21.130348470064074,116,0.37834,24.705665717628932,136,0.41074,25.141380259011687,138,0.01578,12.216717010998513,67,0.00136,5.663317159650048,31,0.00126,4.910076208973209,27,0.0003,2.952864361101383,16,CITY OF CHICAGO:WARD 40 PRECINCT 10,CITY OF CHICAGO:WARD 40 PRECINCT 10,CITY OF CHICAGO:WARD 40 PRECINCT 10,1.2,46.22603256,9.433747748,9.433747748,9.433747748,9.433747748,3.302614352,9.433747748,3.302614352,15.895951409200531,17.815499655650992,19.35089258038409,10.607216856721493,4.422856170375715,3.896836799566645,2.079971731564583,20.578271805653415,24.028196351533126,24.526470298572036,11.869076882336673,5.41424228593933,4.762982763715822,2.7715965823690913,13.489266465859966,21.40230769014275,23.028355919601093,13.890058551950752,4.1295601678105935,0.003548009658751298,0.005992615736049695,0.2,0.3,1.0,1.004923975,1.5,1.8,1.4,1.0,1.002475231,546.8938401,488.6592269,147.9958589,101.0753923,46.92046664,0.270611676,0.184817207,0.085794469,2695.692862,549,0.9999999908487014
CITY OF CHICAGO:WARD 40 PRECINCT 14,CITY OF CHICAGO:WARD 40 PRECINCT 14,CITY OF CHICAGO:Ward 40 Precinct 14,TRUE, ,, , ,,, ,,0.656676506,0.193973958,0.059795524,0.079194118,0.016844374,0.000239027,0.5739,0.3722,0.6278,0.5087,0.2568,0.0109,0.0303,0.1781,0.102635485,0.045588608,0.198957229,0.301920891,0.109881312,0.099601383,0.061364025,0.045983226,0.034067841,0.012904046,0.013663045,0.030881148,0.002660987,0.013119679,0.097860523,0.016969056,0.038372914,0.036509377,0.085895895,0.093046125,0.103089556,0.083325808,0.094126033,0.082590079,0.194985729,40014.0,0.315749624,0.333333333,141.0,0.18762089,517.0,0.748099891,921.0,36.6,89094,387.2315387,1.399416499,-0.050612362,0.97503203,1.380343236,0.883606404,0.926044851,0.89340384,0.442295031,0.883606404,complete,CITY OF CHICAGO,Ward 40 Precinct 14,1,0,0,,0,0,0,329,219,146,166,125,83,0.18124,20.99257292304122,46,0.35962,24.560594445449055,54,0.44354,25.743320309416106,56,0.01258,11.829520157943223,26,0.00144,5.732753900760688,13,0.00132,4.916029791948144,11,0.00026,2.8760180895256147,6,CITY OF CHICAGO:WARD 40 PRECINCT 14,CITY OF CHICAGO:WARD 40 PRECINCT 14,CITY OF CHICAGO:WARD 40 PRECINCT 14,1.2,29.8226849,13.1831915,13.1831915,13.1831915,13.1831915,2.130678791,13.1831915,2.130678791,15.896333916855601,17.943960824097417,20.0319662119823,10.40892273941067,4.504575308487609,3.895688712339965,2.078000131119484,20.378529580753202,23.926200143552315,25.159654917515695,11.508431028886863,5.471802100411714,4.749214446782432,2.7570047522172825,13.489648973515036,21.530768858589173,23.709429551199303,13.691764434639929,4.211279305922488,0.0023999224320716043,0.004021015290950355,0.2,0.3,1.0,1.000991148,1.5,1.8,1.4,1.0,1.00210322,280.4721431,267.2374128,29.87839569,17.04357164,12.83482405,0.106528924,0.060767431,0.045761493,1374.014008,219,0.9999999732864693
CITY OF CHICAGO:WARD 40 PRECINCT 21,CITY OF CHICAGO:WARD 40 PRECINCT 21,CITY OF CHICAGO:Ward 40 Precinct 21,TRUE, ,, , ,,, ,,0.6852705,0.169663785,0.049203852,0.084590246,0.014359655,0.000915403,0.5457,0.5365,0.4635,0.4507,0.3403,0.0054,0.0759,0.1223,0.110489192,0.022098235,0.269610832,0.332979773,0.11089515,0.082149213,0.037370348,0.026979085,0.007428171,0.010396953,2.01e-10,0.019737694,6.17e-10,0.007589732,0.042335635,0.016818332,0.004252887,0.025492311,0.056262645,0.11872238,0.104633253,0.140993029,0.06638533,0.135481606,0.250898212,40021.0,0.415665259,0.496551724,290.0,0.178217822,404.0,0.702741703,693.0,34.4,116625,293.6183885,1.825074514,0.951283135,0.942029377,1.236044543,1.150303378,1.238607892,1.090987675,0.433367188,1.150303378,complete,CITY OF CHICAGO,Ward 40 Precinct 21,1,0,0,,0,0,0,639,426,284,177,133,89,0.18034,20.979327827793064,89,0.35772,24.562718926229117,105,0.44658,25.84993159372948,110,0.01308,11.847083362641722,50,0.00102,5.623739332005654,24,0.00102,4.9188890522388995,21,0.00024,2.904702382558403,12,CITY OF CHICAGO:WARD 40 PRECINCT 21,CITY OF CHICAGO:WARD 40 PRECINCT 21,CITY OF CHICAGO:WARD 40 PRECINCT 21,1.2,21.34388477,15.12125835,15.12125835,15.12125835,15.12125835,1.524911749,15.12125835,1.524911749,15.8962819197196,17.94388069366255,20.031898685737225,10.408033967941254,4.504565673008574,3.8955664317046046,2.0780453459185377,20.37876621836029,23.92652050439755,25.1599613666791,11.507516482711548,5.47189123748158,4.749111679810079,2.7570694806793448,13.489596976379035,21.530688728154306,23.709362024954228,13.690875663170512,4.2112696704434525,0.0022776417967110764,0.004066230090004442,0.2,0.3,1.0,1.000497386,1.5,1.8,1.4,1.0,1.000844583,419.375997,392.9901072,57.66230636,40.45657234,17.20573402,0.137495486,0.096468498,0.041026988,1696.14624,426,0.9999999937847606
CITY OF CHICAGO:WARD 46 PRECINCT 11,CITY OF CHICAGO:WARD 46 PRECINCT 11,CITY OF CHICAGO:Ward 46 Precinct 11,TRUE, ,, , ,,, ,,0.581125579,0.129096514,0.17988734,0.100050393,0.021601067,0.002369987,0.6305,0.2361,0.7639,0.2517,0.4814,0.0296,0.0103,0.2164,0.012369413,0.018363203,0.34575512,0.249358491,0.114615642,0.100594591,0.113361916,0.018251506,0.027330118,0.029282447,0.080761402,0.011367041,0.016789282,0.034185407,0.054789136,0.069891147,0.004187251,0.073095623,0.046014496,0.081112213,0.198079046,0.088632808,0.094704113,0.040416206,0.076692381,46011.0,0.274882326,0.282608696,184.0,0.144032922,486.0,0.681818182,924.0,34.9,74727,401.199215,1.225314689,-0.361979146,0.822048067,1.169480228,0.673389297,0.71371596,0.695055719,1.008171423,0.673389297,complete,CITY OF CHICAGO,Ward 46 Precinct 11,1,0,0,,0,0,0,879,586,391,170,128,85,0.17716,20.913720298567128,123,0.35968,24.584846560509114,144,0.4458,25.819771168445126,151,0.0139,11.88203268770391,70,0.00164,5.699899966699859,33,0.00136,4.919651991376917,29,0.00046,2.9653496430813964,17,CITY OF CHICAGO:WARD 46 PRECINCT 11,CITY OF CHICAGO:WARD 46 PRECINCT 11,CITY OF CHICAGO:WARD 46 PRECINCT 11,1.2,37.97433744,11.31990339,11.31990339,11.31990339,11.31990339,2.713072805,11.31990339,2.713072805,15.896132945609613,17.94365111639859,20.031705220038276,10.418344880289954,4.5045380669320885,3.898354174097905,2.0806867139802985,20.374802334273603,23.92101375503284,25.154937413674507,11.518031810788967,5.470914556646967,4.751662836582444,2.759474263120169,13.489448002269048,21.530459150890348,23.70916855925528,13.701186575519213,4.211242064366967,0.005065384190011322,0.006707598151764995,0.2,0.3,1.0,1.000022824,1.5,1.8,1.4,1.0,1.000018777,499.7652912,461.7781149,71.85943664,56.83484736,15.02458928,0.143786369,0.113723078,0.030063291,2034.675218,586,1.0000000000000004
CITY OF CHICAGO:WARD 46 PRECINCT 13,CITY OF CHICAGO:WARD 46 PRECINCT 13,CITY OF CHICAGO:Ward 46 Precinct 13,TRUE, ,, , ,,, ,,0.654059431,0.14684,0.11709939,0.068062709,0.019250271,0.000766551,0.3358,0.2027,0.7973,0.2277,0.3,0.0007,0.0284,0.4418,0.062040413,0.065145583,0.22371666,0.327088816,0.061485469,0.106428845,0.086350036,0.016378549,0.051365629,0.091829708,0.087468422,0.031157602,0.057102969,0.019857996,0.025921228,0.014668975,0.006793898,0.015481388,0.045801586,0.123344195,0.052151012,0.105148898,0.030112092,0.209744821,0.083415209,46013.0,0.252537377,0.232758621,232.0,0.150515464,485.0,0.760736196,978.0,35.7,72637,420.2190297,1.130121313,-0.667977541,0.844800331,1.420543305,0.653339754,0.681871852,0.68592545,0.482537965,0.653339754,complete,CITY OF CHICAGO,Ward 46 Precinct 13,1,0,0,,0,0,0,408,272,181,197,148,99,0.17772,20.911640548303325,57,0.36022,24.637049512376063,67,0.44548,25.811372242699953,70,0.0132,11.849689719770327,32,0.00134,5.70334275680751,16,0.0015,4.901159960533816,13,0.00054,2.8447375487821507,8,CITY OF CHICAGO:WARD 46 PRECINCT 13,CITY OF CHICAGO:WARD 46 PRECINCT 13,CITY OF CHICAGO:WARD 46 PRECINCT 13,1.2,38.80816518,11.12930875,11.12930875,11.12930875,11.12930875,2.772645546,11.12930875,2.772645546,15.896441179208844,17.94412612125936,20.03210550857648,10.413587014019942,4.504595185046884,3.8966318909598003,2.0784599046875067,20.37701940363845,23.924124742540585,25.157723298323482,11.513209696601225,5.471346982116121,4.750052973258299,2.757359873641337,13.48975623586828,21.530934155751115,23.70956884779348,13.6964287092492,4.2112991824817625,0.003343101051906861,0.004480788858973329,0.2,0.3,1.0,1.000011991,1.5,1.8,1.4,1.0,1.000012353,487.2903388,450.1134772,70.28934087,55.63978937,14.6495515,0.1442453,0.114182008,0.030063292,2350.276627,272,1.0000000000000009
CITY OF CHICAGO:WARD 46 PRECINCT 14,CITY OF CHICAGO:WARD 46 PRECINCT 14,CITY OF CHICAGO:Ward 46 Precinct 14,TRUE, ,, , ,,, ,,0.563675589,0.149484795,0.199547075,0.076455683,0.013631798,0.000640233,0.4298,0.2977,0.7023,0.3865,0.3026,0.0,0.0288,0.282,0.064527588,0.036080565,0.236382432,0.289142561,0.126181695,0.137045765,0.062994681,0.026263919,0.021380795,0.056528189,0.115086558,0.013696665,0.031062916,0.014523265,0.136611341,0.002108695,0.011556567,0.013355047,0.0461438,0.103903019,0.061509378,0.077703445,0.050981615,0.137215941,0.128013559,46014.0,0.205406933,0.094594595,148.0,0.16,250.0,0.772893773,546.0,36.5,68565,248.7435133,0.92933741,-1.51607998,0.878088919,1.459220389,0.432516835,0.437641684,0.520606282,0.65410502,0.432516835,complete,CITY OF CHICAGO,Ward 46 Precinct 14,1,0,0,,0,0,0,255,170,113,188,141,94,0.18048,20.973828431117038,36,0.35772,24.54295905114463,42,0.4454,25.811455286594352,44,0.0137,11.817870426573087,20,0.00122,5.652607681442791,10,0.0012,4.915864420865581,8,0.00028,2.9040679936948153,5,CITY OF CHICAGO:WARD 46 PRECINCT 14,CITY OF CHICAGO:WARD 46 PRECINCT 14,CITY OF CHICAGO:WARD 46 PRECINCT 14,1.2,48.40160649,8.936459495,8.936459495,8.936459495,8.936459495,3.458048017,8.936459495,3.458048017,15.896360304438907,17.94400148880875,20.032000480300795,10.420102991992561,4.504580198314728,3.8983694517876004,2.080073267914756,20.374536072076943,23.920676538380718,25.154574518590167,11.51985588493072,5.470728823683571,4.751641214837441,2.758823917619929,13.489675361098342,21.530809523300505,23.709463819517797,13.70294468722182,4.211284195749607,0.0050806618797071615,0.006094152086222716,0.2,0.3,1.0,1.000011892,1.5,1.8,1.4,1.0,1.000009492,214.8189662,198.6735534,30.59130843,24.13314326,6.458165161,0.142405063,0.112341772,0.030063291,2542.25187,170,1.0
CITY OF CHICAGO:WARD 46 PRECINCT 16,CITY OF CHICAGO:WARD 46 PRECINCT 16,CITY OF CHICAGO:Ward 46 Precinct 16,TRUE, ,, , ,,, ,,0.551756769,0.101140536,0.200308539,0.138017533,0.025879564,0.001797239,0.536,0.2589,0.7411,0.2724,0.4497,0.0436,0.0014,0.2261,0.037185925,0.011205884,0.082867838,0.303522775,0.168657264,0.073887564,0.154074407,0.075734876,0.092863429,0.047226989,0.013016482,0.004277733,0.002233541,0.077209069,0.00683607,0.064301508,0.037118841,0.041637671,0.185642327,0.040016785,0.070750747,0.058199912,0.045156984,0.084005867,0.22236944,46016.0,-0.149099755,0.331034483,290.0,0.369863014,365.0,0.802968961,741.0,44.7,67684,401.7935842,-0.580922851,-0.064723563,1.614660892,1.554899042,0.850536754,0.63097838,1.047273257,0.848401999,0.850536754,complete,CITY OF CHICAGO,Ward 46 Precinct 16,1,0,0,,0,0,0,986,657,438,135,102,68,0.19538,21.20048244181676,139,0.38352,24.767732391638575,163,0.40146,25.046656611488682,165,0.0171,12.28323868370453,81,0.00112,5.615341221725749,37,0.00104,4.9300365771189565,32,0.00038,2.8997131258857674,19,CITY OF CHICAGO:WARD 46 PRECINCT 16,CITY OF CHICAGO:WARD 46 PRECINCT 16,CITY OF CHICAGO:WARD 46 PRECINCT 16,1.2,31.02546607,12.90826224,12.90826224,12.90826224,12.90826224,2.216611374,12.90826224,2.216611374,15.895767093920734,17.784278913322055,19.185997520338415,10.663641449195207,4.4030684048755395,3.899344048529336,2.0824858396152925,20.62388841375052,24.048643807190118,24.367768530455358,11.965799032890109,5.399354542589323,4.768380982751391,2.7770016604926795,13.489082150580169,21.37108694781381,22.863460859555417,13.946483144424466,4.109772402310418,0.006055258621442471,0.00850672378675909,0.2,0.3,1.0,1.000027248,1.5,1.8,1.4,1.0,1.000009121,960.4714362,890.636884,148.155501,124.4914374,23.66406364,0.154252896,0.129614929,0.024637967,3125.040344,657,0.9999999637882252
CITY OF CHICAGO:WARD 46 PRECINCT 19,CITY OF CHICAGO:WARD 46 PRECINCT 19,CITY OF CHICAGO:Ward 46 Precinct 19,TRUE, ,, , ,,, ,,0.431475888,0.119318094,0.306514016,0.129036389,0.027850273,0.001684754,0.3102,0.3233,0.6767,0.4139,0.2679,0.036,0.039,0.2348,0.088089717,0.098379678,0.186058085,0.19756608,0.146035501,0.175724724,0.078107199,0.018100308,0.011938708,0.095841893,0.072486125,0.049904449,0.039566537,0.026433507,0.048043093,0.017387674,0.014142947,0.037241563,0.0580786,0.139556391,0.098920899,0.055128964,0.025913016,0.11589352,0.105460824,46019.0,-0.040562001,0.348314607,178.0,0.20855615,374.0,0.757062147,708.0,40.8,64393,367.6173548,-0.118533107,0.041348298,1.048510084,1.408854997,0.711749387,0.595045068,0.80244239,0.86794259,0.711749387,complete,CITY OF CHICAGO,Ward 46 Precinct 19,1,0,0,,0,0,0,699,466,311,134,101,67,0.18938,21.12922327590163,98,0.37138,24.63561637877964,115,0.42118,25.334104660251803,118,0.0151,12.098089917809821,56,0.00136,5.622507840534861,26,0.00126,4.954397408917509,23,0.00034,2.8756698669724714,13,CITY OF CHICAGO:WARD 46 PRECINCT 19,CITY OF CHICAGO:WARD 46 PRECINCT 19,CITY OF CHICAGO:WARD 46 PRECINCT 19,1.2,36.40327737,11.6790131,11.6790131,11.6790131,11.6790131,2.600828573,11.6790131,2.600828573,15.895853636301869,17.864847706076574,19.614214724779814,10.548624264589836,4.45444382896945,3.901273728498886,2.083792261694796,20.49350935540629,23.978805123709968,24.764030317855642,11.747380153580913,5.434940081969039,4.762087258873209,2.7700846787244506,13.489168692961304,21.45165574056833,23.291678063996816,13.831465959819095,4.161147826404329,0.007984938590992332,0.00981314586626264,0.2,0.3,1.0,1.000080349,1.5,1.8,1.4,1.0,1.000054181,131.3412183,117.6252064,24.93820399,20.98965477,3.948549224,0.189873402,0.159810112,0.030063291,2183.372932,466,0.9999999999999997
CITY OF CHICAGO:WARD 46 PRECINCT 22,CITY OF CHICAGO:WARD 46 PRECINCT 22,CITY OF CHICAGO:Ward 46 Precinct 22,TRUE, ,, , ,,, ,,0.409362527,0.118307738,0.371541553,0.094522614,0.013836048,0.003061623,0.2592,0.0433,0.9567,0.2758,0.4609,0.0156,0.031,0.1974,0.103258455,0.064793748,0.213393323,0.167857527,0.146141694,0.096788815,0.099345987,0.045980522,0.062439929,0.201775963,0.108245198,0.070733223,0.056280304,0.053276292,0.012100219,0.000377198,0.030083698,0.072478376,0.092403442,0.08114738,0.101552451,0.05267001,0.014737842,0.039239774,0.012898629,46022.0,0.399190531,0.182481752,137.0,0.385214008,257.0,0.824620573,593.0,41.7,34004,315.3128646,1.754889302,-0.976595757,1.668539428,1.623779644,1.009018167,1.017653154,1.139195422,1.049147014,1.009018167,complete,CITY OF CHICAGO,Ward 46 Precinct 22,1,0,0,,0,0,0,618,412,275,138,104,69,0.19054,21.051394073767838,87,0.37586,24.716597603141,102,0.41624,25.31128097570583,104,0.01394,12.115685583864032,50,0.0013,5.6779578314111765,23,0.00158,4.9556450219101755,20,0.00054,2.907433347445615,12,CITY OF CHICAGO:WARD 46 PRECINCT 22,CITY OF CHICAGO:WARD 46 PRECINCT 22,CITY OF CHICAGO:WARD 46 PRECINCT 22,1.2,25.56089214,14.1573434,14.1573434,14.1573434,14.1573434,1.826195426,14.1573434,1.826195426,15.896186211335786,17.84679820098974,19.515853205344243,10.582607806848802,4.442653291488039,3.902002889211295,2.083460684185343,20.521322158725894,23.991958889888892,24.670262632689017,11.805250542552566,5.426027385224232,4.764539339704757,2.771476021334137,13.489501267995221,21.433606235481495,23.193316544561245,13.86544950207806,4.149357288922918,0.008714099303401278,0.00948156835680989,0.2,0.3,1.0,1.000058227,1.5,1.8,1.4,1.0,1.000030998,334.345354,309.572613,44.27880805,35.90772258,8.371085469,0.132434345,0.107397103,0.025037242,3115.633376,412,0.9999999999999997
CITY OF CHICAGO:WARD 46 PRECINCT 23,CITY OF CHICAGO:WARD 46 PRECINCT 23,CITY OF CHICAGO:Ward 46 Precinct 23,TRUE, ,, , ,,, ,,0.417018258,0.124110684,0.238459171,0.211959888,0.026052651,0.00270143,0.362,0.3005,0.6995,0.3647,0.3188,0.0022,0.1229,0.182,0.071614346,0.056961671,0.196514866,0.199237689,0.123650962,0.195196243,0.090956782,0.034516818,0.031350623,0.062083385,0.113818881,0.037802164,0.098078328,0.032887119,0.028514709,0.016231207,0.025173919,0.03051708,0.066736141,0.12103643,0.120568105,0.061114181,0.035805171,0.090810361,0.05882282,46023.0,0.181529204,0.159574468,188.0,0.309904153,313.0,0.800362976,551.0,42.5,58225,252.3097286,0.827614124,-1.117209229,1.404218777,1.546608582,0.722968529,0.665308063,0.870750672,0.948341864,0.722968529,complete,CITY OF CHICAGO,Ward 46 Precinct 23,1,0,0,,0,0,0,575,383,255,145,109,73,0.19206,21.121418444972463,81,0.37528,24.660301477902607,94,0.41468,25.251874191244028,97,0.01498,12.237675135447615,47,0.00162,5.6702801317567095,22,0.001,4.910517175643463,19,0.00038,2.9472215276236384,11,CITY OF CHICAGO:WARD 46 PRECINCT 23,CITY OF CHICAGO:WARD 46 PRECINCT 23,CITY OF CHICAGO:WARD 46 PRECINCT 23,1.2,35.95017263,11.78258285,11.78258285,11.78258285,11.78258285,2.568456549,11.78258285,2.568456549,15.895054584749476,17.828554727826166,19.426567242406772,10.596391692673805,4.43190833327036,3.9012402867657054,2.0859644251375578,20.549781794253875,24.00853108244233,24.591394194889347,11.839807602465267,5.419777027903158,4.765671121569173,2.7758741465963563,13.48836964140891,21.415362762317923,23.104030581623775,13.879233387903064,4.1386123307052385,0.007951496857811921,0.011985309309024493,0.2,0.3,1.0,1.000168813,1.5,1.8,1.4,1.0,1.000098028,302.7640509,278.4751391,57.24284396,43.94275838,13.30008558,0.189067506,0.145138626,0.04392888,1964.860658,383,1.0000000000000002
CITY OF CHICAGO:WARD 47 PRECINCT 03,CITY OF CHICAGO:WARD 47 PRECINCT 03,CITY OF CHICAGO:Ward 47 Precinct 03,TRUE, ,, , ,,, ,,0.731094879,0.124165454,0.041005726,0.084543504,0.021216113,0.000378031,0.7011,0.2959,0.7041,0.4131,0.1987,0.0274,0.0027,0.3316,0.077021791,0.013870645,0.182865273,0.364550307,0.149957861,0.125052888,0.045796121,0.036759092,0.004126021,0.00719666,3.64e-10,5.95e-10,2.89e-10,0.020906423,0.033589168,0.028636697,0.0018421,0.005233934,0.114638103,0.106845827,0.166798189,0.109261749,0.130482326,0.142167362,0.132401462,47003.0,0.304662682,0.218604651,215.0,0.205333333,375.0,0.670454545,704.0,36.7,103275,285.5944042,1.352184195,-0.7548599,1.037198721,1.133328917,0.660464436,0.691962983,0.729511583,0.535229874,0.660464436,complete,CITY OF CHICAGO,Ward 47 Precinct 03,1,0,0,,0,0,0,641,81,285,202,152,101,0.1774,20.916114098683845,17,0.36058,24.60359598327347,20,0.44676,25.877713149511482,21,0.01232,11.846021224818411,10,0.0012,5.666559888772414,5,0.00144,4.927382058915441,4,0.0003,2.939232721175116,2,CITY OF CHICAGO:WARD 47 PRECINCT 03,CITY OF CHICAGO:WARD 47 PRECINCT 03,CITY OF CHICAGO:WARD 47 PRECINCT 03,1.2,38.51090925,11.1972549,11.1972549,11.1972549,11.1972549,2.751408125,11.1972549,2.751408125,15.896282370125917,17.943881387763355,20.031899270658815,10.407379766173293,4.504565756472414,3.8954059406215196,2.0779156440040407,20.379003155097138,23.926848500097158,25.16026257345024,11.506848098139448,5.471953896098062,4.748966078599803,2.756954668637656,13.489597426785352,21.53068942225511,23.709362609875818,13.690221461402553,4.211269753907293,0.0021171507136261963,0.00393652817550722,0.2,0.3,1.0,1.000249092,1.5,1.8,1.4,1.0,1.000619793,288.5662744,272.0620456,34.91203412,23.52744768,11.38458644,0.120984457,0.081532216,0.039452242,1561.388587,186,0.43473547527461437
CITY OF CHICAGO:WARD 47 PRECINCT 04,CITY OF CHICAGO:WARD 47 PRECINCT 04,CITY OF CHICAGO:Ward 47 Precinct 04,TRUE, ,, , ,,, ,,0.667433886,0.151569221,0.065387616,0.092218337,0.020887302,0.001364924,0.7329,0.4705,0.5295,0.4608,0.1663,0.0237,0.0,0.3366,0.048307231,0.018339263,0.185388646,0.271036741,0.182828043,0.158263561,0.048024755,0.058541172,0.029270585,0.011904387,2.49e-09,0.018314439,1.21e-09,0.013732708,0.032691704,0.038833711,0.012280898,0.021977326,0.070708798,0.096355255,0.098550733,0.089351758,0.152795249,0.177899373,0.164603656,47004.0,0.315362468,0.258333333,240.0,0.147679325,474.0,0.67251462,855.0,40.4,123684,346.8144325,1.397767147,-0.510990398,0.834846121,1.139882665,0.659084281,0.715376384,0.682978229,0.541831426,0.659084281,complete,CITY OF CHICAGO,Ward 47 Precinct 04,1,0,0,,0,0,0,867,578,385,194,146,97,0.18526,21.03722396251709,122,0.37142,24.7044540917504,143,0.42648,25.508086486749228,147,0.01398,12.069130405502115,70,0.00136,5.649028917759228,33,0.00122,4.8472697688823185,28,0.00028,2.787653527138168,16,CITY OF CHICAGO:WARD 47 PRECINCT 04,CITY OF CHICAGO:WARD 47 PRECINCT 04,CITY OF CHICAGO:WARD 47 PRECINCT 04,1.2,38.56841124,11.18411121,11.18411121,11.18411121,11.18411121,2.755516349,11.18411121,2.755516349,15.896208415368857,17.87364422735585,19.658583645983494,10.516991903710927,4.459777201773246,3.8960007385189455,2.0785952582023084,20.488000105392203,23.98246291274846,24.814145653017835,11.704853351884616,5.4404304926786455,4.756435524029512,2.7645089303682067,13.489523472028292,21.460452261847607,23.336046985200497,13.799833598940186,4.166481199208125,0.0027119486110519847,0.0046161423737749955,0.2,0.3,1.0,1.000255043,1.5,1.8,1.4,1.0,1.000411194,451.3639926,419.6713905,71.56393994,52.13944185,19.42449808,0.158550396,0.115515289,0.043035108,1728.23374,578,0.9999999733126511
CITY OF CHICAGO:WARD 48 PRECINCT 01,CITY OF CHICAGO:WARD 48 PRECINCT 01,CITY OF CHICAGO:Ward 48 Precinct 01,TRUE, ,, , ,,, ,,0.661027311,0.158000107,0.088808169,0.07044014,0.025884462,0.000934675,0.5865,0.5296,0.4704,0.3665,0.3035,0.0505,0.0054,0.2573,0.10626028,0.034698587,0.135801347,0.272316539,0.143684114,0.165724174,0.119292032,0.01400518,0.008217748,0.015713785,0.038312434,0.006355261,0.012074997,0.007626314,0.012307484,0.002470407,0.069796109,0.049314641,0.086106424,0.027783902,0.146437522,0.08890329,0.190050984,0.10284873,0.143897713,48001.0,-0.222361586,0.498007968,251.0,0.276752768,542.0,0.739726027,876.0,41.1,107227,334.9270484,-0.893031016,0.960222105,1.287864873,1.353703335,0.895279413,0.677189824,1.017414423,0.596236096,0.895279413,complete,CITY OF CHICAGO,Ward 48 Precinct 01,1,0,0,,0,0,0,840,560,373,134,101,67,0.18794,21.04832745047854,118,0.36876,24.64311231405579,138,0.42544,25.403834732407915,142,0.0149,12.086405358767795,68,0.00142,5.672471921059626,32,0.00112,4.952385935284874,28,0.00042,2.873254658895963,16,CITY OF CHICAGO:WARD 48 PRECINCT 01,CITY OF CHICAGO:WARD 48 PRECINCT 01,CITY OF CHICAGO:WARD 48 PRECINCT 01,1.2,29.40582243,13.27847708,13.27847708,13.27847708,13.27847708,2.100896093,13.27847708,2.100896093,15.896418270263197,17.85953049746311,19.58201684877396,10.541214809861447,4.450597738006472,3.8961176254702052,2.0781113131337254,20.510337304496844,23.993680980822113,24.74219811962752,11.747543733359473,5.4337218294301275,4.757941214032283,2.7654137883511343,13.489733326922632,21.446338531954865,23.259480187990963,13.824056505090706,4.157301735441351,0.0028288355623117606,0.004132197305192101,0.2,0.3,1.0,1.005338659,1.5,1.8,1.4,1.0,1.000740114,433.4562437,388.591458,102.1735099,76.78119163,25.3923183,0.235718164,0.177137122,0.058581042,2225.907351,560,0.999999999999999
CITY OF CHICAGO:WARD 48 PRECINCT 07,CITY OF CHICAGO:WARD 48 PRECINCT 07,CITY OF CHICAGO:Ward 48 Precinct 07,TRUE, ,, , ,,, ,,0.686641516,0.140686267,0.059995548,0.091558263,0.014118535,0.001303392,0.5362,0.4349,0.5651,0.3451,0.3902,0.0043,0.0262,0.2233,0.09422136,0.04297043,0.140172013,0.257687762,0.165110405,0.106758547,0.100310864,0.055689266,0.037079353,0.030965618,0.015579042,0.019227315,0.009625173,0.005920192,0.02944728,0.023887863,0.042392505,0.023081552,0.06579388,0.053746401,0.195509109,0.146635899,0.055702398,0.10528036,0.177205412,48007.0,0.286910855,0.434628975,283.0,0.301204819,415.0,0.690751445,692.0,41.6,98059,269.249251,1.276558319,0.571178154,1.373686072,1.197899753,1.11454335,1.104830574,1.168314449,0.383283689,1.11454335,complete,CITY OF CHICAGO,Ward 48 Precinct 07,1,0,0,,0,0,0,723,482,321,161,121,81,0.18744,21.150170797662053,102,0.3768,24.687006208719946,119,0.41714,25.34363129731577,122,0.0156,12.06213856654363,58,0.00142,5.591166910446984,27,0.0013,4.966857529959823,24,0.0003,2.8793743580947493,14,CITY OF CHICAGO:WARD 48 PRECINCT 07,CITY OF CHICAGO:WARD 48 PRECINCT 07,CITY OF CHICAGO:WARD 48 PRECINCT 07,1.2,22.35268963,14.89066779,14.89066779,14.89066779,14.89066779,1.596985713,14.89066779,1.596985713,15.896214775847621,17.848904667292935,19.5268673472995,10.554587820629596,4.443975492078931,3.8958853690374218,2.078485409040119,20.527178254450476,24.002837906919197,24.691823590173417,11.774015094680488,5.429326646752249,4.758788275242827,2.7668672019008556,13.489529832507056,21.43571270178469,23.204330686516503,13.837429515858855,4.15067948951381,0.0025965791295285293,0.004506293211585233,0.2,0.3,1.0,1.002242445,1.5,1.8,1.4,1.0,1.00094994,314.1051123,278.9273463,75.66168973,57.25082653,18.4108632,0.24088016,0.182266459,0.058613701,1605.586381,482,0.9999999999999993
CITY OF CHICAGO:WARD 48 PRECINCT 21,CITY OF CHICAGO:WARD 48 PRECINCT 21,CITY OF CHICAGO:Ward 48 Precinct 21,TRUE, ,, , ,,, ,,0.364733985,0.132803925,0.31281453,0.188943297,0.029036808,0.000595829,0.2734,0.099,0.901,0.368,0.4353,0.0156,0.091,0.084,0.066983324,0.10089024,0.131368015,0.210661076,0.101768781,0.193834017,0.129381505,0.039585445,0.025527596,0.135768922,0.239984387,0.115334138,0.085577353,0.04018448,0.031426991,0.039858769,0.016732678,0.029163296,0.059130537,0.078337703,0.02879899,0.036446413,0.014426701,0.034007715,0.014820925,48021.0,0.399011289,0.192,250.0,0.358600583,343.0,0.790378007,582.0,45.7,20521,299.5620806,1.7541257,-0.918169193,1.575132293,1.514843249,0.963583671,0.981483012,1.082313528,0.997704572,0.963583671,complete,CITY OF CHICAGO,Ward 48 Precinct 21,1,0,0,,0,0,0,737,491,327,162,122,81,0.22328,21.554235121344934,106,0.40958,24.86188357362875,122,0.34216,23.83188613167362,117,0.02158,12.916788494143763,63,0.00144,5.500345101737707,27,0.00142,4.968361096693108,24,0.00054,2.9773394196190797,15,CITY OF CHICAGO:WARD 48 PRECINCT 21,CITY OF CHICAGO:WARD 48 PRECINCT 21,CITY OF CHICAGO:WARD 48 PRECINCT 21,1.2,27.04906865,13.81717905,13.81717905,13.81717905,13.81717905,1.932518051,13.81717905,1.932518051,15.895276372819096,17.57109066217066,18.054724447977854,10.998566220503793,4.267336012127018,3.9023304676456423,2.086226697849989,20.96346139231575,24.220079742521804,23.286863817145793,12.58517144025941,5.300265436503197,4.792810012256923,2.8021851291166007,13.48859142947853,21.157898696662418,21.732187787194857,14.281407915733054,3.974040009561897,0.009041677737748836,0.012247582021455154,0.2,0.3,1.0,1.000315601,1.5,1.8,1.4,1.0,1.000138115,454.3331971,421.1422597,81.86084284,63.65583377,18.20500907,0.180177991,0.14010826,0.040069731,3762.619828,491,0.9999999999999999
CITY OF CHICAGO:WARD 48 PRECINCT 25,CITY OF CHICAGO:WARD 48 PRECINCT 25,CITY OF CHICAGO:Ward 48 Precinct 25,TRUE, ,, , ,,, ,,0.691542659,0.118714084,0.08449691,0.095348151,0.022530404,0.00129684,0.4469,0.3575,0.6425,0.4162,0.3447,0.0491,0.0139,0.1473,0.057347736,0.067235842,0.275038723,0.155859867,0.209292321,0.052864343,0.127147666,0.034116912,0.02109659,0.01810897,0.016788917,0.015468861,1.71e-09,0.057283096,0.078348259,0.023547228,3.21e-09,0.131039015,0.080988369,0.118684399,0.148144017,0.022227182,0.015468861,0.107649835,0.166252987,48025.0,0.087031517,0.422018349,218.0,0.228235294,425.0,0.674351585,694.0,40.0,69912,285.8915888,0.425037512,0.493769418,1.117579453,1.145726629,0.864782447,0.795528253,0.929192687,0.412743007,0.864782447,complete,CITY OF CHICAGO,Ward 48 Precinct 25,1,0,0,,0,0,0,762,508,339,119,90,60,0.1869,21.01162963953862,107,0.36694,24.64302309876928,125,0.42972,25.51975881956659,130,0.01382,11.955665470644238,61,0.0011,5.628302606263174,29,0.00112,4.9738474503877566,25,0.0004,2.93193698972707,15,CITY OF CHICAGO:WARD 48 PRECINCT 25,CITY OF CHICAGO:WARD 48 PRECINCT 25,CITY OF CHICAGO:WARD 48 PRECINCT 25,1.2,30.50341284,13.0275921,13.0275921,13.0275921,13.0275921,2.179313331,13.0275921,2.179313331,15.896178256454128,17.881847538119253,19.702452666260147,10.505818960759562,4.465039242535747,3.896421928346727,2.0790153877475284,20.474431687407616,23.97493703468907,24.854160842878393,11.683231307960892,5.443994899568847,4.756004425779269,2.764076771835401,13.489493313113563,21.46865557261101,23.37991600547715,13.78866065598882,4.171743239970626,0.003133138438833923,0.0050362719189947355,0.2,0.3,1.0,1.021779331,1.5,1.8,1.4,1.0,1.000969012,301.2435699,279.2192636,50.65590452,34.50474659,16.15115793,0.168155969,0.114541023,0.053614947,1375.99997,508,1.0000000000000009
CITY OF CHICAGO:WARD 48 PRECINCT 28,CITY OF CHICAGO:WARD 48 PRECINCT 28,CITY OF CHICAGO:Ward 48 Precinct 28,TRUE, ,, , ,,, ,,0.605953354,0.194380082,0.0966877,0.091581316,0.021263417,0.00038292,0.6136,0.4741,0.5259,0.4184,0.2853,0.0313,0.0148,0.247,0.062323363,0.039151743,0.184195469,0.271056201,0.158818646,0.12734517,0.103000668,0.033730133,0.020378607,0.005984441,5.35e-10,0.022940357,0.008322788,0.037152512,1.08e-09,5.54e-11,0.018114777,0.010607315,0.026619643,0.05142655,0.223456818,0.193931962,0.110373124,0.127349668,0.163720042,48028.0,0.288988266,-0.068376068,234.0,0.193650794,315.0,0.874782609,575.0,38.7,112295,232.9927293,1.285408451,-2.516454831,0.996195637,1.783360891,0.358206256,0.387127537,0.480019876,0.634031683,0.358206256,complete,CITY OF CHICAGO,Ward 48 Precinct 28,1,0,0,,0,0,0,509,339,226,159,120,80,0.183,21.045536709785065,71,0.36654,24.655367864694284,84,0.4339,25.63951026893073,87,0.01368,11.956114920582547,41,0.00112,5.705485193744095,19,0.0014,4.896078901731203,17,0.00036,2.9043581202569837,10,CITY OF CHICAGO:WARD 48 PRECINCT 28,CITY OF CHICAGO:WARD 48 PRECINCT 28,CITY OF CHICAGO:WARD 48 PRECINCT 28,1.2,51.70690196,8.180941798,8.180941798,8.180941798,8.180941798,3.694194527,8.180941798,3.694194527,15.896214553708713,17.908715282911714,19.845201409106078,10.465632799458685,4.482165764405954,3.8966007729635987,2.0790586535739317,20.432067826164456,23.952793077959917,24.985944208019845,11.609167719172211,5.455906138592977,4.753510616472204,2.7614473837378686,13.489529610368148,21.49552331740347,23.52266474832308,13.748474494687944,4.188869761840833,0.0033119830557052973,0.005079537745398395,0.2,0.3,1.0,1.004636212,1.5,1.8,1.4,1.0,1.001353568,274.5621694,245.7362082,65.62506068,49.47434477,16.15071592,0.239017126,0.180193596,0.05882353,1187.157943,339,1.0000000000000004
CITY OF CHICAGO:WARD 48 PRECINCT 30,CITY OF CHICAGO:WARD 48 PRECINCT 30,CITY OF CHICAGO:Ward 48 Precinct 30,TRUE, ,, , ,,, ,,0.756118092,0.099253241,0.054272242,0.074274914,0.010773761,7.41e-11,0.376,0.4469,0.5531,0.4209,0.3799,0.0,0.0356,0.1359,0.094899894,0.031285214,0.247995042,0.157513566,0.071467048,0.107618111,0.231437132,0.024563604,0.03322039,0.028868639,0.070227941,9.24e-10,8.56e-10,2.33e-09,0.045246608,0.016123092,0.133286409,0.116908445,0.089935771,0.04284089,0.140408198,0.092596366,0.053659221,0.059840431,0.110057984,48030.0,-0.041161349,0.324561404,228.0,0.083900227,441.0,0.667721519,632.0,43.6,59934,243.3941904,-0.121086434,-0.104457742,0.610995834,1.1246343,0.450729716,0.37752149,0.497424585,0.083004897,0.450729716,complete,CITY OF CHICAGO,Ward 48 Precinct 30,1,0,0,,0,0,0,770,513,342,122,92,61,0.1947,21.185299014855474,109,0.37944,24.69692745590728,127,0.40776,25.17446234046341,129,0.01506,12.214823436238047,63,0.00118,5.538976264046133,28,0.00146,4.937006285812716,25,0.0004,2.8688779602999355,15,CITY OF CHICAGO:WARD 48 PRECINCT 30,CITY OF CHICAGO:WARD 48 PRECINCT 30,CITY OF CHICAGO:WARD 48 PRECINCT 30,1.2,47.59249377,9.121404831,9.121404831,9.121404831,9.121404831,3.400241038,9.121404831,3.400241038,15.896381318347824,17.8079123818934,19.307542697010874,10.617637466591344,4.41766820648131,3.895504385389585,2.0777221442315748,20.59289343860518,24.037117800964197,24.487230351134876,11.89015713217149,5.410675168279444,4.76253321673349,2.7702298622308117,13.48969637500726,21.394720416385155,22.985006036227876,13.900479161820602,4.124372203916189,0.002215595481691497,0.0037430284030411697,0.2,0.3,1.0,1.011357243,1.5,1.8,1.4,1.0,1.000901793,301.613181,279.5618517,50.71805739,34.54708279,16.1709746,0.168155971,0.114541025,0.053614947,1179.110627,513,1.0000000000000002
CITY OF CHICAGO:WARD 48 PRECINCT 31,CITY OF CHICAGO:WARD 48 PRECINCT 31,CITY OF CHICAGO:Ward 48 Precinct 31,TRUE, ,, , ,,, ,,0.629137565,0.155579539,0.103789664,0.095104353,0.031600481,0.000454296,0.481,0.521,0.479,0.3258,0.3583,0.0066,0.0262,0.268,0.109232203,0.038991888,0.160433286,0.276603945,0.165434133,0.135103784,0.089168813,0.015602293,0.009429656,0.00631461,3.21e-09,0.033460806,0.02541726,0.016337876,0.011802365,3.59e-09,0.070764024,2.85e-09,0.062553293,0.070646995,0.192729657,0.141218753,0.110597954,0.14764203,0.110514367,48031.0,0.130147696,0.009174312,218.0,0.205633803,355.0,0.776377953,635.0,38.5,101766,240.1251598,0.608719947,-2.040421609,1.038253303,1.470304664,0.312167412,0.269214076,0.465975257,0.51934322,0.312167412,complete,CITY OF CHICAGO,Ward 48 Precinct 31,1,0,0,,0,0,0,591,394,263,166,125,83,0.18074,20.988891715219992,83,0.36642,24.679186950883476,97,0.43652,25.678399432085964,101,0.01312,11.985919169964504,47,0.0014,5.6548621218260315,22,0.0014,4.8958989820019045,19,0.0004,2.841776772283359,11,CITY OF CHICAGO:WARD 48 PRECINCT 31,CITY OF CHICAGO:WARD 48 PRECINCT 31,CITY OF CHICAGO:WARD 48 PRECINCT 31,1.2,53.74600242,7.714848371,7.714848371,7.714848371,7.714848371,3.83987786,7.714848371,3.83987786,15.896180605693761,17.912787860812593,19.867111415532435,10.459834860239258,4.4847932882948,3.896794098314132,2.0793068200985276,20.42536116385768,23.949106380943157,25.005925931203585,11.598182512676452,5.45770066245338,4.753284355272754,2.7612759637124817,13.489495662353196,21.49959589530435,23.544574754749437,13.742676555468517,4.191497285729679,0.0035053084062384087,0.005327704269994388,0.2,0.3,1.0,1.00289843,1.5,1.8,1.4,1.0,1.000659055,275.8660018,246.903153,65.93669832,49.70928663,16.22741169,0.239017124,0.180193595,0.058823529,1248.803596,394,1.0000000000000002
CITY OF CHICAGO:WARD 48 PRECINCT 34,CITY OF CHICAGO:WARD 48 PRECINCT 34,CITY OF CHICAGO:Ward 48 Precinct 34,TRUE, ,, , ,,, ,,0.641613194,0.192483961,0.08890926,0.065994503,0.012832265,1.6e-10,0.5774,0.5315,0.4685,0.6767,0.1772,0.0109,0.042,0.0814,0.092419523,0.043613709,0.125649019,0.389408083,0.092938739,0.099688476,0.132398751,0.010903429,0.012980271,3.21e-09,0.040682415,2.52e-09,0.023622048,0.015748032,0.013123362,0.032808399,0.014435696,4.13e-09,0.05511811,0.08136483,0.018372712,0.297900243,0.073490811,0.124671913,0.208661418,48034.0,0.162779445,0.401960784,204.0,0.182432432,296.0,0.780991736,484.0,37.0,117181,187.8206696,0.747736883,0.370648586,0.95682171,1.484982562,0.910955918,0.890047435,0.924310773,0.324333942,0.910955918,complete,CITY OF CHICAGO,Ward 48 Precinct 34,1,0,0,,0,0,0,570,380,253,156,117,78,0.18044,20.97940879278338,80,0.36028,24.57346947133984,93,0.4437,25.763513850610465,98,0.01308,11.83140808793667,45,0.00124,5.661249933961486,22,0.00104,4.9954900274146725,19,0.00022,2.906499097756899,11,CITY OF CHICAGO:WARD 48 PRECINCT 34,CITY OF CHICAGO:WARD 48 PRECINCT 34,CITY OF CHICAGO:WARD 48 PRECINCT 34,1.2,28.85240016,13.40497721,13.40497721,13.40497721,13.40497721,2.061356893,13.40497721,2.061356893,15.896461108459718,17.944156833326637,20.032131389761137,10.411352701677629,4.504598878094112,3.896050287414981,2.0779395259247218,20.377858356066085,23.92528864301292,25.158787851629835,11.510929503930836,5.471559552862262,4.749522468726236,2.756890593891308,13.489776165119153,21.530964867818394,23.70959472897814,13.694194396906887,4.2113028755289905,0.002761497507087456,0.003960410096188164,0.2,0.3,1.0,1.025538087,1.5,1.8,1.4,1.0,1.00191008,306.4543816,284.0491061,51.53213351,35.10159815,16.43053536,0.168155969,0.114541022,0.053614947,1925.999912,380,1.0
CITY OF CHICAGO:WARD 48 PRECINCT 35,CITY OF CHICAGO:WARD 48 PRECINCT 35,CITY OF CHICAGO:Ward 48 Precinct 35,TRUE, ,, , ,,, ,,0.644500099,0.156435465,0.081521572,0.101358034,0.025378525,0.001747784,0.6622,0.5497,0.4503,0.4047,0.2159,0.0792,0.0358,0.2521,0.120447027,0.036046022,0.135050859,0.23414911,0.132023875,0.206259979,0.079083747,0.0249251,0.032014281,0.020920235,3.32e-09,6.67e-10,0.022311843,0.023152552,2.05e-09,1.56e-09,0.00750894,0.00625745,0.037152176,0.038300969,0.153521529,0.096149719,0.076228582,0.111914299,0.406581699,48035.0,0.480195117,0.111111111,126.0,0.03777336,503.0,0.615384615,780.0,43.3,158263,282.6225581,2.099982953,-1.414695431,0.449100906,0.958134112,0.35804243,0.523130635,0.343236485,0.703563083,0.35804243,complete,CITY OF CHICAGO,Ward 48 Precinct 35,1,0,0,,0,0,0,953,635,423,154,116,77,0.19508,21.211886353506994,135,0.38048,24.711727244761196,157,0.40712,25.124511639972795,160,0.01462,12.243334040359342,78,0.00122,5.572168097859841,35,0.00114,4.878147833076075,31,0.00034,2.8831146624439628,18,CITY OF CHICAGO:WARD 48 PRECINCT 35,CITY OF CHICAGO:WARD 48 PRECINCT 35,CITY OF CHICAGO:WARD 48 PRECINCT 35,1.2,51.71417851,8.179278538,8.179278538,8.179278538,8.179278538,3.6947144,8.179278538,3.6947144,15.896120345169647,17.813697548407575,19.34013492305286,10.61009163767837,4.421570568180233,3.896457640833811,2.0792033408279544,20.581926967320584,24.030436917201946,24.516662556989523,11.874628557895322,5.413319758761572,4.76281881265053,2.771043399300005,13.489435401829082,21.40050558289933,23.017598262269864,13.892933332907628,4.128274565615111,0.0031688509259176914,0.005224224999420828,0.2,0.3,1.0,1.010435087,1.5,1.8,1.4,1.0,1.001655113,525.6416396,480.0665093,104.2720646,74.92240367,29.34966089,0.198371013,0.142535138,0.055835875,1830.164575,635,0.9999999999999994
CITY OF CHICAGO:WARD 49 PRECINCT 02,CITY OF CHICAGO:WARD 49 PRECINCT 02,CITY OF CHICAGO:Ward 49 Precinct 02,TRUE, ,, , ,,, ,,0.509879982,0.123193231,0.2996313,0.063365632,0.028604525,0.001669104,0.4251,0.3625,0.6375,0.5174,0.2491,0.0105,0.0137,0.1966,0.059408297,0.048631021,0.13744029,0.176816427,0.122008391,0.213320607,0.076193514,0.108430638,0.057750774,0.030943097,0.022021916,0.046711282,0.024013021,0.105615043,0.00111581,0.030372574,0.0150005,0.046006395,0.074592499,0.102303117,0.173561536,0.098994301,0.069606854,0.080416286,0.078725728,49002.0,0.217901146,0.436619718,142.0,0.105413105,351.0,0.798192771,664.0,50.2,75188,300.4536344,0.982564934,0.583398079,0.686501196,1.539704476,0.918435798,0.948042171,0.866127603,0.613481345,0.918435798,complete,CITY OF CHICAGO,Ward 49 Precinct 02,1,0,0,,0,0,0,798,532,355,140,105,70,0.22292,21.615847777989767,115,0.40876,24.92819183497793,133,0.3433,23.881897741912837,127,0.02156,12.940275895899777,69,0.00144,5.4171299099169,29,0.00162,5.009350157280486,27,0.0004,2.991188488985254,16,CITY OF CHICAGO:WARD 49 PRECINCT 02,CITY OF CHICAGO:WARD 49 PRECINCT 02,CITY OF CHICAGO:WARD 49 PRECINCT 02,1.5,28.5909495,13.46473907,13.46473907,13.46473907,13.46473907,2.042677577,13.46473907,2.042677577,15.896486440283374,17.572955442417932,18.056295905916283,10.998516280705832,4.267560247163393,3.9001157844051395,2.0811239743330336,20.96547152011002,24.223019812342145,23.289245120872792,12.585263351068802,5.300126968457742,4.79061156034238,2.7970986369256057,13.489801496942809,21.15976347690969,21.733759245133285,14.281357975935093,3.9742642445982725,0.006826994497245923,0.007144858504500159,0.2,0.3,1.0,2.033115494,1.5,1.8,1.4,1.0,1.001493365,330.8441175,311.1074743,42.94726713,31.26148793,11.68577919,0.129811186,0.094490082,0.035321103,3166.772518,532,0.9999999608651576
CITY OF CHICAGO:WARD 49 PRECINCT 03,CITY OF CHICAGO:WARD 49 PRECINCT 03,CITY OF CHICAGO:Ward 49 Precinct 03,TRUE, ,, , ,,, ,,0.476728993,0.162883737,0.310970206,0.063846038,0.01457074,0.002568709,0.4627,0.3632,0.6368,0.4345,0.3277,0.0641,0.0113,0.1624,0.048118292,0.038204195,0.125577197,0.14942784,0.076821527,0.203955857,0.159802489,0.112187626,0.085904968,0.004578753,0.07579737,0.020695851,0.13057108,0.018593307,0.039697234,0.016567254,0.051712957,0.048670288,0.10720374,0.086377072,0.119196454,0.06602583,0.052464302,0.068224619,0.093623882,49003.0,0.36246187,0.300411523,243.0,0.188405797,483.0,0.759116022,905.0,54.5,58686,395.255523,1.598418807,-0.252698739,0.977786877,1.415389021,0.872660799,0.934723991,0.881273376,0.900925308,0.872660799,complete,CITY OF CHICAGO,Ward 49 Precinct 03,1,0,0,,0,0,0,1139,759,506,149,112,75,0.2221,21.58277674877315,164,0.40868,24.899427368924464,189,0.34374,23.88930398039464,181,0.02192,12.955127920926996,98,0.00146,5.530892113372385,42,0.00164,4.937990261239856,37,0.00046,2.938859113960756,22,CITY OF CHICAGO:WARD 49 PRECINCT 03,CITY OF CHICAGO:WARD 49 PRECINCT 03,CITY OF CHICAGO:WARD 49 PRECINCT 03,1.331691232,30.21724061,13.09300476,13.09300476,13.09300476,13.09300476,2.158867785,13.09300476,2.158867785,15.89648181108701,17.57294830857276,18.056289894195785,10.999417793802731,4.26755938933683,3.9003442428509607,2.0813195793213484,20.965124797820117,24.222547416032413,23.288840870506245,12.586189891561625,5.300042582935073,4.7908185940691554,2.797272817194875,13.489796867746445,21.159756343064515,21.733753233412788,14.282259489031992,3.9742633867717085,0.007055452943067123,0.0073404634928150945,0.2,0.3,1.0,1.495947163,1.5,1.8,1.4,1.0,1.001368314,475.3112545,448.8217734,58.97658047,44.48233602,14.49424445,0.124079916,0.093585699,0.030494217,2606.220653,759,0.9999999924098956
CITY OF CHICAGO:WARD 49 PRECINCT 08,CITY OF CHICAGO:WARD 49 PRECINCT 08,CITY OF CHICAGO:Ward 49 Precinct 08,TRUE, ,, , ,,, ,,0.447309086,0.278283138,0.179956168,0.083872854,0.035819997,0.003645006,0.432,0.3485,0.6515,0.3457,0.3028,0.0661,0.0582,0.2092,0.122110578,0.085004715,0.188592523,0.18961683,0.187335545,0.112512545,0.072392928,0.031801367,0.010632969,0.047755731,0.063931415,0.052652497,0.03365627,0.035617255,0.036187417,0.05659668,0.030413861,0.052849712,0.071178315,0.125689549,0.125810375,0.089471941,0.039776967,0.05158533,0.086826685,49008.0,0.358688541,0.303797468,158.0,0.367601246,642.0,0.817658349,1042.0,40.5,62287,435.3754445,1.582343768,-0.231914543,1.606722595,1.601630615,1.142133492,1.139695609,1.235538889,1.095741887,1.142133492,complete,CITY OF CHICAGO,Ward 49 Precinct 08,1,0,0,,0,0,0,978,652,435,161,121,81,0.18704,21.015475542408847,137,0.37064,24.699818110119324,161,0.42492,25.46121338339466,166,0.01456,12.042389547838464,79,0.00132,5.626901627153201,37,0.00122,4.923035254616122,32,0.0003,2.941339801679777,19,CITY OF CHICAGO:WARD 49 PRECINCT 08,CITY OF CHICAGO:WARD 49 PRECINCT 08,CITY OF CHICAGO:WARD 49 PRECINCT 08,1.2,21.57089776,15.06936818,15.06936818,15.06936818,15.06936818,1.54113067,15.06936818,1.54113067,15.896288832515108,17.87170570775754,19.64771103340308,10.52937463352233,4.458475196342365,3.8981033053701637,2.080056920920397,20.48802359165755,23.979705898147408,24.799912355175067,11.72008136789833,5.43861643282725,4.758532411104151,2.765964913309716,13.489603889174543,21.458513742249295,23.325174372620083,13.812216328751589,4.165179193777244,0.004814515462270119,0.006077805091863518,0.2,0.3,1.0,1.061157724,1.5,1.8,1.4,1.0,1.002127207,492.1447306,461.6965716,64.49685546,40.90484113,23.59201433,0.131052618,0.083115471,0.047937147,3632.161615,652,1.0
CITY OF CHICAGO:WARD 49 PRECINCT 09,CITY OF CHICAGO:WARD 49 PRECINCT 09,CITY OF CHICAGO:Ward 49 Precinct 09,TRUE, ,, , ,,, ,,0.360912359,0.321301878,0.232088829,0.075808071,0.037403019,0.002381731,0.2933,0.2226,0.7774,0.4352,0.3239,0.0195,0.0391,0.1347,0.158788475,0.112936485,0.147843562,0.205275308,0.174202592,0.092427781,0.080139389,0.027192622,0.001193786,0.050933719,0.040956051,0.02701408,0.031768385,0.057186734,0.063971475,0.045968894,0.060982928,0.047437412,0.115699879,0.097749296,0.133229022,0.085158805,0.049352935,0.034456902,0.058133484,49009.0,0.471287647,0.346341463,205.0,0.406504065,492.0,0.829834254,905.0,39.0,56377,404.7654303,2.062035578,0.029236402,1.743262739,1.640366007,1.336847898,1.368725182,1.411755409,0.970119003,1.336847898,complete,CITY OF CHICAGO,Ward 49 Precinct 09,1,0,0,,0,0,0,894,596,397,192,144,96,0.18412,20.96602688791211,125,0.36846,24.693430721373005,147,0.4312,25.5637211268507,152,0.01336,11.9352370567873,71,0.00122,5.635550021955479,34,0.00124,4.958891871857059,30,0.0004,2.93528741212542,17,CITY OF CHICAGO:WARD 49 PRECINCT 09,CITY OF CHICAGO:WARD 49 PRECINCT 09,CITY OF CHICAGO:WARD 49 PRECINCT 09,1.208209701,16.70030265,16.18267888,16.18267888,16.18267888,16.18267888,1.193151481,16.18267888,1.193151481,15.896366544833734,17.90276216908383,19.81246765317618,10.486075064012578,4.478243207473812,3.89899351837156,2.0805556185664615,20.438039954282303,23.952683775714718,24.950783475581893,11.637675890327408,5.4520805270820745,4.756266180140434,2.763307166990667,13.489681601493169,21.489570203575585,23.489930992393184,13.768916759241836,4.184947204908691,0.005704728463666564,0.006576502737928255,0.2,0.3,1.0,1.178293066,1.5,1.8,1.4,1.0,1.004093175,621.0448544,579.1458045,80.9491157,49.08037446,31.86874124,0.130343429,0.079028711,0.051314717,4034.25927,596,1.0
CITY OF CHICAGO:WARD 49 PRECINCT 10,CITY OF CHICAGO:WARD 49 PRECINCT 10,CITY OF CHICAGO:Ward 49 Precinct 10,TRUE, ,, , ,,, ,,0.354837097,0.309683352,0.262230276,0.067017506,0.048998773,0.001745009,0.344,0.483,0.517,0.5695,0.0913,0.0157,0.0421,0.2695,0.127852535,0.118097896,0.148873194,0.165636331,0.144238893,0.120108071,0.105416022,0.069443875,0.000333183,0.033922193,0.012969253,0.01722617,0.029668657,0.054717713,0.117581476,0.02831692,0.068742337,0.035834339,0.084884093,0.094956354,0.168840138,0.059241752,0.0494675,0.045775855,0.09785525,49010.0,0.491310638,0.452054795,219.0,0.121661721,337.0,0.736334405,622.0,43.2,62549,277.2732353,2.147337009,0.678144351,0.743530184,1.342913516,1.087600583,1.227981265,0.990710366,0.844291141,1.087600583,complete,CITY OF CHICAGO,Ward 49 Precinct 10,1,0,0,,0,0,0,726,484,323,172,129,86,0.19336,21.159688150075347,102,0.37544,24.691373951020818,120,0.4126,25.22199974175749,122,0.01548,12.18306076890209,59,0.00102,5.596530947370426,27,0.0017,4.951556658172478,24,0.0004,2.899700922719383,14,CITY OF CHICAGO:WARD 49 PRECINCT 10,CITY OF CHICAGO:WARD 49 PRECINCT 10,CITY OF CHICAGO:WARD 49 PRECINCT 10,1.232637715,23.13884272,14.71097052,14.71097052,14.71097052,14.71097052,1.653152343,14.71097052,1.653152343,15.896451250793977,17.81626993892671,19.3515417012498,10.621625986295456,4.4229487949616955,3.899443858825677,2.080682981528155,20.57381069409133,24.022132892140192,24.520930869083152,11.883892492384849,5.412823988621504,4.765264012220328,2.771982021578138,13.489766307453412,21.403077973418466,23.029005040466803,13.904467681524714,4.129652792396574,0.006155068917783519,0.006703865699621838,0.2,0.3,1.0,1.218287718,1.5,1.8,1.4,1.0,1.00821719,504.4294818,488.7926535,55.75593317,39.12139041,16.63454276,0.110532662,0.077555718,0.032976944,2316.066795,484,1.0000000000000002
CITY OF CHICAGO:WARD 49 PRECINCT 11,CITY OF CHICAGO:WARD 49 PRECINCT 11,CITY OF CHICAGO:Ward 49 Precinct 11,TRUE, ,, , ,,, ,,0.313048503,0.262384607,0.325841673,0.089591897,0.030076546,0.002177413,0.2601,0.4533,0.5467,0.6307,0.1698,0.0146,0.0551,0.1169,0.135191698,0.126839496,0.142315389,0.140610535,0.169985654,0.136469792,0.089210716,0.037488399,0.021888322,0.045138839,0.018825562,0.053444345,0.031961057,0.022826888,0.040029833,0.074028608,0.046405178,0.032434569,0.073044332,0.101776848,0.147954694,0.067190675,0.114843909,0.055326218,0.074768443,49011.0,0.422433108,0.441048035,229.0,0.147632312,359.0,0.778097983,694.0,43.9,69117,321.5537412,1.85390673,0.610580744,0.834681116,1.475776622,1.091813742,1.193736303,1.020002704,0.799622046,1.091813742,complete,CITY OF CHICAGO,Ward 49 Precinct 11,1,0,0,,0,0,0,720,480,320,138,104,69,0.1939,21.129319299692334,101,0.37664,24.684963465608746,118,0.41106,25.165048997457184,121,0.01578,12.277675499065893,59,0.00114,5.65260093220255,27,0.0011,4.924494524125899,24,0.00038,2.9753493186184214,14,CITY OF CHICAGO:WARD 49 PRECINCT 11,CITY OF CHICAGO:WARD 49 PRECINCT 11,CITY OF CHICAGO:WARD 49 PRECINCT 11,1.5,23.01442271,14.73941019,14.73941019,14.73941019,14.73941019,1.644263168,14.73941019,1.644263168,15.896233723767377,17.801497590082747,19.274419883157357,10.648703777984252,4.413690133957231,3.9010354345133034,2.082555550365416,20.5945787942317,24.03096832152068,24.446359496995015,11.929738642160356,5.405825360976071,4.768183675864117,2.7751826783715616,13.489548780426812,21.388305624574503,22.95188322237436,13.931545473213511,4.12039413139211,0.007746644605409778,0.008576434536882548,0.2,0.3,1.0,1.631871465,1.5,1.8,1.4,1.0,1.017510099,466.0240678,452.3043753,35.8200504,24.45079022,11.36926018,0.076863091,0.052466797,0.024396294,3337.576457,480,1.0
CITY OF CHICAGO:WARD 49 PRECINCT 12,CITY OF CHICAGO:WARD 49 PRECINCT 12,CITY OF CHICAGO:Ward 49 Precinct 12,TRUE, ,, , ,,, ,,0.247475877,0.265864487,0.388515848,0.097201073,0.027612441,0.002226784,0.184,0.2808,0.7192,0.7202,0.1287,0.0031,0.0619,0.0754,0.1503474,0.083378734,0.206049574,0.091142525,0.152716374,0.130025475,0.129062076,0.049822791,0.007455051,0.076060067,0.025876715,0.089867126,0.052858704,0.045034962,0.040154032,0.071889275,0.08222919,0.06014408,0.05577861,0.11600633,0.176788598,0.012375138,0.046796711,0.033407701,0.01473276,49012.0,0.63011176,0.345454545,220.0,0.296551724,290.0,0.810897436,624.0,44.6,46333,323.0396642,2.738653973,0.023792168,1.357354755,1.58012202,1.286850807,1.424980729,1.273325612,0.806309068,1.286850807,complete,CITY OF CHICAGO,Ward 49 Precinct 12,1,0,0,,0,0,0,650,433,289,112,84,56,0.19662,21.172398197103227,92,0.38288,24.771662022538564,107,0.40218,25.065415510200427,109,0.01562,12.286764390777485,53,0.00132,5.572272857907884,24,0.00102,4.943828256798713,21,0.00036,2.937683853052155,13,CITY OF CHICAGO:WARD 49 PRECINCT 12,CITY OF CHICAGO:WARD 49 PRECINCT 12,CITY OF CHICAGO:WARD 49 PRECINCT 12,1.8,17.84608022,15.92077938,15.92077938,15.92077938,15.92077938,1.275011447,15.92077938,1.275011447,15.896160401681739,17.78694746895205,19.197485337267437,10.675826226641892,4.404458195264652,3.9023754361988434,2.0838299095280406,20.615606775145544,24.040143525633866,24.37192629486476,11.975720597293911,5.398795899078811,4.770855259059039,2.7777886190435686,13.489475458341174,21.373755503443807,22.87494867648444,13.95866792187115,4.111162192699531,0.009086646290950066,0.009850793699507171,0.2,0.3,1.0,2.401659801,1.5,1.8,1.4,1.0,1.020650278,622.1519721,603.2556245,45.44450848,29.80546556,15.63904291,0.073044064,0.04790705,0.025137014,4397.823751,433,1.0000000000000016
CITY OF CHICAGO:WARD 49 PRECINCT 13,CITY OF CHICAGO:WARD 49 PRECINCT 13,CITY OF CHICAGO:Ward 49 Precinct 13,TRUE, ,, , ,,, ,,0.306333203,0.296968784,0.330231122,0.063250637,0.030350173,0.00553434,0.2559,0.2688,0.7312,0.5447,0.2695,0.0172,0.0455,0.1168,0.15013346,0.162728797,0.160057732,0.144449021,0.168972408,0.098381105,0.081266357,0.026888971,0.007122149,0.051556524,0.010135053,0.025147957,0.028139966,0.048973744,0.091304089,0.119666495,0.061903882,0.013418181,0.053448688,0.142741239,0.148766795,0.038101327,0.07830237,0.044636786,0.043756904,49013.0,0.474698468,0.278688525,244.0,0.234866828,413.0,0.799227799,777.0,41.2,59309,377.7216313,2.07656627,-0.386042621,1.140854645,1.542997226,1.000022718,1.09359388,1.009474871,0.927055238,1.000022718,complete,CITY OF CHICAGO,Ward 49 Precinct 13,1,0,0,,0,0,0,948,632,421,142,107,71,0.18964,21.06462634683531,133,0.37196,24.70367421384958,156,0.41994,25.395609467045887,161,0.01552,12.118971331534482,77,0.00122,5.5853180647211,35,0.00134,4.910908068102845,31,0.00038,2.8862488565585567,18,CITY OF CHICAGO:WARD 49 PRECINCT 13,CITY OF CHICAGO:WARD 49 PRECINCT 13,CITY OF CHICAGO:WARD 49 PRECINCT 13,1.5,25.85043794,14.09115961,14.09115961,14.09115961,14.09115961,1.846881997,14.09115961,1.846881997,15.89648754837619,17.85757481200437,19.57112977045278,10.563716931476936,4.449293668424953,3.9007103108315357,2.0815968037739583,20.506656479694243,23.985813161842763,24.72333474657104,11.773134271498241,5.43094134377273,4.762295793571352,2.7686611731691055,13.489802605035624,21.444382846496126,23.248593109669784,13.846558626706194,4.155997665859831,0.007421520923642268,0.00761768794542494,0.2,0.3,1.0,1.802198744,1.5,1.8,1.4,1.0,1.007594169,928.7487984,893.6989461,92.32215432,59.65231452,32.6698398,0.099404871,0.064228686,0.035176185,5963.172894,632,1.0000000000000002
CITY OF CHICAGO:WARD 49 PRECINCT 14,CITY OF CHICAGO:WARD 49 PRECINCT 14,CITY OF CHICAGO:Ward 49 Precinct 14,TRUE, ,, , ,,, ,,0.397826038,0.230883268,0.312549257,0.060397013,0.02581176,0.003683935,0.3742,0.2952,0.7048,0.5563,0.259,0.0087,0.0138,0.1569,0.086887719,0.075270329,0.196010453,0.137551171,0.142457764,0.163773075,0.095708628,0.061834356,0.040506505,0.052228539,0.075911381,0.01945812,0.048660862,0.068142515,0.021766429,0.035746655,0.0460893,0.052017671,0.053447131,0.10299111,0.202520393,0.072014409,0.037444328,0.04419114,0.067370016,49014.0,0.469932356,0.234042553,141.0,0.234848485,528.0,0.81256656,939.0,44.9,63864,426.1627217,2.056261803,-0.660096286,1.140790265,1.585432029,0.939049799,1.030596953,0.961088462,0.766006993,0.939049799,complete,CITY OF CHICAGO,Ward 49 Precinct 14,1,0,0,,0,0,0,1223,815,543,162,122,81,0.19816,21.17254452398992,173,0.3842,24.71749926396822,201,0.39846,24.954147846955422,203,0.01632,12.411079862337225,101,0.00134,5.542613089605654,45,0.00112,5.032416930105459,41,0.0004,2.871356377141212,23,CITY OF CHICAGO:WARD 49 PRECINCT 14,CITY OF CHICAGO:WARD 49 PRECINCT 14,CITY OF CHICAGO:WARD 49 PRECINCT 14,1.8,27.87920367,13.62742848,13.62742848,13.62742848,13.62742848,1.991826966,13.62742848,1.991826966,15.89651504592169,17.78130665467517,19.165014757445988,10.679559868283182,4.400573191551599,3.9003212441076833,2.081209710528343,20.628160431559643,24.048987086930154,24.344293236363548,11.98741502047546,5.3964932563486565,4.769560292683018,2.775927645759009,13.489830102581125,21.368114689166926,22.84247809666299,13.962401563512442,4.107277188986478,0.00703245419979011,0.007230594699809652,0.2,0.3,1.0,2.129500586,1.5,1.8,1.4,1.0,1.003513767,569.7705552,539.8140963,71.58544859,51.66337858,19.92207001,0.12563908,0.090674006,0.034965075,3876.739126,815,1.0
CITY OF CHICAGO:WARD 49 PRECINCT 15,CITY OF CHICAGO:WARD 49 PRECINCT 15,CITY OF CHICAGO:Ward 49 Precinct 15,TRUE, ,, , ,,, ,,0.406823555,0.209923868,0.294443306,0.080142696,0.031233967,0.002786761,0.3318,0.4109,0.5891,0.5077,0.2912,0.0313,0.0284,0.1057,0.117448041,0.155182393,0.15774874,0.144853505,0.11585868,0.129565995,0.10540833,0.054985088,0.018949229,0.045592501,0.072116238,0.015127493,0.018988665,0.042786578,0.049525428,0.055712344,0.056740828,0.020199492,0.101667257,0.093338996,0.157919052,0.099334405,0.028296119,0.099189022,0.04346558,49015.0,0.198243001,0.223021583,139.0,0.323017408,517.0,0.820330969,846.0,43.5,63462,389.6090155,0.898817811,-0.72774712,1.450243353,1.610133062,0.863004331,0.807861776,0.991480646,0.859310601,0.863004331,complete,CITY OF CHICAGO,Ward 49 Precinct 15,1,0,0,,0,0,0,1032,688,459,189,142,95,0.19282,21.14753253285243,145,0.38128,24.75236556485364,170,0.40738,25.147190358140648,173,0.01572,12.257701457311802,84,0.00142,5.5734121132223295,38,0.001,4.9331787312562385,34,0.00038,2.908453200938488,20,CITY OF CHICAGO:WARD 49 PRECINCT 15,CITY OF CHICAGO:WARD 49 PRECINCT 15,CITY OF CHICAGO:WARD 49 PRECINCT 15,1.306990804,30.56825208,13.01277128,13.01277128,13.01277128,13.01277128,2.183945765,13.01277128,2.183945765,15.896324776349806,17.809887694402967,19.31844631512803,10.633598514379386,4.418974636165293,3.9002762391943886,2.0816972950113257,20.582517396462272,24.02565261750607,24.4887557486809,11.90390443862259,5.409794178183787,4.766656324095807,2.773556266568076,13.48963983300924,21.396695728894723,22.99590965434503,13.916440209608645,4.125678633600172,0.00698744928649536,0.00771817918279226,0.2,0.3,1.0,1.404166572,1.5,1.8,1.4,1.0,1.002435033,557.6965642,520.4310402,71.30712235,49.5307216,21.77640075,0.127860071,0.08881303,0.039047041,3124.403268,688,1.0000000000000004
CITY OF CHICAGO:WARD 50 PRECINCT 07,CITY OF CHICAGO:WARD 50 PRECINCT 07,CITY OF CHICAGO:Ward 50 Precinct 07,TRUE, ,, , ,,, ,,0.415819364,0.221593836,0.246030546,0.113576778,0.028187662,0.000377632,0.3308,0.3725,0.6275,0.7223,0.1082,0.0064,0.0492,0.1043,0.124451323,0.122271332,0.150895643,0.12877699,0.152303824,0.129601165,0.1366996,0.03717271,0.017827414,0.02682907,0.023542269,0.019323226,0.021751025,0.008074519,0.020354444,0.069009541,0.038714692,0.029662839,0.109265455,0.083941192,0.116606224,0.086602124,0.072994353,0.097703324,0.175625702,50007.0,0.067071469,0.445454545,220.0,0.018469657,379.0,0.697547684,734.0,45.0,85619,315.3128646,0.340004229,0.63762955,0.381349251,1.219520732,0.648760442,0.64462594,0.596105105,0.46975052,0.648760442,complete,CITY OF CHICAGO,Ward 50 Precinct 07,1,0,0,,0,0,0,761,507,338,133,100,67,0.21806,21.56710246135632,109,0.41374,24.945596461819278,126,0.3423,23.88667169000051,121,0.02282,12.900122808517569,65,0.00132,5.513435633757932,28,0.0012,4.974074377684536,25,0.00056,2.928631291388274,15,CITY OF CHICAGO:WARD 50 PRECINCT 07,CITY OF CHICAGO:WARD 50 PRECINCT 07,CITY OF CHICAGO:WARD 50 PRECINCT 07,1.322865613,38.99976398,11.08551348,11.08551348,11.08551348,11.08551348,2.786334303,11.08551348,2.786334303,15.896002605246954,17.572209826123398,18.055667572016464,10.99383564902391,4.2674705887185596,3.899854029202705,2.082245935285314,20.966435975851404,24.224249326044713,23.290353806683854,12.580392329003224,5.3006252716925895,4.790454734052888,2.798325526790829,13.489317661906389,21.159017860615155,21.733130911233467,14.27667734425317,3.9741745861534383,0.006565239294811848,0.008266819456780644,0.2,0.3,1.0,1.460977582,1.5,1.8,1.4,1.0,1.028961243,668.3803969,657.6348806,31.99001661,21.98441044,10.00560616,0.047861991,0.032892063,0.014969928,3071.171124,507,1.0000000000000002
CITY OF CHICAGO:WARD 50 PRECINCT 24,CITY OF CHICAGO:WARD 50 PRECINCT 24,CITY OF CHICAGO:Ward 50 Precinct 24, , ,, , ,,,TRUE,,0.614311404,0.075451945,0.023885931,0.267133925,0.003351244,0.000998702,0.3894,0.744,0.256,0.7474,0.0857,0.0164,0.0,0.0775,0.124698898,0.143815851,0.09402236,0.073280347,0.123042014,0.098350868,0.131398271,0.094530264,0.116861128,0.098764659,0.031193702,0.063770903,0.022540449,0.05057966,0.003767183,0.011946902,0.001403311,0.033577383,0.061538369,0.171762471,0.051935532,0.055232338,0.049734216,0.105767716,0.186485206,50024.0,0.067739019,0.185185185,81.0,-0.656716418,268.0,-0.115789474,475.0,55.6,70560,322.7424796,0.342848109,-0.960001075,-1.988401998,-1.367961127,-1.226504033,-0.993379023,-1.425508628,-0.206410627,-1.226504033,complete,CITY OF CHICAGO,Ward 50 Precinct 24,1,0,0,,0,0,0,501,95,223,130,98,65,0.63672,30.458773414554614,29,0.31774,26.22005659900638,25,0.03942,16.57916456177408,16,0.00454,9.762160027691378,9,0.0009,5.439127264734417,5,0.00038,5.089780106706873,5,0.0003,3.055303308960215,3,CITY OF CHICAGO:WARD 50 PRECINCT 24,CITY OF CHICAGO:WARD 50 PRECINCT 24,CITY OF CHICAGO:WARD 50 PRECINCT 24,1.8,90.13691038,0.570544486,0.570544486,0.570544486,0.570544486,6.439822701,0.570544486,0.570544486,19.32608263552587,15.87326263625253,10.969422601872118,7.477217387459958,3.7754318224428958,3.8979189251210076,2.0847689786952546,29.574761072511762,25.49513708278917,16.184901961079074,9.481958060702464,5.258968587767239,4.971390632520106,2.983719572749685,16.919397692185306,19.460070670744287,14.64688594108912,10.760059082689217,3.4821358198777745,0.004630135213114275,0.010789862866721083,0.2,0.3,1.0,1.015924493,1.5,1.8,1.4,1.0,1.328917027,308.416185,306.1789692,4.474431751,3.515624927,0.958806824,0.014507772,0.011398964,0.003108808,2083.396355,178,0.5331999747165258
CITY OF CHICAGO:WARD 50 PRECINCT 25,CITY OF CHICAGO:WARD 50 PRECINCT 25,CITY OF CHICAGO:Ward 50 Precinct 25, , ,, , ,,,TRUE,,0.565565561,0.091091093,0.031031032,0.296296298,0.002002003,0.001001001,0.4335,0.8182,0.1818,0.7447,0.083,0.0186,0.0,0.0607,0.100393701,0.170603675,0.078083992,0.076115486,0.140419949,0.106955383,0.137139107,0.075459318,0.114829393,0.093607304,0.018264841,0.00913242,0.006849316,0.052511417,7.87e-10,3.36e-09,1.8e-09,0.0456621,0.066210044,0.232876708,0.038812786,0.052511418,0.045662102,0.116438354,0.221461183,50025.0,0.032432805,0.225225225,111.0,-0.333333333,48.0,0.62962963,135.0,54.4,73382,63.00313599,0.192437485,-0.714220342,-0.85340011,1.003451994,-0.197516503,-0.092932743,-0.349609976,-0.030339655,-0.197516503,complete,CITY OF CHICAGO,Ward 50 Precinct 25,1,0,0,,0,0,0,125,83,55,141,106,71,0.2535,23.922590072539812,20,0.64654,29.411963119370466,24,0.08682,18.90633457668231,16,0.01136,11.927433091554516,10,0.0007,4.262178355495356,4,0.00076,5.0556354869069775,4,0.00032,2.9787626555491316,2,CITY OF CHICAGO:WARD 50 PRECINCT 25,CITY OF CHICAGO:WARD 50 PRECINCT 25,CITY OF CHICAGO:WARD 50 PRECINCT 25,1.5,74.35254455,3.389224202,3.389224202,3.389224202,3.389224202,5.312110236,3.389224202,3.389224202,16.85784278185448,19.796939083025872,13.772332891397568,9.834575012646688,3.263611884170631,3.8985128118334766,2.0860176613203176,23.34574787770643,28.69780967537259,18.47892122900758,11.633791700938431,4.0873474279282975,4.847117661512002,2.8601013976541747,14.451157838513916,23.38374711751763,17.44979623061457,13.117416707875947,2.9703158816055097,0.00522402192558316,0.012038545491784354,0.2,0.3,1.0,1.015701033,1.5,1.8,1.4,1.0,1.276480302,115.8176965,114.977568,1.6802569,1.320201803,0.360055097,0.014507773,0.011398964,0.003108809,770.4693795,83,0.9999999788818856
CITY OF CHICAGO:WARD 49 PRECINCT 07,CITY OF CHICAGO:WARD 49 PRECINCT 07,CITY OF CHICAGO:Ward 49 Precinct 07, , ,True, , ,,, ,,0.561867757,0.115617145,0.16204005,0.143278132,0.021694456,0.00128147,0.2882,0.1829,0.8171,0.3471,0.3294,0.0141,0.1118,0.1804,0.075463443,0.124167098,0.31500456,0.15869796,0.086862262,0.090750639,0.081905657,0.047094345,0.020054036,0.158018645,0.105325108,0.110685853,0.060497733,0.031917386,0.019537412,0.022684397,0.025170544,0.041887283,0.038898899,0.10088208,0.113790892,0.064470735,0.024165463,0.039420277,0.042647294,49007.0,0.342753485,0.449101796,167.0,0.176699029,515.0,0.755529686,859.0,34.1,38090,411.6006762,1.514457652,0.66001774,0.936698755,1.403979756,1.071012586,1.128788476,1.032594642,0.731235753,1.071012586,complete,CITY OF CHICAGO,Ward 49 Precinct 07,1,0,0,,0,0,0,1040,693,462,157,118,79,0.17924,20.975272392648193,145,0.36174,24.654469167366027,171,0.44314,25.79762286498311,179,0.01296,11.872331028754765,82,0.00106,5.654311927194917,39,0.00148,4.9307874152007285,34,0.00038,2.8848296968772438,20,CITY OF CHICAGO:WARD 49 PRECINCT 07,CITY OF CHICAGO:WARD 49 PRECINCT 07,CITY OF CHICAGO:WARD 49 PRECINCT 07,1.2,23.63407536,14.59777125,14.59777125,14.59777125,14.59777125,1.688534191,14.59777125,1.688534191,15.895716402743346,17.943009201024378,20.031164275327992,10.416574723419167,4.504460878256641,3.8986802983194906,2.082094050159134,20.37476641313316,23.92090668563587,25.154936369885963,11.516171874920012,5.471115859386411,4.752023564331554,2.760916202826529,13.489031459402781,21.529817235516134,23.708627614544994,13.699416418648426,4.211164875691519,0.005391508411597348,0.008114934330600326,0.2,0.3,1.0,1.053520167,1.5,1.8,1.4,1.0,1.000980571,572.5180584,547.0169955,57.14020335,38.38077641,18.75942694,0.099805067,0.067038543,0.032766524,4184.528418,693,1.0
CITY OF CHICAGO:WARD 48 PRECINCT 12,CITY OF CHICAGO:WARD 48 PRECINCT 12,CITY OF CHICAGO:Ward 48 Precinct 12, ,TRUE,, , ,,, ,,0.575612395,0.119368591,0.195688902,0.103898603,0.015703114,0.000112462,0.476,0.2334,0.7666,0.2531,0.4684,0.0316,0.0289,0.1815,0.024679862,0.01306792,0.246483365,0.20329445,0.142732349,0.097297233,0.088657801,0.072547988,0.111239032,0.066781272,0.150100974,0.058430486,0.022678924,0.017657338,0.034768977,0.033349782,0.058757873,0.01337279,0.030538765,0.116778428,0.09991261,0.116259692,0.039299066,0.104906679,0.036406342,48012.0,0.205970712,0.404255319,282.0,0.242718447,412.0,0.69121813,706.0,41.9,61742,317.3931568,0.931739206,0.3847333,1.168412062,1.199384425,0.944734534,0.921067248,0.994203496,0.89639415,0.944734534,complete,CITY OF CHICAGO,Ward 48 Precinct 12,1,0,0,,0,0,0,789,526,351,186,140,93,0.191,21.07902870833292,111,0.37234,24.671614997672165,130,0.41932,25.338932412428463,133,0.01462,12.090432542295822,64,0.00126,5.648674060147898,30,0.00112,4.929607901221758,26,0.00034,2.9592070512968185,16,CITY OF CHICAGO:WARD 48 PRECINCT 12,CITY OF CHICAGO:WARD 48 PRECINCT 12,CITY OF CHICAGO:WARD 48 PRECINCT 12,1.2,27.68520736,13.67177176,13.67177176,13.67177176,13.67177176,1.977966918,13.67177176,1.977966918,15.896095864224822,17.842534077491216,19.493781782659628,10.574828946319226,4.440002734732924,3.898722103829076,2.081083262493688,20.532840247041065,24.0022017211573,24.6560299005548,11.80242005621056,5.425520210772675,4.761992394531569,2.7698324398515135,13.489410920884257,21.429342111982972,23.17124512187663,13.857670641548484,4.146706732167803,0.005433313921182545,0.0071041466651548535,0.2,0.3,1.0,1.000677865,1.5,1.8,1.4,1.0,1.000202248,382.3810386,340.0137033,85.27202524,57.62904257,27.64298267,0.223002755,0.150711036,0.072291719,1825.204708,526,1.0
CITY OF CHICAGO:WARD 48 PRECINCT 13,CITY OF CHICAGO:WARD 48 PRECINCT 13,CITY OF CHICAGO:Ward 48 Precinct 13, , ,, ,TRUE,,, ,,0.520830179,0.075144659,0.087452839,0.141220137,0.011012579,3.56e-10,0.5818,0.6725,0.3275,0.3756,0.3325,0.0,0.0517,0.2403,5.88e-09,0.121124838,0.108239212,0.099219241,0.13143327,0.128856145,0.126279022,0.066360939,0.048965337,0.059785739,0.047828574,0.009783121,0.011957154,0.052176622,0.006522081,0.022827275,0.016305196,0.045654551,0.083700002,0.153268841,0.141311691,0.03369741,0.036958446,0.050002602,0.058698704,48013.0,0.300782925,0.273972603,292.0,-0.161676647,334.0,0.548387097,558.0,50.3,65745,251.1209901,1.335655754,-0.414990713,-0.250923755,0.74499389,0.195025843,0.353683794,0.074104333,0.492613897,0.195025843,complete,CITY OF CHICAGO,Ward 48 Precinct 13,1,0,0,,0,0,0,587,270,261,163,123,82,0.25596,23.911768327776283,65,0.6427,29.427120078354505,79,0.08774,18.922887208959853,51,0.01178,11.909898398103158,32,0.00086,4.274094564021714,12,0.0006,5.03521861780606,14,0.00036,2.9619846674859027,8,CITY OF CHICAGO:WARD 48 PRECINCT 13,CITY OF CHICAGO:WARD 48 PRECINCT 13,CITY OF CHICAGO:WARD 48 PRECINCT 13,1.2,58.83321004,6.552024829,6.552024829,6.552024829,6.552024829,4.203332907,6.552024829,4.203332907,16.85933709708093,19.79924190464511,13.774273488591053,9.840318178885923,3.263888792557188,3.897194682991115,2.0808503409080217,23.34584096922098,28.69809477828857,18.479688736106613,11.640098117032467,4.086636394808906,4.845671715044853,2.8548062596170913,14.452652153740365,23.386049939136868,17.451736827808055,13.123159874115181,2.9705927899920668,0.0039058930832218206,0.00687122507948809,0.2,0.3,1.0,1.008536959,1.5,1.8,1.4,1.0,1.000310848,56.27918184,52.28990167,8.637550588,7.936187162,0.701363426,0.153476833,0.141014615,0.012462218,195.9762063,325,0.8304798316110706
CITY OF CHICAGO:WARD 48 PRECINCT 14,CITY OF CHICAGO:WARD 48 PRECINCT 14,CITY OF CHICAGO:Ward 48 Precinct 14, ,TRUE,, , ,,, ,,0.490780659,0.124218627,0.225803497,0.149944743,0.01444612,0.001712089,0.5414,0.4,0.6,0.3411,0.4322,0.0,0.034,0.1875,0.026451525,0.032357343,0.306400792,0.132147116,0.125131085,0.155771853,0.102704852,0.060694191,0.058341243,0.038401391,0.060638605,0.0332674,0.011706666,0.06250443,0.042372385,0.040890644,0.029459751,0.019460595,0.050665758,0.073003393,0.223177006,0.098772521,0.075305265,0.055053062,0.085321129,48014.0,-0.009164544,0.176470588,119.0,0.181538462,325.0,0.758064516,620.0,42.1,79215,286.1887734,0.015225531,-1.013494529,0.953684076,1.412043849,0.435710586,0.341864732,0.558074455,0.862810186,0.435710586,complete,CITY OF CHICAGO,Ward 48 Precinct 14,1,0,0,,0,0,0,503,335,223,185,139,93,0.19068,21.100858687743834,71,0.37428,24.71372635717941,83,0.41708,25.292678197830696,85,0.015,12.083636074801497,40,0.0014,5.605325655178819,19,0.00114,4.924062483874674,16,0.00042,2.926745708095419,10,CITY OF CHICAGO:WARD 48 PRECINCT 14,CITY OF CHICAGO:WARD 48 PRECINCT 14,CITY OF CHICAGO:WARD 48 PRECINCT 14,1.2,48.25963824,8.968910307,8.968910307,8.968910307,8.968910307,3.44790511,8.968910307,3.44790511,15.895652163222186,17.837725416289672,19.471251475826367,10.583202639309768,4.437286698717278,3.9000268326615584,2.083348643726529,20.53789371930703,24.003482865440084,24.633768596640806,11.816078777672619,5.4235019857048705,4.763655163816889,2.7724558615371917,13.488967219881621,21.42453345078143,23.14871481504337,13.866044334539026,4.143990696152157,0.006738042753665066,0.009369527897995451,0.2,0.3,1.0,1.000963755,1.5,1.8,1.4,1.0,1.000201177,136.3020692,121.5078481,29.45392985,20.21636013,9.23756972,0.21609305,0.148320273,0.067772777,1299.8374,335,0.9999999999999997
CITY OF CHICAGO:WARD 48 PRECINCT 32,CITY OF CHICAGO:WARD 48 PRECINCT 32,CITY OF CHICAGO:Ward 48 Precinct 32, , ,, ,TRUE,,, ,,0.46815271,0.158667631,0.219818585,0.144360212,0.026939241,0.002452948,0.3527,0.3023,0.6977,0.3844,0.3474,0.0082,0.0818,0.1631,0.020120971,0.083106963,0.217405646,0.182325797,0.137616235,0.142923154,0.090674569,0.121329972,0.004496693,0.181603602,0.057084434,0.031721626,0.027026715,0.041784488,0.010976609,0.056708188,0.008025055,0.149043018,0.136741369,0.108312491,0.070893415,0.01534435,0.027192633,0.040786614,0.036755393,48032.0,0.326169155,0.223404255,188.0,0.217054264,258.0,0.822975518,531.0,42.6,47854,229.1293295,1.443805517,-0.725398136,1.078336552,1.618546206,0.817275638,0.853822535,0.862178442,0.814643985,0.817275638,complete,CITY OF CHICAGO,Ward 48 Precinct 32,1,0,0,,0,0,0,467,311,207,156,117,78,0.19118,21.167503923364762,66,0.37636,24.720103010746357,77,0.41458,25.272222557310688,79,0.01522,12.129941373366355,38,0.00132,5.678028948587949,18,0.00088,4.90954047002907,15,0.00046,2.954812384628383,9,CITY OF CHICAGO:WARD 48 PRECINCT 32,CITY OF CHICAGO:WARD 48 PRECINCT 32,CITY OF CHICAGO:WARD 48 PRECINCT 32,1.2,32.26700938,12.6244728,12.6244728,12.6244728,12.6244728,2.305313313,12.6244728,2.305313313,15.895705975811124,17.82749611030816,19.416436126906863,10.598611522179091,4.430712133805235,3.8998231370802845,2.0830375106704015,20.554453742810004,24.012249391573718,24.58284473972757,11.844738741737586,5.418876731921416,4.76449018105187,2.773183441297318,13.489021032470559,21.414304144799917,23.093899466123865,13.88145321740835,4.137416131240114,0.006534347172390927,0.009058394841868192,0.2,0.3,1.0,1.010294807,1.5,1.8,1.4,1.0,1.000470578,282.4138608,262.6932181,43.47159419,40.30308829,3.168505896,0.153928685,0.142709314,0.011219371,2167.709131,311,1.0000000000000002
CITY OF CHICAGO:WARD 50 PRECINCT 09,CITY OF CHICAGO:WARD 50 PRECINCT 09,CITY OF CHICAGO:Ward 50 Precinct 09, ,TRUE,, , ,,, ,,0.74966352,0.036339168,0.025572006,0.165545088,2.46e-10,4.28e-11,0.4456,0.8191,0.1809,0.7769,0.1172,0.0,0.0099,0.096,0.027874564,0.034843207,0.063879209,0.075493612,0.170731706,0.109175375,0.205574911,0.164924506,0.147502904,0.019267823,0.069364161,0.071290943,0.036608863,0.030828516,0.017341041,0.057803467,0.05202312,0.019267823,0.040462428,0.219653176,0.177263968,0.069364162,0.053949904,0.036608864,0.028901735,50009.0,0.228199998,0.262295082,122.0,-0.341176471,85.0,0.424657534,146.0,62.0,65855,69.83838187,1.026439838,-0.486671702,-0.880927761,0.351371151,-0.188183878,0.002552882,-0.364880007,-0.550770734,-0.188183878,complete,CITY OF CHICAGO,Ward 50 Precinct 09,1,0,0,,0,0,0,179,119,79,53,40,27,0.27782,25.398704075614052,30,0.65868,30.652892378859065,36,0.05668,17.983978668395196,21,0.0054,10.372619796808078,12,0.00052,3.9229992042942015,5,0.00062,5.013263030607125,6,0.00028,3.02956659749719,4,CITY OF CHICAGO:WARD 50 PRECINCT 09,CITY OF CHICAGO:WARD 50 PRECINCT 09,CITY OF CHICAGO:WARD 50 PRECINCT 09,1.8,74.03917547,3.445183819,3.445183819,3.445183819,3.445183819,5.289721613,3.445183819,3.445183819,17.546930706065663,20.244369202799575,12.925963048391377,8.482498793839635,3.0576029566635206,3.8963679990591404,2.0808336745170934,24.784558333788517,29.883057194471554,17.62852726846794,10.05921267213424,3.8513865354565526,4.867075201843696,2.877019763956981,15.140245762725097,23.83117723729133,16.60342638760838,11.765340489068894,2.7643069540983993,0.003079209151247052,0.006854558688560067,0.2,0.3,1.0,1.310388272,1.5,1.8,1.4,1.0,1.515921344,39.81163902,39.60913832,0.60750212,0.32400113,0.28350099,0.01525941,0.008138352,0.007121058,298.0216897,119,0.9999999999999999
CITY OF CHICAGO:WARD 50 PRECINCT 11,CITY OF CHICAGO:WARD 50 PRECINCT 11,CITY OF CHICAGO:Ward 50 Precinct 11, ,TRUE,, , ,,, ,,0.750659992,0.100818733,0.044239761,0.0750849,0.015743841,9.99e-11,0.2576,0.6333,0.3667,0.7426,0.1347,0.0,0.0507,0.048,0.219544978,0.239110714,0.077978201,0.186029604,0.084629532,0.026217072,0.059085469,0.085276504,0.022127925,0.189219621,2.58e-09,1.41e-09,7.58e-10,0.033774709,0.041506251,1.61e-09,0.020753126,3.74e-10,0.064231387,0.056812839,0.111653667,0.090744045,0.071806433,0.213603778,0.105894138,50011.0,0.266070237,0.160493827,81.0,-0.628070175,285.0,-0.218683652,471.0,38.2,95981,251.7153594,1.187773655,-1.11156586,-1.887860128,-1.695299939,-1.184301447,-0.876738068,-1.386525859,-0.341150357,-1.184301447,complete,CITY OF CHICAGO,Ward 50 Precinct 11,1,0,0,,0,0,0,491,327,218,102,77,51,0.59424,29.412698432071593,96,0.32212,25.772067735045674,84,0.0781,18.826174353116926,62,0.00368,8.894235430044867,29,0.00104,5.644530114456417,18,0.00044,5.100757813148395,17,0.00038,3.051086063039098,10,CITY OF CHICAGO:WARD 50 PRECINCT 11,CITY OF CHICAGO:WARD 50 PRECINCT 11,CITY OF CHICAGO:WARD 50 PRECINCT 11,1.5,89.90896324,0.611249953,0.611249953,0.611249953,0.611249953,6.42353704,0.611249953,0.611249953,19.26897653549571,16.184420827671794,12.88865592582836,7.064023876477543,4.014693107448027,3.895321503508352,2.077597238335149,28.578805194687455,25.069300920348404,18.385125558670325,8.600119516134797,5.462976065206972,4.9233775467947085,2.9311321682768368,16.862291592155145,19.77122886216355,16.566119265045362,10.346865571706802,3.721397104882906,0.0020327136004584527,0.003618122506615533,0.2,0.3,1.0,1.264134628,1.5,1.8,1.4,1.0,1.224702533,375.5135691,373.6035306,5.730115678,3.056061785,2.674053893,0.01525941,0.008138352,0.007121058,1937.000042,327,1.0000000000000007
CITY OF CHICAGO:WARD 50 PRECINCT 12,CITY OF CHICAGO:WARD 50 PRECINCT 12,CITY OF CHICAGO:Ward 50 Precinct 12, ,TRUE,, , ,,, ,,0.606921778,0.105759298,0.041899782,0.067161473,0.016349581,0.0,0.4456,0.8191,0.1809,0.7769,0.1172,0.0,0.0099,0.096,0.185279077,0.186616596,0.067325868,0.144349872,0.079019697,0.026286398,0.058093034,0.071074129,0.02097692,0.135671018,0.009577816,0.003380408,0.002253605,0.020508377,0.028009907,0.00619741,0.019638962,0.002253604,0.044703172,0.060043692,0.10162384,0.08324037,0.064728211,0.169958397,0.087232801,50012.0,0.194143995,0.566666667,60.0,-0.25,80.0,0.264516129,155.0,40.4,96470,84.40042746,0.881355331,1.381674865,-0.560918856,-0.158089134,0.241778133,0.386005552,0.052393251,-0.215899826,0.241778133,complete,CITY OF CHICAGO,Ward 50 Precinct 12,1,0,0,,0,0,0,287,191,127,96,72,48,0.18384,21.015129210532784,40,0.36944,24.682770192018705,47,0.42932,25.527336002194506,49,0.01446,12.085155309743062,23,0.00136,5.605543807337412,11,0.00128,4.983837044144492,10,0.0003,2.9082475078850005,6,CITY OF CHICAGO:WARD 50 PRECINCT 12,CITY OF CHICAGO:WARD 50 PRECINCT 12,CITY OF CHICAGO:WARD 50 PRECINCT 12,1.8,56.82620531,7.010781878,7.010781878,7.010781878,7.010781878,4.059942652,7.010781878,4.059942652,15.896449863526723,17.874016312193117,19.658897203397107,10.51531659538049,4.459821944019493,3.8951523754707127,2.077251752412285,20.489002085389934,23.983879878190436,24.815379863171426,11.703169047136308,5.44057023228187,4.755628800176308,2.763207063773211,13.489764920186158,21.460824346684873,23.33636054261411,13.798158290609749,4.166525941454371,0.001863585562819509,0.003272636583751641,0.2,0.3,1.0,1.368806277,1.5,1.8,1.4,1.0,1.373408651,102.1761487,101.6564328,1.559147749,0.831545466,0.727602283,0.01525941,0.008138352,0.007121058,764.8703161,191,1.0000000000000002
CITY OF CHICAGO:WARD 50 PRECINCT 14,CITY OF CHICAGO:WARD 50 PRECINCT 14,CITY OF CHICAGO:Ward 50 Precinct 14, ,TRUE,, , ,,, ,,0.721407627,0.032258068,0.038123167,0.214076237,0.005865103,0.002932551,0.4222,0.5719,0.4281,0.9237,0.0176,0.0191,0.0294,0.0103,0.291111102,0.057777784,0.057777777,0.264444436,0.022222226,0.091111108,0.066666671,0.057777782,0.091111113,0.087499996,0.081249997,0.074999997,0.018750001,0.01875,0.05,0.012500002,0.018750001,9.35e-10,0.0375,0.074999999,0.062500004,0.112500003,0.099999998,0.249999991,1.2e-08,50014.0,0.562963891,0.565217391,46.0,-0.384615385,52.0,0.193277311,119.0,38.9,85000,60.32847456,2.452592352,1.372778667,-1.033388578,-0.384722268,0.25321695,0.601815043,-0.073823774,-0.371435095,0.25321695,complete,CITY OF CHICAGO,Ward 50 Precinct 14,1,0,0,,0,0,0,104,69,46,46,35,23,0.18516,21.004137579348324,14,0.36448,24.612482271626092,17,0.43414,25.6268590927922,18,0.01338,11.925731346252467,8,0.00114,5.71121484186695,4,0.00136,4.960063343085924,3,0.00034,2.9299822990250743,2,CITY OF CHICAGO:WARD 50 PRECINCT 14,CITY OF CHICAGO:WARD 50 PRECINCT 14,CITY OF CHICAGO:WARD 50 PRECINCT 14,1.8,56.3298316,7.124241967,7.124241967,7.124241967,7.124241967,4.024479281,7.124241967,4.024479281,15.89503419159224,17.902771386581087,19.821714434988195,10.466315553803827,4.479313219281078,3.8973691991237915,2.082921997624024,20.43866224379275,23.956149944050765,24.96591822879914,11.614778252144433,5.454697823409721,4.754799396383563,2.765831081539127,13.488349248251675,21.489579421072843,23.499177774205197,13.749157249033086,4.186017216715957,0.00408040921589794,0.008942881795490513,0.2,0.3,1.0,1.163247065,1.5,1.8,1.4,1.0,1.483391361,70.55941729,70.20051893,1.076695071,0.57423737,0.502457701,0.01525941,0.008138352,0.007121058,327.8220572,69,1.0000000000000002
CITY OF CHICAGO:WARD 50 PRECINCT 16,CITY OF CHICAGO:WARD 50 PRECINCT 16,CITY OF CHICAGO:Ward 50 Precinct 16, ,TRUE,, , ,,, ,,0.795454515,0.012987032,0.03571429,0.14285714,0.003246752,1.73e-10,0.4456,0.8191,0.1809,0.7769,0.1172,0.0,0.0099,0.096,0.027932999,0.036312875,0.064245813,0.075418997,0.170391051,0.106145237,0.20670389,0.164804451,0.148044675,0.018604653,0.069767438,0.069767429,0.037209298,0.032558135,0.018604652,0.055813946,0.051162786,0.018604651,0.041860458,0.218604624,0.176744177,0.069767454,0.055813964,0.037209329,0.027906994,50016.0,0.133812196,0.438596491,57.0,-0.413793103,58.0,0.125,112.0,62.1,65904,53.19604407,0.624331355,0.59553225,-1.135795805,-0.601933915,-0.305479244,-0.129466528,-0.5067451,-0.591059295,-0.305479244,complete,CITY OF CHICAGO,Ward 50 Precinct 16,1,0,0,,0,0,0,128,85,57,45,34,23,0.27752,25.441785510679793,22,0.66076,30.62672049277394,26,0.05598,18.022146838611164,15,0.00464,10.315855260694079,9,0.00044,4.017923414577103,3,0.00046,4.9682104011049795,4,0.0002,2.9779736801343564,3,CITY OF CHICAGO:WARD 50 PRECINCT 16,CITY OF CHICAGO:WARD 50 PRECINCT 16,CITY OF CHICAGO:WARD 50 PRECINCT 16,1.8,77.64776844,2.800782395,2.800782395,2.800782395,2.800782395,5.547537183,2.800782395,2.800782395,17.556975441677388,20.25107023177496,12.914132589559536,8.464165688034676,3.0546971488980716,3.896211940352914,2.0801071302138823,24.80531821730515,29.900093942741258,17.616222812561258,10.037554726688423,3.847844228582746,4.867214482862176,2.876588559378475,15.150290498336824,23.837878266266717,16.591595928776538,11.747007383263934,2.7614011463329504,0.0029231504450203923,0.0061280143853489144,0.2,0.3,1.0,1.43232667,1.5,1.8,1.4,1.0,1.519159543,42.56921883,42.35269177,0.649581165,0.346443285,0.303137879,0.01525941,0.008138352,0.007121058,318.6643507,85,0.9999999999999999
CITY OF CHICAGO:WARD 50 PRECINCT 18,CITY OF CHICAGO:WARD 50 PRECINCT 18,CITY OF CHICAGO:Ward 50 Precinct 18, ,TRUE,, , ,,, ,,0.907692257,0.01538463,0.025641029,3.74e-08,2.32e-09,2.43e-10,0.4279,0.6584,0.3416,0.8876,0.042,0.0144,0.0246,0.0313,0.292096193,0.054982835,0.058419246,0.261168364,0.024054998,0.089347074,0.065292105,0.061855678,0.092783501,0.085714291,0.085714276,0.076190468,0.019047618,0.019047621,0.047619045,0.019047619,0.019047621,1.26e-09,0.03809524,0.076190483,0.066666678,0.104761902,0.09523809,0.247619029,1.29e-08,50018.0,0.228200041,0.391304348,23.0,-0.5,36.0,0.24137931,58.0,40.5,80357,38.63399848,1.026440021,0.305235398,-1.438362622,-0.231694648,-0.331075727,-0.084595463,-0.601829159,-0.58840546,-0.331075727,complete,CITY OF CHICAGO,Ward 50 Precinct 18,1,0,0,,0,0,0,122,81,54,25,19,13,0.2316,23.377664187002022,19,0.62686,29.13372437989164,24,0.13104,20.606834005523478,17,0.00852,11.02462358113414,9,0.0007,4.421324592244727,4,0.00094,5.023660205725635,4,0.00034,2.9779161805148493,2,CITY OF CHICAGO:WARD 50 PRECINCT 18,CITY OF CHICAGO:WARD 50 PRECINCT 18,CITY OF CHICAGO:WARD 50 PRECINCT 18,1.8,78.34469366,2.676329567,2.676329567,2.676329567,2.676329567,5.597328937,2.676329567,2.676329567,16.86069789518008,20.100393758792443,15.367712444784878,9.377087900769663,3.455092526623519,3.893788474386516,2.0743790809851714,22.798635604468828,28.35357597462189,20.144969932033433,10.768662996236035,4.2589939038332645,4.809964532836031,2.8160340260900183,14.454012951839518,23.6872017932842,19.04517578400188,12.659929595998921,3.161796524058398,0.0004996844786228209,0.00039996515663809416,0.2,0.3,1.0,1.195214148,1.5,1.8,1.4,1.0,1.359256999,77.14981646,76.75739624,1.177260678,0.627872362,0.549388317,0.01525941,0.008138352,0.007121058,394.9019089,81,0.9999999999999997
CITY OF CHICAGO:WARD 50 PRECINCT 27,CITY OF CHICAGO:WARD 50 PRECINCT 27,CITY OF CHICAGO:Ward 50 Precinct 27, ,TRUE,, , ,,, ,,0.706552709,0.074074065,0.025641028,0.188034195,1.16e-09,6.15e-10,0.4456,0.8191,0.1809,0.7769,0.1172,0.0,0.0099,0.096,0.025229408,0.034403677,0.061926605,0.077981685,0.17201832,0.110091738,0.208715567,0.165137596,0.144495405,0.019157101,0.068965519,0.072796934,0.038314173,0.030651339,0.015325678,0.057471254,0.049808423,0.019157085,0.042145593,0.222222192,0.180076605,0.068965525,0.053639856,0.034482801,0.02681992,50027.0,0.40697096,0.181818182,44.0,-0.191489362,47.0,0.252747253,91.0,61.9,65819,60.62565916,1.788035285,-0.980668998,-0.355559678,-0.195529638,-0.150290253,0.064069243,-0.234216038,-0.477286647,-0.150290253,complete,CITY OF CHICAGO,Ward 50 Precinct 27,1,0,0,,0,0,0,102,68,45,47,36,24,0.27294,25.35639157269285,17,0.66468,30.632726091535073,21,0.056,17.98138428419156,12,0.00514,10.275516074144262,7,0.00032,3.958203255976262,3,0.00048,4.996682536538164,3,0.00044,3.036860375319428,2,CITY OF CHICAGO:WARD 50 PRECINCT 27,CITY OF CHICAGO:WARD 50 PRECINCT 27,CITY OF CHICAGO:WARD 50 PRECINCT 27,1.8,72.71766903,3.68117071,3.68117071,3.68117071,3.68117071,5.195306715,3.68117071,3.68117071,17.536887886487527,20.237671126536917,12.937795995486297,8.501648803535062,3.0605091194850917,3.896719952362435,2.0817117466219637,24.763440948392663,29.865527111133048,17.640537346596325,10.081769180874678,3.854869355898651,4.867111173154635,2.8775818540694953,15.13020294314696,23.824479161028673,16.6152593347033,11.78449049876432,2.7672131169199705,0.003431162454541976,0.007732630793430128,0.2,0.3,1.0,1.229592428,1.5,1.8,1.4,1.0,1.512172583,39.45230639,39.25163342,0.602018915,0.321076754,0.280942161,0.01525941,0.008138352,0.007121058,295.3317808,68,0.9999999999999997
COOK:8200007,COOK:8200007,COOK:Niles Precinct 7,,,True,,,,,TRUE,,0.522771413,0.083520746,0.067549829,0.324468598,0.013012827,2.69e-06,0.3107,0.6366,0.3634,0.7237,0.0522,0.0774,0.0107,0.1159,0.093529137,0.195945804,0.111155215,0.089269126,0.143808553,0.092408578,0.163102072,0.085070079,0.025711436,0.055323576,0.010740555,0.00660951,0.028894338,0.029731102,0.011598854,0.013217197,0.018179746,5.9e-06,0.17666721,0.179125397,0.101648265,0.081861003,0.114804139,0.100863484,0.070729726,,-0.113144484,0.357512953,193.0,-0.151162791,172.0,0.456628478,611.0,48.5,72480,334.0354946,-0.427747131,0.097811184,-0.214022485,0.453080801,-0.001346943,-0.022719408,-0.039607559,0.038896412,-0.001346943,complete,COOK,Niles Precinct 7,0,0,1,Niles,1,0,0,575,383,255,285,214,143,0.35406,27.62602749249129,106,0.60668,30.96932163419148,119,0.03686,17.17023245300635,66,0.00172,8.019810374759038,31,0.00028,4.372896818265254,17,0.00022,5.060255801693465,19,0.00018,3.117518379046193,12,COOK:8200007,COOK:8200007,COOK:NILES PRECINCT 7,1.0,66.72182819,4.751872893,4.751872893,4.751872893,4.751872893,4.766934455,4.751872893,4.751872893,19.407727731561568,19.79652073515677,11.173127032829708,5.463896699058625,3.2635615789135994,3.8996636880496514,2.083116987022092,26.978278359614748,30.21652329341208,16.82540842446225,7.82097553381097,4.276803347316086,4.911957912937788,2.9208900985655593,17.001042788221003,23.383328769648525,14.85059037204671,8.746738394287885,2.970265576348478,0.006374898141757863,0.0091378711935588,1.0,0.3,0.2,1.098683647,1.000023076,1.000036922,1.000018461,1.399981539,1.6,740.6038422,734.442896,9.398783005,6.748332926,2.650450079,0.012690702,0.009111933,0.003578769,3160.47,383,0.9999999999999991
COOK:8200002,COOK:8200002,COOK:Niles Precinct 2,,,,,,,,TRUE,,0.608826056,0.088646262,0.031417533,0.264079974,0.009848961,7.65e-07,0.2553,0.7197,0.2803,0.8584,0.0484,0.0118,0.0307,0.0425,0.072189062,0.101695263,0.107757572,0.105483997,0.051111139,0.256726506,0.10733046,0.082473716,0.115232285,0.034442017,0.013772391,0.077085841,0.067466568,0.022033654,0.026193571,0.033047867,0.067449635,0.044056113,0.027573702,0.123943625,0.136357091,0.046872152,0.077120177,0.144617925,0.057967668,,0.072142555,0.286956522,115.0,-0.503759398,133.0,0.276315789,456.0,54.9,70514,251.1209901,0.361607939,-0.335290565,-1.451557263,-0.120550696,-0.567764166,-0.386447646,-0.78078609,-0.513106063,-0.567764166,complete,COOK,Niles Precinct 2,0,0,1,Niles,1,0,0,342,199,152,225,169,113,0.75972,34.2093964147622,68,0.22666,26.90419076064702,54,0.01234,14.923588914025816,30,0.00062,6.478801175192691,13,0.00044,5.613886742588581,11,0.00012,5.156255792210201,10,0.0001,3.1481071639965266,6,COOK:8200002,COOK:8200002,COOK:NILES PRECINCT 2,1.0,83.49235642,1.757090063,1.757090063,1.757090063,1.757090063,5.965103197,1.757090063,1.757090063,22.242532512740738,15.835123256453041,8.849864652168906,3.9682444340809564,3.793115195713353,3.8980180869807404,2.0811712837720977,33.279499412156234,26.26152382787346,14.622793101800067,6.319275299768798,5.432709822755009,5.013201711159613,3.0218337946063025,19.835847569400173,19.421931290944798,12.527327991385908,7.251086129310216,3.4998191931482316,0.00472929707284705,0.007192167943564407,1.0,0.3,0.2,1.000043383,1.031673159,1.050677054,1.025338527,1.374661473,1.6,913.8157554,912.8121204,4.421621085,1.475471437,2.946149648,0.004838635,0.001614627,0.003224008,2536.73,213,0.9338783552655344
COOK:8200026,COOK:8200026,COOK:Niles Precinct 26,,,,,,,,TRUE,,0.597709288,0.102954059,0.02211904,0.281385559,0.004889029,0.002980923,0.372,0.9297,0.0703,0.7539,0.0552,0.0,0.042,0.1457,0.130455901,0.13694335,0.092147644,0.104934843,0.136734535,0.129639609,0.140480777,0.091129724,0.037533617,0.052358805,0.013799329,0.011876476,0.04741959,0.006178124,3.23e-05,0.019020119,0.008272376,0.007548515,0.021988493,0.031939657,0.113219177,0.112184012,0.060291759,0.211730766,0.282140529,,0.106855302,0.229813665,161.0,-0.15625,128.0,0.20950324,463.0,51.3,147459,278.7591583,0.50949029,-0.686054782,-0.231877444,-0.333102473,-0.259522876,-0.185386102,-0.268821144,-0.345551152,-0.259522876,complete,COOK,Niles Precinct 26,0,0,1,Niles,1,0,0,365,204,162,231,174,116,0.35676,27.68927038379818,56,0.60324,30.952567758664344,63,0.03742,17.195620643622984,35,0.00146,8.016125168355376,16,0.0005,4.393878262574015,9,0.00042,4.98407392139249,10,0.0002,3.11336986346965,6,COOK:8200026,COOK:8200026,COOK:NILES PRECINCT 26,1.0,76.31740855,3.038350284,3.038350284,3.038350284,3.038350284,5.452489751,3.038350284,3.038350284,19.408216141603706,19.79716050179138,11.173585870241313,5.4617077638689056,3.263638509208627,3.898106677438521,2.0815244925504017,26.98003210671819,30.218922111873916,16.826988744328705,7.818210353383965,4.276865189513361,4.910460881267073,2.9193575830342855,17.00153119826314,23.383968536283138,14.851049209458315,8.744549459098165,2.970342506643506,0.004817887530627855,0.00754537672186845,1.0,0.3,0.2,1.000893101,1.001512364,1.002419782,1.001209891,1.398790109,1.6,610.2076325,608.167818,8.751722889,3.732128455,5.019594434,0.014342205,0.006116162,0.008226043,2550.47,223,0.9157798268362027
COOK:8200053,COOK:8200053,COOK:Niles Precinct 53,,,,,,,,TRUE,,0.52383997,0.061480265,0.035265486,0.375667828,0.008549417,0.000537505,0.4863,0.6561,0.3439,0.7176,0.0238,0.0,0.0442,0.1966,0.084820234,0.101543511,0.037219728,0.243948507,0.096964695,0.161699885,0.07612575,0.110341228,0.087336461,0.043382411,5.51e-06,0.011752621,0.019013764,0.043394641,0.050654686,0.028926444,0.013605392,0.01355541,0.129244021,0.10756507,0.125677116,0.031693076,0.031704751,0.104009301,0.245815789,,-0.201578159,0.287356322,261.0,-0.290322581,248.0,0.380239521,668.0,51.0,82738,314.7184953,-0.804489996,-0.332836443,-0.702442046,0.210063451,-0.397221463,-0.407426258,-0.456224621,0.012548274,-0.397221463,complete,COOK,Niles Precinct 53,0,0,1,Niles,1,0,0,545,363,242,272,204,136,0.35378,27.598314443876994,100,0.606,30.97418067297322,112,0.0374,17.183585767207337,62,0.00188,8.034420234326682,29,0.0003,4.401404715640604,16,0.00034,5.020942396808273,18,0.0003,3.081550347329507,11,COOK:8200053,COOK:8200053,COOK:NILES PRECINCT 53,1.0,80.00830218,2.37925209,2.37925209,2.37925209,2.37925209,5.716185284,2.37925209,2.37925209,19.407147312476425,19.795760446193125,11.172581757410082,5.461905683343162,3.263470156117982,3.899832744380462,2.084112319365331,26.97851573547605,30.216930008376046,16.825558252886008,7.818554103670421,4.277135924130662,4.9121922419700494,2.92195070361025,17.00046236913586,23.38256848068488,14.850045096627085,8.744747378572422,2.9701741535528607,0.006543954472568578,0.010133203536797584,1.0,0.3,0.2,1.000205559,1.012293777,1.019670043,1.009835022,1.390164978,1.6,737.5214156,732.4074396,12.27383455,6.136836134,6.136998415,0.016642004,0.008320892,0.008321112,3048.19,363,0.9999999999999987
COOK:8200059,COOK:8200059,COOK:Niles Precinct 59,,,,,,,,TRUE,,0.575022542,0.075403271,0.025132739,0.318299371,0.010605298,0.000558563,0.3969,0.9592,0.0408,0.767,0.0748,0.0,0.007,0.1506,0.151011427,0.144104641,0.072623965,0.155617938,0.114916695,0.14987753,0.119160775,0.023902049,0.06878498,0.002427017,0.032346654,0.025163443,0.013197327,8.97e-06,0.002416579,0.0167927,0.023973863,0.025171173,0.018005244,0.04316517,0.151040115,0.099534933,0.107904284,0.197784846,0.241067687,,0.031958344,0.404255319,235.0,-0.051020408,196.0,0.285294118,680.0,48.6,135833,336.4129714,0.190416199,0.3847333,0.137454754,-0.091987802,0.149857968,0.155154113,0.146318096,-0.36517713,0.149857968,complete,COOK,Niles Precinct 59,0,0,1,Niles,1,0,0,534,356,237,282,212,141,0.35214,27.643576541908278,98,0.60846,30.95926225104687,110,0.0368,17.204624715497708,61,0.00178,8.009992732251265,29,0.00034,4.374363237516671,16,0.00034,5.134019715627036,18,0.00014,3.0075520802181432,11,COOK:8200059,COOK:8200059,COOK:NILES PRECINCT 59,1.0,60.73266932,6.117850301,6.117850301,6.117850301,6.117850301,4.339039589,6.117850301,4.339039589,19.40779766888468,19.796612345815802,11.173192735533464,5.461671691087521,3.2635725948601113,3.898740898739086,2.0825155040551784,26.979495821189474,30.218222711078283,16.82647882107622,7.8182037915339135,4.276981229242718,4.911100552013729,2.920354043985153,17.001112725544115,23.38342038030756,14.850656074750466,8.74451338631678,2.97027659229499,0.005452108831192683,0.008536388226644757,1.0,0.3,0.2,1.007284279,1.000220373,1.000352597,1.000176299,1.399823701,1.6,458.4577968,455.7560789,4.502985773,2.251257648,2.251728125,0.009822029,0.004910501,0.004911528,1937.19,356,0.9999999999999999
COOK:8300027,COOK:8300027,COOK:Northfield Precinct 27,,,,,,,,TRUE,,0.437793071,0.089391292,0.065904886,0.395352981,0.013961799,0.001194928,0.2952,0.27,0.73,0.7813,0.101,0.0,0.0098,0.0993,0.159125692,0.077494058,0.114553367,0.082758559,0.135310736,0.111662098,0.116523921,0.081204053,0.121367516,0.040131663,0.071967418,0.03112693,0.047449501,0.069469157,0.070987714,0.027853365,0.000151877,0.067740594,0.069285791,0.062623925,0.176786838,0.067013183,0.056500485,0.103531315,0.037380242,,-0.02592563,0.180952381,105.0,-0.178294574,129.0,0.24742268,388.0,53.3,60919,231.2096217,-0.056179616,-0.985983608,-0.30924894,-0.212468783,-0.416277169,-0.390970237,-0.39993291,-0.204775457,-0.416277169,complete,COOK,Northfield Precinct 27,0,0,0,Northfield,1,0,0,357,238,159,200,150,100,0.35102,27.669305526174377,66,0.60934,30.948613158873634,74,0.0369,17.18874974526545,41,0.00164,8.034170698288882,19,0.00038,4.389588262241144,10,0.00052,5.071511913223753,12,0.0002,3.038962349934219,7,COOK:8300027,COOK:8300027,COOK:NORTHFIELD PRECINCT 27,1.0,80.4526771,2.299898216,2.299898216,2.299898216,2.299898216,5.747933606,2.299898216,2.299898216,19.40692415211844,19.795468129207627,11.172372109138761,5.463431824292269,3.263435005751083,3.900736729080055,2.0849427076261677,26.97744853565228,30.215460869127703,16.824603928752325,7.82047128465675,4.277061126985336,4.913053179871821,2.922738045073265,17.000239208777874,23.382276163699384,14.849835448355764,8.746273519521528,2.970139003185962,0.007447939172161805,0.010963591797634495,1.0,0.3,0.2,1.000000002,1.000000028,1.000000045,1.000000023,1.399999977,1.000005417,399.3976497,398.8912727,4.500695499,2.983373997,1.517321503,0.011268708,0.007469683,0.003799025,2931.14,238,0.9996855758578771
COOK:8300033,COOK:8300033,COOK:Northfield Precinct 33,,,,,,,,TRUE,,0.481759525,0.073461187,0.029387786,0.410908563,0.002564887,1.5e-07,0.4861,0.7301,0.2699,0.8704,0.0058,0.0,0.0008,0.1161,0.051069087,0.095748967,0.054061192,0.183091192,0.108188449,0.174823201,0.141560858,0.099876042,0.091581011,0.027993994,0.020490763,0.038748187,0.059183125,0.023690731,0.033382859,0.171094367,0.100072757,0.015101947,0.052977367,0.058118552,0.085121179,0.076548852,0.062548764,0.072244476,0.10268208,,0.177601482,0.25,48.0,-0.344262295,61.0,0.216117216,273.0,53.7,51933,158.3993938,0.810881344,-0.562143511,-0.891758309,-0.312061331,-0.409034417,-0.238770452,-0.539631989,-0.201438124,-0.409034417,complete,COOK,Northfield Precinct 33,0,0,0,Northfield,1,0,0,206,103,91,136,102,68,0.35038,27.585537705765205,28,0.60984,30.923429439424954,32,0.03666,17.160620888889476,18,0.00212,8.074951810407265,8,0.0004,4.458255762511966,5,0.0003,5.063863190537226,5,0.0003,3.0922597387748376,3,COOK:8300033,COOK:8300033,COOK:NORTHFIELD PRECINCT 33,1.0,80.28554724,2.329743288,2.329743288,2.329743288,2.329743288,5.73599303,2.329743288,2.329743288,19.406747806562592,19.795237134770453,11.172206441090578,5.461405230298802,3.2634072292631573,3.900267609539916,2.0849673726762674,26.97823933715196,30.216592865413126,16.82527722213551,7.817968628788054,4.277287931506581,4.912646167666284,2.9228248174579674,17.000062863222027,23.38204516926221,14.84966978030758,8.744246925528062,2.970111226698036,0.006978819632022245,0.010988256847733812,1.0,0.3,0.2,1.000000034,1.000003875,1.000006199,1.0000031,1.3999969,1.000228011,426.4016665,425.9263992,1.725375387,0.439633453,1.285741934,0.004046362,0.001031031,0.00301533,1082.19,119,0.8654139639471679
COOK:8300043,COOK:8300043,COOK:Northfield Precinct 43,,,,,,,,TRUE,,0.657690264,0.011790302,0.010915841,0.310326666,0.004199327,9.62e-07,0.4503,0.8579,0.1421,0.7455,0.11,0.0001,0.0002,0.1209,0.113029634,0.070981225,0.047935287,0.122266951,0.109551205,0.155897933,0.072198007,0.147076887,0.161062873,0.015981025,0.014443229,0.013031587,0.015918284,0.014449827,0.01446445,0.004384193,0.001564894,6.32e-05,0.053565045,0.099806572,0.143108311,0.086722563,0.094017922,0.088368798,0.340110064,,-0.427180367,0.5,168.0,-0.102564103,156.0,0.193162393,585.0,57.0,130982,232.6955447,-1.765594711,0.972449942,-0.043452022,-0.385087858,-0.133206893,-0.305421162,-0.080813065,-0.471224087,-0.133206893,complete,COOK,Northfield Precinct 43,0,0,0,Northfield,1,0,0,444,1,197,197,148,99,0.35832,28.019686721022563,0,0.60806,31.25537606333044,0,0.0312,16.868862063753586,0,0.00154,7.696336349159308,0,0.0005,4.306615672595543,0,0.00014,5.038804996094355,0,0.00024,2.9964491645447273,0,COOK:8300043,COOK:8300043,COOK:NORTHFIELD PRECINCT 43,1.0,72.0956372,3.792249514,3.792249514,3.792249514,3.792249514,5.150865712,3.792249514,3.792249514,19.639090741863637,19.924013170108065,10.967075568366365,5.203303212571044,3.204660430984603,3.8983395489801005,2.082160390263628,27.38857662923987,30.496539437088153,16.56893312767985,7.460162590688976,4.198793525182948,4.914265966150421,2.9235656940892802,17.23240579852307,23.51082120459982,14.644538907583367,8.486144907800304,2.911364428419482,0.005050759072207196,0.00818127443509465,1.0,0.3,0.2,1.000000076,1.000000023,1.000000037,1.000000019,1.399999981,1.000046327,233.1007269,232.8893167,0.842641354,0.164729332,0.677912022,0.003614924,0.000706687,0.002908236,991.46,17,0.057568774015592246
COOK:8300049,COOK:8300049,COOK:Northfield Precinct 49,,,,,,,,TRUE,,0.52831508,0.048237719,0.03534653,0.388902766,0.00401713,0.0,0.4813,0.7423,0.2577,0.6716,0.1161,0.0,0.0002,0.2014,0.116666557,0.172585758,0.06451288,0.088709529,0.182261918,0.122041466,0.147849705,0.074728442,0.030643746,0.014679165,0.016311465,0.013046866,0.011419179,0.011416873,0.0,0.078306559,0.013049172,0.0,0.06525047,0.047311318,0.115826386,0.009782267,0.086456527,0.057093585,0.46005017,,-0.269352965,,,-0.203703704,108.0,,,50.2,165014,198.8164999,-1.093222478,,-0.398429271,,,,,-0.16662278,-0.16662278,demographic_only,COOK,Northfield Precinct 49,0,0,0,Northfield,1,0,0,299,199,133,170,128,85,0.35262,27.614564997133385,55,0.60854,30.970778374651164,62,0.0362,17.12869255242655,34,0.00166,8.087086595018285,16,0.0004,4.396964388342025,9,0.00032,5.052067787976154,10,0.00026,2.996082419665462,6,COOK:8300049,COOK:8300049,COOK:NORTHFIELD PRECINCT 49,1.0,73.29700725,3.577715879,3.577715879,3.577715879,3.577715879,5.236697477,3.577715879,3.577715879,19.406997274856604,19.79556391243088,11.172440804384584,5.461839548184208,3.263446523437729,3.9000406582158784,2.0844572392598435,26.978350351622524,30.216716984525704,16.82539891883379,7.818485627855224,4.277182236114267,4.912403691734336,2.922299159433633,17.00031233151604,23.382371946922635,14.849904143601586,8.744681243413467,2.9701505208726076,0.006751868307984929,0.010478123431309955,1.0,0.3,0.2,1.000000021,1.000000336,1.000000537,1.000000269,1.399999731,1.000079597,304.3368166,304.1108798,0.677810282,0.0,0.677810282,0.002227171,0.0,0.002227171,1597.98,199,0.9999999999999997
COOK:8300051,COOK:8300051,COOK:Northfield Precinct 51,,,,,,,,TRUE,,0.669932263,0.045271922,0.01841806,0.25326262,0.007179084,0.001560917,0.4967,0.5251,0.4749,0.6186,0.1288,0.0,0.0,0.2526,0.078802891,0.145784984,0.033276447,0.047230771,0.109341923,0.210536425,0.088267441,0.145019132,0.141739986,0.074022154,0.036007526,0.017024795,0.048495766,0.032506801,0.102003296,0.048493306,0.0,0.015538605,0.013518004,0.026041551,0.040616581,0.114056491,0.053556611,0.065665444,0.312453074,,-0.395697855,0.510703364,327.0,-0.259475219,343.0,-0.045630317,1293.0,57.8,110024,585.7508539,-1.631473724,1.038151192,-0.594174744,-1.144762735,-0.479335105,-0.583065003,-0.481557053,-0.283909151,-0.479335105,complete,COOK,Northfield Precinct 51,0,0,0,Northfield,1,0,0,993,662,441,487,366,244,0.76604,34.75869219144253,230,0.22352,27.310745238531926,181,0.00942,14.578579633042226,97,0.0004,5.9300800948762475,39,0.00034,5.459944395084211,36,0.00016,5.197950010048637,34,0.00012,3.1298447805691727,21,COOK:8300051,COOK:8300051,COOK:NORTHFIELD PRECINCT 51,1.0,81.81980374,2.055764738,2.055764738,2.055764738,2.055764738,5.845607834,2.055764738,2.055764738,22.566338910253204,16.013479295764025,8.561296949899164,3.6068942380115896,3.710637551258318,3.897596113534285,2.080754875897801,33.91424177148078,26.663955787288927,14.229112663066555,5.778266746039227,5.319674832246091,5.018473760489528,3.027111409508376,20.15965396691264,19.60028733025578,12.238760289116167,6.889735933240849,3.4173415486931966,0.00430732362639193,0.0067757600692677725,1.0,0.3,0.2,1.000002221,1.000001079,1.000001727,1.000000863,1.399999137,1.003164534,755.6133524,755.0740467,4.849174393,1.077980119,3.771194273,0.006417534,0.001426629,0.004990905,2880.99,662,1.0
COOK:8300053,COOK:8300053,COOK:Northfield Precinct 53,,,,,,,,TRUE,,0.677387491,0.016466326,0.010968177,0.288771029,0.000919245,0.000913098,0.5002,0.666,0.334,0.6394,0.1218,0.0,0.0,0.2302,0.135009569,0.124270733,0.031329374,0.06980691,0.15913233,0.118119582,0.165367521,0.125266341,0.071697642,0.026571614,0.012080275,0.024145265,0.004848554,0.012079515,0.009665958,1.21e-05,1.71e-05,0.007240861,0.02419845,0.048359145,0.111152126,0.058004027,0.077310963,0.161747618,0.422566502,,-0.482417313,0.54973822,191.0,-0.283236994,173.0,0.143369176,558.0,57.4,176063,229.4265141,-2.000913725,1.27776173,-0.677573229,-0.543495776,-0.353721201,-0.48605525,-0.392024796,-0.401592789,-0.353721201,complete,COOK,Northfield Precinct 53,0,0,0,Northfield,1,0,0,414,276,184,183,138,92,0.35906,28.104676815221595,78,0.60852,31.283306981743873,86,0.02992,16.76723008995142,46,0.0016,7.577221120181579,21,0.00036,4.357304417597463,12,0.00032,5.042832691207182,14,0.00022,3.0197397385945783,8,COOK:8300053,COOK:8300053,COOK:NORTHFIELD PRECINCT 53,1.0,78.93604899,2.570728793,2.570728793,2.570728793,2.570728793,5.63957826,2.570728793,2.570728793,19.685575645039915,19.949789749599923,10.926064722016728,5.151889906975405,3.1929136413080386,3.8980045135851698,2.08160053888306,27.47079045280742,30.55256734525385,16.517448459250954,7.3886566212275975,4.183026978693947,4.9146361004662555,2.923711012419477,17.27889070169935,23.53659778409168,14.60352806123373,8.434731602204664,2.8996176387429173,0.004715723677276283,0.007621423054526596,1.0,0.3,0.2,1.000000826,1.000000071,1.000000114,1.000000057,1.399999943,1.0002895,460.7456873,460.3405834,2.505402954,0.468048104,2.03735485,0.005437713,0.001015849,0.004421864,1749.24,276,0.9992650119003378
COOK:8000011,COOK:8000011,COOK:Maine Precinct 11,,,True,,,,,,,0.645315084,0.0901276,0.020678019,0.249284021,0.013033045,0.005422739,0.3173,0.8016,0.1984,0.868,0.0219,0.0,0.0047,0.1055,0.142596436,0.135062772,0.054932877,0.168190618,0.151973851,0.146762134,0.058653129,0.061569932,0.080258252,0.00544645,0.0,0.045474623,0.010738485,0.021422669,0.045492175,0.051040081,1.9e-05,0.00537135,0.019000292,0.125750458,0.085835011,0.056386589,0.219442,0.174156314,0.134424466,,-0.13320307,,,-0.31147541,61.0,,,47.4,128193,138.4880253,-0.513200203,,-0.776683717,,,,,-0.593924937,-0.593924937,demographic_only,COOK,Maine Precinct 11,0,0,0,Maine,1,0,0,143,95,63,115,87,58,0.75786,34.15245797534866,32,0.22754,26.922226437751895,26,0.0133,14.971951581565929,14,0.00068,6.5559010780694145,6,0.00032,5.57999641734536,5,0.00016,5.129098141073314,5,0.00014,3.121839586894593,3,COOK:8000011,COOK:8000011,COOK:MAINE PRECINCT 11,1.0,83.93753017,1.677593539,1.677593539,1.677593539,1.677593539,5.996908592,1.677593539,1.677593539,22.242700246777055,15.835342970690391,8.850022230114527,3.967751531916919,3.793141615786215,3.8975781279705695,2.080674943162793,33.280044771377966,26.2621550341372,14.62322045401232,6.318584713694652,5.432704960572119,5.012775667238846,3.0213513690864007,19.83601530343649,19.422151005182148,12.52748556933153,7.250593227146179,3.4998456132210936,0.0042893380626760815,0.00669582733425959,1.0,0.3,0.2,1.000006993,1.005890117,1.009424187,1.004712094,1.395287906,1.099180115,249.7576847,249.1498739,1.215746918,0.314017697,0.901729221,0.004867706,0.001257289,0.003610416,1097.21,95,0.9999999999999997
COOK:8000015,COOK:8000015,COOK:Maine Precinct 15,,,True,,,,,,,0.572795276,0.05059736,0.013320026,0.356417369,0.009205733,0.000583678,0.3396,0.9628,0.0372,0.9028,0.0209,0.0,0.0,0.0763,0.136565942,0.074503675,0.082930509,0.212736796,0.072344186,0.187481585,0.095901582,0.092759752,0.044775973,0.018911743,0.007940693,0.003163441,0.037959742,0.025217274,0.023778669,0.056708377,0.006300991,0.020560691,0.082061086,0.017428651,0.080502006,0.146641844,0.099366111,0.173371561,0.20008712,,-0.195598215,0.327433628,113.0,-0.359223301,103.0,0.167883212,411.0,50.9,120367,231.2096217,-0.779014392,-0.086826957,-0.944268074,-0.465508901,-0.585429949,-0.568904581,-0.660502648,-0.618108171,-0.585429949,complete,COOK,Maine Precinct 15,0,0,0,Maine,1,0,0,282,188,125,100,75,50,0.75396,34.12248179039026,64,0.2322,26.898530589816023,51,0.01264,14.933928267022905,28,0.00048,6.481221841226348,12,0.00044,5.663198001455753,11,0.00016,5.156401793164083,10,0.00012,3.0867179499926753,6,COOK:8000015,COOK:8000015,COOK:MAINE PRECINCT 15,1.0,83.79531025,1.702990342,1.702990342,1.702990342,1.702990342,5.986747703,1.702990342,1.702990342,22.24148573164011,15.83375208148908,8.84888125238329,3.966789601594611,3.792950315444822,3.8991049612475037,2.083383640879704,33.27909577484932,26.26058109387703,14.622020621555667,6.317406029001348,5.4332699265457425,5.014352979001425,3.0241105452889574,19.834800788299546,19.420560115980837,12.526344591600292,7.24963129682387,3.499654312879701,0.005816171339610122,0.009404525051170428,1.0,0.3,0.2,1.0000154,1.002643951,1.004230321,1.002115161,1.397884839,1.177057709,448.8390684,448.0496865,1.579223218,0.529170315,1.050052904,0.003518462,0.001178976,0.002339486,1856.38,188,0.9999999999999989
COOK:8000032,COOK:8000032,COOK:Maine Precinct 32,,,True,,,,,,,0.697155997,0.052780152,0.011796642,0.231780954,0.011342899,0.001300863,0.2826,0.8071,0.1929,0.8851,0.0315,0.0,0.0,0.0835,0.158710269,0.092180344,0.063698918,0.11371237,0.106239011,0.207338263,0.075258901,0.061856206,0.121005718,0.004266744,0.003686909,0.004285046,0.004298294,0.045570459,0.01561679,0.009959278,0.018959925,0.007946121,0.062423305,0.022183758,0.199727286,0.249387501,0.115329192,0.16895506,0.06740433,,0.023782904,0.184615385,130.0,-0.46969697,132.0,0.180722892,498.0,53.5,110132,276.9760507,0.1555874,-0.96349872,-1.332005803,-0.424661832,-0.789904059,-0.641144739,-0.928076272,-0.792820859,-0.789904059,complete,COOK,Maine Precinct 32,0,0,0,Maine,1,0,0,312,208,139,104,78,52,0.75504,34.11612685011652,71,0.23098,26.904875150038333,56,0.01302,14.914914104666167,31,0.00048,6.580498035161858,14,0.00026,5.623417579153976,12,0.0001,5.15948876534942,11,0.00012,3.1428316425146043,7,COOK:8000032,COOK:8000032,COOK:MAINE PRECINCT 32,1.0,86.66894086,1.189834196,1.189834196,1.189834196,1.189834196,6.19205396,1.189834196,1.189834196,22.242898669959107,15.835602884534214,8.850208639015658,3.967371947592624,3.7931728697585307,3.8971321754458343,2.0801275468549356,33.28055518218208,26.262767149650543,14.623640908894036,6.318045289897218,5.432675414685123,5.012339383373032,3.0208136414374644,19.836213726618542,19.42241091902597,12.52767197823266,7.250213642821883,3.4998768671934095,0.00384338553794104,0.006148431026402368,1.0,0.3,0.2,1.00001618,1.008797441,1.014075906,1.007037953,1.392962047,1.274381893,506.7854229,506.3877911,1.777822056,0.646895772,1.130926284,0.003508037,0.001276469,0.002231568,2110.24,208,1.0000000000000002
COOK:8000040,COOK:8000040,COOK:Maine Precinct 40,,,True,,,,,,,0.525263665,0.037732184,0.014798216,0.414095745,0.002961034,1.95e-06,0.3754,0.9604,0.0396,0.9378,0.0113,0.0,0.0,0.0508,0.115453682,0.107800812,0.080026729,0.08496515,0.105100715,0.183646279,0.154552831,0.118912394,0.049541407,0.01282788,0.017000853,5.15e-05,0.025396518,0.014875223,0.099526872,0.052883604,3.46e-05,0.042321083,0.048710551,0.046644959,0.070125187,0.154488214,0.12917545,0.086928239,0.19900926,,0.025942733,0.56097561,82.0,-0.108433735,83.0,0.220630372,349.0,55.3,111263,223.7800066,0.164788648,1.34674103,-0.06405311,-0.297703559,0.264559076,0.287443252,0.194259804,-0.602770535,0.264559076,complete,COOK,Maine Precinct 40,0,0,0,Maine,1,0,0,260,173,115,182,137,91,0.3556,25.349615921767786,44,0.44558,26.69164890898107,46,0.19282,22.01595428175504,38,0.00372,8.782273560569095,15,0.00138,5.815988301570312,10,0.00054,5.0384164278513515,9,0.00036,3.0698616070961817,5,COOK:8000040,COOK:8000040,COOK:MAINE PRECINCT 40,1.0,55.83586014,7.237152956,7.237152956,7.237152956,7.237152956,3.989187539,7.237152956,3.989187539,18.307744004037204,17.586839599419804,14.784687427561579,6.182387011422473,4.258095013512543,3.900032981422692,2.084898514139083,24.655166586984002,25.963107446902953,21.47519001742948,8.501952832384731,5.604690756296445,4.870192455375082,2.880536874746804,15.901059060696637,21.17364763391156,18.46215076677858,9.465228706651732,3.9647990109474214,0.006744191514798437,0.01091939831054946,1.0,0.3,0.2,1.000008372,1.001133036,1.001812857,1.000906429,1.399093571,1.079165544,425.3317478,424.5812083,1.503486969,0.503201277,1.000285692,0.003534857,0.00118308,0.002351778,1483.31,173,0.9999999999999996
COOK:8000051,COOK:8000051,COOK:Maine Precinct 51,,,True,,,,,,,0.503659235,0.132234321,0.039916079,0.32521659,0.007284125,0.001039386,0.2446,0.6885,0.3115,0.8758,0.0067,0.0747,0.0034,0.0394,0.120425887,0.184237103,0.162345726,0.09476249,0.112425525,0.145224773,0.0948433,0.047430743,0.038304451,0.050227929,5.91e-05,0.057368648,0.01791113,0.029869569,0.039422736,0.031061928,0.021508128,0.008442907,0.120549554,0.150466023,0.202980248,0.013243666,0.074007245,0.074176701,0.108704535,,0.169009174,0.365384615,104.0,-0.487179487,78.0,0.318435754,358.0,45.8,72320,229.4265141,0.774276614,0.146130388,-1.393365505,0.013446188,-0.331642291,-0.114878079,-0.587339776,-0.218722514,-0.331642291,complete,COOK,Maine Precinct 51,0,0,0,Maine,1,0,0,251,167,111,204,153,102,0.34992,27.630394023015103,46,0.6109,30.983329831430638,52,0.03632,17.195117065533445,29,0.00196,7.973817613181605,13,0.0003,4.409029970634754,7,0.00034,5.069448425377635,8,0.00026,3.0999337329229695,5,COOK:8000051,COOK:8000051,COOK:MAINE PRECINCT 51,1.0,78.35977412,2.673636588,2.673636588,2.673636588,2.673636588,5.598406358,2.673636588,2.673636588,19.407719251964664,19.796509627761942,11.17311906666202,5.46242178288436,3.2635602432778925,3.8991368319627298,2.082849068166261,26.979012715404203,30.21755478632749,16.826049051646947,7.81914324212893,4.276936049344497,4.9114750012042805,2.9206661240631435,17.0010343086241,23.3833176622537,14.850582405879022,8.74526347811362,2.9702642407127713,0.005848042054836311,0.008869952337727693,1.0,0.3,0.2,1.000001556,1.003390737,1.005425179,1.002712589,1.397287411,1.018891627,410.6616062,409.7763729,3.503096994,2.051487608,1.451609386,0.008530374,0.004995567,0.003534807,1964.76,167,0.9995355750176086
COOK:8000073,COOK:8000073,COOK:Maine Precinct 73,,,True,,,,,,,0.600475761,0.09521001,0.036093184,0.270423317,0.008584608,0.000368801,0.3466,0.5969,0.4031,0.8971,0.0133,0.0,0.0,0.0747,0.033137417,0.000559279,0.056875078,0.147806433,0.073889842,0.122691303,0.254351335,0.074570948,0.236118365,0.192655823,0.067966594,0.059369296,3.52e-05,0.079962927,0.092911325,1.44e-05,3.84e-05,0.014715753,0.032010014,0.048284162,0.167087472,0.043983695,0.041427596,0.12992397,0.029613472,,0.188448365,0.03125,64.0,-0.536231884,69.0,0.234285714,350.0,62.9,47394,219.9166068,0.857090955,-1.904912783,-1.565528385,-0.254261612,-0.95916489,-0.716902956,-1.128889976,-0.537345032,-0.95916489,complete,COOK,Maine Precinct 73,0,0,0,Maine,1,0,0,234,156,104,101,76,51,0.78196,35.85854475125433,56,0.21208,28.028507871409403,44,0.0055,13.687886406909708,21,8e-05,4.943858820763243,8,0.00026,5.241680634358807,8,0.0001,5.189521092866002,8,2e-05,3.1448704990069785,5,COOK:8000073,COOK:8000073,COOK:MAINE PRECINCT 73,1.0,88.34885706,0.889844589,0.889844589,0.889844589,0.889844589,6.312075407,0.889844589,0.889844589,23.155711229275724,16.337794669305893,8.035298890813111,2.9507256335952334,3.5603445882148237,3.898208098098421,2.081384818051551,35.080043480009415,27.402235325416,13.503460252787061,4.785796565936994,5.111648219461808,5.029498759949876,3.038154366558337,20.74902628593516,19.92460270379765,11.712762230030114,6.233567328824493,3.2670485856497025,0.0049193081905275935,0.0074057022230175394,1.0,0.3,0.2,1.000002244,1.000967731,1.001548369,1.000774184,1.399225816,1.020790841,335.2888305,334.5872669,3.041115326,1.871842711,1.169272614,0.009070136,0.005582777,0.003487359,1564.3,156,1.0000000000000002
COOK:8200003,COOK:8200003,COOK:Niles Precinct 3,,,True,,,,,,,0.746669319,0.055582461,0.023987405,0.170244544,0.002344416,9.55e-07,0.4786,0.8028,0.1972,0.6637,0.1121,0.0033,0.007,0.2029,0.138486524,0.124235228,0.060593977,0.119636149,0.118651651,0.139008885,0.151221368,0.093174343,0.054991877,0.030504887,0.005549851,0.004159899,0.012503696,0.011096422,0.019408745,0.006937799,0.019415388,0.005544009,0.031927675,0.04717425,0.127536897,0.101241811,0.104009715,0.141504486,0.331484469,,-0.249460148,0.230046948,213.0,-0.326315789,190.0,-0.041871921,812.0,53.7,143508,353.6496784,-1.008475612,-0.684622803,-0.828770109,-1.132806093,-0.895698104,-0.913668654,-0.878718395,-0.367298885,-0.895698104,complete,COOK,Niles Precinct 3,0,0,1,Niles,1,0,0,564,376,251,286,215,143,0.75872,34.21140869664778,129,0.22698,26.90526042912606,101,0.01276,14.971369518585377,56,0.0006,6.480431684144504,24,0.00062,5.592273814010777,21,0.00016,5.1577473847195865,19,0.00016,3.1564343709805947,12,COOK:8200003,COOK:8200003,COOK:NILES PRECINCT 3,1.0,87.77962632,0.991494484,0.991494484,0.991494484,0.991494484,6.271406773,0.991494484,0.991494484,22.243596276286304,15.83651667666322,8.850864006133191,3.9683484136634943,3.7932827509156204,3.8964103840345743,2.078654518019357,33.280819590879794,26.26339080855645,14.624152792889504,6.3193004495041025,5.432301406376003,5.011574450636765,3.0192974712768788,19.83691133294574,19.423324711154976,12.528327345350194,7.251190108892754,3.499986748350499,0.003121594126681074,0.0046754021908237105,1.0,0.3,0.2,1.001854798,1.000140512,1.00022482,1.00011241,1.39988759,1.6,702.8715688,700.622016,4.126783068,1.034174428,3.092608641,0.005871319,0.001471356,0.004399963,2148.0,376,1.0000000000000009
COOK:8200030,COOK:8200030,COOK:Niles Precinct 30,,,True,,,,,,,0.523998077,0.088933959,0.008866179,0.380600037,0.007214009,0.001602022,0.4571,0.9038,0.0962,0.6242,0.0287,0.0,0.0146,0.3204,0.040120798,0.121566973,0.077048172,0.1208914,0.211533582,0.139366692,0.109367586,0.075492382,0.104612416,0.027414384,1.29e-05,0.00551169,0.010924054,0.01461203,3.61e-05,0.036402717,0.010939844,0.072808307,0.031017317,0.041860899,0.369294698,0.113015656,0.000190244,0.07468547,0.191273699,,-0.014897334,0.388059701,134.0,-0.184210526,76.0,0.242774566,346.0,48.9,91820,189.9009618,-0.009197154,0.285318542,-0.330012601,-0.227255899,-0.102368323,-0.070286778,-0.154313487,-0.022965041,-0.102368323,complete,COOK,Niles Precinct 30,0,0,1,Niles,1,0,0,224,149,99,173,130,87,0.35552,27.62769732957377,41,0.60446,30.91687174767621,46,0.03736,17.23642527502667,26,0.00158,7.986745420448171,12,0.00048,4.440917762562867,7,0.00044,5.032785417694781,7,0.00016,3.118977862063998,5,COOK:8200030,COOK:8200030,COOK:NILES PRECINCT 30,1.0,70.93049933,4.000313021,4.000313021,4.000313021,4.000313021,5.067622551,4.000313021,4.000313021,19.407091398584054,19.795687204777792,11.172529229035494,5.46047420369115,3.2634613490258566,3.8993951772205717,2.0839660173044847,26.979165310343284,30.21784856022348,16.82612012028539,7.816779988358937,4.277277609621135,4.911797827274007,2.921847554013251,17.00040645524349,23.38249523926955,14.849992568252496,8.74331589892041,2.9701653464607354,0.006106387312678454,0.009986901475951115,1.0,0.3,0.2,1.056752425,1.024061822,1.038498916,1.019249458,1.380750542,1.6,223.8393014,223.5844407,1.531241102,1.019858276,0.511382826,0.006840805,0.004556207,0.002284598,1147.13,149,0.9999999999999999
COOK:8200032,COOK:8200032,COOK:Niles Precinct 32,,,True,,,,,,,0.624334717,0.064145954,0.100066897,0.212999071,0.006277793,3.86e-06,0.3888,0.6903,0.3097,0.7305,0.1227,0.008,0.0447,0.0722,0.100282488,0.065442942,0.06830964,0.10322935,0.101712352,0.17002664,0.188929719,0.135139461,0.06692741,0.061762603,0.173413617,0.01764878,0.032431933,1.9e-05,0.144053153,0.017627112,0.0,0.029406507,0.017705658,0.141103565,0.085324102,0.111726851,0.047117582,0.094162034,0.026497545,,-0.007884172,0.11627907,86.0,-0.162790698,86.0,0.422222222,225.0,57.3,60631,119.1710261,0.020680138,-1.382972567,-0.254833823,0.343623656,-0.345927045,-0.318375649,-0.33321868,-0.110310572,-0.345927045,complete,COOK,Niles Precinct 32,0,0,1,Niles,1,0,0,209,139,93,88,66,44,0.363,28.092086393682138,39,0.60448,31.278790325954,43,0.03086,16.857253840239775,23,0.00112,7.671375848325604,11,0.00024,4.2736459983324915,6,0.00014,5.0910040793715385,7,0.00016,3.04497934653031,4,COOK:8200032,COOK:8200032,COOK:NILES PRECINCT 32,1.0,78.73513936,2.606606057,2.606606057,2.606606057,2.606606057,5.625224292,2.606606057,2.606606057,19.674874497854816,19.94455081253281,10.937181802578959,5.169918639260232,3.1959952618711167,3.898559544889906,2.080557189497074,27.448777848845182,30.53643792283264,16.529224440194916,7.412949399066318,4.186270029369219,4.914850399274355,2.9223269305368547,17.26818955451425,23.531358847024567,14.614645141795961,8.452760334489492,2.9026992593059955,0.005270754982012759,0.006578073668540367,1.0,0.3,0.2,1.086719674,1.000145885,1.000233416,1.000116708,1.399883292,1.6,98.76092634,97.87676406,1.326243416,0.972578505,0.353664911,0.013428827,0.009847807,0.003581021,817.88,139,0.9999999999999999
COOK:8200038,COOK:8200038,COOK:Niles Precinct 38,,,True,,,,,,,0.55488127,0.059780896,0.022866042,0.358862392,0.002410028,0.000801739,0.3801,0.8527,0.1473,0.7848,0.0754,0.0057,0.0063,0.1049,0.067506071,0.07799363,0.075981099,0.119241764,0.120443036,0.105644176,0.184294573,0.17019965,0.078696002,0.007009183,0.006979051,1.36e-05,0.063685222,0.039810141,0.100521702,0.021900507,0.068668939,2.59e-05,0.07367074,0.060749179,0.134450367,0.098644608,0.108568504,0.148410845,0.066891495,,-0.055902759,0.379518072,332.0,-0.177966102,236.0,0.235751295,772.0,58.8,85592,416.3556298,-0.183887409,0.23288683,-0.308096078,-0.249599137,-0.139594815,-0.127173948,-0.175779241,-0.373351333,-0.139594815,complete,COOK,Niles Precinct 38,0,0,1,Niles,1,0,0,624,416,277,326,245,163,0.36738,28.438265188755086,118,0.6027,31.530568332874363,131,0.02832,16.612950661453446,69,0.00106,7.27984157683286,30,0.00026,4.225561607802591,18,0.0002,5.037609297622155,21,8e-05,3.0180849859924477,13,COOK:8200038,COOK:8200038,COOK:NILES PRECINCT 38,1.0,72.33016737,3.750368489,3.750368489,3.750368489,3.750368489,5.167621697,3.750368489,3.750368489,19.846622939046302,20.037846622566946,10.780976790117503,4.971792222680038,3.1515400040700996,3.8993291090910147,2.083546475243466,27.757041226231706,30.746331238856563,16.33485203448625,7.137812284375514,4.128191667247328,4.918456133057176,2.9281523858649594,17.439937995705737,23.624654657058702,14.458440129334505,8.254633917909297,2.8582440015049784,0.006040319183121484,0.00956735941493269,1.0,0.3,0.2,1.000225552,1.003517608,1.005628173,1.002814087,1.397185913,1.6,898.12689,894.2710592,7.472248265,3.209927107,4.262321158,0.008319814,0.003574024,0.004745789,2269.44,416,0.9999999999999994
COOK:8200046,COOK:8200046,COOK:Niles Precinct 46,,,True,,,,,,,0.582284448,0.04450307,0.011965542,0.36187042,0.002510425,0.001252475,0.4712,0.965,0.035,0.7117,0.0291,0.0,0.003,0.2562,0.113291333,0.089252286,0.096384234,0.109855152,0.111491988,0.167187417,0.128140834,0.0875232,0.096873554,0.055852437,2.16e-06,0.006470195,0.009556532,0.027147815,0.027083578,0.014437781,0.017572271,0.019199786,0.016046958,0.04785545,0.17214535,0.130774025,0.044693953,0.086073807,0.325087904,,-0.056572886,0.454545455,154.0,-0.307189542,153.0,0.27198364,489.0,53.9,116561,284.1084812,-0.186742267,0.693432953,-0.761641285,-0.134332628,-0.154810708,-0.097320806,-0.287674804,-0.302091693,-0.154810708,complete,COOK,Niles Precinct 46,0,0,1,Niles,1,0,0,419,279,186,226,170,113,0.35146,27.540763671385427,77,0.60852,30.92993643977459,86,0.0374,17.175399793746145,48,0.00174,8.059740440203331,22,0.00036,4.465723505559474,12,0.00028,5.016402415443125,14,0.00024,3.0405651739691932,8,COOK:8200046,COOK:8200046,COOK:NILES PRECINCT 46,1.0,72.87950956,3.652270173,3.652270173,3.652270173,3.652270173,5.206869396,3.652270173,3.652270173,19.40730372652657,19.795965332419524,11.17272870078085,5.460738878758428,3.2634947931606018,3.899163579315112,2.083511321966682,26.979312865608335,30.21802866410178,16.82627005481825,7.817089548551679,4.277196932674895,4.911556137528826,2.9213827668357277,17.000618783186006,23.38277336691128,14.850192039997852,8.743580573987687,2.9701987905954805,0.005874789407218696,0.009532206138148388,1.0,0.3,0.2,1.014814009,1.009878366,1.015805386,1.007902693,1.392097307,1.6,353.2571028,352.3278424,3.389530651,2.983209999,0.406320652,0.009595081,0.008444869,0.001150212,1499.08,279,0.9999999999999996
COOK:8200050,COOK:8200050,COOK:Niles Precinct 50,,,True,,,,,,,0.54422029,0.085551412,0.021846753,0.345867578,0.00438028,0.001248558,0.2892,0.9113,0.0887,0.8226,0.0428,0.0,0.0,0.1288,0.121725184,0.133269444,0.044343224,0.082488693,0.17036932,0.123057006,0.163706934,0.105117866,0.05592233,0.050267891,0.022629259,0.023871943,0.011377422,0.013845119,0.027677707,0.023887386,0.005039029,0.041480675,0.030244897,0.028937167,0.08555569,0.134589323,0.163441758,0.243922053,0.093232679,,0.021297853,0.098214286,224.0,-0.020134228,149.0,0.245841035,541.0,54.5,125091,267.763328,0.14500065,-1.493860964,0.245858298,-0.217500494,-0.320039863,-0.330125628,-0.204843078,-0.557473437,-0.320039863,complete,COOK,Niles Precinct 50,0,0,1,Niles,1,0,0,402,268,179,223,168,112,0.35806,27.716159688486396,74,0.60398,30.96178397462005,83,0.0357,17.13970551348555,46,0.0016,7.973122015633891,21,0.00032,4.426715419681972,12,0.0002,5.057095651937516,14,0.00014,2.9966793700382612,8,COOK:8200050,COOK:8200050,COOK:NILES PRECINCT 50,1.0,78.04798162,2.729314668,2.729314668,2.729314668,2.729314668,5.576130374,2.729314668,2.729314668,19.4074851424368,19.796202968496466,11.172899132179657,5.46135003464584,3.2635233682886553,3.8991066546129436,2.083198041144373,26.97924429792571,30.217909435422044,16.826228139996307,7.81783258449405,4.277093956109671,4.911479141492475,2.9210494146792367,17.000800199096236,23.383011002988223,14.850362471396659,8.7441917298751,2.970227365723534,0.005817864705050209,0.009218925315839805,1.0,0.3,0.2,1.000082996,1.002223774,1.003558039,1.001779019,1.398220981,1.6,308.5570185,307.6973848,1.14676506,0.286913403,0.859851658,0.003716542,0.000929855,0.002786686,2171.59,268,0.9999999999999993
COOK:8200052,COOK:8200052,COOK:Niles Precinct 52,,,True,,,,,,,0.538847116,0.070321273,0.026468854,0.359801209,0.011864546,1.59e-06,0.478,0.9531,0.0469,0.7266,0.0325,0.0,0.0069,0.2259,0.071034516,0.139585265,0.057741246,0.093634418,0.156008837,0.12948926,0.167644827,0.06553631,0.119325321,0.051603613,0.0,4.87e-06,0.010749434,0.032245104,2.67e-05,0.032259367,0.025793349,0.034414821,0.05589836,0.025822482,0.240867121,0.077478055,0.015071789,0.073112129,0.32465284,,-0.053734368,0.45631068,103.0,-0.011494253,87.0,0.24,350.0,55.1,98995,179.202316,-0.174649686,0.704268564,0.276182667,-0.236082667,0.187512955,0.14242972,0.214263544,-0.192403163,0.187512955,complete,COOK,Niles Precinct 52,0,0,1,Niles,1,0,0,228,152,101,156,117,78,0.3549,27.634464715723126,42,0.60588,30.998791983808683,47,0.0365,17.161473121829523,26,0.00176,7.999584846205783,12,0.00042,4.423684282334841,7,0.00028,5.075456334553046,8,0.00026,3.0205364831269663,5,COOK:8200052,COOK:8200052,COOK:NILES PRECINCT 52,1.0,59.15206759,6.479141021,6.479141021,6.479141021,6.479141021,4.226113654,6.479141021,4.226113654,19.418887318625348,19.802360181044442,11.162440634172352,5.448639191383742,3.2605521679942147,3.899413955784325,2.083608348106405,26.999332261007694,30.231365113671693,16.813083962516764,7.800243616004388,4.273218905830009,4.911959916055761,2.9216331950331726,17.012202375284783,23.3891682155362,14.839903973389355,8.731480886613001,2.9672561654290934,0.006125165876431521,0.009629232277871677,1.0,0.3,0.2,1.018861211,1.070337315,1.112539703,1.056269852,1.343730148,1.6,476.1392699,475.5964984,3.254671089,2.170433409,1.08423768,0.006835544,0.0045584,0.002277144,1656.95,152,0.9999999999999997
COOK:8200060,COOK:8200060,COOK:Niles Precinct 60,,,True,,,,,,,0.59484097,0.057910856,0.066541501,0.275406768,0.013018184,0.001444241,0.351,0.7255,0.2745,0.7815,0.0788,0.0091,0.0588,0.0595,0.09718865,0.079089517,0.066759187,0.115048867,0.089893722,0.158138429,0.180005976,0.121999447,0.091876205,0.060968886,0.129884569,0.018275071,0.061933938,0.007146694,0.119741121,0.010169443,3.14e-05,0.02739284,0.039846066,0.113909919,0.096548687,0.09753334,0.069199864,0.110764383,0.036653759,,-0.124516501,0.203703704,216.0,-0.088495575,226.0,0.482309125,537.0,57.5,63241,312.9353877,-0.476193905,-0.846327483,0.005925347,0.534779034,-0.147242327,-0.195454252,-0.106966407,-0.232537123,-0.147242327,complete,COOK,Niles Precinct 60,0,0,1,Niles,1,0,0,509,339,226,258,194,129,0.35926,28.118649336663836,95,0.60856,31.300250573292555,106,0.03014,16.75463302635732,57,0.00138,7.58027914994496,26,0.00024,4.371833440189066,15,0.00026,5.107436995492942,17,0.00016,3.033520279157789,10,COOK:8200060,COOK:8200060,COOK:NILES PRECINCT 60,1.0,72.60789906,3.700772788,3.700772788,3.700772788,3.700772788,5.18746421,3.700772788,3.700772788,19.697287283255548,19.956352325392977,10.915896948489365,5.142036484813674,3.189991184902933,3.898879157509443,2.081831009718285,27.489925387945433,30.564585854271314,16.50337537789588,7.374528210597108,4.178798355880584,4.915596522332498,2.924027261196671,17.290602339914983,23.543160359884734,14.593360287706368,8.424878180042933,2.8966951823378118,0.005590367601549347,0.007851893889751436,1.0,0.3,0.2,1.257072717,1.000097239,1.000155583,1.000077791,1.399922209,1.6,497.1729256,494.5554717,4.533425349,2.757750401,1.775674948,0.009118408,0.005546864,0.003571544,2390.03,339,0.9999999999999997
CITY OF CHICAGO:WARD 40 PRECINCT 15,CITY OF CHICAGO:WARD 40 PRECINCT 15,CITY OF CHICAGO:Ward 40 Precinct 15,,,,,,,,,,0.691882952,0.138821939,0.046805571,0.104928661,0.021959851,0.00077484,0.6629,0.4061,0.5939,0.3131,0.2515,0.0132,0.0263,0.3932,0.094190912,0.033383276,0.16889947,0.267121952,0.162950428,0.164695438,0.059560688,0.028609491,0.020588345,0.033602875,0.00499205,0.010188139,0.03795241,0.059110314,0.00687318,0.006215833,0.061423548,0.023018067,0.064112848,0.056251743,0.097907427,0.146665735,0.051174033,0.120942544,0.219569254,40015.0,0.283296475,0.257142857,140.0,0.164619165,407.0,0.723837209,688.0,38.9,106537,274.0042046,1.26116043,-0.518297985,0.894301149,1.303155997,0.69839397,0.735079898,0.73023822,0.577323902,0.69839397,complete,CITY OF CHICAGO,Ward 40 Precinct 15,1,0,0,,0,0,0,734,489,326,144,108,72,0.18326,20.97314334954382,103,0.36464,24.694816063340614,121,0.4354,25.64529002310092,125,0.01362,11.954834994345012,58,0.00144,5.663096391197222,28,0.0012,4.905028748843079,24,0.00044,2.924377615391311,14,CITY OF CHICAGO:WARD 40 PRECINCT 15,CITY OF CHICAGO:WARD 40 PRECINCT 15,CITY OF CHICAGO:WARD 40 PRECINCT 15,1.2,36.94649755,11.55484493,11.55484493,11.55484493,11.55484493,2.639638886,11.55484493,2.639638886,15.896085938577043,17.90439218629704,19.823080289535376,10.46788027866933,4.479508116285053,3.8958367734430945,2.0788010622299935,20.439802000920515,23.95787286562694,24.967256853901493,11.616508099080715,5.454463208086476,4.753245383530566,2.7616885589727964,13.489400995236478,21.491200220788798,23.50054362875238,13.750721973898589,4.1862121137199315,0.002547983535201011,0.004821946401460258,0.2,0.3,1.0,1.001821548,1.5,1.8,1.4,1.0,1.001560105,372.1985129,331.2662687,86.18701809,60.89443021,25.29258787,0.231561962,0.163607398,0.067954565,1790.911297,489,0.9999999999999999
CITY OF CHICAGO:WARD 40 PRECINCT 16,CITY OF CHICAGO:WARD 40 PRECINCT 16,CITY OF CHICAGO:Ward 40 Precinct 16,,,,,,,,,,0.67034891,0.171483883,0.035321443,0.102119833,0.015107046,0.00367985,0.5692,0.5313,0.4687,0.4158,0.1681,0.0001,0.0331,0.3829,0.068355952,0.084819092,0.125189636,0.258165525,0.173056989,0.119821532,0.102214504,0.034127175,0.034249596,3.51e-10,2.31e-10,0.033218554,0.01003044,0.023845199,2.88e-09,0.00234543,0.079424301,0.0249264,0.09948518,0.036171134,0.138039132,0.13716999,0.061442678,0.14820266,0.205698899,40016.0,0.326490081,0.434920635,315.0,0.265536723,354.0,0.699088146,658.0,41.6,109571,257.6590514,1.445172718,0.572968472,1.248499078,1.224421427,1.10309806,1.122765424,1.12824479,0.338363312,1.10309806,complete,CITY OF CHICAGO,Ward 40 Precinct 16,1,0,0,,0,0,0,671,447,298,156,117,78,0.18978,21.095287586798445,94,0.37532,24.72116172859579,111,0.41768,25.331595797715668,113,0.01398,12.046768283050463,54,0.0014,5.685123836450793,25,0.0014,4.918055259554708,22,0.00044,2.924069428751399,13,CITY OF CHICAGO:WARD 40 PRECINCT 16,CITY OF CHICAGO:WARD 40 PRECINCT 16,CITY OF CHICAGO:WARD 40 PRECINCT 16,1.2,22.6838977,14.81496092,14.81496092,14.81496092,14.81496092,1.620648841,14.81496092,1.620648841,15.896113004467905,17.84874783202198,19.526735181575457,10.552533401649487,4.443956633040318,3.8955691845444727,2.0785123917795545,20.52776222689956,24.003627759537792,24.692557657637437,11.77189970775409,5.429531588745927,4.758517967827142,2.7669400617175555,13.48942806112734,21.435555866513738,23.20419852079246,13.835375096878746,4.150660630475197,0.0022803946365793975,0.004533275951020906,0.2,0.3,1.0,1.000896062,1.5,1.8,1.4,1.0,1.001037589,341.5990862,303.9978317,77.81055625,55.14576896,22.66478729,0.227783268,0.161434182,0.066349086,1442.84694,447,0.9999999999999999
CITY OF CHICAGO:WARD 40 PRECINCT 19,CITY OF CHICAGO:WARD 40 PRECINCT 19,CITY OF CHICAGO:Ward 40 Precinct 19,,,,,,,,,,0.685831811,0.174298921,0.038719753,0.085215051,0.022328217,0.00241334,0.4928,0.5294,0.4706,0.3934,0.2467,0.0071,0.0272,0.312,0.133370862,0.063410589,0.121482972,0.315232449,0.160515294,0.078147948,0.065369286,0.037553458,0.024917142,0.020501229,0.009303558,0.027616471,0.022964584,0.04082349,0.011058122,0.008255043,0.008333679,0.061983651,0.105646418,0.079809681,0.094719372,0.172538071,0.099477645,0.056313206,0.18065578,40019.0,0.244617689,0.233160622,193.0,0.088161209,397.0,0.620289855,690.0,37.8,101302,308.7748033,1.096382062,-0.665509908,0.625950922,0.973739226,0.460597462,0.507640576,0.484259531,0.334082073,0.460597462,complete,CITY OF CHICAGO,Ward 40 Precinct 19,1,0,0,,0,0,0,735,127,327,136,102,68,0.18118,21.026850316910476,27,0.3608,24.556140805585457,31,0.44184,25.75243773680459,33,0.01344,11.871428768510766,15,0.001,5.673388570624724,7,0.00118,4.950582617263417,6,0.00056,2.9350977221398167,4,CITY OF CHICAGO:WARD 40 PRECINCT 19,CITY OF CHICAGO:WARD 40 PRECINCT 19,CITY OF CHICAGO:WARD 40 PRECINCT 19,1.2,47.15470991,9.221472573,9.221472573,9.221472573,9.221472573,3.368963614,9.221472573,3.368963614,15.896275899093226,17.927371840941444,19.94407449453852,10.432539330868469,4.494029298444965,3.8953718618442226,2.0779061740190037,20.40479901462073,23.940231032253998,25.07940445890493,11.552647311496742,5.464625934656918,4.75055800967802,2.7585712085081324,13.48959095575266,21.5141798754332,23.62153783375552,13.715381026097727,4.200733295879844,0.0020830719363290275,0.003927058190470359,0.2,0.3,1.0,1.000371731,1.5,1.8,1.4,1.0,1.003063035,465.580744,454.8362011,29.1513435,19.86628165,9.285061856,0.062612863,0.042669895,0.019942968,2155.702375,249,0.5086976051824742
CITY OF CHICAGO:WARD 40 PRECINCT 20,CITY OF CHICAGO:WARD 40 PRECINCT 20,CITY OF CHICAGO:Ward 40 Precinct 20,,,,,,,,,,0.71342699,0.153159543,0.037830372,0.077687512,0.019209586,0.002032058,0.5615,0.4115,0.5885,0.4239,0.2549,0.0095,0.0794,0.2252,0.100614834,0.025387032,0.204512678,0.350935844,0.130848749,0.064937156,0.070331446,0.043549817,0.008882445,0.041514855,0.010578231,0.016249114,0.007025551,0.019353525,0.017640732,0.025214576,0.017112323,0.0474354,0.076204634,0.081372309,0.155253684,0.139623548,0.137715161,0.068317029,0.139389327,40020.0,0.428342713,0.333333333,147.0,-0.083900227,441.0,0.591478697,798.0,35.9,97592,316.501603,1.879082677,-0.050612362,0.022053985,0.882081852,0.497448669,0.683151538,0.365229158,0.463813722,0.497448669,complete,CITY OF CHICAGO,Ward 40 Precinct 20,1,0,0,,0,0,0,1160,773,515,174,131,87,0.17882,20.931838247182093,162,0.36134,24.611137438811134,190,0.44412,25.798241381693433,199,0.0129,11.82717032629988,91,0.00114,5.689283302506602,44,0.00128,4.946533740627227,38,0.0004,2.8758004583733654,22,CITY OF CHICAGO:WARD 40 PRECINCT 20,CITY OF CHICAGO:WARD 40 PRECINCT 20,CITY OF CHICAGO:WARD 40 PRECINCT 20,1.2,45.5251392,9.593956523,9.593956523,9.593956523,9.593956523,3.252539094,9.593956523,3.252539094,15.896348434524027,17.94398319661971,20.031985065398302,10.40718097303559,4.504577998725966,3.895237174528364,2.077598753597021,20.379181987867753,23.927105110078102,25.16048286821143,11.506653167702211,5.471967904857752,4.748802732839133,2.756643198563122,13.489663491183462,21.530791231111465,23.709448404615305,13.690022668264849,4.211281996160845,0.0019483846204705292,0.0036196377684875897,0.2,0.3,1.0,1.000366713,1.5,1.8,1.4,1.0,1.001837832,684.1071611,659.1939165,55.27444615,34.28501082,20.98943533,0.080797935,0.050116433,0.030681502,2575.624972,773,0.9999999752447936
CITY OF CHICAGO:WARD 41 PRECINCT 28,CITY OF CHICAGO:WARD 41 PRECINCT 28,CITY OF CHICAGO:Ward 41 Precinct 28,,,,,,,,,,0.852636121,0.08716025,0.014264664,0.033653522,0.015195415,0.000491333,0.4313,0.6533,0.3467,0.6743,0.1277,0.0,0.0501,0.1381,0.157038563,0.096756158,0.109407407,0.21331126,0.074965463,0.16827765,0.079500709,0.063756034,0.036986755,0.024331387,0.006216302,0.02589141,0.021067132,0.014400398,0.06273745,0.073135533,0.002869063,0.030511114,0.013272232,0.09222382,0.091129056,0.133269166,0.085424518,0.110061228,0.21346019,41028.0,-0.140610918,-0.023809524,84.0,-0.695067265,446.0,0.243979058,955.0,44.9,107919,399.1189228,-0.544758926,-2.242888724,-2.123004844,-0.22342403,-1.441343723,-1.283519131,-1.609240865,-0.325778325,-1.441343723,complete,CITY OF CHICAGO,Ward 41 Precinct 28,1,0,0,,0,0,0,704,174,313,149,112,75,0.60692,29.701296607783707,52,0.3241,25.95046372186538,45,0.06258,17.985313133118854,31,0.00456,9.247091937307845,16,0.00092,5.572359949161392,10,0.00064,5.123430498502233,9,0.00028,3.0922741057707586,5,CITY OF CHICAGO:WARD 41 PRECINCT 28,CITY OF CHICAGO:WARD 41 PRECINCT 28,CITY OF CHICAGO:WARD 41 PRECINCT 28,1.5,91.065444,0.404732384,0.404732384,0.404732384,0.404732384,6.506161694,0.404732384,0.404732384,19.269375768611873,16.046852130447064,12.153712271546114,7.2742462222046465,3.9265342952522904,3.894091437931647,2.0755139924341317,28.917104020820176,25.199859105903364,17.55511047398074,9.002815861683137,5.390710558068708,4.939167754252775,2.946069195410592,16.862690825271308,19.63366016493882,15.831175610763117,10.557087917433906,3.633238292687169,0.0008026480237534211,0.0015348766055984348,0.2,0.3,1.0,1.000000469,1.0,1.0,1.0,1.0,1.12679101,525.9261399,521.9510405,9.267638444,3.420471105,5.847167338,0.017621559,0.00650371,0.011117849,2620.018388,286,0.6091832781645362
CITY OF CHICAGO:WARD 41 PRECINCT 29,CITY OF CHICAGO:WARD 41 PRECINCT 29,CITY OF CHICAGO:Ward 41 Precinct 29,,,,,,,,,,0.876320575,0.072774611,0.012703781,0.029260312,0.011296139,1.16e-11,0.3957,0.9681,0.0319,0.7425,0.058,0.0,0.0936,0.105,0.140132461,0.095796664,0.083418392,0.159457931,0.109438031,0.199110676,0.123130393,0.045379503,0.044135948,0.080090387,4.13e-10,0.026317985,0.009626214,0.001698702,0.01518926,0.022947001,0.003044049,0.021465378,0.001698702,0.032895714,0.058438788,0.084239886,0.109873975,0.133387682,0.399086275,41029.0,-0.117679931,0.022222222,45.0,-0.72875226,553.0,0.155190134,973.0,50.9,162173,398.8217382,-0.447068926,-1.96032866,-2.2412316,-0.505889583,-1.468045959,-1.288629692,-1.658566341,-0.52493792,-1.468045959,complete,CITY OF CHICAGO,Ward 41 Precinct 29,1,0,0,,0,0,0,863,575,383,139,105,70,0.6357,30.284470248156286,174,0.31614,26.090317161488542,150,0.04206,16.682206167870255,96,0.00448,9.886464183888458,57,0.00074,5.441531900100439,31,0.00044,5.230316784610096,30,0.00044,3.1387492923005396,18,CITY OF CHICAGO:WARD 41 PRECINCT 29,CITY OF CHICAGO:WARD 41 PRECINCT 29,CITY OF CHICAGO:WARD 41 PRECINCT 29,1.5,91.15823671,0.388162004,0.388162004,0.388162004,0.388162004,6.51279126,0.388162004,0.388162004,19.269418101621362,15.838610238531967,11.045085544715677,7.5941682142434965,3.7935344963545155,3.8939925292206365,2.07531832525427,29.438472954766652,25.398567412455122,16.270344783901407,9.627525609563868,5.278429492164434,4.965346017289523,2.9721506999784877,16.862733158280797,19.425418273023723,14.72254888393268,10.877009909472756,3.5002384937893942,0.0007037393127433426,0.0013392094257363273,0.2,0.3,1.0,1.00000123,1.0,1.0,1.0,1.0,1.314687698,600.5958227,595.7523081,10.897908,4.036262234,6.861645766,0.018145161,0.00672043,0.011424731,1963.464304,575,0.9999999882850177
CITY OF CHICAGO:WARD 41 PRECINCT 30,CITY OF CHICAGO:WARD 41 PRECINCT 30,CITY OF CHICAGO:Ward 41 Precinct 30,,,,,,,,,,0.816991162,0.117419842,0.013211712,0.037370594,0.012476461,2.91e-11,0.3154,0.8291,0.1709,0.8386,0.0913,0.0,0.0,0.0701,0.135765976,0.060369677,0.103575349,0.139512749,0.106488211,0.183555981,0.134493866,0.081668797,0.054569393,0.100598319,0.010798118,0.023329962,0.014563308,0.009593901,0.014405079,0.003894968,0.023235307,0.020708478,0.039596894,0.032321757,0.079360335,0.112131385,0.129859695,0.132866903,0.252735591,41030.0,-0.023287169,0.186206897,145.0,-0.74566474,346.0,0.130998703,771.0,52.3,127977,338.196079,-0.044939313,-0.953729424,-2.3005906,-0.58285015,-1.196092501,-0.970527372,-1.462105146,-0.790004389,-1.196092501,complete,CITY OF CHICAGO,Ward 41 Precinct 30,1,0,0,,0,0,0,528,352,235,141,106,71,0.63548,30.351677669813515,107,0.31662,26.103663213237805,92,0.0416,16.63761373470199,59,0.00518,9.841033197657616,35,0.00062,5.466259561189073,19,0.00026,5.1385786326985965,18,0.00024,3.096017987723132,11,CITY OF CHICAGO:WARD 41 PRECINCT 30,CITY OF CHICAGO:WARD 41 PRECINCT 30,CITY OF CHICAGO:WARD 41 PRECINCT 30,1.8,89.97440038,0.599564571,0.599564571,0.599564571,0.599564571,6.42821219,0.599564571,0.599564571,19.269339950873984,15.838489803949326,11.044984054000494,7.594144013609998,3.7935200144052033,3.8941288680073436,2.075642520508524,29.438347979664606,25.398382772263027,16.27019781396627,9.627494112099017,5.278456552884159,4.965482600042951,2.972475139199463,16.86265500753342,19.425297838441082,14.722447393217497,10.876985708839257,3.500224011840082,0.0008400780994503078,0.0016634046799904702,0.2,0.3,1.0,1.000002329,1.0,1.0,1.0,1.0,1.361497555,437.0584538,435.4863011,3.144305472,2.096203609,1.048101864,0.007194245,0.004796163,0.002398082,1895.999977,352,1.0000000000000009
CITY OF CHICAGO:WARD 41 PRECINCT 31,CITY OF CHICAGO:WARD 41 PRECINCT 31,CITY OF CHICAGO:Ward 41 Precinct 31,,,,,,,,,,0.869079097,0.086009151,0.007262446,0.0243495,0.006512171,2.2e-11,0.4514,0.9693,0.0307,0.756,0.0522,0.0,0.0096,0.1821,0.17681259,0.094356381,0.057548589,0.148205739,0.128872126,0.167779593,0.124048349,0.040125549,0.062251083,0.086971911,0.003548198,0.021057107,0.049618988,0.001831684,0.020797798,0.017332629,0.032671553,0.055321098,0.020353727,0.015945934,0.030493585,0.138909063,0.126004786,0.173430176,0.205711765,41031.0,-0.06699621,0.373134328,134.0,-0.751412429,354.0,0.138282387,687.0,51.1,126021,304.0198496,-0.231147443,0.193701023,-2.320763696,-0.559678455,-0.938433768,-0.729472143,-1.256692079,-0.594217625,-0.938433768,complete,CITY OF CHICAGO,Ward 41 Precinct 31,1,0,0,,0,0,0,522,348,232,149,112,75,0.63164,30.25681130182122,105,0.3214,26.212054301187095,91,0.04026,16.709303759364,58,0.00496,9.862992007654272,34,0.001,5.437671387001261,19,0.00036,5.119923085486679,18,0.00038,3.138515052002999,11,CITY OF CHICAGO:WARD 41 PRECINCT 31,CITY OF CHICAGO:WARD 41 PRECINCT 31,CITY OF CHICAGO:WARD 41 PRECINCT 31,1.8,88.17019562,0.921748904,0.921748904,0.921748904,0.921748904,6.299310958,0.921748904,0.921748904,19.269465422248203,15.838683162210042,11.045146997797332,7.593772963881761,3.793543265239551,3.893809930058716,2.075041943881629,29.438775794873408,25.39890613824535,16.270577251808557,9.62706425197364,5.2784531903609535,4.9651747211896655,2.9718856216679104,16.862780478907638,19.4254911967018,14.722610337014334,10.87661465911102,3.5002472626744296,0.0005211401508225033,0.001062828053095721,0.2,0.3,1.0,1.000001023,1.0,1.0,1.0,1.0,1.137157487,397.6858638,396.2566187,2.85988795,1.906591939,0.953296011,0.007191324,0.004794216,0.002397108,1634.064495,348,1.0000000000000002
CITY OF CHICAGO:WARD 46 PRECINCT 06,CITY OF CHICAGO:WARD 46 PRECINCT 06,CITY OF CHICAGO:Ward 46 Precinct 06,,,,,,,,,,0.690042503,0.101586336,0.087026634,0.113968037,0.017463241,0.001178532,0.6907,0.3612,0.6388,0.2722,0.4076,0.0,0.019,0.2592,0.06881433,0.018548338,0.288511241,0.325912828,0.09024675,0.079856303,0.056482809,0.054456205,0.017171196,0.043887851,0.015616786,0.015312962,0.044781613,0.01481192,0.005381084,0.025189854,0.041204844,0.018695073,0.05161947,0.07351721,0.233430128,0.108611949,0.074535031,0.091498781,0.141905446,46006.0,0.386278112,0.219251337,187.0,0.026578073,602.0,0.659388646,1145.0,34.6,91063,509.0772262,1.699880147,-0.750890299,0.409807967,1.098124804,0.485223437,0.614230655,0.444338899,0.769695181,0.485223437,complete,CITY OF CHICAGO,Ward 46 Precinct 06,1,0,0,,0,0,0,942,628,419,193,145,97,0.18028,20.95403254846162,132,0.35772,24.511740415086585,154,0.44622,25.81859014695025,162,0.0125,11.852953890846877,74,0.0014,5.7073839651611555,36,0.00136,4.934494626325369,31,0.00052,2.868853027080058,18,CITY OF CHICAGO:WARD 46 PRECINCT 06,CITY OF CHICAGO:WARD 46 PRECINCT 06,CITY OF CHICAGO:WARD 46 PRECINCT 06,1.2,46.06465795,9.470634427,9.470634427,9.470634427,9.470634427,3.291084958,9.470634427,3.291084958,15.895998835071854,17.94344444471362,20.03153105696439,10.41081934230235,4.5045132151926595,3.89676151331736,2.0797809574103754,20.377301843019353,23.924454751934604,25.15812981845843,11.510327234968083,5.471645898073761,4.750239546458459,2.758737877206806,13.489313891731289,21.530252479205377,23.708994396181392,13.693661037531609,4.211217212627538,0.0034727234094666694,0.005801841581841781,0.2,0.3,1.0,1.000005598,1.5,1.8,1.4,1.0,1.000004587,277.0964869,258.8359443,41.44853283,33.62258591,7.825946925,0.149581589,0.121338911,0.028242678,2505.854466,628,0.9999999427739995
CITY OF CHICAGO:WARD 46 PRECINCT 07,CITY OF CHICAGO:WARD 46 PRECINCT 07,CITY OF CHICAGO:Ward 46 Precinct 07,,,,,,,,,,0.632338287,0.100998888,0.191101781,0.066228447,0.014420394,0.00214187,0.5199,0.2377,0.7623,0.2657,0.3664,0.0106,0.0639,0.2909,0.111882121,0.051369372,0.336129152,0.265739664,0.094940551,0.0656847,0.037330558,0.023995548,0.012928333,0.023654285,0.058171727,0.019492519,0.035163438,0.044733176,0.016308329,0.032280784,0.014384653,0.053684104,0.058516185,0.067771512,0.160489296,0.060732818,0.112862019,0.118640203,0.123114952,46007.0,0.390746289,0.347985348,273.0,0.083333333,312.0,0.687055477,703.0,32.6,86814,339.6820021,1.71891536,0.039327183,0.609006163,1.186141714,0.777356685,0.888347605,0.721488397,0.879225852,0.777356685,complete,CITY OF CHICAGO,Ward 46 Precinct 07,1,0,0,,0,0,0,437,111,194,221,166,111,0.1804,20.970845238114144,23,0.36014,24.620203028116556,27,0.44334,25.760826386849722,29,0.01356,11.867094514089432,13,0.00122,5.658710656836978,6,0.00096,4.909281406159123,5,0.00038,2.9702715808171236,3,CITY OF CHICAGO:WARD 46 PRECINCT 07,CITY OF CHICAGO:WARD 46 PRECINCT 07,CITY OF CHICAGO:WARD 46 PRECINCT 07,1.2,33.79761846,12.2746093,12.2746093,12.2746093,12.2746093,2.414667528,12.2746093,2.414667528,15.896458854173314,17.944153359347805,20.03212846222497,10.419510340836851,4.5045984603570774,3.898045428695346,2.079542707349034,20.374909689170053,23.921207214657066,25.155039000540278,11.519262763760729,5.470778112683027,4.751332011999669,2.758308177308688,13.48977391083275,21.53096139383956,23.709591801441974,13.70235203606611,4.211302457791956,0.004756638787452729,0.005563591520500538,0.2,0.3,1.0,1.000004756,1.5,1.8,1.4,1.0,1.000004858,305.3599641,280.8026981,44.19118997,31.43056521,12.76062476,0.144718349,0.102929555,0.041788794,1983.53456,180,0.6184181131531523
CITY OF CHICAGO:WARD 46 PRECINCT 08,CITY OF CHICAGO:WARD 46 PRECINCT 08,CITY OF CHICAGO:Ward 46 Precinct 08,,,,,,,,,,0.743048896,0.107170274,0.055785781,0.077610777,0.017605012,0.000238423,0.5604,0.2597,0.7403,0.2315,0.3463,0.0108,0.0508,0.3547,0.069789026,0.029856089,0.382978701,0.260571731,0.087162317,0.095218018,0.024563422,0.045464792,0.004395903,0.006651968,0.047645076,0.015239239,0.01130874,0.0114444,0.026418273,0.014704539,0.010446804,0.041392148,0.061150513,0.089703623,0.146257235,0.147075181,0.065134938,0.149519365,0.155907958,46008.0,0.308863547,-0.02739726,146.0,-0.028169014,426.0,0.629459148,869.0,32.2,102998,406.8457225,1.370080612,-2.264911589,0.217658006,1.002909637,-0.033808094,0.081434167,-0.006563326,0.592893398,-0.033808094,complete,CITY OF CHICAGO,Ward 46 Precinct 08,1,0,0,,0,0,0,567,282,252,223,168,112,0.22414,23.165149773704247,65,0.61782,29.004313397069982,82,0.14784,20.971188490939703,59,0.00848,10.877358001082062,31,0.00062,4.439311243249063,13,0.00068,4.983722032434442,14,0.00042,2.9839515493468474,8,CITY OF CHICAGO:WARD 46 PRECINCT 08,CITY OF CHICAGO:WARD 46 PRECINCT 08,CITY OF CHICAGO:WARD 46 PRECINCT 08,1.2,68.14061249,4.498514691,4.498514691,4.498514691,4.498514691,4.868299361,4.498514691,4.498514691,16.859950037423143,20.171426907924566,15.750937866602179,9.267980024542535,3.5010457003497812,3.8955858872933766,2.0778758401269672,22.667205700000032,28.26831774211373,20.534125490622483,10.565839443934491,4.299384655222959,4.804097549368437,2.811866388857359,14.453265094082578,23.758234942416323,19.42840120581918,12.550821719771793,3.20774969778466,0.002297097385483387,0.0038967242984337533,0.2,0.3,1.0,1.000005894,1.5,1.8,1.4,1.0,1.000007251,446.1335426,413.0226808,55.35030735,36.08472958,19.26557777,0.12406668,0.080883247,0.043183433,2542.125441,326,0.8635393272009693
CITY OF CHICAGO:WARD 46 PRECINCT 10,CITY OF CHICAGO:WARD 46 PRECINCT 10,CITY OF CHICAGO:Ward 46 Precinct 10,,,,,,,,,,0.647933089,0.126523997,0.131519549,0.079232947,0.022647253,0.00055813,0.5874,0.3439,0.6561,0.3528,0.3406,0.0589,0.0266,0.1999,0.037264882,0.082508449,0.274972071,0.223395073,0.067098064,0.135496226,0.107459642,0.01769262,0.054112972,0.098941239,0.057875636,0.041680983,0.063150289,0.035967184,0.00474954,0.020685926,0.016021023,0.030350052,0.07473977,0.107078775,0.087810045,0.113713214,0.030765981,0.167940055,0.048530288,46010.0,0.367219639,0.274725275,273.0,0.199170124,482.0,0.707021792,826.0,36.3,67822,342.6538481,1.618687731,-0.410370531,1.015567244,1.249660855,0.808074276,0.868386325,0.83751046,0.842649646,0.808074276,complete,CITY OF CHICAGO,Ward 46 Precinct 10,1,0,0,,0,0,0,1251,639,556,192,144,96,0.1799,20.913387779409724,134,0.36058,24.59376614906052,157,0.44324,25.78585001004986,165,0.01392,11.834284553112075,76,0.00116,5.664351039728592,36,0.0009,4.931009846373562,32,0.0003,2.8738432960286513,18,CITY OF CHICAGO:WARD 46 PRECINCT 10,CITY OF CHICAGO:WARD 46 PRECINCT 10,CITY OF CHICAGO:WARD 46 PRECINCT 10,1.2,32.61595995,12.54471039,12.54471039,12.54471039,12.54471039,2.330244053,12.54471039,2.330244053,15.896333542699024,17.943960247501636,20.031965726082674,10.414649195720614,4.504575239153446,3.8970870517746827,2.0791204384114716,20.376461522407936,23.923337784052855,25.157025511327575,11.514281459118623,5.4712534032451625,4.750482508337611,2.7579947816297317,13.489648599358459,21.530768281993392,23.709429065299677,13.697490890949874,4.211279236588325,0.003798261866789128,0.005141322582938346,0.2,0.3,1.0,1.000029977,1.5,1.8,1.4,1.0,1.000043985,793.8549282,718.8327554,147.8907302,121.3289131,26.56181704,0.186294403,0.15283512,0.033459283,3007.247694,730,0.8758986274282541
CITY OF CHICAGO:WARD 46 PRECINCT 12,CITY OF CHICAGO:WARD 46 PRECINCT 12,CITY OF CHICAGO:Ward 46 Precinct 12,,,,,,,,,,0.67666562,0.092284982,0.093873627,0.127715221,0.015256825,0.000306031,0.6155,0.4482,0.5518,0.3478,0.39,0.0098,0.0378,0.2022,0.034863091,0.020748937,0.322820279,0.240279226,0.088462855,0.094516009,0.078595467,0.092801084,0.02691305,0.024008738,0.011576043,0.048381134,0.000982866,0.038284845,0.00900891,0.042210703,0.017519468,0.019438734,0.05280348,0.151292947,0.236580968,0.106164262,0.045169681,0.105384287,0.091192935,46012.0,0.343840707,0.507692308,260.0,-0.095320624,577.0,0.620658949,1123.0,35.5,83928,473.1178891,1.519089408,1.019668204,-0.01802904,0.974913431,0.720198656,0.873910501,0.541810748,0.624150933,0.720198656,complete,CITY OF CHICAGO,Ward 46 Precinct 12,1,0,0,,0,0,0,1191,794,529,167,126,84,0.18002,20.95069678201132,166,0.35698,24.598081846885396,195,0.44674,25.8399575990367,205,0.01368,11.834717426470098,94,0.0011,5.58013974238228,44,0.0012,4.897171798092916,39,0.00028,2.8346546122763883,23,CITY OF CHICAGO:WARD 46 PRECINCT 12,CITY OF CHICAGO:WARD 46 PRECINCT 12,CITY OF CHICAGO:WARD 46 PRECINCT 12,1.2,36.06176078,11.75707626,11.75707626,11.75707626,11.75707626,2.576428953,11.75707626,2.576428953,15.895866367088127,17.94324030429439,20.031359026998487,10.411256273135102,4.504488667831437,3.897109265714436,2.0804238522420064,20.376929442955493,23.923921090946727,25.15767052454441,11.510757200249337,5.471614121140333,4.75057555855014,2.7593690317330424,13.489181423747562,21.53004833878615,23.70882236621549,13.69409796836436,4.211192665266315,0.0038204758065426593,0.006444736413473146,0.2,0.3,1.0,1.000010459,1.5,1.8,1.4,1.0,1.000006884,63.01027362,58.83135383,10.64318539,8.488430096,2.154755295,0.168911906,0.134715017,0.034196888,1968.078649,794,0.999999986276902
CITY OF CHICAGO:WARD 46 PRECINCT 15,CITY OF CHICAGO:WARD 46 PRECINCT 15,CITY OF CHICAGO:Ward 46 Precinct 15,,,,,,,,,,0.550124727,0.114859623,0.202861722,0.123409837,0.019608676,0.001451408,0.6861,0.4693,0.5307,0.2971,0.3984,0.0274,0.0516,0.2104,0.036306473,0.019621372,0.173705247,0.248680654,0.1840235,0.112457798,0.10652082,0.063540007,0.055144129,0.038368983,0.044867524,0.004884149,0.008769139,0.063139656,0.064090116,0.040720608,0.035049917,0.046492066,0.136890547,0.046580155,0.102117787,0.075357415,0.06014332,0.071478793,0.161049826,46015.0,0.110103315,0.258215962,213.0,-0.112135177,651.0,0.602982293,1073.0,42.3,65387,464.7967202,0.523327391,-0.511710865,-0.077044339,0.918678416,0.153275478,0.213312651,0.09520408,1.116955411,0.153275478,complete,CITY OF CHICAGO,Ward 46 Precinct 15,1,0,0,,0,0,0,866,577,385,163,123,82,0.23616,23.511669309606827,136,0.62618,29.161290329323407,168,0.127,20.387861624059294,118,0.00876,11.132525250389042,64,0.00056,4.35973629511508,25,0.00092,4.965159043962773,29,0.00042,2.9558233575255515,17,CITY OF CHICAGO:WARD 46 PRECINCT 15,CITY OF CHICAGO:WARD 46 PRECINCT 15,CITY OF CHICAGO:WARD 46 PRECINCT 15,1.2,60.59049084,6.150349167,6.150349167,6.150349167,6.150349167,4.328881662,6.150349167,4.328881662,16.85950871728552,20.061437127652724,15.168581277042442,9.447284393154959,3.4311678300772948,3.8991660681555236,2.0819560172836695,22.85833384986703,28.38565262379531,19.934878118562324,10.888568530312043,4.237221997991802,4.8189565069037545,2.827225342687232,14.452823773944955,23.64824516214448,18.846044616259444,12.730126088384218,3.1378718275121735,0.005877278247630012,0.007976901455135991,0.2,0.3,1.0,1.000018149,1.5,1.8,1.4,1.0,1.000010199,142.531368,132.2340533,21.54226663,17.06314153,4.479125095,0.151140531,0.119714992,0.031425539,1968.559374,577,0.9999999928564826
CITY OF CHICAGO:WARD 46 PRECINCT 17,CITY OF CHICAGO:WARD 46 PRECINCT 17,CITY OF CHICAGO:Ward 46 Precinct 17,,,,,,,,,,0.479117422,0.126209537,0.314079612,0.067967876,0.025539095,0.002041643,0.5198,0.3573,0.6427,0.341,0.3319,0.0728,0.0161,0.2174,0.068732423,0.098342759,0.164950359,0.261194695,0.140467018,0.146607505,0.095579882,0.012979992,0.011145367,0.056427606,0.042974122,0.035592797,0.009140064,0.047312849,0.055448619,0.022270828,0.012686207,0.026911628,0.078689912,0.105656219,0.144640936,0.058777904,0.063999432,0.109260201,0.130210677,46017.0,0.034848521,0.420408163,245.0,0.302158273,556.0,0.757635468,1015.0,38.3,76191,404.7654303,0.202728856,0.483885494,1.377032481,1.410678912,0.986011798,0.868581436,1.087702007,1.235392676,0.986011798,complete,CITY OF CHICAGO,Ward 46 Precinct 17,1,0,0,,0,0,0,797,531,354,142,107,71,0.18242,21.003543982607813,112,0.36592,24.649701465470574,131,0.4357,25.691446738973333,136,0.01288,11.901920227419668,63,0.0012,5.618653364369175,30,0.00136,4.912737521305097,26,0.00052,2.9271604517324823,16,CITY OF CHICAGO:WARD 46 PRECINCT 17,CITY OF CHICAGO:WARD 46 PRECINCT 17,CITY OF CHICAGO:WARD 46 PRECINCT 17,1.2,26.30643866,13.9869279,13.9869279,13.9869279,13.9869279,1.879460924,13.9869279,1.879460924,15.896442093020454,17.917315720758236,19.889405089999308,10.470505155956896,4.487475558680463,3.9004690979399617,2.08152881871838,20.41317557396971,23.937883804761626,25.018938906411595,11.604068772686615,5.457894649798291,4.756168327528955,2.7627069349627043,13.489757149679889,21.504123755249992,23.56686842921631,13.753346851186155,4.194179556115341,0.007180308032068058,0.007549702889846506,0.2,0.3,1.0,1.000051305,1.5,1.8,1.4,1.0,1.000054762,402.3038733,366.150597,74.2742258,60.17509184,14.09913396,0.184622199,0.149576218,0.035045981,2292.383753,531,0.9999999999999999
CITY OF CHICAGO:WARD 46 PRECINCT 18,CITY OF CHICAGO:WARD 46 PRECINCT 18,CITY OF CHICAGO:Ward 46 Precinct 18,,,,,,,,,,0.508288128,0.120245423,0.260239878,0.099727636,0.019801413,0.001666676,0.5312,0.3856,0.6144,0.4612,0.2867,0.0452,0.0197,0.1812,0.081061317,0.05886911,0.283013745,0.219709575,0.10419457,0.147288282,0.069921681,0.025523016,0.010418705,0.084202037,0.054545145,0.049896944,0.059501507,0.017568273,0.024252306,0.013199888,0.025577479,0.050608214,0.066037643,0.082053652,0.114234048,0.064644783,0.019160114,0.139870494,0.134647473,46018.0,0.162579539,0.172093023,215.0,0.150793651,504.0,0.740659341,910.0,35.8,69983,379.8019236,0.746885249,-1.040365659,0.845776705,1.356672501,0.487131345,0.477242199,0.560838246,0.946179384,0.487131345,complete,CITY OF CHICAGO,Ward 46 Precinct 18,1,0,0,,0,0,0,822,548,365,135,102,68,0.17864,20.93610240059365,115,0.35698,24.612473662810906,135,0.44744,25.88511395923349,142,0.01456,11.87443357002664,65,0.00106,5.598606327359034,31,0.00104,4.901657946658964,27,0.00028,2.894443814835912,16,CITY OF CHICAGO:WARD 46 PRECINCT 18,CITY OF CHICAGO:WARD 46 PRECINCT 18,CITY OF CHICAGO:WARD 46 PRECINCT 18,1.2,45.98038054,9.489898385,9.489898385,9.489898385,9.489898385,3.285063768,9.489898385,3.285063768,15.896136055698852,17.94365590921647,20.0317092589655,10.424763162660259,4.504538643256132,3.899915025966418,2.0819275132691084,20.372490577527635,23.917814581489836,25.151997771040456,11.52458779753528,5.470299379939993,4.753077744314136,2.7605691182721577,13.489451112358287,21.530463943708227,23.7091725981825,13.707604857889518,4.211242640691011,0.006626236058524438,0.007948397440574828,0.2,0.3,1.0,1.000103063,1.5,1.8,1.4,1.0,1.000098458,373.0660171,340.4490029,68.54861399,55.16324879,13.38536521,0.183743924,0.147864577,0.035879347,2829.196014,548,1.0
CITY OF CHICAGO:WARD 46 PRECINCT 21,CITY OF CHICAGO:WARD 46 PRECINCT 21,CITY OF CHICAGO:Ward 46 Precinct 21,,,,,,,,,,0.551242916,0.124926697,0.21057751,0.10929724,0.017769401,0.005277823,0.3758,0.3525,0.6475,0.3068,0.3683,0.0161,0.0245,0.2802,0.049188688,0.015353048,0.114000021,0.146829769,0.13353189,0.195836847,0.10067425,0.113136668,0.131448821,0.036856648,0.167487173,0.095659015,0.060016261,0.067480422,0.009118268,0.023656504,1.98e-09,0.002981306,0.046709332,0.118328286,0.180506432,0.015780451,0.064928442,0.068101529,0.042389928,46021.0,0.058716841,0.247311828,93.0,0.027777778,288.0,0.684647303,482.0,53.3,57867,214.5672839,0.304412058,-0.578644516,0.414018662,1.178480554,0.34052735,0.329566689,0.357417744,0.570710397,0.34052735,complete,CITY OF CHICAGO,Ward 46 Precinct 21,1,0,0,,0,0,0,504,336,224,129,97,65,0.21918,21.575356844143855,72,0.40876,24.90499664802759,84,0.346,23.950580035486695,80,0.02256,12.945102787273582,43,0.0013,5.500248779826706,18,0.00178,4.8683357107857494,16,0.00042,2.905574945691413,10,CITY OF CHICAGO:WARD 46 PRECINCT 21,CITY OF CHICAGO:WARD 46 PRECINCT 21,CITY OF CHICAGO:WARD 46 PRECINCT 21,1.2,52.49142578,8.001616941,8.001616941,8.001616941,8.001616941,3.750244755,8.001616941,3.750244755,15.896043842912077,17.572273375624256,18.055721125440662,10.991039090106181,4.2674782303828565,3.899096413581553,2.0815260313765322,20.967555877864093,24.22577962473691,23.29166036560666,12.577520832239458,5.300883919908906,4.789763922656577,2.797672427106887,13.489358899571512,21.159081410116013,21.733184464657665,14.27388078533544,3.9741822278177352,0.005807623673659595,0.007546915547998661,0.2,0.3,1.0,1.000139496,1.5,1.8,1.4,1.0,1.000052343,114.1151468,107.5335277,15.89714101,13.87202722,2.025113798,0.139307896,0.121561665,0.017746231,2187.745744,336,0.9999999999999997
CITY OF CHICAGO:WARD 47 PRECINCT 02,CITY OF CHICAGO:WARD 47 PRECINCT 02,CITY OF CHICAGO:Ward 47 Precinct 02,,,,,,,,,,0.725247432,0.140075561,0.039855005,0.076813078,0.022298013,0.001201421,0.6426,0.3037,0.6963,0.4013,0.2931,0.0076,0.0016,0.2662,0.077051974,0.038046617,0.183745784,0.385129285,0.108009756,0.099188681,0.061530717,0.039489788,0.007807398,0.050011073,0.008275425,0.001420132,0.002021842,0.017426364,0.016185879,0.018087778,0.042316628,0.006396735,0.12258447,0.1341636,0.117151201,0.109067242,0.080478247,0.127678239,0.146735145,47002.0,0.228419931,0.455445545,202.0,0.142118863,387.0,0.671428571,700.0,36.0,92309,315.6100492,1.027376791,0.698958042,0.815330151,1.136427601,0.898318482,0.919523146,0.877479883,0.455765884,0.898318482,complete,CITY OF CHICAGO,Ward 47 Precinct 02,1,0,0,,0,0,0,653,24,290,186,140,93,0.17964,20.950556190136265,5,0.35942,24.57347836742533,6,0.4454,25.833395664025254,6,0.0129,11.84485607677991,3,0.00116,5.68073957564163,1,0.00114,4.956566157037845,1,0.00034,2.855399427978136,1,CITY OF CHICAGO:WARD 47 PRECINCT 02,CITY OF CHICAGO:WARD 47 PRECINCT 02,CITY OF CHICAGO:WARD 47 PRECINCT 02,1.2,29.29795905,13.30313227,13.30313227,13.30313227,13.30313227,2.093189804,13.30313227,2.093189804,15.896356860577603,17.943996181629828,20.03199600791942,10.407349610643848,4.50457956014009,3.895262997362326,2.07759623517473,20.379134752919825,23.92704089434374,25.160421907618392,11.506826522666142,5.471951101200017,4.7488248334518195,2.7566369579195555,13.489671917237038,21.530804216121584,23.709459347136423,13.690191305873109,4.211283557574969,0.0019742074544326265,0.0036171193461966185,0.2,0.3,1.0,1.000172928,1.5,1.8,1.4,1.0,1.000635693,348.9292569,334.6849957,25.72168578,14.63729678,11.084389,0.073716048,0.041949182,0.031766866,1740.223224,103,0.2367080415808751
CITY OF CHICAGO:WARD 47 PRECINCT 05,CITY OF CHICAGO:WARD 47 PRECINCT 05,CITY OF CHICAGO:Ward 47 Precinct 05,,,,,,,,,,0.666584681,0.120742447,0.072422322,0.129249424,0.013845971,0.002246661,0.462,0.1293,0.8707,0.3241,0.3926,0.012,0.0521,0.1787,0.073983332,0.027770731,0.175858892,0.385631755,0.132652934,0.070688495,0.065603124,0.056903911,0.010906826,0.083706657,0.094531821,0.027730268,0.037874067,0.021677437,0.021679996,1.32e-09,0.066849329,0.012613283,0.023465916,0.113380886,0.204592102,0.077865118,0.089756573,0.038591703,0.085684844,47005.0,0.104371751,0.31884058,276.0,0.359605911,609.0,0.78388998,1018.0,36.3,74536,397.9301844,0.49890993,-0.139574298,1.578660768,1.49420279,0.966024881,0.858049797,1.110147075,0.563578495,0.966024881,complete,CITY OF CHICAGO,Ward 47 Precinct 05,1,0,0,,0,0,0,1019,679,453,196,147,98,0.17996,20.946717580333083,142,0.35352,24.556498165103193,167,0.4504,25.85143379527072,176,0.01308,11.823738432287653,80,0.00132,5.672777988884416,39,0.00146,4.927573349220331,33,0.00026,2.8787273482760916,20,CITY OF CHICAGO:WARD 47 PRECINCT 05,CITY OF CHICAGO:WARD 47 PRECINCT 05,CITY OF CHICAGO:WARD 47 PRECINCT 05,1.2,26.96748133,13.83582811,13.83582811,13.83582811,13.83582811,1.926689053,13.83582811,1.926689053,15.895851583494771,17.943217521967224,20.031339828238234,10.409531255421857,4.504485928315094,3.896715148207616,2.0801490707769443,20.37752828336437,23.924747885077593,25.158433515973734,11.508992938652495,5.471780568414473,4.750220484706085,2.759133293930745,13.489166640154206,21.53002555645898,23.708803167455237,13.692372950651116,4.211189925749973,0.0034263582997225133,0.006169954948410825,0.2,0.3,1.0,1.000277738,1.5,1.8,1.4,1.0,1.000264393,593.114351,515.8859215,148.8964127,106.8841471,42.01226559,0.251041663,0.180208331,0.070833332,2842.392935,679,0.9999999972636666
CITY OF CHICAGO:WARD 47 PRECINCT 06,CITY OF CHICAGO:WARD 47 PRECINCT 06,CITY OF CHICAGO:Ward 47 Precinct 06,,,,,,,,,,0.642621722,0.120080663,0.070356097,0.141371992,0.018356167,0.003918421,0.6466,0.2884,0.7116,0.3761,0.3768,0.0089,0.0103,0.2107,0.105751045,0.01495132,0.179767825,0.297357314,0.202521378,0.100568816,0.046770069,0.035429207,0.016883024,0.074100489,0.049507736,0.004266212,0.037535648,0.026467839,0.008786073,1.17e-09,0.056950218,0.021217876,0.043495015,0.124466374,0.234555592,0.055254556,0.098364081,0.070950102,0.094082189,47006.0,0.183342881,0.210084034,238.0,0.382524272,515.0,0.789221557,835.0,37.8,80671,368.8060932,0.835340704,-0.807162632,1.65909906,1.511164217,0.881986173,0.799610337,1.053883917,0.580976123,0.881986173,complete,CITY OF CHICAGO,Ward 47 Precinct 06,1,0,0,,0,0,0,735,490,327,207,156,104,0.17934,20.966445376591277,103,0.36148,24.589995455960754,120,0.44262,25.80050238880186,126,0.01384,11.893749446915264,58,0.00104,5.686820887728461,28,0.00118,4.8949885024357735,24,0.0005,2.856618515110424,14,CITY OF CHICAGO:WARD 47 PRECINCT 06,CITY OF CHICAGO:WARD 47 PRECINCT 06,CITY OF CHICAGO:WARD 47 PRECINCT 06,1.2,29.88086603,13.16989258,13.16989258,13.16989258,13.16989258,2.134835536,13.16989258,2.134835536,15.895734770324845,17.92653793186753,19.943371755952544,10.434616935714828,4.4939290230201285,3.896863874775679,2.080589577779579,20.403170041678074,23.93790291057352,25.077395726895944,11.55470377149823,5.464469242888044,4.751995343463229,2.7611999331224606,13.48904982698428,21.513345966359285,23.620835095169546,13.717458630944087,4.200633020455007,0.0035750848677856906,0.006610461951045569,0.2,0.3,1.0,1.000407642,1.5,1.8,1.4,1.0,1.000248681,286.60711,249.2884764,71.95032605,51.64898939,20.30133666,0.251041665,0.180208333,0.070833332,1705.935597,490,1.0000000000000007
CITY OF CHICAGO:WARD 48 PRECINCT 02,CITY OF CHICAGO:WARD 48 PRECINCT 02,CITY OF CHICAGO:Ward 48 Precinct 02,,,,,,,,,,0.524633749,0.079893467,0.126497984,0.247669728,0.01731025,2.37e-10,0.2801,0.4145,0.5855,0.2604,0.3507,0.005,0.188,0.1846,0.027855147,0.380222773,0.263231156,0.073816148,0.040389971,0.044568244,0.05013927,0.079387177,0.040389964,0.128440347,0.041284401,0.032110095,0.036697246,0.036697243,0.013761466,0.027522932,0.013761466,0.091743099,0.059633021,0.14678897,0.12385319,0.07339448,0.027522935,0.082568791,0.064220171,48002.0,0.493100537,0.563636364,110.0,-0.011363636,176.0,0.734265734,286.0,28.8,61875,124.520349,2.15496229,1.363073733,0.276641103,1.336332422,1.094920268,1.282752387,0.893698011,0.882590481,1.094920268,complete,CITY OF CHICAGO,Ward 48 Precinct 02,1,0,0,,0,0,0,309,206,137,98,74,49,0.08858,18.192831172776643,37,0.13906,20.23470527109519,42,0.75898,29.96831219011312,62,0.0054,10.306648888503284,21,0.00594,10.436224932523116,21,0.00164,5.0169810518832625,10,0.0004,3.0127236774827484,6,CITY OF CHICAGO:WARD 48 PRECINCT 02,CITY OF CHICAGO:WARD 48 PRECINCT 02,CITY OF CHICAGO:WARD 48 PRECINCT 02,1.2,22.92303626,14.76029912,14.76029912,14.76029912,14.76029912,1.637734072,14.76029912,1.637734072,14.689016131254105,13.927157446989511,22.005726317418404,8.70195057532042,7.6133569802086685,3.899615145415014,2.0856105465457357,17.622765665509142,19.607871947059422,29.067535024825478,9.905591360622257,10.10523331737992,4.815182683468604,2.826656971254657,12.28233118791354,17.513965481481268,25.683189656635406,11.98479227054968,7.320060977643547,0.006326355507120634,0.011631430717202362,0.2,0.3,1.0,1.014378169,1.5,1.8,1.4,1.0,1.000331602,38.6774361,36.63060277,4.275354298,3.114135969,1.16121833,0.110538721,0.080515574,0.030023146,362.9227151,206,0.9999998504760115
CITY OF CHICAGO:WARD 48 PRECINCT 03,CITY OF CHICAGO:WARD 48 PRECINCT 03,CITY OF CHICAGO:Ward 48 Precinct 03,,,,,,,,,,0.472845026,0.143584212,0.212578016,0.166577827,0.015423083,0.00306252,0.4876,0.1557,0.8443,0.387,0.3679,0.0056,0.06,0.1557,0.070592077,0.042168997,0.279813701,0.238590443,0.09527809,0.102409078,0.096212696,0.054310599,0.020624317,0.077034966,0.08215671,0.038228751,0.042918696,0.026256827,0.03798784,0.079290192,0.039578673,0.049169828,0.077564296,0.135312442,0.141097268,0.045955999,0.032904665,0.047497283,0.047045563,48003.0,0.23483683,0.079812207,213.0,0.113043478,230.0,0.795652174,460.0,36.0,53530,211.2982532,1.054713899,-1.606819804,0.713282089,1.531622036,0.389056374,0.423199555,0.447072881,0.969638958,0.389056374,complete,CITY OF CHICAGO,Ward 48 Precinct 03,1,0,0,,0,0,0,483,322,215,184,138,92,0.17816,20.966645237496667,68,0.3606,24.59080497842,79,0.4452,25.83113285892653,83,0.01288,11.837553219855748,38,0.0013,5.678860375664326,18,0.00144,4.915833639272933,16,0.00042,2.8432860842320173,9,CITY OF CHICAGO:WARD 48 PRECINCT 03,CITY OF CHICAGO:WARD 48 PRECINCT 03,CITY OF CHICAGO:WARD 48 PRECINCT 03,1.2,50.33519327,8.494484172,8.494484172,8.494484172,8.494484172,3.596192935,8.494484172,3.596192935,15.895491886681137,17.94266320947402,20.030872706833936,10.420423865064237,4.504419273661143,3.900028410893848,2.0837909762936313,20.3730131634357,23.91844917292478,25.15273121248928,11.520075765601433,5.470764068179807,4.753281067716686,2.7625225197718013,13.488806943340572,21.529471243965776,23.70833604605094,13.703265560293495,4.211123271096022,0.006739620985954493,0.009811860465097666,0.2,0.3,1.0,1.002170401,1.5,1.8,1.4,1.0,1.000319608,201.9950768,190.8006232,27.57192157,21.92610904,5.645812536,0.136497988,0.10854774,0.027950248,1484.467619,322,1.0000000000000004
CITY OF CHICAGO:WARD 48 PRECINCT 04,CITY OF CHICAGO:WARD 48 PRECINCT 04,CITY OF CHICAGO:Ward 48 Precinct 04,,,,,,,,,,0.556649334,0.155132126,0.156714512,0.132713924,0.019999688,0.002543108,0.4594,0.3271,0.6729,0.3344,0.4775,0.0303,0.0308,0.1046,0.035965887,0.0567077,0.090777311,0.183302396,0.087189768,0.178071144,0.161717873,0.069022453,0.137245467,0.115918026,0.085547335,0.077379532,0.076529098,0.041328327,0.019259023,0.046599993,0.041027131,0.023697961,0.021584116,0.125375144,0.099488382,0.110428306,0.05915768,0.011213874,0.045466072,48004.0,0.356888962,0.3203125,256.0,0.126934985,323.0,0.811394892,509.0,54.4,44563,230.9124371,1.574677247,-0.130539103,0.762038154,1.581704584,0.865706311,0.946970221,0.828719898,0.643815448,0.865706311,complete,CITY OF CHICAGO,Ward 48 Precinct 04,1,0,0,,0,0,0,533,355,237,166,125,83,0.21908,21.547276000248733,76,0.4095,24.892626754254728,88,0.34632,23.947502809805076,85,0.02154,12.916814315825365,46,0.00164,5.454753503350504,19,0.00154,5.002445295754605,18,0.00038,2.926631431924334,10,CITY OF CHICAGO:WARD 48 PRECINCT 04,CITY OF CHICAGO:WARD 48 PRECINCT 04,CITY OF CHICAGO:WARD 48 PRECINCT 04,1.2,30.46976045,13.03528429,13.03528429,13.03528429,13.03528429,2.17690904,13.03528429,2.17690904,15.895818199542854,17.57192564683204,18.055428092965787,10.986551458638498,4.267436416888486,3.8984118185615513,2.081599012650185,20.96887282508186,24.22753253104142,23.29318810941023,12.57287800006338,5.301333605396645,4.789182909190985,2.797848989934951,13.489133256202289,21.158733681323795,21.73289143218279,14.269393153867757,3.974140414323365,0.005123028653657989,0.007619896821651737,0.2,0.3,1.0,1.000305154,1.5,1.8,1.4,1.0,1.000094105,112.9759985,105.7849381,17.82221652,14.6507681,3.171448424,0.157752237,0.129680359,0.028071878,1414.391135,355,1.0
CITY OF CHICAGO:WARD 48 PRECINCT 05,CITY OF CHICAGO:WARD 48 PRECINCT 05,CITY OF CHICAGO:Ward 48 Precinct 05,,,,,,,,,,0.826168164,0.03738319,0.042990675,0.085981335,0.007476638,6.23e-10,0.6751,0.119,0.881,0.4133,0.3761,0.0139,0.0268,0.17,0.010327025,0.041308087,0.15662651,0.125645459,0.053356298,0.172117038,0.158347665,0.166953513,0.115318405,0.051391876,0.049250535,0.044967875,0.034261244,0.017130623,0.072805132,0.036402571,0.143468925,0.094218406,0.066381154,0.132762307,0.115631699,0.021413295,0.012847974,0.036402569,0.070663815,48005.0,0.266367925,0.516908213,207.0,-0.125506073,247.0,0.621621622,296.0,57.0,47670,117.9822877,1.189041857,1.076238874,-0.123973176,0.977975997,0.648519385,0.779820888,0.467760572,0.179763771,0.648519385,complete,CITY OF CHICAGO,Ward 48 Precinct 05,1,0,0,,0,0,0,338,225,150,85,64,43,0.23278,21.95773361189623,49,0.4212,25.21638276462471,57,0.32444,23.69317388720337,53,0.01852,12.439397741814334,28,0.00136,5.444616758299424,12,0.00118,4.942462404616524,11,0.00052,2.95334409729789,7,CITY OF CHICAGO:WARD 48 PRECINCT 05,CITY OF CHICAGO:WARD 48 PRECINCT 05,CITY OF CHICAGO:WARD 48 PRECINCT 05,1.2,39.0098614,11.08320543,11.08320543,11.08320543,11.08320543,2.787055713,11.08320543,2.787055713,16.092790802151875,17.699902040562307,17.813725456263036,10.591363138863358,4.208593463759959,3.8954670386314696,2.0780026767067055,21.353774450569205,24.539575477172605,23.086138317962146,12.134415223149018,5.244075985416332,4.792421495559817,2.800436020290384,13.686105858811308,21.286710075054064,21.49118879548004,13.874204834092616,3.9152974611948372,0.0021782487235762504,0.004023560878172203,0.2,0.3,1.0,1.001712776,1.5,1.8,1.4,1.0,1.000201894,83.33127375,76.58348709,12.29029556,9.502725114,2.787570446,0.147487192,0.11403552,0.033451672,617.168627,225,0.9999999999999997
CITY OF CHICAGO:WARD 48 PRECINCT 06,CITY OF CHICAGO:WARD 48 PRECINCT 06,CITY OF CHICAGO:Ward 48 Precinct 06,,,,,,,,,,0.48691272,0.131148339,0.230130061,0.144306018,0.017406268,0.003391467,0.4347,0.2359,0.7641,0.3227,0.4363,0.0113,0.0416,0.1848,0.061343306,0.038226563,0.258019268,0.215424239,0.121873708,0.146088235,0.093284406,0.050248448,0.015491825,0.071816297,0.050090693,0.034061304,0.04418292,0.058374365,0.044880919,0.054039836,0.018820079,0.027666993,0.064633496,0.101343013,0.169265651,0.075631439,0.058428719,0.049238559,0.077525717,48006.0,-0.026372211,0.155963303,218.0,0.225,400.0,0.795163585,703.0,37.9,64652,293.3212039,-0.058082129,-1.13937591,1.106224298,1.530067681,0.476139128,0.359708485,0.62544229,0.873772313,0.476139128,complete,CITY OF CHICAGO,Ward 48 Precinct 06,1,0,0,,0,0,0,828,552,368,177,133,89,0.18116,21.032956711797873,116,0.36534,24.68192399486547,136,0.43868,25.721497079130245,142,0.01178,11.82331298971725,65,0.0015,5.645862089599935,31,0.00116,4.943435290689828,27,0.00038,2.9351779648169414,16,CITY OF CHICAGO:WARD 48 PRECINCT 06,CITY OF CHICAGO:WARD 48 PRECINCT 06,CITY OF CHICAGO:WARD 48 PRECINCT 06,1.2,46.46630354,9.378827096,9.378827096,9.378827096,9.378827096,3.319780489,9.378827096,3.319780489,15.895706498024975,17.92443191587898,19.93235799347928,10.45051900678591,4.4926068765784155,3.900023238823523,2.0831962417023315,20.401739243593894,23.933130552070516,25.061380292380672,11.573468213131349,5.462332673348508,4.755067053030208,2.7637189425643482,13.48902155468441,21.511239950370737,23.60982133269628,13.73336070201517,4.199310874013294,0.006734448915629858,0.009217125873797971,0.2,0.3,1.0,1.001444699,1.5,1.8,1.4,1.0,1.00028682,332.6062305,297.3281899,69.619947,51.727372,17.892575,0.209316425,0.155521356,0.053795069,2372.686339,552,0.9999999999999999
CITY OF CHICAGO:WARD 48 PRECINCT 09,CITY OF CHICAGO:WARD 48 PRECINCT 09,CITY OF CHICAGO:Ward 48 Precinct 09,,,,,,,,,,0.53352715,0.096929771,0.098501618,0.258618198,0.010510748,0.000926944,0.5731,0.6432,0.3568,0.4014,0.3632,0.0202,0.0426,0.1614,0.064279328,0.086804877,0.113462404,0.182464974,0.124772247,0.108961881,0.127327898,0.140724974,0.051201418,0.15533084,0.038073441,0.074504147,0.015157444,0.011941062,0.064053939,0.02106601,0.026532646,0.036596299,0.019064144,0.061955564,0.097143806,0.07388239,0.084636884,0.10085749,0.119203894,48009.0,-0.068026353,0.238709677,155.0,-0.022988506,174.0,0.526479751,321.0,48.6,69123,136.7049177,-0.235536032,-0.631447735,0.235840424,0.675299717,0.058176739,0.011039094,0.103137005,0.589081824,0.058176739,complete,CITY OF CHICAGO,Ward 48 Precinct 09,1,0,0,,0,0,0,231,154,103,102,77,51,0.25484,23.942862976134826,37,0.64408,29.484091206115547,45,0.08754,18.894387750943242,29,0.0117,11.897039015509556,18,0.00062,4.184262436451719,6,0.00068,5.040381827245068,8,0.00054,2.976586807837636,5,CITY OF CHICAGO:WARD 48 PRECINCT 09,CITY OF CHICAGO:WARD 48 PRECINCT 09,CITY OF CHICAGO:WARD 48 PRECINCT 09,1.2,64.43695401,5.271132461,5.271132461,5.271132461,5.271132461,4.603691844,5.271132461,4.603691844,16.858205848351425,19.797498588385643,13.772804388851753,9.840263004197457,3.2636791632534528,3.8992402496215486,2.085600794452541,23.34394970888343,28.695324096683294,18.477517227418222,11.639936384594389,4.086856225437569,4.847706947808134,2.859546379294458,14.451520905010861,23.3843066228774,17.450267728068756,13.123104699426715,2.9703831606883315,0.0059514597136551125,0.01162167862400739,0.2,0.3,1.0,1.00088031,1.5,1.8,1.4,1.0,1.000159361,200.448039,192.9017599,27.3552618,23.11047979,4.244782007,0.136470588,0.115294118,0.021176471,922.9999896,154,1.0000000000000002
CITY OF CHICAGO:WARD 48 PRECINCT 10,CITY OF CHICAGO:WARD 48 PRECINCT 10,CITY OF CHICAGO:Ward 48 Precinct 10,,,,,,,,,,0.767646283,0.094493758,0.03231995,0.08582097,0.018741121,0.000455716,0.6153,0.4337,0.5663,0.3229,0.294,0.0228,0.0,0.342,0.133701156,0.039997976,0.171083875,0.176384069,0.196310461,0.101713211,0.133509264,0.029014988,0.018285001,0.009078375,0.005447024,0.011551458,0.062460828,2.35e-09,0.037239355,0.021347492,0.034351494,0.007625834,0.081681158,0.10942736,0.146017917,0.086782263,0.06356745,0.075170555,0.248251434,48010.0,0.035760997,0.438016529,363.0,0.234714004,507.0,0.723378213,817.0,42.8,95509,309.6663571,0.206616163,0.591972227,1.140318267,1.301695786,0.903520821,0.810150611,0.969554353,0.355689439,0.903520821,complete,CITY OF CHICAGO,Ward 48 Precinct 10,1,0,0,,0,0,0,779,519,346,192,144,96,0.1887,21.144288691965812,110,0.3778,24.716730865624193,128,0.415,25.274245003781836,131,0.0157,12.141720671857632,63,0.00112,5.573146474284724,29,0.00124,4.946581734468573,26,0.00044,2.954762456520647,15,CITY OF CHICAGO:WARD 48 PRECINCT 10,CITY OF CHICAGO:WARD 48 PRECINCT 10,CITY OF CHICAGO:WARD 48 PRECINCT 10,1.2,29.11395858,13.34519072,13.34519072,13.34519072,13.34519072,2.080043908,13.34519072,2.080043908,15.896270060452508,17.824240501988335,19.395214584086585,10.590445059820542,4.428182848410706,3.8952565909586134,2.077829974859237,20.567210160348452,24.02427058480783,24.570001399137617,11.84160638868163,5.418342089820624,4.760677038383698,2.768729308939653,13.489585117111943,21.41104853648009,23.072677923303587,13.8732867550498,4.1348868458455845,0.0019678010507200006,0.003850859030703252,0.2,0.3,1.0,1.000932833,1.5,1.8,1.4,1.0,1.000613243,259.4616441,228.629344,62.97105354,47.81619404,15.1548595,0.242698892,0.184290029,0.058408863,1102.502713,519,1.0
CITY OF CHICAGO:WARD 48 PRECINCT 11,CITY OF CHICAGO:WARD 48 PRECINCT 11,CITY OF CHICAGO:Ward 48 Precinct 11,,,,,,,,,,0.730795001,0.071363727,0.058764671,0.114495094,0.011982851,0.000369325,0.6107,0.3958,0.6042,0.3593,0.3075,0.0184,0.0,0.2986,0.115633768,0.038859447,0.138920995,0.201894422,0.188587147,0.109403661,0.12869119,0.047541372,0.030467998,0.0277141,0.010580461,0.009123686,0.043485418,5.14e-10,0.047537619,0.025272809,0.049362358,0.014478525,0.079492826,0.079055334,0.150289619,0.096009914,0.054433843,0.076827869,0.236335619,48011.0,0.276451883,0.42081448,221.0,0.008695652,345.0,0.637383178,535.0,43.7,93946,210.703884,1.232001275,0.48637962,0.347044692,1.028118475,0.684890357,0.773386015,0.599622092,0.353455191,0.684890357,complete,CITY OF CHICAGO,Ward 48 Precinct 11,1,0,0,,0,0,0,597,398,265,117,88,59,0.19816,21.17379423092165,84,0.38166,24.765704105016766,99,0.4009,25.054278230623638,100,0.01636,12.23023816739155,49,0.00136,5.626570544385891,22,0.00124,4.908144840329662,20,0.00032,2.9471872934721204,12,CITY OF CHICAGO:WARD 48 PRECINCT 11,CITY OF CHICAGO:WARD 48 PRECINCT 11,CITY OF CHICAGO:WARD 48 PRECINCT 11,1.2,37.49986594,11.42835712,11.42835712,11.42835712,11.42835712,2.679174235,11.42835712,2.679174235,15.89599375634605,17.805252680793117,19.296062341830236,10.620843457419948,4.416279480826659,3.8962189704166117,2.0793606642126305,20.59552442132572,24.037863050526916,24.476175882957875,11.895985711562698,5.409770757172665,4.763448283061137,2.7720688635124864,13.489308813005485,21.392060715284874,22.97352568104724,13.903685152649206,4.1229834782615375,0.0029301805087184486,0.005381548384097045,0.2,0.3,1.0,1.001145535,1.5,1.8,1.4,1.0,1.000490008,282.6899593,249.0973962,68.60853999,52.09694111,16.51159889,0.242698892,0.18429003,0.058408862,1206.669444,398,1.0000000000000004
CITY OF CHICAGO:WARD 48 PRECINCT 15,CITY OF CHICAGO:WARD 48 PRECINCT 15,CITY OF CHICAGO:Ward 48 Precinct 15,,,,,,,,,,0.456730634,0.148611216,0.224471631,0.16575554,0.014541005,0.001873238,0.3965,0.0689,0.9311,0.2768,0.549,0.0144,0.0377,0.1222,0.072854233,0.051557373,0.282075886,0.208459624,0.093736998,0.08514885,0.113309609,0.063280915,0.029576511,0.069988267,0.10774014,0.050673452,0.028490554,0.016895869,0.04754473,0.08906755,0.044441118,0.048593649,0.081832629,0.142552495,0.120383748,0.046770601,0.027356055,0.044612287,0.033056856,48015.0,0.227813285,0.306930693,101.0,0.292775665,263.0,0.851239669,484.0,36.5,49647,215.4588377,1.024792373,-0.212681636,1.344101637,1.708463379,0.998099865,0.966168938,1.073686404,0.922503832,0.998099865,complete,CITY OF CHICAGO,Ward 48 Precinct 15,1,0,0,,0,0,0,414,276,184,180,135,90,0.17812,20.93893123579733,58,0.35836,24.58203962063691,68,0.44722,25.875649993658218,71,0.01354,11.83366110976149,33,0.0011,5.7114156355961185,16,0.00128,4.935408898183768,14,0.00038,2.892026115543899,8,CITY OF CHICAGO:WARD 48 PRECINCT 15,CITY OF CHICAGO:WARD 48 PRECINCT 15,CITY OF CHICAGO:WARD 48 PRECINCT 15,1.2,25.91265775,14.07693754,14.07693754,14.07693754,14.07693754,1.851327285,14.07693754,1.851327285,15.895499810245768,17.942675420121155,20.030882996796198,10.421380069886407,4.504420741960107,3.9002473701648763,2.0839444335463146,20.372680846830818,23.91799031823262,25.15230783072394,11.52105341921092,5.470671835628281,4.753478384728064,2.762654334764834,13.488814866905203,21.52948345461291,23.7083463360132,13.704221765115665,4.211124739394986,0.006958580256982793,0.009965317717781398,0.2,0.3,1.0,1.002997449,1.5,1.8,1.4,1.0,1.000355442,202.6057005,191.357105,27.65867643,21.99348928,5.665187154,0.136514799,0.108553161,0.027961638,1825.999982,276,1.0000000000000004
CITY OF CHICAGO:WARD 48 PRECINCT 17,CITY OF CHICAGO:WARD 48 PRECINCT 17,CITY OF CHICAGO:Ward 48 Precinct 17,,,,,,,,,,0.508076355,0.066079294,0.146842873,0.255506595,0.016152716,1.07e-11,0.5991,0.4475,0.5525,0.3177,0.3272,0.0498,0.0239,0.2561,0.031645568,0.003797471,0.069620254,0.206329106,0.132911387,0.203797461,0.137974681,0.11898734,0.094936709,0.099650347,0.02797203,0.043706293,0.066433563,0.019230769,0.047202797,0.017482517,0.034965037,0.04020979,0.083916079,0.066433569,0.096153845,0.24825173,0.026223776,0.019230769,0.062937063,48017.0,-0.002077177,0.106382979,235.0,-0.096774194,124.0,0.594059406,202.0,53.2,64342,91.53285795,0.045418949,-1.443718473,-0.023130744,0.8902919,-0.139639561,-0.132784592,-0.117708791,0.826279826,-0.139639561,complete,CITY OF CHICAGO,Ward 48 Precinct 17,1,0,0,,0,0,0,257,171,114,75,57,38,0.25422,23.886034532013106,41,0.64164,29.430409009782593,50,0.09092,18.875064971399798,32,0.01142,11.929302017675893,20,0.00066,4.2519967263395975,7,0.00074,5.030435098136726,9,0.0004,2.9517425558952506,5,CITY OF CHICAGO:WARD 48 PRECINCT 17,CITY OF CHICAGO:WARD 48 PRECINCT 17,CITY OF CHICAGO:WARD 48 PRECINCT 17,1.2,72.33180202,3.750076582,3.750076582,3.750076582,3.750076582,5.167738485,3.750076582,3.750076582,16.8582358317848,19.797544794498904,13.772843326932307,9.84414763022344,3.263684719419924,3.900133797703706,2.0862335080037875,23.342352853444254,28.693086561090702,18.476136120798,11.644112650404304,4.086562389696749,4.848503898865038,2.8600824958204516,14.451550888444235,23.38435282899066,17.45030666614931,13.126989325452698,2.970388716854803,0.006845007795812824,0.012254392175254245,0.2,0.3,1.0,1.000718135,1.5,1.8,1.4,1.0,1.000113431,420.1779119,387.4735862,71.94655692,54.97575426,16.97080266,0.171228794,0.13083923,0.040389564,1903.117043,171,0.9999999763965921
CITY OF CHICAGO:WARD 48 PRECINCT 19,CITY OF CHICAGO:WARD 48 PRECINCT 19,CITY OF CHICAGO:Ward 48 Precinct 19,,,,,,,,,,0.677890309,0.102792363,0.08163469,0.12364466,0.013580273,0.002136198,0.6107,0.3957,0.6043,0.3592,0.3076,0.0184,0.0,0.2986,0.104937485,0.031902893,0.161218637,0.21803211,0.178938357,0.105641993,0.120127331,0.046036868,0.033164327,0.023173848,0.016028554,0.008832514,0.052168379,1.31e-09,0.037877787,0.033297141,0.040821959,0.021933805,0.081298222,0.073241667,0.162098533,0.098566817,0.046280041,0.063978895,0.240401836,48019.0,0.400322085,0.293532338,201.0,-0.030769231,260.0,0.503957784,379.0,42.5,92170,153.9416247,1.759709919,-0.294925748,0.20853183,0.603650241,0.414123752,0.569241561,0.341981805,0.481789552,0.414123752,complete,CITY OF CHICAGO,Ward 48 Precinct 19,1,0,0,,0,0,0,513,342,228,81,61,41,0.18954,21.11336648480067,72,0.37652,24.712240250545182,85,0.41566,25.2443451580602,86,0.01544,12.20827351464859,42,0.00126,5.618352219521773,19,0.00134,4.986706583913126,17,0.00024,2.869333487512163,10,CITY OF CHICAGO:WARD 48 PRECINCT 19,CITY OF CHICAGO:WARD 48 PRECINCT 19,CITY OF CHICAGO:WARD 48 PRECINCT 19,1.2,49.21969646,8.749462157,8.749462157,8.749462157,8.749462157,3.516496375,8.749462157,3.516496375,15.89590559104907,17.82986617515008,19.42767240442841,10.58457527423824,4.432066031443543,3.8968072967591487,2.0800742047266056,20.555486601159984,24.016510700680378,24.59840715355577,11.827815187398645,5.420828354127241,4.761521589287342,2.77026738391013,13.489220647708505,21.416674209641837,23.105135743645413,13.867416969467499,4.1387700288784215,0.0035185068512553607,0.006095088898072306,0.2,0.3,1.0,1.001078684,1.5,1.8,1.4,1.0,1.00036341,291.906076,257.2183451,70.84528097,53.79537901,17.04990195,0.242698891,0.184290028,0.058408863,1246.097514,342,1.0000000000000007
CITY OF CHICAGO:WARD 48 PRECINCT 20,CITY OF CHICAGO:WARD 48 PRECINCT 20,CITY OF CHICAGO:Ward 48 Precinct 20,,,,,,,,,,0.620869518,0.099130427,0.076521775,0.180869585,0.024347823,0.00347826,0.6076,0.5735,0.4265,0.3938,0.2041,0.09,0.0192,0.2473,0.032310177,4.87e-09,0.064620384,0.216478179,0.142164777,0.206785133,0.132471728,0.114701126,0.090468492,0.102272719,0.025,0.040909089,0.070454538,0.02045455,0.045454545,0.013636368,0.022727277,0.03409091,0.086363633,0.061363638,0.095454563,0.272727248,0.02954546,0.015909095,0.063636368,48020.0,0.187216301,0.328413284,271.0,-0.098765432,162.0,0.642023346,257.0,52.6,69444,104.3117959,0.851842148,-0.080813462,-0.030119541,1.042880311,0.357751195,0.445947364,0.262537814,0.699974081,0.357751195,complete,CITY OF CHICAGO,Ward 48 Precinct 20,1,0,0,,0,0,0,312,208,139,86,65,43,0.22532,21.657398825220067,45,0.40874,24.905408712547565,52,0.3408,23.855079180788863,50,0.02168,12.910312778987315,27,0.00142,5.4679415352957985,11,0.00142,4.979599658533792,10,0.00062,2.89174964134343,6,CITY OF CHICAGO:WARD 48 PRECINCT 20,CITY OF CHICAGO:WARD 48 PRECINCT 20,CITY OF CHICAGO:WARD 48 PRECINCT 20,1.2,51.72711383,8.176321808,8.176321808,8.176321808,8.176321808,3.695638563,8.176321808,3.695638563,15.895354171177644,17.571210553702805,18.054825481062164,10.979764016234856,4.267350428775902,3.897599802296758,2.082226019740914,20.970662861481387,24.22988836972103,23.295259702662605,12.565840338222946,5.302028487257062,4.788526053337493,2.798631157436981,13.488669227837079,21.15801858819456,21.732288820279166,14.262605711464115,3.974054426210781,0.004311012388864656,0.0082469039123806,0.2,0.3,1.0,1.001130115,1.5,1.8,1.4,1.0,1.000181117,74.33439426,71.53592292,10.14445853,8.570318405,1.574140124,0.136470588,0.115294118,0.021176471,444.5790456,208,1.0000000000000002
CITY OF CHICAGO:WARD 48 PRECINCT 23,CITY OF CHICAGO:WARD 48 PRECINCT 23,CITY OF CHICAGO:Ward 48 Precinct 23,,,,,,,,,,0.574468082,0.075435204,0.112185689,0.23017408,0.010638298,0.000967118,0.5615,0.4099,0.5901,0.2921,0.4911,0.0495,0.037,0.107,0.037760417,1.3e-09,0.132812496,0.134114588,0.07682292,0.180989584,0.154947916,0.087239584,0.195312494,0.110062892,2.84e-09,0.044025157,0.059748429,0.037735848,0.011006291,0.062893079,0.029874215,0.011006291,0.006289312,0.160377352,0.17295597,0.163522017,0.077044022,0.009433963,0.044025158,48023.0,-0.207235412,0.358108108,296.0,-0.13442623,305.0,0.501144165,437.0,56.8,71912,207.1376688,-0.828590879,0.101464468,-0.155280921,0.594699232,-0.004596029,-0.071927025,-0.021266808,0.655671241,-0.004596029,complete,CITY OF CHICAGO,Ward 48 Precinct 23,1,0,0,,0,0,0,536,357,238,144,108,72,0.26074,24.33504085550432,87,0.64968,29.722441167929308,106,0.07814,18.675527145720487,67,0.00976,11.519576241089368,41,0.0006,4.151734337850363,15,0.00072,4.988984880196283,18,0.00036,3.03611251794167,11,CITY OF CHICAGO:WARD 48 PRECINCT 23,CITY OF CHICAGO:WARD 48 PRECINCT 23,CITY OF CHICAGO:WARD 48 PRECINCT 23,1.2,66.86669274,4.726003829,4.726003829,4.726003829,4.726003829,4.777284289,4.726003829,4.726003829,17.03534999439818,19.91247516205584,13.555101637327702,9.493749600720829,3.210696193729318,3.899063472619115,2.084705026777889,23.709292984079134,28.996501898856827,18.260877075428894,11.239862013725684,4.026884452845729,4.853149052184555,2.8642694929986607,14.628665051057617,23.499283196547598,17.232564976544705,12.776591295950087,2.9174001911641967,0.005774682711221542,0.010725910949355303,0.2,0.3,1.0,1.000386685,1.5,1.8,1.4,1.0,1.000099019,32.06101875,30.2118916,4.466353189,3.897390954,0.568962235,0.1393079,0.121561669,0.017746231,582.3781844,357,0.9999999999999999
CITY OF CHICAGO:WARD 48 PRECINCT 24,CITY OF CHICAGO:WARD 48 PRECINCT 24,CITY OF CHICAGO:Ward 48 Precinct 24,,,,,,,,,,0.571083637,0.096425086,0.178613611,0.148176116,0.011599893,0.000471749,0.4626,0.3435,0.6565,0.4877,0.282,0.0026,0.0225,0.1751,0.014428457,0.055673208,0.076948379,0.238331927,0.1505497,0.1534983,0.125898653,0.075870845,0.108800521,0.065308288,0.030683236,0.031349826,0.112690851,0.034285985,0.023679738,0.02335366,0.068268978,0.036748899,0.034454799,0.190560418,0.126872431,0.068253108,0.033143264,0.025465961,0.094880549,48024.0,-0.058954336,0.056994819,193.0,0.036697248,436.0,0.6,825.0,48.6,63084,391.9864923,-0.196887659,-1.746881461,0.445323995,0.909190802,-0.083092415,-0.14731358,0.0354351,0.458353832,-0.083092415,complete,CITY OF CHICAGO,Ward 48 Precinct 24,1,0,0,,0,0,0,881,587,391,178,134,89,0.25174,23.923058284784815,140,0.64494,29.465967134367222,173,0.0895,18.959724095941475,111,0.01204,11.905856526451439,70,0.0007,4.238573486073339,25,0.00074,5.006159131213676,29,0.00034,2.969815404879971,17,CITY OF CHICAGO:WARD 48 PRECINCT 24,CITY OF CHICAGO:WARD 48 PRECINCT 24,CITY OF CHICAGO:WARD 48 PRECINCT 24,1.2,70.17418157,4.135371821,4.135371821,4.135371821,4.135371821,5.013587503,4.135371821,4.135371821,16.85927006920722,19.79913861102009,13.774186442630938,9.847541322230132,3.2638763717640153,3.899079638630834,2.0825435782274093,23.34266394352082,28.693630004699337,18.47688276740751,11.647852172981647,4.086113658149706,4.847375798554283,2.85631862480619,14.452585125866655,23.385946645511847,17.45164978184794,13.13038301745939,2.970580369198894,0.005790848722940576,0.008564462398875934,0.2,0.3,1.0,1.000197755,1.5,1.8,1.4,1.0,1.000046112,446.3500784,420.6067286,62.18009109,54.25906023,7.921030853,0.139307898,0.121561668,0.017746229,2321.199062,587,0.9999999913339671
CITY OF CHICAGO:WARD 48 PRECINCT 26,CITY OF CHICAGO:WARD 48 PRECINCT 26,CITY OF CHICAGO:Ward 48 Precinct 26,,,,,,,,,,0.591999965,0.067428566,0.101714278,0.237714262,0.012571428,2.91e-11,0.583,0.5601,0.4399,0.6095,0.1895,0.0,0.0282,0.1729,6.23e-10,0.070512814,0.101282047,0.155128193,0.158974344,0.167948706,0.124358966,0.12820512,0.093589738,0.16297785,0.092555324,2.36e-09,0.010060362,0.014084507,0.07042253,0.01609658,4.91e-09,0.046277664,0.01609658,0.136820916,0.148893347,0.072434602,0.098591538,0.014084507,0.100603614,48026.0,0.069363315,0.291666667,96.0,-0.03255814,215.0,0.632545932,381.0,52.3,67831,154.5359939,0.349767893,-0.306377934,0.202253161,1.01272967,0.299841725,0.314593198,0.277373717,0.213174146,0.299841725,complete,CITY OF CHICAGO,Ward 48 Precinct 26,1,0,0,,0,0,0,387,258,172,117,88,59,0.22074,21.61298991829665,56,0.41302,24.943966107901865,64,0.34094,23.88708127110099,62,0.02218,12.926107527645565,33,0.0015,5.503398422878801,14,0.00122,4.995279424834156,13,0.0004,2.951251144238556,8,CITY OF CHICAGO:WARD 48 PRECINCT 26,CITY OF CHICAGO:WARD 48 PRECINCT 26,CITY OF CHICAGO:WARD 48 PRECINCT 26,1.2,54.28929028,7.590664741,7.590664741,7.590664741,7.590664741,3.878693007,7.590664741,3.878693007,15.894806415379227,17.570366432012598,18.054114136262683,10.981321624858701,4.267248925310181,3.898976961682738,2.0848357279843563,20.969175248846106,24.22777172784364,23.293508511128714,12.567378191224908,5.301946684054671,4.7898594770322545,2.8011971299892044,13.488121472038662,21.157174466504355,21.731577475479686,14.264163320087961,3.973952922745059,0.005688171774844531,0.010856612155823057,0.2,0.3,1.0,1.002115259,1.5,1.8,1.4,1.0,1.000178899,247.5273593,228.2836165,34.71420284,27.167637,7.546565843,0.140243902,0.109756098,0.030487805,698.2900235,258,0.9999999284619929
CITY OF CHICAGO:WARD 48 PRECINCT 27,CITY OF CHICAGO:WARD 48 PRECINCT 27,CITY OF CHICAGO:Ward 48 Precinct 27,,,,,,,,,,0.543677875,0.112388958,0.135791187,0.189597869,0.010702973,0.001495167,0.2261,0.3072,0.6928,0.2832,0.3522,0.0106,0.1768,0.1712,0.036869813,0.276029873,0.29178471,0.104571008,0.10016084,0.040788324,0.063864613,0.064889249,0.021041571,0.122847674,0.058560574,0.057580744,0.056944846,0.05492519,0.034842595,0.07650953,0.017875469,0.042488305,0.067822004,0.113180311,0.113657732,0.043325155,0.032778443,0.04273376,0.063927667,48027.0,0.125457794,0.1875,128.0,0.049586777,242.0,0.756097561,451.0,32.1,47343,268.9520664,0.588740147,-0.945791875,0.490563343,1.405786345,0.375006809,0.38482449,0.39615458,0.78978401,0.375006809,complete,CITY OF CHICAGO,Ward 48 Precinct 27,1,0,0,,0,0,0,651,434,289,132,99,66,0.17902,20.909643988465543,91,0.35884,24.601077783465104,107,0.44712,25.856542439639423,112,0.01258,11.842436190352394,51,0.00108,5.650950581955606,25,0.00104,4.883382942006488,21,0.00032,2.8907970127758005,13,CITY OF CHICAGO:WARD 48 PRECINCT 27,CITY OF CHICAGO:WARD 48 PRECINCT 27,CITY OF CHICAGO:WARD 48 PRECINCT 27,1.2,50.96018537,8.351624752,8.351624752,8.351624752,8.351624752,3.640845434,8.351624752,3.640845434,15.895270065357654,17.942321370663645,20.03058463787085,10.414109059562414,4.504378168421965,3.8988909001320167,2.0834909106733424,20.374933296116758,23.921076208698793,25.155196392783353,11.513597671135665,5.471386126118609,4.752284189034821,2.7623630862314776,13.488585122017088,21.529129405155402,23.70804797708785,13.696950754791674,4.211082165856844,0.005602110224123276,0.009511794844808857,0.2,0.3,1.0,1.017020545,1.5,1.8,1.4,1.0,1.000494442,206.8005371,196.0349775,22.64255599,16.44558232,6.196973673,0.109489832,0.079523886,0.029965946,3178.528628,434,0.9999999999999996
CITY OF CHICAGO:WARD 48 PRECINCT 29,CITY OF CHICAGO:WARD 48 PRECINCT 29,CITY OF CHICAGO:Ward 48 Precinct 29,,,,,,,,,,0.683722349,0.054610693,0.13872627,0.104437802,0.015327423,0.000120468,0.5915,0.3481,0.6519,0.2233,0.48,0.0,0.0297,0.2671,0.021531324,0.045641141,0.105195851,0.117532386,0.071560909,0.182140466,0.169410234,0.166171543,0.120816145,0.067553843,0.046267697,0.055723278,0.034150003,0.015955189,0.078503117,0.022238179,0.12376202,0.077253452,0.063192891,0.114317173,0.097290228,0.068227207,0.024891068,0.038352712,0.072321943,48029.0,0.143332146,0.23566879,157.0,0.0625,192.0,0.666666667,204.0,58.3,48615,107.2836419,0.664888001,-0.650113836,0.535885851,1.121278483,0.40508441,0.417984625,0.428664655,0.517555513,0.40508441,complete,CITY OF CHICAGO,Ward 48 Precinct 29,1,0,0,,0,0,0,375,250,167,75,57,38,0.23692,22.13102502819943,55,0.43002,25.422805545957118,64,0.31246,23.598315037703777,59,0.01742,12.181543033492115,30,0.00158,5.349069923549694,13,0.00124,4.948184143695182,12,0.00036,2.957699712942699,7,CITY OF CHICAGO:WARD 48 PRECINCT 29,CITY OF CHICAGO:WARD 48 PRECINCT 29,CITY OF CHICAGO:WARD 48 PRECINCT 29,1.2,49.6219351,8.657519271,8.657519271,8.657519271,8.657519271,3.545234275,8.657519271,3.545234275,16.22035244201212,17.782361550332507,17.656007658777153,10.347646928842465,4.17025834726336,3.8976204410754787,2.080215753046738,21.599861250348958,24.735615966898486,22.943848332517675,11.861490494848,5.205367576683682,4.79828957509805,2.806363773724641,13.813667498671554,21.369169584824263,21.333470997994155,13.630488624071726,3.876962344698239,0.004331651167585454,0.006236637218204438,0.2,0.3,1.0,1.000719731,1.5,1.8,1.4,1.0,1.000143658,15.39185359,13.84964446,2.933221577,2.146997229,0.786224348,0.190569743,0.139489193,0.05108055,57.28295072,250,0.9999999999999997
CITY OF CHICAGO:WARD 49 PRECINCT 01,CITY OF CHICAGO:WARD 49 PRECINCT 01,CITY OF CHICAGO:Ward 49 Precinct 01,,,,,,,,,,0.300799198,0.141814356,0.499050594,0.047206612,0.031950519,0.001766438,0.3304,0.3258,0.6742,0.3954,0.2816,0.085,0.0803,0.1469,0.095836014,0.089532603,0.171191273,0.146649669,0.117342126,0.201854404,0.118979704,0.044496348,0.014117859,0.122558509,0.061980893,0.017466658,0.107731874,0.071751273,0.029651316,0.012442501,0.016166076,0.029148437,0.022735486,0.099326123,0.213463026,0.070947724,0.01264021,0.041440308,0.070549587,49001.0,0.308764319,-0.099099099,111.0,0.262032086,374.0,0.765690377,717.0,46.2,61264,328.0918025,1.369657883,-2.70504428,1.23619859,1.436304116,0.320933148,0.334279077,0.501317051,1.546744164,0.320933148,complete,CITY OF CHICAGO,Ward 49 Precinct 01,1,0,0,,0,0,0,827,551,367,117,88,59,0.22124,21.53401969854667,119,0.41226,24.91247384077684,137,0.34114,23.838965916030432,131,0.02194,12.956408105035806,71,0.0016,5.483238766977444,30,0.0014,4.933133499675816,27,0.00042,2.933693528045721,16,CITY OF CHICAGO:WARD 49 PRECINCT 01,CITY OF CHICAGO:WARD 49 PRECINCT 01,CITY OF CHICAGO:WARD 49 PRECINCT 01,1.8,53.35884511,7.803344,7.803344,7.803344,7.803344,3.812217443,7.803344,3.812217443,15.896642148739623,17.573195397678376,18.0564981171953,11.014567828192316,4.267589101167308,3.903750080362005,2.083604488076058,20.959690788139945,24.215183409866796,23.28251267803124,12.601785418940432,5.2985965733619125,4.793867403704895,2.799200698074279,13.489957205399058,21.160003432170132,21.733961456412302,14.297409523421575,3.974293098602187,0.010461290454111826,0.009625372247524588,0.2,0.3,1.0,2.479172073,1.5,1.8,1.4,1.0,1.003167403,483.3391235,452.0477291,66.31351261,46.186209,20.12730361,0.137198727,0.095556529,0.041642198,2782.949482,551,1.0000000000000002
CITY OF CHICAGO:WARD 49 PRECINCT 04,CITY OF CHICAGO:WARD 49 PRECINCT 04,CITY OF CHICAGO:Ward 49 Precinct 04,,,,,,,,,,0.505132931,0.128750952,0.26517735,0.082667915,0.021217852,0.001345394,0.5372,0.249,0.751,0.3249,0.3994,0.0216,0.0522,0.1662,0.036604124,0.013148446,0.28071768,0.266857187,0.186292782,0.073382574,0.081366141,0.036701188,0.024929864,0.040605755,0.054266419,0.045758586,0.05140361,0.021738742,0.067533329,0.078062788,0.099425619,0.144566981,0.039201352,0.039755978,0.081211673,0.145184366,0.062147783,0.001091414,0.028045588,49004.0,0.519855016,0.360995851,241.0,0.401785714,448.0,0.819025522,862.0,36.5,46425,401.7935842,2.268941033,0.119190514,1.726702389,1.605980023,1.375979625,1.43020349,1.435279405,1.182857213,1.375979625,complete,CITY OF CHICAGO,Ward 49 Precinct 04,1,0,0,,0,0,0,1011,674,449,176,132,88,0.17854,20.98403609936851,141,0.36092,24.619826533487117,166,0.44444,25.783439224166337,174,0.01306,11.90729960385712,80,0.0013,5.647636649867535,38,0.00136,4.869354717555387,33,0.00038,2.876606032231572,19,CITY OF CHICAGO:WARD 49 PRECINCT 04,CITY OF CHICAGO:WARD 49 PRECINCT 04,CITY OF CHICAGO:WARD 49 PRECINCT 04,1.226962452,15.85145856,16.37670593,16.37670593,16.37670593,16.37670593,1.132505898,16.37670593,1.132505898,15.896300443317715,17.94390923954193,20.03192274146649,10.425293604894087,4.504569105577269,3.899745282426332,2.081339262181698,20.37256546003723,23.917940858895683,25.152075380951768,11.525149971320408,5.470236088225956,4.75289817213887,2.759971038549568,13.48961549997715,21.530717274033687,23.709386080683494,13.708135300123345,4.2112731030121475,0.0064564925184384635,0.007360146353164681,0.2,0.3,1.0,1.208261524,1.5,1.8,1.4,1.0,1.000907783,451.8067025,422.4469952,62.64949932,40.30509669,22.34440263,0.138664387,0.089208718,0.049455669,2852.343026,674,0.9999999845111796
CITY OF CHICAGO:WARD 49 PRECINCT 05,CITY OF CHICAGO:WARD 49 PRECINCT 05,CITY OF CHICAGO:Ward 49 Precinct 05,,,,,,,,,,0.596884681,0.106269647,0.169720942,0.105757741,0.016264206,0.001009363,0.5037,0.2561,0.7439,0.4815,0.2782,0.0215,0.0425,0.172,0.019212926,0.151034283,0.243969333,0.201573911,0.073136648,0.193297297,0.080456574,0.03176091,0.00555809,0.088790516,0.094598149,0.09872757,0.043619733,0.014352464,0.002735553,0.051095103,0.018479535,0.071645495,0.043009826,0.102960453,0.130058688,0.097700337,0.056062037,0.026419362,0.059745152,49005.0,0.202274151,0.138888889,216.0,0.211650485,515.0,0.762057878,933.0,37.0,53710,404.7654303,0.915991212,-1.244185046,1.059370503,1.424747992,0.553319095,0.538981166,0.657396962,0.636100362,0.553319095,complete,CITY OF CHICAGO,Ward 49 Precinct 05,1,0,0,,0,0,0,747,498,332,149,112,75,0.17922,20.919479165884088,104,0.36346,24.64813611376607,123,0.44252,25.77852211434416,128,0.01234,11.829692696648856,59,0.001,5.722140951011703,28,0.00112,4.976542766046432,25,0.00034,2.869543686988891,14,CITY OF CHICAGO:WARD 49 PRECINCT 05,CITY OF CHICAGO:WARD 49 PRECINCT 05,CITY OF CHICAGO:WARD 49 PRECINCT 05,1.2,43.07815779,10.15328254,10.15328254,10.15328254,10.15328254,3.077714748,10.15328254,3.077714748,15.896077949555004,17.943566364465873,20.031633799238072,10.417487579675747,4.504527875729804,3.8982450330236196,2.080750698927662,20.37502270152268,23.921311183454037,25.155223494098863,11.517149257038565,5.471000883820054,4.751572448812966,2.7595570013723396,13.489393006214438,21.53037439895763,23.709097138455075,13.700329274905005,4.2112318731646825,0.004956243115725967,0.006771583099128554,0.2,0.3,1.0,1.076050413,1.5,1.8,1.4,1.0,1.000581406,212.0221191,198.3081787,27.7704025,17.3353297,10.43507279,0.130978799,0.081761892,0.049216906,1770.61969,498,0.9999999707135472
CITY OF CHICAGO:WARD 49 PRECINCT 06,CITY OF CHICAGO:WARD 49 PRECINCT 06,CITY OF CHICAGO:Ward 49 Precinct 06,,,,,,,,,,0.580914389,0.109365215,0.114924979,0.179308475,0.010845234,0.002318395,0.1882,0.1669,0.8331,0.2911,0.3322,0.0091,0.1804,0.1815,0.005573232,0.355746546,0.293001257,0.112294392,0.023745593,0.114353973,0.045609647,0.033686214,0.015989131,0.102961485,0.119408978,0.260135415,0.101040205,0.028196977,0.006423679,0.024742086,0.001174948,0.029784518,0.022598485,0.110231713,0.030683219,0.036627911,0.055635159,0.065933444,0.004421764,49006.0,0.31417198,0.301775148,169.0,0.166666667,36.0,0.813953488,86.0,28.7,20866,54.08759788,1.392695461,-0.244328299,0.901487421,1.589844285,0.860803913,0.909924717,0.859116454,0.73828552,0.860803913,complete,CITY OF CHICAGO,Ward 49 Precinct 06,1,0,0,,0,0,0,299,199,133,127,96,64,0.08818,18.149547468571143,36,0.1394,20.280489138672465,40,0.75966,30.021913703816004,60,0.00548,10.239258903072743,20,0.00566,10.424965303026799,21,0.00134,5.057473749967932,10,0.00028,2.959695385080511,6,CITY OF CHICAGO:WARD 49 PRECINCT 06,CITY OF CHICAGO:WARD 49 PRECINCT 06,CITY OF CHICAGO:WARD 49 PRECINCT 06,1.2,30.64861829,12.99440133,12.99440133,12.99440133,12.99440133,2.189687521,12.99440133,2.189687521,14.690004225690396,13.928172585424146,22.006581778727604,8.701572361699348,7.613479047998774,3.8983238533227698,2.0827641775180967,17.62419195755495,19.609536658188176,29.068966277347023,9.905213123461502,10.105201331528303,4.8139042055944365,2.8238234164450953,12.283319282349831,17.514980619915903,25.684045117944606,11.984414056928607,7.3201830454336525,0.005035063414876164,0.008785061689563188,0.2,0.3,1.0,1.031998361,1.5,1.8,1.4,1.0,1.000519237,90.1034767,84.00952214,11.897721,7.254707999,4.643012999,0.132045082,0.080515295,0.051529787,506.4737302,199,0.9999999874081414
CITY OF CHICAGO:WARD 49 PRECINCT 16,CITY OF CHICAGO:WARD 49 PRECINCT 16,CITY OF CHICAGO:Ward 49 Precinct 16,,,,,,,,,,0.529341217,0.157746999,0.223410526,0.081928695,0.018413367,0.003197167,0.5522,0.2018,0.7982,0.4441,0.2879,0.0524,0.0195,0.1524,0.098654134,0.076096634,0.157072341,0.194886278,0.217266266,0.118219438,0.059517878,0.029504443,0.048782587,0.04864539,0.09458416,0.036912748,0.03028062,0.055642314,0.038279529,0.037295055,0.032408086,0.042197378,0.086672259,0.114712454,0.140074455,0.034919731,0.073448575,0.078554998,0.05537225,49016.0,0.417957802,0.322916667,192.0,0.256017505,457.0,0.850356295,842.0,42.2,59663,369.697647,1.834841146,-0.114553752,1.215088764,1.705653088,1.098282073,1.160257311,1.109248364,0.984480108,1.098282073,complete,CITY OF CHICAGO,Ward 49 Precinct 16,1,0,0,,0,0,0,909,606,404,190,143,95,0.19684,21.169778544376186,128,0.37486,24.71298702960051,150,0.4104,25.20778931868499,153,0.01518,12.099399579652264,73,0.0013,5.58951373782564,34,0.00108,4.96229810972572,30,0.00034,2.844978167014796,17,CITY OF CHICAGO:WARD 49 PRECINCT 16,CITY OF CHICAGO:WARD 49 PRECINCT 16,CITY OF CHICAGO:WARD 49 PRECINCT 16,1.21926463,22.82447772,14.78282743,14.78282743,14.78282743,14.78282743,1.630692567,14.78282743,1.630692567,15.896307566448018,17.836672981736456,19.461125570736165,10.586723075427283,4.436091242737793,3.8989198198294694,2.08065893198511,20.5420927844567,24.006554221768717,24.62464855261347,11.822336012249208,5.422478933889075,4.762754233165677,2.7699722319766495,13.489622623107453,21.423481016228212,23.138588909953167,13.869564770656542,4.1427952401726715,0.005631029921576214,0.006679816156576731,0.2,0.3,1.0,1.19539407,1.5,1.8,1.4,1.0,1.001542201,532.4805278,497.3310659,72.05000761,48.1046091,23.94539851,0.135310127,0.090340598,0.044969529,2768.433209,606,0.9999999999999994
CITY OF CHICAGO:WARD 49 PRECINCT 17,CITY OF CHICAGO:WARD 49 PRECINCT 17,CITY OF CHICAGO:Ward 49 Precinct 17,,,,,,,,,,0.511551676,0.1840873,0.208977524,0.084321059,0.026375148,0.000773557,0.4604,0.308,0.692,0.3325,0.2714,0.0237,0.0781,0.2677,0.102850529,0.081504363,0.215288307,0.18341128,0.16415652,0.140690799,0.074282435,0.025929789,0.011885978,0.050859303,0.057049888,0.045293496,0.029067711,0.033069901,0.027664123,0.06672881,0.033958968,0.04998336,0.091679332,0.105247263,0.135204012,0.075763594,0.08449498,0.030684248,0.083251009,49017.0,0.314577564,0.132075472,159.0,0.266159696,526.0,0.812080537,894.0,40.1,62087,395.8498922,1.39442332,-1.286008346,1.250685573,1.583885837,0.721372821,0.735746596,0.824360617,1.023570725,0.721372821,complete,CITY OF CHICAGO,Ward 49 Precinct 17,1,0,0,,0,0,0,1062,708,472,190,143,95,0.18512,20.988196363660393,149,0.37366,24.73008210389187,175,0.4237,25.47518077690136,180,0.0149,12.003160805150015,85,0.00126,5.622772889638058,40,0.00116,4.974299725460749,35,0.0002,2.90641481288242,21,CITY OF CHICAGO:WARD 49 PRECINCT 17,CITY OF CHICAGO:WARD 49 PRECINCT 17,CITY OF CHICAGO:WARD 49 PRECINCT 17,1.2,36.01443551,11.76789378,11.76789378,11.76789378,11.76789378,2.573047805,11.76789378,2.573047805,15.896284513607856,17.879948839387918,19.69161361088714,10.519014525012668,4.463742025461869,3.898675851537347,2.080527091333411,20.474200853004263,23.971834519050468,24.839614437754424,11.699286347639216,5.4421019858319415,4.75823435019389,2.7655644766452854,13.489599570267291,21.466756873879675,23.36907695010414,13.801856220241927,4.170446022896748,0.005387061629453927,0.006547975504877509,0.2,0.3,1.0,1.131727368,1.5,1.8,1.4,1.0,1.00182124,548.0623795,512.4343897,69.8099077,48.20878604,21.60112166,0.127375843,0.087962224,0.039413619,3541.72464,708,0.9999999999999996
CITY OF CHICAGO:WARD 50 PRECINCT 05,CITY OF CHICAGO:WARD 50 PRECINCT 05,CITY OF CHICAGO:Ward 50 Precinct 05,,,,,,,,,,0.514108344,0.230590342,0.114021704,0.127864487,0.026685471,0.004028364,0.3192,0.5823,0.4177,0.5605,0.246,0.0151,0.0162,0.1172,0.127394033,0.205798172,0.094713078,0.092723505,0.168231367,0.079915625,0.131944371,0.050069423,0.049210424,0.008113289,0.043857588,0.012252968,0.01167519,0.026368122,0.01692073,0.024850027,0.025032023,0.023710927,0.145323596,0.119851333,0.149900262,0.041260955,0.060932843,0.038426631,0.251523516,50005.0,-0.141843384,0.377358491,106.0,-0.174193548,310.0,0.442675159,628.0,46.7,82012,303.722665,-0.550009446,0.219630515,-0.294855262,0.408690895,-0.028620406,-0.054135824,-0.076764293,0.291892482,-0.028620406,complete,CITY OF CHICAGO,Ward 50 Precinct 05,1,0,0,,0,0,0,744,496,331,155,117,78,0.2534,23.921893812000935,119,0.6431,29.421792603086722,146,0.08894,18.935267327965168,94,0.01308,11.939162399193224,59,0.00066,4.227729971586951,21,0.00068,5.006793679829875,25,0.00014,3.0412237169614067,15,CITY OF CHICAGO:WARD 50 PRECINCT 05,CITY OF CHICAGO:WARD 50 PRECINCT 05,CITY OF CHICAGO:WARD 50 PRECINCT 05,1.301674419,67.91812609,4.538245011,4.538245011,4.538245011,4.538245011,4.852403842,4.538245011,4.538245011,16.859465792239654,19.799440230934344,13.774440618965833,9.84254619314482,3.263912640784208,3.897504231854692,2.080743954521887,23.34511376208218,28.69708770409627,18.479112602166154,11.642503589246227,4.086446669388237,4.845927016908949,2.8546456262314743,14.452780848899089,23.3862482654261,17.451903958182836,13.125387888374078,2.9706166382190866,0.004215441946798553,0.006764838693353374,0.2,0.3,1.0,1.263324004,1.5,1.8,1.4,1.0,1.116025292,450.0806171,445.0852719,18.48277747,14.48650118,3.996276287,0.041065482,0.032186459,0.008879023,3434.004168,496,0.9999999999999994
CITY OF CHICAGO:WARD 50 PRECINCT 06,CITY OF CHICAGO:WARD 50 PRECINCT 06,CITY OF CHICAGO:Ward 50 Precinct 06,,,,,,,,,,0.521952237,0.165509455,0.143886061,0.15201453,0.023652687,0.001862731,0.387,0.7042,0.2958,0.6353,0.1655,0.0317,0.0605,0.107,0.118073545,0.092792606,0.094615415,0.135201469,0.090722051,0.170818329,0.16282973,0.081789908,0.053156948,0.020407073,0.039915844,0.03143544,0.013215675,0.022038369,0.051842513,0.045457581,0.062027687,0.006061014,0.055355564,0.109672569,0.14843966,0.039433312,0.0529178,0.100348966,0.201430933,50006.0,-0.130213465,0.174418605,172.0,-0.070063694,157.0,0.759450172,291.0,53.4,82170,126.006272,-0.500463964,-1.026090367,0.070617103,1.416452057,0.047236814,-0.009871293,0.063334493,0.276660162,0.047236814,complete,CITY OF CHICAGO,Ward 50 Precinct 06,1,0,0,,0,0,0,350,233,155,140,105,70,0.2571,23.967317891115957,56,0.64,29.435055275894662,69,0.08924,18.96246172568429,44,0.01192,11.935539027735889,28,0.00066,4.231729647879689,10,0.0007,5.007008476579788,12,0.00038,2.931790648475924,7,CITY OF CHICAGO:WARD 50 PRECINCT 06,CITY OF CHICAGO:WARD 50 PRECINCT 06,CITY OF CHICAGO:WARD 50 PRECINCT 06,1.296170874,64.86334716,5.173668384,5.173668384,5.173668384,5.173668384,4.634155461,5.173668384,4.634155461,16.85923308221677,19.799081612041746,13.774138409358848,9.844737872000582,3.2638695177832306,3.8984627210126384,2.0821515622252424,23.343790331781463,28.69520667202162,18.477849704409444,11.64483713676345,4.0863285455710665,4.846828425852252,2.855996153720187,14.452548138876207,23.385889646533503,17.45160174857585,13.12757956722984,2.9705735152181094,0.0051739311047451445,0.008172446396708805,0.2,0.3,1.0,1.369512401,1.5,1.8,1.4,1.0,1.060692921,223.8862144,221.4013507,9.193995439,7.206104481,1.987890958,0.041065483,0.032186459,0.008879023,877.3319889,233,1.0
CITY OF CHICAGO:WARD 50 PRECINCT 10,CITY OF CHICAGO:WARD 50 PRECINCT 10,CITY OF CHICAGO:Ward 50 Precinct 10,,,,,,,,,,0.527495146,0.118076694,0.071082065,0.268662478,0.017627396,0.003424007,0.3391,0.4707,0.5293,0.7068,0.088,0.0246,0.0622,0.1062,0.20486741,0.171532725,0.052695913,0.177781178,0.067455376,0.110874941,0.102655902,0.058911183,0.053225373,0.03177079,0.046514599,0.028641005,0.045977382,0.016425498,0.088994301,0.025879115,0.036920905,0.013733644,0.059541701,0.069841937,0.065964825,0.182280564,0.075324927,0.106955644,0.105233164,50010.0,0.211406477,0.125,96.0,-0.311258278,151.0,0.256097561,328.0,48.6,88552,209.5151456,0.954896512,-1.329440238,-0.775921633,-0.184871252,-0.506915967,-0.333834153,-0.595333463,0.047282999,-0.506915967,complete,CITY OF CHICAGO,Ward 50 Precinct 10,1,0,0,,0,0,0,378,252,168,146,110,73,0.63034,30.25919321100441,76,0.3214,26.1029148408095,66,0.04174,16.7294428991841,42,0.00496,9.890494276170593,25,0.001,5.480093380567016,14,0.00034,5.202465473064151,13,0.00022,3.1069286938895333,8,CITY OF CHICAGO:WARD 50 PRECINCT 10,CITY OF CHICAGO:WARD 50 PRECINCT 10,CITY OF CHICAGO:WARD 50 PRECINCT 10,1.8,82.37062902,1.957401581,1.957401581,1.957401581,1.957401581,5.884961493,1.957401581,1.957401581,19.267111220282597,15.835055208023075,11.042089705971293,7.5969179032791105,3.793107013064383,3.8988624981245006,2.0855647796192667,29.432864249511937,25.39119961927682,16.26479411688796,9.630655673789196,5.27888931894891,4.97012641177728,2.9823075799273786,16.860426276942032,19.42186324251483,14.719553045188295,10.87975959850837,3.4998110104992617,0.005573708216607247,0.011585663790733246,0.2,0.3,1.0,1.068500762,1.5,1.8,1.4,1.0,1.430568289,472.440191,470.6236773,6.965930776,3.961569149,3.004361627,0.014744577,0.008385335,0.006359242,2671.164959,252,1.0000000000000007
CITY OF CHICAGO:WARD 50 PRECINCT 22,CITY OF CHICAGO:WARD 50 PRECINCT 22,CITY OF CHICAGO:Ward 50 Precinct 22,,,,,,,,,,0.525975497,0.126151741,0.079683247,0.251695738,0.013793382,0.002733035,0.3,0.517,0.483,0.5715,0.1345,0.0201,0.089,0.1597,0.183430068,0.192988126,0.054876821,0.161237197,0.086331356,0.117027058,0.102157797,0.057101151,0.044850428,0.035512137,0.043037175,0.02356971,0.058225819,0.018581569,0.10306487,0.021894512,0.032259833,0.020314086,0.070249844,0.072181722,0.065204791,0.171352029,0.088525114,0.075688356,0.100338433,50022.0,0.248717852,0.098039216,102.0,-0.535714286,280.0,0.09127789,493.0,48.0,75425,313.8269415,1.113849471,-1.494935609,-1.563711732,-0.709214576,-0.931259232,-0.663503111,-1.111300956,0.241017173,-0.931259232,complete,CITY OF CHICAGO,Ward 50 Precinct 22,1,0,0,,0,0,0,434,289,193,135,102,68,0.63222,30.309043062354057,88,0.3189,26.050857644919244,75,0.04184,16.679948650611102,48,0.0055,9.865097774656507,29,0.00096,5.493371140777631,16,0.00032,5.116394353887599,15,0.00026,3.117562828561434,9,CITY OF CHICAGO:WARD 50 PRECINCT 22,CITY OF CHICAGO:WARD 50 PRECINCT 22,CITY OF CHICAGO:WARD 50 PRECINCT 22,1.5,88.10675834,0.933077162,0.933077162,0.933077162,0.933077162,6.294778688,0.933077162,0.933077162,19.267274711935745,15.835307157616281,11.042302024923568,7.597740130072636,3.793137309356013,3.8987656013399645,2.08503730314282,29.432698123083497,25.391158780880467,16.264831537847208,9.631625815774907,5.278757224252972,4.970007449911121,2.981758038369308,16.86058976859518,19.422115192108038,14.71976536414057,10.880581825301896,3.499841306790892,0.005476811432070972,0.011058187314286406,0.2,0.3,1.0,1.068425016,1.5,1.8,1.4,1.0,1.221304205,638.398429,637.297742,7.704808751,4.953091305,2.751717445,0.012068966,0.007758621,0.004310345,3199.798492,289,0.9999999999999997
COOK:7501001,COOK:7501001,COOK:Evanston Ward 1 Precinct 1,,,,,,,,,,0.465692137,0.104620447,0.073235215,0.303889042,0.022195081,0.012160597,0.2301,0.445,0.555,0.227,0.1057,0.0,0.4159,0.2207,0.009982913,0.362094446,0.426386859,0.034624049,0.010471263,0.0327561,0.045933348,0.023333201,0.020580788,0.084867503,0.036534889,0.034713537,0.037408154,0.033566703,0.007683226,0.036596344,0.011874673,0.112535465,0.069504321,0.044647947,0.131637073,0.052306556,0.066795457,0.048985073,0.156506045,,0.848959732,0.473684211,19.0,0.06122449,49.0,0.83908046,174.0,25.5,65979,163.1543474,3.670984466,0.810913792,0.531409097,1.669781102,1.356814578,1.670772115,1.128941974,1.365540035,1.356814578,complete,COOK,Evanston Ward 1 Precinct 1,0,1,0,Evanston,1,0,0,383,238,170,26,20,13,0.0459,18.668419116686785,44,0.84122,33.94394292430166,81,0.10998,22.19770066339913,53,0.0005,4.767492784514295,11,0.0019,9.150523461519494,22,0.0004,4.824173477547535,11,0.0001,2.8054616957425225,7,COOK:7501001,COOK:7501001,COOK:EVANSTON WARD 1 PRECINCT 1,1.2,16.26202258,16.28286004,16.28286004,16.28286004,16.28286004,1.161838605,16.28286004,1.161838605,16.855530347129765,31.871572972375713,18.179971671441827,4.703885406906436,7.613256593408837,3.8994536449057335,2.0826410898366063,18.244667735211344,33.09389431446099,21.73721547665206,4.625770770983266,8.931232579850402,4.654694880687615,2.66336121227382,14.4488454037892,35.45838100686747,21.85743501065883,7.986727102135696,7.319960590843716,0.006164854997840004,0.008661974008073047,1.0,1.0,0.2,3.0,1.002686841,1.004298946,1.002149473,1.397850527,1.006807594,191.2464053,187.3021674,7.773902079,5.27002047,2.50388161,0.040648618,0.027556181,0.013092438,2907.95,246,0.9661643523313448
COOK:7501002,COOK:7501002,COOK:Evanston Ward 1 Precinct 2,,,,,,,,,,0.608574199,0.047519447,0.09998095,0.233615459,0.000617864,5.09e-06,0.3739,0.44,0.56,0.2935,0.1671,0.0001,0.3558,0.1835,0.028169624,0.180381473,0.381097052,0.079858439,0.04037533,0.073807679,0.093252564,0.092584877,0.030472961,0.141423797,0.031408334,0.041094743,0.050977248,0.039469306,0.039475274,0.070823148,0.037885215,0.009902322,0.051157381,0.079064867,0.025000776,0.141399352,0.037968069,0.074071588,0.128878582,,-0.252809307,0.509157509,273.0,0.120622568,257.0,0.614100186,539.0,28.9,57338,195.8446539,-1.022743613,1.028662156,0.73988299,0.954047938,0.601225028,0.424962368,0.664209153,1.14185852,0.601225028,complete,COOK,Evanston Ward 1 Precinct 2,0,1,0,Evanston,1,0,0,462,308,205,199,150,100,0.04598,18.63576793313767,57,0.84074,33.943999571689666,105,0.11034,22.19747627901433,68,0.0004,4.833058066892681,15,0.00208,9.122233078624491,28,0.00028,4.715812373572431,15,0.00018,2.7983442676458794,9,COOK:7501002,COOK:7501002,COOK:EVANSTON WARD 1 PRECINCT 2,1.2,41.01208671,10.62554086,10.62554086,10.62554086,10.62554086,2.930104503,10.62554086,2.930104503,16.8567253298108,31.87368579222753,18.18072009006958,4.705683136596415,7.613382075909567,3.8988792822656047,2.08109227310048,18.245307800844387,33.095286677309524,21.736444421830132,4.627387842133638,8.930633177513482,4.654042586499049,2.661734463989255,14.450040386470233,35.460493826719286,21.858183429286584,7.988524831825674,7.320086073344446,0.005590492357711142,0.00711315727194636,1.0,1.0,0.2,3.0,1.002956311,1.004730098,1.002365049,1.397634951,1.014424818,114.9560493,112.4116642,4.880928714,3.212561382,1.668367332,0.042459085,0.027945997,0.014513089,930.84,308,1.0000000000000002
COOK:7501003,COOK:7501003,COOK:Evanston Ward 1 Precinct 3,,,,,,,,,,0.670772766,0.048754703,0.088654837,0.176222101,0.011247165,0.00160467,0.3361,0.6941,0.3059,0.3216,0.1371,0.0061,0.3132,0.2216,0.05452976,0.271148729,0.254819264,0.038852011,0.079197412,0.110552016,0.089332311,0.077503105,0.024065391,0.082639116,0.091123304,0.00449451,0.010462213,0.013246638,0.023301427,0.018588841,0.014705216,0.005826116,0.085038176,0.091763983,0.068260819,0.080882717,0.044136476,0.042821904,0.322708542,,-0.090424569,0.504424779,226.0,0.125628141,199.0,0.462093863,554.0,41.9,96539,204.1658228,-0.330956335,0.99961089,0.757451426,0.470467913,0.58298425,0.474143474,0.63964584,0.748050157,0.58298425,complete,COOK,Evanston Ward 1 Precinct 3,0,1,0,Evanston,1,0,0,474,316,211,164,123,82,0.01554,19.97560461979958,63,0.97704,41.05445797282062,130,0.0072,17.38579287204694,55,0.0001,5.375741990428878,17,0.0001,4.688229461894834,15,2e-05,4.66753003339804,15,0.0,2.716385921646862,9,COOK:7501003,COOK:7501003,COOK:EVANSTON WARD 1 PRECINCT 3,1.245642386,41.79468516,10.4466561,10.4466561,10.4466561,10.4466561,2.986017172,10.4466561,2.986017172,18.275760250438246,39.79845021681527,16.041975024778633,5.949523038701455,4.439873591845892,3.897763792492215,2.07948240054475,19.62429978331612,40.26516634856247,17.11827888768385,5.262107726601877,4.5660986922579205,4.5538440184946944,2.5610415132025617,15.869075307097683,43.38525825130702,19.719438363995636,9.232364733930714,4.146577589280771,0.004475002584321453,0.005503284716216496,1.0,1.0,0.2,3.0,1.000686018,1.001097629,1.000548815,1.399451185,1.010066356,157.0778835,154.7465511,3.832895471,1.562412575,2.270482897,0.024401242,0.009946738,0.014454504,960.61,316,1.0000000000000002
COOK:7501004,COOK:7501004,COOK:Evanston Ward 1 Precinct 4,,,,,,,,,,0.71074879,0.045625937,0.046657638,0.147100973,0.004305566,1.23e-05,0.4068,0.3068,0.6932,0.2714,0.1633,0.0039,0.1472,0.3095,0.081344783,0.084635852,0.278337047,0.077265574,0.04219973,0.039315467,0.114339069,0.087316466,0.159312986,0.138559443,0.013635286,0.021752766,0.013645786,0.010910682,0.017204747,0.029036792,0.045293317,0.070664194,0.018173347,0.036280342,0.0554043,0.048920946,0.145779065,0.108629908,0.190176051,,-0.309491763,0.560723514,387.0,0.027906977,430.0,0.473684211,779.0,47.5,105863,317.3931568,-1.264220751,1.345193571,0.414472121,0.507340464,0.418565638,0.250696351,0.451320792,0.578100418,0.418565638,complete,COOK,Evanston Ward 1 Precinct 4,0,1,0,Evanston,1,0,0,776,480,345,234,176,117,0.01934,20.468347802068752,98,0.97388,41.00191425471813,197,0.00658,16.523677746346774,79,2e-05,6.030720529089448,29,0.0001,4.5845946578055505,22,2e-05,4.782143138785298,23,6e-05,2.637991492315639,13,COOK:7501004,COOK:7501004,COOK:EVANSTON WARD 1 PRECINCT 4,1.2,49.0220705,8.794635097,8.794635097,8.794635097,8.794635097,3.502377008,8.794635097,3.502377008,18.276090381545146,39.25229824790766,14.81846125231754,6.224152204185969,4.267410726966192,3.896491362632083,2.0782885888572573,20.088723498704816,40.09546094903032,16.256186827065893,5.855009659413451,4.484553751825668,4.581813085599419,2.5890891984799245,15.869405438204582,42.83910628239941,18.495924591534543,9.506993899415228,3.9741147244010704,0.0032025727241897406,0.004309473028723974,1.0,1.0,0.2,3.0,1.008429462,1.01348714,1.00674357,1.39325643,1.00513203,184.2988397,181.5304789,6.476708117,3.830946899,2.645761219,0.035142425,0.020786603,0.014355821,1369.58,498,0.9640657200648043
COOK:7502001,COOK:7502001,COOK:Evanston Ward 2 Precinct 1,,,,,,,,,,0.588614184,0.081255706,0.108621507,0.201781368,0.01437226,0.000395782,0.4706,0.4091,0.5909,0.4871,0.1149,0.045,0.1185,0.2014,0.080531936,0.112281117,0.25698746,0.120148619,0.097919709,0.091171204,0.106464539,0.098408659,0.036086756,0.063974621,0.051647535,0.022291518,0.030214786,0.030985922,0.027306328,0.098236023,0.050228253,0.013818656,0.055299214,0.064621485,0.098326763,0.081798929,0.054509006,0.067403299,0.18933766,,-0.174157342,0.540669856,418.0,0.166666667,396.0,0.591836735,1029.0,41.4,72998,426.7570909,-0.687672537,1.222096721,0.901487421,0.883220883,0.738699118,0.579783122,0.803039978,0.694730033,0.738699118,complete,COOK,Evanston Ward 2 Precinct 1,0,1,0,Evanston,1,0,0,1028,685,457,342,257,171,0.01606,19.92830067197125,137,0.97628,41.045575962425076,281,0.00748,17.387506599218185,119,8e-05,5.338386023035583,37,6e-05,4.699364939107011,32,2e-05,4.6623942551978255,32,2e-05,2.623928668823977,18,COOK:7502001,COOK:7502001,COOK:EVANSTON WARD 2 PRECINCT 1,1.204417625,35.319966,11.9266342,11.9266342,11.9266342,11.9266342,2.523431498,11.9266342,2.523431498,18.275470498300002,39.81856067399076,16.088413653210445,5.9398883692987985,4.446412489303428,3.89855136879145,2.0803545155848804,19.60634532713766,40.270749042411644,17.14957777057883,5.2408183459552955,4.569022251658037,4.553521099464625,2.560803132913387,15.868785554959437,43.40536870848252,19.765876992427447,9.222730064528058,4.153116486738306,0.005262578883556645,0.006375399756346942,1.0,1.0,0.2,3.0,1.002726086,1.004361738,1.002180869,1.397819131,1.0518336,543.8351797,533.8908594,24.42978688,13.56964969,10.86013718,0.044921307,0.024951769,0.019969538,2961.91,685,1.0
COOK:7502002,COOK:7502002,COOK:Evanston Ward 2 Precinct 2,,,,,,,,,,0.473289784,0.203313488,0.25718532,0.070955231,0.027195455,0.001192846,0.3675,0.7194,0.2806,0.5934,0.1092,0.0501,0.0443,0.1961,0.152629055,0.123018801,0.086886501,0.098413285,0.1433328,0.173233068,0.108751306,0.060686163,0.05304902,0.017618464,0.085550755,0.004458351,4.93e-05,0.018338818,0.02855604,0.0022626,0.041849521,0.026355644,0.065820171,0.035145913,0.103198051,0.065823636,0.120796136,0.138309807,0.245866751,,0.169222686,0.55952381,168.0,0.376623377,154.0,0.776119403,402.0,51.1,126029,161.6684244,0.775186213,1.337829339,1.638388246,1.469482135,1.391541686,1.305221483,1.458175039,0.575668058,1.391541686,complete,COOK,Evanston Ward 2 Precinct 2,0,1,0,Evanston,1,0,0,381,254,169,130,98,65,0.01834,20.43008819706052,52,0.97578,40.96500121745247,104,0.0058,16.50800375883827,42,4e-05,6.018153573005399,15,0.0,4.624028323888164,12,4e-05,4.70708858023664,12,0.0,2.6441135144818646,7,COOK:7502002,COOK:7502002,COOK:EVANSTON WARD 2 PRECINCT 2,1.309022673,15.52526271,16.45126711,16.45126711,16.45126711,16.45126711,1.109200868,16.45126711,1.109200868,18.276953606283286,39.25458761794488,14.819272209853846,6.2357638385460925,4.267546694960398,3.8994069340574518,2.0784982683994824,20.08445391727855,40.09329972717311,16.250981198226526,5.865494068036603,4.48324650413682,4.584395667135253,2.5889658881326145,15.87026866294272,42.84139565243664,18.49673554907085,9.518605533775352,3.9742506923952767,0.006118144149558423,0.0045191525709489064,1.0,1.0,0.2,3.0,1.008459638,1.013535422,1.006767711,1.393232289,1.123308367,188.2021507,186.4006475,6.663091011,3.867738607,2.795352404,0.035403905,0.02055098,0.014852925,1237.52,254,0.9999999999999994
COOK:7502003,COOK:7502003,COOK:Evanston Ward 2 Precinct 3,,,,,,,,,,0.133118669,0.235009852,0.597180765,0.05352578,0.033799427,0.006280487,0.2185,0.8624,0.1376,0.7357,0.0998,0.02,0.0227,0.1013,0.060366648,0.16459384,0.134884084,0.051621063,0.116021437,0.136270249,0.110209026,0.055135029,0.170898624,0.021064972,0.02432616,0.027626283,0.014579799,0.355453064,0.021064416,0.006593895,0.082415028,0.021018578,0.019420553,0.017892744,0.060003684,0.011496472,0.100231727,0.089006243,0.127806386,,0.113019667,0.058823529,153.0,0.460122699,163.0,0.819095477,398.0,54.5,41777,212.4869917,0.535751559,-1.735656155,1.931452084,1.606202572,0.724007567,0.584437515,0.993410481,1.16437332,0.724007567,complete,COOK,Evanston Ward 2 Precinct 3,0,1,0,Evanston,1,0,0,494,329,219,171,129,86,0.01978,20.461009675588993,67,0.97436,40.99130828703114,135,0.0056,16.464802295890717,54,0.00014,6.035621057488047,20,2e-05,4.616986203806419,15,4e-05,4.712900207641681,16,6e-05,2.6827138508944746,9,COOK:7502003,COOK:7502003,COOK:EVANSTON WARD 2 PRECINCT 3,1.5,35.90836098,11.79214008,11.79214008,11.79214008,11.79214008,2.56546932,11.79214008,2.56546932,18.27715119491897,39.25511164544578,14.819457834739374,6.253954450955553,4.267577817481898,3.9057609253753918,2.081580775120664,20.07674797545785,40.08697373135403,16.241947470797932,5.882107983065538,4.48126213236515,4.590249470339193,2.5915482067397964,15.870466251578408,42.84191967993754,18.496921173956377,9.536796146184813,3.9742818149167776,0.012472135467498318,0.007601659292130504,1.0,1.0,0.2,3.0,1.004708999,1.007534398,1.003767199,1.396232801,1.294121887,383.0549715,379.3525441,14.05813617,7.552642154,6.505494017,0.036700049,0.019716862,0.016983186,1290.96,329,1.0000000000000002
COOK:7502004,COOK:7502004,COOK:Evanston Ward 2 Precinct 4,,,,,,,,,,0.368999262,0.210280383,0.362537238,0.044702483,0.038725364,0.00253349,0.3732,0.746,0.254,0.5838,0.1092,0.0408,0.0334,0.2157,0.141127649,0.130662488,0.092392491,0.117154263,0.146903422,0.14471714,0.135607124,0.052793255,0.038642168,0.044476209,0.001857262,0.019494952,0.00394847,0.013204441,0.043945144,0.0093794,0.004310373,0.056985841,0.016912163,0.064737815,0.101263693,0.076609087,0.115492165,0.120285201,0.307097784,,0.014146626,0.361403509,285.0,0.515358362,293.0,0.768352365,613.0,48.7,134281,303.4254804,0.114535177,0.121692871,2.125316836,1.444772739,1.152657572,0.951579406,1.387405058,0.85944027,1.152657572,complete,COOK,Evanston Ward 2 Precinct 4,0,1,0,Evanston,1,0,0,735,490,327,209,157,105,0.01864,20.446556742162826,100,0.97494,40.92429493109239,201,0.00624,16.51612711669637,81,6e-05,6.038359600330078,30,8e-05,4.6083943020676355,23,2e-05,4.697105564263,23,2e-05,2.663160130307543,13,COOK:7502004,COOK:7502004,COOK:EVANSTON WARD 2 PRECINCT 4,1.5,21.27884884,15.13612413,15.13612413,15.13612413,15.13612413,1.520265264,15.13612413,1.520265264,18.27725122005554,39.25537692346727,14.81955180347629,6.241511425940977,4.267593572610995,3.9010507135047754,2.0789113193549023,20.082226523638667,40.091899972403645,16.248306106140003,5.8707040059620885,4.482606760642458,4.5858770544135865,2.5892165469190447,15.870566276714973,42.84218495795902,18.497015142693293,9.524353121170236,3.974297570045874,0.0077619235968819315,0.00493220352636873,1.0,1.0,0.2,3.0,1.020192339,1.032307743,1.016153871,1.383846129,1.195666641,465.918252,461.51748,15.71657138,10.05831794,5.658253436,0.033732466,0.02158816,0.012144305,2437.85,490,1.0
COOK:7502005,COOK:7502005,COOK:Evanston Ward 2 Precinct 5,,,,,,,,,,0.350561715,0.129907422,0.444682452,0.071525879,0.034071153,3.71e-06,0.4618,0.9098,0.0902,0.7486,0.0463,0.0458,0.0003,0.1587,0.149626768,0.10684282,0.04499068,0.134371314,0.096415599,0.178159853,0.17048535,0.093331861,0.025775756,0.006932352,0.011423949,4.3e-05,0.006924887,0.018291365,0.000112999,0.038809066,0.027389475,0.150685127,0.038834454,0.102911749,0.066594216,0.116623708,0.03921189,0.180575335,0.194636425,,0.079039563,0.383084577,201.0,0.431372549,102.0,0.781990521,422.0,54.3,106655,105.2033497,0.390990395,0.254779371,1.830545524,1.488160012,1.135074339,0.991118826,1.302959678,0.798317228,1.135074339,complete,COOK,Evanston Ward 2 Precinct 5,0,1,0,Evanston,1,0,0,245,163,109,154,116,77,0.01918,20.504764437407346,33,0.97448,40.91194465305938,67,0.00604,16.46811235173396,27,0.0001,6.03128332223805,10,0.0001,4.581213856519008,7,8e-05,4.739676998442153,8,2e-05,2.6596377261010598,4,COOK:7502005,COOK:7502005,COOK:EVANSTON WARD 2 PRECINCT 5,1.5,21.76869523,15.02415604,15.02415604,15.02415604,15.02415604,1.55526229,15.02415604,1.55526229,18.276947137143218,39.25457046105076,14.819266132412299,6.245741206354963,4.267545675995162,3.9030697126540144,2.0804628968476933,20.080125223116703,40.08953678440394,16.245937840886967,5.874628632420865,4.48216407870212,4.587786169869936,2.5906582407189465,15.870262193802654,42.84137849554252,18.4967294716293,9.528582901584222,3.9742496734300405,0.009780922746121157,0.006483781019159691,1.0,1.0,0.2,3.0,1.046601752,1.074562803,1.037281401,1.362718599,1.31306477,141.2372284,139.6127783,6.315409194,2.348993844,3.96641535,0.044714905,0.016631549,0.028083356,306.29,163,1.0
COOK:7503001,COOK:7503001,COOK:Evanston Ward 3 Precinct 1,,,,,,,,,,0.76333708,0.077789885,0.059052351,0.088548471,0.015625834,0.001824577,0.5582,0.5579,0.4421,0.3609,0.2571,0.0493,0.0561,0.2765,0.093136169,0.110018647,0.15457925,0.150222489,0.153445662,0.14005144,0.091496846,0.078534418,0.026203578,0.057475879,0.005195744,0.015917645,0.00547554,0.0409063,0.048206557,0.054128729,0.016480414,0.039701639,0.0022835,0.03015996,0.11701989,0.091666488,0.042445619,0.143764905,0.286859689,,-0.151489679,0.573643411,258.0,0.034749035,259.0,0.444444444,594.0,44.8,117971,236.26176,-0.591104343,1.424500728,0.438486206,0.414319549,0.52450959,0.421550535,0.527896724,0.388075367,0.52450959,complete,COOK,Evanston Ward 3 Precinct 1,0,1,0,Evanston,1,0,0,572,379,254,196,147,98,0.0159,20.01801515466047,76,0.9762,41.14556628524472,156,0.0076,17.221261046956677,65,0.00012,5.496196575987453,21,0.00012,4.6672383476362755,18,6e-05,4.6489278255397695,18,0.0,2.6520786975607806,10,COOK:7503001,COOK:7503001,COOK:EVANSTON WARD 3 PRECINCT 1,1.2,44.33569336,9.865837627,9.865837627,9.865837627,9.865837627,3.167559253,9.865837627,3.167559253,18.276754160856747,39.679988486158265,15.77198590382833,6.009670327426737,4.4018398308723965,3.895820065261028,2.076895255465855,19.72658497415403,40.22965547307748,16.932654360201184,5.3902999849106585,4.548540815992703,4.558273642461638,2.564827719321797,15.870069217516184,43.266796520650026,19.449449243045333,9.292512022655997,4.108543828307275,0.0025312753531347995,0.0029161396373217695,1.0,1.0,0.2,3.0,1.026416004,1.042265606,1.021132803,1.378867197,1.005858316,465.4031747,460.7961682,16.40729731,13.73000297,2.677294343,0.035253944,0.029501309,0.005752634,1877.93,380,0.9976884723054638
COOK:7503002,COOK:7503002,COOK:Evanston Ward 3 Precinct 2,,,,,,,,,,0.751287828,0.064957756,0.072659887,0.083406656,0.013143258,0.00218523,0.5939,0.6111,0.3889,0.404,0.204,0.0375,0.0513,0.3032,0.093934041,0.110947167,0.148105551,0.148841474,0.148595073,0.136600461,0.091934412,0.079044098,0.023695707,0.056420222,0.007189631,0.015279525,0.007369919,0.039503958,0.046307322,0.052780986,0.016880206,0.035146149,0.001730763,0.033874944,0.115727654,0.091106587,0.043354357,0.138140245,0.280885518,,-0.09363271,0.498432602,319.0,0.177700348,287.0,0.543604651,688.0,44.9,117188,281.7310043,-0.344623574,0.962828667,0.940213159,0.729779422,0.700533092,0.572049419,0.77416584,0.373124221,0.700533092,complete,COOK,Evanston Ward 3 Precinct 2,0,1,0,Evanston,1,0,0,675,434,300,219,165,110,0.01736,20.058456029518684,87,0.97514,41.11275111244343,178,0.0073,17.138817235678637,74,6e-05,5.549856225342008,24,8e-05,4.703170100275078,20,2e-05,4.616492551321212,20,4e-05,2.685128210939611,12,COOK:7503002,COOK:7503002,COOK:EVANSTON WARD 3 PRECINCT 2,1.221782839,36.85921466,11.57479588,11.57479588,11.57479588,11.57479588,2.633402968,11.57479588,2.633402968,18.276812450943503,39.675967295537674,15.762698497235128,6.012534308813492,4.40053210488117,3.8960050828310258,2.076903085938514,19.72981656174577,40.2282061040872,16.925821989213816,5.395455643266824,4.547843677807498,4.558658052117789,2.565034941880609,15.870127507602936,43.262775330029434,19.44016183645213,9.295376004042751,4.107236102316048,0.0027162929231323053,0.0029239701099801783,1.0,1.0,0.2,3.0,1.049878364,1.079805382,1.039902691,1.360097309,1.004912647,247.1785182,244.735004,8.713317886,7.295515798,1.417802088,0.035251113,0.029515169,0.005735944,908.75,442,0.9816974936063521
COOK:7503003,COOK:7503003,COOK:Evanston Ward 3 Precinct 3,,,,,,,,,,0.721467116,0.069675513,0.096086916,0.095442684,0.016352296,0.000587408,0.6944,0.5595,0.4405,0.4709,0.1959,0.0467,0.011,0.2751,0.104197343,0.082671265,0.118864558,0.209253046,0.170991199,0.100873103,0.145125191,0.058023711,0.010000585,0.030440495,0.019924134,0.003258948,0.007369207,0.019159123,0.018530402,0.002574319,0.017177792,0.001776056,0.064676036,0.044244191,0.125958516,0.14263191,0.066066427,0.109478955,0.326733491,,0.019754071,,,0.272171254,327.0,,,43.7,125862,304.0198496,0.138423869,,1.271784789,,,,,0.446709156,0.446709156,demographic_only,COOK,Evanston Ward 3 Precinct 3,0,1,0,Evanston,1,0,0,741,494,329,165,124,83,0.01688,19.966118788136036,99,0.97582,41.09931075934733,203,0.00712,17.263371200443977,85,6e-05,5.491053342257924,27,6e-05,4.719770423573853,23,2e-05,4.6393807823531406,23,4e-05,2.6828220755443786,13,COOK:7503003,COOK:7503003,COOK:EVANSTON WARD 3 PRECINCT 3,1.5,47.77099793,9.080602713,9.080602713,9.080602713,9.080602713,3.412994251,9.080602713,3.412994251,18.276676004743813,39.72571481532471,15.874676320124067,5.988369804934879,4.416313501349729,3.896649264333973,2.0774596131832253,19.68730679380404,40.243292226331995,17.002778220839485,5.342846435615351,4.555057012219355,4.556633522902336,2.56292275840692,15.869991061403246,43.31252284981647,19.55213965934107,9.271211500164139,4.123017498784608,0.003360474426079471,0.0034804973546916475,1.0,1.0,0.2,3.0,1.222973865,1.356758185,1.178379092,1.221620908,1.005887775,241.8744875,237.1192347,11.76395818,5.373639723,6.390318453,0.048636623,0.022216645,0.026419977,1764.25,494,1.0000000000000002
COOK:7503004,COOK:7503004,COOK:Evanston Ward 3 Precinct 4,,,,,,,,,,0.75268919,0.067074393,0.073469071,0.061647795,0.011325849,0.001226687,0.6628,0.6298,0.3702,0.5003,0.2442,0.0301,0.0325,0.1929,0.056092136,0.079248806,0.054743119,0.166054686,0.227191841,0.075685652,0.236970494,0.060499519,0.01560234,0.064847361,0.028133741,0.00188235,0.023456804,0.008042819,0.007057798,0.001600883,0.036386856,0.000167421,0.048267688,0.075641204,0.071561407,0.136563363,0.089762661,0.146126142,0.232590091,,0.002942972,0.459854015,137.0,0.168141593,339.0,0.510204082,294.0,47.5,121784,352.7581246,0.066805658,0.726018879,0.906664079,0.623521684,0.664738417,0.580752575,0.729920718,0.262415405,0.664738417,complete,COOK,Evanston Ward 3 Precinct 4,0,1,0,Evanston,1,0,0,842,530,374,178,134,89,0.019,20.454023062587954,108,0.97504,41.01813281558875,217,0.0056,16.50206420935462,87,0.0001,6.025788503982649,32,0.00016,4.609725943177347,24,4e-05,4.649275003811891,25,6e-05,2.6569441889548044,14,COOK:7503004,COOK:7503004,COOK:EVANSTON WARD 3 PRECINCT 4,1.5,38.33308971,11.23790053,11.23790053,11.23790053,11.23790053,2.738703826,11.23790053,2.738703826,18.277059119852304,39.2548674519125,14.819371334705345,6.2260342313988675,4.267563314581809,3.895681628349988,2.0763458217179886,20.08876413404478,40.097223233340195,16.255976694602314,5.856564544098105,4.484297014737694,4.580934134636533,2.587077214659865,15.870374176511737,42.84167548640426,18.496834673922347,9.508875926628127,3.974267312016688,0.0023928384420948572,0.002366705889455257,1.0,1.0,0.2,3.0,1.189447699,1.303116319,1.15155816,1.24844184,1.002912245,292.2857571,285.8635355,15.53602476,7.462278001,8.073746761,0.053153547,0.025530762,0.027622785,1249.21,545,0.9720884489404759
COOK:7503005,COOK:7503005,COOK:Evanston Ward 3 Precinct 5,,,,,,,,,,0.674878137,0.069994308,0.072672328,0.164468027,0.009864428,0.00065836,0.6996,0.5698,0.4302,0.446,0.2838,0.0437,0.0319,0.1942,0.097397616,0.065878587,0.144796599,0.194427736,0.167731219,0.114876807,0.13395361,0.071448148,0.009489679,0.043923419,0.021369526,0.009826941,0.018970665,0.033222004,0.028858683,0.010313614,0.049566886,0.001680044,0.047284161,0.021949808,0.129847166,0.126643745,0.078682262,0.09491811,0.282942966,,-0.042588327,0.363636364,220.0,0.234567901,243.0,0.657232704,636.0,43.9,116421,246.9604057,-0.127165609,0.13539897,1.139805479,1.091266073,0.686523337,0.559826228,0.802519187,0.512635858,0.686523337,complete,COOK,Evanston Ward 3 Precinct 5,0,1,0,Evanston,1,0,0,599,399,266,211,159,106,0.0168,20.029380479786074,80,0.975,41.08272409685142,164,0.00794,17.25573826871502,69,0.00016,5.475412978918126,22,4e-05,4.687334116040262,19,4e-05,4.657671965910119,19,2e-05,2.671969381180995,11,COOK:7503005,COOK:7503005,COOK:EVANSTON WARD 3 PRECINCT 5,1.297905268,37.43273179,11.44370251,11.44370251,11.44370251,11.44370251,2.674377843,11.44370251,2.674377843,18.27589350027185,39.71528795949966,15.85525686076754,5.990980610165704,4.413556433018182,3.8972690830347374,2.0790106194091407,19.69427011335926,40.23925007074062,16.990114110865996,5.350445740694045,4.554038772840645,4.55774886929459,2.5649692923243252,15.869208556931284,43.302095993991415,19.532720199984542,9.273822305394964,4.120260430453061,0.003980293126844149,0.005031503580607237,1.0,1.0,0.2,3.0,1.093715101,1.149944161,1.074972081,1.325027919,1.008758342,68.57974747,67.24745529,3.327502847,1.552726715,1.774776132,0.048520197,0.022641184,0.025879012,1254.67,399,1.0
COOK:7504001,COOK:7504001,COOK:Evanston Ward 4 Precinct 1,,,,,,,,,,0.705923117,0.045910356,0.156177252,0.090377066,0.022081307,0.001580036,0.4366,0.4506,0.5494,0.3566,0.2645,0.0825,0.0406,0.2333,0.117565718,0.112506378,0.178833905,0.110160574,0.178227548,0.137924232,0.102577212,0.036835494,0.025368942,0.063202128,0.013307609,4.47e-05,0.023302637,0.043127663,0.013313651,0.000147541,0.020005481,0.112740987,0.073085944,0.10957674,0.079861052,0.029930965,0.083104323,0.142653144,0.192595389,,0.189150118,0.57037037,135.0,0.5625,128.0,0.763157895,304.0,44.3,83811,125.4119028,0.860080545,1.404409579,2.290773382,1.428247493,1.638947033,1.49587775,1.79792616,0.596639198,1.638947033,complete,COOK,Evanston Ward 4 Precinct 1,0,1,0,Evanston,1,0,0,312,208,139,99,75,50,0.016,20.02219586721624,42,0.97554,41.080990238434765,85,0.00832,17.23523550645063,36,6e-05,5.55815732275679,12,2e-05,4.637400595706749,10,6e-05,4.6450075517629825,10,0.0,2.643188607506218,5,COOK:7504001,COOK:7504001,COOK:EVANSTON WARD 4 PRECINCT 1,1.2,11.13239357,17.45538018,17.45538018,17.45538018,17.45538018,0.795352764,17.45538018,0.795352764,18.276733431024738,39.70081242104129,15.818677265594857,6.004269080612494,4.408421102490171,3.8977413112634856,2.0779528017818283,19.706927557808598,40.23430979977554,16.962371026267625,5.372582746601344,4.551039970933647,4.558957745779533,2.5646481229532068,15.870048487684173,43.287620455533045,19.49614060481186,9.287110775841754,4.1151250999250495,0.004452521355592327,0.003973685953294766,1.0,1.0,0.2,3.0,1.021247495,1.033995991,1.016997996,1.383002004,1.015451918,101.8232043,100.6060826,2.840923923,0.815307446,2.025616477,0.027900555,0.008007089,0.019893466,554.02,208,1.0000000000000002
COOK:7504002,COOK:7504002,COOK:Evanston Ward 4 Precinct 2,,,,,,,,,,0.684346628,0.090102848,0.128464983,0.089222354,0.018627256,0.002940493,0.4353,0.4571,0.5429,0.3826,0.2537,0.0721,0.0346,0.2348,0.107923045,0.09686981,0.17483285,0.105398098,0.165278853,0.161015918,0.10720829,0.052329733,0.029143405,0.048638718,0.014222162,4.63e-05,0.02429497,0.034386137,0.026281252,7.51e-05,0.01219045,0.101104398,0.097074175,0.109225495,0.1032187,0.046541716,0.095092745,0.113398619,0.174209098,,0.085146719,0.542056075,214.0,0.277777778,180.0,0.697368421,456.0,45.9,82862,169.9895933,0.417007944,1.230605852,1.291462427,1.218950439,1.126952114,1.039506666,1.177343266,0.519605105,1.126952114,complete,COOK,Evanston Ward 4 Precinct 2,0,1,0,Evanston,1,0,0,401,267,178,162,122,81,0.01914,20.452222923378848,55,0.97482,40.977121591318735,109,0.00586,16.522951866885542,44,0.00012,5.983813404860711,16,4e-05,4.634334226178898,12,0.0,4.79700480097163,13,2e-05,2.6838189649551496,7,COOK:7504002,COOK:7504002,COOK:EVANSTON WARD 4 PRECINCT 2,1.2,21.99817495,14.97170203,14.97170203,14.97170203,14.97170203,1.571657446,14.97170203,1.571657446,18.276746521395097,39.254038405303916,14.819077663702288,6.228814865753427,4.267514076668041,3.897183261611078,2.0776346005947506,20.087282479015236,40.09538187370506,16.25433291322699,5.859166344160802,4.484012000701311,4.582365566835555,2.5882957924745584,15.87006157805453,42.84084643979567,18.49654100291929,9.511656560982686,3.9742180741029203,0.0038944717031849157,0.0036554847662169454,1.0,1.0,0.2,3.0,1.030278762,1.04844602,1.02422301,1.37577699,1.019690679,244.5630068,241.6777662,7.063364057,2.463936976,4.599427081,0.028881572,0.010074856,0.018806716,1283.9,267,0.9999999999999997
COOK:7504003,COOK:7504003,COOK:Evanston Ward 4 Precinct 3,,,,,,,,,,0.548530802,0.070472037,0.033216263,0.33676337,0.001964668,3.28e-06,0.6435,0.3967,0.6033,0.3137,0.3092,0.1285,0.0586,0.1898,0.025899893,0.02340708,0.42696213,0.129591345,0.043052751,0.088614757,0.11507422,0.093887412,0.053510413,0.155627625,0.034158875,0.027156736,0.050746418,0.018895229,0.01067352,0.061493833,0.075465083,0.015300644,0.029664884,0.079113816,0.12039351,0.036657966,0.11080724,0.068439229,0.105405394,,-0.028789085,0.420289855,138.0,-0.052631579,133.0,0.572864322,398.0,33.2,63947,148.2951173,-0.068378433,0.483159275,0.131799906,0.822863658,0.362378935,0.342361101,0.320266696,1.064164252,0.362378935,complete,COOK,Evanston Ward 4 Precinct 3,0,1,0,Evanston,1,0,0,353,235,157,154,116,77,0.01498,19.76248470360968,46,0.9768,41.11710971269292,97,0.0081,17.72062502620194,42,2e-05,5.20218386443521,12,4e-05,4.747236867578575,11,4e-05,4.645196754683221,11,2e-05,2.6956167531700332,6,COOK:7504003,COOK:7504003,COOK:EVANSTON WARD 4 PRECINCT 3,1.2,51.52153165,8.223313364,8.223313364,8.223313364,8.223313364,3.680950764,8.223313364,3.680950764,18.273940277433162,39.998236786688,16.498031445951646,5.842215424704494,4.504115385534022,3.8991862840284335,2.083079585407268,19.45572860195915,40.327544953100976,17.429527693917297,5.043320566982879,4.595794584932678,4.544774190596179,2.554146378630345,15.867255334092597,43.58504482117975,20.17549478516865,9.125057119933754,4.210819382968901,0.005897494120540198,0.009100469578734532,1.0,1.0,0.2,3.0,1.007828585,1.012525736,1.006262868,1.393737132,1.01453096,108.9228596,106.8457836,5.31643254,2.822902436,2.493530104,0.048809153,0.025916529,0.022892624,1002.64,235,1.0000000000000002
COOK:7504004,COOK:7504004,COOK:Evanston Ward 4 Precinct 4,,,,,,,,,,0.717049361,0.067632695,0.122335504,0.066769822,0.016218737,0.000670986,0.5857,0.5169,0.4831,0.373,0.1727,0.1568,0.0597,0.2066,0.067691373,0.122973018,0.166247921,0.09741107,0.090286503,0.131491259,0.176571661,0.109060066,0.038267128,0.062142258,0.066671074,0.024013816,0.020581769,0.013248842,0.014369976,0.03008435,0.023684297,0.017639437,0.075377601,0.059721084,0.098849156,0.056583408,0.082757075,0.133465406,0.220810452,,-0.142459546,0.73126615,387.0,0.206730769,416.0,0.584816133,843.0,52.6,98386,341.1679251,-0.552634403,2.392048022,1.042103407,0.860886136,1.095074571,0.93560079,1.116375095,0.853696384,1.095074571,complete,COOK,Evanston Ward 4 Precinct 4,0,1,0,Evanston,1,0,0,842,561,374,255,192,128,0.01966,20.412257544064566,115,0.97414,40.98406754860059,230,0.00584,16.512292069406914,93,0.00016,6.042616508995848,34,4e-05,4.568164081836349,26,0.00016,4.716404631845008,26,0.0,2.743906450037132,15,COOK:7504004,COOK:7504004,COOK:EVANSTON WARD 4 PRECINCT 4,1.2,22.91850485,14.7613349,14.7613349,14.7613349,14.7613349,1.637410326,14.7613349,1.637410326,18.277001054091834,39.25471345492153,14.819316784755635,6.228608109801841,4.267554168545285,3.89671377433472,2.0769871470306795,20.087597120929928,40.09610833605347,16.25463197935957,5.858932465192555,4.484020712550367,4.5818970483411565,2.5876493076924474,15.870316110751267,42.84152148941329,18.496780123972638,9.5114498050311,3.974258165980164,0.0034249844268267405,0.0030080312021461978,1.0,1.0,0.2,3.0,1.009251535,1.014802456,1.007401228,1.392598772,1.042067498,490.7259445,483.4292525,20.26487093,10.45210479,9.812766148,0.041295699,0.021299271,0.019996428,2495.45,561,0.9999999999999997
COOK:7504005,COOK:7504005,COOK:Evanston Ward 4 Precinct 5,,,,,,,,,,0.667997955,0.091685146,0.191352506,0.036159656,0.026672286,0.012727789,0.3967,0.4915,0.5085,0.3949,0.2714,0.0603,0.0301,0.2323,0.127572667,0.108672637,0.080854656,0.08256927,0.205860594,0.169905978,0.152914785,0.046456801,0.025192613,0.06756076,0.01142235,0.019698829,0.025336809,0.030942156,0.011298597,7.49e-05,0.019714642,0.162890775,0.025601889,0.062040279,0.070550832,0.047906384,0.078911809,0.132372899,0.2336761,,0.042002814,0.572327044,159.0,0.253731343,134.0,0.742765273,311.0,50.1,97472,103.1230575,0.233207391,1.416420375,1.207064849,1.363372135,1.152401933,1.055016188,1.182811666,0.464636473,1.152401933,complete,COOK,Evanston Ward 4 Precinct 5,0,1,0,Evanston,1,0,0,240,160,107,100,75,50,0.01808,20.456493909955388,33,0.9758,40.98747666786329,66,0.006,16.53419574152155,26,2e-05,5.998863139875316,10,6e-05,4.602441503395515,7,2e-05,4.6896419859534095,8,2e-05,2.6653991869311016,4,COOK:7504005,COOK:7504005,COOK:EVANSTON WARD 4 PRECINCT 5,1.2,21.28590282,15.13451174,15.13451174,15.13451174,15.13451174,1.520769234,15.13451174,1.520769234,18.27734806564935,39.25563376898026,14.819642785187874,6.232444796980038,4.2676088269249135,3.8975815382152716,2.0769090666325054,20.086241001447995,40.09555172590907,16.252959211188376,5.862385776281708,4.483585527716822,4.582653656251479,2.5874600713240437,15.870663122308782,42.84244180347202,18.497106124404876,9.515286492209297,3.9743128243597927,0.004292748307378121,0.0029299508039720406,1.0,1.0,0.2,3.0,1.033070486,1.052912777,1.026456389,1.373543611,1.035944101,118.1881457,116.8518319,3.464385723,1.343755994,2.120629728,0.029312464,0.011369634,0.017942829,640.92,160,1.0
COOK:7504006,COOK:7504006,COOK:Evanston Ward 4 Precinct 6,,,,,,,,,,0.641279696,0.049509428,0.087275951,0.205636043,0.010477027,0.001160186,0.6375,0.332,0.668,0.3447,0.1621,0.1819,0.0833,0.2181,0.06287314,0.070349091,0.338240281,0.130166576,0.066331524,0.089540205,0.119551633,0.084439856,0.038507696,0.083016749,0.007010622,0.02388988,0.043175576,0.014814674,0.019340585,0.094309127,0.052291674,5.84e-05,0.076166447,0.08297852,0.136387107,0.027444558,0.070548028,0.053632911,0.21493514,,-0.014547946,0.547619048,336.0,0.136645963,322.0,0.627421759,671.0,36.1,75540,280.5422659,-0.0077087,1.26475346,0.796121503,0.996428061,0.842781601,0.762398581,0.849526185,1.200366184,0.842781601,complete,COOK,Evanston Ward 4 Precinct 6,0,1,0,Evanston,1,0,0,647,431,287,225,169,113,0.0139,19.768698779314832,85,0.9773,41.18529111850609,178,0.00866,17.65388970880452,76,2e-05,5.217304933683724,22,8e-05,4.721648049025067,20,2e-05,4.662012539474363,20,2e-05,2.6356136122946,11,COOK:7504006,COOK:7504006,COOK:EVANSTON WARD 4 PRECINCT 6,1.2,31.31212983,12.84273722,12.84273722,12.84273722,12.84273722,2.237092037,12.84273722,2.237092037,18.275426799851083,40.002179212956506,16.499427961255765,5.845790988659137,4.504349530204093,3.8981954885590797,2.0802327544198183,19.455551113968127,40.33001382366793,17.4287412385992,5.046309298374046,4.595373783745862,4.543665779624121,2.5511819321401905,15.868741856510516,43.58898724744826,20.176891300472768,9.128632683888396,4.211053527638971,0.00490669865118651,0.006253638591284653,1.0,1.0,0.2,3.0,1.006697853,1.010716565,1.005358283,1.394641717,1.022565186,288.7553091,282.6451958,14.95261152,8.100721721,6.851889795,0.051782984,0.028053932,0.023729052,1378.17,431,0.9999999999999996
COOK:7504007,COOK:7504007,COOK:Evanston Ward 4 Precinct 7,,,,,,,,,,0.642077896,0.048844193,0.101731177,0.198655505,0.006495568,0.0,0.5991,0.4747,0.5253,0.2967,0.3776,0.0321,0.0633,0.2303,0.032581856,0.031502857,0.19128984,0.159069523,0.069245681,0.123300458,0.189337237,0.105046089,0.09862646,0.101927847,0.049033805,8.96e-05,0.049064208,0.035016035,0.015783614,0.071836804,0.075388772,0.02987444,0.014071941,0.057898028,0.099962496,0.031621915,0.194506387,0.056262699,0.117661374,,-0.160029931,,,0.115942029,138.0,,,53.3,75004,117.9822877,-0.627487305,,0.723455351,,,,,0.59792657,0.59792657,demographic_only,COOK,Evanston Ward 4 Precinct 7,0,1,0,Evanston,1,0,0,279,186,124,99,75,50,0.01848,20.465729561704666,38,0.97546,40.939185388761565,76,0.00586,16.542604711769567,31,0.0001,6.0054036005840725,11,2e-05,4.621761738300903,9,4e-05,4.711514571702394,9,4e-05,2.706669140239354,5,COOK:7504007,COOK:7504007,COOK:EVANSTON WARD 4 PRECINCT 7,1.2,41.15320435,10.59328448,10.59328448,10.59328448,10.59328448,2.940186639,10.59328448,2.940186639,18.275505934585716,39.250748228198816,14.81791219290649,6.226809326058475,4.267318669733257,3.8983683596908136,2.080201597614179,20.087054978619733,40.092972992373255,16.254397501545405,5.85754609833291,4.484296782634831,4.583628246017333,2.590940370596029,15.868820991245153,42.83755626269057,18.495375532123493,9.509651021287734,3.974022667168135,0.005079569782920396,0.006222481785645811,1.0,1.0,0.2,3.0,1.012667516,1.020268025,1.010134013,1.389865987,1.009494661,40.23328515,39.7898969,1.351928968,0.692625312,0.659303656,0.033602252,0.017215231,0.01638702,692.77,186,1.0
COOK:7505001,COOK:7505001,COOK:Evanston Ward 5 Precinct 1,,,,,,,,,,0.122626221,0.256747952,0.607204034,0.0193155,0.040753156,0.001498083,0.1642,0.5008,0.4992,0.7748,0.0337,0.0,0.04,0.1331,0.181024628,0.147301391,0.166609621,0.148765006,0.112952631,0.076499006,0.089229653,0.052276136,0.025341929,0.040590907,0.114562335,0.16422787,0.012444788,0.028711625,0.068178969,0.106135324,0.000443888,0.006664025,0.000124269,0.069315718,0.109666931,0.110317816,0.02600901,0.092158856,0.05044767,,0.035449682,0.010752688,186.0,0.465346535,202.0,0.819277108,498.0,40.5,38358,259.7393437,0.205289907,-2.030732947,1.949786573,1.606780398,0.607230649,0.432780983,0.910631768,1.236178064,0.607230649,complete,COOK,Evanston Ward 5 Precinct 1,0,1,0,Evanston,1,0,0,609,406,271,151,114,76,0.01596,19.889977978729238,81,0.97644,41.00927972547094,166,0.00748,17.449590968740807,71,6e-05,5.352718845174301,22,4e-05,4.692985859386741,19,2e-05,4.6913899918844235,19,0.0,2.6955956581359306,11,COOK:7505001,COOK:7505001,COOK:EVANSTON WARD 5 PRECINCT 1,1.5,40.75561677,10.68416423,10.68416423,10.68416423,10.68416423,2.911781033,10.68416423,2.911781033,18.277539019099535,39.86162866901472,16.17443643318482,5.948388411688291,4.458590471782647,3.905422912627051,2.0807956212039045,19.565613859134558,40.277948465993454,17.194207655122035,5.22548589303683,4.571375685490606,4.557676908054918,2.5585285032871026,15.87085407575897,43.448436703506474,19.851899772401822,9.23123010691755,4.1652944692175256,0.012134122719157767,0.0068165053753711565,1.0,1.0,0.2,3.0,1.00116997,1.001871953,1.000935976,1.399064024,1.294745614,298.4691841,296.6344943,9.573950749,2.746292636,6.827658112,0.032076848,0.00920126,0.022875588,1937.62,406,1.0
COOK:7505002,COOK:7505002,COOK:Evanston Ward 5 Precinct 2,,,,,,,,,,0.575980078,0.075687274,0.093391679,0.246105071,0.005143003,0.001363663,0.3449,0.2545,0.7455,0.2668,0.0617,0.0664,0.4512,0.1538,0.057602691,0.074432499,0.516891288,0.071095435,0.056644037,0.067733386,0.064737793,0.066848545,0.024014325,0.190484653,0.041308106,0.011168797,0.058982117,0.039918386,0.04692321,0.05596604,0.041511313,0.021378435,0.104889214,0.062068353,0.030808058,0.065886611,0.050305193,0.03026269,0.148138825,,0.226000343,0.538461538,195.0,0.300813008,246.0,0.718574109,533.0,27.4,48213,287.971881,1.017068924,1.20854124,1.372310903,1.286412417,1.256607569,1.221083371,1.286853075,1.577316901,1.256607569,complete,COOK,Evanston Ward 5 Precinct 2,0,1,0,Evanston,1,0,0,695,463,309,224,168,112,0.04812,18.710668539270948,87,0.8445,33.99838398632763,157,0.1045,22.180690453492208,103,0.00028,4.760801702821765,22,0.0022,9.109803678391065,42,0.00034,4.801686920775708,22,6e-05,2.8501219784789695,13,COOK:7505002,COOK:7505002,COOK:EVANSTON WARD 5 PRECINCT 2,1.201223388,18.57350232,15.75450672,15.75450672,15.75450672,15.75450672,1.326982047,15.75450672,1.326982047,16.85651294744184,31.873310284119807,18.180587074818686,4.705265910296836,7.613359774104537,3.898945587474352,2.081348451309063,18.245222311710975,33.09507261853853,21.73664559063415,4.627002164124486,8.930761182782756,4.654125675919275,2.6620074264093176,14.449828004101274,35.46011831861156,21.858050414035688,7.988107605526095,7.320063771539416,0.005656797566458644,0.007369335480529772,1.0,1.0,0.2,3.0,1.001002614,1.001604182,1.000802091,1.399197909,1.02543401,324.2627099,320.1775104,4.595849431,2.042599747,2.553249684,0.014173228,0.006299213,0.007874016,3518.58,463,0.9999999999999997
COOK:7505003,COOK:7505003,COOK:Evanston Ward 5 Precinct 3,,,,,,,,,,0.200094474,0.17519338,0.562925044,0.059764043,0.029990779,0.004435587,0.2285,0.4136,0.5864,0.5651,0.0789,0.0121,0.0752,0.2222,0.123969098,0.184634178,0.107128787,0.122830772,0.182324795,0.096807309,0.092539871,0.063039574,0.026725615,0.092756508,0.040871916,0.039038872,0.067463361,0.024503236,0.045315308,0.051766348,0.03284699,0.147149831,0.069708886,0.084757186,0.086640597,0.066274499,0.010131865,0.025334062,0.115440531,,0.083595762,0.195652174,184.0,0.581395349,172.0,0.792494481,453.0,44.8,48583,247.8519595,0.410400597,-0.895750783,2.357091807,1.52157642,1.042998631,0.84832951,1.34475109,1.414582651,1.042998631,complete,COOK,Evanston Ward 5 Precinct 3,0,1,0,Evanston,1,0,0,594,396,264,158,119,79,0.01638,19.993534456920077,79,0.97602,41.067937089195624,163,0.00748,17.203655145364685,68,6e-05,5.573941137740492,22,4e-05,4.658293170608296,18,2e-05,4.692412140442111,19,0.0,2.6801149519603547,11,COOK:7505003,COOK:7505003,COOK:EVANSTON WARD 5 PRECINCT 3,1.272019058,24.4899049,14.40214748,14.40214748,14.40214748,14.40214748,1.749678848,14.40214748,1.749678848,18.27708047497058,39.68085390824585,15.77229246002178,6.036644509334406,4.401891229162527,3.905190616575836,2.0813867280979395,19.71551657925172,40.22054644531837,16.91898199450337,5.414681238655336,4.545589589681071,4.566923062266091,2.5685980604435255,15.870395531630015,43.26766194273761,19.449755799238783,9.319486204563665,4.108595226597406,0.011901826667942698,0.007407612269406122,1.0,1.0,0.2,3.0,1.001002161,1.001603457,1.000801728,1.399198272,1.090750541,389.0242924,385.7671054,13.28870795,4.499241878,8.789466069,0.03415907,0.011565452,0.022593618,3044.52,396,1.0000000000000002
COOK:7506001,COOK:7506001,COOK:Evanston Ward 6 Precinct 1,,,,,,,,,,0.828757625,0.039073519,0.032333815,0.071319935,0.006014442,0.001501044,0.5924,0.7767,0.2233,0.5352,0.0988,0.0244,0.0329,0.2962,0.1192549,0.122760175,0.039519858,0.06762629,0.137369726,0.141687396,0.12824138,0.088119784,0.15542049,0.027442191,0.026173133,0.023533207,0.007834034,0.007835513,0.011801764,0.006532992,0.00262524,0.014373028,0.024851503,0.064032384,0.041974202,0.085118433,0.048505105,0.102175069,0.505192201,,-0.350761842,0.591731266,387.0,0.01305483,383.0,0.384439359,874.0,57.8,201028,350.6778324,-1.440038479,1.535530744,0.362344426,0.22342446,0.350553578,0.170315288,0.388959406,-0.180487616,0.350553578,complete,COOK,Evanston Ward 6 Precinct 1,0,1,0,Evanston,1,0,0,818,545,363,266,200,133,0.01888,20.813266562302413,113,0.97538,41.330730130299976,225,0.0056,16.22680948194747,88,2e-05,5.534390665185286,30,4e-05,4.547568326387082,25,6e-05,4.711527148427878,26,2e-05,2.708342097334398,15,COOK:7506001,COOK:7506001,COOK:EVANSTON WARD 6 PRECINCT 1,1.5,52.04668383,8.10327515,8.10327515,8.10327515,8.10327515,3.71847021,8.10327515,3.71847021,18.600633238610524,39.61536426523698,14.53058541787576,5.863077312808186,4.185049083505799,3.895030788054625,2.076169506721533,20.49553806142093,40.50060098511448,15.945996895474089,5.444650597492837,4.39361703992017,4.58190789268737,2.58852549800961,16.19394829526996,43.20217229972873,18.20804875709276,9.145919008037446,3.8917530809406773,0.001741998146731474,0.002190390892999228,1.0,1.0,0.2,3.0,1.000119867,1.000191787,1.000095894,1.399904106,1.12970274,423.5760187,420.6413207,7.457323258,4.792206519,2.665116738,0.017605631,0.011313687,0.006291944,1914.39,545,0.9999999999999994
COOK:7506002,COOK:7506002,COOK:Evanston Ward 6 Precinct 2,,,,,,,,,,0.87816546,0.035910499,0.045164025,0.026728682,0.010889224,9.4e-06,0.6258,0.9585,0.0415,0.4976,0.1385,0.0289,0.0456,0.2817,0.12492004,0.151654923,0.02061095,0.026882948,0.217991254,0.150368168,0.188792587,0.088441978,0.030337152,5.8e-05,0.033250742,0.018144145,7.75e-06,1.11e-05,0.01517785,4e-05,3.29e-05,0.003035348,0.009136727,0.01824069,0.072824438,0.154152654,0.057599213,0.148357717,0.469930748,,-0.327789464,0.601895735,211.0,0.041860465,215.0,0.489959839,498.0,54.9,189866,187.5234849,-1.342172146,1.597924054,0.463445725,0.559118366,0.500140787,0.319579,0.528914132,-0.068903137,0.500140787,complete,COOK,Evanston Ward 6 Precinct 2,0,1,0,Evanston,1,0,0,464,309,206,140,105,70,0.0198,20.484146438445304,63,0.97396,40.94564436505067,127,0.0061,16.494646911388212,51,4e-05,6.021056186350056,19,6e-05,4.594229827610822,14,4e-05,4.682982480587292,14,0.0,2.6682561374955496,8,COOK:7506002,COOK:7506002,COOK:EVANSTON WARD 6 PRECINCT 2,1.8,45.4064992,9.621075012,9.621075012,9.621075012,9.621075012,3.244062871,9.621075012,3.244062871,18.277454979704522,39.255917317196236,14.819743225727805,6.224713437103969,4.267625667139278,3.894585635268763,2.0751436615705194,20.089686663742313,40.09872847207294,16.25694668115502,5.855285338636207,4.48441901955847,4.579866940998715,2.585903853955803,15.870770036363956,42.84272535168799,18.497206564944808,9.507555132333229,3.974329664574157,0.0012968453608697217,0.0011645457419861742,1.0,1.0,0.2,3.0,1.000061286,1.000098058,1.000049029,1.399950971,1.132561806,224.9988271,223.7139059,3.642944766,2.783995963,0.858948803,0.01619095,0.01237338,0.00381757,790.53,309,1.0000000000000002
COOK:7506003,COOK:7506003,COOK:Evanston Ward 6 Precinct 3,,,,,,,,,,0.886786063,0.027989546,0.0277029,0.051778077,0.00146283,2.34e-05,0.6372,0.9749,0.0251,0.449,0.1583,0.0192,0.0318,0.329,0.132095351,0.144832679,0.008882009,0.036821608,0.192706866,0.151583228,0.204188269,0.083454129,0.045435861,0.000301941,0.048103483,0.034739513,0.000135016,0.000199895,0.027271812,0.00027517,0.00010789,0.016061459,0.000436167,0.033220047,0.094457364,0.15052015,0.05447029,0.140073157,0.399626647,,-0.204145471,0.584541063,207.0,0.113122172,221.0,0.531827515,487.0,56.5,164171,186.6319311,-0.815427192,1.49139459,0.713558288,0.69231264,0.673358129,0.520459581,0.711977871,-0.077831499,0.673358129,complete,COOK,Evanston Ward 6 Precinct 3,0,1,0,Evanston,1,0,0,450,300,200,142,107,71,0.019,20.725732259242218,62,0.9749,41.19620475165185,124,0.00588,16.30249885990444,49,4e-05,5.815783533693854,17,0.0001,4.578302310522598,14,6e-05,4.6685203155897375,14,2e-05,2.678893468366752,8,COOK:7506003,COOK:7506003,COOK:EVANSTON WARD 6 PRECINCT 3,1.8,37.97562713,11.31960859,11.31960859,11.31960859,11.31960859,2.713164947,11.31960859,2.713164947,18.45057302564205,39.44844326928937,14.664824890120595,6.030410033219678,4.2233861381073154,3.8946358821000873,2.07561330745261,20.30718808283477,40.31412819922013,16.090723652175626,5.634906022468422,4.435862519090384,4.580786091161152,2.5872424031690064,16.043888082301486,43.03525130378113,18.342288229337598,9.313251728448938,3.930090135542194,0.0013470921921936742,0.0016341916240767856,1.0,1.0,0.2,3.0,1.000048719,1.000077951,1.000038975,1.399961025,1.2685455,324.9221122,323.0721058,5.246254414,4.011603213,1.234651201,0.016146191,0.012346353,0.003799837,1046.67,300,1.0
COOK:7506004,COOK:7506004,COOK:Evanston Ward 6 Precinct 4,,,,,,,,,,0.871873615,0.017809786,0.057909439,0.043053499,0.003928322,0.000895706,0.6067,0.7927,0.2073,0.5515,0.203,0.0149,0.0054,0.2178,0.16846463,0.10135294,0.027598932,0.106982703,0.165945183,0.077094361,0.141711354,0.067749886,0.143100011,0.018545377,0.037310373,0.02411619,0.004763501,0.004673234,0.030825663,0.003713407,5.58e-07,0.006659869,0.022025049,0.065269724,0.048565915,0.091016962,0.110556941,0.122932934,0.409024304,,-0.283829859,0.617312073,439.0,-0.009756098,410.0,0.480176211,908.0,56.4,162998,364.0511396,-1.154896569,1.692555299,0.2822832,0.527993562,0.48070185,0.336983873,0.469761715,-0.23032524,0.48070185,complete,COOK,Evanston Ward 6 Precinct 4,0,1,0,Evanston,1,0,0,869,579,386,171,129,86,0.01904,20.569572254275997,119,0.97502,41.177498437446516,238,0.00564,16.31835559066847,94,0.00014,5.791531986915982,34,4e-05,4.582033068986737,27,0.00012,4.646812357652312,27,0.0,2.717849465281842,16,COOK:7506004,COOK:7506004,COOK:EVANSTON WARD 6 PRECINCT 4,1.8,46.26449741,9.424955531,9.424955531,9.424955531,9.424955531,3.305362469,9.424955531,3.305362469,18.439111797124458,39.43582030739188,14.675227911345132,6.0449470649424635,4.22634803696914,3.89508851979185,2.075700608495085,20.292051563883454,40.29936771986048,16.101076430900093,5.6510521099360655,4.438926529877262,4.581135820151789,2.5872267955103547,16.032426853783893,43.02262834188363,18.352691250562135,9.327788760171723,3.9330520344040196,0.0017997298839566632,0.0017214926665513374,1.0,1.0,0.2,3.0,1.000168664,1.000269862,1.000134931,1.399865069,1.441425005,411.3253339,408.3598031,7.37564592,4.548385613,2.827260308,0.017931417,0.011057879,0.006873538,1646.59,579,1.000000000000001
COOK:7506005,COOK:7506005,COOK:Evanston Ward 6 Precinct 5,,,,,,,,,,0.853446097,0.045819698,0.032728831,0.054063577,0.003280702,0.000820549,0.6054,0.6954,0.3046,0.3445,0.1729,0.0,0.0588,0.4101,0.10327568,0.121307396,0.048367292,0.113022061,0.137642632,0.122518949,0.177674663,0.089209526,0.086981801,0.022316185,0.003762121,0.012421876,0.042028673,0.011138471,0.070469062,0.011141187,0.025964485,0.050702345,0.045792563,0.124991255,0.052046949,0.068158914,0.021159973,0.073210851,0.364695091,,-0.237399688,0.655737705,366.0,0.075718016,383.0,0.443890274,802.0,55.6,109986,298.9677113,-0.957095951,1.928426193,0.582278114,0.412556559,0.645478635,0.491541229,0.663626012,0.128683497,0.645478635,complete,COOK,Evanston Ward 6 Precinct 5,0,1,0,Evanston,1,0,0,720,480,320,242,182,121,0.01872,20.5408242892369,99,0.97558,41.06770171447495,197,0.00554,16.48386421547412,79,6e-05,5.966101638817509,29,8e-05,4.561062216039337,22,2e-05,4.69164426241703,23,0.0,2.6822452632558074,13,COOK:7506005,COOK:7506005,COOK:EVANSTON WARD 6 PRECINCT 5,1.5,39.13733137,11.05406861,11.05406861,11.05406861,11.05406861,2.796162792,11.05406861,2.796162792,18.346505905362307,39.33240710745551,14.757591484051577,6.146609766538943,4.249898937127309,3.8947694570363924,2.075724989983758,20.176636235353627,40.184512137177556,16.190522671033953,5.766852229695149,4.465055529074893,4.580411874090806,2.586846293693503,15.93982096202174,42.91921514194727,18.43505482326858,9.429451461768203,3.956602934562188,0.0014806671284991221,0.0017458741552246367,1.0,1.0,0.2,3.0,1.000111393,1.000178228,1.000089114,1.399910886,1.085195792,319.707147,317.4340278,5.888041793,3.75795177,2.130090023,0.018416985,0.011754356,0.006662629,1614.62,480,1.0
COOK:7506006,COOK:7506006,COOK:Evanston Ward 6 Precinct 6,,,,,,,,,,0.927781237,0.018149124,0.018673964,0.022750509,0.005731372,0.001255589,0.5693,0.7705,0.2295,0.3982,0.1467,0.0041,0.0549,0.3778,0.120034944,0.133382638,0.03171002,0.09901768,0.140218559,0.117843483,0.13487843,0.101815903,0.12109834,0.027441196,0.009640958,0.018911732,0.020084258,0.004170185,0.040150381,0.015513192,0.004000835,0.035796534,0.022182163,0.082354617,0.064719526,0.047345474,0.043699135,0.069687991,0.494301822,,-0.356878983,,,0.091428571,350.0,,,56.8,195912,314.7184953,-1.466098565,,0.637418628,,,,,-0.182851815,-0.182851815,demographic_only,COOK,Evanston Ward 6 Precinct 6,0,1,0,Evanston,1,0,0,758,505,337,203,153,102,0.0077,21.98574873327776,111,0.99194,45.968502679501995,232,0.00036,11.960046591976727,60,0.0,4.826407750282333,24,0.0,3.2700333633650276,17,0.0,4.693910285149777,24,0.0,2.671538149204334,13,COOK:7506006,COOK:7506006,COOK:EVANSTON WARD 6 PRECINCT 6,1.8,73.85801148,3.477535025,3.477535025,3.477535025,3.477535025,5.276778369,3.477535025,3.477535025,19.619230574374487,43.997816971509195,10.99075848247586,5.2310123479497,3.21106657513423,3.8940073854621997,2.0747647668773066,21.760237069511355,45.19071400783647,11.833738211355847,4.732755525098601,3.2577929133998,4.584681487423493,2.5909177554939316,17.212545631033922,47.58462500600095,14.668221821692862,8.51385404317896,2.917770572569109,0.0007185955543062403,0.0007856510487731199,1.0,1.0,0.2,3.0,1.000381825,1.000610921,1.00030546,1.39969454,1.356380938,393.2782105,390.1716701,7.544455388,4.290611003,3.253844385,0.019183507,0.010909862,0.008273645,1664.65,505,0.9999999999999996
COOK:7507001,COOK:7507001,COOK:Evanston Ward 7 Precinct 1,,,,,,,,,,0.833130337,0.041561632,0.043603374,0.07130973,0.006229672,2.5e-06,0.6301,0.6204,0.3796,0.4626,0.1579,0.0012,0.0339,0.3324,0.130341139,0.081041285,0.05158895,0.094003563,0.164565712,0.166697699,0.160207355,0.094505887,0.05704841,0.024171297,0.004396111,0.054862731,0.014308991,0.00440184,0.030804156,0.01427909,0.009910382,0.049422757,0.038460912,0.186639144,0.048392935,0.052753302,0.050529969,0.153722484,0.262943898,,-0.128049976,0.644230769,416.0,0.188172043,372.0,0.567447046,897.0,54.1,109454,331.6580178,-0.491247124,1.857792318,0.976966453,0.805629595,0.934106668,0.787285311,0.972042897,0.043696026,0.934106668,complete,COOK,Evanston Ward 7 Precinct 1,0,1,0,Evanston,1,0,0,797,531,354,263,198,132,0.01852,20.472413699348316,109,0.97488,41.026278096981464,218,0.00638,16.52384262894141,88,0.00016,6.000711092736837,32,4e-05,4.576451201107006,24,2e-05,4.680839218466586,25,0.0,2.6698727702280616,14,COOK:7507001,COOK:7507001,COOK:EVANSTON WARD 7 PRECINCT 1,1.5,28.04869601,13.58868627,13.58868627,13.58868627,13.58868627,2.003936329,13.58868627,2.003936329,18.2769495875122,39.25457695970758,14.819268434414433,6.224393060883105,4.26754606195694,3.8952502463970706,2.0762864341771494,20.08937872797633,40.097560589076714,16.25672211386071,5.855080152787479,4.484481123947906,4.580549594017475,2.587064668452885,15.870264644171632,42.84138499419933,18.496731773631435,9.507234756112364,3.9742500593918186,0.0019614564891773656,0.002307318348615846,1.0,1.0,0.2,3.0,1.00014577,1.000233232,1.000116616,1.399883384,1.062901797,388.8879325,385.7890027,7.728415454,4.507528382,3.220887073,0.019873117,0.011590816,0.008282301,1999.19,531,0.9999999999999991
COOK:7507002,COOK:7507002,COOK:Evanston Ward 7 Precinct 2,,,,,,,,,,0.804516212,0.038277372,0.051961196,0.095666988,0.011358386,0.001792055,0.6957,0.6283,0.3717,0.3884,0.2384,0.0344,0.0485,0.2903,0.087323954,0.135223135,0.091664328,0.079960762,0.180664306,0.176177448,0.127856961,0.090713052,0.030416053,0.003642956,0.040096006,3.29e-05,0.015303498,0.011790218,0.009423932,0.014176338,0.014184004,6.76e-06,0.033021372,0.063616565,0.143862134,0.121291333,0.064794856,0.133203072,0.331554054,,-0.20540762,0.597014925,402.0,0.106699752,403.0,0.486800422,947.0,51.2,136402,367.9145394,-0.820804167,1.567963818,0.691017038,0.549067265,0.647993109,0.496810988,0.686834319,0.30880405,0.647993109,complete,COOK,Evanston Ward 7 Precinct 2,0,1,0,Evanston,1,0,0,896,597,398,286,215,143,0.01902,20.50405673245461,122,0.97488,40.93870794342836,244,0.00586,16.55656376402672,99,8e-05,5.922677018470984,35,8e-05,4.627412555097589,28,8e-05,4.7331331430329815,28,0.0,2.7192185221370373,16,COOK:7507002,COOK:7507002,COOK:EVANSTON WARD 7 PRECINCT 2,1.5,39.03191012,11.07816558,11.07816558,11.07816558,11.07816558,2.788630981,11.07816558,2.788630981,18.27667346192583,39.25384464329447,14.819009027894513,6.224708291947997,4.267502568946988,3.8957928538214923,2.077006578777254,20.08899795032641,40.09673831560179,16.256351712655,5.85541721966749,4.4844618261167835,4.581088667070461,2.587781278681555,15.869988518585268,42.840652677786224,18.496472367111515,9.507549987177256,3.9742065663818664,0.0025040639135988823,0.0030274629487204753,1.0,1.0,0.2,3.0,1.000139429,1.000223087,1.000111544,1.399888456,1.022992522,311.232914,306.1693949,9.797885552,3.381289639,6.416595913,0.031480879,0.010864178,0.020616701,1615.5,597,1.0000000000000002
COOK:7507003,COOK:7507003,COOK:Evanston Ward 7 Precinct 3,,,,,,,,,,0.507428271,0.098516879,0.095560825,0.269158276,0.007972777,0.004576303,0.0671,0.4676,0.5324,0.1182,0.0386,0.0,0.6962,0.1387,0.005531604,0.493042998,0.365581231,0.017408639,0.014022302,0.03153825,0.028029851,0.009194494,0.012289609,0.024520094,0.004817175,0.039672612,0.014721975,0.079619318,3.11e-05,0.019728878,0.015001254,0.023625572,0.084435602,0.039770804,0.108566982,0.04975433,0.02946472,0.059697207,0.383211315,,0.709455985,1.0,1.0,1.0,2.0,0.815789474,76.0,24.7,116988,71.32430489,3.076674197,4.04163685,3.826299972,1.595685135,3.210036616,3.135074038,3.348281802,1.753329115,3.210036616,complete,COOK,Evanston Ward 7 Precinct 3,0,1,0,Evanston,1,0,0,162,103,72,27,21,14,0.04602,18.669542853891695,19,0.843,34.01048785573948,35,0.10806,22.178881520135484,23,0.00028,4.802620147202198,5,0.002,9.13479541743795,9,0.00046,4.803232084962404,5,0.00018,2.7947717852464193,3,COOK:7507003,COOK:7507003,COOK:EVANSTON WARD 7 PRECINCT 3,1.2,1.520634298,19.65241651,19.65241651,19.65241651,19.65241651,0.108641568,19.65241651,0.108641568,16.856120934119886,31.8726171748874,18.18034155655542,4.705258661776853,7.613318609648566,3.899347261664057,2.0819703372318745,18.244843850184715,33.094416739590464,21.736516216039856,4.627057630042456,8.930829723863518,4.654535424087657,2.6626373863108057,14.449435990779321,35.459425209379155,21.85780489577242,7.988100357006112,7.320022607083445,0.0060584717561638635,0.007991221403341162,1.0,1.0,0.2,3.0,1.00080523,1.001288368,1.000644184,1.399355816,1.004055244,44.51546769,43.69154464,1.647629382,1.369954239,0.277675144,0.037012514,0.030774792,0.006237723,857.94,105,0.9766370791844724
COOK:7507004,COOK:7507004,COOK:Evanston Ward 7 Precinct 4,,,,,,,,,,0.84317636,0.017226138,0.050379501,0.071695488,0.005644845,0.001669309,0.5783,0.751,0.249,0.4394,0.2297,0.0002,0.0948,0.2201,0.133044786,0.143002548,0.016550042,0.083478548,0.222187434,0.125549495,0.128945496,0.101265843,0.045975808,0.009743029,0.000265646,0.033008105,0.018248133,0.000321248,0.033616523,0.008473696,0.007006317,0.027563693,0.015721323,0.102848089,0.102021968,0.035369479,0.06723588,0.080859399,0.457697473,,-0.275355181,0.6,205.0,0.194690265,226.0,0.556603774,424.0,51.8,173842,199.1136845,-1.118792964,1.586287324,0.999843946,0.771133729,0.7714817,0.559618009,0.859526887,0.04622866,0.7714817,complete,COOK,Evanston Ward 7 Precinct 4,0,1,0,Evanston,1,0,0,488,325,217,135,102,68,0.01892,20.5028580370885,67,0.97448,40.94171379882916,133,0.00646,16.50803506027154,54,8e-05,5.989533256587516,19,6e-05,4.631009105334579,15,0.0,4.691568820601885,15,0.0,2.692226452673782,9,COOK:7507004,COOK:7507004,COOK:EVANSTON WARD 7 PRECINCT 4,1.5,34.02649305,12.22229361,12.22229361,12.22229361,12.22229361,2.431019451,12.22229361,2.431019451,18.27694521437406,39.25456536164859,14.819264326064456,6.224751698326302,4.267545373136526,3.8953883113391705,2.0763669282895316,20.08921939281261,40.097414706778345,16.256537571712386,5.855409488778867,4.484442420195145,4.580677943118228,2.58713544672392,15.870260271033493,42.84137339614034,18.49672766528146,9.507593393555561,3.974249370571405,0.0020995214312769053,0.002387812460998293,1.0,1.0,0.2,3.0,1.00046054,1.000736864,1.000368432,1.399631568,1.203122963,304.5321983,301.8719739,6.468005508,3.412743548,3.05526196,0.021239152,0.011206511,0.01003264,891.01,325,1.0000000000000002
COOK:7507005,COOK:7507005,COOK:Evanston Ward 7 Precinct 5,,,,,,,,,,0.790267146,0.048845055,0.051013409,0.076248807,0.002888719,0.00084428,0.4841,0.6323,0.3677,0.3951,0.1457,0.0117,0.2049,0.2427,0.050606403,0.201025735,0.174394879,0.048304283,0.100287859,0.161317974,0.123324797,0.085576678,0.0367366,0.068649297,0.055261773,0.002926768,0.011625547,0.011427553,0.025946021,0.027019134,0.025456713,0.002086347,0.084945072,0.070380397,0.062308688,0.080748785,0.03231169,0.054272267,0.366209152,,-0.344599776,0.635179153,307.0,-0.028213166,319.0,0.344019729,811.0,51.2,113237,304.6142188,-1.413787004,1.802230115,0.217503043,0.094836877,0.338324762,0.175195758,0.346786219,0.35821078,0.338324762,complete,COOK,Evanston Ward 7 Precinct 5,0,1,0,Evanston,1,0,0,732,470,325,230,173,115,0.01872,20.443821913440857,96,0.97542,40.944881741226666,192,0.00562,16.516120279986193,78,0.0001,5.9793437129897,28,8e-05,4.5736044716604765,21,4e-05,4.7641012017769535,22,2e-05,2.6955744985627446,13,COOK:7507005,COOK:7507005,COOK:EVANSTON WARD 7 PRECINCT 5,1.5,52.58905462,7.979301142,7.979301142,7.979301142,7.979301142,3.757219837,7.979301142,3.757219837,18.276893595760875,39.2544284632244,14.819215832895157,6.224761203868305,4.267537242601119,3.8954716515888674,2.076491895867951,20.089169635805895,40.09727955971669,16.25649330018209,5.855427219435763,4.48444417873049,4.580761972657068,2.587261103591482,15.870208652420311,42.84123649771616,18.49667917211216,9.507602899097565,3.974241240035998,0.0021828616809739542,0.0025127800394174164,1.0,1.0,0.2,3.0,1.000211872,1.000338995,1.000169498,1.399830502,1.008103367,490.1152202,482.9404214,11.62608792,4.321993948,7.304093977,0.023721132,0.008818322,0.01490281,1865.57,479,0.9815756140224517
COOK:7508001,COOK:7508001,COOK:Evanston Ward 8 Precinct 1,,,,,,,,,,0.390964312,0.180540232,0.339839253,0.085197411,0.039220567,0.002619045,0.2877,0.6664,0.3336,0.6662,0.1686,0.0312,0.0164,0.1044,0.057808455,0.16666312,0.147124853,0.248052715,0.063423454,0.09194767,0.109301174,0.056713083,0.058965475,0.009226419,0.039756043,9.8e-06,0.015511497,0.038394092,1.89e-05,0.011020626,0.016921646,0.039998815,0.012923942,0.086523162,0.310020051,0.131916698,0.092089958,0.09804263,0.09762572,,0.046512413,0.532846715,274.0,0.459459459,259.0,0.787085515,573.0,38.1,93523,237.4504984,0.252419069,1.174075358,1.929124261,1.504368794,1.382667389,1.21499687,1.525492867,0.673590617,1.382667389,complete,COOK,Evanston Ward 8 Precinct 1,0,1,0,Evanston,1,0,0,558,372,248,209,157,105,0.01468,19.86288671624766,74,0.9772,41.09136724047837,153,0.00786,17.615619764152907,66,0.00014,5.216788964298009,19,8e-05,4.689767640987947,17,2e-05,4.649968453353197,17,2e-05,2.6084470096442836,10,COOK:7508001,COOK:7508001,COOK:EVANSTON WARD 8 PRECINCT 1,1.5,15.71049346,16.40892744,16.40892744,16.40892744,16.40892744,1.122434661,16.40892744,1.122434661,18.27679215008392,39.959866668775604,16.397946801050722,5.883111095030141,4.490078607858161,3.9012397040921862,2.07972805420275,19.488543068799302,40.313550017633425,17.353226844926546,5.106865401636773,4.587302135118274,4.548691132619628,2.552658369385524,15.870107206743356,43.54667470326736,20.075410140267724,9.1659527902594,4.1967826052930395,0.007950914184292716,0.005748938374216538,1.0,1.0,0.2,3.0,1.255765811,1.409225297,1.204612648,1.195387352,1.244951248,404.750933,400.0048519,18.13865439,6.69601482,11.44263957,0.044814361,0.016543544,0.028270817,2348.28,372,0.9999999999999996
COOK:7508002,COOK:7508002,COOK:Evanston Ward 8 Precinct 2,,,,,,,,,,0.281862263,0.200253061,0.436554982,0.072267653,0.030550622,0.002792131,0.3757,0.3464,0.6536,0.5439,0.1668,0.0118,0.1568,0.119,0.305991713,0.019037827,0.229348732,0.10413875,0.055442844,0.099142384,0.116008769,0.063001058,0.007887922,0.026702585,0.017294691,0.100059792,0.003439398,0.034054135,0.050106937,0.056966217,0.000393679,0.088231009,0.025130255,0.141616654,0.229438518,0.05283338,0.023314939,0.132509225,0.017908586,,0.263811088,0.227272727,176.0,0.393939394,132.0,0.818181818,407.0,40.3,70340,186.3347465,1.178149286,-0.701652009,1.69916357,1.603295935,0.996840624,0.944739196,1.147725499,1.410105889,0.996840624,complete,COOK,Evanston Ward 8 Precinct 2,0,1,0,Evanston,1,0,0,425,283,189,159,120,80,0.0155,19.925016617750018,56,0.97616,41.129978177989685,116,0.00816,17.479902795446126,49,6e-05,5.292952368773829,15,6e-05,4.696963610898322,13,2e-05,4.6386658055378565,13,4e-05,2.6157016094481462,7,COOK:7508002,COOK:7508002,COOK:EVANSTON WARD 8 PRECINCT 2,1.8,25.95346672,14.0676095,14.0676095,14.0676095,14.0676095,1.854242878,14.0676095,1.854242878,18.276938728036548,39.868388194044584,16.19255682358433,5.934798386381687,4.461129733641584,3.90292289156298,2.0803976632130277,19.562087797780258,40.2825213791097,17.211360239200634,5.208305377936395,4.573612650518876,4.554997933634117,2.5579515919394957,15.870253784695985,43.45519622853634,19.87002016280133,9.217640081610947,4.167833731076462,0.009634101655086595,0.006418547384494095,1.0,1.0,0.2,3.0,1.29504844,1.472077504,1.236038752,1.163961248,1.012193871,321.3456397,317.4746167,9.913168233,4.742837418,5.170330815,0.030848927,0.014759302,0.016089625,2019.02,283,1.0000000000000004
COOK:7508003,COOK:7508003,COOK:Evanston Ward 8 Precinct 3,,,,,,,,,,0.277186018,0.146226397,0.457885726,0.123184117,0.029518379,0.002273643,0.2772,0.2821,0.7179,0.5241,0.201,0.0,0.0149,0.2454,0.204221943,0.094730772,0.086833449,0.192907732,0.14138808,0.143211753,0.099309101,0.027293747,0.010103425,0.05862371,0.023904699,0.000219432,0.043361169,0.096528106,0.013172804,0.031597248,3.41e-05,0.066278163,0.067338454,0.091480787,0.175066823,0.130156232,0.085749468,0.103270826,0.013217949,,0.287051937,0.240740741,108.0,0.39047619,105.0,0.829508197,305.0,43.9,76065,163.7487167,1.277159352,-0.618980304,1.687008503,1.639328717,1.037113982,0.996129067,1.175289869,0.989815948,1.037113982,complete,COOK,Evanston Ward 8 Precinct 3,0,1,0,Evanston,1,0,0,377,251,167,137,103,69,0.01596,20.01931158029442,50,0.97634,41.07748829365657,103,0.00752,17.197622244741282,43,8e-05,5.464819481941427,14,6e-05,4.73715731311094,12,4e-05,4.690903390541223,12,0.0,2.7100132660787573,7,COOK:7508003,COOK:7508003,COOK:EVANSTON WARD 8 PRECINCT 3,1.8,24.67279499,14.36034284,14.36034284,14.36034284,14.36034284,1.762745413,14.36034284,1.762745413,18.27636151452272,39.71652918644277,15.855696537328086,6.011705134490971,4.413630150737496,3.904132372622431,2.0819431905357417,19.685977897642545,40.232815467212454,16.979750676127512,5.369128578311993,4.551763258891758,4.564055693682303,2.5673453982509455,15.869676571182154,43.30333722093453,19.53315987654509,9.29454682972023,4.1203341481723745,0.010843582714537435,0.007964074707208139,1.0,1.0,0.2,3.0,1.407812723,1.652500357,1.326250179,1.073749821,1.009400924,196.918339,194.8375496,5.485717416,2.459114704,3.026602712,0.027857829,0.012487992,0.015369837,2027.5,251,1.0000000000000004
COOK:7508004,COOK:7508004,COOK:Evanston Ward 8 Precinct 4,,,,,,,,,,0.556287008,0.137346503,0.247652685,0.05002608,0.026921348,0.001920373,0.4733,0.5772,0.4228,0.5611,0.0367,0.0249,0.134,0.2337,0.137811099,0.046797217,0.063290765,0.196023913,0.088674996,0.14139624,0.154434238,0.156008149,0.015563383,0.02828157,0.035148975,0.025583966,0.016163507,0.044504054,0.016154999,0.041750137,0.012125608,0.03101632,0.033793479,0.218268855,0.209119765,0.054104059,0.062143787,0.033881159,0.137959761,,-0.069082696,0.588014981,267.0,0.164658635,249.0,0.627819549,532.0,53.5,74808,215.4588377,-0.240036237,1.512718797,0.89443968,0.997693556,0.904651541,0.791203949,0.925298687,0.760931371,0.904651541,complete,COOK,Evanston Ward 8 Precinct 4,0,1,0,Evanston,1,0,0,524,349,233,169,127,85,0.01926,20.43646965416902,71,0.97468,40.94982543076713,143,0.0059,16.503947147794058,58,0.00014,5.9892568381157965,21,0.0,4.625620413872009,16,0.0,4.739648882608058,17,2e-05,2.6782183643917468,9,COOK:7508004,COOK:7508004,COOK:EVANSTON WARD 8 PRECINCT 4,1.5,29.07407385,13.35430749,13.35430749,13.35430749,13.35430749,2.077194348,13.35430749,2.077194348,18.277190869200645,39.255216866146355,14.819495106791827,6.235367824913864,4.2675840666453695,3.8988948769183454,2.0778550295359213,20.08483527170035,40.09405321714571,16.25136261739984,5.865089967858249,4.483276727486986,4.583890064627718,2.5883291039006258,15.870505925860078,42.842024900638116,18.49695844600883,9.518209520143124,3.974288064080248,0.0056060870104518105,0.00387591370738792,1.0,1.0,0.2,3.0,1.224958813,1.359934101,1.17996705,1.22003295,1.042627092,225.0819699,222.6536582,7.149190034,3.025533064,4.12365697,0.031762606,0.013441917,0.01832069,1650.42,349,0.9999999999999999
COOK:7508005,COOK:7508005,COOK:Evanston Ward 8 Precinct 5,,,,,,,,,,0.340040663,0.148892711,0.430302481,0.068629752,0.02553374,0.003034947,0.3825,0.4784,0.5216,0.6765,0.1082,0.0109,0.0148,0.1749,0.140927515,0.125125568,0.079494591,0.148957637,0.123763117,0.116447787,0.132874375,0.091631777,0.040777634,0.060468937,0.029048625,0.000143635,0.030236296,0.055499702,0.040333201,0.04165901,0.018907384,0.024074187,0.088159174,0.127694768,0.145534494,0.069443597,0.093306209,0.070708494,0.104782287,,0.052624622,0.439393939,264.0,0.266409266,259.0,0.763955343,627.0,50.2,73094,271.6267278,0.278458144,0.600427284,1.251561507,1.430784426,0.987618177,0.89030784,1.05986891,0.828379438,0.987618177,complete,COOK,Evanston Ward 8 Precinct 5,0,1,0,Evanston,1,0,0,629,419,279,226,170,113,0.01808,20.37520918490459,85,0.97566,40.9423475620691,172,0.00612,16.519598385467336,69,6e-05,6.019202312943947,25,4e-05,4.635112081630087,19,4e-05,4.702202445304839,20,0.0,2.6837155446020504,11,COOK:7508005,COOK:7508005,COOK:EVANSTON WARD 8 PRECINCT 5,1.8,26.25384755,13.99894907,13.99894907,13.99894907,13.99894907,1.875703557,13.99894907,1.875703557,18.276979969031196,39.25465753494622,14.819296976369621,6.244991181616826,4.2675508474015835,3.902744329521212,2.0802380662830027,20.080479166168722,40.089902057826045,16.246341637647372,5.873936465704959,4.482243704184276,4.587480657585497,2.5904532810026204,15.87029502569063,42.84146556943797,18.496760315586624,9.527832876846086,3.9742548448364623,0.009455539613318673,0.006258950454469104,1.0,1.0,0.2,3.0,1.383645586,1.613832938,1.306916469,1.093083531,1.040255126,311.0922135,307.735383,9.914581297,4.190418542,5.724162755,0.031870233,0.013470021,0.018400212,1979.11,419,1.0
COOK:7509001,COOK:7509001,COOK:Evanston Ward 9 Precinct 1,,,,,,,,,,0.563557584,0.125024563,0.234371715,0.074910881,0.022056872,0.001051366,0.3674,0.247,0.753,0.36,0.1868,0.0715,0.14,0.2377,0.005146303,0.225830819,0.147471687,0.104316681,0.20996955,0.098997191,0.148067151,0.052593887,0.007606729,0.000234571,0.055383202,0.016136868,8.35e-05,8.9e-05,0.016334704,0.085294874,0.000136813,0.050758776,0.143260474,0.060420355,0.187428957,0.214548066,0.018665935,0.046673796,0.104550089,,0.313571397,0.43030303,165.0,0.352941176,170.0,0.72345679,405.0,44.7,84586,176.8248392,1.390136873,0.544623887,1.555269047,1.301945764,1.21450711,1.197993893,1.285962141,0.983412577,1.21450711,complete,COOK,Evanston Ward 9 Precinct 1,0,1,0,Evanston,1,0,0,407,271,181,148,111,74,0.01534,20.078383617887884,54,0.97666,40.995793980116865,111,0.00774,17.11784875651321,46,0.00018,5.574817411767284,15,6e-05,4.654148896598796,13,2e-05,4.779759824188959,13,0.0,2.7105414632521883,7,COOK:7509001,COOK:7509001,COOK:EVANSTON WARD 9 PRECINCT 1,1.317229793,19.63038732,15.5129261,15.5129261,15.5129261,15.5129261,1.402491092,15.5129261,1.402491092,18.27690876313322,39.684574291503125,15.781473312412615,6.016962819529449,4.4031810899012305,3.8990240191854775,2.078363866023828,19.719265711253776,40.2279036920283,16.934400624633636,5.394314910698099,4.5481229593052435,4.561005169353374,2.5658239028470557,15.870223819792654,43.271382325994885,19.458936651629617,9.299804514758709,4.109885087336109,0.005735229277583998,0.004384750195294567,1.0,1.0,0.2,3.0,1.10998703,1.175979247,1.087989624,1.312010376,1.014467607,159.511168,157.7996747,5.819076943,4.107583724,1.711493219,0.036480687,0.025751073,0.010729614,1051.54,271,1.0000000000000002
COOK:7509002,COOK:7509002,COOK:Evanston Ward 9 Precinct 2,,,,,,,,,,0.561520787,0.159567962,0.212795103,0.049001697,0.045663017,0.000674327,0.5101,0.7725,0.2275,0.5722,0.0851,0.0148,0.0753,0.2276,0.094728619,0.12365911,0.104349072,0.149435847,0.107049905,0.173054794,0.143788552,0.071345929,0.032588173,0.002579561,0.058391085,0.001993809,0.004266976,0.049384383,0.000616796,0.00996139,0.001338191,0.04394887,0.042423886,0.118728416,0.172488762,0.106758976,0.104717488,0.102411764,0.179989649,,0.005403142,0.464362851,463.0,0.37972167,503.0,0.707482993,882.0,50.9,99113,399.713292,0.077286411,0.7536958,1.649262557,1.251128081,1.090040827,0.932843212,1.233324696,0.612047148,1.090040827,complete,COOK,Evanston Ward 9 Precinct 2,0,1,0,Evanston,1,0,0,962,641,427,152,114,76,0.01884,20.497153538517992,131,0.97436,40.95673544552151,263,0.00658,16.523875366030328,106,0.00014,6.056926499296679,39,4e-05,4.5794233424385835,29,4e-05,4.6591631978278665,30,0.0,2.6553095763943215,17,COOK:7509002,COOK:7509002,COOK:EVANSTON WARD 9 PRECINCT 2,1.310963039,23.06671194,14.72745803,14.72745803,14.72745803,14.72745803,1.647998967,14.72745803,1.647998967,18.2772024820988,39.25524766487109,14.819506016543208,6.233517821031957,4.267585895812676,3.8981996136153922,2.077465912093493,20.085647267120812,40.09477762634196,16.25230590613397,5.86339387723329,4.483476898362923,4.583245104896555,2.587990290029988,15.870517538758236,42.842055699362845,18.49696935576021,9.516359516261216,3.9742898932475543,0.004910823707498709,0.0034867962649596167,1.0,1.0,0.2,3.0,1.10442223,1.167075568,1.083537784,1.316462216,1.113581864,686.2157601,677.6237585,28.65870666,12.39563131,16.26307535,0.041763405,0.018063752,0.023699653,2461.44,641,0.9999999999999999
COOK:7509003,COOK:7509003,COOK:Evanston Ward 9 Precinct 3,,,,,,,,,,0.660999348,0.068425321,0.145616523,0.115646075,0.010740587,0.00085254,0.5184,0.487,0.513,0.4916,0.1842,0.0232,0.0575,0.2283,0.113940929,0.113995591,0.160852188,0.125468673,0.12509753,0.195452063,0.079415719,0.055312921,0.030464388,0.056507943,0.013794795,2.88e-05,0.020399725,0.022127897,0.046992931,2.63e-05,0.032288427,0.014375839,0.081496269,0.116747606,0.167328923,0.038778857,0.055934597,0.136839781,0.196331352,,0.146225324,0.421686747,332.0,0.382352941,340.0,0.774687065,719.0,46.4,89225,300.750819,0.677213443,0.491733921,1.658497727,1.464925416,1.171221055,1.073092627,1.288302075,0.446879157,1.171221055,complete,COOK,Evanston Ward 9 Precinct 3,0,1,0,Evanston,1,0,0,729,486,324,228,171,114,0.01794,20.461391966787488,99,0.97532,40.947122510945086,199,0.00636,16.502427362910808,80,0.00022,6.044664650546612,29,4e-05,4.568277253115833,22,0.00012,4.7139249018194915,23,0.0,2.6950334967582132,13,COOK:7509003,COOK:7509003,COOK:EVANSTON WARD 9 PRECINCT 3,1.250336622,20.77194124,15.25199203,15.25199203,15.25199203,15.25199203,1.4840493,15.25199203,1.4840493,18.27644696939072,39.253243959369826,14.818796249205306,6.229587183576938,4.267466893723212,3.897929454542622,2.078499914705043,20.086682905674422,40.09432821833894,16.253713723735075,5.859926119590868,4.483944312045322,4.583096171958554,2.5891455187763075,15.869762026050154,42.840051993861586,18.49625958842231,9.512428878806197,3.97417089115809,0.0046406646347288815,0.0045207988765099015,1.0,1.0,0.2,3.0,1.063190536,1.101104858,1.050552429,1.349447571,1.025866532,381.6054589,377.5098485,13.91995115,9.818362329,4.101588825,0.036477338,0.025729093,0.010748245,2027.68,486,1.0000000000000004
COOK:7509004,COOK:7509004,COOK:Evanston Ward 9 Precinct 4,,,,,,,,,,0.540490269,0.12826111,0.272978028,0.061534619,0.02238482,0.001363685,0.4136,0.6377,0.3623,0.585,0.0826,0.0686,0.0331,0.2025,0.14895836,0.129353114,0.055758637,0.139114818,0.126285263,0.190993221,0.10213378,0.091132591,0.016270216,0.010785772,0.017430313,3.54e-05,0.009569189,0.029274783,2.03e-05,0.034923236,0.024416054,0.130979443,0.036115905,0.06531114,0.050341257,0.117445984,0.035098018,0.172962872,0.265290357,,0.203829644,0.580327869,305.0,0.38,400.0,0.682692308,624.0,51.3,119327,322.1481104,0.922617884,1.46553243,1.650239433,1.172261098,1.375424866,1.302662711,1.444940211,0.627753599,1.375424866,complete,COOK,Evanston Ward 9 Precinct 4,0,1,0,Evanston,1,0,0,779,519,346,186,140,93,0.01772,20.481307333210967,106,0.9754,40.98344835178212,213,0.00674,16.50609273920805,86,0.0001,6.0442395814342325,31,2e-05,4.532252176684259,24,2e-05,4.735540539342724,25,0.0,2.6705520606700803,14,COOK:7509004,COOK:7509004,COOK:EVANSTON WARD 9 PRECINCT 4,1.261444867,15.86320506,16.37402094,16.37402094,16.37402094,16.37402094,1.133345126,16.37402094,1.133345126,18.277060402869843,39.25487085462075,14.819372540037747,6.236654624331648,4.267563516672082,3.8995678285119078,2.0784175839843972,20.084162312026677,40.09323740876601,16.250612955176756,5.866291019039859,4.483144079543232,4.584530276719557,2.588858918847378,15.87037545952928,42.84167888911251,18.49683587925475,9.519496319560908,3.9742675141069603,0.006279038604014134,0.0044384681558638,1.0,1.0,0.2,3.0,1.051190245,1.081904391,1.040952196,1.359047804,1.083138474,348.4496873,343.4878973,15.87911648,5.462354002,10.41676248,0.045570758,0.015676163,0.029894596,2219.94,519,0.9999999999999999
COOK:7509005,COOK:7509005,COOK:Evanston Ward 9 Precinct 5,,,,,,,,,,0.576601927,0.113451115,0.215154315,0.084048662,0.017620006,0.000979059,0.6424,0.5238,0.4762,0.5445,0.1338,0.0073,0.0854,0.2252,0.12308855,0.092449571,0.171906594,0.172648197,0.171907982,0.132971524,0.102931198,0.025858668,0.006237717,5.67e-05,0.002208194,0.000105034,1.58e-05,0.002096726,0.014354653,0.012443075,2.27e-05,0.099985759,0.145010634,0.089992432,0.204436875,0.102391513,0.0225484,0.124561479,0.179769942,,0.139956021,,,0.32,200.0,,,42.0,91351,196.4390231,0.65050512,,1.439652929,,,,,0.808597849,0.808597849,demographic_only,COOK,Evanston Ward 9 Precinct 5,0,1,0,Evanston,1,0,0,462,308,205,165,124,83,0.01536,19.921060842195093,61,0.97716,41.027884178279415,126,0.00728,17.334736551710726,53,0.0001,5.385247109349438,17,4e-05,4.722056105036745,15,4e-05,4.71527745716634,15,2e-05,2.692480277501667,8,COOK:7509005,COOK:7509005,COOK:EVANSTON WARD 9 PRECINCT 5,1.5,32.59604126,12.54926336,12.54926336,12.54926336,12.54926336,2.328820963,12.54926336,2.328820963,18.276805172854843,39.79704568717982,16.033614511134743,5.958859484052183,4.4387212719881814,3.898791976092006,2.078401583941502,19.625662324763503,40.26383995881648,17.10889648184989,5.272909075718783,4.564675514312278,4.554882560076859,2.559971054581686,15.870120229514276,43.38385372167158,19.711077850351746,9.241701179281442,4.14542526942306,0.005503186184112467,0.004422468112968857,1.0,1.0,0.2,3.0,1.170037382,1.272059811,1.136029906,1.263970094,1.015254631,245.0076671,242.3883838,8.432147929,5.531070059,2.90107787,0.034415853,0.02257509,0.011840764,1018.21,308,0.9999999999999999
COOK:8000020,COOK:8000020,COOK:Maine Precinct 20,,,,,,,,,,0.810326942,0.060572955,0.022876847,0.094766929,0.009813939,0.003264884,0.4698,0.9215,0.0785,0.5329,0.2027,0.0,0.0562,0.2081,0.065726145,0.225836615,0.089498344,0.0813205,0.135352024,0.128182875,0.165635274,0.041760475,0.066687749,6.87e-05,0.019506732,0.035845116,2.55e-05,0.009815458,0.052050653,2.94e-05,6.23e-05,2.15e-05,0.042313032,0.035821048,0.000220518,0.065119002,0.100927692,0.1952768,0.442896523,,-0.13290709,0.298701299,77.0,-0.431818182,88.0,0.149847095,327.0,51.8,185379,126.8978258,-0.511939276,-0.263196733,-1.199059777,-0.522887474,-0.692982865,-0.624270815,-0.807940658,-0.285379733,-0.692982865,complete,COOK,Maine Precinct 20,0,0,0,Maine,1,0,0,210,106,93,104,78,52,0.75756,34.1563998212742,36,0.22798,26.85065361330127,28,0.01324,14.908764086088958,16,0.0006,6.521836489933736,7,0.00048,5.609647421431435,6,8e-05,5.252683861042599,6,6e-05,3.1547419587470165,3,COOK:8000020,COOK:8000020,COOK:MAINE PRECINCT 20,1.0,85.44149492,1.409024312,1.409024312,1.409024312,1.409024312,6.104359205,1.409024312,1.409024312,22.244451926815568,15.837637490349021,8.851667848069708,3.9686910637059283,3.7934175258833265,3.8952120356024658,2.0766807296313283,33.28171000111063,26.2647212199454,14.625138156749205,6.3196739013387875,5.431942654891114,5.010351727700082,3.0172993083842767,19.837766983475003,19.424445524840777,12.52913118728671,7.251532758935188,3.5001215233182053,0.0019232456945724986,0.002701613802794868,1.0,0.3,0.2,1.000000051,1.03570097,1.057121552,1.028560776,1.371439224,1.005753555,161.7341555,161.3269448,1.086410022,0.543359491,0.54305053,0.006717258,0.003359584,0.003357674,909.43,122,0.8689403191718018
COOK:8000029,COOK:8000029,COOK:Maine Precinct 29,,,,,,,,,,0.828404647,0.114337805,0.010170991,0.043900319,0.005722993,0.0,0.4456,0.6612,0.3388,0.7578,0.0565,0.0,0.0332,0.1474,0.100952437,0.066043283,0.069769849,0.162592114,0.092875531,0.132138479,0.197985706,0.093385487,0.084257115,0.037716013,0.003830381,0.094223793,0.032697658,0.0251422,0.002546931,0.016363394,0.012600643,0.011330677,0.007573474,0.044070187,0.089319898,0.083052524,0.104334492,0.115668181,0.319529554,,-0.076814258,0.261146497,157.0,-0.546391753,194.0,-0.043723554,709.0,55.8,134472,327.4974333,-0.272974038,-0.493722146,-1.60118724,-1.138696721,-1.009466356,-0.876645036,-1.154374797,-0.523404234,-1.009466356,complete,COOK,Maine Precinct 29,0,0,0,Maine,1,0,0,437,291,194,254,191,127,0.75938,34.33930833380563,100,0.22682,26.95820908413452,78,0.01248,14.829836462721557,43,0.00064,6.375525413276114,19,0.00046,5.580646411511267,16,6e-05,5.157653979696281,15,0.00016,3.0892856295833866,9,COOK:8000029,COOK:8000029,COOK:MAINE PRECINCT 29,1.0,88.75506241,0.817306813,0.817306813,0.817306813,0.817306813,6.341096709,0.817306813,0.817306813,22.33750965138538,15.88930581310317,8.769728750247188,3.865223834062574,3.769937794677876,3.894171410739359,2.075226189077679,33.4634592638895,26.380542532783736,14.513755910624095,6.165129129009563,5.399550472998864,5.010932997910036,3.0174666629036873,19.930824708044813,19.476113847594927,12.44719208946419,7.148065529291833,3.476641792112755,0.0008826208314654432,0.001247073249145597,1.0,0.3,0.2,1.000000108,1.042914707,1.068663531,1.034331766,1.365668234,1.006828842,465.2091162,464.6678677,3.246064694,2.164518675,1.081546019,0.006977646,0.004652786,0.00232486,1629.45,291,0.9999999999999996
COOK:8000030,COOK:8000030,COOK:Maine Precinct 30,,,,,,,,,,0.886923191,0.059036818,0.009004215,0.032428209,0.00630483,0.0,0.5426,0.8123,0.1877,0.5671,0.154,0.0,0.0563,0.2226,0.129080868,0.102984906,0.037358696,0.108862583,0.096823116,0.15579269,0.188052395,0.108373192,0.072671554,0.0157558,0.004614084,0.009311018,0.009286579,0.022158962,0.003692807,0.027680142,0.030444173,0.010153196,0.040578592,0.044327866,0.131943998,0.047134486,0.053627386,0.136552029,0.412738881,,-0.322331291,0.400749064,267.0,-0.688654354,379.0,-0.023136247,1167.0,57.5,168048,484.1137195,-1.318919378,0.363210596,-2.100496969,-1.073202008,-1.110509699,-1.03235194,-1.324138705,-0.353559965,-1.110509699,complete,COOK,Maine Precinct 30,0,0,0,Maine,1,0,0,780,520,347,373,280,187,0.76794,34.76748043274204,181,0.22156,27.24913372198402,142,0.00966,14.578002997196949,76,0.0005,5.9579428280390605,31,0.0002,5.49721574866758,29,6e-05,5.109370269415342,27,8e-05,3.1402201026161256,16,COOK:8000030,COOK:8000030,COOK:MAINE PRECINCT 30,1.0,89.46621714,0.690312962,0.690312962,0.690312962,0.690312962,6.391905088,0.690312962,0.690312962,22.534161991717408,15.997666237318608,8.594579163546632,3.646216759566304,3.7198708394635926,3.8939698212450793,2.0749158079590053,33.84888488899278,26.624872489668128,14.274510636590446,5.836983485705859,5.33080765661222,5.014176469590406,3.0206013429596625,20.127477048376843,19.584474271810365,12.272042502763634,6.929058454795563,3.4265748368984714,0.0006810313371859869,0.0009366921304718677,1.0,0.3,0.2,1.000000338,1.240634034,1.385014454,1.192507227,1.207492773,1.038204318,554.7656536,553.7970549,3.262927625,2.175285083,1.087642542,0.005881632,0.003921088,0.001960544,2409.71,520,0.9999999999999993
COOK:8000031,COOK:8000031,COOK:Maine Precinct 31,,,,,,,,,,0.61563826,0.066876811,0.035880385,0.281594658,0.003536678,0.001407288,0.3519,0.7332,0.2668,0.8289,0.0359,0.0,0.003,0.1216,0.119251072,0.08603952,0.104794414,0.109784334,0.156391973,0.130337726,0.139779769,0.082089231,0.071531961,0.025167506,0.014175614,0.020448246,0.022056803,0.02994869,0.053525575,0.009444254,0.045643608,0.014170412,0.050395341,0.097607674,0.140092194,0.078743277,0.088214184,0.083494219,0.226872402,,0.062150592,0.323943662,71.0,-0.282051282,78.0,0.07106599,394.0,51.2,95953,220.510976,0.319040436,-0.108249673,-0.673411647,-0.773515,-0.408279179,-0.309033971,-0.481154714,-0.456499945,-0.408279179,complete,COOK,Maine Precinct 31,0,0,0,Maine,1,0,0,263,175,117,179,135,90,0.3506,27.60601311469206,48,0.60902,30.944532377848798,54,0.0373,17.24685252722537,30,0.00222,8.024856578964659,14,0.00042,4.3855092269488,8,0.00024,5.0438562302250425,9,0.0002,3.0720796521962828,5,COOK:8000031,COOK:8000031,COOK:MAINE PRECINCT 31,1.0,80.26799554,2.332877569,2.332877569,2.332877569,2.332877569,5.73473905,2.332877569,2.332877569,19.408213771156923,19.797157396751285,11.173583643322178,5.462439162320126,3.2636381358355284,3.8983781138617606,2.081673033610937,26.979659218006887,30.218399191595367,16.826662786486093,7.819119614052176,4.276801164417599,4.910710594578432,2.91948440098294,17.001528827816358,23.38396543124304,14.85104698253918,8.745280857549385,2.970342133270407,0.0050893239538670485,0.007693917782403677,1.0,0.3,0.2,1.000003912,1.000218652,1.000349843,1.000174921,1.399825079,1.030691657,346.2043277,346.1141736,1.100854576,0.920978598,0.179875978,0.003179783,0.002660217,0.000519566,1742.39,175,0.9999999999999994
COOK:8000039,COOK:8000039,COOK:Maine Precinct 39,,,,,,,,,,0.736064308,0.084210552,0.009949718,0.159833028,0.009192563,1.51e-06,0.4005,0.9112,0.0888,0.7543,0.0811,0.0,0.0062,0.1584,0.095309048,0.083876986,0.154476653,0.153331641,0.061295432,0.213836048,0.121747726,0.048641755,0.067484712,0.019707188,8.54e-06,2.43e-05,0.011812026,0.086546594,0.023613727,0.078615038,0.009875818,0.035388861,0.066988441,0.09050649,0.065084689,0.049323759,0.007960437,0.145711955,0.308832094,,-0.089063889,0.315315315,111.0,-0.25,112.0,0.052132701,422.0,51.4,105995,222.2940836,-0.325159601,-0.161213692,-0.560918856,-0.83374776,-0.493835903,-0.470259977,-0.511967679,-0.511917688,-0.493835903,complete,COOK,Maine Precinct 39,0,0,0,Maine,1,0,0,270,180,120,176,132,88,0.754,34.16601584677179,61,0.23104,26.949314646044265,49,0.01366,14.982339857952013,27,0.00072,6.525556027037019,12,0.00034,5.596880917659067,10,6e-05,5.173408756703226,9,0.00018,3.1246192348636987,6,COOK:8000039,COOK:8000039,COOK:MAINE PRECINCT 39,1.0,82.11283389,2.003437128,2.003437128,2.003437128,2.003437128,5.866543345,2.003437128,2.003437128,22.243714306236985,15.836671283689725,8.850974889514756,3.9676566127275272,3.793301342013559,3.895974505286359,2.0782378645297857,33.2814317355629,26.264063115020463,14.624597755422133,6.318344071195582,5.432338294025981,5.01115987649684,3.0189021223955983,19.83702936289642,19.42347931818148,12.528438228731758,7.250498307956787,3.5000053394484376,0.0026857153784654807,0.004258748701251986,1.0,0.3,0.2,1.000004062,1.098735217,1.157976347,1.078988173,1.321011827,1.191778478,319.9916898,319.9916898,1.056141899,0.386560892,0.669581007,0.003300529,0.001208034,0.002092495,1671.79,180,0.9999999999999993
COOK:8000043,COOK:8000043,COOK:Maine Precinct 43,,,,,,,,,,0.930266985,0.032703876,0.005673094,0.011517953,0.004268001,6.49e-07,0.4523,0.9998,0.0002,0.6747,0.1523,0.0,0.0,0.161,0.239676242,0.143279708,0.047928184,0.102207311,0.176041273,0.109780171,0.114382558,0.041300803,0.025403749,0.058257883,1.2e-05,1.47e-05,0.04993894,0.000129318,6.23e-05,9.68e-05,7.2e-05,4.38e-05,0.019519119,0.000179361,0.083322833,0.044476981,0.094320159,0.044578973,0.604974936,,-0.265740517,0.373493976,83.0,-0.572649573,117.0,-0.221198157,434.0,47.4,217352,175.3389162,-1.07783282,0.195908677,-1.693346282,-1.703299372,-1.131193795,-1.069642449,-1.255934562,-0.694975356,-1.131193795,complete,COOK,Maine Precinct 43,0,0,0,Maine,1,0,0,216,144,96,141,106,71,0.7554,34.108183738096464,49,0.22872,26.842199213252144,39,0.01478,14.984584574917992,22,0.0005,6.538340227669935,9,0.00046,5.662375984945611,8,6e-05,5.171216759431578,7,8e-05,3.1408609862148116,5,COOK:8000043,COOK:8000043,COOK:MAINE PRECINCT 43,1.0,89.59634278,0.667075886,0.667075886,0.667075886,0.667075886,6.401201902,0.667075886,0.667075886,22.245395677229183,15.838873705770375,8.852554455550363,3.9682184454052054,3.7935661776134055,3.893578911736031,2.074337550204663,33.28325520782668,26.266751117132905,14.62658062313972,6.3189259130531825,5.431646370044144,5.008720106899455,3.0149576320234184,19.838710733888618,19.42568174026213,12.530017794767366,7.251060140634465,3.5002701750482843,0.00029012182813758684,0.000358434376129481,1.0,0.3,0.2,1.000001354,1.218342788,1.34934846,1.17467423,1.22532577,1.085360528,250.3728825,249.9031009,1.409580761,0.939563266,0.470017495,0.005629926,0.003752656,0.00187727,1033.6,144,0.9999999999999996
COOK:8000044,COOK:8000044,COOK:Maine Precinct 44,,,,,,,,,,0.823609818,0.056702832,0.013797653,0.101270358,0.012268249,9.21e-07,0.3672,0.7134,0.2866,0.8615,0.024,0.0,0.0,0.1145,0.129491068,0.237388855,0.039228624,0.058258304,0.21480715,0.175725618,0.096288411,0.02144198,0.027369987,1.77e-05,2.51e-05,0.06606583,0.025791555,0.000247138,0.025703025,6.22e-06,0.029394256,3.31e-05,0.102756551,0.110185363,0.183564828,0.040475611,0.033202423,0.091940655,0.290590675,,-0.154581775,0.223529412,85.0,-0.505376344,93.0,0.108695652,368.0,48.2,94036,156.021917,-0.604277211,-0.724629876,-1.45723238,-0.653803185,-0.94528118,-0.859985663,-1.064730523,-0.706829044,-0.94528118,complete,COOK,Maine Precinct 44,0,0,0,Maine,1,0,0,254,169,113,119,90,60,0.75416,34.18406280823216,58,0.23156,26.911194299468317,45,0.01288,15.003742680555687,25,0.00066,6.480669667910965,11,0.00036,5.573116036112087,9,0.00012,5.137145095217468,9,0.00026,3.1817645913248476,5,COOK:8000044,COOK:8000044,COOK:MAINE PRECINCT 44,1.0,88.22996305,0.911075985,0.911075985,0.911075985,0.911075985,6.303581037,0.911075985,0.911075985,22.24437820081792,15.837540916918243,8.851598586091024,3.9681731639328905,3.793405913176255,3.8951364926109324,2.076755388381709,33.28195662023432,26.264929578558494,14.625257469385602,6.318975719689896,5.432030631616728,5.0102945841041775,3.0173923665302853,19.837693257477355,19.42434895141,12.529061925308026,7.25101485916215,3.5001099106111337,0.0018477027030389408,0.0027762725531756726,1.0,0.3,0.2,1.000039223,1.00012914,1.000206623,1.000103312,1.399896688,1.303628407,257.2637023,256.9802067,1.417556683,0.850565795,0.566990887,0.005510131,0.003306202,0.002203929,842.16,169,1.0000000000000002
COOK:8000046,COOK:8000046,COOK:Maine Precinct 46,,,,,,,,,,0.68212514,0.122752368,0.014586505,0.176891595,0.012151872,0.001822289,0.3641,0.8276,0.1724,0.8704,0.051,0.0056,0.0085,0.0645,0.105678145,0.058686704,0.098952223,0.16086815,0.1081015,0.147009743,0.14165301,0.10560344,0.073447082,0.049717231,0.002703257,0.02689047,0.024197401,0.047005351,0.021503709,0.018847482,0.029585953,0.005400048,0.030965451,0.081999022,0.193468109,0.053759871,0.076607218,0.153154812,0.184194612,,0.000341021,0.345132743,113.0,-0.520833333,96.0,0.238289206,491.0,52.7,95828,253.498467,0.055720894,0.021816827,-1.511482935,-0.241525242,-0.575587997,-0.418867614,-0.794111061,-0.558479456,-0.575587997,complete,COOK,Maine Precinct 46,0,0,0,Maine,1,0,0,306,204,136,202,152,101,0.75736,34.18680073229175,70,0.22756,26.914785408346976,55,0.01356,14.89742788020621,30,0.00064,6.482941760785802,13,0.00054,5.6172041559286425,11,6e-05,5.165542458017499,11,0.00028,3.1611118498678294,6,COOK:8000046,COOK:8000046,COOK:MAINE PRECINCT 46,1.0,83.62774105,1.732913868,1.732913868,1.732913868,1.732913868,5.974775738,1.732913868,1.732913868,22.24352092212062,15.836417970500726,8.850793214570052,3.9678126251002395,3.7932708817530365,3.896330810829318,2.078729565164035,33.28107592941729,26.2636080309033,14.624277433622527,6.318578038596763,5.432392097637229,5.0115138994761725,3.0193915404662217,19.836835978780055,19.423226004992483,12.528256553787054,7.250654320329499,3.4999748791879153,0.0030420209214246266,0.004750449335501872,1.0,0.3,0.2,1.000001256,1.017077002,1.027323204,1.013661602,1.386338398,1.025258208,578.0063974,577.7929609,1.374181692,0.708250571,0.665931121,0.002377451,0.001225333,0.001152117,2333.01,204,0.9995427182776137
COOK:8000052,COOK:8000052,COOK:Maine Precinct 52,,,,,,,,,,0.810004899,0.053952295,0.00649005,0.113396759,0.014017553,1.28e-06,0.4169,0.7983,0.2017,0.7953,0.0652,0.0,0.0054,0.1202,0.07133019,0.140089876,0.088128586,0.087341589,0.128185214,0.177278072,0.134003361,0.127009752,0.046633359,5.4e-06,0.026216638,9.32e-05,0.014986421,2.7e-06,0.024380569,0.013082658,0.018733983,2.7e-06,0.005768097,0.084274102,0.192970247,0.013156877,0.09361668,0.200210755,0.312498956,,-0.247682178,0.322580645,124.0,-0.384615385,117.0,0.202863962,419.0,53.9,153174,187.5234849,-1.00090115,-0.116616381,-1.033388578,-0.354224109,-0.629531297,-0.626282554,-0.710952502,-0.680153225,-0.629531297,complete,COOK,Maine Precinct 52,0,0,0,Maine,1,0,0,332,221,147,143,108,72,0.75672,34.10173819192324,75,0.22958,26.94485078582396,60,0.01264,14.918922919139845,33,0.0005,6.496741047207018,14,0.00034,5.630318638513959,12,6e-05,5.193107653436827,11,0.00016,3.1813738250626957,7,COOK:8000052,COOK:8000052,COOK:MAINE PRECINCT 52,1.0,84.51003163,1.575359578,1.575359578,1.575359578,1.575359578,6.037810902,1.575359578,1.575359578,22.244240730106455,15.837360844506037,8.851469439062958,3.9677196344367713,3.7933842599310754,3.8951831366944587,2.0769946539887436,33.28207739092749,26.26497937235223,14.625265784910276,6.318372296465022,5.432134834377709,5.010358443568581,3.0176488475181973,19.83755578676589,19.424168878997794,12.52893277827996,7.250561329666031,3.500088257365954,0.0018943467865652477,0.003015538160210085,1.0,0.3,0.2,1.000039323,1.000354497,1.000567195,1.000283598,1.399716402,1.318494255,265.3136012,265.0207605,1.464203097,0.878521858,0.585681239,0.005518764,0.003311258,0.002207506,1201.37,221,1.0
COOK:8000055,COOK:8000055,COOK:Maine Precinct 55,,,,,,,,,,0.7561729,0.12520491,0.013724998,0.097175108,0.018858601,3.79e-06,0.3477,0.8248,0.1752,0.8061,0.0659,0.0,0.0028,0.1251,0.121177336,0.052046079,0.105987511,0.183824078,0.104629002,0.219325199,0.095926237,0.070057689,0.04702687,0.0399417,2.95e-05,0.014719964,0.002113792,0.058874033,0.006313923,0.008413266,0.006457219,0.010542176,0.115870969,0.075722334,0.128491925,0.147427317,0.04220249,0.212434693,0.130444682,,0.067011642,0.163265306,98.0,-0.398058252,103.0,0.149367089,395.0,50.6,105513,201.7883459,0.339749356,-1.094553486,-1.080570017,-0.524414524,-0.731979105,-0.589947168,-0.830103675,-0.601897116,-0.731979105,complete,COOK,Maine Precinct 55,0,0,0,Maine,1,0,0,227,151,101,156,117,78,0.75506,34.167373366877115,52,0.2296,26.915865060811512,41,0.014,14.995995898383766,23,0.00072,6.528832497192097,10,0.00048,5.533301923967294,8,2e-05,5.161477229725997,8,0.00012,3.225544679457297,5,COOK:8000055,COOK:8000055,COOK:MAINE PRECINCT 55,1.0,85.96200353,1.316074931,1.316074931,1.316074931,1.316074931,6.141546891,1.316074931,1.316074931,22.2444246265407,15.837601729812857,8.851642200793085,3.9681910954026334,3.793413225770678,3.895071231231912,2.07664816601556,33.282005368667974,26.265002199938458,14.62531120882204,6.318995082904537,5.4320112438575014,5.010228022245002,3.0172838436839813,19.837739683200134,19.424409764304613,12.529105540010088,7.251032790631893,3.5001172232055566,0.0017824413240187006,0.0026690501870263762,1.0,0.3,0.2,1.000005535,1.036318918,1.058110268,1.029055134,1.370944866,1.159842065,214.426733,214.426733,0.612564822,0.206764746,0.405800076,0.002856756,0.000964268,0.001892488,1343.54,151,0.9999999999999994
COOK:8000058,COOK:8000058,COOK:Maine Precinct 58,,,,,,,,,,0.76929259,0.04791573,0.005732878,0.170624557,0.006436314,1.44e-06,0.405,0.7974,0.2026,0.7784,0.0308,0.0,0.0337,0.1327,0.073560336,0.063119795,0.08704678,0.156133517,0.091971158,0.14208048,0.185984618,0.095191695,0.104911621,0.005461692,0.01635363,0.005449256,0.018140963,2.56e-05,4.24e-05,0.025410257,0.067073501,0.047121323,0.038079653,0.029103769,0.139687934,0.032807446,0.110610343,0.119772606,0.344859662,,-0.039082454,0.06779661,118.0,-0.717171717,99.0,0.01734104,519.0,55.7,142006,257.6590514,-0.112229979,-1.68057603,-2.200586499,-0.944431,-1.443291529,-1.234455877,-1.636517653,-0.563984776,-1.443291529,complete,COOK,Maine Precinct 58,0,0,0,Maine,1,0,0,273,182,121,209,157,105,0.75888,34.255975916452186,62,0.22748,27.042448297978762,49,0.0126,14.926629028591778,27,0.0005,6.396830742119174,12,0.0004,5.586157415456467,10,6e-05,5.2089641070154595,9,8e-05,3.1086561976930507,6,COOK:8000058,COOK:8000058,COOK:MAINE PRECINCT 58,1.0,91.07235947,0.403497461,0.403497461,0.403497461,0.403497461,6.506655769,0.403497461,0.403497461,22.324512909973024,15.88105988505205,8.778689232004195,3.877195754128884,3.77265783229644,3.8960605703019877,2.0784745676329357,33.43958062350098,26.364207543356663,14.526289369936233,6.183297623644603,5.404224702314576,5.012672111690075,3.020564995676355,19.91782796663246,19.467867919543806,12.456152571221198,7.160037449358144,3.4793618297313187,0.002771780394094351,0.004495451804402171,1.0,0.3,0.2,1.000000227,1.01262065,1.02019304,1.01009652,1.38990348,1.00525798,315.7229007,315.0772506,2.582600415,2.152167013,0.430433403,0.008179959,0.006816633,0.001363327,1988.56,182,0.9999999999999994
COOK:8000059,COOK:8000059,COOK:Maine Precinct 59,,,,,,,,,,0.764418278,0.087791642,0.01013124,0.12246184,0.012656941,0.001686381,0.2875,0.9484,0.0516,0.7577,0.1019,0.0,0.0,0.1404,0.123601209,0.118210654,0.179884382,0.110572045,0.104553383,0.194875325,0.131280271,0.017327541,0.01969519,0.008085689,7.99e-06,1.48e-06,0.018109661,0.018178615,0.01809892,0.054309015,5.39e-05,0.018123775,0.11260786,0.144687609,0.160777063,0.000139823,0.104493384,0.110674222,0.231651025,,0.063719749,0.281553398,103.0,-0.533980583,103.0,0.156043956,455.0,46.6,91752,227.3462218,0.325725318,-0.368456959,-1.557626825,-0.503173306,-0.714218157,-0.525882943,-0.920566934,-0.62822863,-0.714218157,complete,COOK,Maine Precinct 59,0,0,0,Maine,1,0,0,273,182,121,171,129,86,0.75736,34.180475528232826,62,0.22848,26.9276464148969,49,0.01292,14.880671292270776,27,0.00064,6.5981431383995135,12,0.00028,5.542747034961473,10,0.00014,5.128181656354752,9,0.00018,3.096606631316174,6,COOK:8000059,COOK:8000059,COOK:MAINE PRECINCT 59,1.0,85.72959364,1.357577329,1.357577329,1.357577329,1.357577329,6.12494239,1.357577329,1.357577329,22.24413796399023,15.837226231523793,8.851372895309344,3.9678652005772665,3.793368073065618,3.8953954208424038,2.0772681896080454,33.28184682661489,26.264696095840023,14.625069361743321,6.318582080127272,5.432156103474992,5.01056742344901,3.0179190788699835,19.837453020649665,19.42403426601555,12.528836234526347,7.250706895806526,3.500072070500497,0.0021066309345103957,0.003289073779512089,1.0,0.3,0.2,1.000004326,1.237947041,1.380715266,1.190357633,1.209642367,1.319295733,379.2067201,379.2062966,1.536850311,0.61507886,0.92177145,0.004052803,0.001622015,0.002430789,1619.61,182,0.9999999999999997
COOK:8000060,COOK:8000060,COOK:Maine Precinct 60,,,,,,,,,,0.787756159,0.073096083,0.018109689,0.107741261,0.012783655,0.000533572,0.4636,0.8921,0.1079,0.7433,0.0441,0.0,0.0105,0.1716,0.163670118,0.084786944,0.092464773,0.1348774,0.115652467,0.17531327,0.126448731,0.06746451,0.039321786,0.000113105,0.01897096,3.83e-05,0.003423261,2.98e-05,0.017845098,0.036834783,0.030152535,0.008960779,0.010088065,0.073652156,0.055921168,0.141673833,0.047992811,0.109384829,0.444918456,,-0.232906133,0.407894737,152.0,-0.573604061,197.0,-0.04109589,803.0,51.2,174822,363.753955,-0.937952623,0.407073408,-1.69669632,-1.130337293,-0.915352577,-0.839478207,-1.086796199,-0.47465172,-0.915352577,complete,COOK,Maine Precinct 60,0,0,0,Maine,1,0,0,497,331,221,298,224,149,0.75502,34.17379614720404,113,0.23068,26.938642741904072,89,0.01306,14.904122815295896,49,0.0007,6.533237436789865,22,0.00036,5.635020076890207,19,0.0001,5.143754641207268,17,8e-05,3.073183173189209,10,COOK:8000060,COOK:8000060,COOK:MAINE PRECINCT 60,1.0,87.96308176,0.958734085,0.958734085,0.958734085,0.958734085,6.284513729,0.958734085,0.958734085,22.244304843550648,15.837444826486106,8.851529670516538,3.968368247683097,3.7933943585485306,3.895321406397398,2.0769684576674274,33.28173167382493,26.264667070250056,14.625079133326949,6.31924980280369,5.43203515938731,5.010474096300599,3.0176000342259597,19.837619900210083,19.424252860977862,12.52899300973354,7.251209942912356,3.5000983559834093,0.00203261648950443,0.002989341838893862,1.0,0.3,0.2,1.000000065,1.002963265,1.004741224,1.002370612,1.397629388,1.001181845,743.9613889,742.4403852,6.084405077,5.068523806,1.015881272,0.008178388,0.006812886,0.001365503,2579.86,331,0.9986979614597115
COOK:8000063,COOK:8000063,COOK:Maine Precinct 63,,,,,,,,,,0.587199494,0.079691194,0.02042602,0.305512228,0.016348166,0.001020408,0.3427,0.9662,0.0338,0.8653,0.06,0.0,0.0,0.0747,0.051482364,0.041318424,0.072007812,0.208827991,0.163578851,0.118379621,0.15934413,0.106291381,0.078769425,7.93e-06,0.042091096,1.05e-07,0.146072902,9.11e-06,0.035500471,0.031028542,2.75e-05,0.044279058,0.165988159,0.031129284,0.119815972,0.086407563,0.064387068,0.150810172,0.082445082,,0.011270207,0.246753247,77.0,-0.264367816,87.0,0.370491803,305.0,50.4,75807,161.965609,0.10228113,-0.582073295,-0.611346659,0.179052888,-0.299384263,-0.228021484,-0.376049298,-0.503914752,-0.299384263,complete,COOK,Maine Precinct 63,0,0,0,Maine,1,0,0,230,153,102,130,98,65,0.35266,27.54451124740427,42,0.60816,30.912586875311334,47,0.03622,17.172485341965636,26,0.00172,8.02034030197797,12,0.0005,4.42360810962078,7,0.00044,5.10652013133972,8,0.0003,3.0588363340903126,5,COOK:8000063,COOK:8000063,COOK:MAINE PRECINCT 63,1.0,77.47725059,2.831232476,2.831232476,2.831232476,2.831232476,5.535354552,2.831232476,2.831232476,19.407942630085106,19.796802229993737,11.173328919510547,5.461489219622089,3.2635954279449257,3.8984498224633657,2.0821341231247485,26.979780157281112,30.21860328786935,16.826741557957032,7.81796373772885,4.276958271090843,4.910813385437792,2.919976572754507,17.00125768674454,23.383610264485494,14.85079225872755,8.744330914851348,2.9702994253798045,0.005161032555472183,0.008155007296215308,1.0,0.3,0.2,1.000032887,1.00095866,1.001533856,1.000766928,1.399233072,1.305601909,283.3755183,283.0634297,0.625549348,0.313003371,0.312545977,0.002207493,0.001104553,0.001102939,1154.4,153,1.0
COOK:8000069,COOK:8000069,COOK:Maine Precinct 69,,,,,,,,,,0.581217793,0.049408172,0.028582083,0.342717496,0.006500504,0.001300177,0.3045,0.8882,0.1118,0.8905,0.0394,0.0,0.0058,0.0471,0.106088793,0.098172689,0.097754262,0.096773582,0.130853063,0.1374631,0.153460352,0.091144807,0.08828935,3.44e-05,0.016468035,1.67e-05,0.024038279,0.026985954,0.080753569,0.007560043,0.01204903,2.08e-05,0.094260514,0.064374335,0.142146634,0.082375174,0.124172469,0.110676965,0.214067079,,0.1323451,0.162790698,86.0,-0.217391304,92.0,0.18079096,354.0,54.1,109497,216.3503915,0.618081271,-1.097466807,-0.446469668,-0.424445286,-0.444030217,-0.337575123,-0.465809126,-0.597832572,-0.444030217,complete,COOK,Maine Precinct 69,0,0,0,Maine,1,0,0,254,169,113,185,139,93,0.35076,27.633280368824302,47,0.6101,30.97697307641433,52,0.03688,17.180157060769947,29,0.00172,8.077859979869503,14,0.00026,4.4020952055794105,7,0.00018,5.048789025323474,9,0.0001,3.0370594453867747,5,COOK:8000069,COOK:8000069,COOK:MAINE PRECINCT 69,1.0,81.07347061,2.189040542,2.189040542,2.189040542,2.189040542,5.792286137,2.189040542,2.189040542,19.407520853280744,19.79624974600814,11.17293268077569,5.461725321629296,3.2635289931643197,3.8991888002918933,2.0831861875217945,26.979101897592116,30.217705094363524,16.826107291079577,7.818295767107624,4.277051137864588,4.911549754113412,2.9210260279986446,17.00083590994018,23.383057780499897,14.850396019992692,8.744567016858555,2.9702329905991984,0.005900010383999857,0.00920707169326087,1.0,0.3,0.2,1.000001229,1.000177342,1.000283748,1.000141874,1.399858126,1.009633378,401.1916324,401.184889,1.005234617,0.993346866,0.011887751,0.002505622,0.002475991,2.96e-05,2051.4,169,0.9978359405290663
COOK:8000072,COOK:8000072,COOK:Maine Precinct 72,,,,,,,,,,0.874394889,0.062605402,0.002694988,0.049504102,0.01113711,0.000537073,0.4214,0.7927,0.2073,0.7978,0.0428,0.0037,0.0193,0.1336,0.14108376,0.093666411,0.081429807,0.110550981,0.13361249,0.140761404,0.142556263,0.084289044,0.072049842,0.02356054,0.009339575,0.010449929,0.02779338,0.044064597,0.034522634,0.022556066,0.048498419,0.010855314,0.048084695,0.07593397,0.088594999,0.06556202,0.054214274,0.08465773,0.351311858,,-0.131365954,0.482014388,139.0,-0.370786517,178.0,-0.043243243,740.0,53.0,121257,328.6861717,-0.505373768,0.862047533,-0.984852362,-1.1371687,-0.489284684,-0.441336824,-0.597987791,-0.671750657,-0.489284684,complete,COOK,Maine Precinct 72,0,0,0,Maine,1,0,0,390,260,173,122,92,61,0.75536,34.14614242240903,89,0.2307,26.97101427349013,70,0.01256,14.953918184900328,39,0.00064,6.530019971761729,17,0.00046,5.618584825575581,15,0.00016,5.21459000708248,14,0.00012,3.102970630643334,8,COOK:8000072,COOK:8000072,COOK:MAINE PRECINCT 72,1.0,82.02169032,2.019713013,2.019713013,2.019713013,2.019713013,5.860031602,2.019713013,2.019713013,22.2449650479824,15.838309626000893,8.852149900377642,3.9678577229728713,3.7934983484695626,3.894113084600935,2.0752941308289934,33.282931743375876,26.266206082371852,14.62616344993192,6.3184811983771505,5.431848903546129,5.0092728298165925,3.0159327626999826,19.838280104641836,19.42511766049265,12.529613239594644,7.250699418202131,3.5002023459044413,0.000824294693041621,0.0013150150004601208,1.0,0.3,0.2,1.000000528,1.091173721,1.145877954,1.072938977,1.327061023,1.023798585,546.4966147,546.0135022,2.306571773,1.374585929,0.931985843,0.004220652,0.002515269,0.001705383,1855.67,260,0.9999999999999997
COOK:8000074,COOK:8000074,COOK:Maine Precinct 74,,,,,,,,,,0.670487707,0.081796785,0.012022931,0.23567056,0.016359177,1.56e-06,0.4105,0.6107,0.3893,0.7744,0.0321,0.0,0.0,0.1887,0.126609989,0.101881585,0.111977243,0.088131638,0.19833388,0.114691695,0.10874223,0.094885143,0.054746596,0.034123609,0.015950179,0.029567782,0.02052171,0.031963443,0.025072925,0.006832516,0.052351127,0.020493311,0.022794586,0.147881075,0.127520903,0.070610694,0.066147844,0.084331738,0.243836558,,-0.098678985,0.366336634,101.0,-0.19047619,84.0,0.170603675,381.0,48.0,93124,178.6079468,-0.366121585,0.151974236,-0.352003672,-0.456854251,-0.254339527,-0.255751318,-0.273589998,-0.393523561,-0.254339527,complete,COOK,Maine Precinct 74,0,0,0,Maine,1,0,0,264,176,117,148,111,74,0.35622,27.653912891162246,49,0.60416,30.914118271123016,54,0.03684,17.1947128824286,30,0.00166,8.022325601979016,14,0.00062,4.433355599565606,8,0.00028,4.9707326455261605,9,0.00022,3.012209347424627,5,COOK:8000074,COOK:8000074,COOK:MAINE PRECINCT 74,1.0,76.16077892,3.066320287,3.066320287,3.066320287,3.066320287,5.441299362,3.066320287,3.066320287,19.408734388809712,19.797839352024337,11.174072738213015,5.461413690900334,3.2637201392059967,3.897197224775627,2.0802310206114107,26.980867506184374,30.220028557901465,16.82776983503291,7.817797449882332,4.276751433521295,4.9095547525530066,2.9180674350441214,17.002049445469147,23.384647386516093,14.851536077430017,8.744255386129593,2.9704241366408755,0.003908434867733291,0.006251904782877126,1.0,0.3,0.2,1.000008879,1.000152728,1.000244365,1.000122182,1.399877818,1.068821418,268.8280277,268.694546,1.03034974,0.763969084,0.266380656,0.003832747,0.002841851,0.000990896,1306.91,176,1.0000000000000004
COOK:8000075,COOK:8000075,COOK:Maine Precinct 75,,,,,,,,,,0.74577465,0.052997965,0.005688893,0.184219648,0.003801352,0.002827853,0.2929,0.9996,0.0004,0.9453,0.006,0.0,0.0,0.0487,0.088575397,0.123136865,0.067607574,0.135035154,0.096495252,0.227669134,0.05671094,0.125093582,0.0796761,3.85e-05,0.0244545,1.42e-05,2.03e-06,0.000134683,6.08e-06,8.1e-06,0.124711778,0.03179764,0.261805768,0.046526469,0.061755388,0.171752058,0.093081208,0.095762046,0.088149572,,-0.104847854,0.218390805,87.0,-0.621052632,95.0,0.2,350.0,53.3,79251,189.6037772,-0.392402042,-0.756172566,-1.863230131,-0.363335275,-0.990867813,-0.843785004,-1.194756838,-0.863069571,-0.990867813,complete,COOK,Maine Precinct 75,0,0,0,Maine,1,0,0,227,151,101,146,110,73,0.75522,34.20235736496058,52,0.23036,26.930721366913808,41,0.01294,14.941957431056935,23,0.0007,6.483560173835637,10,0.00046,5.626306532806435,8,0.00016,5.129736949819935,8,0.00016,3.118537568135088,5,COOK:8000075,COOK:8000075,COOK:MAINE PRECINCT 75,1.0,88.60922661,0.843349318,0.843349318,0.843349318,0.843349318,6.330677484,0.843349318,0.843349318,22.243437847788872,15.836309151719256,8.85071517028746,3.967300001428095,3.7932577965739878,3.8962716624476603,2.0788275504709763,33.28130685551418,26.26379588875986,14.624382207069257,6.317888048771317,5.432482961032517,5.011473117146858,3.019507891825506,19.836752904448307,19.423117186211012,12.528178509504462,7.250141696657354,3.4999617940088665,0.0029828725397669227,0.004848434642442788,1.0,0.3,0.2,1.00001185,1.029852505,1.047764009,1.023882004,1.376117996,1.334692772,257.0253261,257.0253261,1.041227644,0.416460602,0.624767042,0.00405107,0.00162031,0.002430761,1019.55,151,1.0000000000000004
COOK:8000076,COOK:8000076,COOK:Maine Precinct 76,,,,,,,,,,0.622363287,0.067430807,0.015674499,0.289841953,0.009417659,0.001563767,0.371,0.5307,0.4693,0.7258,0.0727,0.0,0.0133,0.1871,0.075977023,0.148741917,0.070334917,0.110902642,0.118177222,0.190811135,0.186599582,0.039470946,0.058984616,0.006671436,0.069161568,0.003367631,0.003347613,0.003376937,0.065908095,0.003311047,0.010013185,0.003344171,0.026404892,0.046458576,0.313032958,0.026525989,0.174632203,0.181254325,0.063189373,,-0.027736002,0.132075472,53.0,-0.084745763,59.0,0.272727273,242.0,53.5,95656,116.1991801,-0.063892116,-1.286008346,0.019086344,-0.131966897,-0.357397408,-0.365695254,-0.280441088,-0.389488566,-0.357397408,complete,COOK,Maine Precinct 76,0,0,0,Maine,1,0,0,162,108,72,102,77,51,0.35068,27.57807187793,30,0.60982,31.001977684788294,33,0.03682,17.19544315022023,19,0.00184,8.014059286531696,9,0.00024,4.477616227862516,5,0.00032,5.025693215246201,5,0.00028,3.058085815968163,3,COOK:8000076,COOK:8000076,COOK:MAINE PRECINCT 76,1.0,79.02986602,2.553975495,2.553975495,2.553975495,2.553975495,5.646281009,2.553975495,2.553975495,19.40812027585594,19.79703492757805,11.17349580904729,5.461319710170835,3.2636234092319216,3.8981129246825406,2.0816773216767785,26.980101251965536,30.219031295925234,16.82703964310401,7.8177368038357615,4.276925351551221,4.91047967004408,2.919522953693649,17.001435332515374,23.383842962069807,14.850959148264293,8.744161405400094,2.9703274066668004,0.004824134774647172,0.007698205848244982,1.0,0.3,0.2,1.000015382,1.000281702,1.000450723,1.000225361,1.399774639,1.121828187,180.8658479,180.6664174,0.997599844,0.59873879,0.398861054,0.005515689,0.003310403,0.002205287,699.99,108,1.0000000000000007
COOK:8000008,COOK:8000008,COOK:Maine Precinct 8,,,,,,,,,,0.815976849,0.075938075,0.015193113,0.088793516,0.0099313,1.87e-06,0.3389,0.6919,0.3081,0.6823,0.1152,0.0,0.008,0.1944,0.144013392,0.114983115,0.078783836,0.113122916,0.143031621,0.168685711,0.106371107,0.063335059,0.06767324,0.044019848,0.033315065,0.032118716,0.045205344,0.007134804,0.021418653,0.015503394,0.032131498,0.013094952,0.022613715,0.104693523,0.12020317,0.133297189,0.067864876,0.089302559,0.218082692,,-0.071589327,,,-0.514563107,206.0,,,51.3,101603,318.2847106,-0.250714922,,-1.489475852,,,,,-0.568634284,-0.568634284,demographic_only,COOK,Maine Precinct 8,0,0,0,Maine,1,0,0,459,306,204,245,184,123,0.75328,34.09405850384185,104,0.23192,26.952085964878147,82,0.01354,15.010388511951408,46,0.00056,6.528586333088423,20,0.00044,5.572023281644765,17,8e-05,5.165855949729574,16,0.00018,3.1466136496673305,10,COOK:8000008,COOK:8000008,COOK:MAINE PRECINCT 8,1.0,83.50750924,1.754384162,1.754384162,1.754384162,1.754384162,5.966185788,1.754384162,1.754384162,22.244519644297036,15.837726193245125,8.851731465340519,3.96831385755432,3.7934281921788133,3.894969171216658,2.076445531437791,33.2820481603113,26.26509391265875,14.625385207741896,6.319152077967021,5.431961507923057,5.010120428320498,3.0170756751969634,19.83783470095647,19.42453422773688,12.529194804557521,7.25115555278358,3.500132189613692,0.0016803813087646184,0.0024664156092576964,1.0,0.3,0.2,1.000000032,1.00643678,1.010298848,1.005149424,1.394850576,1.001153122,330.9338636,330.3002363,2.484440578,1.447780888,1.03665969,0.007507363,0.004374835,0.003132528,1885.86,306,0.9995411916626159
COOK:8000083,COOK:8000083,COOK:Maine Precinct 83,,,,,,,,,,0.85470422,0.040157223,0.01296416,0.082743974,0.004730736,5.68e-07,0.4621,0.8179,0.1821,0.767,0.0655,0.0,0.0001,0.1436,0.110784699,0.044807032,0.052596204,0.158360299,0.079773777,0.247505814,0.158405766,0.089385302,0.058381106,2.64e-05,0.07182338,2.21e-05,0.021316826,2.61e-06,0.034577914,0.016039924,0.010802799,0.024024102,0.026669265,0.02674978,0.104022614,0.111888444,0.053442178,0.077452669,0.421138951,,-0.313653305,0.44,75.0,-0.586206897,87.0,0.023809524,336.0,54.6,149341,160.1825014,-1.281949646,0.604147513,-1.740929439,-0.923852714,-0.881544051,-0.835646071,-1.062600724,-0.630308431,-0.881544051,complete,COOK,Maine Precinct 83,0,0,0,Maine,1,0,0,210,140,93,121,91,61,0.75646,34.139797643368034,48,0.22936,26.935987654883526,38,0.01278,14.961836670572936,21,0.00082,6.498482361175986,9,0.00034,5.6623135154840645,8,4e-05,5.147987535149255,7,0.0002,3.192740967991972,4,COOK:8000083,COOK:8000083,COOK:MAINE PRECINCT 83,1.0,87.64332445,1.015834475,1.015834475,1.015834475,1.015834475,6.2616687,1.015834475,1.015834475,22.244588224813445,15.837816026627731,8.851795893390562,3.9682274126784147,3.793438994412398,3.894831420938058,2.076265078636636,33.28219494235572,26.26527587935636,14.6255118155286,6.319026671876807,5.4319460645134034,5.009984526067345,3.0168970704212548,19.83790328147288,19.424624061119488,12.529259232607565,7.251069107907674,3.5001429918472766,0.0015426310301649207,0.002285962808102552,1.0,0.3,0.2,1.000000124,1.016458962,1.02633434,1.01316717,1.38683283,1.003910822,193.7226896,193.3265287,1.584643677,1.320536398,0.26410728,0.008179959,0.006816633,0.001363327,1102.09,140,0.9999999999999997
COOK:8100013,COOK:8100013,COOK:New Trier Precinct 13,,,,,,,,,,0.740487699,0.039346309,0.030336363,0.173279786,0.010345591,0.004825952,0.5721,0.9607,0.0393,0.7278,0.0748,0.0,0.0038,0.193,0.103290438,0.170400882,0.018476358,0.08827853,0.136628293,0.169932185,0.138051338,0.132555259,0.042386717,0.050733082,0.03511721,0.001312786,0.01174364,0.011724596,1.22e-05,0.006530238,0.020836429,3.75e-06,0.075443245,0.032547936,0.054684502,0.075556554,0.037807476,0.191412481,0.394533871,,-0.212569888,0.233009709,206.0,-0.13,200.0,0.181058496,718.0,55.4,172451,322.1481104,-0.851316676,-0.666436269,-0.139745849,-0.42359417,-0.449116158,-0.520273241,-0.37301068,-0.406693015,-0.449116158,complete,COOK,New Trier Precinct 13,0,0,0,New Trier,1,0,0,566,377,251,272,204,136,0.35454,27.728666755285005,105,0.60722,31.036903201502664,117,0.03582,17.116140017386062,65,0.00154,7.989766758440283,30,0.00052,4.42554503735284,17,0.00026,5.065535469357624,19,0.0001,2.9719632486172785,11,COOK:8100013,COOK:8100013,COOK:NEW TRIER PRECINCT 13,1.0,81.18392964,2.169315414,2.169315414,2.169315414,2.169315414,5.800177872,2.169315414,2.169315414,19.45568221873039,19.824222317666724,11.133496788959743,5.41118978089579,3.2520462659069627,3.8965814302629975,2.078799450301108,27.062706676782348,30.275749807207653,16.776586491940307,7.748066818591684,4.260829101724958,4.909600583589555,2.917297490282997,17.048997275389826,23.41103035215848,14.810960128176745,8.69403147612505,2.9587502633418414,0.003292640355104134,0.004820334472574636,1.0,0.3,0.2,1.021766164,1.000009244,1.00001479,1.000007395,1.399992605,1.302035453,466.860668,466.250252,3.584820861,1.788847236,1.795973624,0.007678567,0.003831651,0.003846916,1845.95,377,1.0000000000000002
COOK:8100017,COOK:8100017,COOK:New Trier Precinct 17,,,,,,,,,,0.724235422,0.031493356,0.006527236,0.221455611,0.007601912,0.003252886,0.5118,0.7231,0.2769,0.5747,0.0869,0.0,0.0641,0.1969,0.156957511,0.133831562,0.030931547,0.061874932,0.139221391,0.160121111,0.111366623,0.13452806,0.071167264,0.026061934,0.0,8.83e-06,0.014889042,0.027922731,0.063268428,0.024190577,0.003737741,0.001869818,0.057721321,0.083743863,0.080193393,0.102399091,0.081965968,0.14145555,0.290571719,,-0.387113645,0.524324324,185.0,-0.119170984,193.0,0.2141527,537.0,56.1,129268,218.1334991,-1.594903494,1.121761736,-0.101738439,-0.318311076,-0.073981313,-0.223297818,-0.049669437,-0.030373103,-0.073981313,complete,COOK,New Trier Precinct 17,0,0,0,New Trier,1,0,0,450,300,200,177,133,89,0.35466,27.84925709286504,84,0.60952,31.174022906941712,94,0.03322,16.994184616243917,51,0.00168,7.814397879626514,23,0.00044,4.357323093796099,13,0.00022,5.087564788413045,15,0.00026,3.0237841798823517,9,COOK:8100017,COOK:8100017,COOK:NEW TRIER PRECINCT 17,1.0,69.80910063,4.20056584,4.20056584,4.20056584,4.20056584,4.987504332,4.20056584,4.20056584,19.536057016114594,19.8680557765462,11.060812986053469,5.31948703658808,3.2313360017317687,3.896868513507468,2.0798043154942696,27.205680638837222,30.373006975840916,16.686335208345007,7.621294018269469,4.233747010761686,4.911179214711526,2.9195939033536584,17.12937207277403,23.454863811037956,14.738276325270471,8.60232873181734,2.9380399991666475,0.003579723599574908,0.005825199665736252,1.0,0.3,0.2,2.030371866,1.000016796,1.000026874,1.000013437,1.399986563,1.210994055,523.8409198,523.0112903,3.318070015,2.48835086,0.829719155,0.006334118,0.004750203,0.001583914,1859.76,300,1.0000000000000002
COOK:8100018,COOK:8100018,COOK:New Trier Precinct 18,,,,,,,,,,0.889706329,0.04113892,0.004429163,0.047079166,0.008817986,0.00293409,0.6505,0.9806,0.0194,0.4188,0.1524,0.0001,0.0127,0.3912,0.099205909,0.131840361,0.024793026,0.075410191,0.065513059,0.188023886,0.125028142,0.138316702,0.151868724,2.86e-05,7.69e-05,0.000196955,0.013338347,0.02930572,0.010674607,0.008003381,0.029275525,0.015988956,0.0372755,0.018650718,0.085265403,0.050641957,0.010809907,0.151883223,0.538584273,,-0.370446923,0.378151261,119.0,-0.179487179,117.0,-0.167037862,449.0,61.3,207164,168.5036703,-1.523900354,0.224496833,-0.313434716,-1.530998402,-0.664912596,-0.78595916,-0.570407707,-0.226539772,-0.664912596,complete,COOK,New Trier Precinct 18,0,0,0,New Trier,1,0,0,330,20,147,139,105,70,0.7774,35.53015043554245,7,0.21478,27.731212383336423,6,0.00696,13.9379793342847,3,0.00022,5.297989706451264,1,0.00036,5.390942830191253,1,0.00014,5.171244421046156,1,0.00014,3.1577116990198917,1,COOK:8100018,COOK:8100018,COOK:NEW TRIER PRECINCT 18,1.0,85.04286637,1.480209068,1.480209068,1.480209068,1.480209068,6.075879227,1.480209068,1.480209068,22.973281013493676,16.239285298299603,8.202639183444427,3.156352347237788,3.607884517989176,3.8941090745491547,2.075249122004018,34.71604530370421,27.174236587173446,13.735512583568699,5.097965820930313,5.176282800936227,5.022087469848199,3.0287064039583944,20.56659607015311,19.82609333279136,11.88010252266143,6.439194042467047,3.3145885154240546,0.0008202846412614647,0.0012700061754842636,1.0,0.3,0.2,1.254226581,1.000008419,1.000013471,1.000006736,1.399993264,1.003335743,86.86817729,86.68248741,0.836865155,0.372220225,0.46464493,0.009633737,0.004284886,0.005348851,406.34,66,0.2987145240025336
COOK:8100021,COOK:8100021,COOK:New Trier Precinct 21,,,,,,,,,,0.698037563,0.040442623,0.018152551,0.221938771,0.006608203,1.13e-06,0.5638,0.8561,0.1439,0.5338,0.2345,0.009,0.0348,0.1544,0.123685278,0.150426889,0.032315821,0.062801189,0.141080367,0.178988885,0.112494736,0.11059325,0.087613584,0.025953585,1.31e-06,0.004348193,0.012971061,0.020206676,0.046136065,0.020185234,0.008671533,0.005777398,0.056294616,0.059102332,0.148635564,0.080855776,0.09236073,0.102432802,0.316067124,,-0.292833884,0.432692308,208.0,0.034782609,230.0,0.392265193,543.0,55.6,127940,244.5829289,-1.193255284,0.559290168,0.438604043,0.248320905,0.176425891,0.013239958,0.261498708,-0.018313586,0.176425891,complete,COOK,New Trier Precinct 21,0,0,0,New Trier,1,0,0,482,321,214,201,151,101,0.35446,27.761936654319953,89,0.6066,31.03876597486722,100,0.03676,17.02251823833815,55,0.00136,7.962781517999523,26,0.00044,4.403850581600635,14,0.00028,5.077767350819017,16,0.0001,3.109881178352997,10,COOK:8100021,COOK:8100021,COOK:NEW TRIER PRECINCT 21,1.0,59.62057049,6.372051583,6.372051583,6.372051583,6.372051583,4.259585797,6.372051583,4.259585797,19.478250866139998,19.836227993636328,11.112358359625073,5.384516815243441,3.2460667390284415,3.89710259633242,2.0799377688001885,27.10324730108271,30.30317098657421,16.750526659288088,7.711315936424117,4.25324452979624,4.910508748915503,2.9188228080386027,17.071565922799433,23.423036028128084,14.789821698842076,8.6673585104727,2.9527707364633202,0.003813806424526904,0.005958652971655169,1.0,0.3,0.2,1.294180298,1.000008395,1.000013431,1.000006716,1.399993284,1.179238932,337.5885765,336.8667782,2.13174879,1.258861533,0.872887258,0.006314635,0.003728981,0.002585654,1261.19,321,0.9999999999999993
COOK:8100024,COOK:8100024,COOK:New Trier Precinct 24,,,,,,,,,,0.54472038,0.102775234,0.016027099,0.334459269,0.007343196,0.002669347,0.4911,0.9092,0.0908,0.6753,0.1271,0.0,0.0135,0.154,0.135993106,0.117230382,0.069110306,0.116508031,0.142288999,0.114861559,0.125711416,0.134816946,0.043479255,0.027859913,1.41e-05,0.041735603,7.96e-06,0.024751311,0.040188165,0.05410412,0.010895892,0.012370806,0.088136121,0.044842649,0.058910379,0.100565631,0.102077242,0.125348876,0.268191193,,-0.128706306,0.295918367,196.0,-0.254125413,303.0,0.478411054,579.0,52.6,123910,274.5985738,-0.494043205,-0.28027941,-0.575398128,0.522378041,-0.214971168,-0.206835675,-0.288683658,-0.084290867,-0.214971168,complete,COOK,New Trier Precinct 24,0,0,0,New Trier,1,0,0,516,344,229,238,179,119,0.35384,27.674776734944174,95,0.60598,30.9722584551331,107,0.03732,17.126793705181402,59,0.00188,8.075743353488328,28,0.00046,4.384080221245043,15,0.00036,5.034795557681549,17,0.00016,3.059408381487964,11,COOK:8100024,COOK:8100024,COOK:NEW TRIER PRECINCT 24,1.0,74.92605853,3.286809431,3.286809431,3.286809431,3.286809431,5.353084886,3.286809431,3.286809431,19.407614472512133,19.796372377517393,11.173020631477149,5.461100982563868,3.2635437392884152,3.8988153860367993,2.0828409331676823,26.979541581480284,30.218310162696973,16.826500637523154,7.817511201727281,4.277081100902445,4.9111939260015705,2.920698359787785,17.000929529171568,23.38318041200915,14.850483970694151,8.743942677793127,2.970247736723294,0.005526596128905865,0.008861817339148809,1.0,0.3,0.2,1.04750709,1.000001718,1.000002749,1.000001374,1.399998626,1.077591951,405.5536201,404.4602615,2.552132726,1.093672537,1.458460188,0.00629296,0.00269674,0.00359622,1539.22,344,0.9988105246654788
COOK:8100026,COOK:8100026,COOK:New Trier Precinct 26,,,,,,,,,,0.797672526,0.029572061,0.012105623,0.149335397,0.009109713,0.000467343,0.5617,0.9027,0.0973,0.4681,0.2852,0.0047,0.0073,0.2262,0.133341378,0.175297624,0.024892469,0.063867548,0.159433245,0.193370808,0.102127743,0.095003406,0.052665779,0.006979044,2.34e-05,0.005581618,0.002797629,0.013942209,0.008342699,0.013737886,0.011910913,0.016123793,0.033385939,0.031293494,0.130249636,0.09225799,0.088619189,0.107524818,0.437229718,,-0.325230235,0.588235294,306.0,-0.149295775,355.0,0.138702461,894.0,53.7,170811,367.6173548,-1.331269384,1.514071161,-0.207469679,-0.558342067,-0.033372522,-0.145752493,-0.045715959,-0.220019958,-0.033372522,complete,COOK,New Trier Precinct 26,0,0,0,New Trier,1,0,0,698,463,310,147,111,74,0.35026,27.581980777922656,128,0.60994,30.954010959111223,143,0.03736,17.18558338903055,80,0.00158,8.02162182189155,37,0.00032,4.4516505237104695,21,0.00032,5.0815002297915175,24,0.00022,3.029795970467394,14,COOK:8100026,COOK:8100026,COOK:NEW TRIER PRECINCT 26,1.0,68.12199403,4.501839467,4.501839467,4.501839467,4.501839467,4.866969167,4.501839467,4.501839467,19.409713125722835,19.799121396141075,11.174992213803437,5.461877651554034,3.2638743017190186,3.895852859360492,2.077987370304163,26.981929873815368,30.221395056021493,16.82879481791951,7.818284603156232,4.276446509548554,4.908186356029667,2.9157997536286686,17.00302818238227,23.38592943063283,14.85245555302044,8.744719346783294,2.9705782991538974,0.0025640694525989184,0.0040082544756296365,1.0,0.3,0.2,1.358908584,1.000004806,1.000007689,1.000003845,1.399996155,1.056458916,498.12109,497.1427962,3.146219348,2.013480041,1.132739307,0.006316174,0.00404215,0.002274024,2250.63,464,0.997867484941811
COOK:8100027,COOK:8100027,COOK:New Trier Precinct 27,,,,,,,,,,0.819835261,0.029726055,0.02768026,0.113830959,1.28e-05,0.003951155,0.53,0.9571,0.0429,0.3461,0.164,0.0,0.0185,0.4662,0.141338463,0.226664937,0.024472687,0.072680541,0.12441331,0.202998505,0.098605048,0.062615834,0.046210675,0.016681531,2.83e-05,2.61e-05,0.006250345,0.006257515,0.024988981,0.024972012,0.002115783,0.002114633,0.02911188,0.056280875,0.106146649,0.012679744,0.0583473,0.116594267,0.537404109,,-0.309030085,0.46,200.0,-0.106976744,215.0,0.16838488,582.0,53.2,206960,240.1251598,-1.262253923,0.72691499,-0.058939399,-0.463912937,-0.144216365,-0.264547817,-0.103094681,-0.148214717,-0.144216365,complete,COOK,New Trier Precinct 27,0,0,0,New Trier,1,0,0,507,191,225,187,141,94,0.35078,27.64093460652167,53,0.61062,30.974662713270195,59,0.03626,17.106020618478677,33,0.0015,8.082588909405516,15,0.00036,4.375389444755217,8,0.00022,5.057900199953481,10,0.00026,3.0459110726892145,6,COOK:8100027,COOK:8100027,COOK:NEW TRIER PRECINCT 27,1.0,72.49840185,3.72032616,3.72032616,3.72032616,3.72032616,5.179641193,3.72032616,3.72032616,19.41011562110065,19.79964862345234,11.175370338578533,5.46289567277205,3.2639376994493907,3.89560285373773,2.0772263003175233,26.98194855848454,30.221370214212122,16.82885102198913,7.819513062972823,4.276248032315845,4.907901873454954,2.915004206690079,17.003430677760086,23.3864566579441,14.852833677795536,8.74573736800131,2.9706416968842695,0.002314063829836739,0.0032471844889898215,1.0,0.3,0.2,1.605881421,1.00001191,1.000019056,1.000009528,1.399990472,1.045043587,328.8786929,328.8525448,1.393514552,0.07710291,1.316411641,0.004237169,0.000234442,0.004002727,1432.42,254,0.7503685634945834
COOK:8100003,COOK:8100003,COOK:New Trier Precinct 3,,,,,,,,,,0.752226613,0.040588805,0.012494634,0.170771931,0.007288609,0.001044279,0.6095,0.8552,0.1448,0.521,0.1426,0.0,0.0502,0.2426,0.107549011,0.121078358,0.037531876,0.065341943,0.133069448,0.164592089,0.125444488,0.166625736,0.078767052,0.028558063,2.06e-05,1.49e-05,0.010086864,0.010104136,0.038685993,0.025252736,0.015113751,0.003405702,0.023566448,0.122701627,0.084095814,0.057376995,0.100892158,0.06086531,0.419258887,,-0.289218623,0.47027027,185.0,-0.135135135,185.0,0.234782609,575.0,57.5,145075,233.2899139,-1.177853643,0.789957746,-0.157769018,-0.252680833,-0.097577974,-0.199586437,-0.08921449,-0.010739525,-0.097577974,complete,COOK,New Trier Precinct 3,0,0,0,New Trier,1,0,0,468,312,208,178,134,89,0.36176,28.17300896540138,88,0.60516,31.29792741277123,98,0.03096,16.79136131830509,52,0.00142,7.542091802818696,24,0.0003,4.314726411852726,13,0.00024,5.048783317884609,16,0.00016,2.9750398454047007,9,COOK:8100003,COOK:8100003,COOK:NEW TRIER PRECINCT 3,1.0,70.74457186,4.03351486,4.03351486,4.03351486,4.03351486,5.054338982,4.03351486,4.03351486,19.698473474070642,19.9579061126625,10.91701131690179,5.139716556891993,3.190178023832298,3.89619463874793,2.0785487148798087,27.49269375547481,30.56830567441824,16.505882551705625,7.371508972215621,4.178675647023904,4.91296870324704,2.92080166603425,17.291788530730077,23.544714147154256,14.594474656118793,8.422558252121252,2.8968820212671766,0.0029058488400365507,0.0045695990512754844,1.0,0.3,0.2,2.119632028,1.000017698,1.000028317,1.000014158,1.399985842,1.120367434,224.2042852,223.8486737,1.42151561,1.066169945,0.355345665,0.00634027,0.00475535,0.001584919,1156.23,312,0.9999999999999996
COOK:8100031,COOK:8100031,COOK:New Trier Precinct 31,,,,,,,,,,0.84985443,0.038039506,0.019487936,0.077007244,0.004879916,1.79e-07,0.5646,0.8036,0.1964,0.392,0.2429,0.0522,0.0243,0.287,0.13045769,0.191111246,0.041965917,0.107062567,0.097894581,0.188219821,0.13031771,0.070170806,0.042799661,0.015751418,0.111956621,0.035488974,0.027516186,0.033417137,0.011814372,0.027504686,0.01573187,3.28e-05,0.00199442,0.023601337,0.019791714,0.094351081,0.129744352,0.108244513,0.343058543,,-0.287456011,0.549450549,182.0,-0.164319249,213.0,0.196666667,600.0,53.5,140617,234.1814677,-1.170344608,1.275995897,-0.260198693,-0.373939658,-0.041107174,-0.132121766,-0.06672256,0.016329451,-0.041107174,complete,COOK,New Trier Precinct 31,0,0,0,New Trier,1,0,0,479,41,213,187,141,94,0.35626,27.702262985436032,11,0.60394,30.92670707955702,13,0.03714,17.140926701836364,7,0.00158,7.976970474756529,3,0.00056,4.432857673254207,2,0.00022,5.042606497644628,2,0.0003,3.091565199616042,1,COOK:8100031,COOK:8100031,COOK:NEW TRIER PRECINCT 31,1.0,68.45091907,4.443101957,4.443101957,4.443101957,4.443101957,4.890469184,4.443101957,4.443101957,19.410533072436774,19.800195441521964,11.175762513746964,5.46265560961178,3.26400345291815,3.8948691177297934,2.0761837783167327,26.98262307724933,30.22226370863919,16.8294815912289,7.819176527502932,4.276156698184495,4.907170910036182,2.9139644572784533,17.00384812909621,23.38700347601372,14.853225852963966,8.74549730484104,2.9707074503530286,0.0015803278218999228,0.0022046624881993894,1.0,0.3,0.2,1.27781244,1.000006446,1.000010313,1.000005156,1.399994844,1.010051035,339.5868789,339.5863884,2.419072097,1.341731707,1.07734039,0.007123574,0.003951071,0.003172503,1508.31,115,0.35900152814721875
COOK:8100032,COOK:8100032,COOK:New Trier Precinct 32,,,,,,,,,,0.85811496,0.057162466,0.010754411,0.060859579,0.004763224,4.9e-06,0.5284,0.9847,0.0153,0.3223,0.1685,0.0,0.0202,0.489,0.147267957,0.283159528,0.01623737,0.060656261,0.114876545,0.223338879,0.090945522,0.032483831,0.031034107,3.24e-05,8.15e-05,2.58e-05,2.76e-05,0.007263922,3.85e-05,0.012104397,1.59e-05,2.48e-06,0.012091802,0.041065912,0.144789048,0.009730085,0.062844998,0.118347886,0.59153776,,-0.3722282,0.576086957,184.0,-0.314917127,181.0,0.074523397,577.0,52.6,215475,219.9166068,-1.531488904,1.439500127,-0.78876337,-0.762515899,-0.336544458,-0.410817012,-0.41213373,-0.1854905,-0.336544458,complete,COOK,New Trier Precinct 32,0,0,0,New Trier,1,0,0,461,159,205,172,129,86,0.35226,27.6877462342787,44,0.60888,30.98708904389045,49,0.03596,17.16714980598979,27,0.00202,8.00595822861714,13,0.0005,4.438145056242037,7,0.00016,5.016198144715483,8,0.00022,3.026776077201548,5,COOK:8100032,COOK:8100032,COOK:NEW TRIER PRECINCT 32,1.0,78.48964057,2.650445797,2.650445797,2.650445797,2.650445797,5.607684654,2.650445797,2.650445797,19.410716130130155,19.80043522816501,11.175934487520964,5.462276680640202,3.264032286646255,3.894447177396786,2.075673156779076,26.983057211351515,30.222849641189406,16.829878954860668,7.8186888309495854,4.276140822274696,4.9067583217280015,2.9134631877656227,17.00403118678959,23.387243262656767,14.853397826737966,8.745118375869462,2.9707362840811338,0.0011583874888926012,0.0016940409505427363,1.0,0.3,0.2,1.465692645,1.000010095,1.000016152,1.000008076,1.399991924,1.026692471,279.8760213,279.8760213,1.154604048,0.0,1.154604048,0.004125413,0.0,0.004125413,1280.16,221,0.7209519032220804
COOK:8100033,COOK:8100033,COOK:New Trier Precinct 33,,,,,,,,,,0.826243578,0.061635368,0.019628016,0.076606585,0.004681744,0.002799652,0.5549,0.886,0.114,0.395,0.1901,0.0043,0.0,0.4033,0.152870984,0.186057133,0.026167564,0.118352566,0.184473869,0.151598369,0.067576473,0.083957318,0.028945725,0.022327192,3.19e-05,2.6e-05,1.53e-05,0.002049191,0.018268954,0.006126621,0.018270008,1.51e-05,0.026409925,0.018375531,0.097593091,0.022388141,0.073154118,0.099646177,0.595302743,,-0.336683899,0.404444444,225.0,-0.266129032,248.0,0.225710015,669.0,48.2,216009,281.1366351,-1.380063989,0.385894219,-0.617528131,-0.281543614,-0.397056793,-0.473310378,-0.425900343,-0.153442768,-0.397056793,complete,COOK,New Trier Precinct 33,0,0,0,New Trier,1,0,0,624,416,277,210,158,105,0.35372,27.63803640383371,115,0.6056,30.92373830595462,129,0.0379,17.16610062429581,71,0.00164,7.984953720422652,33,0.00064,4.440682984636031,18,0.00032,5.041358129162251,21,0.00018,3.073646991576398,13,COOK:8100033,COOK:8100033,COOK:NEW TRIER PRECINCT 33,1.0,80.00439626,2.379949586,2.379949586,2.379949586,2.379949586,5.715906226,2.379949586,2.379949586,19.410537614499816,19.800201391154722,11.175766780793642,5.462665198713677,3.2640041683462115,3.8948656012344203,2.0761748188290947,26.982624248093977,30.222264775336626,16.82948306403211,7.819188030024153,4.27615462647816,4.9071670609522275,2.9139551652022337,17.00385267115925,23.38700942564648,14.853230120010645,8.745506893942936,2.9707081657810903,0.001576811326526925,0.0021957030005614673,1.0,0.3,0.2,2.414373511,1.000032343,1.000051748,1.000025874,1.399974126,1.039017088,342.1100245,342.1092067,1.412865391,0.000849275,1.412016117,0.004129857,2.48e-06,0.004127374,1347.97,416,1.0000000000000002
COOK:8100034,COOK:8100034,COOK:New Trier Precinct 34,,,,,,,,,,0.6432251,0.058959204,0.037206354,0.264724838,0.015501677,0.001036839,0.4974,0.8913,0.1087,0.6088,0.0984,0.0,0.0491,0.2348,0.089838387,0.174934506,0.026119458,0.095933513,0.0921629,0.205595142,0.13812801,0.071456071,0.105832014,0.006164212,0.004093558,0.012256625,0.002047173,0.018368648,0.030607131,0.002081744,0.022437043,0.004085429,0.077551489,0.036743683,0.089773199,0.146855604,0.044943933,0.063380391,0.438610139,,-0.208338808,0.472972973,148.0,-0.182481752,137.0,0.213953488,430.0,55.9,151570,176.8248392,-0.833291538,0.806547947,-0.323944993,-0.318944832,-0.116473699,-0.167408354,-0.147781027,-0.125822025,-0.116473699,complete,COOK,New Trier Precinct 34,0,0,0,New Trier,1,0,0,321,214,143,163,123,82,0.35574,27.822352085567847,60,0.6075,31.096628948368597,67,0.0341,17.039346263686976,36,0.00164,7.788305899163792,17,0.00042,4.394013678627036,9,0.00042,5.040352151784532,11,0.00018,3.070481686898132,7,COOK:8100034,COOK:8100034,COOK:NEW TRIER PRECINCT 34,1.0,71.47022907,3.90393124,3.90393124,3.90393124,3.90393124,5.10618349,3.90393124,3.90393124,19.512446226299556,19.854685001823526,11.080972373430404,5.346655170182761,3.237151378990516,3.89814095112759,2.0812482469790177,27.16345662887685,30.343392830947913,16.710898420510734,7.658802492052531,4.241579609730665,4.912060402747019,2.9206465852537784,17.10576128295899,23.441493036315283,14.758435712647406,8.62949686541202,2.943855376425395,0.004852161219696565,0.007269131150484349,1.0,0.3,0.2,1.116169888,1.000008,1.000012801,1.0000064,1.3999936,1.311396217,398.645392,397.6245205,2.563801653,1.120017782,1.443783872,0.006431284,0.002809559,0.003621725,1606.74,214,0.9999999999999994
COOK:8100036,COOK:8100036,COOK:New Trier Precinct 36,,,,,,,,,,0.839349534,0.040952462,0.01930161,0.086475123,0.008506283,0.000776289,0.5785,0.6883,0.3117,0.5465,0.1883,0.058,0.0315,0.1743,0.142211407,0.204742073,0.036579277,0.094429192,0.17105726,0.152926719,0.090369973,0.085072213,0.022611887,0.059954486,0.016237143,1.19e-05,2.75e-05,0.017871228,0.00163889,0.032428601,0.050278452,0.001641214,0.055146531,0.019474949,0.120051852,0.030902922,0.019519251,0.110445414,0.464369622,,-0.29832533,0.590443686,293.0,-0.141868512,289.0,0.129321383,781.0,50.2,183870,312.9353877,-1.216649801,1.527627096,-0.181401656,-0.588186233,-0.011127834,-0.114652649,-0.024477636,-0.09206702,-0.011127834,complete,COOK,New Trier Precinct 36,0,0,0,New Trier,1,0,0,669,446,297,249,187,125,0.3545,27.65482695906239,123,0.60688,30.9527137473186,138,0.03594,17.12100967044211,76,0.00182,8.01558692900172,36,0.0003,4.375631677511831,20,0.00028,5.069698556600956,23,0.00028,3.095341030915777,14,COOK:8100036,COOK:8100036,COOK:NEW TRIER PRECINCT 36,1.0,67.15599698,4.67434157,4.67434157,4.67434157,4.67434157,4.797953602,4.67434157,4.67434157,19.41042574000878,19.800054847143638,11.175661680166174,5.46259529436372,3.2639865468051723,3.8950130921868067,2.076427983183619,26.98251134545329,30.22212054787316,16.829373356171377,7.819111379094607,4.276190963827161,4.9073178000238755,2.91421157767602,17.003740796668215,23.386862881635395,14.853125019383176,8.74543698959298,2.970690544240051,0.0017243022789134666,0.002448867355085594,1.0,0.3,0.2,1.861115231,1.000029385,1.000047016,1.000023508,1.399976492,1.008351443,339.3968963,339.3695313,2.850004296,1.872637796,0.9773665,0.008397261,0.005517545,0.002879715,1535.81,446,1.0000000000000007
COOK:8100037,COOK:8100037,COOK:New Trier Precinct 37,,,,,,,,,,0.855222204,0.037238683,0.00645333,0.090407682,0.00532959,4.05e-06,0.6787,0.7817,0.2183,0.3192,0.1539,0.0168,0.0212,0.4768,0.058869202,0.137905843,0.029851859,0.061724501,0.077822411,0.141577857,0.250778165,0.186291965,0.055141435,0.070255118,0.074671979,0.040960089,2.74e-05,3.71e-05,0.007334893,0.021982192,0.007370206,0.007321773,0.010333149,0.055697484,0.190457886,0.022148947,0.029360327,0.099769746,0.362235017,,-0.350011069,0.459183673,196.0,-0.144144144,222.0,0.160330579,605.0,62.8,115274,237.1533138,-1.436840055,0.721904069,-0.189388613,-0.489536207,-0.223720057,-0.348465201,-0.191904739,0.078107191,-0.223720057,complete,COOK,New Trier Precinct 37,0,0,0,New Trier,1,0,0,494,327,219,185,139,93,0.37564,29.16254410555904,95,0.60292,31.99299008021137,105,0.02034,16.135980836431134,53,0.00068,6.612005983553622,22,0.00012,4.025135986922818,13,0.00018,5.106912951272081,17,0.00012,3.022439588600334,10,COOK:8100037,COOK:8100037,COOK:NEW TRIER PRECINCT 37,1.0,75.20743092,3.236563596,3.236563596,3.236563596,3.236563596,5.373187508,3.236563596,3.236563596,20.312071651822055,20.29639793758214,10.371431697682388,4.457039241635839,3.0341665640790256,3.8948240182818146,2.076396610457206,28.587261643637078,31.31286923514115,15.816629565547212,6.415820767655707,3.9690568112695095,4.921073734019052,2.928125212849775,17.90538670848149,23.883205972073895,14.04889503689939,7.739880936865099,2.7408705615139044,0.0015352283739210426,0.002417494628672616,1.0,0.3,0.2,1.800884124,1.000026903,1.000043045,1.000021522,1.399978478,1.003279623,413.224708,413.0254857,3.576939002,2.188743619,1.388195383,0.00865616,0.005296739,0.00335942,1168.65,328,0.9984534763204503
COOK:8100038,COOK:8100038,COOK:New Trier Precinct 38,,,,,,,,,,0.878377271,0.03138899,0.021563949,0.045155503,0.017626688,0.001957776,0.5625,0.8393,0.1607,0.4421,0.2409,0.0192,0.0121,0.2755,0.147229897,0.204187961,0.027505785,0.097514963,0.192936688,0.125752534,0.091664129,0.080480131,0.032727913,0.016838593,0.039311983,0.013099092,0.011225068,0.013107,0.005611244,0.02243813,0.0261637,7.72e-07,0.024287943,0.011238382,0.085938607,0.072889636,0.082260085,0.112146049,0.463443713,,-0.330984565,0.520737327,217.0,-0.27753304,227.0,0.11323764,627.0,48.3,183701,271.3295432,-1.355783833,1.099743407,-0.657553634,-0.639353689,-0.318413917,-0.388236937,-0.372277256,-0.160977109,-0.318413917,complete,COOK,New Trier Precinct 38,0,0,0,New Trier,1,0,0,570,380,253,194,146,97,0.35304,27.621397003059624,105,0.60712,30.94707639974298,118,0.03724,17.168721637580564,65,0.00188,8.030226587614104,31,0.00016,4.4455263334359145,17,0.00036,5.0553072438507245,19,0.0002,2.985326538513047,11,COOK:8100038,COOK:8100038,COOK:NEW TRIER PRECINCT 38,1.0,78.00378645,2.737206782,2.737206782,2.737206782,2.737206782,5.572972855,2.737206782,2.737206782,19.410894159085373,19.80066842768123,11.176101737040744,5.462935660721409,3.2640603282892737,3.8944130014266864,2.0753772968901125,26.98295996553452,30.222690608112437,16.829811647960895,7.819491570115978,4.276034612010265,4.906702692133321,2.913145874252079,17.004209215744808,23.387476462172987,14.853565076257746,8.745777355950668,2.9707643257241525,0.0011242115187931982,0.0013981810615789332,1.0,0.3,0.2,1.765995725,1.000018048,1.000028876,1.000014438,1.399985562,1.015708061,363.1123971,363.1123383,2.281353933,1.032281788,1.249072144,0.006282776,0.002842871,0.003439905,1520.38,380,0.99954800870568
COOK:8100039,COOK:8100039,COOK:New Trier Precinct 39,,,,,,,,,,0.705731975,0.027794201,0.009725286,0.247025394,0.005554422,0.001388038,0.5936,0.9849,0.0151,0.831,0.077,0.0,0.0108,0.0812,0.177527736,0.114151775,0.04066447,0.130859753,0.160708062,0.13589229,0.084426745,0.117993832,0.03777534,0.026859264,0.018792339,1.33e-06,0.021514841,0.021479988,1.33e-08,0.016104044,0.040306148,3.98e-06,3.99e-05,6.54e-05,0.077947876,0.088702495,0.043044192,0.244397037,0.400741103,,-0.293125924,0.327586207,116.0,-0.352226721,247.0,0.098039216,408.0,50.7,179693,174.1501778,-1.194499426,-0.08589037,-0.919711652,-0.687704667,-0.694472751,-0.721951529,-0.734024776,-0.448299055,-0.694472751,complete,COOK,New Trier Precinct 39,0,0,0,New Trier,1,0,0,285,190,127,132,99,66,0.75662,34.19647222763502,65,0.22936,26.957197675862073,51,0.01278,14.932338951277602,28,0.00056,6.549500564934843,12,0.00046,5.614388937497374,11,0.00012,5.195661104342804,10,0.0001,3.0377444665016045,6,COOK:8100039,COOK:8100039,COOK:NEW TRIER PRECINCT 39,1.0,85.46207978,1.405348389,1.405348389,1.405348389,1.405348389,6.105829888,1.405348389,1.405348389,22.24272585165855,15.835376510436618,8.850046284651777,3.9671805444433232,3.793145648854575,3.8973294724301564,2.0805023261274154,33.28045624805957,26.262579252207352,14.623492982690873,6.317803207448747,5.432762173710313,5.012545682825025,3.0211974231776155,19.836040908317987,19.422184544928374,12.527509623868779,7.250022239672583,3.4998496462894537,0.004040682522262905,0.006523210298881744,1.0,0.3,0.2,1.013359931,1.000003397,1.000005435,1.000002718,1.399997282,1.081956518,280.9779781,280.6173249,2.16341323,1.08154393,1.081869301,0.007699583,0.003849212,0.00385037,1071.85,190,0.9990932762641843
COOK:8200001,COOK:8200001,COOK:Niles Precinct 1,,,,,,,,,,0.809603493,0.084922603,0.015334341,0.084392698,0.009576918,0.001914059,0.2864,0.8628,0.1372,0.8002,0.0916,0.0,0.012,0.0896,0.045363568,0.037619511,0.056703881,0.044780413,0.071589854,0.169482161,0.121115883,0.150331753,0.303012973,0.147406238,0.019821657,0.042148721,0.023570369,0.034688228,0.081760125,0.052035865,0.065678584,0.018600202,0.045837522,0.06198861,0.11773146,0.078052669,0.081783105,0.065708757,0.063187888,,-0.056051763,0.316326531,196.0,-0.567307692,208.0,0.136116152,551.0,68.3,53118,246.9604057,-0.184522192,-0.15500647,-1.674597481,-0.566569932,-0.794181548,-0.645174019,-1.00006624,-0.820809126,-0.794181548,complete,COOK,Niles Precinct 1,0,0,1,Niles,1,0,0,342,226,152,196,147,98,0.80662,37.92153872964031,86,0.19118,29.28667523403573,66,0.002,12.21851345591529,28,0.0,2.9962483079554167,7,0.0001,4.792173894035051,11,6e-05,5.157770699131846,12,4e-05,3.122193419268747,7,COOK:8200001,COOK:8200001,COOK:NILES PRECINCT 1,1.0,86.71819669,1.181038378,1.181038378,1.181038378,1.181038378,6.195573038,1.181038378,1.181038378,24.267593076505005,16.951512829617293,7.047510160271516,1.7138709307493922,3.277830048974088,3.894903314072302,2.0763325892067424,37.320253079217345,28.824044226582636,12.115746312535922,2.879652465110139,4.711874450890491,5.046179136996594,3.053087298786366,21.86090813316444,20.53832086410905,10.724973499488518,4.996712625978652,2.984534046408967,0.0016145241644088893,0.002353473378208784,1.0,0.3,0.2,1.000013856,1.077490252,1.123984403,1.061992202,1.338007798,1.6,211.4078226,211.0845691,0.969760677,0.323253564,0.646507113,0.004587156,0.001529052,0.003058104,1458.49,227,0.995941308370879
COOK:8200010,COOK:8200010,COOK:Niles Precinct 10,,,,,,,,,,0.4609092,0.095738435,0.016761428,0.421235357,0.009379097,2.98e-06,0.3322,0.8809,0.1191,0.8265,0.1018,0.0087,0.0054,0.0466,0.075459918,0.276367378,0.044601601,0.094538995,0.176384361,0.07267919,0.132818754,0.046532263,0.080617539,0.01120097,0.044439162,9.3e-06,0.019454097,5.11e-05,0.038976794,0.076496705,5.96e-05,0.038905626,0.207010581,0.108431815,0.100141581,0.069539604,0.062601264,0.143212739,0.079469137,,0.079651865,0.271428571,140.0,-0.233333333,120.0,0.36344086,465.0,48.0,68770,231.5068063,0.393598908,-0.430606932,-0.502422604,0.156621616,-0.185304404,-0.095702253,-0.266648475,-0.270410924,-0.185304404,complete,COOK,Niles Precinct 10,0,0,1,Niles,1,0,0,330,220,147,209,157,105,0.3513,27.618837478359836,61,0.60924,30.939770480172278,68,0.03672,17.14146944740173,38,0.00176,8.070387898539359,18,0.00046,4.413168531612984,10,0.00026,5.111072725869818,11,0.00026,3.047782083456121,7,COOK:8200010,COOK:8200010,COOK:NILES PRECINCT 10,1.0,73.94153415,3.462620036,3.462620036,3.462620036,3.462620036,5.282745638,3.462620036,3.462620036,19.406630737061235,19.79508378583321,11.172096460004306,5.460678164618071,3.2633887894472218,3.9001825473675478,2.085104542729157,26.97845176355937,30.216905787908786,16.825451174980664,7.817075639357273,4.2773838199067695,4.9125839511948355,2.9229848332117765,16.99994579372067,23.381891820324967,14.849559799221309,8.74351985984733,2.9700927868821005,0.006893757459654409,0.011125426900623389,1.0,0.3,0.2,1.000859401,1.00285531,1.004568496,1.002284248,1.397715752,1.6,308.4792011,306.9388881,3.831856587,1.747046672,2.084809915,0.012421766,0.005663418,0.006758348,2098.19,220,0.9999999999999993
COOK:8200011,COOK:8200011,COOK:Niles Precinct 11,,,,,,,,,,0.805611917,0.082248477,0.010511038,0.082378619,0.003514614,6.31e-07,0.4932,0.5844,0.4156,0.6646,0.1122,0.0015,0.0116,0.2101,0.14450272,0.123603796,0.076200297,0.139193911,0.093384806,0.139355646,0.13007389,0.098504474,0.055180458,0.034078612,0.003427105,0.003448754,0.013699194,0.006928168,0.023874892,1.1e-05,0.017063652,0.006820074,0.030725416,0.037601637,0.116053695,0.098866334,0.109146642,0.143349329,0.35490546,,-0.07883296,0.483146067,89.0,-0.397260274,73.0,0.161290323,310.0,52.9,149600,126.8978258,-0.281574061,0.868994201,-1.077769294,-0.486482959,-0.323827551,-0.244208028,-0.490539804,-0.423813652,-0.323827551,complete,COOK,Niles Precinct 11,0,0,1,Niles,1,0,0,230,153,102,96,72,48,0.35354,27.622843564801315,42,0.60734,30.926309087985025,47,0.03652,17.164572041386116,26,0.00174,8.008760754179955,12,0.00038,4.4117403000631885,7,0.0004,5.065733739837156,8,8e-05,3.086587103551293,5,COOK:8200011,COOK:8200011,COOK:NILES PRECINCT 11,1.0,78.1504562,2.711015357,2.711015357,2.711015357,2.711015357,5.58345166,2.711015357,2.711015357,19.410472179947504,19.800115678659672,11.175705308223423,5.46214918090127,3.2639938616387734,3.894777919373634,2.0762300701198937,26.982798415311656,30.222517458082635,16.829628719255446,7.818552671681917,4.276217857715187,4.90709540533553,2.9140264427371214,17.00378723660694,23.38692371315143,14.853168647440425,8.74499087613053,2.970697859073652,0.0014891294657405306,0.0022509542913604547,1.0,0.3,0.2,1.000118275,1.000221455,1.000354328,1.000177164,1.399822836,1.6,93.88526746,93.57052339,0.630665883,0.158331661,0.472334221,0.006717411,0.001686438,0.005030973,622.51,153,1.0000000000000002
COOK:8200012,COOK:8200012,COOK:Niles Precinct 12,,,,,,,,,,0.414074498,0.113728976,0.124636689,0.34209495,0.007295834,0.003638112,0.2514,0.6555,0.3445,0.9569,0.0014,0.0001,0.0,0.0086,0.133779741,0.127095704,0.137714388,0.095740064,0.163138605,0.160515091,0.054967699,0.100296581,0.026752126,1.39e-05,2.63e-05,3.96e-05,0.12798229,8.85e-06,0.003890531,0.003880326,0.021339874,0.04656994,0.021446705,0.110697228,0.238651387,0.110639896,0.197956119,0.112657955,0.004199059,,0.093386614,0.195876289,97.0,0.027027027,74.0,0.503496503,286.0,46.8,92191,171.4755163,0.452111332,-0.894375082,0.411383695,0.602182761,0.138752913,0.142825677,0.192464516,-0.237725785,0.138752913,complete,COOK,Niles Precinct 12,0,0,1,Niles,1,0,0,264,176,117,144,108,72,0.3542,27.63965018003679,49,0.60678,30.92926979176004,54,0.03652,17.181178813130884,30,0.00156,8.087174001010318,14,0.0004,4.426170880585861,8,0.00036,5.039031009818832,9,0.00018,3.06046918752711,5,COOK:8200012,COOK:8200012,COOK:NILES PRECINCT 12,1.0,61.1928074,6.012672876,6.012672876,6.012672876,6.012672876,4.371914109,6.012672876,4.371914109,19.407527910761488,19.796258990577897,11.172939310934606,5.466841587778608,3.2635301048000946,3.9010509751189417,2.0841688799075273,26.976524993664206,30.214088393920314,16.823857039722874,7.824653461708929,4.276596829722478,4.913259729968387,2.9218565214123045,17.000842967420922,23.383067025069654,14.850402650151608,8.749683283007867,2.9702341022349734,0.007762185211048205,0.010189764078993706,1.0,0.3,0.2,1.733976666,1.052080504,1.083328807,1.041664403,1.358335597,1.6,307.1140388,306.8896774,4.625586311,1.545015589,3.080570722,0.015061462,0.005030755,0.010030706,1460.05,176,0.9999999999999999
COOK:8200013,COOK:8200013,COOK:Niles Precinct 13,,,,,,,,,,0.698886544,0.097337902,0.014118234,0.188358851,0.01216822,1.51e-06,0.3018,0.8756,0.1244,0.8767,0.0382,0.0023,0.0381,0.0367,0.099276196,0.110748389,0.112079484,0.13771903,0.051696644,0.234849512,0.146777937,0.04184308,0.065009729,0.04275859,0.019429631,0.040791937,0.040811061,4.99e-05,0.066093532,0.019470548,0.019497856,0.036939143,0.021560245,0.132234597,0.138186395,0.116704103,0.070078306,0.110856921,0.124537197,,0.014380019,0.069444444,144.0,-0.4,130.0,0.252236136,559.0,53.2,85921,279.0563429,0.115529471,-1.670461009,-1.087385116,-0.197155662,-0.830159537,-0.709868079,-0.905662945,-0.599011944,-0.830159537,complete,COOK,Niles Precinct 13,0,0,1,Niles,1,0,0,330,220,147,220,165,110,0.75444,34.17108229130144,75,0.23076,26.883742474517568,59,0.0134,14.946234020685223,33,0.00068,6.525042329217144,14,0.0005,5.620022256470071,12,0.00014,5.142008531687524,11,8e-05,3.1712045505496778,7,COOK:8200013,COOK:8200013,COOK:NILES PRECINCT 13,1.0,87.11739124,1.109752551,1.109752551,1.109752551,1.109752551,6.224093453,1.109752551,1.109752551,22.243390923793758,15.836247686139416,8.85067108748284,3.967726659408224,3.793250405495843,3.8965004613937335,2.079022817146842,33.280963099213686,26.263428324898044,14.624141904128503,6.318475057133246,5.432450571817755,5.01168838525992,3.0196896276683596,19.836705980453193,19.423055720631172,12.528134426699843,7.250568354637483,3.499954402930722,0.0032116714858400194,0.005043701318308234,1.0,0.3,0.2,1.000015265,1.136425643,1.218281029,1.109140515,1.290859485,1.6,308.882865,308.6268408,1.537659391,0.512654079,1.025005312,0.004978131,0.001659704,0.003318427,1347.0,220,0.9999999999999997
COOK:8200014,COOK:8200014,COOK:Niles Precinct 14,,,,,,,,,,0.51075121,0.103599483,0.139707092,0.239793895,0.01500244,0.002042049,0.3506,0.866,0.134,0.6623,0.04,0.0004,0.0211,0.2626,0.138430715,0.113994431,0.066320564,0.118137454,0.150987663,0.131455889,0.16303575,0.089145617,0.028491916,0.039304445,0.024938606,0.065924086,0.003584032,0.010780622,0.017886781,0.003562375,0.012515227,3.08e-08,0.044636068,0.074943639,0.262016466,0.098312961,0.076740746,0.093071291,0.171782626,,-0.003594576,0.411111111,180.0,0.005586592,179.0,0.409345794,535.0,51.8,94266,263.3055589,0.038954565,0.426816714,0.336132591,0.30265968,0.30585869,0.276140887,0.31785703,0.047773913,0.30585869,complete,COOK,Niles Precinct 14,0,0,1,Niles,1,0,0,464,309,206,225,169,113,0.35332,24.824451714871838,77,0.44248,26.079265586613122,81,0.195,21.63353272392235,67,0.00464,8.536880769704727,26,0.00338,7.763964324953195,24,0.0009,4.9671786230304615,15,0.00028,2.969369732225888,9,COOK:8200014,COOK:8200014,COOK:NILES PRECINCT 14,1.0,54.02424629,7.651247956,7.651247956,7.651247956,7.651247956,3.859756965,7.651247956,3.859756965,18.27503957001953,17.570335550258743,14.817474066144236,6.228611792265785,6.254219816505305,3.899749774840802,2.0816660121639434,24.154382317449702,25.322661849908812,20.99508634471331,8.29794037404503,7.49064873946782,4.841361110278161,2.8487562342566335,15.868354626678965,21.1571435847505,18.494937405361238,9.511453487495045,5.960923813940184,0.006460984932908491,0.007686896335409834,1.0,0.3,0.2,1.271685409,1.00693692,1.011099072,1.005549536,1.394450464,1.6,292.397697,290.813246,4.75496292,2.489851617,2.265111304,0.016261971,0.008515291,0.00774668,1573.95,309,1.0000000000000002
COOK:8200015,COOK:8200015,COOK:Niles Precinct 15,,,,TRUE,,,,,,0.47984021,0.137229843,0.094351327,0.289510214,0.01620594,0.000480114,0.2703,0.5815,0.4185,0.8265,0.0168,0.0001,0.0239,0.1323,0.233040779,0.107729566,0.136673823,0.070833889,0.17682216,0.050022141,0.126704893,0.073616346,0.024556404,0.129658485,0.043620474,0.046935965,0.056956307,0.05474173,0.015663457,0.103899883,0.040213414,0.062602052,0.070434777,0.130893693,0.058202093,0.026939228,0.061561081,0.062840122,0.034837239,,-0.033846486,0.28125,192.0,-0.165714286,175.0,0.459349593,492.0,45.7,45664,286.7831426,-0.089923843,-0.37031933,-0.265094959,0.461737526,-0.083417263,-0.065900152,-0.123256225,-0.129979087,-0.083417263,complete,COOK,Niles Precinct 15,0,0,1,Niles,1,0,0,462,308,205,216,162,108,0.3547,27.62638772954925,85,0.60752,30.92187905622329,95,0.03486,17.19465792649697,53,0.00208,8.048231616588373,25,0.00042,4.473321239748154,14,0.00024,4.991276512470492,15,0.00018,3.0512737950425146,9,COOK:8200015,COOK:8200015,COOK:NILES PRECINCT 15,1.0,70.1871079,4.133063513,4.133063513,4.133063513,4.133063513,5.014511024,4.133063513,4.133063513,19.40812403660873,19.79703985377519,11.173499342091096,5.46550941545063,3.263624001594479,3.8996409808380106,2.082486861891774,26.97798827737224,30.21606598517168,16.82519430693926,7.822943487947417,4.276553921690044,4.911883111644875,2.9202078793539696,17.001439093268164,23.383847888266946,14.850962681308099,8.74835111067989,2.9703279990293576,0.006352190930117146,0.00850774606324047,1.0,0.3,0.2,1.005537232,1.001198694,1.00191791,1.000958955,1.399041045,1.6,506.7271028,504.4941737,6.560839855,2.632370235,3.92846962,0.012947482,0.005194848,0.007752634,2471.21,308,0.9999999999999997
COOK:8200016,COOK:8200016,COOK:Niles Precinct 16,,,,TRUE,,,,,,0.468104366,0.06480535,0.064322673,0.399782234,0.003001649,0.003482671,0.3683,0.6134,0.3866,0.8022,0.0515,0.0112,0.0394,0.0421,0.072041374,0.102451839,0.139869618,0.139016648,0.067554318,0.16520998,0.154048036,0.110283921,0.049524263,0.035725556,5.48e-05,0.027667481,0.002345121,0.002328372,0.002324081,0.044946018,0.012720273,0.017305121,0.064509686,0.143986346,0.095669784,0.076060874,0.110544397,0.227941173,0.135870893,,0.004657631,0.383259912,227.0,-0.015384615,195.0,0.30224525,579.0,53.1,116571,296.8874191,0.074110404,0.255855643,0.262528371,-0.038060908,0.157450174,0.138608378,0.182234173,-0.078991957,0.157450174,complete,COOK,Niles Precinct 16,0,0,1,Niles,1,0,0,498,332,221,262,197,131,0.35272,27.603177385598705,92,0.60884,30.973264146504714,103,0.03586,17.185750194888634,57,0.00178,8.025125162609093,27,0.00034,4.402089034617276,15,0.00018,5.032331083167198,17,0.00028,3.0709543875365783,10,COOK:8200016,COOK:8200016,COOK:NILES PRECINCT 16,1.0,60.41645274,6.190130441,6.190130441,6.190130441,6.190130441,4.316447527,6.190130441,4.316447527,19.406873939977086,19.795402356496336,11.172324937281134,5.463324026904098,3.2634270967514407,3.9007749480906613,2.0850414042180576,26.97743649147054,30.215450339842256,16.82458843173703,7.820341904988374,4.277084200570418,4.913095129364067,2.9228404721467953,17.00018899663652,23.382210390988092,14.849788276498137,8.746165722133357,2.9701310941863195,0.007486158182768081,0.011062288389524003,1.0,0.3,0.2,1.010066635,1.000579129,1.000926607,1.000463303,1.399536697,1.6,543.3607346,541.2876701,6.911962565,4.492644597,2.419317968,0.012720762,0.008268254,0.004452508,2998.8,332,1.0000000000000004
COOK:8200017,COOK:8200017,COOK:Niles Precinct 17,,,,,,,,,,0.505434055,0.09819153,0.080849061,0.308940237,0.012564745,0.002396353,0.3047,0.7896,0.2104,0.7137,0.1116,0.0011,0.0001,0.1591,0.137834249,0.106855197,0.087523683,0.110925023,0.048819517,0.17593493,0.171529693,0.079518469,0.081059241,0.017255232,1.78e-05,0.010634422,0.021234397,9.53e-06,0.049038453,3e-05,0.035840771,0.058301411,0.029355571,0.078404376,0.208422746,0.108854687,0.018712243,0.216353539,0.147534866,,0.046579493,0.397129187,209.0,-0.144329897,194.0,0.476923077,520.0,56.1,98975,266.2774049,0.252704841,0.340990437,-0.190040564,0.517644317,0.186050217,0.230324758,0.101977153,-0.250690304,0.186050217,complete,COOK,Niles Precinct 17,0,0,1,Niles,1,0,0,474,316,211,222,167,111,0.35816,27.8445851098854,88,0.60628,31.12655513055903,98,0.03308,17.048816964087266,54,0.00164,7.846247545618244,25,0.00042,4.365446967640407,14,0.00024,5.0429680469650116,16,0.00018,3.0263126564188623,10,COOK:8200017,COOK:8200017,COOK:NILES PRECINCT 17,1.0,59.21401969,6.464980135,6.464980135,6.464980135,6.464980135,4.230539816,6.464980135,4.230539816,19.5350652483363,19.866756663343985,11.059881268600824,5.322977483240719,3.2311797867050487,3.8996807698337244,2.0828515857722265,27.202585592621055,30.36880010776582,16.68355423929554,7.625741546456687,4.2337099621357765,4.913897909625385,2.922547612219218,17.128380304995733,23.45356469783574,14.737344607817827,8.605819178469979,2.9378837841399275,0.0063919799258311686,0.008872469943692863,1.0,0.3,0.2,1.027872736,1.003852791,1.006164466,1.003082233,1.396917767,1.6,467.6360222,464.895619,7.536772634,2.057335509,5.479437125,0.01611675,0.004399438,0.011717312,2371.54,316,1.0000000000000004
COOK:8200018,COOK:8200018,COOK:Niles Precinct 18,,,,,,,,,,0.590828285,0.069352353,0.04704423,0.280765271,0.008485188,0.004671078,0.3941,0.8866,0.1134,0.6498,0.133,0.0319,0.0393,0.123,0.134726943,0.071716149,0.075486248,0.111603588,0.090361657,0.100287789,0.164449285,0.169483889,0.081884451,0.026149263,0.001583348,0.01449113,0.038570079,0.009037064,0.017165202,2.06e-05,1.29e-05,0.012992015,0.063962603,0.067163462,0.279250445,0.066069077,0.070201966,0.110124617,0.223206212,,0.067944423,0.352112676,284.0,-0.081967213,305.0,0.396662388,779.0,60.6,97279,355.1356014,0.343723165,0.064662265,0.028838429,0.262309768,0.143394933,0.174883407,0.114185938,-0.114484803,0.143394933,complete,COOK,Niles Precinct 18,0,0,1,Niles,1,0,0,629,419,279,154,116,77,0.37206,28.660754757701334,120,0.6029,31.638078376600593,133,0.02366,16.43662016980678,69,0.00074,7.020467869213657,29,0.00018,4.227916639711977,18,0.00028,5.079597468605642,21,0.00018,3.1016074008413246,13,COOK:8200018,COOK:8200018,COOK:NILES PRECINCT 18,1.0,61.00081617,6.056557839,6.056557839,6.056557839,6.056557839,4.358197315,6.056557839,4.358197315,20.055590707060897,20.15356052432182,10.596226660642973,4.741606186288524,3.0986456963548448,3.898582740926348,2.081767564944623,28.12826708940338,30.998716595543648,16.101022327206294,6.815648513997115,4.056781741443772,4.92086849592583,2.9295322065994363,17.648905763720332,23.740368558813575,14.273689999859975,8.024447881517784,2.8053496937897235,0.0052939510184545095,0.007788449116089422,1.0,0.3,0.2,2.21589618,1.000242838,1.000388541,1.00019427,1.39980573,1.6,545.3850219,543.7753996,8.356893911,1.979048098,6.377845812,0.015322925,0.003628717,0.011694208,2294.87,419,1.0000000000000007
COOK:8200019,COOK:8200019,COOK:Niles Precinct 19,,,,,,,,,,0.749552125,0.061622867,0.073751622,0.093629292,0.00839987,3.1e-06,0.509,0.8386,0.1614,0.5864,0.0257,0.0009,0.0128,0.3695,0.149167481,0.176589454,0.064187474,0.099151851,0.10088315,0.133291174,0.15744096,0.059311267,0.05997719,0.029170989,4.43e-07,0.021865108,0.009734942,0.029149736,0.029176086,1.76e-05,0.004925558,7.58e-05,0.038973402,0.060854487,0.08533363,0.174965262,0.048714177,0.133793373,0.333249365,,-0.317463787,0.403726708,161.0,-0.296969697,165.0,0.005780347,519.0,53.7,133086,227.3462218,-1.298182963,0.381488488,-0.725771928,-0.981209208,-0.598677799,-0.655918903,-0.612648404,-0.154956851,-0.598677799,complete,COOK,Niles Precinct 19,0,0,1,Niles,1,0,0,327,218,145,188,141,94,0.75618,34.15422872138566,74,0.22964,26.91667639792059,59,0.01312,14.957014836738969,33,0.00038,6.51664990796543,14,0.00046,5.633241088958879,12,0.00016,5.193539394037013,11,6e-05,3.121876371849344,7,COOK:8200019,COOK:8200019,COOK:NILES PRECINCT 19,1.0,84.01613723,1.66355635,1.66355635,1.66355635,1.66355635,6.002524665,1.66355635,1.66355635,22.244464823615516,15.837654383822922,8.851679963984198,3.971405165403853,3.7934195572801843,3.8961857304821454,2.0771802033302547,33.279929999702055,26.262949783154887,14.62402031916578,6.323373476185801,5.431620730739014,5.011234650834257,3.0177080103376976,19.83777988027495,19.42446241831468,12.5291433032012,7.2542468606331125,3.500123554715063,0.002896940574251933,0.003201087501721195,1.0,0.3,0.2,1.270611869,1.00211448,1.003383168,1.001691584,1.398308416,1.6,338.1236877,335.6441302,8.152551963,3.896180336,4.256371628,0.024111153,0.011522944,0.012588209,1162.86,218,0.9999999999999999
COOK:8200020,COOK:8200020,COOK:Niles Precinct 20,,,,,,,,,,0.584373224,0.081797585,0.043835403,0.294160204,0.010137193,0.000844601,0.4791,0.8842,0.1158,0.7315,0.0294,0.0,0.0267,0.1856,0.086052951,0.041611814,0.10583902,0.077976222,0.220185533,0.216490307,0.12881929,0.058003247,0.065021616,0.046360401,0.087283847,0.005171849,5.7e-05,0.03764806,0.049602121,0.025666301,1.45e-05,0.000143613,0.025710829,0.019134924,0.068486907,0.097574933,0.10435586,0.205279755,0.227509092,,0.005680162,0.486111111,144.0,-0.292035398,113.0,0.367647059,408.0,51.2,133899,206.246115,0.078466565,0.88719475,-0.708453648,0.170002861,0.028110611,0.106802632,-0.134940645,-0.123021309,0.028110611,complete,COOK,Niles Precinct 20,0,0,1,Niles,1,0,0,330,220,147,169,127,85,0.35364,27.685209681133284,61,0.60758,30.955550790997897,68,0.03586,17.145802106730873,38,0.00174,7.968711976457396,18,0.0005,4.439747141556613,10,0.00038,5.1505769581984175,11,0.0003,3.0358922586855224,7,COOK:8200020,COOK:8200020,COOK:NILES PRECINCT 20,1.0,65.60000525,5.005284579,5.005284579,5.005284579,5.005284579,4.686785926,5.005284579,4.686785926,19.408071322086617,19.796970803203962,11.17344981936881,5.4627957191336955,3.2636156984405957,3.8987290371871635,2.0820824327822818,26.979290209956538,30.217899487854034,16.826326336821936,7.819575791064252,4.276808050901217,4.911052405635535,2.9198846878859843,17.00138637874605,23.38377883769572,14.850913158585813,8.745637414362955,2.9703196958754745,0.005440247279270101,0.008103316953748113,1.0,0.3,0.2,1.002454604,1.000746554,1.001194486,1.000597243,1.399402757,1.6,314.1233105,312.5748428,4.129247175,0.774423624,3.354823551,0.013145306,0.002465349,0.010679957,1489.57,220,1.0000000000000002
COOK:8200021,COOK:8200021,COOK:Niles Precinct 21,,,,,,,,,,0.558682315,0.101765647,0.189709992,0.138882184,0.024133438,8.48e-06,0.4279,0.8681,0.1319,0.5558,0.0475,0.0062,0.0188,0.3377,0.134906592,0.218721814,0.035038667,0.095037417,0.135446524,0.102213857,0.138025205,0.105593377,0.035016546,0.063203536,3.61e-05,5.66e-05,0.008328297,0.055170194,0.035033335,2.22e-05,0.040054832,6.76e-05,0.041595531,0.043351641,0.025204706,0.113201671,0.068298145,0.20305642,0.303319192,,-0.09473948,0.472924188,277.0,0.239852399,271.0,0.456551724,725.0,53.2,151570,315.9072338,-0.349338607,0.806248487,1.158352878,0.452836622,0.667793993,0.517024845,0.7960596,0.254500854,0.667793993,complete,COOK,Niles Precinct 21,0,0,1,Niles,1,0,0,635,423,282,248,186,124,0.3593,24.93203016958856,105,0.44026,26.10769616641925,110,0.19122,21.593379696199204,91,0.00464,8.59026483282664,36,0.00306,7.688867381810607,33,0.00102,5.013126658471277,21,0.0005,2.9713645880524817,13,COOK:8200021,COOK:8200021,COOK:NILES PRECINCT 21,1.0,38.20619493,11.26690588,11.26690588,11.26690588,11.26690588,2.729637841,11.26690588,2.729637841,18.276183553688412,17.571834050532587,14.81854878300151,6.231810578200155,6.254490102720455,3.8991509875758084,2.0795625290315654,24.1544443068897,25.322676830659688,20.994788226182152,8.301576470375519,7.490134732420501,4.840662987740424,2.8465534158515124,15.869498610347845,21.158642085024344,18.496012122218513,9.514652273429414,5.961194100155334,0.0058621976679148185,0.005583413203032047,1.0,0.3,0.2,1.810806025,1.003626012,1.005801619,1.002900809,1.397099191,1.6,444.310021,441.0486655,10.72319741,5.125774154,5.597423254,0.024134494,0.011536481,0.012598013,1941.27,423,0.9999999999999993
COOK:8200022,COOK:8200022,COOK:Niles Precinct 22,,,,,,,,,,0.499324763,0.121692327,0.132684393,0.241558494,0.011620467,0.002637375,0.2409,0.4202,0.5798,0.7477,0.1054,0.0,0.0407,0.1014,0.072726615,0.138984261,0.13751651,0.101667871,0.211187995,0.102666706,0.144415681,0.054474573,0.036359788,0.021191395,0.094709165,0.062419036,0.047421954,0.011233477,0.029902424,0.065996294,0.084673842,0.066102368,0.052466851,0.066016362,0.091020099,0.143409544,0.028646933,0.101115626,0.033674629,,0.005691562,0.2,105.0,0.04,100.0,0.519774011,354.0,46.0,53116,205.9489304,0.078515131,-0.869062202,0.456915912,0.653966645,0.117923949,0.080083871,0.193290357,-0.024931926,0.117923949,complete,COOK,Niles Precinct 22,0,0,1,Niles,1,0,0,311,207,138,183,138,92,0.35078,27.600952389661447,57,0.61022,30.946979495504184,64,0.0361,17.184279268991702,36,0.00184,8.031286618029815,17,0.00052,4.460460352445805,9,0.00032,5.0915046026733055,11,0.00022,3.036062342480324,6,COOK:8200022,COOK:8200022,COOK:NILES PRECINCT 22,1.0,62.04785046,5.817228878,5.817228878,5.817228878,5.817228878,4.433002576,5.817228878,4.433002576,19.408667640359283,19.79775191845866,11.1740100312996,5.467805116150605,3.263709625544235,3.8996404291420905,2.0816388581364764,26.97754817717258,30.215379495715787,16.824863739326446,7.825746516479859,4.276204474952307,4.911808625411398,2.9192859410611156,17.00198269701872,23.384559952950415,14.851473370516603,8.750646811379864,2.970413622979114,0.006351639234197178,0.007659742307943184,1.0,0.3,0.2,1.028266334,1.000209992,1.000335988,1.000167994,1.399832006,1.6,421.8288779,421.4429411,3.859367593,2.315620556,1.543747037,0.009149131,0.005489478,0.003659652,2224.31,207,0.9999999999999999
COOK:8200023,COOK:8200023,COOK:Niles Precinct 23,,,,,,,,,,0.564716882,0.07658689,0.106397793,0.247699269,0.004613522,0.000773771,0.3034,0.7081,0.2919,0.7629,0.0284,0.0208,0.0481,0.1271,0.143865425,0.172241781,0.111349452,0.104945615,0.138311318,0.076884566,0.103878765,0.090677951,0.057845129,0.015189575,2.08e-05,0.005690601,0.005820642,0.007564025,0.035770834,0.020752072,0.037730987,0.039579754,0.086687982,0.07169689,0.13396975,0.077321697,0.107550434,0.128502902,0.226151045,,-0.162074722,0.35443038,158.0,-0.146496815,157.0,0.289760349,459.0,47.1,112780,226.7518526,-0.636198471,0.078889199,-0.197645959,-0.077779313,-0.164328385,-0.208183636,-0.162220849,-0.104368588,-0.164328385,complete,COOK,Niles Precinct 23,0,0,1,Niles,1,0,0,369,246,164,190,143,95,0.35086,27.656233250265156,68,0.61014,31.015257664039375,76,0.03638,17.140326730577605,42,0.00184,8.032036825181525,20,0.00038,4.427130111510762,11,0.00018,5.099673871299501,13,0.00022,3.0245091672472886,7,COOK:8200023,COOK:8200023,COOK:NILES PRECINCT 23,1.0,73.21652026,3.592088775,3.592088775,3.592088775,3.592088775,5.230947092,3.592088775,3.592088775,19.40859802558173,19.797660730300933,11.173944631611658,5.466373202698297,3.26369866040242,3.899223900086652,2.081525147982027,26.978179717222034,30.216274474887435,16.825408500482148,7.823973553016027,4.276349800790224,4.9114353945854585,2.9192155291361654,17.001913082241163,23.38446876479269,14.85140797082866,8.749214897927557,2.970402657837299,0.00593511017875852,0.007546032153493764,1.0,0.3,0.2,1.20073691,1.000928464,1.001485542,1.000742771,1.399257229,1.6,351.7423706,351.7408765,1.985365153,0.001929262,1.983435891,0.005644373,5.48e-06,0.005638888,1575.65,246,0.9999999999999999
COOK:8200024,COOK:8200024,COOK:Niles Precinct 24,,,,,,,,,,0.460532809,0.132836532,0.115582517,0.278029572,0.017232867,0.003781094,0.315,0.4531,0.5469,0.7678,0.0133,0.0082,0.0317,0.1294,0.129277751,0.140897414,0.108753928,0.126514394,0.086029592,0.230207145,0.108462983,0.062558272,0.007298522,0.043168863,0.012467358,0.049807693,0.05460507,0.014388636,0.032599585,0.032609703,0.090976859,0.020201166,0.087170885,0.102588309,0.129468773,0.026943891,0.038358364,0.121850957,0.142793889,,0.260415845,0.223529412,170.0,-0.013888889,144.0,0.508928571,448.0,51.2,69066,279.3535275,1.163684959,-0.724629876,0.267778033,0.619463882,0.241983557,0.33157425,0.229224314,0.089598137,0.241983557,complete,COOK,Niles Precinct 24,0,0,1,Niles,1,0,0,404,269,179,233,175,117,0.35802,24.851861703475347,67,0.4394,26.10504479575463,70,0.19354,21.593757262548873,58,0.00412,8.598913080034855,23,0.00342,7.7685405801751735,21,0.00096,5.028033107976801,14,0.00054,2.973766590295433,8,COOK:8200024,COOK:8200024,COOK:NILES PRECINCT 24,1.0,56.817308,7.012815607,7.012815607,7.012815607,7.012815607,4.059306984,7.012815607,4.059306984,18.274606112003376,17.569767765093996,14.817066853480668,6.227124122615117,6.254117404443141,3.899875742484745,2.0824091766368835,24.15448091443016,25.322822234356423,20.995341609502102,8.296240906547432,7.490874156787601,4.841532413844157,2.8495447346516274,15.867921168662813,21.156575799585752,18.49453019269767,9.509965817844376,5.96082140187802,0.006586952576851502,0.00843006080835023,1.0,0.3,0.2,1.015889561,1.003302216,1.005283546,1.002641773,1.397358227,1.6,558.471644,555.3813077,8.842565176,2.389814768,6.452750408,0.015833508,0.004279205,0.011554303,3445.25,269,0.999999999999999
COOK:8200025,COOK:8200025,COOK:Niles Precinct 25,,,,,,,,,,0.547588031,0.058467988,0.059681669,0.334255296,0.002678472,0.002646522,0.294,0.8075,0.1925,0.7581,0.0119,0.0,0.0,0.2115,0.110716389,0.137065015,0.105936362,0.137154368,0.158760135,0.140759432,0.114426562,0.074706181,0.020475556,0.116606761,1.75e-05,0.03894104,1.83e-06,0.098814218,1.3e-05,0.074092598,0.021201203,0.003634921,0.095449869,4.5e-05,0.074257513,0.180145438,0.070751267,0.038945794,0.187081998,,-0.084718268,0.322033898,118.0,-0.220779221,77.0,0.295454545,264.0,46.8,92231,131.3555948,-0.306646498,-0.119972518,-0.458360495,-0.059664281,-0.251332348,-0.236160948,-0.295772257,-0.298866017,-0.251332348,complete,COOK,Niles Precinct 25,0,0,1,Niles,1,0,0,216,144,96,113,85,57,0.3518,27.578486981645245,40,0.60848,30.97899122082486,45,0.0371,17.199294860404997,25,0.00172,8.020423826874834,12,0.00048,4.372200072790533,6,0.00026,5.140251800147781,7,0.00016,3.050781473687848,4,COOK:8200025,COOK:8200025,COOK:NILES PRECINCT 25,1.0,76.06928382,3.082658946,3.082658946,3.082658946,3.082658946,5.434762504,3.082658946,3.082658946,19.40761678484812,19.79637540643835,11.173022803804022,5.4634257854691475,3.263544103508383,3.8996629318968994,2.0832895966169462,26.978369395036978,30.216665106183996,16.82547694995976,7.820400428771662,4.276874900635723,4.911972319077992,2.921077870453371,17.000931841507555,23.383183440930107,14.850486143021024,8.746267480698407,2.970248100943262,0.0063741419890058935,0.009310480788412944,1.0,0.3,0.2,1.022961334,1.005565953,1.008905525,1.004452763,1.395547237,1.6,91.2735187,91.20774662,1.373854721,0.457795473,0.916059248,0.015052063,0.005015644,0.010036419,806.08,144,1.0000000000000002
COOK:8200027,COOK:8200027,COOK:Niles Precinct 27,,,,TRUE,,,,,,0.332705456,0.10770956,0.161961192,0.400192575,0.010353943,0.001038623,0.3116,0.2312,0.7688,0.7999,0.0504,0.0087,0.0677,0.0378,0.05611715,0.216558295,0.135202208,0.106980681,0.109144166,0.175664888,0.13794766,0.033811405,0.028573546,0.071270166,0.000102539,0.040492361,0.010640231,0.015416333,0.004844224,0.101157043,0.079999778,0.014518881,0.039580282,0.120495411,0.261013386,0.057967386,0.03285803,0.113860351,0.035783597,,0.283815049,0.204819277,83.0,0.0,60.0,0.583333333,312.0,48.2,75142,184.5516389,1.263369646,-0.839479678,0.316524909,0.856168881,0.304461466,0.399145939,0.28793726,0.307915935,0.304461466,complete,COOK,Niles Precinct 27,0,0,1,Niles,1,0,0,312,208,139,183,138,92,0.35758,24.872183775264126,52,0.43902,26.078351672880608,54,0.194,21.57689968821018,45,0.00424,8.523075213787394,18,0.00336,7.742058301716927,16,0.00132,4.986950548667736,10,0.00048,3.0409832307521403,6,COOK:8200027,COOK:8200027,COOK:NILES PRECINCT 27,1.0,54.08582292,7.637172896,7.637172896,7.637172896,7.637172896,3.864156301,7.637172896,3.864156301,18.273221213471892,17.567953691270105,14.815765808860984,6.228942573614936,6.25379019786439,3.9026840925388555,2.086067420423123,24.151885614336855,25.319376064309353,20.99276512184736,8.298478563652239,7.490864983616535,4.844302203908775,2.853164418448374,15.866536270131327,21.154761725761862,18.493229148077987,9.511784268844195,5.960494195299269,0.009395302630962088,0.012088304594589299,1.0,0.3,0.2,1.02291569,1.000703331,1.001125329,1.000562664,1.399437336,1.6,252.1094217,251.1169042,3.275330297,2.088226834,1.187103463,0.012991701,0.008283018,0.004708683,2010.9,208,1.0000000000000002
COOK:8200028,COOK:8200028,COOK:Niles Precinct 28,,,,,,,,,,0.846130972,0.040105066,0.050115448,0.052518922,0.013355133,4.6e-06,0.5135,0.9991,0.0009,0.5702,0.0817,0.0,0.0,0.3481,0.183000384,0.195437165,0.01008627,0.056876816,0.147915417,0.205510881,0.090377339,0.103699216,0.007096513,3.8e-05,4.56e-05,5.27e-05,2.05e-05,1.34e-05,3.53e-05,1.07e-05,0.080806211,0.090319893,0.023821099,0.078609393,0.047799408,0.040560061,0.028614361,0.10233499,0.506918346,,-0.30968249,0.378947368,190.0,-0.374407583,211.0,0.215411559,571.0,53.3,201365,221.1053452,-1.265033282,0.229383636,-0.997561489,-0.314306248,-0.560132166,-0.586879346,-0.642268595,-0.404810703,-0.560132166,complete,COOK,Niles Precinct 28,0,0,1,Niles,1,0,0,468,312,208,184,138,92,0.75578,34.184677112207595,107,0.22976,26.89595288838067,84,0.01292,14.933026955972117,47,0.00084,6.58835067779208,21,0.00046,5.579345792397611,17,0.00012,5.183060257329503,16,0.00012,3.0886807051125946,10,COOK:8200028,COOK:8200028,COOK:NILES PRECINCT 28,1.0,83.35840713,1.781009944,1.781009944,1.781009944,1.781009944,5.955533203,1.781009944,1.781009944,22.244930870533516,15.838264857078133,8.852117792331473,3.9703658493372433,3.793492965121558,3.8950842002992654,2.0758656369866144,33.28122658671045,26.264485136959877,14.625069599412413,6.321905197931554,5.431568608007235,5.010160758877639,3.0164210822203197,19.83824592719295,19.42507289156989,12.529581131548476,7.253207544566503,3.5001969625564366,0.001795410391372057,0.0018865211580809406,1.0,0.3,0.2,2.019065657,1.000878884,1.001406215,1.000703107,1.399296893,1.6,348.5941411,347.6397952,6.349661206,1.272745434,5.076915771,0.018215054,0.003651081,0.014563973,1196.79,312,0.9999999999999996
COOK:8200029,COOK:8200029,COOK:Niles Precinct 29,,,,,,,,,,0.66643078,0.042577585,0.030224621,0.257918964,0.002846706,0.00283264,0.3623,0.4642,0.5358,0.8924,0.0162,0.0,0.021,0.0704,0.061782632,0.12853549,0.045099344,0.065216725,0.140215691,0.034350855,0.122707686,0.186873209,0.215218368,0.03235998,0.052618782,0.024279631,0.050581762,0.020221047,0.078888743,0.008097516,0.024293483,0.032456498,0.026288351,0.113357342,0.149666027,0.076973533,0.089179331,0.109276588,0.111461385,,-0.361244768,0.417322835,127.0,-0.290780142,141.0,0.393188854,323.0,67.9,81106,192.5756232,-1.48469757,0.464946598,-0.704047982,0.251259361,-0.290069939,-0.368134898,-0.357252556,-0.696037333,-0.290069939,complete,COOK,Niles Precinct 29,0,0,1,Niles,1,0,0,341,227,151,142,107,71,0.4108,31.105589483681428,71,0.58052,33.27263516656625,76,0.00816,14.663178792026917,33,0.00018,4.828300460576539,11,0.00014,3.6822922578655417,8,0.00012,5.044631379976253,11,8e-05,2.989529581994922,7,COOK:8200029,COOK:8200029,COOK:NILES PRECINCT 29,1.0,77.21321192,2.878382957,2.878382957,2.878382957,2.878382957,5.516490335,2.878382957,2.878382957,21.43150571262556,20.911230257652583,9.369567617045435,3.207790263178474,2.7480744103954673,3.8978987889253824,2.0809987069134683,30.621720923248525,32.69389520388133,14.52773926841175,4.63573321811251,3.579499674563548,4.941834938629206,2.950413743272624,19.024820769284997,24.49803829214434,13.047030956262438,6.490631958407733,2.454778407830346,0.004609999017489089,0.007019591084934742,1.0,0.3,0.2,1.147274992,1.320532493,1.512851989,1.256425995,1.143574005,1.6,312.8258551,312.8257271,2.405357774,0.601563586,1.803794188,0.007689127,0.001922998,0.005766129,1209.1,227,0.9999999999999993
COOK:8200031,COOK:8200031,COOK:Niles Precinct 31,,,,,,,,,,0.5518469,0.060281906,0.052702716,0.328145241,0.009951858,0.004092969,0.3403,0.9245,0.0755,0.805,0.0644,0.001,0.0302,0.0877,0.075280757,0.143341597,0.120471913,0.079036824,0.100913174,0.145802836,0.138383625,0.143899524,0.052869752,0.058500218,0.002913161,0.006824094,0.068009846,0.013596582,0.009691067,0.014955539,0.032593586,0.019058812,0.038101579,0.081676061,0.145546209,0.051771264,0.125068642,0.199839335,0.131854005,,-0.164188675,,,-0.286432161,199.0,,,54.7,104121,289.7549886,-0.645204279,,-0.688787547,,,,,-0.357942006,-0.357942006,demographic_only,COOK,Niles Precinct 31,0,0,1,Niles,1,0,0,483,322,215,237,178,119,0.3513,27.62155426951346,89,0.60914,30.946483183378586,100,0.03708,17.20502282648647,55,0.00138,8.026385368371084,26,0.00058,4.429632367884348,14,0.0004,5.022565131470503,16,0.00012,3.0365922335234186,10,COOK:8200031,COOK:8200031,COOK:NILES PRECINCT 31,1.0,79.04371301,2.551502782,2.551502782,2.551502782,2.551502782,5.647270305,2.551502782,2.551502782,19.407686051368987,19.796466138415838,11.173087876321793,5.463086821898849,3.2635550137956955,3.899431671782905,2.0830581751105317,26.97863253033534,30.21702553879598,16.825713665761036,7.8199728218426285,4.276886196437461,4.911750413482039,2.920855803464997,17.001001108028422,23.383274172907594,14.850551215538795,8.745928517128108,2.9702590112305742,0.006142881875011991,0.009079059281998241,1.0,0.3,0.2,1.328087977,1.00036305,1.00058088,1.00029044,1.39970956,1.6,310.8387296,309.7614598,2.645688404,1.11249827,1.533190134,0.00851145,0.003579021,0.00493243,2010.86,322,0.9999999999999996
COOK:8200033,COOK:8200033,COOK:Niles Precinct 33,,,,,,,,,,0.477924127,0.094185354,0.101465602,0.317351083,0.013633891,0.001946753,0.3499,0.8197,0.1803,0.7996,0.0247,0.0007,0.0057,0.1349,0.145112649,0.144090777,0.082904088,0.162423825,0.092217524,0.159970802,0.126386489,0.069015898,0.017877948,0.005020898,0.026416275,0.038024854,0.014840703,1.88e-05,0.001691997,0.00166572,2.55e-05,0.031258784,0.103813087,0.141769414,0.132275648,0.084185925,0.108874561,0.127022405,0.183095407,,0.048611468,0.268518519,216.0,-0.071428571,168.0,0.455938697,522.0,50.2,100944,250.5266209,0.261361409,-0.448469919,0.065826692,0.45088639,0.062847671,0.082401143,0.059532781,-0.112999902,0.062847671,complete,COOK,Niles Precinct 33,0,0,1,Niles,1,0,0,435,290,193,231,174,116,0.35136,27.67332940853151,80,0.6078,30.97925404351293,90,0.03828,17.13784856173774,50,0.00172,8.012526396860542,23,0.0004,4.401814086196709,13,0.00026,4.969164326052999,14,0.00018,3.0271911771562223,9,COOK:8200033,COOK:8200033,COOK:NILES PRECINCT 33,1.0,64.25381144,5.312994815,5.312994815,5.312994815,5.312994815,4.590607242,5.312994815,4.590607242,19.40780841913333,19.796626427529546,11.173202834867713,5.465739909816112,3.2635742881500303,3.9002136643971608,2.083284640432633,26.977453550577337,30.215355719751983,16.824695940883657,7.823258789266803,4.27661862353921,4.912452241704849,2.9210021043956527,17.001123475792767,23.383434462021302,14.850666174084715,8.748581605045372,2.970278285584909,0.006924874489267571,0.009305524604099478,1.0,0.3,0.2,1.484613546,1.016870937,1.026993499,1.01349675,1.38650325,1.6,260.2651851,258.8561702,4.227044769,2.214166308,2.012878462,0.016241299,0.008507347,0.007733952,1859.09,290,1.0000000000000002
COOK:8200034,COOK:8200034,COOK:Niles Precinct 34,,,,,,,,,,0.517510525,0.083225696,0.055965216,0.343306785,0.009835998,1.91e-06,0.3064,0.9092,0.0908,0.9368,0.0007,0.0,0.0033,0.0591,0.253093226,0.13413708,0.037413703,0.13575712,0.075851403,0.172120932,0.063105876,0.118969502,0.00955116,0.037700191,0.003178518,0.102208403,0.004532189,0.004595646,9.46e-05,0.058688885,0.05411114,0.1247445,0.046655725,0.114285964,0.147413874,0.060299972,0.060320628,0.081551209,0.099618573,,-0.151383992,0.417721519,158.0,-0.230769231,143.0,0.210762332,446.0,52.3,68333,233.8842831,-0.590654098,0.467393869,-0.493423183,-0.329096905,-0.226721988,-0.236445079,-0.278117608,-0.480141182,-0.226721988,complete,COOK,Niles Precinct 34,0,0,1,Niles,1,0,0,360,240,160,192,144,96,0.35234,27.61635470083368,66,0.60708,30.936274996115287,74,0.03782,17.18380139141849,41,0.0017,7.962425139737999,19,0.00048,4.456789287165692,11,0.00038,5.069350517514187,12,0.0002,3.064597656767186,7,COOK:8200034,COOK:8200034,COOK:NILES PRECINCT 34,1.0,75.30304771,3.219488908,3.219488908,3.219488908,3.219488908,5.380018841,3.219488908,3.219488908,19.40751417281734,19.796240995292102,11.172926404806173,5.463179779251207,3.263527940913186,3.8997316208295696,2.0834862663436833,26.978357783039236,30.216661831127887,16.825456637707557,7.820104072259114,4.276924321982572,4.912049395916843,2.9212829280862884,17.000829229476775,23.38304902978386,14.850389744023175,8.746021474480466,2.9702319383480646,0.0064428309216761105,0.009507150515149734,1.0,0.3,0.2,1.005048291,1.002107508,1.003372013,1.001686007,1.398313993,1.6,369.0773895,367.2577803,4.85229107,0.909804576,3.942486494,0.013147083,0.002465078,0.010682005,1872.5,240,1.0000000000000004
COOK:8200035,COOK:8200035,COOK:Niles Precinct 35,,,,,,,,,,0.509368211,0.0788939,0.018986641,0.389092113,0.012405518,0.002921746,0.3887,0.7229,0.2771,0.8212,0.0403,0.0,0.0087,0.1016,0.104679603,0.208121066,0.062259525,0.11551393,0.149689872,0.104779194,0.174301163,0.03763815,0.043017497,0.066999609,0.008004074,4.84e-05,5.71e-05,0.019148782,0.066986477,0.121228153,0.055830422,0.019199297,0.024023973,0.049525199,0.079932891,0.102252549,0.106984836,0.131048615,0.148729643,,0.128339367,0.259259259,162.0,-0.030674847,163.0,0.362903226,496.0,48.7,96565,224.3743758,0.60101615,-0.505306718,0.208863096,0.154911233,0.075655635,0.11487094,0.094454066,-0.258860084,0.075655635,complete,COOK,Niles Precinct 35,0,0,1,Niles,1,0,0,338,225,150,205,154,103,0.35502,27.67486713522778,62,0.60468,30.93217431773182,70,0.03786,17.226954513134224,39,0.0018,8.01747059618269,18,0.00032,4.385974279692439,10,0.0002,5.030847503558967,11,0.00012,3.0741814852527773,7,COOK:8200035,COOK:8200035,COOK:NILES PRECINCT 35,1.0,63.74835172,5.428531767,5.428531767,5.428531767,5.428531767,4.554494722,5.428531767,4.554494722,19.40699512832798,19.79556110070042,11.172438787825646,5.460967709250448,3.2634461853343613,3.8997247940534434,2.0842920344523397,26.978788251323465,30.217331700540782,16.825781214862154,7.817402198836404,4.277259926154196,4.912113775674132,2.9221599027283593,17.000310184987416,23.382369135192178,14.849902127042649,8.743809404479707,2.97015018276924,0.006436004145549894,0.010312918623806386,1.0,0.3,0.2,1.002103499,1.001188603,1.001901764,1.000950882,1.399049118,1.6,359.7323116,358.140935,4.020932443,1.755899401,2.265033042,0.011177568,0.004881128,0.00629644,1984.77,225,0.9999999999999997
COOK:8200036,COOK:8200036,COOK:Niles Precinct 36,,,,,,,,,,0.378825144,0.11464581,0.229197491,0.279596326,0.011489543,2.01e-06,0.2982,0.7589,0.2411,0.7837,0.0375,0.0015,0.012,0.1577,0.159086002,0.11199686,0.091653137,0.231958131,0.105446428,0.091105401,0.121201261,0.07246015,0.01509263,0.019166654,0.054782875,0.081002377,0.030969403,8.77e-05,0.016729031,0.016668252,6.69e-05,1.04e-05,0.062024923,0.133482961,0.135958219,0.071682041,0.150175186,0.124201311,0.102991788,,0.140297517,0.111111111,90.0,0.310344828,87.0,0.556390977,266.0,42.5,90631,147.1063788,0.651959953,-1.414695431,1.405765447,0.770456755,0.42875223,0.353371681,0.639230984,0.220628689,0.42875223,complete,COOK,Niles Precinct 36,0,0,1,Niles,1,0,0,282,188,125,123,93,62,0.32988,24.464132178297575,46,0.41986,25.78536315643256,48,0.24258,22.68240458402491,43,0.00298,7.961053416527738,15,0.00352,7.982650645391265,15,0.0008,5.005789495695052,9,0.00038,2.9434614660653304,6,COOK:8200036,COOK:8200036,COOK:NILES PRECINCT 36,1.0,48.56898795,8.898199783,8.898199783,8.898199783,8.898199783,3.470006569,8.898199783,3.470006569,18.27458835052682,17.82755035261678,15.984821078254058,5.969127541112404,6.501033338313119,3.9021142594411042,2.0836313968782143,23.71923104836766,25.095069370832306,22.128532067884812,7.672968929350371,7.695353614168417,4.816342957711741,2.8233389818041825,15.867903407186256,21.414358387108535,19.66228441747106,9.251969236341663,6.207737335747998,0.008825469533210943,0.009652281049680706,1.0,0.3,0.2,2.325346133,1.013765353,1.022024565,1.011012282,1.388987718,1.6,155.7108545,154.8673434,2.531107916,1.325517418,1.205590499,0.01625518,0.008512685,0.007742495,1475.91,188,1.0000000000000002
COOK:8200037,COOK:8200037,COOK:Niles Precinct 37,,,,,,,,,,0.435058195,0.115219251,0.094790675,0.350969425,0.024329152,0.003943375,0.2935,0.6534,0.3466,0.7145,0.1482,0.0,0.0191,0.116,0.0879286,0.132950761,0.133803421,0.100859367,0.206424622,0.109086395,0.150913944,0.03548578,0.04254711,0.018846171,0.071272089,0.094775548,0.064888331,0.016205015,0.020133778,0.027496212,0.034955216,0.07358965,0.094838243,0.036382026,0.090012002,0.151089263,0.015327685,0.152452103,0.03773667,,0.279828476,0.256756757,148.0,-0.119402985,134.0,0.497487437,398.0,46.2,58207,224.6715604,1.24638615,-0.520668011,-0.10255271,0.583066028,0.166663978,0.301557864,0.085841863,-0.009549156,0.166663978,complete,COOK,Niles Precinct 37,0,0,1,Niles,1,0,0,396,264,176,186,140,93,0.35636,27.67826581946119,73,0.60308,30.93776918242431,82,0.03812,17.200561624645488,45,0.00162,8.002853098529567,21,0.00028,4.356597695700766,12,0.0004,5.050297799757394,13,0.00014,3.0341613266620917,8,COOK:8200037,COOK:8200037,COOK:NILES PRECINCT 37,1.0,60.03097359,6.27824248,6.27824248,6.27824248,6.27824248,4.288907007,6.27824248,4.288907007,19.40742730544651,19.79612720802178,11.172844797148374,5.46520565660335,3.263514258286111,3.9006077001337203,2.0840892249520704,26.977218599911474,30.215074397001608,16.824452941721752,7.822629725682794,4.276768601215575,4.912866146556304,2.921826558029986,17.000742362105946,23.382935242513536,14.850308136365376,8.748047351832609,2.9702182557209897,0.007318910225827026,0.01011010912353708,1.0,0.3,0.2,1.019053197,1.000126914,1.000203063,1.000101531,1.399898469,1.6,546.8784416,546.3732419,5.005713584,3.004156993,2.00155659,0.009153247,0.005493281,0.003659966,2015.91,264,1.0000000000000002
COOK:8200039,COOK:8200039,COOK:Niles Precinct 39,,,,TRUE,,,,,,0.648432789,0.0775335,0.03444474,0.214018432,0.02247655,0.001249548,0.4052,0.8435,0.1565,0.8052,0.0282,0.0,0.0464,0.1149,0.205699365,0.073056557,0.080532828,0.072140912,0.183054063,0.13009332,0.152999384,0.070310682,0.032112888,0.121690142,0.096610297,0.010807718,0.000117452,0.027488028,0.038175082,0.004843664,2.36e-05,0.0704177,0.027562914,0.141071302,0.059762079,0.093140812,0.050324393,0.131341451,0.126623351,,0.035744558,0.439613527,207.0,-0.229885057,174.0,0.268199234,522.0,51.2,70874,255.2815746,0.20654613,0.601775198,-0.490319931,-0.146372016,-0.026779261,0.042907345,-0.133424716,-0.298977293,-0.026779261,complete,COOK,Niles Precinct 39,0,0,1,Niles,1,0,0,447,298,199,216,162,108,0.34952,27.62076776635264,82,0.61124,31.00583768933013,92,0.03638,17.153742355826186,51,0.00184,8.016667379321277,24,0.00054,4.3839527385422485,13,0.00032,5.056859819533235,15,0.00016,3.0861694124865378,9,COOK:8200039,COOK:8200039,COOK:NILES PRECINCT 39,1.0,67.83877583,4.552414917,4.552414917,4.552414917,4.552414917,4.84673467,4.552414917,4.552414917,19.408979847741914,19.79816087783552,11.174303334907167,5.462722449286349,3.2637588018591814,3.8972966139668177,2.079901282068207,26.980531132256523,30.219525433721117,16.827500331379433,7.81940163795545,4.276569559545951,4.90961266025215,2.9176962150088714,17.00229490440135,23.384968912327277,14.85176667412417,8.745564144515608,2.97046279929406,0.004007824058924379,0.005922166239673705,1.0,0.3,0.2,1.002058317,1.000600162,1.000960259,1.000480129,1.399519871,1.6,359.900437,358.3319614,4.651787198,1.957743206,2.694043991,0.012925206,0.00543968,0.007485526,1693.09,298,0.9999999999999996
COOK:8200004,COOK:8200004,COOK:Niles Precinct 4,,,,,,,,,,0.496803457,0.099642029,0.023306766,0.381045241,0.011252389,1.64e-06,0.3622,0.6805,0.3195,0.8523,0.0199,0.0,0.003,0.1196,0.129453363,0.15392845,0.063651422,0.134699985,0.093818373,0.084473358,0.122046303,0.112141572,0.105787175,0.053356149,0.02062994,0.010325318,0.037824597,0.006897039,0.049868357,0.006917765,0.018980759,0.02237805,0.032693656,0.128932988,0.158491481,0.065519734,0.108335824,0.130755238,0.148093105,,0.245474367,0.156626506,83.0,-0.238095238,84.0,0.169230769,325.0,55.4,92540,191.6840694,1.10003166,-1.135304922,-0.51913582,-0.461221897,-0.415824493,-0.253907745,-0.468870108,-0.397132246,-0.415824493,complete,COOK,Niles Precinct 4,0,0,1,Niles,1,0,0,204,136,91,174,131,87,0.35106,27.761845781610646,38,0.61162,31.118193632514192,42,0.0347,17.124507686287856,23,0.00176,7.939656755691979,11,0.00034,4.366631555930191,6,0.00036,5.030641219493044,7,0.00016,3.0625066984642126,4,COOK:8200004,COOK:8200004,COOK:NILES PRECINCT 4,1.0,80.44229437,2.301752303,2.301752303,2.301752303,2.301752303,5.747191813,2.301752303,2.301752303,19.453326889649926,19.821137080203922,11.131284072173598,5.409709669865035,3.251675274024295,3.8996835313962737,2.0841277600118717,27.060337201186968,30.272721316638624,16.77427758966123,7.746438960671521,4.261595915878881,4.912771435405667,2.9226945506765976,17.04664194630936,23.40794511469568,14.8087474113906,8.692551365094294,2.9583792714591737,0.006394741488380302,0.010148644183338199,1.0,0.3,0.2,1.050418249,1.177868876,1.284590201,1.142295101,1.257704899,1.6,367.2904609,367.2901912,2.822395622,0.706273215,2.116122406,0.00768437,0.001922928,0.005761441,1963.16,136,1.0000000000000002
COOK:8200040,COOK:8200040,COOK:Niles Precinct 40,,,,,,,,,,0.500409365,0.10380544,0.050919929,0.333726833,0.010449704,0.003482394,0.4331,0.9485,0.0515,0.756,0.0477,0.0416,0.0,0.1523,0.117986789,0.13506172,0.0780069,0.112556656,0.148115832,0.162374507,0.152107906,0.06250534,0.03128435,0.041732919,6.39e-06,7.56e-06,0.006199151,0.021632921,3.82e-05,0.0,0.055662615,0.003131997,0.026382037,0.061963194,0.09617506,0.075920576,0.122161431,0.264582899,0.224403086,,-0.006966179,,,0.023255814,215.0,,,51.2,147746,272.221097,0.024590949,,0.398147585,,,,,-0.117471308,-0.117471308,demographic_only,COOK,Niles Precinct 40,0,0,1,Niles,1,0,0,513,342,228,221,166,111,0.35304,27.597248786755692,94,0.6086,31.007936359039746,106,0.03584,17.150134646853832,59,0.00172,8.022114651039539,27,0.00036,4.427600752104107,15,0.00024,5.056459857212957,17,0.0002,3.097279853113762,11,COOK:8200040,COOK:8200040,COOK:NILES PRECINCT 40,1.0,71.50796592,3.897192414,3.897192414,3.897192414,3.897192414,5.108879595,3.897192414,3.897192414,19.407622775758743,19.79638325391157,11.173028431972337,5.462962214168992,3.263545047146888,3.8994839471948652,2.0831847440134004,26.97861167510321,30.2170043033993,16.825689177764506,7.819823742253049,4.276914276598315,4.911807055763629,2.9209867392374953,17.000937832418177,23.383191288403328,14.85049177118934,8.745803909398251,2.9702490445817666,0.0061951572869719945,0.009205628184866865,1.0,0.3,0.2,1.083180654,1.010795325,1.01727252,1.00863626,1.39136374,1.6,473.8070687,471.1152193,8.054073002,3.322414752,4.73165825,0.016998634,0.007012168,0.009986466,1915.54,342,1.0000000000000004
COOK:8200041,COOK:8200041,COOK:Niles Precinct 41,,,,,,,,,,0.480730529,0.092544403,0.086063101,0.339371187,0.012220761,0.000647316,0.3868,0.8578,0.1422,0.7829,0.0658,0.0082,0.0172,0.0771,0.08313527,0.076450885,0.12355032,0.137753305,0.104908381,0.113315845,0.186751716,0.12857313,0.04556115,0.030002331,0.015762808,0.022913761,0.022902142,0.018573609,0.011467992,0.0172018,6.12e-05,0.017205765,0.074265562,0.172690078,0.091407233,0.085782018,0.127035386,0.137129384,0.155598917,,0.080257817,0.262135922,206.0,0.133757962,157.0,0.416837782,487.0,53.7,101616,241.6110828,0.396180369,-0.487648686,0.785985269,0.326494055,0.294233242,0.255252752,0.400379745,-0.050531,0.294233242,complete,COOK,Niles Precinct 41,0,0,1,Niles,1,0,0,414,276,184,215,162,108,0.3575,24.87483442622458,69,0.44038,26.095712812919224,72,0.19374,21.59276795025357,60,0.00358,8.601093524882703,24,0.00356,7.736045531349081,21,0.0008,4.963363630416399,14,0.00044,2.9830554621942493,8,COOK:8200041,COOK:8200041,COOK:NILES PRECINCT 41,1.0,54.53603058,7.534265348,7.534265348,7.534265348,7.534265348,3.896321343,7.534265348,3.896321343,18.273910713965954,17.56885686559616,14.816413560943658,6.225226295423025,6.253953104454713,3.900256801955206,2.083696939650781,24.154422612827773,25.322785084970874,20.99549883296925,8.294084664624323,7.491181614842881,4.841972567766736,2.8508915921176428,15.867225770625387,21.155664900087917,18.49387690016066,9.508067990652284,5.960657101889592,0.006968012047312532,0.009717823822247578,1.0,0.3,0.2,1.006301132,1.00039453,1.000631249,1.000315624,1.399684376,1.6,453.1768807,451.4990225,5.428950231,3.344886733,2.084063498,0.01197976,0.007380974,0.004598786,1718.02,276,0.9999999999999997
COOK:8200042,COOK:8200042,COOK:Niles Precinct 42,,,,,,,,,,0.360076208,0.128114836,0.040723967,0.473111304,0.012204749,0.003389752,0.3729,0.8961,0.1039,0.8789,0.014,0.0,0.0,0.1061,0.041204343,0.07448538,0.10041125,0.230540806,0.087244686,0.215884539,0.086699815,0.123871829,0.039657352,0.003033689,0.024037951,0.021042618,0.025598636,1.58e-05,0.040571417,0.019538242,0.01955711,0.144246737,0.003044511,0.025614905,0.022700667,0.19241024,0.243532838,0.08725121,0.127803428,,0.066013609,0.288343558,163.0,-0.15942029,138.0,0.420654912,397.0,50.7,119619,219.3222375,0.335497561,-0.326776419,-0.243004449,0.338637549,-0.03176164,0.026088561,-0.085580242,-0.241847885,-0.03176164,complete,COOK,Niles Precinct 42,0,0,1,Niles,1,0,0,359,239,159,192,144,96,0.3537,27.721096981928262,66,0.60686,30.987978454603006,74,0.0367,17.16282931712509,41,0.0019,7.976676041600049,19,0.00044,4.372105864871494,10,0.00028,5.00920847080474,12,0.00012,3.030047253873339,7,COOK:8200042,COOK:8200042,COOK:NILES PRECINCT 42,1.0,68.05303826,4.514153185,4.514153185,4.514153185,4.514153185,4.862042628,4.514153185,4.514153185,19.406042646386847,19.7943134478812,11.17154397750078,5.461677548195289,3.2632961582865563,3.901458274447797,2.0867023825229905,26.97716724934314,30.21517802314854,16.82427085706148,7.818371596794635,4.277454027400794,4.913836110820192,2.924559105550718,16.999357703046282,23.381121482372958,14.849007316717783,8.744519243424548,2.970000155721435,0.008169484539903328,0.012723266694456977,1.0,0.3,0.2,1.547273234,1.130059398,1.208095036,1.104047518,1.295952482,1.6,763.4039969,762.8541916,11.49309032,3.832987262,7.660103056,0.015055057,0.005020916,0.010034141,2106.12,239,0.9999999999999993
COOK:8200043,COOK:8200043,COOK:Niles Precinct 43,,,,,,,,,,0.665752313,0.077454782,0.031479439,0.222211553,0.009803654,2.44e-06,0.2251,0.8956,0.1044,0.8153,0.0341,0.0025,0.0058,0.1422,0.192723113,0.104401843,0.09529117,0.103441091,0.172874398,0.097360585,0.146420183,0.032261743,0.055225874,0.035788676,0.014332714,1.34e-05,0.007188795,0.020475232,0.073621777,2.41e-05,0.050163997,0.025581321,0.087045071,0.072605691,0.169836693,0.213825734,0.074798695,0.062619374,0.09207867,,0.087065791,0.224043716,183.0,-0.298507463,134.0,0.234782609,575.0,47.4,91657,306.1001418,0.425183525,-0.721472885,-0.73116914,-0.252680833,-0.4356701,-0.320034833,-0.517896961,-0.61392127,-0.4356701,complete,COOK,Niles Precinct 43,0,0,1,Niles,1,0,0,348,232,155,254,191,127,0.3547,27.6749990505254,64,0.60586,30.971557744986722,72,0.03682,17.13794044164257,40,0.00182,8.028508085308003,19,0.00036,4.357012497352144,10,0.00024,5.118447605820339,12,0.0002,3.006497427244671,7,COOK:8200043,COOK:8200043,COOK:NILES PRECINCT 43,1.0,80.88969863,2.221857468,2.221857468,2.221857468,2.221857468,5.779156566,2.221857468,2.221857468,19.40888696658344,19.798039213125445,11.17421607758921,5.462520995683193,3.2637441719902043,3.897366559027885,2.0800834475260923,26.980509897718242,30.21950742155746,16.82747257868288,7.81915975434442,4.276612409707522,4.9096895664777165,2.917885341631255,17.002202023242877,23.384847247617202,14.851679416806212,8.745362690912453,2.970448169425083,0.004077769119992014,0.006104331697558933,1.0,0.3,0.2,1.000034233,1.025598558,1.040957693,1.020478847,1.379521153,1.6,329.5563789,329.2821177,1.641967709,0.547745111,1.094222598,0.004982358,0.001662068,0.00332029,3205.16,232,0.9999999999999997
COOK:8200044,COOK:8200044,COOK:Niles Precinct 44,,,,,,,,,,0.43172485,0.108531602,0.067777591,0.384068796,0.024319771,0.00460176,0.4119,0.8952,0.1048,0.7441,0.0613,0.0361,0.0,0.1586,0.1055129,0.09744812,0.090344034,0.140910915,0.166123006,0.11790707,0.151120166,0.094615281,0.036018509,0.012846551,1.6e-05,2.3e-05,0.011210976,0.019220192,0.01600183,1e-06,0.030447908,0.008019099,0.035300399,0.08812546,0.081782014,0.084905496,0.182568062,0.165215678,0.264316308,,-0.017496845,0.288288288,222.0,-0.131428571,175.0,0.517094017,468.0,48.5,140350,252.3097286,-0.020271524,-0.327115687,-0.144759812,0.645440739,0.0258746,0.038323429,-0.010742048,-0.01748489,0.0258746,complete,COOK,Niles Precinct 44,0,0,1,Niles,1,0,0,425,283,189,214,161,107,0.35296,27.649307190248233,78,0.60704,30.936453674290227,88,0.03756,17.197266496072682,49,0.00158,8.02042801417509,23,0.00024,4.439672218781197,13,0.00044,5.079738087863853,14,0.00018,3.049970393585412,9,COOK:8200044,COOK:8200044,COOK:NILES PRECINCT 44,1.0,65.68537936,4.985769939,4.985769939,4.985769939,4.985769939,4.692885471,4.985769939,4.692885471,19.40705207506444,19.795635695034676,11.172492286506879,5.463591573023941,3.263455155111513,3.900597301762785,2.0846688198428756,26.97753729290072,30.21556917976182,16.82469413673945,7.820658121377236,4.277012505259812,4.912907664672507,2.922458069407929,17.000367131723873,23.382443729526432,14.849955625723881,8.7464332682532,2.9701591525463917,0.007308511854891423,0.01068970401434202,1.0,0.3,0.2,1.17894228,1.027915912,1.04466546,1.02233273,1.37766727,1.6,426.7157774,424.3679763,7.630105595,4.10847483,3.521630765,0.017881002,0.00962813,0.008252872,1899.63,283,0.9999999999999987
COOK:8200045,COOK:8200045,COOK:Niles Precinct 45,,,,,,,,,,0.553137521,0.082352916,0.076359032,0.284514825,0.0060603,0.002418727,0.4398,0.9471,0.0529,0.6902,0.0332,0.0,0.0001,0.2765,0.100848168,0.158856231,0.068325839,0.047949801,0.117197908,0.166870236,0.12730409,0.140410229,0.0722375,5.64e-05,0.005941435,6.41e-05,0.002983239,2.3e-05,0.002981824,7.85e-05,0.008943257,6.27e-05,0.085505443,0.091409951,0.206402302,0.1179484,0.070796778,0.182780646,0.22402203,,-0.173715163,0.474576271,118.0,0.0,122.0,0.378016086,373.0,56.5,120252,165.8290089,-0.685788778,0.81638959,0.316524909,0.202990004,0.2627603,0.162528931,0.293559496,-0.186411336,0.2627603,complete,COOK,Niles Precinct 45,0,0,1,Niles,1,0,0,309,206,137,136,102,68,0.37066,25.21850609013884,52,0.44166,26.30071943314285,54,0.1791,21.39297527420793,44,0.00408,8.287559588249795,17,0.00312,7.6758499279279055,16,0.00094,5.071745309278838,10,0.00044,2.976748863327673,6,COOK:8200045,COOK:8200045,COOK:NILES PRECINCT 45,1.0,55.91431393,7.21922015,7.21922015,7.21922015,7.21922015,3.994792662,7.21922015,3.994792662,18.44793460997927,17.665133286076404,14.662346227298364,6.031761132347843,6.187807833882043,3.899212474150398,2.082169890720495,24.448172785880374,25.521662531961248,20.82570529191751,8.042826279640417,7.4166292916263545,4.843702242934077,2.8521385461595052,16.041249666638706,21.25194132056816,18.339809566515367,9.314602827577103,5.894511831316922,0.005923684242504514,0.008190774891961813,1.0,0.3,0.2,1.048309405,1.003114997,1.004983994,1.002491997,1.397508003,1.6,465.2706006,462.7525259,7.550292901,3.934382261,3.61591064,0.016227746,0.008456116,0.007771629,957.81,206,1.0000000000000004
COOK:8200047,COOK:8200047,COOK:Niles Precinct 47,,,,,,,,,,0.599453303,0.054200563,0.114352858,0.23351576,0.004643613,2.7e-06,0.3533,0.7981,0.2019,0.8325,0.0192,0.0133,0.0322,0.0937,0.148169347,0.149459725,0.117662576,0.058914545,0.162355061,0.071786639,0.136413067,0.101136535,0.054102506,0.014045064,6.76e-05,0.021037755,0.024544377,0.010524603,0.007073134,0.035084119,0.049142394,0.031606898,0.087693374,0.045685054,0.119316714,0.084239011,0.080716243,0.192805607,0.196418044,,-0.079738422,0.364485981,107.0,-0.111111111,108.0,0.34082397,267.0,48.9,116079,123.3316105,-0.285431487,0.140614236,-0.073450097,0.08467016,-0.012201158,-0.033399297,-0.020211318,-0.229346079,-0.012201158,complete,COOK,Niles Precinct 47,0,0,1,Niles,1,0,0,212,141,94,107,81,54,0.35198,27.61350182962795,39,0.60702,30.95347591857307,44,0.03844,17.183661699551994,24,0.00178,8.012409049336366,11,0.00036,4.373651853756167,6,0.00024,5.1492676974406555,7,0.00018,3.051770519924282,4,COOK:8200047,COOK:8200047,COOK:NILES PRECINCT 47,1.0,67.20329044,4.66589618,4.66589618,4.66589618,4.66589618,4.801332479,4.66589618,4.66589618,19.40875881665843,19.79787134997936,11.174095686985376,5.466872146277738,3.2637239868779244,3.899157802936058,2.081239135420802,26.978140572207188,30.216199151031937,16.825390239257466,7.8245788594132675,4.276262362951515,4.91135278305902,2.9189130021990968,17.002073873317865,23.384679384471116,14.851559026202379,8.749713841506997,2.970427984312803,0.005869013028164317,0.007260019592268702,1.0,0.3,0.2,1.117415381,1.000918428,1.001469485,1.000734742,1.399265258,1.6,224.0410356,224.0410356,1.263983275,0.0,1.263983275,0.005641749,0.0,0.005641749,912.46,141,0.9999999999999993
COOK:8200048,COOK:8200048,COOK:Niles Precinct 48,,,,,,,,,,0.409819132,0.126936635,0.104725399,0.345789806,0.011688353,0.001594641,0.2482,0.5338,0.4662,0.7856,0.065,0.0041,0.0368,0.0985,0.087131018,0.163577726,0.143156057,0.081599595,0.201036067,0.086711379,0.127448141,0.076419184,0.032920833,0.022653488,0.069178395,0.029333254,0.035940038,0.013312629,0.019979095,0.053267884,0.086497946,0.047934322,0.062591428,0.078550537,0.115901941,0.123794687,0.054581705,0.110551062,0.075931589,,0.166829581,0.358974359,78.0,-0.047619048,84.0,0.475308642,324.0,46.0,71326,204.760192,0.764991168,0.10678184,0.149392762,0.512508291,0.321858675,0.383418515,0.275053524,-0.025664629,0.321858675,complete,COOK,Niles Precinct 48,0,0,1,Niles,1,0,0,296,197,131,188,141,94,0.36006,24.906608187696968,49,0.44004,26.07577511144858,51,0.1909,21.54533041217146,42,0.00392,8.488715523516174,17,0.00364,7.808322363245061,15,0.0009,5.023014946566104,10,0.00054,2.9019567961880015,6,COOK:8200048,COOK:8200048,COOK:NILES PRECINCT 48,1.0,53.31793233,7.81269576,7.81269576,7.81269576,7.81269576,3.809294434,7.81269576,3.809294434,18.27383794941523,17.56876155156141,14.816345202197471,6.226185516798325,6.253935912552814,3.900720553788308,2.084057878836839,24.153903738034316,25.322083724393153,20.994917626323897,8.29521004358248,7.491085252750803,4.842410186665484,2.851226398369347,15.867153006074668,21.155569586053165,18.493808541414474,9.509027212027584,5.960639909987693,0.007431763880414615,0.010078763008305309,1.0,0.3,0.2,1.053636612,1.000694393,1.001111029,1.000555514,1.399444486,1.6,360.9581802,360.279786,3.576904345,1.567177644,2.009726701,0.00990947,0.004341715,0.005567755,2028.53,197,0.9999999999999999
COOK:8200049,COOK:8200049,COOK:Niles Precinct 49,,,,,,,,,,0.668410929,0.070167017,0.146703361,0.104693329,0.010034614,0.003640806,0.5989,0.9642,0.0358,0.6537,0.0646,0.0,0.0,0.2817,0.071311275,0.10798157,0.107755317,0.146786861,0.131612854,0.078937484,0.185773691,0.117782695,0.052058255,0.02206571,0.016993624,0.017008396,1.68e-05,0.01695869,0.113587887,0.018679636,0.072932559,0.000102209,3.77e-05,0.054376707,0.157692989,0.049241993,0.042432415,0.122177675,0.295694971,,-0.30320422,0.45686901,313.0,0.087837838,296.0,0.584302326,688.0,51.5,104847,273.1126508,-1.237434723,0.707695803,0.624815963,0.859251554,0.424807218,0.238582149,0.50205398,0.103121727,0.424807218,complete,COOK,Niles Precinct 49,0,0,1,Niles,1,0,0,632,421,281,208,156,104,0.3628,24.943747569713075,105,0.4348,26.020757516691052,110,0.1928,21.572223269226313,91,0.00474,8.61382472269163,36,0.00334,7.7483290003815615,33,0.001,5.023082457280117,21,0.00052,3.0501110835237957,13,COOK:8200049,COOK:8200049,COOK:NILES PRECINCT 49,1.0,48.74442936,8.858097743,8.858097743,8.858097743,8.858097743,3.482540964,8.858097743,3.482540964,18.27657113498487,17.57234174193998,14.81891289672464,6.229703336651018,6.254581675602598,3.8977798796880037,2.0782264712785614,24.15587842745547,25.324604019677643,20.99633422718419,8.2990856545178,7.490314618301228,4.839347272368641,2.8452727506145292,15.869886191644307,21.159149776431736,18.496376235941643,9.512545031880277,5.961285673037477,0.004491089780110472,0.004247355450028139,1.0,0.3,0.2,2.184557539,1.001195589,1.001912943,1.000956472,1.399043528,1.6,305.3115562,304.4757801,5.562354054,1.114594776,4.447759278,0.018218616,0.00365068,0.014567936,1298.27,421,1.0000000000000002
COOK:8200005,COOK:8200005,COOK:Niles Precinct 5,,,,,,,,,,0.637645168,0.070921197,0.03051543,0.238072694,0.010901239,0.002178348,0.3721,0.7767,0.2233,0.8791,0.009,0.0,0.0057,0.1062,0.091161241,0.155544567,0.030490512,0.060016968,0.159882909,0.037647718,0.152721317,0.119735314,0.192799457,0.023104025,0.0598141,0.013826386,0.041450142,0.011511231,0.043792629,3.27e-05,0.029962791,0.023053242,0.013848383,0.17491192,0.101579162,0.046233374,0.094479793,0.087637697,0.23476245,,-0.153841975,0.102040816,98.0,-0.395348837,86.0,-0.019607843,255.0,64.3,90922,150.9697787,-0.601125534,-1.470372292,-1.07106058,-1.061977043,-1.098127367,-1.051133862,-1.10211271,-0.647063414,-1.098127367,complete,COOK,Niles Precinct 5,0,0,1,Niles,1,0,0,147,98,65,125,94,63,0.78448,36.143018742123964,35,0.21032,28.16843453582049,28,0.0046,13.51222633833968,13,0.00028,4.660372919285629,5,0.00018,5.30623865273806,5,8e-05,5.239789690345101,5,6e-05,3.110821045117102,3,COOK:8200005,COOK:8200005,COOK:NILES PRECINCT 5,1.0,89.38594757,0.704647033,0.704647033,0.704647033,0.704647033,6.386170236,0.704647033,0.704647033,23.317919854884067,16.427372766544643,7.891301973308114,2.7702430233756026,3.5191538742893784,3.8975950500765775,2.080485774929417,35.40350042495198,27.607595692568175,13.303320230822916,4.5105563616923,5.053948588292873,5.031773030141546,3.0401426416497177,20.911234911543502,20.0141808010364,11.568765312525116,6.053084718604862,3.225857871724257,0.004306260168684075,0.006506659100883394,1.0,0.3,0.2,1.079081637,1.178117422,1.284987876,1.142493938,1.257506062,1.6,170.5681327,170.5681218,1.310914699,0.327747831,0.983166868,0.007685578,0.001921507,0.005764071,1002.21,98,0.9999999999999987
COOK:8200051,COOK:8200051,COOK:Niles Precinct 51,,,,,,,,,,0.48744393,0.075446027,0.014032532,0.419861243,0.008616097,0.002154412,0.3051,0.5471,0.4529,0.8664,0.0557,0.0,0.0035,0.0581,0.043303995,0.273338052,0.109009095,0.089195033,0.204764751,0.089957584,0.098982931,0.068154938,0.023293621,0.054539501,0.00549017,0.016392237,0.005501338,0.002737289,0.030047665,0.030042761,0.07635825,0.016645427,0.002755256,0.008251732,0.281072972,0.207550032,0.054906558,0.106500634,0.101208178,,0.030689859,0.404255319,94.0,-0.056179775,89.0,0.303643725,247.0,45.1,97346,142.3514252,0.185012232,0.3847333,0.119346536,-0.033611918,0.157303468,0.163870037,0.148398767,-0.39096449,0.157303468,complete,COOK,Niles Precinct 51,0,0,1,Niles,1,0,0,173,115,77,122,92,61,0.35296,27.63040162612573,32,0.60886,31.014234587239542,36,0.0359,17.13173412270226,20,0.0015,8.000595665040505,9,0.00042,4.379378056215582,5,0.00024,5.082692765986368,6,0.00012,3.0530866684250175,4,COOK:8200051,COOK:8200051,COOK:NILES PRECINCT 51,1.0,60.42257536,6.188730945,6.188730945,6.188730945,6.188730945,4.316884957,6.188730945,4.316884957,19.40664631467814,19.795104190900027,11.172111094415564,5.460540220818694,3.26339124310411,3.900107944921094,2.0850404410732013,26.978542142328777,30.217030627461355,16.825531665357435,7.816902755813181,4.277391820474392,4.912513287938454,2.9229246707458936,16.999961371337577,23.381912225391783,14.849574433632567,8.743381916047953,2.970095240538989,0.006819155013200432,0.01106132524466792,1.0,0.3,0.2,1.150057032,1.060955254,1.097528406,1.048764203,1.351235797,1.6,188.5839829,188.5836189,1.450996188,0.363521877,1.087474311,0.007694165,0.001927639,0.005766525,1154.09,115,0.9999999999999999
COOK:8200054,COOK:8200054,COOK:Niles Precinct 54,,,,,,,,,,0.599444062,0.097675452,0.029408518,0.25702637,0.011762734,0.008221429,0.4371,0.6786,0.3214,0.7346,0.0251,0.0,0.035,0.1819,0.08715278,0.130184524,0.031866213,0.218019322,0.11478177,0.161808243,0.089264166,0.078872001,0.088050981,0.055600041,4.53e-05,0.006991564,0.007021099,0.041668903,0.039438736,0.02101546,0.027847509,0.007033822,0.108847977,0.094980069,0.106728865,0.051226425,0.05810933,0.106880684,0.266564198,,-0.04426039,0.362068966,116.0,-0.402298851,87.0,0.285714286,336.0,50.8,95967,149.7810403,-0.134288889,0.125777695,-1.095453566,-0.090651115,-0.394770436,-0.298653969,-0.554130356,-0.142650406,-0.394770436,complete,COOK,Niles Precinct 54,0,0,1,Niles,1,0,0,228,152,101,119,90,60,0.35184,27.566457734246786,42,0.60796,30.87844731091063,47,0.0376,17.247969808860535,26,0.00186,7.995306577105713,12,0.0004,4.412332444525827,7,0.00024,5.101213809733082,8,0.0001,3.0355013081430346,5,COOK:8200054,COOK:8200054,COOK:NILES PRECINCT 54,1.0,79.95004677,2.389655,2.389655,2.389655,2.389655,5.712023232,2.389655,2.389655,19.408492289080815,19.797522226422004,11.173845297326519,5.462225443271223,3.2636820056666274,3.897868969318538,2.0809670148788784,26.98013632399573,30.219033310707324,16.82710714554355,7.818828516449719,4.276744957032393,4.9102048920875525,2.918781824303224,17.00180734574025,23.38433026091376,14.851308636543521,8.745067138500483,2.970386003101506,0.004580179410644748,0.006987899050344906,1.0,0.3,0.2,1.000613991,1.003279076,1.005246522,1.002623261,1.397376739,1.6,122.2929766,121.4451464,2.033852468,1.016920194,1.016932274,0.016630983,0.008315442,0.008315541,699.33,152,1.0000000000000002
COOK:8200055,COOK:8200055,COOK:Niles Precinct 55,,,,,,,,,,0.564017412,0.088228222,0.096909006,0.247045896,0.018873844,0.002521535,0.3016,0.938,0.062,0.7683,0.0268,0.0175,0.0,0.1744,0.22153139,0.145874206,0.062710901,0.114228954,0.078963754,0.203333144,0.091522603,0.063378228,0.018456821,0.018336896,1.03e-05,4.49e-05,6.3e-05,0.015669576,0.018268129,2.7e-05,0.010596084,4.19e-05,0.06521389,0.028855011,0.099273528,0.02882645,0.1304198,0.367715097,0.216638585,,0.023225839,0.308176101,159.0,-0.178294574,129.0,0.510971787,319.0,52.0,161470,137.5964715,0.153214206,-0.205036856,-0.30924894,0.625963996,0.019976787,0.066223101,-0.055117622,-0.3345368,0.019976787,complete,COOK,Niles Precinct 55,0,0,1,Niles,1,0,0,270,180,120,118,89,59,0.35332,27.585656440120367,50,0.609,30.957276835272275,56,0.03506,17.189724403221096,31,0.00176,8.037096136992004,14,0.00038,4.408717983561496,8,0.0003,5.111752437294024,9,0.00018,3.0614180521941528,6,COOK:8200055,COOK:8200055,COOK:NILES PRECINCT 55,1.0,65.90980254,4.934471747,4.934471747,4.934471747,4.934471747,4.708919363,4.934471747,4.708919363,19.40860543253216,19.797670432639833,11.173951590080303,5.465871595837554,3.263699827083759,3.899028799569238,2.0814094874120586,26.978443083982064,30.216643079493352,16.825639288972983,7.8233495416961665,4.276392141899414,4.91125512978868,2.919114704286832,17.001920489191594,23.38447846713159,14.851414929297306,8.748713291066814,2.970403824518638,0.005740009661344358,0.007430371583525067,1.0,0.3,0.2,1.059658303,1.012690301,1.020304482,1.010152241,1.389847759,1.6,230.9754264,229.6442677,3.833561347,1.3441186,2.489442747,0.016597269,0.005819314,0.010777955,1102.66,180,0.9999999999999997
COOK:8200056,COOK:8200056,COOK:Niles Precinct 56,,,,,,,,,,0.639088013,0.072694084,0.021335622,0.260216893,0.004001048,0.001333905,0.3859,0.9688,0.0312,0.8617,0.0051,0.0,0.0,0.1332,0.26569111,0.086335003,0.044933097,0.135491966,0.115631453,0.081204118,0.097620509,0.070844988,0.102247755,0.057627828,5.92e-08,1.86e-05,6.66e-06,0.023919779,0.064645592,0.050576742,0.015482,0.004229413,0.092752198,0.028224493,0.109698537,0.161699487,0.073113816,0.032427455,0.28557738,,-0.107699285,0.354497354,189.0,-0.330357143,224.0,0.172173913,575.0,52.1,108166,284.4056658,-0.404549635,0.07930031,-0.842954353,-0.451858829,-0.448856098,-0.405015627,-0.536443844,-0.548569673,-0.448856098,complete,COOK,Niles Precinct 56,0,0,1,Niles,1,0,0,407,271,181,246,185,123,0.35176,27.620007529528134,75,0.60916,30.951662673901115,84,0.03656,17.200601855562976,47,0.0017,7.991318510546042,22,0.00042,4.418091839973376,12,0.00018,5.098730358794293,14,0.00022,3.12985368038377,8,COOK:8200056,COOK:8200056,COOK:NILES PRECINCT 56,1.0,81.17830595,2.17031966,2.17031966,2.17031966,2.17031966,5.799776088,2.17031966,2.17031966,19.408456119778254,19.79747484837696,11.173811318030976,5.4617787428614735,3.263676308578368,3.897761388076285,2.080966010449775,26.98031422025987,30.219287515413242,16.827258955995532,7.818276625613296,4.276794200815098,4.910110971496812,2.9187944805256336,17.00177117643769,23.384282882868717,14.851274657247979,8.744620438090733,2.9703803060132468,0.004472598168391397,0.006986894621241306,1.0,0.3,0.2,1.005897698,1.020863701,1.033381922,1.016690961,1.383309039,1.6,402.0659114,400.4147071,4.953593811,4.953468663,0.000125148,0.012320353,0.012320041,3.11e-07,2223.46,271,1.0000000000000004
COOK:8200057,COOK:8200057,COOK:Niles Precinct 57,,,,,,,,,,0.624225356,0.076040182,0.012483443,0.283315172,0.005245315,0.001310184,0.3787,0.9578,0.0422,0.7726,0.0655,0.0,0.0242,0.1371,0.116985497,0.145743296,0.066866355,0.150393126,0.11930617,0.153259255,0.110183276,0.062344614,0.074918411,0.015521039,0.020172801,0.02635924,0.031065917,4.59e-05,0.012505906,0.046520584,0.01713642,0.04030534,0.035741467,0.035751527,0.108755993,0.127267716,0.094744926,0.173883744,0.214221469,,0.076680791,0.19205298,151.0,-0.409395973,149.0,0.279850746,536.0,51.0,121631,274.3013892,0.380941615,-0.917843982,-1.120362867,-0.109304884,-0.591772978,-0.441642529,-0.727517045,-0.42916486,-0.591772978,complete,COOK,Niles Precinct 57,0,0,1,Niles,1,0,0,420,280,187,228,171,114,0.75744,34.16929748322607,96,0.22898,26.984793291941756,76,0.0124,14.976004670956433,42,0.0006,6.51627518236739,18,0.00036,5.583988032317338,16,0.00014,5.174678414220595,14,8e-05,3.1553344314954987,9,COOK:8200057,COOK:8200057,COOK:NILES PRECINCT 57,1.0,83.9017126,1.683989631,1.683989631,1.683989631,1.683989631,5.994349609,1.683989631,1.683989631,22.24231445328895,15.834837621127022,8.84965979595015,3.9671341909632645,3.7930808487988497,3.897948985038098,2.08147445682754,33.27994974732231,26.261861269750966,14.62296969676115,6.317785103731134,5.432920863882639,5.013172965113261,3.0221773235580347,19.835629509948387,19.42164565561878,12.527123135167152,7.249975886192524,3.4997848462337284,0.004660195130204731,0.007495340999006557,1.0,0.3,0.2,1.001954723,1.000857594,1.00137215,1.000686075,1.399313925,1.6,540.7430966,537.5522629,5.342340304,2.670778787,2.671561517,0.009879627,0.00493909,0.004940537,2352.44,280,1.0000000000000004
COOK:8200058,COOK:8200058,COOK:Niles Precinct 58,,,,,,,,,,0.553598115,0.065712938,0.032279588,0.34340548,0.01057242,0.001668846,0.3956,0.891,0.109,0.8137,0.0682,0.0,0.0166,0.0842,0.03315017,0.116298401,0.120205062,0.106359327,0.127552969,0.110458216,0.190439896,0.135140398,0.060395561,0.013358816,0.024212571,0.035057115,0.065290759,0.02660412,0.014563866,0.002537818,2.85e-05,0.042339127,0.052149992,0.214070214,0.063012391,0.088377075,0.130673422,0.088488846,0.139235322,,0.08802922,0.20754717,159.0,-0.37254902,153.0,0.3625,480.0,54.9,78883,263.6027435,0.4292879,-0.822734851,-0.991038351,0.153628444,-0.44974684,-0.307714215,-0.586411667,-0.323607,-0.44974684,complete,COOK,Niles Precinct 58,0,0,1,Niles,1,0,0,408,272,181,221,166,111,0.75424,34.12628803206111,93,0.23108,26.921279734066516,73,0.01312,14.99806075607078,41,0.00062,6.538241033643828,18,0.00054,5.5934862597607795,15,0.00018,5.20338753457453,14,0.00022,3.1121594439626126,8,COOK:8200058,COOK:8200058,COOK:NILES PRECINCT 58,1.0,81.19755698,2.166881925,2.166881925,2.166881925,2.166881925,5.801151476,2.166881925,2.166881925,22.24163324066924,15.833945303059071,8.849019829921165,3.9678680741263,3.7929735498424613,3.8992715818106216,2.083242524037153,33.278574348259475,26.260136288920336,14.621764258552734,6.318860660162584,5.433088847116976,5.014481369112766,3.023931197994629,19.834948297328676,19.420753337550828,12.526483169138167,7.250709769355559,3.49967754727734,0.005982791902728295,0.009263408208619648,1.0,0.3,0.2,1.001608299,1.001209794,1.001935671,1.000967836,1.399032164,1.6,464.6805458,463.2038053,3.938237557,1.47688391,2.461353647,0.00847515,0.003178278,0.005296873,2127.56,272,0.9999999999999997
COOK:8200006,COOK:8200006,COOK:Niles Precinct 6,,,,,,,,,,0.676670538,0.075658481,0.013177657,0.230514112,0.002007131,0.001131422,0.4573,0.9927,0.0073,0.7291,0.0394,0.0,0.0169,0.2132,0.159022836,0.121458545,0.065086411,0.113931685,0.088543569,0.09932969,0.177624925,0.132565182,0.042437157,0.009489251,0.001244602,0.015776185,0.007427588,0.026523872,0.017557683,0.009350831,0.021416603,0.001298943,0.044955164,0.125307259,0.054840831,0.127021296,0.063658205,0.124986516,0.349145171,,-0.083361496,0.47311828,186.0,-0.407035176,199.0,-0.168571429,700.0,57.3,139841,324.5255873,-0.300866413,0.807439896,-1.112077001,-1.535877162,-0.616466229,-0.53534517,-0.731812595,-0.431959252,-0.616466229,complete,COOK,Niles Precinct 6,0,0,1,Niles,1,0,0,395,263,175,153,115,77,0.76324,34.65013660055178,91,0.2253,27.25371809600428,72,0.01034,14.580033754700919,38,0.00048,6.0821974241008965,16,0.0004,5.487520990912387,14,0.00012,5.155792445585019,14,0.00012,3.156850745410959,8,COOK:8200006,COOK:8200006,COOK:NILES PRECINCT 6,1.0,84.30431114,1.61209594,1.61209594,1.61209594,1.61209594,6.023113222,1.61209594,1.61209594,22.50879612563561,15.981996494229605,8.613089742377602,3.671149921862307,3.725409771679551,3.8971393379711188,2.0801089732071656,33.80111276989259,26.59257314923846,14.300100116634404,5.874753625728514,5.339844643432422,5.017002071650861,3.0254505935422387,20.102111182295044,19.568804528721362,12.290553081594604,6.9539916170915665,3.4321137691144297,0.0038505480632253625,0.00612985737863221,1.0,0.3,0.2,1.002055651,1.006171241,1.009873986,1.004936993,1.395063007,1.6,450.5790059,448.7821363,5.678326353,5.198590818,0.479735535,0.012602288,0.011537579,0.001064709,1786.31,263,0.9999999983695096
COOK:8200061,COOK:8200061,COOK:Niles Precinct 61,,,,,,,,,,0.484859798,0.102847523,0.060378756,0.34886389,0.012672052,0.000512594,0.352,0.8721,0.1279,0.7416,0.0433,0.0,0.0,0.1921,0.08935831,0.086238383,0.134705137,0.124544612,0.13624719,0.120642925,0.168990897,0.109070792,0.030201753,0.129384835,0.007043513,0.059088387,6.63e-05,0.060486203,0.005673566,0.028171908,0.015577578,0.026726959,0.122435416,0.000150119,0.084563999,0.171540646,0.106969137,0.065093805,0.11702764,,0.018889187,0.340659341,182.0,-0.089655172,145.0,0.380116959,513.0,50.6,88361,292.1324655,0.134739313,-0.005642587,0.001855422,0.209673543,0.071868034,0.085156423,0.055207834,-0.15081372,0.071868034,complete,COOK,Niles Precinct 61,0,0,1,Niles,1,0,0,450,300,200,265,199,133,0.3544,27.63584687774594,83,0.60722,30.980542859138694,93,0.03592,17.174783129636314,52,0.00166,8.03500026257608,24,0.00032,4.4611637398859285,13,0.00034,5.0442229758918575,15,0.00014,3.017354665665918,9,COOK:8200061,COOK:8200061,COOK:NILES PRECINCT 61,1.0,63.89832154,5.394251971,5.394251971,5.394251971,5.394251971,4.565209301,5.394251971,4.565209301,19.407451174803498,19.796158474410415,11.172867221244998,5.463385130137174,3.263518017989059,3.8999042664577885,2.0836766345863857,26.978170497366428,30.21640703219566,16.825286798607685,7.820365048727104,4.276923149777351,4.912216594330664,2.9214678491145927,17.000766231462933,23.38296650890217,14.850330560462,8.746226825366433,2.970222015423938,0.006615476549895071,0.009697518757852493,1.0,0.3,0.2,1.04422211,1.010502898,1.016804637,1.008402318,1.391597682,1.6,200.9131296,200.7648938,3.025491354,1.008229639,2.017261714,0.015058704,0.005018237,0.010040467,1695.32,300,1.0
COOK:8200062,COOK:8200062,COOK:Niles Precinct 62,,,,,,,,,,0.394701973,0.131024205,0.076618691,0.383228909,0.012221721,0.001109655,0.5239,0.7057,0.2943,0.6642,0.0209,0.0,0.0,0.242,0.007254354,0.144346534,0.045490712,0.143248933,0.162408363,0.152313656,0.160414805,0.10889326,0.075629382,0.070709461,0.034223304,0.01825932,0.015991602,2.76e-05,0.038759546,0.022817483,0.022827615,1.93e-05,0.068554935,0.057180407,0.075425039,0.075367048,0.212158121,0.150674838,0.137004337,,0.077698532,0.573033708,89.0,-0.033333333,60.0,0.4921875,256.0,53.5,124946,153.6444401,0.385277369,1.420758143,0.199532408,0.566205258,0.624368799,0.642943295,0.535686621,0.297453049,0.624368799,complete,COOK,Niles Precinct 62,0,0,1,Niles,1,0,0,231,154,103,123,93,62,0.35756,24.917957219892067,38,0.44102,26.114039034554565,40,0.19258,21.566713054243223,33,0.0043,8.564047264988705,13,0.00304,7.763861503318331,12,0.0011,5.03971002111682,8,0.0004,3.0032663338943846,5,COOK:8200062,COOK:8200062,COOK:NILES PRECINCT 62,1.0,40.02717559,10.85066983,10.85066983,10.85066983,10.85066983,2.859737625,10.85066983,2.859737625,18.2734135217449,17.568205595215588,14.815946473103331,6.224490119765737,6.253835634068303,3.9007565002443503,2.0847389238488545,24.15410601903104,25.32238459418513,20.995290835283697,8.293267251146485,7.491332571973081,4.842497194120105,2.851958504379941,15.866728578404334,21.155013629707344,18.493409812320333,9.507331814994997,5.960539631503182,0.007467710336456886,0.010759808020320954,1.0,0.3,0.2,1.026585133,1.000072071,1.000115314,1.000057657,1.399942343,1.6,207.0615884,205.2083596,2.78000405,2.038294488,0.741709563,0.013425977,0.009843904,0.003582072,940.52,154,0.9999999999999993
COOK:8200008,COOK:8200008,COOK:Niles Precinct 8,,,,,,,,,,0.79201388,0.064896297,0.075906973,0.067152701,0.017297506,0.0,0.4327,0.8777,0.1223,0.5629,0.048,0.0057,0.0198,0.3327,0.14135152,0.227654491,0.023839929,0.099689595,0.126512811,0.101193037,0.138391828,0.113074831,0.028291958,0.076155176,0.0,0.0,0.009520541,0.052388143,0.03808674,0.0,0.028602807,0.0,0.028607382,0.033360788,0.023812792,0.114283099,0.061922412,0.209506814,0.323753306,,-0.274448909,0.523809524,84.0,-0.046511628,86.0,0.346303502,257.0,53.8,157938,104.0146113,-1.114932088,1.118601701,0.153279557,0.102102279,0.191584027,0.064762862,0.209287366,-0.20538251,0.191584027,complete,COOK,Niles Precinct 8,0,0,1,Niles,1,0,0,200,133,89,84,63,42,0.35376,27.60175658212208,37,0.60544,30.877053343169734,41,0.03786,17.200573591643213,23,0.00196,8.032775402634899,11,0.00052,4.411539574976694,6,0.00024,5.053971279067823,7,0.00022,3.0896086087076857,4,COOK:8200008,COOK:8200008,COOK:NILES PRECINCT 8,1.0,58.97942164,6.51860408,6.51860408,6.51860408,6.51860408,4.213778981,6.51860408,4.213778981,19.41064478827376,19.80034177771266,11.175867465326695,5.465711230174326,3.2640210494693207,3.8958149596085785,2.0765142881422314,26.981226412572866,30.22028981232836,16.828272643259155,7.82296376196935,4.275856643882004,4.908024740459391,2.914202955648375,17.003959844933195,23.387149812204417,14.853330804543697,8.748552925403585,2.9707250469041995,0.0025261697006849237,0.002535172313698015,1.0,0.3,0.2,1.52666448,1.004726839,1.007562942,1.003781471,1.396218529,1.6,170.9915681,169.7355965,4.126763973,1.973669726,2.153094247,0.024134313,0.011542497,0.012591815,746.66,133,1.0000000000000002
COOK:8200009,COOK:8200009,COOK:Niles Precinct 9,,,,,,,,,,0.858509597,0.051839066,0.012960569,0.074530515,0.003240318,7.73e-10,0.2889,0.9016,0.0984,0.7618,0.1122,0.0,0.0,0.126,0.052289308,0.012145983,0.027084524,0.029885192,0.08122987,0.099920292,0.128849666,0.197002163,0.371593003,0.190303629,0.015024935,0.031723484,0.026714728,0.031718692,0.110176325,0.060097813,0.073455237,0.011688961,0.043404298,0.043412684,0.120201737,0.091815784,0.08681051,0.02171354,0.041737643,,-0.216861514,0.380952381,126.0,-0.510791367,139.0,0.218461538,325.0,74.6,42331,156.9134708,-0.869599751,0.241691155,-1.476237893,-0.304603304,-0.662851262,-0.602187448,-0.837661351,-0.939147483,-0.662851262,complete,COOK,Niles Precinct 9,0,0,1,Niles,1,0,0,207,138,92,123,93,62,0.8088,37.92707465117109,52,0.18916,29.22949768491939,40,0.00184,12.241367421118564,17,2e-05,2.9902588651078474,4,0.00014,4.817725868400345,7,2e-05,5.149240188774411,7,2e-05,3.1313596943073674,4,COOK:8200009,COOK:8200009,COOK:NILES PRECINCT 9,1.0,85.01276934,1.48558362,1.48558362,1.48558362,1.48558362,6.073728948,1.48558362,1.48558362,24.267704878952703,16.95165927925906,7.047615193217789,1.7137970717616842,3.2778476591674592,3.894703302019113,2.076051510768236,37.32045140777375,28.824300723672394,12.115926004695098,2.879534575196365,4.711837562562304,5.045979800407567,3.0528068958120214,21.861019935612138,20.538467313750818,10.725078532434791,4.996638766990944,2.984551656602338,0.0014145121112194834,0.002072394939702449,1.0,0.3,0.2,1.000003369,1.342764709,1.548423535,1.274211767,1.125788233,1.6,94.97731229,94.83208696,0.435675909,0.145225318,0.290450591,0.004587158,0.001529053,0.003058105,1091.12,138,0.9999999910413726
COOK:8300010,COOK:8300010,COOK:Northfield Precinct 10,,,,,,,,,,0.705464466,0.073926782,0.018890516,0.179428415,0.008577236,0.000859997,0.4494,0.8932,0.1068,0.8218,0.0293,0.0,0.0,0.1317,0.117527376,0.112653119,0.027432763,0.128060012,0.106354988,0.168485925,0.183325053,0.082150507,0.074010256,0.040249162,0.009585339,0.017237168,7.83e-05,2.21e-05,0.046011291,3.21e-05,2.86e-05,0.12054511,5.58e-05,0.045950816,0.09186793,0.093891233,0.030787244,0.107291719,0.396366068,,-0.163069375,0.488372093,129.0,-0.1,100.0,0.121281465,437.0,56.0,151705,206.5432996,-0.640435866,0.901073502,-0.034452597,-0.613763747,-0.03629635,-0.096894677,-0.023807934,-0.557437496,-0.03629635,complete,COOK,Northfield Precinct 10,0,0,0,Northfield,1,0,0,332,221,147,175,132,88,0.3544,27.853902613329684,62,0.60886,31.086545861182525,69,0.03448,17.000126677208787,38,0.00138,7.781050179671026,17,0.0003,4.377522303888011,10,0.00036,5.098123506818103,11,0.00022,3.0408152586693293,7,COOK:8300010,COOK:8300010,COOK:NORTHFIELD PRECINCT 10,1.0,68.24675456,4.479560461,4.479560461,4.479560461,4.479560461,4.875882671,4.479560461,4.479560461,19.52497332208478,19.862315742682725,11.071570682514423,5.33325154665508,3.234357366691794,3.8964542353402027,2.0788402741356737,27.185429695393204,30.35931963256342,16.69944720886678,7.64021040189419,4.237452485109741,4.910556310420681,2.9184212358714836,17.118288378744214,23.44912377717448,14.749034021731426,8.61609324188434,2.9410613641266727,0.003165445432309446,0.004861158307140268,1.0,0.3,0.2,1.000000945,1.000004079,1.000006526,1.000003263,1.399996737,1.003778087,323.8008237,323.2062236,1.15609373,0.802160566,0.353933164,0.003570385,0.002477327,0.001093058,1596.58,221,1.0
COOK:8300012,COOK:8300012,COOK:Northfield Precinct 12,,,,,,,,,,0.854216342,0.037090513,0.008951227,0.078015216,0.010864101,0.000642056,0.5273,0.8263,0.1737,0.5398,0.0881,0.0,0.1155,0.2053,0.216607475,0.106153112,0.056140713,0.079477837,0.185115958,0.099986742,0.107777743,0.093837934,0.054902485,0.013572731,0.014796633,0.028376604,0.001265869,0.011109416,2.53e-05,0.013633184,0.028365818,0.035805942,0.034596886,0.028401208,0.104939778,0.055537845,0.092587564,0.140668863,0.396316375,,-0.340978038,0.572016461,243.0,-0.301470588,272.0,-0.020277481,937.0,50.7,163146,373.8582315,-1.398357769,1.414513901,-0.741569043,-1.064107372,-0.381701198,-0.447380071,-0.440538993,-0.034349193,-0.381701198,complete,COOK,Northfield Precinct 12,0,0,0,Northfield,1,0,0,624,416,277,302,227,151,0.3534,27.620947008260345,115,0.60678,30.872790234553104,128,0.0372,17.183062740007017,71,0.00164,8.017325068290045,33,0.00042,4.441106785228765,18,0.00038,5.102549431815935,21,0.00018,3.0005377657735437,12,COOK:8300012,COOK:8300012,COOK:NORTHFIELD PRECINCT 12,1.0,79.63512287,2.445892268,2.445892268,2.445892268,2.445892268,5.689523524,2.445892268,2.445892268,19.410521645581607,19.800180473523675,11.175751778773895,5.462089378957301,3.2640016530547897,3.8946794962485742,2.0761004113926713,26.982894194621196,30.222645575654163,16.829717285834782,7.8184738216094365,4.276209804619437,4.906998242990528,2.913898044789957,17.003836702241042,23.38698850801543,14.853215117990898,8.74493107418656,2.9707056504896685,0.0013907063406808366,0.002121295564137777,1.0,0.3,0.2,1.00036095,1.000009719,1.00001555,1.000007775,1.399992225,1.078151947,456.5389704,455.7694794,3.457300836,1.536608444,1.920692391,0.007572849,0.003365777,0.004207072,2439.82,416,1.0000000000000007
COOK:8300013,COOK:8300013,COOK:Northfield Precinct 13,,,,,,,,,,0.686532359,0.043934632,0.007901563,0.250366131,0.006758821,0.002250785,0.5475,0.9531,0.0469,0.7855,0.075,0.0,0.0,0.1369,0.182032013,0.101202522,0.052438004,0.170088843,0.143497221,0.109537971,0.18383732,0.048890286,0.008475819,2.65e-05,0.016525604,0.016521188,0.005525533,0.066021212,1.74e-05,0.030300528,0.052257232,0.0,0.093598347,0.013898214,0.008489695,0.052356447,0.046910086,0.143134065,0.454417968,,-0.332134283,0.591836735,98.0,-0.032786885,122.0,0.0,466.0,47.9,184077,208.9207764,-1.360681832,1.536178152,0.201450318,-0.999598314,0.000550296,-0.155662919,0.071972943,-0.424835618,0.000550296,complete,COOK,Northfield Precinct 13,0,0,0,Northfield,1,0,0,327,202,145,160,120,80,0.34968,27.54839240664417,56,0.611,30.950690360947984,63,0.0365,17.198305884215177,35,0.00184,7.952050097765843,16,0.00042,4.424977848641218,9,0.00034,5.059600839796441,10,0.00022,3.129535087942619,6,COOK:8300013,COOK:8300013,COOK:NORTHFIELD PRECINCT 13,1.0,66.64105302,4.767324004,4.767324004,4.767324004,4.767324004,4.761163481,4.767324004,4.761163481,19.408567792752006,19.79762112842125,11.17391622934279,5.461116087954774,3.2636938983780777,3.8973460148617995,2.0805702123997722,26.980797202011587,30.219951045872293,16.827691913855656,7.8174427872811885,4.276822668398132,4.909714134253665,2.9184172184469688,17.00188284941144,23.38442916291301,14.851379568559793,8.743957783184033,2.9703978958129564,0.004057224953906025,0.006591096571238962,1.0,0.3,0.2,1.000000033,1.000000047,1.000000075,1.000000037,1.399999963,1.000044202,166.9579569,166.8353799,0.371853182,0.008244036,0.363609147,0.002227226,4.94e-05,0.002177849,897.85,210,0.9621384409408968
COOK:8300019,COOK:8300019,COOK:Northfield Precinct 19,,,,,,,,,,0.837922325,0.03076394,0.014125324,0.112181672,0.002504202,1.04e-06,0.6128,0.7707,0.2293,0.699,0.1099,0.0,0.0,0.191,0.071913135,0.084998666,0.1600132,0.09190951,0.07048311,0.215734101,0.142024814,0.132241481,0.030681983,0.024142243,0.008059423,0.008075123,0.00806854,0.025509657,0.004021219,0.032184409,0.036221078,3.89e-05,0.085826043,0.021496783,0.089922768,0.057723917,0.091272309,0.305807246,0.201630352,,-0.279430206,0.448717949,156.0,-0.03030303,198.0,0.087440382,629.0,53.8,151216,272.5182816,-1.136153281,0.657661543,0.21016809,-0.721422898,-0.112804499,-0.247436636,-0.021283554,-0.417772384,-0.112804499,complete,COOK,Northfield Precinct 19,0,0,0,Northfield,1,0,0,492,328,219,201,151,101,0.3535,27.663333265712076,91,0.60688,30.93479639126535,101,0.03682,17.154516292486775,56,0.00184,8.020891049560468,26,0.00056,4.430059372395272,15,0.00018,5.0663809734086005,17,0.00022,3.0470005965565394,10,COOK:8300019,COOK:8300019,COOK:NORTHFIELD PRECINCT 19,1.0,71.33093902,3.928804843,3.928804843,3.928804843,3.928804843,5.096231926,3.928804843,3.928804843,19.410134318210968,19.79967311473285,11.175387903601699,5.462182927467425,3.2639406444629837,3.895312987018775,2.0770424642306877,26.98233365901025,30.221908195594743,16.829189267581377,7.818625510063334,4.276305968904382,4.907633002549077,2.9148413664163213,17.003449374870403,23.386481149224608,14.852851242818701,8.745024622696684,2.9706446418978625,0.002024197110881389,0.0030633484021544456,1.0,0.3,0.2,1.000247121,1.000039136,1.000062617,1.000031308,1.399968692,1.297602344,192.3042364,191.9805891,1.4564127,0.647294533,0.809118167,0.007573482,0.003365992,0.00420749,1392.42,328,0.9999999999999997
COOK:8300020,COOK:8300020,COOK:Northfield Precinct 20,,,,,,,,,,0.762725885,0.022303758,0.010702401,0.190888623,0.005353317,5.21e-07,0.5562,0.666,0.334,0.6898,0.1975,0.0061,0.0118,0.0947,0.055769516,0.070843672,0.059652095,0.080335498,0.064494252,0.163111308,0.093096979,0.17735452,0.235342159,0.039730212,0.012081451,0.020714731,0.022437447,0.008643562,0.008637102,0.012089601,0.031082207,2.49e-05,0.075983385,0.098391126,0.153626095,0.088040602,0.101886295,0.086390575,0.240240737,,-0.461731679,0.438596491,171.0,-0.11409396,149.0,0.026086957,575.0,66.0,104702,227.9405911,-1.91278932,0.59553225,-0.083919226,-0.916607481,-0.396558935,-0.579445944,-0.297453591,-0.447100049,-0.396558935,complete,COOK,Northfield Precinct 20,0,0,0,Northfield,1,0,0,426,282,189,191,144,96,0.41214,31.149606282894993,88,0.57886,33.30215850518231,94,0.00856,14.65574413351085,41,0.0002,4.805517382745898,14,8e-05,3.6996711675468386,10,0.0001,5.022093450078854,14,6e-05,3.087846371652694,9,COOK:8300020,COOK:8300020,COOK:NORTHFIELD PRECINCT 20,1.0,79.9925803,2.382059611,2.382059611,2.382059611,2.382059611,5.715062035,2.382059611,2.382059611,21.432265600795763,20.912225632553557,9.370281494916574,3.2071079024930285,2.7481941016713987,3.896473334257855,2.0790530638064073,30.62311599926811,32.69573420883412,14.52899178207598,4.6347642564276645,3.579329064006323,4.940421521651709,2.9484801378555927,19.025580657455198,24.499033667045314,13.047744834133576,6.489949597722288,2.4548980991062774,0.0031845443499618127,0.005073947977873732,1.0,0.3,0.2,1.000001084,1.000000016,1.000000025,1.000000013,1.399999987,1.000095255,876.3714705,875.4340342,3.748940317,0.469269294,3.279671024,0.004277798,0.000535468,0.00374233,2282.79,283,0.9959223423391138
COOK:8300021,COOK:8300021,COOK:Northfield Precinct 21,,,,,,,,,,0.877096371,0.025897658,0.00647462,0.072572793,0.012926949,4.69e-06,0.4925,0.8434,0.1566,0.6557,0.1064,0.0,0.0031,0.2083,0.148382856,0.176025644,0.053721728,0.086728138,0.137188113,0.14150737,0.157487495,0.057994372,0.040964285,0.007901354,0.009462338,0.003165083,0.040970973,0.102418435,0.009481958,0.004729433,0.031525971,0.0221785,0.01577461,0.048887874,0.041052062,0.071012154,0.102462073,0.105647832,0.383329348,,-0.271789928,0.339712919,209.0,-0.347639485,233.0,-0.013398295,821.0,52.7,147311,339.6820021,-1.103604365,-0.011452079,-0.903611486,-1.042222514,-0.745223323,-0.765222611,-0.772901098,-0.501522919,-0.745223323,complete,COOK,Northfield Precinct 21,0,0,0,Northfield,1,0,0,582,388,259,274,206,137,0.75712,34.13454203258341,132,0.22874,26.92744869373827,104,0.01236,14.971558896193393,58,0.00072,6.532930104543172,25,0.00064,5.5928446440577995,22,0.0002,5.186414997175132,20,0.00022,3.159367121103652,12,COOK:8300021,COOK:8300021,COOK:NORTHFIELD PRECINCT 21,1.0,86.1303985,1.28600394,1.28600394,1.28600394,1.28600394,6.153577854,1.28600394,1.28600394,22.244703530211023,15.837967064771497,8.85190421718738,3.967936117615852,3.7934571563613524,3.8945463848381774,2.075933166883364,33.28253836293184,26.265678352831266,14.625785715525485,6.31861678142953,5.43193715231338,5.009707468193731,3.016573136894249,19.838018586870458,19.424775099263254,12.529367556404383,7.2507778128451115,3.500161153796231,0.001257594930284042,0.0019540510548305,1.0,0.3,0.2,1.000010689,1.00004006,1.000064096,1.000032048,1.399967952,1.074024491,547.9924196,547.507939,0.968961239,0.726720929,0.24224031,0.001768202,0.001326151,0.00044205,2098.77,388,1.0000000000000009
COOK:8300023,COOK:8300023,COOK:Northfield Precinct 23,,,,,TRUE,,,,,0.913168374,0.017187297,2.36e-05,0.064364199,0.002635285,2.22e-06,0.6516,0.9525,0.0475,0.5468,0.0674,0.0,0.0041,0.3661,0.081282091,0.102144252,0.040622641,0.06704795,0.097710082,0.233713014,0.149272373,0.142633254,0.085574341,0.042721895,0.005695177,0.005734644,0.005722384,0.017093271,0.005733722,3.69e-05,0.005701945,3.59e-05,0.048445428,0.019952337,0.059961926,0.01998087,0.051332456,0.102546352,0.609304867,,-0.392151263,0.552941176,85.0,-0.482758621,116.0,-0.312217195,442.0,57.4,217939,180.6882391,-1.616364624,1.297422671,-1.37784926,-1.99285962,-0.898561172,-0.922412708,-0.989648482,-0.398123681,-0.898561172,complete,COOK,Northfield Precinct 23,0,0,0,Northfield,1,0,0,275,183,122,139,105,70,0.76378,34.67180038622571,63,0.22542,27.236904824999662,50,0.0098,14.581563145065902,27,0.00038,6.058600607474111,11,0.00036,5.54837089467623,10,0.00012,5.142958186109111,9,0.00014,3.203329858018126,6,COOK:8300023,COOK:8300023,COOK:NORTHFIELD PRECINCT 23,1.0,87.80676646,0.986647958,0.986647958,0.986647958,0.986647958,6.273345797,0.986647958,0.986647958,22.522239815453528,15.99082787846018,8.604549146846997,3.658451438331621,3.722760133663239,3.894292696400579,2.075652678326041,33.826143205343406,26.610260547760234,14.288409991810166,5.855470032544436,5.335067376084324,5.014323473998061,3.0211623425788545,20.115554872112963,19.577635912951937,12.282012486064,6.9412931335608805,3.429464131098118,0.001003906492685829,0.001673562497507609,1.0,0.3,0.2,1.000130694,1.00000017,1.000000271,1.000000136,1.399999864,1.001400931,230.8787359,230.3236526,1.321163197,0.547584943,0.773578253,0.005722325,0.002371743,0.003350583,826.91,183,1.0000000000000002
COOK:8300024,COOK:8300024,COOK:Northfield Precinct 24,,,,,,,,,,0.794070342,0.030805856,0.015917978,0.147500183,0.008510317,0.001060749,0.4975,0.6921,0.3079,0.5621,0.1725,0.0,0.0,0.2573,0.160718442,0.172071403,0.048489023,0.092056342,0.124399999,0.171991619,0.118858542,0.03962514,0.071789488,0.004702836,0.009382256,0.018736769,0.084374557,0.185192802,1.78e-05,8.9e-06,5.93e-05,0.009488757,5.66e-05,0.046948893,0.028216698,0.039999808,0.068137111,0.103265527,0.401411333,,-0.194159958,0.517857143,112.0,-0.142857143,112.0,-0.02016129,496.0,52.7,152264,205.9489304,-0.772887167,1.082063761,-0.184871529,-1.063737732,-0.176056603,-0.234858167,-0.166059275,-0.354001386,-0.176056603,complete,COOK,Northfield Precinct 24,0,0,0,Northfield,1,0,0,360,240,160,175,132,88,0.35768,27.68738297436209,66,0.60306,30.9370131010509,74,0.03654,17.18097399632472,41,0.00172,8.000552308460673,19,0.00052,4.407768169370099,11,0.00028,5.0722990295699075,12,0.0002,3.0852726218891346,7,COOK:8300024,COOK:8300024,COOK:NORTHFIELD PRECINCT 24,1.0,73.62488042,3.519166206,3.519166206,3.519166206,3.519166206,5.260122344,3.519166206,3.519166206,19.409733930591013,19.799148648366355,11.175011758962295,5.462090350627169,3.26387757872913,3.8958985420393377,2.0779793039653436,26.98184991213393,30.221280218509236,16.828727031492697,7.818547062044092,4.276422103401748,4.908225496978218,2.915785145559556,17.003048987250448,23.38595668285811,14.852475098179298,8.744932045856428,2.9705815761640086,0.0026097521314443466,0.004000188136810005,1.0,0.3,0.2,1.0000704,1.000045486,1.000072778,1.000036389,1.399963611,1.321050442,249.4046776,249.4046776,0.0,0.0,0.0,0.0,0.0,0.0,1099.55,240,1.0
COOK:8300025,COOK:8300025,COOK:Northfield Precinct 25,,,,,,,,,,0.570538838,0.195103697,0.030029762,0.199004162,0.002665307,1.14e-06,0.3764,0.8356,0.1644,0.7665,0.0861,0.0,0.0,0.1301,0.130585925,0.174208483,0.086762682,0.133347287,0.115770681,0.10445859,0.11721924,0.099507797,0.038139315,0.038449109,4.04e-05,0.010146241,0.042457713,3.84e-05,0.046505427,1.63e-05,0.026302401,0.05662484,0.04253967,0.038428982,0.042583229,0.103215413,0.139583364,0.141668866,0.271399668,,-0.249544506,0.418181818,110.0,-0.285714286,126.0,0.102974828,437.0,48.6,134430,201.7883459,-1.008834991,0.470219356,-0.686267967,-0.672002929,-0.44196493,-0.474221633,-0.484374197,-0.265065697,-0.44196493,complete,COOK,Northfield Precinct 25,0,0,0,Northfield,1,0,0,345,230,153,164,123,82,0.35376,27.64239029452326,64,0.60586,30.93373116693727,71,0.03758,17.221219001315777,40,0.00196,8.025825434920375,18,0.00044,4.424918503607775,10,0.00026,5.108246005539343,12,0.00014,3.0765754951027815,7,COOK:8300025,COOK:8300025,COOK:NORTHFIELD PRECINCT 25,1.0,81.02832719,2.197101989,2.197101989,2.197101989,2.197101989,5.789060871,2.197101989,2.197101989,19.409150056724698,19.798383833996738,11.174463237944275,5.462567362007566,3.2637856117650643,3.8969765018315448,2.0794650349291772,26.980835076641654,30.21993032107965,16.82778269819076,7.819193320982822,4.2765373745384405,4.909295379466597,2.9172627992195608,17.002465113384133,23.385191868488494,14.851926577161278,8.745409057236825,2.970489609199943,0.003687711923651339,0.005485919100643674,1.0,0.3,0.2,1.000000381,1.000002368,1.000003789,1.000001895,1.399998105,1.001498119,320.9546796,318.4686552,3.48109863,0.994418695,2.486679935,0.010846075,0.003098315,0.00774776,1252.3,230,1.0000000000000007
COOK:8300030,COOK:8300030,COOK:Northfield Precinct 30,,,,,,,,,,0.889661019,0.026998243,0.010117714,0.056377688,0.008987366,0.001125379,0.4684,0.8667,0.1333,0.5216,0.1828,0.0,0.0106,0.2828,0.158796272,0.187151351,0.065650093,0.070266686,0.101685139,0.168812751,0.175602668,0.0527786,0.019256442,0.007225405,3.38e-05,0.00240346,0.021541198,0.06451726,9.12e-05,3.96e-05,2.9e-07,0.10275051,0.033483196,0.043116834,0.057390879,0.083755906,0.064585991,0.071802578,0.447261868,,-0.362284761,0.606741573,178.0,-0.402985075,201.0,-0.022364217,626.0,53.8,163276,242.7998212,-1.489128122,1.627669619,-1.097862058,-1.070745937,-0.468390018,-0.507516624,-0.586459105,-0.472402813,-0.468390018,complete,COOK,Northfield Precinct 30,0,0,0,Northfield,1,0,0,450,300,200,193,145,97,0.75494,34.16695396091064,103,0.23086,26.87657042420146,81,0.01296,14.959462507276122,45,0.00046,6.506934867511485,20,0.00046,5.661803094679188,17,0.00016,5.170738863200352,16,0.00016,3.139661958271682,9,COOK:8300030,COOK:8300030,COOK:NORTHFIELD PRECINCT 30,1.0,81.59348399,2.096179594,2.096179594,2.096179594,2.096179594,5.829438442,2.096179594,2.096179594,22.24488712570705,15.83820755588038,8.852076696200731,3.968216244173174,3.7934860747996653,3.8943648963681774,2.0755500171569072,33.282592626216946,26.265827171911873,14.625910747468488,6.318978668683635,5.431836039274075,5.009513854560207,3.016177862004268,19.838202182366484,19.425015590372137,12.529540035417734,7.2510579394024335,3.500190072234544,0.0010761064602840854,0.001570901328373682,1.0,0.3,0.2,1.000026947,1.000011709,1.000018735,1.000009367,1.399990633,1.067732734,402.8270423,402.8267547,0.001978396,0.000531536,0.001446861,4.91e-06,1.32e-06,3.59e-06,1524.66,300,0.9999999999999991
COOK:8300031,COOK:8300031,COOK:Northfield Precinct 31,,,,,,,,,,0.839607617,0.055223063,0.006905356,0.089815647,0.007667029,0.001536561,0.4163,0.9116,0.0884,0.6504,0.1133,0.0,0.0006,0.1607,0.176953146,0.172152292,0.094316125,0.109414007,0.147385541,0.093531795,0.085799555,0.087730615,0.032716924,7.06e-05,1.77e-06,0.001510535,0.014978411,0.011969499,0.007541128,0.112117125,0.003008185,0.073240299,0.028538737,0.040409307,0.163081406,0.006214798,0.079332168,0.101714246,0.356271789,,-0.206013338,0.433070866,127.0,-0.253012048,166.0,-0.087323944,710.0,46.4,136760,289.1606194,-0.823384631,0.561613899,-0.571490467,-1.277403304,-0.50247671,-0.527666126,-0.511241578,-0.366493713,-0.50247671,complete,COOK,Northfield Precinct 31,0,0,0,Northfield,1,0,0,465,310,207,241,181,121,0.75666,34.150132670152836,106,0.22864,26.8440423935576,83,0.01348,14.916066836728287,46,0.00064,6.537893843992062,20,0.00032,5.652912623749148,18,0.00012,5.184231567586142,16,0.00014,3.2191971258980643,10,COOK:8300031,COOK:8300031,COOK:NORTHFIELD PRECINCT 31,1.0,82.28382077,1.972903291,1.972903291,1.972903291,1.972903291,5.878759486,1.972903291,1.972903291,22.244508056928634,15.8377110149911,8.851720579573099,3.9678672624434466,3.793426367032741,3.8948235973091805,2.07638591958934,33.28232871141359,26.265368190109882,14.62555667010933,6.318544313060015,5.43201800738316,5.009989934554006,3.017031143489496,19.83782311358807,19.424519049482857,12.529183918790102,7.250708957672706,3.5001303644676196,0.0015348074012872333,0.002406803760806461,1.0,0.3,0.2,1.000294927,1.000001851,1.000002961,1.000001481,1.399998519,1.015037245,335.7950131,334.6095893,1.39543873,0.239996823,1.155441907,0.004155627,0.000714712,0.003440914,2111.52,310,1.0000000000000004
COOK:8300035,COOK:8300035,COOK:Northfield Precinct 35,,,,,,,,,,0.832084247,0.029302395,0.012684376,0.106413096,0.002931313,0.000976102,0.584,0.9675,0.0325,0.6613,0.0808,0.0,0.008,0.2498,0.092244366,0.175544882,0.073882757,0.080696837,0.178911443,0.1464731,0.157923667,0.061750056,0.032572892,3.06e-05,4.03e-06,1.21e-05,1.09e-05,1.85e-05,0.018584911,5.39e-05,0.00413178,3.97e-05,0.020685354,0.035115501,0.033158522,0.004143675,0.14866407,0.132192026,0.603154497,,-0.316300427,0.352380952,105.0,-0.127819549,133.0,-0.156626506,581.0,50.9,217102,249.0406979,-1.293226846,0.066309043,-0.132092956,-1.497876597,-0.59810845,-0.714221839,-0.481682674,-0.454482695,-0.59810845,complete,COOK,Northfield Precinct 35,0,0,0,Northfield,1,0,0,380,253,169,201,151,101,0.75842,34.13557562805415,86,0.228,26.940174178999154,68,0.01234,14.996059638990037,38,0.00058,6.510447912215815,16,0.0005,5.600565797221186,14,6e-05,5.140156871103853,13,0.0001,3.1345196792844097,8,COOK:8300035,COOK:8300035,COOK:NORTHFIELD PRECINCT 35,1.0,84.00675702,1.665231414,1.665231414,1.665231414,1.665231414,6.001854497,1.665231414,1.665231414,22.244319900267598,15.83746454922786,8.851543815567698,3.9680865299852943,3.7933967301575833,3.8951949734190903,2.076877510388773,33.28193785259882,26.26488078581439,14.625216794660727,6.318863966899355,5.432062470725218,5.010356837897986,3.0175182615230005,19.837634956927033,19.424272583719617,12.5290071547847,7.250928225214554,3.500100727592462,0.0019061835111970475,0.0028983945602396536,1.0,0.3,0.2,1.001567155,1.000000978,1.000001565,1.000000782,1.399999218,1.011902689,484.361179,482.6557564,1.705641471,0.000156031,1.70548544,0.003521425,3.22e-07,0.003521103,1445.71,253,0.9999993189313152
COOK:8300037,COOK:8300037,COOK:Northfield Precinct 37,,,,,TRUE,,,,,0.860257946,0.03065139,0.005413992,0.097357431,0.000904086,1.18e-06,0.5526,0.9204,0.0796,0.634,0.0742,0.0,0.006,0.2629,0.134430091,0.139489655,0.038042803,0.149583593,0.110986625,0.194672842,0.133792315,0.05776073,0.041241348,0.038570256,0.004830571,0.043381889,0.004830571,0.019313121,0.028917674,0.012851915,2.53e-06,0.032126467,0.049841174,0.020904546,0.171907317,0.014490763,0.088382686,0.083645993,0.386002531,,-0.260122417,0.44966443,149.0,-0.28342246,187.0,0.026143791,612.0,52.3,141415,268.3576972,-1.053898735,0.663471397,-0.678224173,-0.916426675,-0.45870209,-0.496269546,-0.495093015,-0.377271539,-0.45870209,complete,COOK,Northfield Precinct 37,0,0,0,Northfield,1,0,0,461,307,205,209,157,105,0.75748,34.1903727483795,105,0.22858,26.975947386351006,83,0.01284,14.937154125353027,46,0.00054,6.515938174552666,20,0.00038,5.611052295518688,17,0.00012,5.109031124758256,16,6e-05,3.201761686363544,10,COOK:8300037,COOK:8300037,COOK:NORTHFIELD PRECINCT 37,1.0,81.38939853,2.132623982,2.132623982,2.132623982,2.132623982,5.814857577,2.132623982,2.132623982,22.24442255963952,15.837599022386108,8.851640259040243,3.967747733023777,3.793412900209564,3.8949121115350964,2.0765664793759706,33.2822962117606,26.265291664197342,14.625493877497828,6.318390679354681,5.432063820910434,5.0100837309512,3.017216985447406,19.837737616298956,19.424407056877865,12.529103598257246,7.250589428253036,3.5001168976444426,0.0016233216272029819,0.0025873635474372857,1.0,0.3,0.2,1.00030615,1.000000083,1.000000134,1.000000067,1.399999933,1.000889136,202.4356112,202.0365923,1.330063148,0.665031574,0.665031574,0.006570302,0.003285151,0.003285151,823.12,307,1.0
COOK:8300038,COOK:8300038,COOK:Northfield Precinct 38,,,,,,,,,,0.761446514,0.067802075,0.027111859,0.124433575,0.010174724,0.00338899,0.4909,0.9397,0.0603,0.6975,0.0603,0.0,0.0061,0.1863,0.117849054,0.148422118,0.071783921,0.118766292,0.115885277,0.116924791,0.19824284,0.076625427,0.035500279,7.79e-05,0.021574992,4.06e-05,0.024245986,0.013455178,0.024292585,0.013509181,0.078069089,0.027055089,0.02154199,0.051201522,0.056661772,0.121236818,0.088897976,0.059333027,0.398806366,,-0.148637322,0.404958678,121.0,-0.064220183,109.0,0.037558685,426.0,53.5,138228,186.9291157,-0.578952805,0.38905078,0.091126512,-0.880112299,-0.177714021,-0.244721953,-0.110544328,-0.31341187,-0.177714021,complete,COOK,Northfield Precinct 38,0,0,0,Northfield,1,0,0,305,203,135,155,117,78,0.35212,27.615936258841035,56,0.60982,30.98885979967887,63,0.03524,17.213639301459107,35,0.00196,7.991818591274905,16,0.0004,4.380392815646574,9,0.00032,5.104992691851066,10,0.00014,3.05611212812766,6,COOK:8300038,COOK:8300038,COOK:NORTHFIELD PRECINCT 38,1.0,73.68197707,3.50897022,3.50897022,3.50897022,3.50897022,5.264201608,3.50897022,3.50897022,19.4099954247485,19.799491178664,11.175257419968458,5.462808979643737,3.263918767117877,3.8957570731470534,2.077496032446139,26.98183311544919,30.221223477941017,16.82873827038315,7.819416308320643,4.276288097698727,4.908059927186171,2.9152777731405886,17.003310481407937,23.386299213155755,14.85272075918546,8.745650674872996,2.970622764552756,0.0024682832391599756,0.003516916617605633,1.0,0.3,0.2,1.000001418,1.000032541,1.000052065,1.000026033,1.399973967,1.010385882,244.5148158,244.1126524,0.804326139,0.60324388,0.201082259,0.003289478,0.002467106,0.000822372,836.19,203,0.9999999999999996
COOK:8300039,COOK:8300039,COOK:Northfield Precinct 39,,,,,,,,,,0.697741653,0.023066854,0.006798363,0.262907237,0.005423397,1.18e-06,0.387,0.6906,0.3094,0.8014,0.0141,0.0,0.0176,0.167,0.108082825,0.104159942,0.056016315,0.083338695,0.206969178,0.040425216,0.158851491,0.149706617,0.09244972,1.69e-05,0.030778955,1.58e-05,0.003864001,3.44e-05,0.034622957,1.69e-05,4.5e-06,0.046149188,0.238344347,4.14e-05,0.073108925,0.130746974,0.084632273,0.119247208,0.238375366,,-0.135391032,0.233333333,60.0,-0.078947368,76.0,0.09352518,278.0,58.3,113959,136.1105485,-0.522521302,-0.664449744,0.039437406,-0.702065238,-0.406203849,-0.462399719,-0.305836424,-0.624845398,-0.406203849,complete,COOK,Northfield Precinct 39,0,0,0,Northfield,1,0,0,200,133,89,110,83,55,0.36516,28.331731582465956,38,0.60392,31.36323278019643,42,0.02906,16.71717383217896,22,0.00118,7.468114545209197,10,0.00026,4.246874357342609,6,0.00026,5.013965036145301,7,0.00016,3.0070860206816366,4,COOK:8300039,COOK:8300039,COOK:NORTHFIELD PRECINCT 39,1.0,80.2196435,2.341511994,2.341511994,2.341511994,2.341511994,5.731284543,2.341511994,2.341511994,19.78991006017296,20.00745091171298,10.833549238562686,5.035861250864092,3.1664429443542392,3.8975200336067926,2.080884779283586,27.655894296087354,30.678629290292037,16.401258314358298,7.227106245138882,4.147597597640965,4.9157537971349194,2.9245974294670445,17.383225116832396,23.594258946204736,14.511012577779688,8.318702946093351,2.873146941789118,0.004231243698899188,0.0069056634550524985,1.0,0.3,0.2,1.000000004,1.000000829,1.000001327,1.000000663,1.399999337,1.000023616,385.6812064,385.1860088,4.449360081,2.965828087,1.483531994,0.011536367,0.007689843,0.003846524,874.21,133,0.9999999999999993
COOK:8300004,COOK:8300004,COOK:Northfield Precinct 4,,,,,,,,,,0.631074769,0.067160069,0.031484466,0.260321577,0.020710951,0.005797496,0.3904,0.7148,0.2852,0.7553,0.0298,0.0,0.0015,0.2003,0.169486905,0.137682775,0.059882113,0.091150067,0.109053737,0.134933284,0.170804599,0.063211877,0.063794644,0.054177653,0.05972788,0.033606027,0.044862845,0.001866496,0.041134158,0.085858827,0.056034573,0.028071096,0.024331385,0.042988701,0.087788917,0.078534394,0.106583959,0.031931274,0.222501813,,-0.072330708,0.404255319,94.0,-0.25,104.0,0.014925373,469.0,54.8,82786,221.4025298,-0.253873334,0.3847333,-0.560918856,-0.952115998,-0.376248275,-0.345543722,-0.419323301,-0.375966459,-0.376248275,complete,COOK,Northfield Precinct 4,0,0,0,Northfield,1,0,0,345,230,153,182,137,91,0.35376,27.617363281011276,64,0.6068,30.977318141028455,71,0.03658,17.153645080882583,39,0.0019,7.949921546465098,18,0.0005,4.422735137810528,10,0.00032,5.142885035962183,12,0.00014,3.0430644445761197,7,COOK:8300004,COOK:8300004,COOK:NORTHFIELD PRECINCT 4,1.0,79.50156431,2.469742374,2.469742374,2.469742374,2.469742374,5.679981446,2.469742374,2.469742374,19.408454933030104,19.79747329385964,11.173810203138975,5.462318404972444,3.263676121651651,3.897960797430426,2.0810742703712166,26.98003982816153,30.218902651326736,16.82701915322093,7.818947472597691,4.276746811765498,4.910294346725496,2.9188867063216177,17.00176998968954,23.384281328351396,14.851273542355978,8.745160100201703,2.97038011908653,0.004672007522532552,0.007095154542683237,1.0,0.3,0.2,1.000000294,1.000019417,1.000031067,1.000015533,1.399984467,1.002166751,659.8488405,658.6188241,4.054703695,1.67777852,2.376925175,0.006144898,0.002542671,0.003602227,2603.35,230,0.9999999999999997
COOK:8300041,COOK:8300041,COOK:Northfield Precinct 41,,,,,,,,,,0.744936846,0.045281757,0.008581798,0.188954058,0.001229398,0.001224624,0.5009,0.9687,0.0313,0.6277,0.1064,0.0,0.0,0.2488,0.152218259,0.141753477,0.022968641,0.061591313,0.177211128,0.107439783,0.174091345,0.121989086,0.040736969,0.026613221,0.01183658,0.026618331,1.39e-05,0.01480954,1.81e-05,1.25e-05,1.97e-05,0.0147714,0.014849916,0.01781305,0.109451705,0.041464491,0.059192703,0.186304182,0.476210723,,-0.437287091,0.605633803,142.0,-0.264705882,136.0,0.065606362,503.0,56.5,193615,201.4911613,-1.808651116,1.620869713,-0.612533194,-0.790883798,-0.278187807,-0.397799599,-0.321134526,-0.440877641,-0.278187807,complete,COOK,Northfield Precinct 41,0,0,0,Northfield,1,0,0,357,238,159,164,123,82,0.36094,27.961900961617154,67,0.60374,31.168379397466104,74,0.03272,16.94103320220912,40,0.0018,7.73999188863009,18,0.00032,4.378053003975416,10,0.00024,5.024409570137018,12,0.00024,3.0693486037578834,7,COOK:8300041,COOK:8300041,COOK:NORTHFIELD PRECINCT 41,1.0,76.87025141,2.939626838,2.939626838,2.939626838,2.939626838,5.491987555,2.939626838,2.939626838,19.582666007456865,19.893994898699965,11.01991871448318,5.268238573486863,3.219608757392924,3.896401848517237,2.0789807174210466,27.287800689310878,30.429013260200506,16.635044749108793,7.55013509934945,4.217965445331213,4.911409985629751,2.9194677411888916,17.1759810641163,23.480802933191722,14.697382053700183,8.551080268716122,2.9263127548278027,0.0031130586093436343,0.005001601592513233,1.0,0.3,0.2,1.000000208,1.000000096,1.000000154,1.000000077,1.399999923,1.000188186,218.7893221,218.5545933,0.938861982,0.117337927,0.821524054,0.004291169,0.000536306,0.003754864,979.3,238,0.9996728861603285
COOK:8300042,COOK:8300042,COOK:Northfield Precinct 42,,,,,,,,,,0.458052553,0.401320317,0.040389796,0.09773935,0.037898949,0.003728212,0.4667,0.7531,0.2469,0.7185,0.0256,0.0,0.0328,0.2211,0.050537573,0.159398832,0.071794968,0.096744946,0.064555355,0.100484252,0.184329655,0.192290984,0.079863435,0.031157145,1.46e-05,0.014024715,0.088713151,0.001564654,0.043586917,0.048248315,0.043588413,1.13e-06,0.07787173,0.034333065,0.127717844,0.121459279,0.076339817,0.104345344,0.187033877,,-0.380172871,0.549295775,142.0,-0.202702703,148.0,-0.055319149,470.0,62.2,97882,207.732038,-1.565334587,1.275045837,-0.394915983,-1.175585963,-0.348155814,-0.465197674,-0.334099475,0.125327365,-0.348155814,complete,COOK,Northfield Precinct 42,0,0,0,Northfield,1,0,0,330,220,147,165,124,83,0.37706,29.09536600070289,64,0.6,31.92204861320882,70,0.02152,16.14042085054791,36,0.00076,6.732061867902911,15,0.00032,4.1057873864001175,9,0.00024,5.043839106047816,11,0.0001,3.0668292636604986,7,COOK:8300042,COOK:8300042,COOK:NORTHFIELD PRECINCT 42,1.0,78.79286924,2.596296995,2.596296995,2.596296995,2.596296995,5.629348797,2.596296995,2.596296995,20.242627729340267,20.258104335316684,10.433214238011512,4.536102888351208,3.0518313924939604,3.895599662608485,2.076940123669613,28.461728470250122,31.22683600941643,15.894361985090981,6.526890928328842,3.992766490267477,4.920716869524588,2.927536217241048,17.835942785999702,23.84491236980844,14.110677577228515,7.818944583580468,2.758535389928839,0.0023108727005916037,0.002961007841079226,1.0,0.3,0.2,1.000012401,1.000000156,1.00000025,1.000000125,1.399999875,1.001098325,532.2333135,530.3640773,5.222285474,3.737846662,1.484438812,0.009812023,0.007022948,0.002789075,2557.64,220,1.0
COOK:8300044,COOK:8300044,COOK:Northfield Precinct 44,,,,,,,,,,0.824696212,0.064578905,0.0081,0.086474402,0.010759794,0.005374087,0.4511,0.8991,0.1009,0.8243,0.0273,0.0,0.0,0.131,0.118031814,0.114334885,0.030478364,0.129390949,0.100019602,0.161987711,0.190307181,0.080105711,0.075343783,0.038863494,0.008999044,0.023864659,7.77e-05,5.21e-05,0.041890721,7.77e-05,0.0,0.116259556,2.16e-05,0.038790857,0.092453634,0.09257285,0.035845431,0.107395476,0.402835116,,-0.240156578,0.479674797,123.0,0.008,125.0,0.140186916,428.0,56.3,154763,172.9614394,-0.968840782,0.847686248,0.34460311,-0.553619548,0.048801646,-0.082542743,0.134230817,-0.699001554,0.048801646,complete,COOK,Northfield Precinct 44,0,0,0,Northfield,1,0,0,320,213,142,140,105,70,0.35562,27.85128864507393,59,0.60864,31.173280033008144,66,0.03332,16.97474654984646,36,0.00144,7.794143382588822,17,0.0003,4.366643520638702,9,0.0004,5.105597365565086,11,0.00028,3.052532185024734,7,COOK:8300044,COOK:8300044,COOK:NORTHFIELD PRECINCT 44,1.0,64.80257779,5.187558921,5.187558921,5.187558921,5.187558921,4.6298138,5.187558921,4.6298138,19.560707497047826,19.88278843908922,11.041630337769478,5.294523838752894,3.22568438798638,3.894794787674187,2.076311478283195,27.248175430451916,30.402863440679788,16.66210010060906,7.586426928039244,4.225435065983254,4.90942021354594,2.9164157908102792,17.15402255370726,23.469596473580978,14.71909367698648,8.577365533982153,2.932388385421259,0.0015059977662933834,0.0023323624546613196,1.0,0.3,0.2,1.000003831,1.000010942,1.000017507,1.000008753,1.399991247,1.017707005,223.2974534,222.9304267,0.735333782,0.550631463,0.184702319,0.003293068,0.00246591,0.000827158,1111.64,213,0.9999999999999997
COOK:8300045,COOK:8300045,COOK:Northfield Precinct 45,,,,,,,,,,0.749221375,0.05583891,0.006823314,0.186723413,0.001366329,5.3e-07,0.4582,0.7526,0.2474,0.6433,0.1357,0.0,0.0,0.2115,0.11655254,0.178794127,0.060546462,0.088573765,0.186941753,0.120209962,0.148096216,0.071349833,0.028935344,0.011322951,0.014153526,0.008492376,0.011322691,0.008496186,1.87e-05,0.082097033,0.01133464,4.43e-05,0.062291739,0.051037468,0.118906645,0.002857816,0.082128214,0.053911043,0.481584641,,-0.478847222,,,-0.379310345,145.0,,,48.9,182921,178.6079468,-1.985704515,,-1.014769081,,,,,-0.430872758,-0.430872758,demographic_only,COOK,Northfield Precinct 45,0,0,0,Northfield,1,0,0,282,188,125,138,104,69,0.3553,27.664068957218813,52,0.60614,30.940557577213777,58,0.03656,17.22386283887313,32,0.0014,8.029943198725903,15,0.0002,4.381476257617551,8,0.0002,5.037096600841022,9,0.0002,3.000687183736084,6,COOK:8300045,COOK:8300045,COOK:NORTHFIELD PRECINCT 45,1.0,80.78299494,2.240911988,2.240911988,2.240911988,2.240911988,5.771533132,2.240911988,2.240911988,19.409289277199292,19.798566198417646,11.174594028789453,5.46139746105984,3.2638075406184055,3.896332803704646,2.078904439350652,26.981610995359297,30.22100139119506,16.82847427175828,7.817726531486993,4.276603236608012,4.9086850107052475,2.9167355330065856,17.002604333858727,23.385374232909403,14.852057368006456,8.7442391562891,2.9705115380532843,0.0030440137967528503,0.004925323522118615,1.0,0.3,0.2,1.00000001,1.000000036,1.000000058,1.000000029,1.399999971,1.000018582,192.6704818,192.5274775,0.429110422,0.000195128,0.428915294,0.002227173,1.01e-06,0.00222616,1501.29,188,0.9992267608674843
COOK:8300048,COOK:8300048,COOK:Northfield Precinct 48,,,,,,,,,,0.693011289,0.015596377,0.007266496,0.271676658,0.005187854,1.26e-06,0.5111,0.9529,0.0471,0.7042,0.0741,0.0,0.0,0.1939,0.157798026,0.145539397,0.015751202,0.054999345,0.184777963,0.122023632,0.154344706,0.125515734,0.039249994,0.024694449,0.009899044,0.03455486,2.18e-06,0.019766692,0.0,1.11e-05,2.15e-05,0.012338461,0.022276174,2.49e-05,0.133259655,0.049416941,0.027245429,0.172800601,0.493687971,,-0.396274694,0.339805825,103.0,-0.438596491,114.0,-0.012096774,496.0,55.8,198174,208.6235918,-1.633931159,-0.010881787,-1.222850117,-1.038081965,-0.935328153,-0.976436257,-0.984610925,-0.454368665,-0.935328153,complete,COOK,Northfield Precinct 48,0,0,0,Northfield,1,0,0,332,221,147,180,135,90,0.76146,34.36424626883129,76,0.22512,26.9518331935545,60,0.01234,14.83973950325129,33,0.0005,6.380862758809061,14,0.00032,5.515643274921185,12,0.00016,5.229089868022012,12,0.0001,3.17300144724193,7,COOK:8300048,COOK:8300048,COOK:NORTHFIELD PRECINCT 48,1.0,88.14283872,0.926634139,0.926634139,0.926634139,0.926634139,6.297356447,0.926634139,0.926634139,22.334927469303725,15.885923421674224,8.767302916131543,3.8638567835168836,3.769531070793807,3.8976658728895566,2.0811176316479445,33.46100187426716,26.376752175077954,14.510914055445301,6.163538984418236,5.400674402803168,5.014512416346976,3.0234430617606955,19.92824252596316,19.47273145616598,12.444766255348545,7.146698478746143,3.4762350682286858,0.004377082981663035,0.007138515819411052,1.0,0.3,0.2,1.000000172,1.000000272,1.000000435,1.000000217,1.399999783,1.00030731,248.8502878,248.5833365,1.067680848,0.133413433,0.934267414,0.004290455,0.000536119,0.003754335,1356.37,221,0.9999999999999989
COOK:8300005,COOK:8300005,COOK:Northfield Precinct 5,,,,,,,,,,0.696198299,0.038055036,0.011043536,0.236364318,0.008560564,0.001221762,0.3772,0.8349,0.1651,0.7669,0.0858,0.0,0.0,0.1301,0.12592885,0.172136173,0.089532687,0.13292343,0.117118835,0.107337918,0.120115179,0.095479053,0.039427875,0.033798618,3.41e-05,0.005674865,0.047877624,3.7e-05,0.050666936,0.000161353,0.028232738,0.050655518,0.047910073,0.042254798,0.045115373,0.098578473,0.135137894,0.140767532,0.273097148,,-0.136895762,0.580246914,81.0,-0.24137931,87.0,0.069767442,387.0,48.6,134065,184.2544543,-0.528931714,1.465035498,-0.530662174,-0.777646091,-0.093224166,-0.09305112,-0.180746377,-0.532205569,-0.093224166,complete,COOK,Northfield Precinct 5,0,0,0,Northfield,1,0,0,236,157,105,136,102,68,0.34972,27.600751456228224,43,0.61198,30.999936049584008,49,0.0353,17.21075033607914,27,0.00204,8.011707624774285,13,0.00056,4.423421934242845,7,0.00016,5.046989982933347,8,0.00024,2.994910957017561,5,COOK:8300005,COOK:8300005,COOK:NORTHFIELD PRECINCT 5,1.0,70.57442611,4.063898492,4.063898492,4.063898492,4.063898492,5.042182935,4.063898492,4.063898492,19.4087265240355,19.797829049983644,11.174065349641264,5.461357865205351,3.263718900412057,3.897188954430904,2.080238871897777,26.98088530720142,30.220054533243896,16.827784605093832,7.817728782254005,4.276758489359962,4.909548224422078,2.9180770285442836,17.002041580694936,23.3846370844754,14.851528688858266,8.74419956043461,2.9704228978469356,0.0039001645230105526,0.0062597560692436984,1.0,0.3,0.2,1.000000183,1.00000527,1.000008433,1.000004216,1.399995784,1.001082717,296.4756481,294.1943932,3.196638647,0.911781509,2.284857138,0.010782129,0.003075401,0.007706728,1151.81,157,0.9999999999999997
COOK:8300052,COOK:8300052,COOK:Northfield Precinct 52,,,,,,,,,,0.875860308,0.034022258,0.008710947,0.071651705,0.006540303,0.006502374,0.5716,0.8355,0.1645,0.594,0.2151,0.0,0.0,0.1889,0.076418456,0.075348498,0.027180237,0.039529994,0.11094645,0.141748363,0.192323138,0.203402666,0.133102199,0.024738325,4.17e-06,0.043901785,0.065932281,0.002746543,0.046700617,0.022003852,0.00827983,1.5e-06,0.137262333,0.019279516,0.07972452,0.115410997,0.063207627,0.016607079,0.354199025,,-0.417288024,0.680473373,169.0,-0.274725275,182.0,-0.001841621,543.0,64.5,110706,205.3545612,-1.723451606,2.080262969,-0.64769901,-1.005457091,-0.216510925,-0.324086184,-0.28123349,-0.468120205,-0.216510925,complete,COOK,Northfield Precinct 52,0,0,0,Northfield,1,0,0,383,255,170,164,123,82,0.38842,29.490061751923303,75,0.59272,32.24504125731791,82,0.01792,15.897128629865573,41,0.00052,6.327670620786484,16,0.00016,4.012743582156185,10,8e-05,4.99278675017181,13,0.00018,3.032675749001429,8,COOK:8300052,COOK:8300052,COOK:NORTHFIELD PRECINCT 52,1.0,74.97587164,3.277914097,3.277914097,3.277914097,3.277914097,5.356643778,3.277914097,3.277914097,20.50880656557209,20.40486652443387,10.196359684680399,4.238253218119306,2.984112615144017,3.8945756057526384,2.0759324764589193,28.941056760610827,31.553411866032114,15.593524529440256,6.106973152217781,3.9012651992782663,4.923884852589316,2.930720609950928,18.102121622231525,23.991674558925627,13.873823023897401,7.521094913348565,2.690816612578896,0.001286815844744955,0.001953360630385817,1.0,0.3,0.2,1.000046307,1.000001889,1.000003022,1.000001511,1.399998489,1.013435289,274.0308995,273.060402,2.699115413,1.94099505,0.758120364,0.009849675,0.007083125,0.002766551,803.68,255,0.9999999999999997
COOK:8300056,COOK:8300056,COOK:Northfield Precinct 56,,,,,,,,,,0.807809316,0.039024912,0.006489915,0.130863025,0.00146022,0.002159473,0.6549,0.8265,0.1735,0.7243,0.0332,0.0,0.0,0.2377,0.050589559,0.106523409,0.03874472,0.065634592,0.109169878,0.139351666,0.197921742,0.185571135,0.106493298,0.056246107,2.95e-06,2.54e-05,0.009798686,0.006495127,0.057321764,0.008678761,0.016239832,0.0,0.090896324,0.044345746,0.129815519,0.219506619,0.082225419,0.037939511,0.240462262,,-0.281759184,0.507853403,191.0,-0.076190476,210.0,0.069900143,701.0,62.6,109127,291.2409116,-1.146075133,1.020657066,0.049113477,-0.777223927,-0.093863268,-0.213382129,-0.041364147,-0.390788428,-0.093863268,complete,COOK,Northfield Precinct 56,0,0,0,Northfield,1,0,0,456,304,203,235,177,118,0.37822,29.146441882021012,89,0.60066,31.939540460352234,97,0.02004,16.160167283299387,49,0.00064,6.665597106016627,20,0.00022,4.1425403171972075,13,0.00016,5.009170766519709,15,6e-05,3.0349609642171145,9,COOK:8300056,COOK:8300056,COOK:NORTHFIELD PRECINCT 56,1.0,70.59947145,4.059426042,4.059426042,4.059426042,4.059426042,5.043972297,4.059426042,4.059426042,20.288492761548806,20.283068947959563,10.391621053122885,4.482591262350828,3.039986965888764,3.8954554355172233,2.077448734227655,28.54526143459097,31.28402130538351,15.842347313487055,6.451870763208423,3.977151057850966,4.921356455116402,2.9288286404821653,17.88180781820824,23.86987698245132,14.069084392339887,7.765432957580088,2.7466909633236427,0.0021666456093298336,0.0034696183991215026,1.0,0.3,0.2,1.000079638,1.000000594,1.00000095,1.000000475,1.399999525,1.004345129,292.6914954,291.6340172,2.908152111,2.114906697,0.793245414,0.009935895,0.00722572,0.002710176,1040.18,304,0.9999999999999999
COOK:8300057,COOK:8300057,COOK:Northfield Precinct 57,,,,,,,,,,0.724275873,0.027575487,0.013132299,0.220591023,0.011803025,1.01e-06,0.5817,0.8335,0.1665,0.8073,0.0468,0.0,0.0006,0.1388,0.154225972,0.069644172,0.088664772,0.14109468,0.122032292,0.091765088,0.168339333,0.096746378,0.067487313,0.030203347,0.040271887,0.02769602,0.002524699,0.0402933,0.0,0.012636628,0.025188984,2.56e-06,0.103232112,0.012611858,0.07053966,0.110735681,0.110771655,0.100765064,0.312526542,,-0.282255217,0.452631579,95.0,-0.097560976,82.0,0.104859335,391.0,52.9,130431,170.2867779,-1.14818832,0.681684867,-0.025892171,-0.666007718,-0.177371221,-0.289600836,-0.124629488,-0.411426096,-0.177371221,complete,COOK,Northfield Precinct 57,0,0,0,Northfield,1,0,0,248,165,110,135,102,68,0.35468,27.696334039440313,46,0.60606,30.982044054559214,51,0.03676,17.149071437012452,28,0.00182,8.116080105391582,13,0.00018,4.418398944254471,7,0.0003,5.050904441954659,8,0.0002,2.9752079880473548,5,COOK:8300057,COOK:8300057,COOK:NORTHFIELD PRECINCT 57,1.0,73.67018029,3.51107682,3.51107682,3.51107682,3.51107682,5.263358789,3.51107682,3.51107682,19.408905337690584,19.798063277375515,11.17423333634829,5.461553009999313,3.2637470656544836,3.896983751747334,2.079850524661342,26.98102359850685,30.22022589186708,16.827923124572834,7.817954977793426,4.276693019706694,4.909335349051625,2.9176810086209652,17.00222039435002,23.384871311867272,14.851696675565293,8.744394705228572,2.9704510630893624,0.0036949618394402006,0.005871408832808429,1.0,0.3,0.2,1.000000069,1.000000478,1.000000765,1.000000383,1.399999617,1.000218187,413.0270735,412.7204143,0.920080532,5.16e-05,0.920028978,0.002227652,1.25e-07,0.002227527,1250.59,165,1.000000000000001
COOK:8300006,COOK:8300006,COOK:Northfield Precinct 6,,,,,,,,,,0.876005338,0.035414861,0.009376683,0.070857544,0.006251287,0.001041197,0.6007,0.9451,0.0549,0.5699,0.1068,0.0,0.0056,0.3153,0.178279413,0.106623606,0.017993783,0.094324568,0.176403618,0.135842523,0.158453725,0.052874225,0.07920454,1.32e-05,1.13e-05,2.03e-05,0.057525607,1.18e-05,7.13e-06,0.002629284,0.002641284,2.39e-05,0.020962544,0.06801698,0.007940951,0.115095185,0.089028701,0.162303541,0.473768357,,-0.420692987,0.44,100.0,-0.474285714,175.0,-0.248201439,556.0,53.9,191919,243.0970058,-1.737957341,0.604147513,-1.348111262,-1.789205323,-1.028796995,-1.067781603,-1.084862927,-0.382546407,-1.028796995,complete,COOK,Northfield Precinct 6,0,0,0,Northfield,1,0,0,386,257,171,197,148,99,0.75334,34.122258875824244,88,0.23318,26.912609271322697,69,0.01224,14.943004202574084,38,0.00064,6.526219383473106,17,0.00032,5.587316606415473,14,0.00016,5.174230072104493,13,0.00012,3.2040442852124102,8,COOK:8300006,COOK:8300006,COOK:NORTHFIELD PRECINCT 6,1.0,88.90145899,0.791164168,0.791164168,0.791164168,0.791164168,6.351555998,0.791164168,0.791164168,22.244722975098288,15.837992535562456,8.85192248471051,3.968099723601643,3.793460219158561,3.8945761983180986,2.075918753174681,33.2824554326177,26.265605532320983,14.625742950684813,6.318837764492799,5.431910793695962,5.009731527397656,3.0165529689095703,19.838038031757723,19.424800570054213,12.529385823927512,7.2509414188309025,3.50016421659344,0.0012874084102051328,0.0019396373461475767,1.0,0.3,0.2,1.002758183,1.000014829,1.000023727,1.000011863,1.399988137,1.197541205,539.2159017,538.307787,4.084210509,1.814911939,2.269298571,0.007574351,0.003365835,0.004208516,1105.21,257,1.0000000000000002
COOK:8300007,COOK:8300007,COOK:Northfield Precinct 7,,,,,,,,,,0.74973343,0.04899809,0.012080887,0.181135808,0.008051029,0.002011903,0.5567,0.6145,0.3855,0.6865,0.1349,0.0,0.0,0.1786,0.086216626,0.220418138,0.031256335,0.052084494,0.209392271,0.115238238,0.089708749,0.064316822,0.131368327,0.017413997,0.018825199,1.55e-05,0.018845642,2.67e-05,0.040571589,0.018840974,5.03e-06,1.27e-05,0.037611592,0.134487409,0.024626917,0.091194429,0.069452352,0.115731956,0.412338031,,-0.410027744,0.45631068,206.0,-0.27753304,227.0,-0.032904149,699.0,52.5,162127,321.5537412,-1.692521548,0.704268564,-0.657553634,-1.104276783,-0.584024059,-0.68752085,-0.578030615,-0.379156023,-0.584024059,complete,COOK,Northfield Precinct 7,0,0,0,Northfield,1,0,0,572,381,254,248,186,124,0.75286,34.1697711022216,130,0.23344,26.94812847806733,103,0.01252,14.980780955582851,57,0.00076,6.491412966307442,25,0.00022,5.589765065870105,21,8e-05,5.101778230052078,19,0.00012,3.1076019526685283,12,COOK:8300007,COOK:8300007,COOK:NORTHFIELD PRECINCT 7,1.0,83.77155853,1.707231784,1.707231784,1.707231784,1.707231784,5.985050764,1.707231784,1.707231784,22.24347280768166,15.83635494556259,8.850748013401509,3.9676566601551384,3.7932633031660608,3.8963481500299135,2.0788138486139904,33.28111636527496,26.26362362504623,14.624279184197885,6.318370616310408,5.4324282502902586,5.011537171880179,3.0194817571195873,19.836787864341094,19.423162980054347,12.528211352618511,7.250498355384398,3.4999673006009395,0.003059360122020223,0.004834732785456942,1.0,0.3,0.2,1.000010159,1.0000014,1.000002239,1.00000112,1.39999888,1.007816444,369.8571509,369.5933441,2.374261311,0.527613625,1.846647687,0.006419401,0.001426534,0.004992867,1848.06,381,1.0000000000000007
COOK:8300008,COOK:8300008,COOK:Northfield Precinct 8,,,,,TRUE,,,,,0.847813171,0.024854514,0.012908922,0.09881168,0.008818463,0.001724891,0.624,0.9138,0.0862,0.5658,0.0595,0.0,0.0142,0.3511,0.090379715,0.085806816,0.025232726,0.085804675,0.082689649,0.256436189,0.130746085,0.149572211,0.093331934,0.050823298,0.005697431,0.014487201,0.007517991,0.020308006,0.005439759,0.003632318,0.003212747,0.011322282,0.066534776,0.013097694,0.086798111,0.018670229,0.048313785,0.084728333,0.55941604,,-0.416651194,0.579545455,176.0,-0.346153846,156.0,-0.150066401,753.0,57.4,210621,318.5818952,-1.720738599,1.46072968,-0.898397227,-1.477006836,-0.576619108,-0.658853245,-0.624527905,-0.344986439,-0.576619108,complete,COOK,Northfield Precinct 8,0,0,0,Northfield,1,0,0,546,183,243,201,151,101,0.76294,34.69537927294725,63,0.22598,27.245223169977713,50,0.0098,14.599569278878466,27,0.00058,6.07378919327579,11,0.00042,5.493533130535382,10,0.00014,5.1755466562866355,9,0.00014,3.1662848408750706,6,COOK:8300008,COOK:8300008,COOK:NORTHFIELD PRECINCT 8,1.0,83.64543906,1.729753461,1.729753461,1.729753461,1.729753461,5.976040171,1.729753461,1.729753461,22.521849302248395,15.990316346555701,8.604182278738682,3.6589539567074105,3.722698623265231,3.895080842191874,2.076682226601263,33.82529572354776,26.60921340477202,14.287685692377508,5.856203975973973,5.335156389844329,5.015100756269589,3.0221810273343097,20.11516435890783,19.577124381047458,12.281645617955684,6.94179565193667,3.4294026207001096,0.0017920522839806603,0.002703110772729549,1.0,0.3,0.2,1.000008033,1.000000005,1.000000008,1.000000004,1.399999996,1.000037541,813.6180494,812.4474845,3.902883381,1.951545182,1.951338199,0.004796948,0.002398601,0.002398347,2080.83,258,0.7101565463546925
COOK:8300009,COOK:8300009,COOK:Northfield Precinct 9,,,,,TRUE,,,,,0.860155124,0.029654297,0.012712583,0.081941845,0.00283268,0.001413078,0.5585,0.9313,0.0687,0.6186,0.0584,0.0,0.004,0.2885,0.159669384,0.14043894,0.031746104,0.112567394,0.13755172,0.173369406,0.118395874,0.079988816,0.046272364,0.018569961,0.013217477,0.031724627,0.013220208,0.044941652,0.015859695,0.007931188,0.0,0.015859746,0.052922273,0.02643786,0.08995366,0.037007858,0.05818198,0.126929872,0.447241944,,-0.413110123,0.641025641,78.0,-0.440860215,93.0,-0.131313131,396.0,52.8,179218,162.8571628,-1.70565302,1.838118044,-1.230795279,-1.417346773,-0.581433483,-0.628919257,-0.701808687,-0.382192987,-0.581433483,complete,COOK,Northfield Precinct 9,0,0,0,Northfield,1,0,0,278,185,123,134,101,67,0.75434,34.19168365382231,63,0.23078,26.88845339601404,50,0.0134,14.929513210172157,28,0.00048,6.485247406142604,12,0.0006,5.604615139625333,10,0.00026,5.182067216764651,10,0.00014,3.173182112726862,6,COOK:8300009,COOK:8300009,COOK:NORTHFIELD PRECINCT 9,1.0,83.72763128,1.715076055,1.715076055,1.715076055,1.715076055,5.981912386,1.715076055,1.715076055,22.244597318133412,15.837827937936282,8.851804436121126,3.9682182910285952,3.7934404267166655,3.8948140129888627,2.0762416090150797,33.28221285518793,26.265298459112202,14.625527624254364,6.3190132354467154,5.431943743345619,5.009967285045558,3.016873767727107,19.837912374792847,19.42463597242804,12.529267775338129,7.251059986257855,3.5001444241515443,0.0015252230809693075,0.002262493186546165,1.0,0.3,0.2,1.000081117,1.000000015,1.000000025,1.000000012,1.399999988,1.000153329,226.0607415,225.6151553,1.485287395,0.742643697,0.742643697,0.006570302,0.003285151,0.003285151,1002.51,185,1.0000000000000009
COOK:9600011,COOK:9600011,COOK:Wheeling Precinct 11,,,,,,,,,,0.647542884,0.050614126,0.018970813,0.267932746,0.007474815,0.004022085,0.4003,0.8582,0.1418,0.7294,0.0708,0.0,0.0,0.1885,0.062236284,0.105215244,0.103238503,0.059866712,0.060778303,0.210806894,0.199869708,0.118609556,0.079378798,5.79e-05,0.011592845,0.024596618,0.01303608,0.044861735,0.021690835,0.036164629,0.018811818,1.39e-05,4.03e-05,0.069463985,0.040537493,0.138919991,0.22706202,0.16497863,0.188171276,,-0.10244668,0.223300971,103.0,-0.537313433,134.0,0.022375215,581.0,57.8,133831,296.8874191,-0.382172622,-0.726032132,-1.569324379,-0.928415703,-1.020201385,-0.901486209,-1.153769018,-0.494429924,-1.020201385,complete,COOK,Wheeling Precinct 11,0,0,0,Wheeling,1,0,0,372,47,165,249,187,125,0.76596,34.719009674337684,16,0.2231,27.300404176352473,13,0.00998,14.48528240726818,7,0.0003,5.9357955563438525,3,0.00036,5.5016126454308365,3,0.00012,5.202976471739562,2,0.00018,3.2136113893842952,2,COOK:9600011,COOK:9600011,COOK:WHEELING PRECINCT 11,1.0,88.83700166,0.802674582,0.802674582,0.802674582,0.802674582,6.34695085,0.802674582,0.802674582,22.566172602652248,16.01326145000945,8.56114071201999,3.6068455722997275,3.710611355865712,3.8978355946541208,2.081142012616665,33.91405833922939,26.66368592873691,14.228912231703731,5.778217224203984,5.319743068959393,5.018717436334101,3.0275027409519764,20.159487659311683,19.600069484501205,12.238604051236992,6.889687267528987,3.417315353300591,0.004546804746227252,0.0071628967881316105,1.0,0.3,0.2,1.0,1.000000205,1.000000327,1.000000164,1.399999836,1.000001631,515.5162651,513.2158398,4.141370089,1.841952386,2.299417703,0.008033442,0.003573025,0.004460417,1888.45,108,0.4335509826648881
COOK:9600012,COOK:9600012,COOK:Wheeling Precinct 12,,,,,,,,,,0.720900547,0.071912188,0.016634886,0.176166252,0.002250158,0.00497957,0.3541,0.9422,0.0578,0.8192,0.0132,0.0,0.0047,0.1629,0.082218038,0.111410223,0.088905564,0.169072462,0.095253325,0.140165605,0.165804637,0.076171561,0.070998584,0.016110289,0.004302247,0.006444167,0.003232991,0.012950506,0.012871315,0.011852008,0.010762893,0.02679323,0.046121049,0.07392123,0.122063544,0.136961036,0.179721407,0.248142952,0.087749138,,-0.237947613,0.2,145.0,-0.406896552,145.0,-0.096045198,708.0,52.5,127172,335.5214176,-0.959430207,-0.869062202,-1.111590462,-1.305148362,-1.076523834,-1.061307808,-1.086580364,-0.647586826,-1.076523834,complete,COOK,Wheeling Precinct 12,0,0,0,Wheeling,1,0,0,416,277,185,259,195,130,0.75676,34.14572682808122,95,0.2292,26.867852446460628,74,0.01262,14.906242600952782,41,0.0005,6.558324536795765,18,0.00046,5.595310587686198,15,0.00016,5.188132845776214,14,0.0003,3.20504724802966,9,COOK:9600012,COOK:9600012,COOK:WHEELING PRECINCT 12,1.0,89.24149731,0.730442115,0.730442115,0.730442115,0.730442115,6.375850002,0.730442115,0.730442115,22.243529144957574,15.836428741566571,8.850800939524287,3.9679255206639024,3.7932721769460467,3.8963594208053443,2.0787320091862886,33.28101192052565,26.263548329927048,14.624241073095217,6.318731098023634,5.432375839386421,5.01153861706262,3.019390092098896,19.83684420161701,19.423236776058328,12.52826427874129,7.250767215893162,3.4999761743809255,0.0030706308974506754,0.004752893357755346,1.0,0.3,0.2,1.0,1.000000007,1.00000001,1.000000005,1.399999995,1.000000467,603.0588281,601.7337058,7.760551618,5.464172012,2.296379606,0.012868648,0.009060761,0.003807887,2801.84,277,1.0000000000000002
COOK:9600016,COOK:9600016,COOK:Wheeling Precinct 16,,,,,,,,,,0.454557033,0.450677607,0.023931453,0.073652227,0.041902682,6.3e-06,0.1268,0.6775,0.3225,0.9267,0.0131,0.0,0.0,0.0602,0.151522416,0.091842746,0.100013505,0.162093886,0.152369671,0.151493906,0.15274425,0.031405296,0.006514322,0.066827486,0.025535293,0.035460475,0.000130478,0.181664951,0.0568126,0.090962954,0.078026093,0.034227825,0.058432608,0.094207047,0.112355853,0.088367175,0.000260956,0.038427302,0.038300901,,0.512493224,0.133333333,30.0,0.090909091,22.0,0.407407407,162.0,46.3,42730,112.9301494,2.237578516,-1.278287125,0.63559537,0.29649306,0.312646641,0.472844955,0.345196723,-0.324871613,0.312646641,complete,COOK,Wheeling Precinct 16,0,0,0,Wheeling,1,0,0,143,95,63,87,66,44,0.35592,25.3065361963858,24,0.44204,26.617451309897,25,0.19556,22.070821097150656,21,0.00402,8.824876066259035,8,0.00138,5.873897648555704,6,0.0007,5.026645743478397,5,0.00038,2.9728343702025573,3,COOK:9600016,COOK:9600016,COOK:WHEELING PRECINCT 16,1.0,53.7248523,7.719682824,7.719682824,7.719682824,7.719682824,3.838366791,7.719682824,3.838366791,18.276923031840056,17.572802690420453,14.81924348665575,6.223333462528777,4.267541879127931,3.8949034063503145,2.0761427641794645,24.6006221309052,25.929519205317675,21.51456753486746,8.55606000458894,5.614424247516075,4.864462801219831,2.871181045704313,15.870238088499491,21.15961072491221,18.496706825872753,9.506175157758037,3.97424587656281,0.0016146164424209071,0.002163648350931097,1.0,0.3,0.2,1.0,1.000000003,1.000000005,1.000000003,1.399999997,1.000000408,150.7546704,150.1554865,2.157062056,1.198367809,0.958694247,0.014308426,0.007949126,0.0063593,928.8,95,0.9999999999999999
COOK:9600017,COOK:9600017,COOK:Wheeling Precinct 17,,,,,,,,,True,0.472378325,0.171713979,0.02522323,0.323316003,0.015762567,0.000525979,0.3735,0.7043,0.2957,0.7231,0.0703,0.0,0.0,0.1568,0.139409742,0.111446566,0.082805081,0.220771074,0.168714144,0.09954949,0.117912694,0.052001208,0.007389999,0.036527567,0.000168671,0.047419443,0.01945834,0.015964884,0.047358892,0.007290931,0.007285935,0.040042503,0.058519412,0.041413618,0.116648186,0.18343588,0.204134853,0.070946498,0.103384384,,-0.025155048,0.084337349,83.0,-0.175,80.0,0.100257069,389.0,43.2,108436,212.4869917,-0.052896803,-1.57904279,-0.297685727,-0.680648977,-0.677047467,-0.652568574,-0.606070897,-0.006147819,-0.677047467,complete,COOK,Wheeling Precinct 17,0,0,0,Wheeling,1,0,0,294,196,131,168,126,84,0.73808,33.49428183677388,66,0.23762,26.598657264947978,52,0.02332,16.306958630208136,32,0.00044,5.890894702489505,12,0.00028,5.7697863752942915,11,8e-05,5.112180415311969,10,0.00018,3.1268100063370787,6,COOK:9600017,COOK:9600017,COOK:WHEELING PRECINCT 17,1.0,85.21773788,1.448981537,1.448981537,1.448981537,1.448981537,6.088372905,1.448981537,1.448981537,22.241860984638464,16.077612349540708,9.951609524080343,3.7183494879455647,3.9484044908697276,3.8988208721704036,2.0826468656536203,32.67569809694107,26.04427396121021,15.977781532066246,5.705263742989215,5.571278908336375,4.9836179242189145,2.9929228043574625,19.8351760412979,19.664420384032464,13.629072863297345,7.001191183174824,3.6551084883046063,0.0055320822625101245,0.008667749825086961,1.0,0.3,0.2,1.0,1.0,1.0,1.0,1.4,1.0,346.715378,345.5835202,3.622439441,0.905772534,2.716666907,0.010447876,0.002612438,0.007835438,1938.16,196,1.0000000000000002
COOK:9600021,COOK:9600021,COOK:Wheeling Precinct 21,,,,,,,,,,0.821746624,0.029238798,0.019082113,0.121601349,0.003157559,4.18e-07,0.4059,0.9241,0.0759,0.738,0.0958,0.02,0.0132,0.1238,0.09966654,0.181481095,0.053733871,0.084313519,0.152484235,0.166137488,0.120087282,0.090631426,0.051464544,0.024149614,0.012801464,0.005712077,0.021581328,0.02359932,0.019305723,0.010270293,0.015933845,0.010232908,0.04996341,0.084899007,0.113952711,0.127500257,0.06563354,0.11869131,0.295773195,,-0.295669249,0.325842697,178.0,-0.386243386,189.0,-0.071688943,823.0,52.7,121098,349.7862786,-1.205334433,-0.096592686,-1.039102495,-1.227663438,-0.875550069,-0.892173263,-0.904935916,-0.542226777,-0.875550069,complete,COOK,Wheeling Precinct 21,0,0,0,Wheeling,1,0,0,489,111,217,145,109,73,0.757,34.15489295167085,38,0.22886,26.964973684174808,30,0.01274,14.941142495639431,17,0.0006,6.452641199808864,7,0.0005,5.596274974029132,6,0.0001,5.13809293510949,6,0.0002,3.148528944665875,3,COOK:9600021,COOK:9600021,COOK:WHEELING PRECINCT 21,1.0,87.58451943,1.026335532,1.026335532,1.026335532,1.026335532,6.25746738,1.026335532,1.026335532,22.244147718929884,15.837239009485703,8.851382059599336,3.9683462327119576,3.7933696095827263,3.8955564373247475,2.0773388994941535,33.281541083560064,26.26439571127122,14.624881084619037,6.3192370090508545,5.432096256969715,5.010712237911934,3.0179735867366713,19.83746277558932,19.42404704397746,12.528845398816339,7.251187927941217,3.500073607017605,0.0022676474168541903,0.0033597836656202606,1.0,0.3,0.2,1.0,1.0,1.0,1.0,1.4,1.0,395.0665614,394.3216564,2.482662275,1.163490954,1.319171321,0.006284162,0.00294505,0.003339112,1830.23,190,0.5816455812428397
COOK:9600027,COOK:9600027,COOK:Wheeling Precinct 27,,,,,,,,,,0.736107867,0.115016505,0.027603969,0.120229865,0.009214605,0.000511491,0.4265,0.7521,0.2479,0.7608,0.0184,0.0,0.0,0.2069,0.041251,0.110414429,0.120327598,0.078449517,0.114369498,0.200435391,0.146817455,0.142008604,0.045926508,0.033329238,8.72e-06,0.029609784,0.01483477,0.065681313,0.019436144,0.007406448,0.069363751,0.030548795,0.0536905,0.062033196,0.129626182,0.103740191,0.122226843,0.069505331,0.188958791,,-0.281686937,0.319148936,188.0,-0.344978166,229.0,0.116644823,763.0,54.5,96997,322.1481104,-1.145767348,-0.137681493,-0.894270855,-0.628514366,-0.676408866,-0.701558516,-0.714951334,-0.42164506,-0.676408866,complete,COOK,Wheeling Precinct 27,0,0,0,Wheeling,1,0,0,527,351,234,262,197,131,0.75252,34.071534190300845,120,0.23284,26.976865638790148,95,0.01336,14.90772565790705,52,0.00072,6.467497009361689,23,0.00034,5.590365902806103,20,0.00012,5.222349857712236,18,0.0001,3.1530941804963035,11,COOK:9600027,COOK:9600027,COOK:WHEELING PRECINCT 27,1.0,85.20863272,1.450607481,1.450607481,1.450607481,1.450607481,6.087722388,1.450607481,1.450607481,22.244163266731846,15.837259375498022,8.85139666600091,3.9688071484224983,3.793372058543413,3.895701126815531,2.077391863398462,33.28125622756931,26.264119176401685,14.624708862903372,6.319863856479928,5.432036604695159,5.01084130941589,3.0180109326541533,19.83747832339128,19.424067409989778,12.528860005217913,7.251648843651758,3.5000760559782917,0.0024123369076373244,0.0034127475699285504,1.0,0.3,0.2,1.0,1.0,1.0,1.0,1.4,1.0,323.9434059,323.1238436,1.912852506,1.092434135,0.820418371,0.005904897,0.003372299,0.002532598,1536.77,351,0.9999999999999993
COOK:9600028,COOK:9600028,COOK:Wheeling Precinct 28,,,,,,,,,,0.862018647,0.046881427,0.010559843,0.068653673,0.011219094,0.0,0.313,0.9126,0.0874,0.6817,0.0326,0.0,0.0006,0.28,0.102256218,0.147553933,0.045988222,0.109535458,0.097434047,0.149438558,0.10286489,0.143943533,0.100985142,0.046737248,2.52e-05,0.03632785,9.64e-06,0.070080913,0.01298873,5.6e-05,0.061005935,0.042844879,0.068799208,0.080508089,0.138948628,0.122109509,0.051981302,0.166161941,0.101414927,,-0.269833326,0.319148936,141.0,-0.448979592,196.0,-0.140783745,689.0,56.5,89505,301.6423728,-1.0952689,-0.137681493,-1.259292466,-1.447475781,-1.001332017,-0.98492966,-1.056204578,-0.709145869,-1.001332017,complete,COOK,Wheeling Precinct 28,0,0,0,Wheeling,1,0,0,429,286,191,232,174,116,0.76146,34.430043964822566,98,0.226,27.12315902994904,78,0.01144,14.687817034770523,42,0.00054,6.2682976440725025,18,0.0003,5.585486558371779,16,0.0001,5.163112542671559,15,0.00016,3.1147316445676534,9,COOK:9600028,COOK:9600028,COOK:WHEELING PRECINCT 28,1.0,88.69189096,0.828587601,0.828587601,0.828587601,0.828587601,6.336583431,0.828587601,0.828587601,22.41814997716111,15.93348708670959,8.697294398313186,3.7749338165079305,3.749269354330483,3.8945648967014823,2.075873761482148,33.621603126714554,26.480487370224616,14.41497138049543,6.030064788182492,5.371418396168643,5.012752078448874,3.019539829884872,20.011465033820546,19.520295121201347,12.374757737530189,7.05777551173719,3.455973351765362,0.0012761067935891297,0.0018946456536144867,1.0,0.3,0.2,1.0,1.0,1.0,1.0,1.4,1.000000002,565.2541388,564.2857572,3.306307032,0.754371416,2.551935615,0.00584924,0.00133457,0.004514669,1855.29,286,0.9999999999999997
COOK:9600030,COOK:9600030,COOK:Wheeling Precinct 30,,,,,,,,,,0.81861367,0.039016841,0.015589686,0.111211282,0.009915492,0.000707592,0.4574,0.9431,0.0569,0.7535,0.0333,0.013,0.0105,0.1842,0.083798189,0.135574023,0.059856006,0.087214042,0.147564341,0.18628647,0.110561316,0.128773115,0.060372499,0.044120337,3.83e-06,0.008556681,0.02279018,0.015689026,0.017107262,0.00854146,0.011417084,0.032759068,0.038476246,0.058409728,0.135316562,0.135267868,0.121070733,0.098316541,0.252157392,,-0.183368573,0.464566929,127.0,-0.422885572,201.0,-0.024203822,785.0,54.0,119741,315.9072338,-0.726913986,0.754948507,-1.167708326,-1.076598301,-0.59814746,-0.554068026,-0.72087552,-0.528770709,-0.59814746,complete,COOK,Wheeling Precinct 30,0,0,0,Wheeling,1,0,0,440,293,195,248,186,124,0.75736,34.14422009701607,100,0.22912,26.89573058182567,79,0.01234,14.886956072722857,44,0.00052,6.564391362286415,19,0.00044,5.619035675656986,16,6e-05,5.169645303814509,15,0.00016,3.172316223855592,9,COOK:9600030,COOK:9600030,COOK:WHEELING PRECINCT 30,1.0,84.00740003,1.665116588,1.665116588,1.665116588,1.665116588,6.001900437,1.665116588,1.665116588,22.24426550572439,15.83739329800277,8.851492714547534,3.9682156380259412,3.7933881623807237,3.8953263955096875,2.077032464364414,33.28178134731959,26.264696417176886,14.625091058888419,6.3190459993155015,5.432067644788877,5.010484773560084,3.0176697290701426,19.837580562383824,19.424201332494526,12.528956053764537,7.251057333255201,3.5000921598156025,0.0020376056017939177,0.003053348535880514,1.0,0.3,0.2,1.0,1.0,1.0,1.0,1.4,1.0,483.0719028,481.9612276,2.843596462,1.329821739,1.513774723,0.005886487,0.002752844,0.003133643,2122.01,293,1.0
COOK:9600038,COOK:9600038,COOK:Wheeling Precinct 38,,,,,,,,,,0.75576817,0.154509015,0.013253752,0.068040724,0.027643943,0.001203585,0.2587,0.8573,0.1427,0.7536,0.0104,0.0,0.0264,0.2095,0.068373121,0.07607938,0.112262147,0.140050329,0.072551233,0.199297428,0.140670644,0.089086534,0.101629184,0.039458333,0.022550522,0.026757483,0.09997693,0.033806653,0.050691796,1.29e-06,0.05774775,0.062083082,0.081752432,0.0690717,0.165065802,0.115674932,0.049506559,0.104677533,0.021177204,,0.227546582,0.258278146,151.0,-0.364341085,129.0,0.201581028,506.0,54.3,65467,268.6548818,1.023656172,-0.511329157,-0.962230345,-0.358305527,-0.400640866,-0.202052214,-0.552676492,-0.567377384,-0.400640866,complete,COOK,Wheeling Precinct 38,0,0,0,Wheeling,1,0,0,393,262,175,217,163,109,0.35214,27.60825761121482,72,0.60886,30.946230401375917,81,0.03606,17.160592180550434,45,0.00204,8.022801636434037,21,0.00036,4.458260517720423,12,0.00028,5.127830427702361,13,0.00026,3.0449233690887403,8,COOK:9600038,COOK:9600038,COOK:WHEELING PRECINCT 38,1.0,80.08915236,2.364814338,2.364814338,2.364814338,2.364814338,5.721961617,2.364814338,2.364814338,19.41063472121812,19.800328590911093,11.175858007818956,5.4623714946904025,3.264019463790293,3.8946078387514333,2.0758858403638523,26.98290140435858,30.222641348044633,16.829734787734683,7.818814116838417,4.276154394171205,4.906917015352114,2.9136739036198644,17.003949777877555,23.38713662540285,14.853321347035958,8.745213189919662,2.970723461225172,0.0013190488435398666,0.0019067245353187586,1.0,0.3,0.2,1.0,1.0,1.0,1.0,1.4,1.0,367.9112795,367.1751456,1.771787935,0.377480536,1.394307399,0.004815802,0.00102601,0.003789792,1382.62,262,0.9999891226688308
COOK:9600040,COOK:9600040,COOK:Wheeling Precinct 40,,,,,,,,,,0.84392031,0.045671672,0.019683398,0.075904025,0.007515388,0.000907273,0.3556,0.9494,0.0506,0.7023,0.0812,0.0003,0.0089,0.2003,0.113010621,0.174438782,0.078541797,0.096140242,0.159831591,0.121149451,0.143290006,0.069569446,0.044028064,0.027247485,0.015624596,0.031481134,0.002609457,0.020963857,0.002976218,0.0034031,0.032286943,0.05240189,0.003232687,0.047561782,0.109045935,0.067709351,0.067713144,0.140948321,0.374794104,,-0.132629166,0.32,200.0,-0.333333333,174.0,-0.04494382,890.0,50.3,155584,383.6653234,-0.510755272,-0.132457344,-0.85340011,-1.142578772,-0.694062358,-0.659797874,-0.732782806,-0.655581968,-0.694062358,complete,COOK,Wheeling Precinct 40,0,0,0,Wheeling,1,0,0,555,10,247,152,114,76,0.7536,34.139875665830566,3,0.23266,26.90369514668961,3,0.0126,14.938032350125784,1,0.00054,6.512960917552749,1,0.00044,5.604684003459635,1,8e-05,5.2091910317184835,1,8e-05,3.1282264600253753,0,COOK:9600040,COOK:9600040,COOK:WHEELING PRECINCT 40,1.0,85.45641529,1.40635992,1.40635992,1.40635992,1.40635992,6.105425189,1.40635992,1.40635992,22.244665765763592,15.837917597251675,8.851868739331042,3.9686214841206695,3.7934512080191154,3.8948557274949294,2.076157129849714,33.28203528739969,26.265156356039597,14.62544931258456,6.319555569179166,5.431871139152181,5.009994508377093,3.0167747973872094,19.837980822423027,19.42472563174343,12.529332078548045,7.251463179349929,3.500155205453994,0.0015669375870360632,0.002178014021180417,1.0,0.3,0.2,1.0,1.0,1.0,1.0,1.4,1.0,719.5397842,718.4501797,4.692070507,3.707510218,0.984560289,0.006520933,0.005152613,0.001368319,2489.08,61,0.1654200659780583
COOK:9600043,COOK:9600043,COOK:Wheeling Precinct 43,,,,,,,,,,0.514124836,0.058352424,0.034813483,0.384542509,0.004924784,0.000543862,0.6061,0.5674,0.4326,0.6874,0.025,0.0,0.0,0.199,0.03766628,0.03392368,0.203111888,0.242403296,0.159232737,0.072423126,0.111256468,0.070910388,0.069072139,0.007785581,0.005140018,0.054749003,0.014567114,2.85e-05,7.6e-06,2.87e-05,0.017981286,0.005159424,0.062501248,0.140375206,0.134464457,0.080504852,0.177949994,0.069382552,0.229374422,,0.016619763,0.296703297,91.0,-0.2,90.0,0.127272727,440.0,40.9,117767,236.8561292,0.125071171,-0.275461216,-0.385430103,-0.594703654,-0.333681078,-0.282630951,-0.354240909,0.298220099,-0.333681078,complete,COOK,Wheeling Precinct 43,0,0,0,Wheeling,1,0,0,332,221,147,215,162,108,0.33708,27.061243131825684,60,0.60404,30.68563997183489,68,0.0564,18.61838719536595,41,0.00168,7.26927501297277,16,0.00034,4.59213988816728,10,0.00034,5.048510079836273,11,0.00012,2.988319877886859,7,COOK:9600043,COOK:9600043,COOK:WHEELING PRECINCT 43,1.0,78.41391901,2.663967709,2.663967709,2.663967709,2.663967709,5.602274735,2.663967709,2.663967709,19.407046704826133,20.086433663009977,12.489732828828426,5.164001859020282,3.449138247244676,3.8999622933747418,2.0843383396962794,26.438822010651812,29.890260340188753,18.292041313431433,7.102747600990861,4.455941429656517,4.88058467111162,2.890439604088489,17.000361761485568,23.673241697501734,16.16719616804543,8.446843554249542,3.1558422446795547,0.006673503466848262,0.010359223867745765,1.0,0.3,0.2,1.0,1.0,1.000000001,1.0,1.4,1.000000022,392.8140441,391.9679812,2.325482758,1.479627985,0.845854773,0.00592006,0.003766739,0.002153321,1362.82,221,0.9992383182352659
COOK:9600044,COOK:9600044,COOK:Wheeling Precinct 44,,,,,,,,,,0.800745551,0.060572041,0.01313909,0.116054499,0.013133304,3.22e-06,0.5072,0.933,0.067,0.8272,0.0346,0.0006,0.0111,0.1209,0.112236723,0.077637875,0.088113143,0.109846422,0.127523312,0.158292975,0.150226108,0.140358202,0.03576524,0.017418428,0.006403614,0.001636162,0.02840401,0.011130716,0.012631182,1.07e-05,0.017349341,0.048875016,0.026954828,0.022140593,0.108939261,0.112199635,0.121657379,0.093321423,0.370927662,,-0.185813835,0.339449541,109.0,-0.271604938,162.0,-0.102040816,588.0,54.1,142653,255.2815746,-0.737331229,-0.013068791,-0.636747329,-1.324222312,-0.667784025,-0.677842415,-0.659565008,-0.572538012,-0.667784025,complete,COOK,Wheeling Precinct 44,0,0,0,Wheeling,1,0,0,368,245,163,214,161,107,0.75542,34.16042222916743,84,0.23012,26.94919838996887,66,0.01318,14.93995862359187,37,0.0006,6.545444442934209,16,0.00038,5.5731112599767085,14,0.00016,5.136539008764432,13,0.00014,3.1139193330969177,8,COOK:9600044,COOK:9600044,COOK:WHEELING PRECINCT 44,1.0,85.08460068,1.472756399,1.472756399,1.472756399,1.472756399,6.078860931,1.472756399,1.472756399,22.244210600688117,15.837321378084567,8.851441133944038,3.968059413405352,3.793379514195235,3.8953541455143514,2.0771328926797006,33.28181308769674,26.26469982754866,14.625083962296937,6.31883897145923,5.4321063516769525,5.010518567810139,3.017776201630819,19.837525657347552,19.424129412576324,12.52890447316104,7.250901108634611,3.500083511630114,0.002065355606458178,0.0031537768511670627,1.0,0.3,0.2,1.0,1.0,1.0,1.0,1.4,1.0,365.3791801,364.5067874,1.75971011,1.441261009,0.318449101,0.00481612,0.003944562,0.000871558,1325.68,245,1.0000000000000007
COOK:9600046,COOK:9600046,COOK:Wheeling Precinct 46,,,,,,,,,,0.88276304,0.049644723,0.004634723,0.045077357,0.012689108,0.000576349,0.4496,0.9314,0.0686,0.6421,0.0606,0.0156,0.0234,0.2473,0.109314598,0.097647337,0.056358459,0.098726648,0.130236809,0.161334248,0.153032181,0.123902163,0.069447559,0.041258097,0.025784727,0.0,0.011340703,0.012390245,0.01648427,0.069099273,0.012368804,0.003090181,0.045384687,0.057753235,0.101031016,0.164977667,0.068056079,0.133922301,0.237058715,,-0.13236835,0.387978142,183.0,-0.468926554,177.0,-0.063529412,850.0,55.7,115762,365.8342472,-0.50964415,0.284817902,-1.329301816,-1.201705398,-0.770924132,-0.688958365,-0.898992822,-0.468392425,-0.770924132,complete,COOK,Wheeling Precinct 46,0,0,0,Wheeling,1,0,0,530,6,235,284,213,142,0.75452,34.30851915421991,2,0.23238,27.051457227526893,2,0.01186,14.813556701923936,1,0.00054,6.367129465977326,0,0.00042,5.546965661076554,0,0.0001,5.126737657922977,0,0.00018,3.150163969269395,0,COOK:9600046,COOK:9600046,COOK:WHEELING PRECINCT 46,1.0,86.4456112,1.229715102,1.229715102,1.229715102,1.229715102,6.176098194,1.229715102,1.229715102,22.325936173388644,15.882924212905735,8.780026318561216,3.877805582990657,3.772882012933648,3.8940818719609185,2.075199217330044,33.441031389338086,26.366392400042287,14.527915052845579,6.18397695745447,5.403622118368823,5.010651410022892,3.0172476420473497,19.91925123004808,19.46973224739749,12.457489657778218,7.160647278219916,3.4795860103685268,0.0007930820530249774,0.0012201015015108356,1.0,0.3,0.2,1.0,1.0,1.0,1.0,1.4,1.0,448.7818538,447.2238515,3.578797041,1.682861876,1.895935165,0.007974469,0.003749844,0.004224625,1634.0,45,0.12793081882503343
COOK:9600047,COOK:9600047,COOK:Wheeling Precinct 47,,TRUE,,,,,,,True,0.784177687,0.110659871,0.010529155,0.07934698,0.010835058,3.5e-06,0.3257,0.7671,0.2329,0.8443,0.0827,0.0063,0.0053,0.0541,0.1525191,0.094633743,0.090954328,0.153133793,0.107458397,0.156326936,0.114207407,0.07730916,0.053457136,0.028787658,0.01819832,0.010799592,0.009026522,0.045429709,0.026623255,0.019049427,0.027331785,0.051146238,0.057646838,0.073497921,0.167044726,0.097293867,0.083967917,0.114864811,0.169291414,,-0.211239291,0.247706422,109.0,-0.535211268,142.0,0.031690141,568.0,50.9,94824,307.8832495,-0.845648101,-0.576222351,-1.561946252,-0.898781987,-1.042279488,-0.970649673,-1.160538804,-0.665687686,-1.042279488,complete,COOK,Wheeling Precinct 47,0,0,0,Wheeling,1,0,0,407,112,181,166,125,83,0.75644,34.16974452800896,38,0.22878,26.89731663276597,30,0.0134,14.899051778237594,17,0.00084,6.52668558729462,7,0.00034,5.527449258943169,6,0.0001,5.2528321222700125,6,0.0001,3.148134443053606,4,COOK:9600047,COOK:9600047,COOK:WHEELING PRECINCT 47,1.0,89.0005415,0.773470593,0.773470593,0.773470593,0.773470593,6.358634938,0.773470593,0.773470593,22.244626734770524,15.837866470688077,8.851832071616851,3.9681158803099326,3.7934450601811247,3.894731008768946,2.0761514430694072,33.282319069832475,26.265419719246466,14.625609249720359,6.318870349967532,5.431944752593632,5.009887253901614,3.0167865748574068,19.83794179142996,19.424674505179834,12.529295410833853,7.250957575539192,3.5001490576160035,0.0014422188610528019,0.0021723272408736157,1.0,0.3,0.2,1.0,1.0,1.0,1.0,1.4,1.000000001,678.5358852,676.6090327,3.875252875,2.912996875,0.962256,0.005711198,0.004293062,0.001418136,2534.26,174,0.6436477964681577
COOK:9600048,COOK:9600048,COOK:Wheeling Precinct 48,,,,,,,,,,0.636422534,0.115970782,0.027398834,0.199665284,0.019605465,6.77e-07,0.241,0.8766,0.1234,0.8865,0.0305,0.0,0.0001,0.0789,0.168579995,0.060648186,0.072319013,0.163934874,0.118886118,0.087084163,0.184915498,0.069884855,0.073747298,0.050775499,0.004844686,5.41e-05,0.036308873,0.072543306,0.012118345,2.62e-05,0.033854266,0.014539224,0.017069273,0.111241488,0.171985586,0.133128073,0.038912185,0.135569546,0.167029422,,-0.213225132,0.234042553,94.0,-0.457364341,129.0,-0.012048193,415.0,52.5,96314,189.3065926,-0.85410813,-0.660096286,-1.288721049,-1.037927414,-1.003674512,-0.96021322,-1.069376078,-0.685644318,-1.003674512,complete,COOK,Wheeling Precinct 48,0,0,0,Wheeling,1,0,0,284,1,126,151,114,76,0.75848,34.17612529850719,0,0.22716,26.862055640208922,0,0.01298,14.960210718285158,0,0.00072,6.525246439342947,0,0.00038,5.630015695554431,0,0.00014,5.120467044102489,0,0.00014,3.191145987000912,0,COOK:9600048,COOK:9600048,COOK:WHEELING PRECINCT 48,1.0,88.71017957,0.825321729,0.825321729,0.825321729,0.825321729,6.337890058,0.825321729,0.825321729,22.243262748633736,15.836079789938083,8.850550673171949,3.9683733972624538,3.793230216408755,3.8969355381580963,2.0794548633745085,33.280367543688065,26.262767362907688,14.623702405005972,6.319371093021197,5.432422724401711,5.012103814611558,3.0201020264833023,19.83657780529317,19.42288782442984,12.528014012388951,7.251215092491713,3.4999342138436336,0.0036467482502028116,0.005475747545975157,1.0,0.3,0.2,1.0,1.0,1.0,1.0,1.4,1.0,252.4028027,251.8258842,1.763543136,1.196581465,0.566961671,0.006987019,0.004740761,0.002246257,852.19,16,0.08487480998975794
COOK:9600051,COOK:9600051,COOK:Wheeling Precinct 51,,,,,,,,,True,0.7133271,0.120605204,0.018319851,0.133565933,0.00888131,0.001772428,0.3168,0.8943,0.1057,0.7324,0.025,0.0,0.0039,0.2365,0.099658344,0.086227497,0.101319162,0.098608551,0.132007997,0.149831915,0.130384926,0.114163611,0.087797996,0.021695625,0.061408002,0.026494843,0.074662535,0.050578144,0.036124411,0.002411948,0.040945105,0.045770456,0.062664565,0.051801015,0.109647281,0.091592182,0.056638135,0.147049629,0.120516126,,-0.226788242,0.287671233,146.0,-0.238095238,126.0,-0.082311734,571.0,54.0,80801,263.0083743,-0.911889342,-0.330903401,-0.51913582,-1.261457884,-0.716571259,-0.755846612,-0.669229101,-0.514484413,-0.716571259,complete,COOK,Wheeling Precinct 51,0,0,0,Wheeling,1,0,0,350,233,155,218,164,109,0.75344,34.181374947708335,80,0.23252,26.970958258022666,63,0.01282,14.956001240253148,35,0.00048,6.508053966438351,15,0.00048,5.559340261703757,13,0.00016,5.172306973312608,12,0.0001,3.1921097244276497,7,COOK:9600051,COOK:9600051,COOK:WHEELING PRECINCT 51,1.0,85.76082631,1.351999981,1.351999981,1.351999981,1.351999981,6.127173805,1.351999981,1.351999981,22.244012082653725,15.837061339994001,8.851254635933762,3.9682419707248737,3.793348245282566,3.8957281121006635,2.077642023601245,33.281433005160416,26.26421784854375,14.624745771032153,6.319109697252906,5.432158963020395,5.010889443476981,3.0182822416328943,19.83732713931316,19.423869374485758,12.528717975150764,7.251083665954133,3.500052242717445,0.00243932219277016,0.003662907772711511,1.0,0.3,0.2,1.0,1.0,1.0,1.0,1.4,1.0,624.5776524,623.0960732,3.805105761,0.937705636,2.867400125,0.006092286,0.001501344,0.004590943,2614.73,233,1.0000000000000002
COOK:9600052,COOK:9600052,COOK:Wheeling Precinct 52,,,,,,,,,,0.851733882,0.034907181,0.007474663,0.099002011,0.008142691,1.87e-06,0.3722,0.9035,0.0965,0.7278,0.0076,0.0,0.0,0.2433,0.136206682,0.053546851,0.094887844,0.12116976,0.128688316,0.103001852,0.142222646,0.14696129,0.073314761,4.21e-05,0.087480622,2.73e-05,0.035529766,0.057171905,0.00642012,0.031499008,0.01052379,0.031510348,0.065915612,0.030925331,0.139910153,0.133958007,0.046956911,0.171385187,0.150743846,,-0.338724642,0.356589147,258.0,-0.295154185,227.0,0.113087675,787.0,54.8,100568,332.252387,-1.38875791,0.092140517,-0.719399889,-0.639830775,-0.597026212,-0.663962014,-0.608113787,-0.651427054,-0.597026212,complete,COOK,Wheeling Precinct 52,0,0,0,Wheeling,1,0,0,566,377,251,136,102,68,0.75412,34.1054583200468,129,0.23102,26.966834440394905,102,0.01354,14.938660810844068,56,0.00066,6.580328305591085,25,0.0004,5.594952559733889,21,0.0001,5.204264285255481,20,0.00016,3.10527847004271,12,COOK:9600052,COOK:9600052,COOK:WHEELING PRECINCT 52,1.0,83.98889968,1.668420273,1.668420273,1.668420273,1.668420273,6.000578681,1.668420273,1.668420273,22.244403915890015,15.837574601002743,8.851622744146962,3.967848667764293,3.7934099636009226,3.894977908435271,2.076630663600421,33.282205040282726,26.265190982910923,14.625427078732734,6.31853037311537,5.43205897109293,5.010146441082161,3.017278082902643,19.83771897254945,19.4243826354945,12.529086083363964,7.250690362993552,3.5001139610358014,0.0016891185273776096,0.002651547771887789,1.0,0.3,0.2,1.0,1.0,1.0,1.0,1.4,1.0,424.0769759,423.7705298,2.141775105,0.917498696,1.224276409,0.005050439,0.002163519,0.00288692,1374.56,377,0.9996807067826161
COOK:9600053,COOK:9600053,COOK:Wheeling Precinct 53,,,,,,,,,,0.868795182,0.031576895,0.002887785,0.090994449,0.003838392,0.001911566,0.4653,0.9557,0.0443,0.7585,0.0841,0.0024,0.0,0.147,0.136203557,0.069815324,0.114667362,0.130049985,0.102281154,0.194772457,0.085717716,0.127774545,0.038717901,0.020065156,0.008071197,0.008024684,0.006027645,0.014065839,0.028029029,9.12e-06,0.008010735,0.006019705,0.010098225,0.038075396,0.098210191,0.108279084,0.120231987,0.154260595,0.37252141,,-0.266925657,0.304347826,115.0,-0.369369369,111.0,-0.150084317,593.0,52.0,158681,243.9885597,-1.082881723,-0.228536239,-0.979878491,-1.477063832,-0.931789748,-0.942090071,-0.939347432,-0.673421606,-0.931789748,complete,COOK,Wheeling Precinct 53,0,0,0,Wheeling,1,0,0,369,246,164,197,148,99,0.75514,34.16357891180418,84,0.22996,26.921555008108783,66,0.01356,14.950124953981142,37,0.00064,6.5468899497852675,16,0.00054,5.568120642287869,14,8e-05,5.163294847084974,13,8e-05,3.093946162912982,8,COOK:9600053,COOK:9600053,COOK:WHEELING PRECINCT 53,1.0,88.11147795,0.932234362,0.932234362,0.932234362,0.932234362,6.29511588,0.932234362,0.932234362,22.244494693462457,15.837693510232711,8.851708025248447,3.9676471338535766,3.793424262130493,3.894763681896754,2.076374786714849,33.28245700608101,26.265489459697115,14.625631092154496,6.3182455778272635,5.432048706882724,5.0099375680017255,3.017027559475152,19.83780975012189,19.424501544724468,12.52917136446545,7.250488829082836,3.500128259565372,0.001474891988860517,0.002395670886315978,1.0,0.3,0.2,1.0,1.0,1.0,1.0,1.4,1.0,418.0873753,417.0925239,1.992014736,1.658425536,0.333589201,0.00476459,0.003966696,0.000797894,1710.66,246,0.9993603605783271
COOK:9600054,COOK:9600054,COOK:Wheeling Precinct 54,,,,,,,,,,0.858514071,0.05408516,0.008156425,0.065944377,0.013311395,0.000738314,0.3371,0.6956,0.3044,0.8399,0.0147,0.0,0.0018,0.1255,0.102095378,0.054880477,0.076206473,0.092224592,0.096007358,0.115038568,0.242815734,0.12255521,0.098176208,0.022115757,1.16e-05,0.018677603,0.032248455,0.061116285,0.018668702,0.011881022,0.044131162,0.011897258,0.040762146,0.098456635,0.162977117,0.139179816,0.062863069,0.10357519,0.171438183,,-0.219265374,0.028571429,105.0,-0.436619718,142.0,-0.173633441,622.0,61.4,96481,262.4140051,-0.879840613,-1.921354854,-1.215912089,-1.551981018,-1.425879291,-1.392272143,-1.39060728,-0.852370473,-1.425879291,complete,COOK,Wheeling Precinct 54,0,0,0,Wheeling,1,0,0,311,153,138,218,164,109,0.77516,35.52702807772526,54,0.2171,27.81884325068143,43,0.00722,14.041337982588068,21,0.00028,5.218749266932386,8,0.00014,5.368859120848339,8,2e-05,5.138279672561941,8,8e-05,3.1573912016077585,5,COOK:9600054,COOK:9600054,COOK:WHEELING PRECINCT 54,1.0,91.00969831,0.414687123,0.414687123,0.414687123,0.414687123,6.502178949,0.414687123,0.414687123,22.984627282920503,16.245369278772657,8.192128163761428,3.1435676213912798,3.604904511725772,3.8944758213943853,2.075778332912815,34.73863276783869,27.188311798288318,13.720935875849355,5.078591966092305,5.172264291563392,5.022659436156844,3.0294408343306047,20.577942339579938,19.832177313264413,11.86959150297843,6.426409316620539,3.3116085091606506,0.0011870314864918432,0.0017992170842819175,1.0,0.3,0.2,1.0,1.0,1.0,1.0,1.4,1.0,731.0414397,729.0507247,4.339945217,2.795155792,1.544789425,0.005936661,0.003823526,0.002113135,2332.06,178,0.862145797448178
COOK:9600056,COOK:9600056,COOK:Wheeling Precinct 56,,,,,,,,,,0.679939913,0.065255404,0.014055315,0.24274532,0.009032858,7.86e-07,0.424,0.907,0.093,0.7864,0.1306,0.0,0.0,0.0829,0.134092523,0.111077562,0.025918403,0.195131242,0.095357805,0.100808564,0.165632435,0.11098892,0.060992546,0.041347919,0.013804151,0.013775195,0.025259077,0.057377729,1.4e-05,0.004622853,0.01836585,0.025265878,0.025367451,0.098765459,0.020807911,0.167689939,0.050652031,0.145063339,0.291821209,,-0.099939446,0.208333333,96.0,-0.361702128,94.0,0.09223301,412.0,54.5,123142,206.5432996,-0.371491369,-0.817909089,-0.9529682,-0.706176038,-0.770283857,-0.712136174,-0.818450262,-0.535340575,-0.770283857,complete,COOK,Wheeling Precinct 56,0,0,0,Wheeling,1,0,0,279,186,124,162,122,81,0.75466,34.12974237423176,63,0.23026,26.910619706968745,50,0.01388,14.902158702651075,28,0.0006,6.5575273912489465,12,0.00038,5.6437855243928166,10,0.00012,5.193913115449497,10,0.0001,3.138589718365096,6,COOK:9600056,COOK:9600056,COOK:WHEELING PRECINCT 56,1.0,86.43793945,1.231085077,1.231085077,1.231085077,1.231085077,6.175550086,1.231085077,1.231085077,22.24277437263505,15.835440067896876,8.850091867742508,3.967433813020955,3.793153291475969,3.897347127670081,2.080436082526149,33.28035191872876,26.2625000467593,14.623451082723381,6.318143290548783,5.432714488668011,5.012554150589937,3.021121992101336,19.836089429294486,19.422248102388632,12.52755520695951,7.250275508250215,3.4998572889108477,0.004058337762187802,0.006456966697615871,1.0,0.3,0.2,1.0,1.000000037,1.000000059,1.00000003,1.39999997,1.000000706,343.2492372,342.3657651,1.987945521,1.766877457,0.221068064,0.005791551,0.005147506,0.000644045,1166.93,186,0.9999999999999993
COOK:9600058,COOK:9600058,COOK:Wheeling Precinct 58,,,,,,,,,,0.696415577,0.127636594,0.024096598,0.142916362,0.011609146,0.000894598,0.4312,0.8241,0.1759,0.7213,0.03,0.0208,0.0,0.2276,0.188029141,0.143205958,0.041131088,0.143295261,0.164676214,0.147775291,0.050591123,0.084039692,0.037256234,5.45e-05,1.09e-05,0.039269799,3.29e-05,0.01871589,0.052389208,2.93e-06,2.16e-05,2.65e-05,0.067331458,0.114104427,0.144129901,0.035698849,0.097410524,0.23765271,0.193147911,,-0.103782598,,,-0.2,115.0,,,47.4,132240,203.8686382,-0.387863866,,-0.385430103,,,,,-0.292334583,-0.292334583,demographic_only,COOK,Wheeling Precinct 58,0,0,0,Wheeling,1,0,0,330,196,147,170,128,85,0.35432,27.631970111367245,54,0.60816,30.93323386260436,61,0.03526,17.14815521651361,34,0.0013,8.024290732062834,16,0.00044,4.485037954989464,9,0.00032,5.033577987020332,10,0.0002,3.0392860782728737,6,COOK:9600058,COOK:9600058,COOK:WHEELING PRECINCT 58,1.0,77.27779546,2.866850006,2.866850006,2.866850006,2.866850006,5.5211045,2.866850006,2.866850006,19.40978589498953,19.79921671635327,11.175060576980053,5.4625500951631425,3.2638857637297725,3.895986461891338,2.077945185368513,26.98168634775299,30.22104412108233,16.828589304122332,7.819113713660054,4.276367465281693,4.9082992040437885,2.915736814176296,17.003100951648964,23.386024750845028,14.852523916197056,8.745391790392402,2.9705897611646512,0.002697671983444199,0.003966069539979685,1.0,0.3,0.2,1.0,1.0,1.0,1.0,1.4,1.0,418.7789106,417.7809384,1.996165366,1.663095593,0.333069773,0.004766633,0.003971297,0.000795336,1612.85,208,0.9438284094006386
COOK:9600006,COOK:9600006,COOK:Wheeling Precinct 6,,,,,,,,,,0.795487809,0.074299455,0.008550905,0.113130255,0.004898773,0.001218506,0.3338,0.8793,0.1207,0.5937,0.0694,0.0,0.0,0.3295,0.092374351,0.15432764,0.129705259,0.067627514,0.177633787,0.239178734,0.101586179,0.024811743,0.012754793,0.010280715,3.2e-05,0.012270858,0.032713765,3.68e-07,2.65e-07,5.53e-05,0.010235863,0.010325157,0.053337308,0.012449911,0.051474279,0.098525598,0.071794737,0.272424386,0.36407949,,-0.118674692,0.173333333,75.0,-0.223880597,67.0,0.102803738,321.0,48.3,175054,146.8091942,-0.451306781,-1.032752173,-0.469245627,-0.67254722,-0.658256835,-0.65646295,-0.62081337,-0.541700176,-0.658256835,complete,COOK,Wheeling Precinct 6,0,0,0,Wheeling,1,0,0,213,142,95,117,88,59,0.75872,34.25184538908263,49,0.22748,26.856668230251824,38,0.01246,14.907711801860241,21,0.00046,6.491262870774059,9,0.00054,5.592214774774419,8,0.00014,5.1982043866495875,7,0.0002,3.192334392165108,5,COOK:9600006,COOK:9600006,COOK:WHEELING PRECINCT 6,1.0,84.94527315,1.497636694,1.497636694,1.497636694,1.497636694,6.068906689,1.497636694,1.497636694,22.24424375132392,15.837364801988407,8.8514722773494,3.967830751603393,3.793384735808168,3.895219143121855,2.0770091564585584,33.28200776692051,26.264911380660372,14.625223305618004,6.3185235012809295,5.4321207241711305,5.010390695738253,3.0176595957302874,19.837558807983356,19.424172836480164,12.528935616566402,7.250672446832652,3.5000887332430466,0.001930353213961247,0.0030300406300251695,1.0,0.3,0.2,1.0,1.0,1.0,1.0,1.4,1.0,211.8977385,211.2438621,1.145049588,0.163775443,0.981274146,0.005403784,0.000772898,0.004630885,1282.86,142,0.9999999999999996
COOK:9600060,COOK:9600060,COOK:Wheeling Precinct 60,,,,,,,,,,0.883743397,0.028426524,0.011189992,0.068021547,0.006029534,6.2e-07,0.4484,0.833,0.167,0.6941,0.0752,0.0,0.0023,0.2174,0.062642158,0.081138026,0.033451099,0.143471538,0.138593201,0.174103365,0.14850152,0.154844053,0.06325504,0.065846024,0.040989494,9.18e-06,0.011206007,0.022385196,0.001283276,0.113012207,0.008724765,3.38e-05,0.055951683,0.06220689,0.118154628,0.217494874,0.047328807,0.06604199,0.169331167,,-0.378153705,,,-0.465240642,187.0,,,55.4,100023,255.5787592,-1.556732588,,-1.316365094,,,,,-0.58303951,-0.58303951,demographic_only,COOK,Wheeling Precinct 60,0,0,0,Wheeling,1,0,0,371,83,165,199,150,100,0.75966,34.33946404783032,29,0.22642,26.982023741696402,22,0.01272,14.915950590217864,12,0.00062,6.419405279325913,5,0.00028,5.6031067311327325,5,2e-05,5.207028443885917,4,0.00028,3.1215624985928154,3,COOK:9600060,COOK:9600060,COOK:WHEELING PRECINCT 60,1.0,83.75488858,1.710208606,1.710208606,1.710208606,1.710208606,5.983859781,1.710208606,1.710208606,22.29099566343612,15.863491135567212,8.81071227287127,3.9166805099947286,3.781680003162465,3.8945673219068584,2.0758638806538543,33.3727423458432,26.322813234517078,14.56961044736644,6.242060673936504,5.415781645171799,5.010526588941069,3.0173020343433965,19.884310720095556,19.45029917005897,12.488175612088272,7.199522205223988,3.488384000597344,0.0012785319989648738,0.0018847648253207385,1.0,0.3,0.2,1.0,1.0,1.0,1.0,1.4,1.0,588.6078364,587.497888,3.69982817,1.676424854,2.023403315,0.006285727,0.002848118,0.003437609,2515.79,143,0.5807060074890404
COOK:9600061,COOK:9600061,COOK:Wheeling Precinct 61,,TRUE,,,,,,,True,0.848641465,0.065831842,0.013060135,0.058300875,0.008014461,0.000531795,0.3995,0.8561,0.1439,0.7556,0.0329,0.0009,0.0006,0.2037,0.096139472,0.09277785,0.048332743,0.129829807,0.142274585,0.148943824,0.150457445,0.102224404,0.089019871,0.019253939,0.008330999,0.004949782,0.022466145,0.013823756,0.009541859,0.001980057,0.031553208,0.026762411,0.019714444,0.129594225,0.092526619,0.113688089,0.083260419,0.089218358,0.333335693,,-0.228609124,0.350318471,157.0,-0.475409836,183.0,-0.14863258,841.0,54.6,126746,369.1032778,-0.919646616,0.053648764,-1.352056678,-1.472445399,-0.965865988,-0.922624982,-1.051752327,-0.671481615,-0.965865988,complete,COOK,Wheeling Precinct 61,0,0,0,Wheeling,1,0,0,462,308,205,203,153,102,0.7565,34.143104082167675,105,0.22992,26.914662617065876,83,0.01246,14.929964093270225,46,0.00058,6.541620883821134,20,0.0004,5.6426334101993145,17,6e-05,5.078214913010648,16,8e-05,3.1709190951412087,10,COOK:9600061,COOK:9600061,COOK:WHEELING PRECINCT 61,1.0,88.40516404,0.879789618,0.879789618,0.879789618,0.879789618,6.316098254,0.879789618,0.879789618,22.24486532353465,15.83817899728973,8.8520562141232,3.9683626311360527,3.7934826407024715,3.8944522200417033,2.0756306138715637,33.282467238742164,26.265690683285825,14.625820776697363,6.319180689552309,5.43182705654586,5.0095966224053825,3.0162539028905737,19.838180380194085,19.424987031781487,12.529519553340203,7.251204326365312,3.5001866381373503,0.0011634301338098584,0.0016514980430302154,1.0,0.3,0.2,1.0,1.0,1.000000001,1.0,1.4,1.000000008,715.9542194,715.0111032,3.42333016,1.346663473,2.076666688,0.004781493,0.001880935,0.002900558,1981.17,308,0.9999999999999996
COOK:9600063,COOK:9600063,COOK:Wheeling Precinct 63,,,,,,,,,,0.677598911,0.165824454,0.030365829,0.119197785,0.009931501,1.51e-06,0.4478,0.7528,0.2472,0.589,0.0161,0.0,0.0008,0.3626,0.079295317,0.079793601,0.102032558,0.142150263,0.109084515,0.167113522,0.171372603,0.08462965,0.06452797,0.012261857,0.01556786,0.003374533,0.054459803,0.026684296,0.025563609,0.035596368,0.014450143,0.033377519,0.086768359,0.07009876,0.177882923,0.091316782,0.078950554,0.115686125,0.157960509,,0.089803689,0.195121951,82.0,-0.235294118,68.0,0.227665706,347.0,53.2,92118,190.7925156,0.436847447,-0.89900549,-0.509304518,-0.275321944,-0.406311323,-0.311696126,-0.445833001,-0.073575971,-0.406311323,complete,COOK,Wheeling Precinct 63,0,0,0,Wheeling,1,0,0,257,3,114,164,123,82,0.34916,27.683308616746814,1,0.6112,31.06224843322497,1,0.0369,17.171430034432646,1,0.00182,8.05831869740539,0,0.00034,4.420976210352176,0,0.00036,4.988371031049171,0,0.00022,2.960581754011588,0,COOK:9600063,COOK:9600063,COOK:WHEELING PRECINCT 63,1.0,80.22215185,2.341064065,2.341064065,2.341064065,2.341064065,5.731463753,2.341064065,2.341064065,19.41005478018103,19.799568928140953,11.175313181502164,5.463010057227373,3.2639281162928366,3.8957388587630213,2.0773937524907553,26.981810113564208,30.221183673350495,16.828724059124777,7.8196607880791715,4.276254328040587,4.908035113788594,2.915168894171659,17.003369836840466,23.38637696263271,14.852776520719166,8.745851752456632,2.9706321137277154,0.002450068855127876,0.0034146366622217306,1.0,0.3,0.2,1.0,1.0,1.0,1.0,1.4,1.0,505.6887668,505.4998589,2.041481837,0.301033917,1.74044792,0.004037032,0.000595295,0.003441737,1505.79,23,0.133923246014375
COOK:9600065,COOK:9600065,COOK:Wheeling Precinct 65,,,,,,,,,,0.812310448,0.062352905,0.009877285,0.11545265,0.009116181,2.27e-10,0.4538,0.9959,0.0041,0.7663,0.0927,0.0,0.0021,0.1389,0.081754255,0.20251869,0.034718139,0.097284002,0.179018721,0.119263219,0.173972028,0.075559672,0.035911274,3.15e-05,2.7e-05,0.004898442,4.63e-05,9.75e-05,2.96e-05,0.021240515,0.006620359,0.024504332,7.79e-05,0.026329751,0.032735587,0.163345343,0.102829314,0.192798414,0.424388106,,-0.133830132,0.193548387,124.0,-0.479289941,169.0,0.046296296,648.0,52.0,180391,292.1324655,-0.515871596,-0.908664615,-1.365674973,-0.852315204,-0.995611935,-0.910631597,-1.08662061,-0.652303861,-0.995611935,complete,COOK,Wheeling Precinct 65,0,0,0,Wheeling,1,0,0,422,281,187,234,176,117,0.75728,34.218345112427436,96,0.22938,26.85511006052389,75,0.0124,14.92732742917121,42,0.00046,6.4892882429360945,18,0.0003,5.650676736417086,16,0.0001,5.211803742746196,15,8e-05,3.109576388246243,9,COOK:9600065,COOK:9600065,COOK:WHEELING PRECINCT 65,1.0,88.64690069,0.8366217,0.8366217,0.8366217,0.8366217,6.333369105,0.8366217,0.8366217,22.244217423537716,15.837330315311796,8.851447543678443,3.9678889923112974,3.7933805888738603,3.8952811976294903,2.0770833263389745,33.28193482914198,26.264824953490347,14.625164224260946,6.318605813515206,5.432123725186089,5.0104512045800575,3.0177322199448735,19.83753248019715,19.424138349803552,12.528910882895445,7.250730687540557,3.500084586308739,0.001992407721597031,0.0031042105104412327,1.0,0.3,0.2,1.0,1.000000008,1.000000013,1.000000006,1.399999994,1.000000113,540.7232724,539.3661747,3.141933898,2.669963514,0.471970384,0.005810613,0.004937763,0.00087285,1951.42,281,1.0000000000000007
COOK:9600066,COOK:9600066,COOK:Wheeling Precinct 66,,,,,,,,,,0.781291394,0.076236334,0.015684174,0.111842986,0.012106875,0.002136992,0.3652,0.9308,0.0692,0.654,0.036,0.0,0.0053,0.3009,0.159110734,0.101613208,0.122869169,0.084257396,0.123386689,0.180944266,0.106457369,0.088945038,0.032416133,0.022863654,0.020302799,0.006359366,0.011445548,1.34e-05,1.31e-05,0.035552761,0.003813101,0.003872124,0.091443591,0.083844109,0.082710627,0.17528234,0.064903769,0.181748231,0.215831524,,-0.295111584,0.258741259,143.0,-0.194244604,139.0,0.060240964,581.0,51.4,119649,260.9280821,-1.202958683,-0.508486396,-0.365229958,-0.80795282,-0.637384092,-0.721156964,-0.56619869,-0.497271005,-0.637384092,complete,COOK,Wheeling Precinct 66,0,0,0,Wheeling,1,0,0,410,273,182,218,164,109,0.75822,34.123317654430046,93,0.22698,26.90624056034955,73,0.0134,14.983908988907546,41,0.00058,6.515721001729566,18,0.00056,5.589956206611305,15,0.00014,5.166728697598582,14,0.00012,3.155207525939167,9,COOK:9600066,COOK:9600066,COOK:WHEELING PRECINCT 66,1.0,84.6313165,1.553701235,1.553701235,1.553701235,1.553701235,6.046476088,1.553701235,1.553701235,22.244258344424157,15.83738391744022,8.851485986855268,3.9682173050506,3.7933870343921643,3.8953380852115465,2.077049869761571,33.28177089273981,26.264682283288465,14.625080915741744,6.319049057893804,5.432070117419904,5.010496515915205,3.0176871871205604,19.837573401083592,19.424191951931977,12.52894932607227,7.251059000279859,3.500091031827043,0.002049295303652895,0.0030707539330374367,1.0,0.3,0.2,1.0,1.0,1.0,1.0,1.4,1.0,516.1635096,514.5715952,2.791696797,0.398122912,2.393573885,0.005408551,0.000771312,0.00463724,2138.71,273,0.9989040344194687
COOK:9600067,COOK:9600067,COOK:Wheeling Precinct 67,,,,,,,,,,0.762270365,0.06805901,0.019886044,0.150812438,0.00628059,4.61e-06,0.358,0.932,0.068,0.7964,0.0412,0.0,0.0062,0.1419,0.127335745,0.128141972,0.034850793,0.19143938,0.102853294,0.083114119,0.195378017,0.103626869,0.033259811,0.038011728,0.026823974,0.006710946,0.020116842,0.026829262,0.011182656,0.008956778,0.008948878,0.01343375,0.078273149,0.07605791,0.114059985,0.098465542,0.06945148,0.252804588,0.149872532,,-0.120303605,,,-0.565217391,69.0,,,53.3,117924,183.0657159,-0.458246234,,-1.667260995,,,,,-0.61961039,-0.61961039,demographic_only,COOK,Wheeling Precinct 67,0,0,0,Wheeling,1,0,0,254,169,113,151,114,76,0.75724,34.150941243731594,58,0.22848,26.902572875394746,45,0.01286,14.950149285754227,25,0.00066,6.464295350805041,11,0.00046,5.602972074869184,9,0.0001,5.164706494593366,9,0.0002,3.172705005483145,5,COOK:9600067,COOK:9600067,COOK:WHEELING PRECINCT 67,1.0,84.35427222,1.603174183,1.603174183,1.603174183,1.603174183,6.026682686,1.603174183,1.603174183,22.243816567981842,15.836805235997652,8.851070959436068,3.9682335360887606,3.793317449434626,3.8960275089018555,2.0781066789041485,33.281183295332404,26.26386764855286,14.624491404399837,6.319119632959755,5.432232775530318,5.011192078343348,3.018750135000973,19.837131624641277,19.423613270489408,12.52853429865307,7.25107523131802,3.500021446869505,0.0027387189939620357,0.004127563075614942,1.0,0.3,0.2,1.0,1.000000043,1.000000068,1.000000034,1.399999966,1.000001713,304.9580116,304.1305822,1.912126031,1.278893884,0.633232147,0.006270129,0.004193672,0.002076457,1459.48,169,1.0000000000000002
COOK:9600068,COOK:9600068,COOK:Wheeling Precinct 68,,,,,,,,,,0.454275528,0.357556685,0.023627085,0.162418186,0.014768575,6.61e-07,0.2402,0.7989,0.2011,0.8378,0.0258,0.0,0.0047,0.1045,0.130850669,0.075638195,0.142135275,0.138671124,0.159210807,0.131235436,0.160191869,0.051856924,0.010209701,0.023407306,0.007116837,0.015254853,0.001033962,0.035581976,0.00102828,0.002045054,0.155417765,0.013250238,0.002083146,0.149431746,0.124048911,0.067238908,0.073292511,0.17288759,0.156880918,,0.127994262,,,-0.165048544,103.0,,,46.1,94014,315.9072338,0.599545943,,-0.262758355,,,,,-0.172006367,-0.172006367,demographic_only,COOK,Wheeling Precinct 68,0,0,0,Wheeling,1,0,0,480,233,213,254,191,127,0.35328,27.679975466620554,64,0.60782,31.014800988774528,72,0.03576,17.193097710788077,40,0.00216,7.977284252432779,19,0.00046,4.452902649356939,10,0.00034,5.03906980013701,12,0.00018,3.002806450113931,7,COOK:9600068,COOK:9600068,COOK:WHEELING PRECINCT 68,1.0,73.48471662,3.544195837,3.544195837,3.544195837,3.544195837,5.250108355,3.544195837,3.544195837,19.409564812937223,19.79892712173323,11.174852881175545,5.462421295641502,3.26385094072033,3.896281348255863,2.0784473042178115,26.981458508287915,30.22075247410917,16.82836837523706,7.818973850978481,4.27643845537512,4.90860023175723,2.91624507437451,17.002879869596658,23.385735156224985,14.852316220392547,8.745262990870762,2.970554938155209,0.002992558347969412,0.004468188389278182,1.0,0.3,0.2,1.0,1.000000001,1.000000002,1.000000001,1.399999999,1.000000011,653.3906218,651.3186085,4.307026558,3.127732654,1.179293904,0.00659181,0.004786926,0.001804883,2978.0,273,0.8537074419266775
COOK:9600069,COOK:9600069,COOK:Wheeling Precinct 69,,,,,,,,,,0.887945434,0.033288266,0.006124043,0.067886069,0.006101334,2.19e-06,0.4299,0.9986,0.0014,0.8441,0.0327,0.0,0.0223,0.0992,0.038266156,0.039096678,0.132413228,0.037596502,0.083853041,0.134959158,0.183701463,0.156804962,0.193308811,0.019417474,0.019395468,2e-05,0.035577163,0.067850741,0.022620149,0.024230971,0.040427454,0.022639116,0.059806585,0.144010906,0.056692902,0.142341241,0.022797053,0.187536466,0.134636291,,-0.441936508,,,-0.365853659,246.0,,,63.4,94405,320.6621874,-1.828458442,,-0.96753914,,,,,-0.811593527,-0.811593527,demographic_only,COOK,Wheeling Precinct 69,0,0,0,Wheeling,1,0,0,512,341,227,252,189,126,0.77988,35.95639102480296,123,0.214,28.10020939094272,96,0.00576,13.660610352695413,47,8e-05,4.809290065876767,16,0.00018,5.265195126013037,18,4e-05,5.1677174330795195,18,6e-05,3.139693324779813,11,COOK:9600069,COOK:9600069,COOK:WHEELING PRECINCT 69,1.0,86.91471591,1.145945126,1.145945126,1.145945126,1.145945126,6.209613334,1.145945126,1.145945126,23.21580796152875,16.37262287806524,7.985905407565266,2.885794946327213,3.545974644422094,3.8944664862473055,2.075807677464777,35.1985617508254,27.479756488443122,13.435149260500882,4.686728123911613,5.090283837485189,5.026768715540242,3.0335887934130445,20.809123018188185,19.959430912556996,11.663368746782268,6.168636641556472,3.252678641856973,0.0011776963394120625,0.0018285616362434239,1.0,0.3,0.2,1.0,1.000000002,1.000000004,1.000000002,1.399999998,1.000000046,382.4119158,381.5892541,2.262524476,1.439657922,0.822866554,0.005916459,0.003764679,0.002151781,998.15,341,1.0000000000000004
COOK:9600070,COOK:9600070,COOK:Wheeling Precinct 70,,,,,,,,,True,0.790144541,0.099855954,0.019668577,0.083538604,0.007483531,3.81e-06,0.3794,0.9082,0.0918,0.8457,0.0488,0.0,0.0,0.1034,0.069650447,0.092415213,0.129503704,0.065936671,0.234571608,0.110623257,0.131944216,0.066335338,0.099019545,0.051989432,0.06385303,0.041402387,0.01899372,0.082712645,0.022518889,0.002421968,0.002440561,0.000100088,0.113498969,0.083978109,0.060547932,0.046313443,0.106362865,0.267185731,0.035680229,,-0.216535474,0.219047619,210.0,-0.247311828,186.0,0.124816446,681.0,48.2,81644,282.9197427,-0.868210764,-0.752140796,-0.551483977,-0.602517858,-0.66191567,-0.693588349,-0.633494796,-0.595263135,-0.66191567,complete,COOK,Wheeling Precinct 70,0,0,0,Wheeling,1,0,0,459,306,204,227,171,114,0.75648,34.18199085450876,105,0.22898,26.91752981665726,82,0.01328,14.934082290608774,46,0.00064,6.5701799670355605,20,0.0004,5.623098375087624,17,4e-05,5.155334175632434,16,0.00018,3.073014055799968,9,COOK:9600070,COOK:9600070,COOK:WHEELING PRECINCT 70,1.0,84.9990711,1.48802977,1.48802977,1.48802977,1.48802977,6.072750279,1.48802977,1.48802977,22.24457921650575,15.837804226676461,8.851787430524876,3.9685800566128853,3.7934375754985568,3.8949744627892686,2.0763554567386246,33.2819497037329,26.265026262172483,14.625352474023039,6.319508564253089,5.431908215452199,5.010115934940539,3.0169758155452264,19.837894273165183,19.424612261168217,12.529250769741878,7.251421751842145,3.5001415729334355,0.0016856728813753863,0.002376340910091403,1.0,0.3,0.2,1.0,1.0,1.0,1.0,1.4,1.0,454.4274932,452.9400845,4.751726587,1.190950729,3.560775858,0.010456512,0.002620772,0.00783574,1918.93,306,0.9988321759167998
COOK:9600072,COOK:9600072,COOK:Wheeling Precinct 72,,,,,,,,,,0.706153575,0.144718807,0.027976307,0.107989393,0.022195216,0.001645345,0.2121,0.9412,0.0588,0.7342,0.0496,0.0,0.0101,0.2037,0.112084406,0.153046193,0.159592443,0.139164649,0.105521528,0.210921142,0.080707962,0.007450429,0.03151125,0.022549671,5.56e-06,3.48e-05,1.28e-05,1.07e-05,1.07e-05,1.24e-05,0.010014314,0.082601635,0.05259858,0.047655573,0.2104388,0.135347192,0.140366831,0.29301715,0.005323291,,-0.064107328,0.171171171,111.0,-0.30952381,84.0,0.14739229,441.0,44.6,113679,215.1616531,-0.218840303,-1.046024331,-0.76983404,-0.530696982,-0.696448288,-0.641348914,-0.722145313,-0.541869336,-0.696448288,complete,COOK,Wheeling Precinct 72,0,0,0,Wheeling,1,0,0,330,220,147,165,124,83,0.7425,33.5532660429103,74,0.2366,26.685173804711184,59,0.0196,16.128094767093433,35,0.00056,5.963998786593755,13,0.00038,5.745167782511006,13,0.00018,5.11178935332734,11,0.00018,3.1269760457078117,7,COOK:9600072,COOK:9600072,COOK:WHEELING PRECINCT 72,1.0,85.48928717,1.400489851,1.400489851,1.400489851,1.400489851,6.107773718,1.400489851,1.400489851,22.244302030607006,16.051935611699818,9.823112425690663,3.7492142328370655,3.930352281100305,3.8955175521983194,2.077077512014261,32.748433476249296,26.073100924900707,15.822234898835683,5.778307131540894,5.554147109178437,4.983787291471599,2.9908261379428724,19.83761708726644,19.638743646191575,13.500575764907666,7.032055928066325,3.6370562785351837,0.0022287622904259875,0.00309839618572743,1.0,0.3,0.2,1.0,1.0,1.0,1.0,1.4,1.0,462.9069155,462.9055919,1.728145705,0.691980809,1.036164896,0.003733247,0.00149486,0.002238387,1348.87,220,0.9993920219622404
COOK:9600075,COOK:9600075,COOK:Wheeling Precinct 75,,,,,,,,,,0.794583025,0.059179298,0.012184757,0.124480855,0.006958913,0.000872911,0.3635,0.9597,0.0403,0.7968,0.0149,0.0,0.0062,0.1603,0.123052719,0.121228239,0.033677009,0.192672507,0.123096118,0.073478421,0.192753879,0.115655455,0.024385654,0.033963401,0.026806348,0.003579657,0.012526783,0.007197104,0.008952434,0.019672483,0.003605014,0.008970139,0.09830506,0.062662536,0.089437635,0.071670527,0.093051799,0.312904091,0.146694988,,-0.269180595,0.259259259,108.0,-0.47761194,134.0,-0.049429658,526.0,52.0,139146,241.0167136,-1.092488152,-0.505306718,-1.359785567,-1.156849636,-1.05533726,-1.028607518,-1.12157287,-0.662202698,-1.05533726,complete,COOK,Wheeling Precinct 75,0,0,0,Wheeling,1,0,0,354,236,157,192,144,96,0.75316,34.182012091280654,81,0.23176,26.916070571964312,64,0.01372,14.97527040087992,35,0.00068,6.537712407364587,15,0.00044,5.595400283263185,13,0.00016,5.12690937806321,12,8e-05,3.059741690882402,7,COOK:9600075,COOK:9600075,COOK:WHEELING PRECINCT 75,1.0,89.09420215,0.756745222,0.756745222,0.756745222,0.756745222,6.365326514,0.756745222,0.756745222,22.244115075465558,15.837196249924034,8.85135139265684,3.9679637614087913,3.7933644678552336,3.8954669158201773,2.077342033862859,33.28175168453115,26.264589260946416,14.62499795702697,6.318719001392734,5.432153111426225,5.010635975048996,3.017989979747009,19.837430132124993,19.42400428441579,12.528814731873842,7.250805456638051,3.5000684652901124,0.0021781259122838573,0.0033629180343255085,1.0,0.3,0.2,1.0,1.000000012,1.00000002,1.00000001,1.39999999,1.000000426,290.1028879,289.4574713,1.710276149,1.16178859,0.548487559,0.005895412,0.004004747,0.001890666,1553.19,236,1.0000000000000004
COOK:9600077,COOK:9600077,COOK:Wheeling Precinct 77,,,,,,,,,,0.203435339,0.556556814,0.017720622,0.21960578,0.029756111,0.001002173,0.295,0.2286,0.7714,0.7646,0.0186,0.0,0.0102,0.1721,0.132306993,0.149749655,0.160017118,0.217246005,0.133024645,0.118744079,0.07523041,0.012626739,0.001054357,0.045106766,0.014987776,0.017755005,0.013664655,0.068798327,0.022468627,0.073581551,0.069461341,0.063341325,0.144484307,0.070341409,0.15220246,0.042402567,0.125434638,0.054676876,0.021292367,,0.506344389,-0.257142857,35.0,-0.0625,32.0,0.372972973,185.0,37.6,57671,123.3316105,2.211383408,-3.675175945,0.097163968,0.186946272,-0.506342518,-0.294920574,-0.42792561,0.503987894,-0.506342518,complete,COOK,Wheeling Precinct 77,0,0,0,Wheeling,1,0,0,174,116,77,89,67,45,0.73008,33.21128940311856,39,0.24158,26.59864353597548,31,0.02718,16.93078041151797,20,0.00036,5.640756864142097,7,0.00058,5.780339025388968,7,0.00014,5.098526619168163,6,8e-05,3.102526881861801,4,COOK:9600077,COOK:9600077,COOK:WHEELING PRECINCT 77,1.0,82.35945473,1.95939702,1.95939702,1.95939702,1.95939702,5.884163147,1.95939702,1.95939702,22.243036693584752,16.194649428888823,10.475875413333087,3.6002140776758607,4.022336491040841,3.8970578073970676,2.0798726248937673,32.39874294415696,25.946363046264942,16.604761529863385,5.4224133631722475,5.634663409762004,4.967799486373967,2.976093190525999,19.836351750244187,19.78145746338058,14.15333875255009,6.88305577290512,3.72904048847572,0.003769017489174289,0.005893509065233827,1.0,0.3,0.2,1.0,1.000000001,1.000000002,1.000000001,1.399999999,1.000000109,855.7541352,852.4792911,11.05750083,6.264003417,4.793497411,0.012921352,0.007319863,0.005601489,4889.76,116,0.9987271941644681
COOK:9600079,COOK:9600079,COOK:Wheeling Precinct 79,,,,,,,,,True,0.487115801,0.16354556,0.036379798,0.302322489,0.022388715,0.000560104,0.3592,0.7412,0.2588,0.7149,0.08,0.0,0.0,0.198,0.149264061,0.107747537,0.092181312,0.207119956,0.177061088,0.110528723,0.082908377,0.040943154,0.032245791,0.038343808,0.020734342,0.055929533,0.025887696,0.039371853,0.006293715,0.007261017,0.007254366,6.52e-05,0.09322596,0.067331686,0.094323612,0.113010701,0.219524835,0.14713646,0.064305222,,-0.196982415,0.280898876,89.0,-0.247311828,93.0,0.13368984,374.0,43.1,109729,201.4911613,-0.784911325,-0.37247466,-0.551483977,-0.574288795,-0.547446955,-0.570789689,-0.543585812,-0.104232677,-0.547446955,complete,COOK,Wheeling Precinct 79,0,0,0,Wheeling,1,0,0,311,207,138,158,119,79,0.74054,33.50552177562534,69,0.23716,26.716794247961715,55,0.02114,16.359865466132888,34,0.00048,5.825971356199385,12,0.00034,5.754857639496009,12,8e-05,5.099703230200612,11,0.00026,3.100286731001435,6,COOK:9600079,COOK:9600079,COOK:WHEELING PRECINCT 79,1.0,83.13158583,1.821514365,1.821514365,1.821514365,1.821514365,5.939327977,1.821514365,1.821514365,22.242098977205732,16.079986542011905,9.961175273775337,3.7169428083895717,3.949758884844858,3.898710995951074,2.0822171016597126,32.67054138843158,26.04244646975711,15.989047587355198,5.701095631934962,5.5722625575774005,4.983229171349632,2.9922141637136024,19.835414033865167,19.666794576503662,13.63863861299234,6.999784503618831,3.6564628822797367,0.005422206043180387,0.00823798583117909,1.0,0.3,0.2,1.0,1.0,1.0,1.0,1.4,1.0,630.3279322,628.2684794,6.587949266,1.647932273,4.940016993,0.010451622,0.002614405,0.007837217,3341.25,207,0.9997461007247793
COOK:9600008,COOK:9600008,COOK:Wheeling Precinct 8,,,,,,,,,,0.81802713,0.048160661,0.015001427,0.101318551,0.016869084,0.001873221,0.427,0.6811,0.3189,0.7455,0.0124,0.0739,0.0,0.1596,0.176439265,0.068072296,0.076260807,0.215073604,0.093829879,0.110902861,0.111344895,0.082841239,0.065235154,0.044589257,0.081676272,0.02284128,0.00986731,0.065333124,0.001112217,0.006570744,2.84e-05,0.002230622,0.095802386,0.010942678,0.057878894,0.149185332,0.079472736,0.143849364,0.228619413,,-0.196319148,,,-0.373493976,166.0,,,47.6,116947,316.7987876,-0.782085692,,-0.994354934,,,,,-0.336622028,-0.336622028,demographic_only,COOK,Wheeling Precinct 8,0,0,0,Wheeling,1,0,0,489,326,217,264,198,132,0.3509,27.61561106594059,90,0.6106,31.006050090973936,101,0.03566,17.191254220876466,56,0.00182,8.067377764070576,26,0.0005,4.44022749027402,14,0.00038,5.02079325252464,16,0.00014,3.049195380821703,10,COOK:9600008,COOK:9600008,COOK:WHEELING PRECINCT 8,1.0,78.49168666,2.650080417,2.650080417,2.650080417,2.650080417,5.607830837,2.650080417,2.650080417,19.41025746777304,19.799834427920707,11.175503596608442,5.46228738612207,3.263960041959605,3.895160702696045,2.076769159397609,26.982444033571177,30.222047445316107,16.82929788449575,7.818744077896414,4.276263536067287,4.907476324707924,2.914563668064819,17.003572524432474,23.386642462412464,14.852966935825444,8.74512908135133,2.970664039394484,0.0018719127881516161,0.0027900435690753995,1.0,0.3,0.2,1.0,1.0,1.0,1.0,1.4,1.0,627.5466517,627.0939105,3.169332015,1.358211764,1.811120251,0.005050353,0.00216432,0.002886033,2658.86,326,0.9997847493443587
COOK:9600080,COOK:9600080,COOK:Wheeling Precinct 80,,,,,,,,,,0.533655232,0.304418839,0.040944906,0.113924756,0.023597422,0.001412798,0.1205,0.5951,0.4049,0.9387,0.009,0.0,0.0022,0.0493,0.126623455,0.1676019,0.103196515,0.16278691,0.170591031,0.12020691,0.10866861,0.038641701,0.001682969,0.060341119,0.010083186,0.012830032,0.029222605,0.08962815,0.037473212,0.07411173,0.031233988,0.054001697,0.083429656,0.166210085,0.108090611,0.126912242,0.058733402,0.043033487,0.014664799,,0.196063085,0.269230769,52.0,-0.114754098,61.0,0.363934426,305.0,43.7,61592,193.1699924,0.889530989,-0.444097863,-0.086236162,0.158191805,0.031770477,0.129347192,-0.011346194,-0.486396883,0.031770477,complete,COOK,Wheeling Precinct 80,0,0,0,Wheeling,1,0,0,264,176,117,169,127,85,0.3393,27.119764945599776,48,0.60508,30.679766828211395,54,0.0529,18.384104946630423,32,0.0016,7.4844876271077085,13,0.00058,4.53820636116897,8,0.00026,4.968538073526909,9,0.00028,3.029591489751285,5,COOK:9600080,COOK:9600080,COOK:WHEELING PRECINCT 80,1.0,65.45992531,5.037303767,5.037303767,5.037303767,5.037303767,4.676777929,5.037303767,4.676777929,19.41011455777277,20.032703721913546,12.23103424300995,5.224912768575632,3.4127480638419754,3.895862813081276,2.0773666785984046,26.54732586624506,29.95807065397222,18.008740313970645,7.244391345929812,4.420123952296288,4.8826010427664945,2.8895837949389556,17.003429614432203,23.619511756405302,15.908497582226952,8.507754463804892,3.119452061276854,0.0025740231733824234,0.0033875627698712932,1.0,0.3,0.2,1.0,1.000000003,1.000000004,1.000000002,1.399999998,1.000000359,463.7996418,461.8955202,6.638805954,3.694244295,2.944561659,0.014313952,0.007965173,0.00634878,3336.04,176,1.0000000000000002
LAKE:CUBA 66,LAKE:CUBA 66,LAKE:Cuba 66,,,,,,,,,,0.915433564,0.025389411,0.010865475,0.026575202,0.006046377,0.0,0.4096,0.9642,0.0358,0.7346,0.0001,0.0,0.0499,0.2155,0.058315691,0.241834615,0.097481515,0.083177603,0.13578257,0.244663695,0.096626818,0.01630888,0.025808612,0.021196999,0.012109883,2.94e-06,2.18e-05,1.33e-05,4.92e-06,0.012131996,2.71e-05,1.15e-05,0.012137177,0.015158031,0.093929957,0.054556345,0.042554665,0.321052984,0.415090395,,0.15233682,,,,,-0.195121951,410.0,50.3,186776,179.202316,0.703249481,,,-1.620342741,,,,-0.683537202,-0.748995658,mc_lake_2race,LAKE,Cuba 66,0,0,0,,0,1,0,176,117,78,142,107,71,0.7561,34.22713374229303,40,0.22894,26.941209463968878,32,0.01356,14.915280171395395,17,0.00074,6.500292119886398,8,0.00038,5.584435706861825,7,8e-05,5.100523689784612,6,0.0002,3.138426052681831,4,LAKE:CUBA 66,LAKE:CUBA 66,LAKE:CUBA 66,1.3,86.17761068,1.277573066,1.277573066,1.277573066,1.277573066,6.156950923,1.277573066,1.277573066,22.245224981015795,15.838650111387462,8.852394094783865,3.968414684792247,3.7935392909630035,3.8939148436923716,2.0747829989525237,33.2829023966008,26.266310717912077,14.626273409718827,6.319212242351349,5.431687020244454,5.009052070688254,3.0153991126037374,19.83854003767523,19.42545814587922,12.529857434000867,7.251256380021506,3.5002432883978822,0.0006260537844783056,0.0008038831239901135,1.0,0.3,0.2,1.0,1.0,1.0,1.0,1.4,1.0,339.9411601,337.9343503,3.441340896,1.720455123,1.720885773,0.010123343,0.005061038,0.005062305,844.81,117,1.0000000000000004
LAKE:CUBA 67,LAKE:CUBA 67,LAKE:Cuba 67,,,,,,,,,,0.86283746,0.037966174,0.019083523,0.069150391,0.009058429,1.69e-09,0.4478,0.9645,0.0355,0.7352,0.0219,0.0,0.023,0.2077,0.104930597,0.183816746,0.076948867,0.08140874,0.120106268,0.181399745,0.118908895,0.076477478,0.056002664,0.030486365,0.008593428,0.010142556,0.008227695,1.41e-07,0.008330507,0.010353255,0.054747635,0.018266721,0.026448407,0.043265107,0.063786382,0.090316117,0.049123739,0.198566045,0.379345899,,-0.358459891,,,,,-0.173202614,612.0,52.9,169619,258.2534206,-1.472833509,,,-1.550610422,,,,-0.599344866,-1.521444079,mc_lake_2race,LAKE,Cuba 67,0,0,0,,0,1,0,320,213,142,185,139,93,0.75978,34.11741344564723,73,0.22668,26.88636109177443,57,0.0124,14.97953985989059,32,0.00052,6.511584987125161,14,0.00034,5.632766037820438,12,0.00022,5.1789737973247,11,6e-05,3.1677146360655652,7,LAKE:CUBA 67,LAKE:CUBA 67,LAKE:CUBA 67,1.3,91.33140718,0.357238236,0.357238236,0.357238236,0.357238236,6.525163407,0.357238236,0.357238236,22.244742328205405,15.838017886130917,8.851940666010668,3.968625502341231,3.7934632674993236,3.894738747260094,2.0759753131917247,33.282132598282764,26.265293017833265,14.625548620810033,6.319552654116419,5.431842153723806,5.009876236383121,3.0165916889700837,19.83805738486484,19.424825920622673,12.52940400522767,7.2514671975704905,3.5001672649342024,0.00144995735220053,0.0019961973631914343,1.0,0.3,0.2,1.0,1.0,1.0,1.0,1.4,1.0,566.0990945,562.965743,5.300271116,2.699967729,2.600303387,0.009362797,0.004769426,0.004593371,2315.04,213,0.999999849762609
LAKE:CUBA 68,LAKE:CUBA 68,LAKE:Cuba 68,,,,,,,,,,0.896566851,0.029693332,0.019220395,0.038799342,0.013599104,5.08e-06,0.5181,0.9772,0.0228,0.7903,0.029,0.0,0.0282,0.1416,0.10414356,0.161496986,0.085806432,0.065076695,0.142745507,0.160856187,0.144275571,0.097030446,0.038568615,0.012786554,0.007019553,0.011246367,0.013460496,0.002121674,0.000593103,0.000820003,0.022860285,0.016140397,0.058616784,0.051561818,0.080295043,0.065544298,0.066690682,0.172035939,0.418207001,,-0.275497036,,,,,-0.076655052,574.0,53.2,176228,231.5068063,-1.119397291,,,-1.243462196,,,,-0.614638459,-1.196937857,mc_lake_2race,LAKE,Cuba 68,0,0,0,,0,1,0,347,231,154,178,134,89,0.7574,34.152026951900105,79,0.22774,26.922261081373655,62,0.01348,14.974142068131707,35,0.0007,6.5007378148531805,15,0.00042,5.5386622246188715,13,0.00014,5.11641613781153,12,0.00012,3.1764619091444937,7,LAKE:CUBA 68,LAKE:CUBA 68,LAKE:CUBA 68,1.3,89.97903874,0.598736281,0.598736281,0.598736281,0.598736281,6.428543577,0.598736281,0.598736281,22.245086402288038,15.83846858758853,8.852263906828536,3.968794345538341,3.793517463192296,3.8942682376099325,2.0751876809774275,33.28247008589425,26.265807455416144,14.625931862439213,6.319745178681003,5.431694278751407,5.009394889457323,3.01579321948015,19.838401458947473,19.425276622080286,12.529727246045539,7.2516360407676,3.500221460627175,0.0009794477020390736,0.0012085651488940214,1.0,0.3,0.2,1.0,1.0,1.0,1.0,1.4,1.0,251.1172345,249.8085199,2.185209759,1.133456936,1.051752823,0.008701951,0.004513656,0.004188294,1115.27,231,0.9999999999999994
LAKE:CUBA 69,LAKE:CUBA 69,LAKE:Cuba 69,,,,,,,,,,0.882606229,0.04122231,0.009269782,0.052695809,0.01107477,0.001295679,0.5531,0.9997,0.0003,0.6281,0.0654,0.0,0.0,0.3036,0.08480073,0.135668581,0.06695083,0.069184205,0.116925069,0.207879617,0.139520118,0.13051812,0.04855273,0.032007781,0.04397548,4.58e-05,0.066103509,0.008050121,6.83e-05,0.006929116,0.006858849,0.015617906,0.004335178,0.048901179,0.06182958,0.107101339,0.069586101,0.160764971,0.367824758,,-0.20713355,,,,,-0.263513514,592.0,55.3,158892,248.1491441,-0.828156929,,,-1.83791786,,,,-0.481785331,-1.459257511,mc_lake_2race,LAKE,Cuba 69,0,0,0,,0,1,0,273,182,121,138,104,69,0.7577,34.20621019630544,62,0.22898,26.918113789986226,49,0.01232,14.944686180785727,27,0.0005,6.447413622042834,12,0.00034,5.657048734417312,10,8e-05,5.124075984887406,9,8e-05,3.1406529392185556,6,LAKE:CUBA 69,LAKE:CUBA 69,LAKE:CUBA 69,1.3,91.12817013,0.393531119,0.393531119,0.393531119,0.393531119,6.510643156,0.393531119,0.393531119,22.279609268841778,15.857354595275211,8.821185596916555,3.9295425840852563,3.7846536892426044,3.8942909711572096,2.0754454793119512,33.35039459938094,26.308831857622273,14.58388571133122,6.2612522246094615,5.419746817704524,5.010046182330501,3.0166795771405743,19.872924325501213,19.444162629766968,12.498648936133558,7.212384279314516,3.491357686677483,0.0010021812493161814,0.0014663634834179936,1.0,0.3,0.2,1.0,1.0,1.0,1.0,1.4,1.0,612.8806243,611.7278164,1.155659901,1.154074524,0.001585376,0.00188562,0.001883033,2.59e-06,1635.29,182,1.0
LAKE:CUBA 70,LAKE:CUBA 70,LAKE:Cuba 70,,,,,,,,,,0.933925273,0.014492898,0.005442812,0.028963811,0.006335974,1.09e-07,0.5123,0.9728,0.0272,0.7849,0.0,0.0,0.0,0.2,0.040882045,0.087307716,0.027271761,0.040041835,0.045713945,0.141642977,0.216690491,0.175887811,0.224561419,0.057754398,1.14e-05,0.017332775,0.02166531,0.030310412,0.010107224,7.37e-06,0.167451985,0.007238255,0.031806309,0.086653405,0.070810994,0.147309242,0.080898137,0.109926542,0.160716258,,-0.49753386,,,,,-0.080058224,687.0,67.2,99594,270.1408048,-2.065312849,,,-1.254288758,,,,-0.770123759,-1.558422793,mc_lake_2race,LAKE,Cuba 70,0,0,0,,0,1,0,384,256,171,205,154,103,0.80778,38.02245469918026,97,0.1904,29.274598453018243,75,0.0017,12.226124889441364,31,0.0,3.021150466677193,8,8e-05,4.790060495952446,12,0.0,5.14955765412114,13,4e-05,3.1341033765181394,8,LAKE:CUBA 70,LAKE:CUBA 70,LAKE:CUBA 70,1.3,91.44232853,0.337430549,0.337430549,0.337430549,0.337430549,6.533088172,0.337430549,0.337430549,24.268221445015296,16.95233592736804,7.048100481837256,1.713639454179896,3.2779290243650756,3.893846407366667,2.0747887065725363,37.32122850629654,28.825352365039798,12.116687928620173,2.87925955917349,4.711648111140758,5.04511965699376,3.051540842854961,21.86153650167473,20.539143961859796,10.725563821054259,4.996481149409155,2.9846330217999544,0.0005576174587735776,0.0008095907440027138,1.0,0.3,0.2,1.0,1.0,1.0,1.0,1.4,1.0,123.4651675,123.2326612,0.232726919,0.232462164,0.000264756,0.00188496,0.001882816,2.14e-06,904.86,256,0.9999999999999997
LAKE:CUBA 71,LAKE:CUBA 71,LAKE:Cuba 71,,,,,,,,,,0.892187513,0.040939353,0.008011085,0.038033377,0.011728428,0.001135103,0.5945,0.9859,0.0141,0.6676,0.0361,0.0,0.0,0.2825,0.071395392,0.104410925,0.060153367,0.055525398,0.10577067,0.204927609,0.168408802,0.159692983,0.069714853,0.027100521,0.026257887,0.010357163,0.060152335,0.023564263,0.000588635,0.007118734,0.016886706,0.014076621,0.019979876,0.059210014,0.064384921,0.125332681,0.082015769,0.161334475,0.301639398,,-0.228964906,,,,,-0.026315789,684.0,57.9,138714,256.470313,-0.92116231,,,-1.083317133,,,,-0.460211826,-1.022509075,mc_lake_2race,LAKE,Cuba 71,0,0,0,,0,1,0,390,260,173,159,120,80,0.76382,34.76830362255273,90,0.2258,27.34537832860127,71,0.0093,14.474907166562174,38,0.00054,5.9052817128177475,15,0.00028,5.504694469918311,14,8e-05,5.1803328070790595,13,0.00018,3.110814582201299,8,LAKE:CUBA 71,LAKE:CUBA 71,LAKE:CUBA 71,1.3,88.85440648,0.79956653,0.79956653,0.79956653,0.79956653,6.348194336,0.79956653,0.79956653,22.580338986950736,16.023039489254852,8.553279052703292,3.5946032281943863,3.708075550684125,3.8940378527846087,2.075051201468572,33.939746400075784,26.682399194082237,14.217977277307096,5.759464178395826,5.314634794037097,5.015061445441078,3.0215536807803725,20.17365404361017,19.60984752374661,12.230742391920295,6.877444923423646,3.4147795481190037,0.0007490628767150875,0.0010720856400382578,1.0,0.3,0.2,1.0,1.0,1.0,1.0,1.4,1.0,229.9146125,229.4818168,0.433024837,0.432749802,0.000275035,0.001883416,0.00188222,1.2e-06,943.12,260,1.0
LAKE:ELA 79,LAKE:ELA 79,LAKE:Ela 79,,,,,,,,,,0.806657077,0.07064586,0.034322656,0.080075978,0.006265452,5.78e-05,0.4991,1.0,0.0,0.6902,0.0445,0.0,0.0327,0.2325,0.115286676,0.105553071,0.090317942,0.100872277,0.124406273,0.161582454,0.173973044,0.098560953,0.029447308,0.009678811,0.001143959,0.001485563,0.011551718,0.004645002,0.011089396,0.041889288,0.002229027,0.029007611,0.015691091,0.018646713,0.072549536,0.048165509,0.130924495,0.144719342,0.456582941,,-0.252292185,,,,,-0.168421053,570.0,53.5,185000,239.8279752,-1.020540583,,,-1.535398769,,,,-0.422793357,-1.342326949,mc_lake_2race,LAKE,Ela 79,0,0,0,,0,1,0,285,190,127,167,126,84,0.7529,34.080099469457636,65,0.23302,26.954126487708084,51,0.01284,14.957640675381361,28,0.0006,6.474108368108832,12,0.0004,5.558490556059828,11,0.00012,5.175752743088136,10,0.00012,3.090343255515746,6,LAKE:ELA 79,LAKE:ELA 79,LAKE:ELA 79,1.3,90.68095246,0.473392634,0.473392634,0.473392634,0.473392634,6.478691734,0.473392634,0.473392634,22.244618470498732,15.837855645346878,8.851824307736605,3.9693785194369617,3.793443758461643,3.8952060538272737,2.076417825215316,33.28147232816335,26.264569628966683,14.6250703772054,6.320593105941875,5.431800301937764,5.010320284930518,3.017010942973892,19.837933527158167,19.424663679838634,12.529287646953607,7.252220214666221,3.500147755896522,0.001917263919380457,0.002438709386782161,1.0,0.3,0.2,1.0,1.0,1.0,1.0,1.4,1.0,503.1428457,502.0198989,1.966389796,0.842938087,1.123451709,0.003908214,0.001675345,0.002232868,1679.85,190,0.9999999999999993
LAKE:ELA 80,LAKE:ELA 80,LAKE:Ela 80,,,,,,,,,,0.863786269,0.046689463,0.007409835,0.06485296,0.012076805,0.000294133,0.5006,0.9969,0.0031,0.7074,0.0436,0.0,0.0286,0.2204,0.117620426,0.138680865,0.093775986,0.12189165,0.12061406,0.15926459,0.143296772,0.080531388,0.024324261,0.009474097,0.000140716,0.000277815,0.015248524,0.003943325,0.007956522,0.038336502,0.000485968,0.027817781,0.037133232,0.023075548,0.084181596,0.04770081,0.104903556,0.132225327,0.467098679,,-0.302526342,,,,,-0.153324288,737.0,51.2,187559,286.485958,-1.234546844,,,-1.487371201,,,,-0.548010907,-1.392562067,mc_lake_2race,LAKE,Ela 80,0,0,0,,0,1,0,389,259,173,171,129,86,0.75734,34.16936889690974,88,0.2284,26.87110808233868,70,0.01292,14.946624552760944,39,0.00078,6.508656078518928,17,0.00036,5.538736804900002,14,0.00012,5.153538118475653,13,8e-05,3.2137087501873287,8,LAKE:ELA 80,LAKE:ELA 80,LAKE:ELA 80,1.3,90.88435583,0.437070051,0.437070051,0.437070051,0.437070051,6.493223867,0.437070051,0.437070051,22.244791045949196,15.838081701335973,8.851986433954675,3.968026991171417,3.7934709411138683,3.8944442567563917,2.075742194819545,33.282592470795315,26.265777503168792,14.625863152640783,6.318731113559683,5.431893937411921,5.009600983912254,3.0163778086307387,19.83810610260863,19.42488973582773,12.529449773171677,7.250868686400676,3.500174938548747,0.0011554668484983716,0.0017630789910113485,1.0,0.3,0.2,1.0,1.0,1.0,1.0,1.4,1.0,412.3291574,411.409267,1.609875995,0.689954299,0.919921696,0.003904347,0.00167331,0.002231037,1391.59,259,1.0000000000000018
LAKE:ELA 81,LAKE:ELA 81,LAKE:Ela 81,,,,,,,,,,0.794238125,0.051872086,0.014005091,0.122801106,0.010734576,0.001376046,0.5109,0.973,0.027,0.822,0.037,0.0,0.0011,0.1399,0.122656099,0.167986838,0.089380579,0.131683301,0.127473857,0.172715172,0.109281173,0.06106294,0.017760041,0.009887234,2.64e-08,0.0,0.013745104,0.002872479,0.0038368,0.025921338,0.0,0.02197116,0.05419228,0.025655961,0.08490429,0.055553148,0.087869017,0.145422507,0.468168653,,-0.26649549,,,,,-0.207792208,616.0,48.2,189056,238.3420522,-1.081049137,,,-1.660650823,,,,-0.59813994,-1.44330019,mc_lake_2race,LAKE,Ela 81,0,0,0,,0,1,0,305,203,135,213,160,107,0.75766,34.10764019681437,69,0.22838,26.92389300681764,55,0.01258,14.92875424505639,30,0.0007,6.474390177053609,13,0.00032,5.652649122398223,11,0.00018,5.114651888802595,10,0.00018,3.170009265180113,6,LAKE:ELA 81,LAKE:ELA 81,LAKE:ELA 81,1.3,91.07239016,0.403491979,0.403491979,0.403491979,0.403491979,6.506657962,0.403491979,0.403491979,22.244134117907755,15.837221193553585,8.851369282102457,3.9680695983811587,3.793367467262637,3.8954762023728047,2.0773172941111495,33.281706476798796,26.26455391594211,14.624978818952322,6.318861247184295,5.432133650234088,5.010641441307112,3.0179614197007893,19.83744917456719,19.42402922804534,12.52883262131946,7.250911293610418,3.5000714646975157,0.002187412464911288,0.003338178282616106,1.0,0.3,0.2,1.0,1.0,1.0,1.0,1.4,1.0,499.8338088,498.7187184,1.951430489,0.836333024,1.115097465,0.003904159,0.001673222,0.002230936,1830.47,203,0.9999839646506794
LAKE:ELA 82,LAKE:ELA 82,LAKE:Ela 82,,,,,,,,,,0.740223131,0.050406859,0.025217677,0.170852729,0.008328374,0.002156117,0.4779,0.9732,0.0268,0.8101,0.0319,0.0,0.0,0.1574,0.129409831,0.188566893,0.067819557,0.11129024,0.152050078,0.184327462,0.094621692,0.052349841,0.019564404,0.011039571,0.002417734,0.0,0.003898959,0.012325523,0.004676513,0.005000891,0.0,0.015456638,0.045144622,0.01518722,0.07912995,0.059770762,0.067662247,0.144645864,0.533643506,,-0.265525768,,,,,0.007949126,629.0,48.5,206304,277.8676045,-1.076917952,,,-0.974309639,,,,-0.579012066,-1.012787756,mc_lake_2race,LAKE,Ela 82,0,0,0,,0,1,0,417,278,185,245,184,123,0.75498,34.149693294358904,95,0.23106,26.902630293096188,75,0.01284,14.92332417465797,41,0.00052,6.514207073419531,18,0.00048,5.588101364338666,16,8e-05,5.168514377050917,14,4e-05,3.1397204835450943,9,LAKE:ELA 82,LAKE:ELA 82,LAKE:ELA 82,1.3,88.78058675,0.812748827,0.812748827,0.812748827,0.812748827,6.342920292,0.812748827,0.812748827,22.24358938160876,15.836507645348817,8.850857528919937,3.9684106632554794,3.7932816649232532,3.8964438408551083,2.078683123058136,33.28076937451326,26.263337093710476,14.624117669326985,6.319386096372173,5.432296699144065,5.0116059340970915,3.0193241029554514,19.836904438268196,19.423315679840574,12.52832086813694,7.251252358484739,3.499985662358132,0.003155050947215116,0.0047040072296023975,1.0,0.3,0.2,1.0,1.0,1.0,1.0,1.4,1.0,486.4993506,485.4881131,2.398127064,1.117496585,1.280630478,0.004929353,0.002297016,0.002632337,1798.24,278,1.0
LAKE:ELA 83,LAKE:ELA 83,LAKE:Ela 83,,,,,,,,,,0.791599127,0.05461755,0.028297388,0.115325288,0.008068908,0.001128805,0.5606,0.9552,0.0448,0.6643,0.1634,0.0,0.0,0.1668,0.104573709,0.140390996,0.052200027,0.07533769,0.171522617,0.179080802,0.165673552,0.068480927,0.042739679,0.024320334,0.005707515,1.18e-05,0.004917181,0.024279094,0.008598627,0.004326326,5.09e-05,5.67e-05,0.040028282,0.015515345,0.103461944,0.041252177,0.079874157,0.072682206,0.574917467,,-0.156632467,,,,,-0.085814361,571.0,53.2,213031,237.1533138,-0.613013516,,,-1.272600845,,,,-0.431239285,-1.025255596,mc_lake_2race,LAKE,Ela 83,0,0,0,,0,1,0,339,224,151,195,147,98,0.75294,34.13322067041938,76,0.23288,26.9015017469995,60,0.01276,14.877560671765345,33,0.00068,6.540562670754807,15,0.00042,5.684875562630968,13,0.00014,5.175032250712608,12,0.00018,3.1655713362921953,7,LAKE:ELA 83,LAKE:ELA 83,LAKE:ELA 83,1.3,88.87502536,0.795884532,0.795884532,0.795884532,0.795884532,6.34966745,0.795884532,0.795884532,22.24421886737458,15.837332206588737,8.851448900092747,3.9688701657562673,3.7933808162950555,3.895638176915745,2.0772715668882715,33.28128710670624,26.264178675922665,14.624755852038621,6.319943695800874,5.432008531749211,5.010775415637017,3.0178876922648747,19.837533924034016,19.424140241080494,12.528912239309749,7.251711860985527,3.5000848137299343,0.002349387007851897,0.00329245105973818,1.0,0.3,0.2,1.0,1.0,1.0,1.0,1.4,1.0,464.3319964,463.4719758,3.001569307,1.497701153,1.503868154,0.006464274,0.003225496,0.003238778,1353.61,225,0.997569397757117
LAKE:ELA 87,LAKE:ELA 87,LAKE:Ela 87,,,,,,,,,,0.814144641,0.053865117,0.018040705,0.098627042,0.012062194,0.001463987,0.4314,0.9745,0.0255,0.7839,0.0277,0.0,0.0,0.1875,0.109274831,0.141519676,0.047132467,0.073868426,0.18447662,0.194862021,0.146942068,0.065787592,0.036136298,0.021253709,0.005931157,0.0,0.003241093,0.037522429,0.010228532,0.002390588,0.0,7.02e-06,0.039662449,0.021092744,0.139218209,0.037611574,0.086127499,0.085490498,0.510222497,,-0.237165682,,,,,0.034591195,636.0,52.5,202004,253.2012824,-0.956099044,,,-0.88955282,,,,-0.718258118,-0.914507654,mc_lake_2race,LAKE,Ela 87,0,0,0,,0,1,0,357,238,159,201,151,101,0.75954,34.166522191319814,81,0.22594,26.904235000350525,64,0.01324,14.9431513618778,36,0.00052,6.493530906181117,15,0.00048,5.630070636453667,13,0.00018,5.163035288932985,12,0.0001,3.1268332868706574,7,LAKE:ELA 87,LAKE:ELA 87,LAKE:ELA 87,1.3,87.95533142,0.960118095,0.960118095,0.960118095,0.960118095,6.283960007,0.960118095,0.960118095,22.244408166718863,15.837580169148836,8.851626737593323,3.968413090351529,3.7934106331561925,3.895177970150837,2.0767307921421554,33.281836899044244,26.264825429463293,14.625196669892212,6.3192996262631,5.43199143464065,5.010327601084672,3.0173593097313214,19.837723223378298,19.424388203640593,12.529090076810325,7.251254785580788,3.5001146305910713,0.0018891802429436473,0.0027516763136219017,1.0,0.3,0.2,1.0,1.0,1.0,1.0,1.4,1.0,285.0223598,284.4964883,1.840550294,0.920275147,0.920275147,0.006457565,0.003228782,0.003228782,1056.68,238,1.0
LAKE:ELA 88,LAKE:ELA 88,LAKE:Ela 88,,,,,,,,,,0.820875327,0.055116015,0.008839011,0.097181223,0.016414028,0.000638137,0.3968,0.9714,0.0286,0.8189,0.0398,0.0,0.0,0.102,0.095898071,0.160075444,0.050011505,0.0679068,0.193588494,0.250653464,0.120184649,0.052120357,0.009561217,0.012886548,0.005955343,0.0,0.001950538,0.055955097,0.007444574,0.001950934,0.0,5.54e-06,0.023400269,0.049434718,0.236261706,0.044846835,0.124596406,0.129143074,0.306168418,,-0.145250262,,,,,0.026521061,641.0,51.6,137020,259.7393437,-0.56452334,,,-0.91522646,,,,-0.655519572,-0.78371279,mc_lake_2race,LAKE,Ela 88,0,0,0,,0,1,0,329,219,146,210,158,105,0.7556,34.14907161849498,75,0.23066,26.929198557923286,59,0.01244,15.00828347882775,33,0.00056,6.49822760797316,14,0.00036,5.533978974426877,12,0.00016,5.129867102466802,11,0.00022,3.2025112103168,7,LAKE:ELA 88,LAKE:ELA 88,LAKE:ELA 88,1.3,86.5969523,1.202689494,1.202689494,1.202689494,1.202689494,6.186910744,1.202689494,1.202689494,22.24442455721812,15.837601639007445,8.8516421356679,3.9679309835103513,3.7934132148515602,3.894976110066371,2.076597515344593,33.28217749289187,26.26517410281759,14.625419884646774,6.318640367418001,5.43204166382111,5.010141583295291,3.0172418752288443,19.837739613877556,19.424409673499202,12.529105474884902,7.250772678739611,3.500117212286439,0.001687320158477404,0.002618399516059467,1.0,0.3,0.2,1.0,1.0,1.0,1.0,1.4,1.0,106.8892555,106.6918759,0.690439859,0.345219929,0.345219929,0.006459394,0.003229697,0.003229697,545.43,219,0.9992970416102763
LAKE:ELA 89,LAKE:ELA 89,LAKE:Ela 89,,,,,,,,,,0.719085487,0.050541443,0.007875667,0.209764516,0.011151312,0.003057677,0.4327,0.9475,0.0525,0.7895,0.0651,0.0,0.0,0.1122,0.093894224,0.151208463,0.065040244,0.084222574,0.170951847,0.226748167,0.135730154,0.053617121,0.018587207,0.011333546,0.001347623,0.0,0.009696389,0.033795659,0.003350611,0.009279405,0.0,0.000249449,0.037075477,0.042979029,0.195974814,0.045844664,0.122669019,0.108721839,0.377682477,,-0.27804616,,,,,-0.145454545,550.0,51.7,147229,239.5307906,-1.130257004,,,-1.462335068,,,,-0.519740068,-1.337805794,mc_lake_2race,LAKE,Ela 89,0,0,0,,0,1,0,329,219,146,193,145,97,0.75882,34.19530268153878,75,0.22762,26.94694888111856,59,0.01232,14.968556833678488,33,0.00054,6.480317310967676,14,0.00038,5.592707114335182,12,0.00014,5.149449118531492,11,0.00018,3.0444369005661063,7,LAKE:ELA 89,LAKE:ELA 89,LAKE:ELA 89,1.3,90.66174754,0.476822136,0.476822136,0.476822136,0.476822136,6.47731964,0.476822136,0.476822136,22.243148258884613,15.835929820209422,8.850443115637066,3.9672804282071272,3.793212182933973,3.896712525529789,2.0795143970584644,33.280941680496234,26.263281861373343,14.624008403606283,6.31789310899842,5.432593130878057,5.011919013291579,3.0201997714755864,19.836463315544048,19.42273785470118,12.527906454854069,7.250122123436387,3.4999161803688517,0.003423735621895473,0.005535281229931062,1.0,0.3,0.2,1.0,1.0,1.0,1.0,1.4,1.0,375.1250558,374.4044949,2.455709766,1.227854883,1.227854883,0.006546376,0.003273188,0.003273188,1623.46,219,0.9997863195475002
LAKE:ELA 90,LAKE:ELA 90,LAKE:Ela 90,,,,,,,,,,0.720936692,0.040427357,0.021791438,0.20332109,0.006821473,0.001913853,0.525,0.9583,0.0417,0.7048,0.136,0.0,0.0,0.1412,0.081367592,0.153747748,0.067797682,0.075230369,0.149911499,0.185691133,0.184627491,0.06296831,0.038658177,0.016286113,0.00053236,1.44e-06,0.010078535,0.009155331,0.001122073,0.00847564,6.95e-06,7e-06,0.022486342,0.019612723,0.105132454,0.049500706,0.101287953,0.065126106,0.591188262,,-0.148676477,,,,,-0.178694158,582.0,53.6,215425,254.0928362,-0.579119613,,,-1.568080754,,,,-0.449132457,-1.197220326,mc_lake_2race,LAKE,Ela 90,0,0,0,,0,1,0,350,233,155,212,159,106,0.7563,34.17244110524994,80,0.22996,26.908511967919207,63,0.01252,14.98253137885442,35,0.00056,6.4861118458855564,15,0.0004,5.604764070667722,13,0.0001,5.108642087111207,12,0.00016,3.216947520161507,7,LAKE:ELA 90,LAKE:ELA 90,LAKE:ELA 90,1.3,89.98058704,0.598459795,0.598459795,0.598459795,0.598459795,6.428654195,0.598459795,0.598459795,22.243221304659404,15.836025502618625,8.850511738579561,3.9680554578520484,3.793223688497988,3.896883257589699,2.079491594073515,33.280523926709215,26.262902214409245,14.62378068082268,6.31894205455604,5.432475325575958,5.012062772453606,3.020149995592754,19.83653636131884,19.42283353711038,12.527975077796563,7.250897153081308,3.499927685932867,0.0035944676818054928,0.005512478244981525,1.0,0.3,0.2,1.0,1.0,1.0,1.0,1.4,1.0,717.2014492,715.8774883,4.632042283,2.315359027,2.316683256,0.006458495,0.003228325,0.003230171,2349.38,233,0.999713836117722
LAKE:FREMONT 115,LAKE:FREMONT 115,LAKE:Fremont 115,,,,,,,,,,0.810049286,0.051506787,0.013377824,0.100991193,0.008026446,0.000669108,0.4692,1.0,0.0,0.515,0.0,0.0,0.0,0.2657,0.085708142,0.138344976,0.061442523,0.125438085,0.082095126,0.165709755,0.176020155,0.03980538,0.125435858,1.01e-05,0.016277263,7.21e-06,1.31e-05,3.8e-07,2.68e-06,2.56e-06,1.24e-05,0.017638135,0.013593014,0.230601619,0.066505215,0.039361945,0.032580581,0.130272868,0.453120986,,-0.267504338,,,,,-0.248407643,628.0,55.7,182007,276.6788661,-1.085347005,,,-1.789861323,,,,0.021268446,-1.525668454,mc_lake_2race,LAKE,Fremont 115,0,0,0,,0,1,0,363,242,161,261,196,131,0.7581,34.302333086041386,83,0.2287,27.025031988942743,65,0.012,14.853792295433376,36,0.00064,6.380713176558525,15,0.00026,5.571029036562627,13,0.0001,5.145536088474495,12,0.0002,3.1537811227709414,8,LAKE:FREMONT 115,LAKE:FREMONT 115,LAKE:FREMONT 115,1.3,91.34443794,0.354911279,0.354911279,0.354911279,0.354911279,6.526094389,0.354911279,0.354911279,22.325302307263346,15.882093913848,8.779430832254336,3.87797334778182,3.772782171603987,3.89512395890201,2.076743764926609,33.440092752435795,26.365127668003424,14.527008101238824,6.184275365354297,5.403839356413408,5.011697516996906,3.018796209676837,19.91861736392278,19.468901948339756,12.456894171471339,7.1608150430110795,3.4794861690388657,0.001835168994116925,0.0027646490980759355,1.0,0.3,0.2,1.0,1.0,1.0,1.0,1.4,1.0,550.964424,548.8509101,5.988049939,2.8178899,3.170160039,0.010868306,0.005114468,0.005753838,1788.63,242,0.9996787289824318
LAKE:FREMONT 118,LAKE:FREMONT 118,LAKE:Fremont 118,,,,,,,,,,0.856712134,0.094878708,0.007928047,0.037518094,0.010391485,0.000866027,0.2887,0.8945,0.1055,0.86,0.0001,0.0,0.0,0.126,0.092255003,0.141553491,0.1326285,0.075984967,0.111836918,0.188915425,0.160473867,0.059205823,0.037146006,1.95e-05,0.008091947,4.92e-06,4.88e-06,0.036541137,0.028413199,1.48e-06,4.73e-06,0.024485991,0.021999471,0.034437517,0.036661503,0.142829758,0.068969784,0.253444105,0.344090067,,-0.224738773,,,,,-0.150887574,676.0,52.3,169242,276.9760507,-0.903158247,,,-1.479619246,,,,-0.914556532,-1.263446371,mc_lake_2race,LAKE,Fremont 118,0,0,0,,0,1,0,366,244,163,198,149,99,0.75862,34.176635496862026,83,0.22762,26.919345971040297,66,0.01252,14.97120738971432,37,0.00062,6.436782105205793,16,0.00036,5.57630296249409,14,8e-05,5.17132327047543,13,0.00018,3.1671811297755412,8,LAKE:FREMONT 118,LAKE:FREMONT 118,LAKE:FREMONT 118,1.3,90.32276808,0.537355106,0.537355106,0.537355106,0.537355106,6.453101286,0.537355106,0.537355106,22.245100927131322,15.838487613630797,8.85227755221033,3.9682000779261344,3.793519751025024,3.8940282012357286,2.0750369418114865,33.2828825000802,26.266226914559446,14.626199519115932,6.318933181018099,5.431758295861594,5.009174466126567,3.0156620933576566,19.838415983790757,19.425295648122553,12.529740891427332,7.251041773155394,3.5002237484599026,0.0007394113278353563,0.0010578259829529962,1.0,0.3,0.2,1.0,1.0,1.0,1.0,1.4,1.0,718.3348342,716.5632747,4.74818438,2.362618551,2.38556583,0.006609988,0.003289021,0.003320966,1832.16,244,0.9995527120700634
LAKE:VERNON 270,LAKE:VERNON 270,LAKE:Vernon 270,,,,,,,,,,0.660311252,0.041724137,0.007158876,0.287227169,0.002386397,5.28e-07,0.6326,0.9021,0.0979,0.6635,0.008,0.0,0.0127,0.3021,0.07020553,0.061581263,0.174919063,0.023774215,0.077777011,0.214891375,0.29046272,0.061553898,0.024834925,9.59e-07,0.0,2.37e-06,6.51e-06,0.008877024,0.02070633,2.85e-06,0.02662395,0.02958098,0.00591858,0.008881257,0.071010821,0.091718181,0.082843557,0.141998369,0.511828254,,-0.326660276,,,,,-0.091383812,383.0,56.3,202311,174.744547,-1.337361608,,,-1.290319024,,,,-0.220184353,-1.307959993,mc_lake_2race,LAKE,Vernon 270,0,0,0,,0,1,0,270,180,120,146,110,73,0.75724,34.423964124614706,62,0.22974,27.157074260113546,49,0.01162,14.714239594860812,26,0.00056,6.284986271070496,11,0.00056,5.516266959831244,10,0.00014,5.17420009598555,9,0.00014,3.145373528070286,6,LAKE:VERNON 270,LAKE:VERNON 270,LAKE:VERNON 270,1.3,90.53104113,0.500162924,0.500162924,0.500162924,0.500162924,6.467981333,0.500162924,0.500162924,22.39255185387572,15.91751311070831,8.715586782830098,3.7993547409934685,3.754771703319945,3.8979062102001456,2.081520789041428,33.57397657109451,26.448175884166275,14.440402609346734,6.067068087417181,5.380578567271603,5.015770892663286,3.0248643581599,19.985866910535155,19.504321145200066,12.3930501220471,7.082196436222728,3.4614757007548236,0.004617420292252287,0.007541673212894537,1.0,0.3,0.2,1.0,1.0,1.0,1.0,1.4,1.0,648.1406944,646.3395706,4.385227045,1.357595509,3.027631535,0.006765857,0.0020946,0.004671257,1113.13,180,0.9995298807425926
LAKE:VERNON 275,LAKE:VERNON 275,LAKE:Vernon 275,,,,,,,,,,0.734511017,0.043536265,0.033692554,0.181239034,0.008424019,0.007018324,0.4893,0.9432,0.0568,0.7518,0.0288,0.0,0.0025,0.2018,0.138321619,0.230206917,0.035096283,0.0726596,0.198712939,0.141008699,0.087668047,0.08055396,0.015771936,0.009142715,0.00304771,0.051796575,0.015237933,6.93e-06,0.006102624,0.003047403,1.14e-05,0.003067402,0.027431599,0.012198531,0.045741893,0.045753262,0.079282751,0.146356437,0.551774779,,-0.311297952,,,,,-0.223404255,376.0,48.4,209383,151.5641479,-1.271915431,,,-1.710317665,,,,-0.457314311,-1.545916827,mc_lake_2race,LAKE,Vernon 275,0,0,0,,0,1,0,228,152,101,128,96,64,0.7601,34.1815253358822,52,0.22524,26.865945406197145,41,0.0135,14.994238553885541,23,0.00038,6.516546990766294,10,0.00054,5.643918264975284,9,0.0001,5.150865356514839,8,0.00014,3.197194603676218,5,LAKE:VERNON 275,LAKE:VERNON 275,LAKE:VERNON 275,1.3,91.40560046,0.343989233,0.343989233,0.343989233,0.343989233,6.530464139,0.343989233,0.343989233,22.243471637462097,15.836353412696013,8.850746914037307,3.9688064919998673,3.79326311884279,3.8967709203583496,2.0790412731553047,33.28035356490724,26.262861056532955,14.62379684801915,6.319938800818512,5.432294294171564,5.011921583108902,3.0196708225611886,19.836786694121532,19.42316144718777,12.52821025325431,7.251648187229127,3.4999671162776687,0.0034821304504563033,0.005062157326771079,1.0,0.3,0.2,1.0,1.0,1.0,1.0,1.4,1.0,926.9240604,925.2836374,2.418239601,1.640094879,0.778144722,0.002608886,0.001769395,0.000839491,2488.47,152,0.9998028371779274
LAKE:VERNON 276,LAKE:VERNON 276,LAKE:Vernon 276,,,,,,,,,,0.660435981,0.027787091,0.008089247,0.293836166,0.007169172,0.001796718,0.5002,0.9084,0.0916,0.6356,0.0319,0.0,0.0,0.303,0.094194647,0.222466547,0.061238701,0.088191402,0.160650471,0.173094333,0.109303391,0.067821544,0.023038965,0.048007865,0.020310125,0.016658143,0.0424742,1.17e-05,0.022158971,0.00738769,3.69e-06,3.51e-05,0.062799952,0.044329873,0.07019532,0.029611064,0.116425122,0.186651601,0.332939598,,-0.39816733,,,,,-0.009416196,531.0,50.5,155248,220.8081606,-1.641994118,,,-1.029554201,,,,-0.245525487,-1.25921917,mc_lake_2race,LAKE,Vernon 276,0,0,0,,0,1,0,393,262,175,187,141,94,0.75712,34.12778679705575,89,0.22898,26.92736699369202,71,0.01266,14.921802248238217,39,0.0006,6.504712069653962,17,0.0004,5.636110195398788,15,6e-05,5.252620640670604,14,0.00018,3.1731600643915545,8,LAKE:VERNON 276,LAKE:VERNON 276,LAKE:VERNON 276,1.3,90.30211745,0.541042774,0.541042774,0.541042774,0.541042774,6.451625904,0.541042774,0.541042774,22.242195182243034,15.83468138839413,8.849547746620145,3.966844286604963,3.793062062213892,3.8980273761213304,2.08170228232521,33.27998595059423,26.261835956307287,14.622933589082297,6.3174028097800266,5.432999197473026,5.013262837011713,3.022416629870925,19.83551023890247,19.421489422885887,12.527011085837147,7.249685981834222,3.499766059648771,0.004738586213436974,0.0077231664966762375,1.0,0.3,0.2,1.0,1.0,1.0,1.0,1.4,1.0,282.3019591,282.2954981,0.009810347,0.006381944,0.003428403,3.48e-05,2.26e-05,1.21e-05,1342.35,262,0.9995675114311101
LAKE:VERNON 283,LAKE:VERNON 283,LAKE:Vernon 283,,,,,,,,,,0.645858411,0.029869755,0.019301337,0.291820076,0.014017514,0.000879473,0.4908,0.9512,0.0488,0.6044,0.0483,0.0,0.0092,0.3126,0.123768603,0.120392834,0.079199641,0.120882855,0.178706735,0.152932778,0.111389653,0.066128903,0.046597999,0.019650308,1.76e-06,0.009852502,0.029497893,0.007858007,0.015719541,1.76e-06,0.007858007,1.76e-06,0.011856759,0.017705528,0.129805675,0.078671172,0.106362397,0.179278112,0.385878808,,-0.174488354,,,,,0.200845666,473.0,48.3,168172,187.8206696,-0.689082706,,,-0.360644945,,,,-0.179469502,-0.483809106,mc_lake_2race,LAKE,Vernon 283,0,0,0,,0,1,0,336,224,149,162,122,81,0.75682,34.1458460937636,76,0.22898,26.96401471203782,60,0.013,14.92842516498467,33,0.00052,6.56914085640587,15,0.00038,5.545720000686553,12,0.00016,5.159139585274917,12,0.00014,3.1459866622161767,7,LAKE:VERNON 283,LAKE:VERNON 283,LAKE:VERNON 283,1.3,81.91103529,2.039473142,2.039473142,2.039473142,2.039473142,5.852125863,2.039473142,2.039473142,22.2422180376085,15.834711326558768,8.849569218121195,3.967451833724872,3.7930656622013146,3.89821444250796,2.081766463887502,33.2796135432396,26.261475745032612,14.622709697602353,6.318228873820769,5.432919645665431,5.013429278361926,3.0224601863968,19.835533094267934,19.421519361050525,12.527032557338197,7.250293528954131,3.4997696596361934,0.004925652600066407,0.007787348058968714,1.0,0.3,0.2,1.0,1.0,1.0,1.0,1.4,1.0,74.02194925,73.64370142,0.536904443,0.378247836,0.158656607,0.007253314,0.005109942,0.002143372,993.16,224,0.9985454482911531
LAKE:VERNON 284,LAKE:VERNON 284,LAKE:Vernon 284,,,,,,,,,,0.678323032,0.032613534,0.007125383,0.276263714,0.007090061,1.03e-05,0.5377,0.9248,0.0752,0.7438,0.0776,0.0,0.014,0.1645,0.13209604,0.162441732,0.05799528,0.167757044,0.139593472,0.170946638,0.070407671,0.086408849,0.012353273,0.010580048,4.25e-06,0.010638189,2.94e-05,1.04e-06,1.06e-05,0.047544541,1.04e-06,0.051066274,0.015892115,0.036995842,0.135662495,0.12685119,0.135708961,0.137613762,0.291400286,,-0.439968177,,,,,0.219968799,641.0,47.1,136923,266.2774049,-1.820073009,,,-0.299808232,,,,-0.307441776,-0.869907523,mc_lake_2race,LAKE,Vernon 284,0,0,0,,0,1,0,491,327,218,224,168,112,0.75952,34.20089692054088,112,0.22624,26.876011044077952,88,0.01278,14.933796116533465,49,0.00068,6.462889448632697,21,0.0005,5.62587821291059,18,6e-05,5.156912673676657,17,0.00022,3.1274623449999357,10,LAKE:VERNON 284,LAKE:VERNON 284,LAKE:VERNON 284,1.3,87.52856338,1.036327835,1.036327835,1.036327835,1.036327835,6.253469606,1.036327835,1.036327835,22.242394392006805,15.834942332578642,8.849734894476432,3.9668865180027826,3.79309344008203,3.8977346357506493,2.0812354168227998,33.2802181116596,26.26217053807943,14.623178705686914,6.317438560519325,5.432920038905704,5.0129656737705135,3.0219453414979958,19.83570944866624,19.4217503670704,12.527198233693435,7.249728213232042,3.499797437516909,0.004445845842755788,0.0072563009942662885,1.0,0.3,0.2,1.0,1.0,1.0,1.0,1.4,1.0,299.9627657,299.7595389,0.406453612,0.203226806,0.203226806,0.001355014,0.000677507,0.000677507,1187.74,327,0.9999999999999996
LAKE:VERNON 285,LAKE:VERNON 285,LAKE:Vernon 285,,,,,,,,,,0.71082227,0.021013324,0.004786025,0.249076938,0.007633155,0.001909144,0.522,0.9482,0.0518,0.7038,0.0467,0.0,0.0314,0.2181,0.080512825,0.19712054,0.057115957,0.140729488,0.137615412,0.186607275,0.110186193,0.086063347,0.004048962,0.004829375,1.99e-05,0.004816229,0.021536358,0.0,2.27e-05,0.016749567,0.0,0.019132622,0.033508022,0.016781268,0.067018347,0.059812199,0.081401063,0.286854929,0.387517429,,-0.317394124,,,,,0.20233463,514.0,50.3,180394,200.0052383,-1.297886186,,,-0.355908081,,,,-0.375020201,-0.709149871,mc_lake_2race,LAKE,Vernon 285,0,0,0,,0,1,0,359,239,159,169,127,85,0.75864,34.11841524647989,82,0.22712,26.853404817060827,64,0.01324,14.970103805999772,36,0.0005,6.524566135760946,16,0.00044,5.601729285516832,13,4e-05,5.157283379136281,12,2e-05,3.1897897347276736,8,LAKE:VERNON 285,LAKE:VERNON 285,LAKE:VERNON 285,1.3,85.66185819,1.369673129,1.369673129,1.369673129,1.369673129,6.120103037,1.369673129,1.369673129,22.242702594369494,15.835346045793663,8.85002443556312,3.9669067090495664,3.793141985559487,3.8972652015937803,2.0805042977778045,33.28060718433739,26.26271803408985,14.623576808038731,6.3174323009894655,5.432802851948325,5.012490903938179,3.0212088867775346,19.83601765102893,19.42215408028542,12.527487774780122,7.249748404278826,3.4998459829943656,0.003976411685886791,0.006525181949270904,1.0,0.3,0.2,1.0,1.0,1.0,1.0,1.4,1.0,344.3873712,344.154157,0.466428401,0.233214201,0.233214201,0.001354371,0.000677186,0.000677186,1317.3,239,1.0000000000000002
LAKE:VERNON 288,LAKE:VERNON 288,LAKE:Vernon 288,,,,,,,,,,0.758610864,0.039318736,0.009838559,0.185973176,0.005365239,0.000892943,0.4864,0.9879,0.0121,0.7181,0.0412,0.0,0.021,0.2024,0.190638032,0.10500403,0.077888161,0.143827505,0.16848416,0.135961548,0.117669334,0.049352945,0.011174287,0.014150726,0.0,1.52e-05,0.007087964,3.11e-06,0.007074713,3.49e-05,0.018833284,3.75e-05,0.075389746,0.023590043,0.070849553,0.12731323,0.132070583,0.261680053,0.261869364,,-0.33036918,,,,,0.16254417,566.0,46.4,154500,232.6955447,-1.353162186,,,-0.482494076,,,,-0.371266614,-0.808994617,mc_lake_2race,LAKE,Vernon 288,0,0,0,,0,1,0,405,270,180,188,141,94,0.75904,34.16262149315044,92,0.227,26.840571021823163,72,0.01294,15.029232722758346,41,0.00038,6.514741380126493,18,0.00046,5.563096101331272,15,0.00012,5.138484627402109,14,6e-05,3.137676857605112,8,LAKE:VERNON 288,LAKE:VERNON 288,LAKE:VERNON 288,1.3,86.88578458,1.151111513,1.151111513,1.151111513,1.151111513,6.207546338,1.151111513,1.151111513,22.24341796895246,15.8362831124998,8.850696495090272,3.967511552699796,3.793254665424712,3.8963798675058006,2.0789162906594414,33.28114083264048,26.263619802363785,14.624267525025186,6.318178736982007,5.432465639465669,5.011574561916696,3.0195898717256675,19.836733025611895,19.423091146991556,12.528159834307274,7.2503532479290556,3.4999586628595907,0.0030910775979070583,0.004937174830907859,1.0,0.3,0.2,1.0,1.0,1.0,1.0,1.4,1.0,308.8692923,307.8478332,1.787413978,1.276646814,0.510767165,0.005786959,0.004133291,0.001653668,1240.4,270,0.9994727181659941
LAKE:VERNON 289,LAKE:VERNON 289,LAKE:Vernon 289,,,,,,,,,,0.732598684,0.033728493,0.020004149,0.211514432,0.003170505,0.002102848,0.4511,0.9343,0.0657,0.7321,0.0663,0.0,0.002,0.166,0.110105233,0.136427946,0.131850908,0.09955368,0.121676375,0.160027534,0.154861673,0.064326193,0.021170457,0.036241157,0.000100683,0.010323377,0.020656743,0.000114704,0.020825452,6.5e-05,4.06e-05,0.000111138,0.095795879,0.03391416,0.119250418,0.178909728,0.096413341,0.248909874,0.138327719,,-0.187988716,,,,,0.238095238,504.0,50.6,122715,196.4390231,-0.746596601,,,-0.242142316,,,,-0.396272758,-0.431312673,mc_lake_2race,LAKE,Vernon 289,0,0,0,,0,1,0,339,224,151,160,120,80,0.3525,27.630036509857902,62,0.60872,30.95478625155813,69,0.0363,17.138192679124774,38,0.00154,8.085419772885267,18,0.00044,4.389440676731706,10,0.00028,5.0939539539965635,11,0.00022,3.0197970899407443,7,LAKE:VERNON 289,LAKE:VERNON 289,LAKE:VERNON 289,1.3,80.7928178,2.239157878,2.239157878,2.239157878,2.239157878,5.772234925,2.239157878,2.239157878,19.409008234289704,19.798198061276857,11.174330002684217,5.461967110489259,3.2637632730725223,3.8969761628045605,2.0796860154882095,26.980950599767645,30.220110409574602,16.827869555691688,7.8184602535193966,4.276628670010151,4.909314371108515,2.9175031104474956,17.00232329094914,23.385006095768613,14.85179334190122,8.744808805718518,2.970467270507401,0.003687372896667245,0.005706899659675991,1.0,0.3,0.2,1.0,1.0,1.0,1.0,1.4,1.0,435.6764414,434.2719369,2.310668148,1.608302199,0.702365949,0.005303633,0.003691506,0.001612127,1588.32,225,0.9946133797907868
LAKE:VERNON 290,LAKE:VERNON 290,LAKE:Vernon 290,,,,,,,,,,0.664209438,0.035629097,0.024587498,0.264554884,0.000852638,1.71e-06,0.4976,0.9202,0.0798,0.7636,0.0389,0.0,0.0,0.1975,0.099926421,0.115488162,0.0680839,0.116110571,0.103663076,0.165402861,0.17910287,0.116038176,0.036183962,0.016323326,6.86e-08,0.030967074,0.00164454,2.07e-07,1.5e-05,3.43e-07,9.69e-06,3.86e-06,0.009869699,0.06521481,0.166323525,0.143567191,0.161449726,0.127383692,0.277227273,,-0.41447648,,,,,0.18907563,476.0,55.1,135229,197.6277615,-1.711473938,,,-0.39808914,,,,-0.426509852,-0.890608439,mc_lake_2race,LAKE,Vernon 290,0,0,0,,0,1,0,357,238,159,165,124,83,0.75984,34.22130039157453,81,0.22636,26.919316784645765,64,0.01248,14.924837783588634,36,0.00056,6.4727739986421255,15,0.00042,5.561246811090717,13,8e-05,5.204395735755609,12,0.00026,3.1578079269984802,8,LAKE:VERNON 290,LAKE:VERNON 290,LAKE:VERNON 290,1.3,87.7310235,1.000173691,1.000173691,1.000173691,1.000173691,6.26793435,1.000173691,1.000173691,22.25408726346078,15.84148032585513,8.839549490491873,3.954995638002204,3.7901680276924306,3.8978923894280997,2.08111260440169,33.30230650399421,26.276056624521537,14.608911732261209,6.299551985604237,5.42873042237514,5.013290299867118,3.0219894014960396,19.847402320120214,19.428288360346887,12.517012829708875,7.237837333231464,3.4968720251273093,0.004603599520206491,0.007133488573156679,1.0,0.3,0.2,1.0,1.0,1.0,1.0,1.4,1.0,599.3371113,597.3542034,3.470130345,2.478607189,0.991523156,0.005789947,0.004135581,0.001654366,1887.49,238,0.999982300930154
LAKE:WAUCONDA 344,LAKE:WAUCONDA 344,LAKE:Wauconda 344,,,,,,,,,,0.813728467,0.129582832,0.010987838,0.019934476,0.02522141,0.000261067,0.1477,0.928,0.072,0.8659,0.0337,0.0,0.0001,0.1002,0.134155952,0.113170278,0.141440466,0.10553964,0.146426824,0.109209885,0.146780236,0.088137222,0.015139495,2.81e-05,0.01451843,0.004663022,0.060118728,0.043762468,0.014099697,0.006442033,0.010530054,0.085300171,0.038027671,0.08818495,0.25816869,0.1062715,0.060236216,0.172328112,0.037320172,,0.01667638,,,,,0.094412331,519.0,47.3,88007,226.454668,0.125312369,,,-0.699242931,,,,-0.911906975,-0.390034693,mc_lake_2race,LAKE,Wauconda 344,0,0,0,,0,1,0,284,183,126,135,102,68,0.35198,27.636929787758046,51,0.60808,30.96603344108565,57,0.03742,17.146962947906918,31,0.00174,8.030461611778428,15,0.00024,4.404593970620962,8,0.00034,4.972082177155579,9,0.0002,3.0673550897054693,6,LAKE:WAUCONDA 344,LAKE:WAUCONDA 344,LAKE:WAUCONDA 344,1.3,79.83677064,2.409883188,2.409883188,2.409883188,2.409883188,5.70393023,2.409883188,2.409883188,19.411180076772375,19.801042950276198,11.176370342761588,5.462506948737119,3.2641053636696236,3.8938136984439082,2.0746116282282636,26.983555563605044,30.22349005025078,16.830360245677028,7.818932600745341,4.275995402105413,4.906113145648099,2.9123899620877864,17.00449513343181,23.387850984767955,14.85383368197859,8.745348643966379,2.9708093611045023,0.0005249085360147571,0.0006325123997302856,1.0,0.3,0.2,1.0,1.0,1.0,1.0,1.4,1.0,61.82461161,61.56360651,0.828615528,0.404825459,0.423790069,0.013402681,0.006547966,0.006854715,1429.55,186,0.9819346354368443
LAKE:WAUCONDA 346,LAKE:WAUCONDA 346,LAKE:Wauconda 346,,,,,,,,,,0.782743149,0.130001845,0.023075681,0.042549243,0.017629067,0.00089834,0.2692,0.7653,0.2347,0.851,0.0049,0.0,0.0004,0.1389,0.071724712,0.099079046,0.169140026,0.108897515,0.125366964,0.159230133,0.148989106,0.046460171,0.071112327,0.002478327,0.066397106,0.023479583,0.016939554,0.035040399,0.008491632,0.054223466,0.020209199,0.016959569,0.043522224,0.075322933,0.153530993,0.122429065,0.082911711,0.099502882,0.178561357,,0.046163933,,,,,0.131513648,403.0,50.1,97298,189.009408,0.250934483,,,-0.581211947,,,,-0.719916893,-0.269157036,mc_lake_2race,LAKE,Wauconda 346,0,0,0,,0,1,0,242,161,107,148,111,74,0.35474,27.69009098059262,45,0.60602,30.913076686112685,50,0.0369,17.20549190293828,28,0.00144,8.038913164239215,13,0.0005,4.38745918757135,7,0.00026,5.088398846688999,8,0.00014,3.0218925606023643,5,LAKE:WAUCONDA 346,LAKE:WAUCONDA 346,LAKE:WAUCONDA 346,1.3,76.60493673,2.987005183,2.987005183,2.987005183,2.987005183,5.473032174,2.987005183,2.987005183,19.410923704901688,19.800707129644415,11.176129493894026,5.463030002704525,3.2640649821009684,3.894401829613539,2.075325260872665,26.982951421657503,30.222674871958738,16.829807112112736,7.8196061202331295,4.2760183131146405,4.906688406564149,2.9130907244786073,17.004238761561123,23.387515164136172,14.853592833111028,8.745871697933785,2.970768979535847,0.001113039705645359,0.0013461450441314606,1.0,0.3,0.2,1.0,1.0,1.0,1.0,1.4,1.0,169.1890371,168.2349707,2.023543843,0.865579837,1.157964006,0.011960254,0.005116052,0.006844202,670.75,161,0.999488913496589
LAKE:WAUCONDA 347,LAKE:WAUCONDA 347,LAKE:Wauconda 347,,,,,,,,,,0.810402597,0.114911212,0.018019415,0.036555349,0.018873315,0.000913346,0.3403,0.8716,0.1284,0.7434,0.0085,0.0,0.0001,0.2453,0.059311406,0.096925722,0.188146491,0.100526423,0.123421816,0.163862632,0.146473344,0.050449354,0.07088281,0.011049738,0.062624183,0.029203033,0.012477894,0.026844097,0.009580503,0.071457294,0.015231164,0.031920462,0.052991193,0.081476146,0.115117764,0.107297197,0.088803781,0.072837602,0.211087946,,0.00424703,,,,,0.040685225,467.0,50.0,95662,204.4630074,0.072361173,,,-0.87016579,,,,-0.578551308,-0.516718179,mc_lake_2race,LAKE,Wauconda 347,0,0,0,,0,1,0,267,178,119,155,117,78,0.75526,34.13866404995555,61,0.23058,26.87818873327642,48,0.01278,14.973983186280398,27,0.00072,6.49408812916558,12,0.00044,5.61402641853814,10,8e-05,5.172564155409591,9,0.00014,3.0977294363024623,6,LAKE:WAUCONDA 347,LAKE:WAUCONDA 347,LAKE:WAUCONDA 347,1.3,82.55984579,1.923612357,1.923612357,1.923612357,1.923612357,5.898480066,1.923612357,1.923612357,22.24511184127148,15.838501910025457,8.852287805512654,3.9687423624965907,3.7935214701297717,3.8942098491538397,2.0751168534052162,33.28253771897291,26.265888125593705,14.625987154099725,6.319671500841449,5.431690877304468,5.009337851200259,3.0157237421069674,19.838426897930916,19.425309944517213,12.529751144729657,7.25158405772585,3.5002254675646505,0.0009210592459461284,0.0011377375766827896,1.0,0.3,0.2,1.0,1.0,1.0,1.0,1.4,1.0,537.3936716,534.2417828,6.302276666,2.626666935,3.675609731,0.011727486,0.004887789,0.006839697,1714.45,178,0.9998773247209223
LAKE:WAUCONDA 350,LAKE:WAUCONDA 350,LAKE:Wauconda 350,,,,,,,,,,0.658499956,0.278134783,0.012604908,0.027438147,0.041552675,0.001003773,0.259,0.7469,0.2531,0.8743,0.0213,0.0,0.0239,0.0558,0.100035171,0.119671753,0.149695802,0.094329541,0.116292044,0.143539262,0.169674085,0.083811183,0.02295116,0.029808338,0.015284498,0.0260027,0.047575556,0.014436039,0.032339475,0.044927576,0.024865628,0.077222302,0.087268363,0.072891156,0.148815067,0.085040007,0.081339765,0.097051927,0.115131605,,0.120983647,,,,,-0.031847134,471.0,51.1,79599,219.9166068,0.569679501,,,-1.100914085,,,,-0.453778867,-0.47444149,mc_lake_2race,LAKE,Wauconda 350,0,0,0,,0,1,0,285,0,127,197,148,99,0.75714,34.222039525328164,0,0.22906,26.982466907696924,0,0.01262,14.88782024488446,0,0.00068,6.4535524697770015,0,0.00042,5.584908207909345,0,6e-05,5.128185874178963,0,2e-05,3.102559743311386,0,LAKE:WAUCONDA 350,LAKE:WAUCONDA 350,LAKE:WAUCONDA 350,1.3,81.71916733,2.073735799,2.073735799,2.073735799,2.073735799,5.838417876,2.073735799,2.073735799,22.245215198256417,15.838637296984594,8.8523849043586,3.9685026807639723,3.793537750063963,3.8939621946170515,2.074823521942434,33.282831362968544,26.266234718658275,14.62622370954487,6.319333315550865,5.431680383760682,5.0090966328277675,3.0154368468084813,19.838530254915852,19.42544533147635,12.529848243575602,7.251344375993232,3.500241747498842,0.0006734047091579976,0.0008444061139006662,1.0,0.3,0.2,1.0,1.0,1.0,1.0,1.4,1.0,194.9235684,194.6788979,0.729770001,0.353493825,0.376276175,0.003743878,0.0018135,0.001930378,1163.74,8,0.04261295354119673
LAKE:WAUCONDA 353,LAKE:WAUCONDA 353,LAKE:Wauconda 353,,,,,,,,,,0.797938625,0.153130829,0.007189063,0.026417314,0.019692046,0.001857111,0.2861,0.8855,0.1145,0.7622,0.0227,0.0,0.0,0.1928,0.051834093,0.09867411,0.218981097,0.097655097,0.095204439,0.18935418,0.143164769,0.071440415,0.033691798,0.033153546,0.01548879,0.0176183,0.03712591,0.001494275,0.006586455,0.058555515,0.000575617,0.068439412,0.044836757,0.10177954,0.114020799,0.034061186,0.090044721,0.066659594,0.309559582,,-0.1082164,,,,,-0.088082902,386.0,50.1,100239,168.5036703,-0.406752635,,,-1.279817789,,,,-0.609477493,-0.952418356,mc_lake_2race,LAKE,Wauconda 353,0,0,0,,0,1,0,219,146,97,140,105,70,0.75804,34.20108575709955,50,0.22698,26.89689567314796,39,0.0134,14.92173032757777,22,0.0009,6.4950919236222635,9,0.00034,5.599992937045115,8,0.00012,5.1313172936692855,7,0.00022,3.179427576952244,5,LAKE:WAUCONDA 353,LAKE:WAUCONDA 353,LAKE:WAUCONDA 353,1.3,88.29146233,0.900093804,0.900093804,0.900093804,0.900093804,6.307974846,0.900093804,0.900093804,22.24522677091007,15.838652455963814,8.85239577630223,3.968219831127171,3.793539572892289,3.8938407374955206,2.074740663027798,33.28303374186638,26.266442845697497,14.626357251105002,6.318946321407483,5.431709117192785,5.008984440331367,3.0153632525189753,19.838541827569504,19.42546049045557,12.529859115519232,7.25106152635643,3.500243570327168,0.0005519475876273948,0.0007615471992641359,1.0,0.3,0.2,1.0,1.0,1.0,1.0,1.4,1.0,165.1095495,164.5220924,1.295973112,0.630782993,0.665190119,0.007849171,0.003820391,0.00402878,505.15,146,0.9993978773935481
LAKE:WAUCONDA 354,LAKE:WAUCONDA 354,LAKE:Wauconda 354,,,,,,,,,,0.866382488,0.084338298,0.011622055,0.014500385,0.032451874,0.001006867,0.2152,0.7102,0.2898,0.8584,0.022,0.0,0.0,0.1,0.069527415,0.116268674,0.17935497,0.090223526,0.120229715,0.167355009,0.153489149,0.081863889,0.021687651,0.028536088,0.021245068,0.031741277,0.041924257,0.001026065,0.009894787,0.065577197,0.017592024,0.084334778,0.087800321,0.103683527,0.104027311,0.050412927,0.090285019,0.077863338,0.184056016,,-0.169280498,,,,,-0.067641682,547.0,50.3,76597,217.5391299,-0.666896332,,,-1.214787825,,,,-0.87147544,-1.009328515,mc_lake_2race,LAKE,Wauconda 354,0,0,0,,0,1,0,275,183,122,177,133,89,0.75392,34.131536676811734,62,0.23224,26.92789659816207,49,0.01248,14.945497139926617,27,0.00052,6.516282965185963,12,0.00056,5.6470846460785,10,0.00012,5.182074418142346,9,0.00016,3.1436697286534394,6,LAKE:WAUCONDA 354,LAKE:WAUCONDA 354,LAKE:WAUCONDA 354,1.3,88.75399977,0.817496574,0.817496574,0.817496574,0.817496574,6.341020788,0.817496574,0.817496574,22.245361866946237,15.838829417797012,8.852522692438685,3.968519231094823,3.793560852098331,3.893741339640112,2.0744769499604865,33.28301191715678,26.26649066186404,14.626410248828517,6.319339804550858,5.431623824944352,5.008873007899628,3.0150875048753347,19.83867692360567,19.42563745228877,12.529986031655687,7.251360926324082,3.5002648495332096,0.00045254973221850415,0.0004978341319528353,1.0,0.3,0.2,1.0,1.0,1.0,1.0,1.4,1.0,503.3720963,502.6562165,2.14354136,1.426425995,0.717115365,0.004258363,0.002833741,0.001424623,2310.83,183,0.999573604522528
MCHENRY:ALG 1,MCHENRY:ALGONQUIN ALG 01,MCHENRY:ALG 1,,,,,,,,,,0.878194034,0.073337393,0.010652173,0.013891911,0.017400601,2.15e-05,0.3115,0.933,0.067,0.7972,0.0089,0.0,0.0,0.1592,0.11181341,0.105802915,0.099006804,0.171411433,0.125792481,0.133984968,0.112246413,0.084982153,0.054959422,0.025922451,0.000120882,0.010125074,0.000746072,0.01618411,0.03655653,0.016071568,0.053258086,0.035886719,0.076043686,0.112963815,0.20330819,0.043503307,0.085393345,0.093905598,0.190010565,,-0.143690598,,,,,-0.024734982,566.0,47.9,89279,234.1814677,-0.557878899,,,-1.078288088,,,,-0.685449194,-0.883134642,mc_lake_2race,MCHENRY,ALG 1,0,0,0,,0,0,1,227,151,101,96,72,48,0.7587,34.21847013532283,52,0.22702,26.929548126777057,41,0.0133,14.938838519410863,23,0.00056,6.464377178341797,10,0.00032,5.574072257175453,8,4e-05,5.135150805734825,8,6e-05,3.22626942339672,5,MCHENRY:ALG 1,MCHENRY:ALGONQUIN ALG 01,MCHENRY:ALG 1,1.0,87.65882012,1.01306735,1.01306735,1.01306735,1.01306735,6.262775786,1.01306735,1.01306735,22.24536876490002,15.838838453402957,8.852529172729808,3.968470843507843,3.7935619386067443,3.893712952708257,2.074451045218267,33.283052960266524,26.266535215996036,14.62643958124939,6.319273061966432,5.431626908466433,5.008846131504664,3.015063110670006,19.838683821559457,19.425646487894713,12.52999251194681,7.2513125387371025,3.500265936041623,0.00042416280036350367,0.0004719293897338735,1.0,0.3,0.2,1.0,1.0,1.0,1.0,1.4,1.0,558.7805264,556.7753811,5.480320063,2.780282316,2.700037748,0.009807643,0.004975625,0.004832018,1366.05,151,0.9986287634979807
MCHENRY:ALG 10,MCHENRY:ALGONQUIN ALG 10,MCHENRY:ALG 10,,,,,,,,,,0.787510229,0.116991103,0.032630092,0.048375928,0.013166802,0.0,0.291,0.3788,0.6212,0.8641,0.0112,0.0,0.0011,0.0886,0.106839573,0.142799521,0.147553169,0.137896616,0.178844155,0.102798888,0.074876718,0.067000623,0.041390737,0.023440289,0.051044466,0.002804416,0.014666822,0.011452194,0.028512442,0.036326757,0.003930253,0.108413267,0.107819366,0.171476323,0.099940653,0.180632785,0.048313539,0.051330324,0.059896106,,0.000959185,,,,,0.188811189,429.0,43.8,69761,210.703884,0.05835438,,,-0.39893041,,,,-0.536550389,-0.227448614,mc_lake_2race,MCHENRY,ALG 10,0,0,0,,0,0,1,86,57,38,136,102,68,0.33854,27.180994084168162,15,0.6064,30.722677072261856,18,0.05232,18.386834171994764,10,0.00148,7.461020353263634,4,0.00058,4.57189492304408,3,0.00042,4.968242009745853,3,0.00026,3.0070387018721663,2,MCHENRY:ALG 10,MCHENRY:ALGONQUIN ALG 10,MCHENRY:ALG 10,1.0,75.32612106,3.215368604,3.215368604,3.215368604,3.215368604,5.381667314,3.215368604,3.215368604,19.410857650799365,20.031614650087924,12.222390175376372,5.2269313754762505,3.411548202324559,3.894678861624826,2.0755760977575415,26.552129332441325,29.961702250150267,17.999435401612207,7.249227967676153,4.418695856305407,4.881635019573037,2.8880111423610844,17.0041727074588,23.61842268457968,15.899853514593374,8.50977307070551,3.118252199759438,0.0013900717169326162,0.0015969819290082,1.0,0.3,0.2,1.0,1.0,1.0,1.0,1.4,1.0,117.1493952,116.6935322,1.313507516,0.412071327,0.901436189,0.011212243,0.003517486,0.007694758,1614.78,57,1.0000000000000004
MCHENRY:ALG 11,MCHENRY:ALGONQUIN ALG 11,MCHENRY:ALG 11,,,,,,,,,,0.829040252,0.093045218,0.022757992,0.04236903,0.008517979,0.000327011,0.2776,0.9159,0.0841,0.89,0.0,0.0087,0.0,0.1013,0.053895607,0.262491602,0.053061882,0.042390499,0.238506333,0.150908543,0.121289205,0.033484509,0.04397182,0.005981713,3.88e-06,0.017381796,0.0,0.004791408,0.005381177,0.005384005,0.026955106,0.001807519,0.054479231,0.163282874,0.066367026,0.256745713,0.097388145,0.152745023,0.141305379,,-0.088170532,,,,,-0.006342495,473.0,48.3,114429,199.1136845,-0.321353744,,,-1.01977579,,,,-0.814010462,-0.757867523,mc_lake_2race,MCHENRY,ALG 11,0,0,0,,0,0,1,164,109,73,189,142,95,0.75962,34.15025399278555,37,0.22662,26.87933100505207,29,0.01274,14.94454727787628,16,0.00058,6.521782906360174,7,0.00028,5.620009871556896,6,8e-05,5.201982782392848,6,8e-05,3.185092962723509,3,MCHENRY:ALG 11,MCHENRY:ALGONQUIN ALG 11,MCHENRY:ALG 11,1.0,86.28735273,1.257975972,1.257975972,1.257975972,1.257975972,6.164791433,1.257975972,1.257975972,22.245045934588756,15.838415579088402,8.85222588939894,3.9689636492410596,3.7935110890562704,3.8943928290502545,2.0753172720951953,33.28230515538724,26.26562184709696,14.625807689636954,6.319980492017941,5.431689571095095,5.009514442592514,3.015917772292786,19.83836099124819,19.425223613580158,12.529689228615942,7.251805344470319,3.500215086491149,0.0011040391423610542,0.0013381562666619808,1.0,0.3,0.2,1.0,1.0,1.0,1.0,1.4,1.0,177.0971789,176.4619165,1.694348141,0.847226568,0.847121573,0.009567336,0.004783964,0.004783371,1377.71,109,0.99966695400521
MCHENRY:ALG 12,MCHENRY:ALGONQUIN ALG 12,MCHENRY:ALG 12,,,,,,,,,,0.856930305,0.079551683,0.014393593,0.040629225,0.014354221,8.23e-07,0.3294,0.9313,0.0687,0.8778,0.0131,0.0,0.0002,0.1069,0.110701089,0.153018437,0.134176494,0.10187541,0.116975326,0.241901315,0.126312774,0.012677905,0.002361251,0.002232689,0.00436906,0.002226266,0.002180759,0.019498134,0.004400934,0.002211557,0.00226063,0.013164761,0.011030164,0.05242705,0.151989935,0.085189886,0.268850222,0.186881908,0.191086044,,0.028915039,,,,,0.172866521,457.0,49.0,138652,189.009408,0.177451189,,,-0.449655424,,,,-0.84492526,-0.214490444,mc_lake_2race,MCHENRY,ALG 12,0,0,0,,0,0,1,179,119,79,209,157,105,0.35494,27.663834001947617,33,0.60506,30.94762137835322,37,0.0376,17.22199900223234,20,0.00164,8.087014828891615,10,0.00034,4.391480823560251,5,0.00034,5.10876237184546,6,8e-05,3.0431546788440524,4,MCHENRY:ALG 12,MCHENRY:ALGONQUIN ALG 12,MCHENRY:ALG 12,1.0,74.91048076,3.289591218,3.289591218,3.289591218,3.289591218,5.351971934,3.289591218,3.289591218,19.41094547114878,19.800735641176626,11.176149942221482,5.462578078449419,3.264068410539505,3.8942027026123416,2.0751850594329095,26.9832087334703,30.223033156782137,16.83003403651962,7.819042457175148,4.2760523666267725,4.9065024880348025,2.9129637315107013,17.004260527808214,23.387543675668383,14.853613281438484,8.745419773678679,2.970772407974384,0.000913912704448226,0.0012059436043762232,1.0,0.3,0.2,1.0,1.0,1.0,1.0,1.4,1.0,300.4071873,299.4301109,2.608628649,1.29520261,1.313426039,0.008683643,0.00431149,0.004372153,1057.99,119,0.9989196215925594
MCHENRY:ALG 13,MCHENRY:ALGONQUIN ALG 13,MCHENRY:ALG 13,,,,,,,,,,0.845950849,0.069314211,0.01042106,0.057636589,0.013088509,0.0,0.2899,0.9285,0.0715,0.7692,0.0172,0.0,0.006,0.2012,0.112024093,0.173833644,0.087112269,0.104330385,0.180236179,0.141818745,0.140114878,0.04009023,0.020439577,0.001664646,0.003238034,0.01869384,0.001183322,0.005290627,0.026839835,0.010429297,0.028285306,0.07833434,0.044941905,0.080257018,0.180861289,0.108189598,0.130289703,0.185926546,0.095574695,,-0.076333843,,,,,0.070754717,424.0,47.4,104617,190.495331,-0.270927387,,,-0.774505258,,,,-0.712967589,-0.585663556,mc_lake_2race,MCHENRY,ALG 13,0,0,0,,0,0,1,180,120,80,156,117,78,0.75766,34.14150922962848,41,0.22792,26.83917119586279,32,0.01322,14.994373602435324,18,0.0005,6.4677837023514595,8,0.0004,5.610355327368395,7,0.00018,5.217744766403258,6,0.00012,3.2041654102611137,4,MCHENRY:ALG 13,MCHENRY:ALGONQUIN ALG 13,MCHENRY:ALG 13,1.0,83.79925096,1.702286631,1.702286631,1.702286631,1.702286631,5.987029247,1.702286631,1.702286631,22.2448728542001,15.838188861682504,8.85206328881607,3.9682256900873316,3.793483826870373,3.894390434311901,2.0755859001197674,33.28256773730072,26.26579495503743,14.625887972934809,6.318993115034941,5.431840251240517,5.009539293053945,3.0162136455171433,19.838187910859535,19.42499689617426,12.529526628033073,7.251067385316591,3.500187824305252,0.001101644404007609,0.001606784291234029,1.0,0.3,0.2,1.0,1.0,1.0,1.0,1.4,1.0,328.7959737,327.7298971,2.842285382,1.420957084,1.421328299,0.008644526,0.004321699,0.004322828,1438.83,120,0.9985219923039921
MCHENRY:ALG 14,MCHENRY:ALGONQUIN ALG 14,MCHENRY:ALG 14,,,,,,,,,,0.827200014,0.084554815,0.011293099,0.05749853,0.010697742,3.32e-07,0.2801,0.7989,0.2011,0.7581,0.017,0.0,0.0066,0.2042,0.111912358,0.176127726,0.080972817,0.108805789,0.197745471,0.110867893,0.137681641,0.048765984,0.027120322,0.004442512,0.00888713,0.020900741,0.002666517,0.002664494,0.032616914,0.016201599,0.030929261,0.098652463,0.061391205,0.097519674,0.178585216,0.121129263,0.085965067,0.169657802,0.067790142,,-0.075256798,,,,,0.154150198,506.0,46.8,92237,224.6715604,-0.266338987,,,-0.509197947,,,,-0.64257135,-0.418125837,mc_lake_2race,MCHENRY,ALG 14,0,0,0,,0,0,1,179,119,79,166,125,83,0.34944,27.653624068904893,33,0.61074,31.03971670097766,37,0.0371,17.149846373126454,20,0.00196,8.014337715660384,10,0.00034,4.427573373363631,5,0.00014,5.025864703828045,6,0.00028,3.046720236733103,4,MCHENRY:ALG 14,MCHENRY:ALGONQUIN ALG 14,MCHENRY:ALG 14,1.0,80.49499197,2.292341873,2.292341873,2.292341873,2.292341873,5.750956788,2.292341873,2.292341873,19.41075423259743,19.800485138455866,11.17597028293046,5.462323245553724,3.264038288230571,3.894405275961097,2.0755913792933445,26.983084159082146,30.22288261944214,16.82990626962043,7.818743221101333,4.276126435999957,4.906714637442945,2.9133796274305244,17.004069289256865,23.387293172947622,14.853433622147463,8.745164940782983,2.97074228566545,0.0011164860532036796,0.001612263464810999,1.0,0.3,0.2,1.0,1.0,1.0,1.0,1.4,1.0,258.6853258,257.833839,2.286763693,1.102982148,1.183781545,0.008839944,0.004263799,0.004576145,1414.2,119,0.9999999999999997
MCHENRY:ALG 15,MCHENRY:ALGONQUIN ALG 15,MCHENRY:ALG 15,,,,,,,,,,0.726983847,0.090407722,0.037677456,0.135062252,0.008142988,0.000919063,0.2829,0.7511,0.2489,0.782,0.0039,0.0,0.0,0.1978,0.104662529,0.128457723,0.15575725,0.115570249,0.160237544,0.151476073,0.081954397,0.089405221,0.012479016,4.32e-06,0.001852125,0.044550937,0.032312812,0.062491753,0.033822411,0.024288204,0.026112172,6.72e-05,0.031549889,0.090010514,0.099194113,0.066917741,0.101985813,0.25400991,0.13083008,,-0.059337281,,,,,0.006289308,477.0,45.6,120078,211.0010686,-0.198519071,,,-0.979590043,,,,-0.544507172,-0.686688429,mc_lake_2race,MCHENRY,ALG 15,0,0,0,,0,0,1,87,58,39,208,156,104,0.75674,34.16107623789482,20,0.22914,26.953563910490775,16,0.01274,14.949069909689117,9,0.0007,6.5310776727879745,4,0.00032,5.615710359658836,3,0.00022,5.123638533897393,3,0.00014,3.1316510769580677,2,MCHENRY:ALG 15,MCHENRY:ALGONQUIN ALG 15,MCHENRY:ALG 15,1.0,85.35389919,1.424666646,1.424666646,1.424666646,1.424666646,6.098100936,1.424666646,1.424666646,22.24399511966219,15.837039120229718,8.851238700030612,3.969264404270403,3.7933455734129677,3.8961286745227284,2.077882225154408,33.28073393933199,26.26351079959374,14.62429587420068,6.320505843137634,5.432045798534642,5.0112561390169,3.01848857630391,19.837310176321626,19.423847154721475,12.528702039247614,7.252106099499662,3.5000495708478465,0.002839884614835147,0.0039031093258742027,1.0,0.3,0.2,1.0,1.0,1.0,1.0,1.4,1.0,310.5017297,309.7938552,1.900913334,0.347233437,1.553679898,0.00612207,0.001118298,0.005003772,1036.32,58,0.998418529537107
MCHENRY:ALG 16,MCHENRY:ALGONQUIN ALG 16,MCHENRY:ALG 16,,,,,,,,,,0.761044665,0.11581075,0.034454993,0.075635439,0.014980591,0.00519148,0.3532,0.9567,0.0433,0.7797,0.0172,0.0,0.0,0.2,0.093344025,0.134769738,0.113033318,0.136396702,0.12521985,0.175057999,0.099034954,0.104271587,0.018871827,0.015549037,0.011661778,0.06236511,0.018194956,0.038983173,0.006631458,0.009138136,0.024813891,0.000372305,0.088366519,0.04443915,0.086380279,0.130059244,0.093756636,0.223798681,0.145489646,,0.09020731,,,,,0.203463203,462.0,48.8,117896,228.8321449,0.438566943,,,-0.352317735,,,,-0.541434188,-0.055735981,mc_lake_2race,MCHENRY,ALG 16,0,0,0,,0,0,1,119,79,53,236,177,118,0.35298,27.624891739681367,22,0.60798,30.94186431353318,24,0.03612,17.15323318918313,14,0.00188,8.073176115497558,6,0.00044,4.4104694580764745,3,0.00036,5.069595528398109,4,0.00024,3.0406066845559026,2,MCHENRY:ALG 16,MCHENRY:ALGONQUIN ALG 16,MCHENRY:ALG 16,1.0,69.06324482,4.333756408,4.333756408,4.333756408,4.333756408,4.934216737,4.333756408,4.333756408,19.410548623877748,19.800215812301015,11.175777123567212,5.463459602777497,3.264005902452023,3.8951394041622778,2.076303757874132,26.982237231865952,30.22172033820378,16.82914608788822,7.820174335377707,4.276081475738036,4.907417130339305,2.9140603707064914,17.003863680537183,23.387023846792772,14.853240462784214,8.746301298006756,2.9707098998869017,0.0018506142543841743,0.0023246420455988095,1.0,0.3,0.2,1.0,1.0,1.0,1.0,1.4,1.0,181.6555223,181.1564178,1.165677523,0.004401723,1.161275801,0.006416967,2.42e-05,0.006392736,1232.99,79,1.0000000000000002
MCHENRY:ALG 17,MCHENRY:ALGONQUIN ALG 17,MCHENRY:ALG 17,,,,,,,,,,0.733359108,0.097546979,0.035137264,0.122799599,0.009180528,0.001045116,0.2755,0.7404,0.2596,0.7777,0.0043,0.0,0.0,0.2004,0.121372027,0.131458169,0.138717412,0.099478566,0.150726467,0.156687595,0.071219704,0.086078,0.044262061,0.006305585,0.005407107,0.048053139,0.036052432,0.090204408,0.016394577,0.020313303,0.031502843,0.0,0.034386663,0.053141342,0.152852233,0.07484956,0.104705034,0.182089861,0.143741912,,-0.061601977,,,,,0.189320388,412.0,47.3,101799,202.6798997,-0.208167071,,,-0.397310487,,,,-0.545667249,-0.326381706,mc_lake_2race,MCHENRY,ALG 17,0,0,0,,0,0,1,152,101,67,204,153,102,0.35088,27.613912851930277,28,0.6093,31.00890977803459,31,0.03722,17.161130243663287,17,0.0016,8.017063945720865,8,0.00036,4.378580074186917,4,0.00036,5.039449231031357,5,0.00028,3.0210760142210122,3,MCHENRY:ALG 17,MCHENRY:ALGONQUIN ALG 17,MCHENRY:ALG 17,1.0,78.21918065,2.698742946,2.698742946,2.698742946,2.698742946,5.588361672,2.698742946,2.698742946,19.410013948285965,19.799515442582027,11.175274821928392,5.463244866680456,3.2639216847917147,3.895887995679041,2.077537009557573,26.981637303388446,30.220946374662496,16.82856906018667,7.819956350244307,4.276244588346011,4.908177696378854,2.9153055969127184,17.0033290049454,23.386323477073784,14.852738161145394,8.746086561909715,2.9706256822265935,0.0025992057711475202,0.003557893729039344,1.0,0.3,0.2,1.0,1.0,1.0,1.0,1.4,1.0,417.1206347,416.1280559,2.57987388,0.365340081,2.214533799,0.006184959,0.000875862,0.005309097,1412.96,101,0.9999999999999991
MCHENRY:ALG 18,MCHENRY:ALGONQUIN ALG 18,MCHENRY:ALG 18,,,,,,,,,,0.743186574,0.061714574,0.035655088,0.144678005,0.009137996,1.86e-06,0.365,0.8565,0.1435,0.7925,0.0,0.0,0.0,0.2075,0.131813749,0.075526921,0.139384977,0.177592799,0.126958339,0.155632501,0.088808772,0.069321269,0.034960674,0.003101315,0.006453321,0.011631673,0.007727365,0.017567688,0.045177504,0.025303912,0.002597054,3.6e-06,0.002634961,0.121555429,0.103213475,0.0893649,0.073242986,0.325699902,0.164724914,,-0.025422833,,,,,0.102880658,486.0,45.1,146732,247.2575903,-0.054037613,,,-0.672302514,,,,-0.5616784,-0.440453176,mc_lake_2race,MCHENRY,ALG 18,0,0,0,,0,0,1,180,120,80,240,180,120,0.35266,27.646430665064536,33,0.60726,31.00226079795626,37,0.03744,17.140790583853267,21,0.00176,8.00538238880026,10,0.00046,4.401725143734699,5,0.0003,5.058200822261102,6,0.00012,3.068979614694376,4,MCHENRY:ALG 18,MCHENRY:ALGONQUIN ALG 18,MCHENRY:ALG 18,1.0,80.99517691,2.203021773,2.203021773,2.203021773,2.203021773,5.786692452,2.203021773,2.203021773,19.409765924157576,19.79919055662917,11.175041815357542,5.463155972293499,3.2638826180901224,3.8962391741759865,2.078111181294509,26.981353590864188,30.220579746747212,16.828296655944428,7.8198685509153725,4.2763193095989065,4.908534111137767,2.9158850049116207,17.00308098081701,23.385998591120927,14.852505154574544,8.745997667522758,2.970586615525001,0.0029503842680933517,0.004132065465975472,1.0,0.3,0.2,1.0,1.0,1.0,1.0,1.4,1.0,623.5850041,622.8242863,3.42250091,2.281261298,1.141239612,0.005488427,0.0036583,0.001830127,1600.78,120,0.9995667185087709
MCHENRY:ALG 19,MCHENRY:ALGONQUIN ALG 19,MCHENRY:ALG 19,,,,,,,,,,0.787096985,0.103962846,0.026930182,0.069706472,0.01443732,0.000602657,0.2477,0.7542,0.2458,0.8384,0.0036,0.0,0.0,0.1233,0.156129571,0.077107832,0.102733599,0.142007921,0.095981412,0.188679945,0.082743699,0.050649496,0.103966526,0.014491074,0.020644941,0.018909217,0.00400486,0.055026745,4.13e-05,0.03593464,0.015502475,3.05e-05,0.013862046,0.045723854,0.172469774,0.101907198,0.091171844,0.203404381,0.206875163,,0.01248232,,,,,0.0,366.0,51.7,125398,174.744547,0.107444943,,,-0.999598314,,,,-0.735428845,-0.584457093,mc_lake_2race,MCHENRY,ALG 19,0,0,0,,0,0,1,146,97,65,214,161,107,0.75766,34.17137216760832,33,0.22854,26.918482769552032,26,0.01262,15.005499836630282,15,0.00066,6.5496665541960875,6,0.00034,5.6044256187731705,5,0.0001,5.154267061167294,5,8e-05,3.148459839626029,3,MCHENRY:ALG 19,MCHENRY:ALGONQUIN ALG 19,MCHENRY:ALG 19,1.0,83.77888093,1.705924192,1.705924192,1.705924192,1.705924192,5.985573912,1.705924192,1.705924192,22.244736024203856,15.838009628540966,8.8519347437087,3.969040217197068,3.7934622745453357,3.894900329734512,2.0760713678205525,33.281849798750464,26.26500727310232,14.625366892769833,6.32011888600243,5.431796047355248,5.010024073698916,3.0166739984402886,19.83805108086329,19.424817663032723,12.529398082925702,7.251881912426327,3.5001662719802145,0.0016115398266185448,0.0020922519920190626,1.0,0.3,0.2,1.0,1.0,1.0,1.0,1.4,1.0,217.2476196,216.9828073,1.193102699,0.794017709,0.399084991,0.005491902,0.003654897,0.001837005,1249.23,97,0.9999999999999997
MCHENRY:ALG 2,MCHENRY:ALGONQUIN ALG 02,MCHENRY:ALG 2,,,,,,,,,,0.842105889,0.10513314,0.009878244,0.012806724,0.029006288,7.15e-07,0.3101,0.9366,0.0634,0.7488,0.0263,0.0,0.0001,0.2081,0.134965386,0.157165114,0.108051343,0.171417952,0.113486578,0.108617588,0.099898646,0.060574871,0.045822522,0.027230151,0.012723528,0.006823858,0.008935761,0.045281012,0.014269463,0.021995242,0.028119875,0.024408925,0.09071513,0.121604908,0.142984854,0.144780664,0.099124603,0.082834786,0.128167239,,-0.028280601,,,,,0.079086116,569.0,44.7,92116,229.7236987,-0.066212203,,,-0.748000452,,,,-0.596008356,-0.492329858,mc_lake_2race,MCHENRY,ALG 2,0,0,0,,0,0,1,255,170,113,112,84,56,0.74186,33.62173103459221,57,0.23664,26.679392180217597,45,0.02034,16.125505474347662,27,0.00042,6.0086811739078065,10,0.00048,5.624397896375101,10,0.00018,5.182034835110656,9,8e-05,3.1509443690747143,5,MCHENRY:ALG 2,MCHENRY:ALGONQUIN ALG 02,MCHENRY:ALG 2,1.0,82.08275671,2.008808135,2.008808135,2.008808135,2.008808135,5.864394483,2.008808135,2.008808135,22.245381067101555,16.05128659106759,9.814783960559044,3.750869820765643,3.929205334608936,3.8936809524234146,2.074414784790516,32.75517360464497,26.077154819699032,15.812510912964813,5.782706704825493,5.552669080078538,4.982204564442109,2.9884172834645426,19.83869612376099,19.638094625559347,13.492247299776047,7.033711515994902,3.635909332043815,0.0003921625155211844,0.0004356689619827529,1.0,0.3,0.2,1.0,1.0,1.0,1.0,1.4,1.0,214.203653,213.4330908,2.2944957,1.218630647,1.075865053,0.010711749,0.005689122,0.005022627,870.02,170,0.9998344421001402
MCHENRY:ALG 20,MCHENRY:ALGONQUIN ALG 20,MCHENRY:ALG 20,,,,,,,,,,0.771791681,0.06892558,0.031339606,0.113260831,0.013144931,0.000331524,0.2708,0.8938,0.1062,0.7574,0.0052,0.0,0.0,0.2116,0.102578404,0.092544012,0.155515183,0.141169687,0.104640325,0.199467583,0.10877519,0.064340693,0.030968924,2.52e-05,0.018852011,0.01804001,0.004553941,0.011793385,0.037198774,0.034322997,0.008090368,0.0,0.013169196,0.131716537,0.060707995,0.071384704,0.073948134,0.349118646,0.167078124,,-0.037935711,,,,,0.006237006,481.0,48.3,152320,218.7278683,-0.107344654,,,-0.979756432,,,,-0.653668624,-0.652602015,mc_lake_2race,MCHENRY,ALG 20,0,0,0,,0,0,1,92,61,41,223,168,112,0.7553,34.14536788932833,21,0.2308,26.89913896390619,16,0.01248,14.940167380173891,9,0.00054,6.487118109630624,4,0.0006,5.594178124641089,3,0.00012,5.174144354797122,3,0.00016,3.20666839141118,2,MCHENRY:ALG 20,MCHENRY:ALGONQUIN ALG 20,MCHENRY:ALG 20,1.0,84.86140822,1.512612802,1.512612802,1.512612802,1.512612802,6.062914968,1.512612802,1.512612802,22.244242271051608,15.837362862984797,8.851470886705766,3.969043090964343,3.7933845026479633,3.8956652774899303,2.0772495320763,33.28120317909728,26.264106900128944,14.624714415091532,6.3201769442885665,5.431979608049708,5.0107963911108735,3.017859532352575,19.837557327711043,19.424170897476554,12.528934225922768,7.251884786193602,3.500088500082842,0.002376487582036748,0.0032704162477664657,1.0,0.3,0.2,1.0,1.0,1.0,1.0,1.4,1.0,212.5896748,212.3304191,1.166650655,0.777767103,0.388883552,0.005487805,0.003658537,0.001829268,870.87,61,1.0000000000000004
MCHENRY:ALG 21,MCHENRY:ALGONQUIN ALG 21,MCHENRY:ALG 21,,,,,,,,,,0.867979193,0.069549371,0.018282627,0.030690983,0.013068859,0.000926348,0.2899,0.952,0.048,0.784,0.0048,0.0,0.0097,0.1774,0.108640854,0.09953412,0.146052357,0.110969577,0.115839455,0.198138929,0.128612373,0.054860209,0.037352127,0.004663228,0.017354082,0.020604832,0.003161841,0.017018413,0.015111899,0.050514385,0.013442667,0.004571309,0.028870807,0.074236088,0.050503074,0.121164366,0.110078979,0.311977618,0.15672641,,-0.005552752,,,,,-0.034602076,578.0,50.6,142892,242.7998212,0.030612394,,,-1.109678424,,,,-0.765875855,-0.682069367,mc_lake_2race,MCHENRY,ALG 21,0,0,0,,0,0,1,243,162,108,183,138,92,0.75464,34.146492422105226,55,0.2313,26.937613828090324,44,0.01286,14.951035560189782,24,0.00058,6.509260898767072,11,0.00036,5.635432282461532,9,0.00018,5.161427572140586,8,8e-05,3.0933905566953377,5,MCHENRY:ALG 21,MCHENRY:ALGONQUIN ALG 21,MCHENRY:ALG 21,1.0,85.28896627,1.436261986,1.436261986,1.436261986,1.436261986,6.093461811,1.436261986,1.436261986,22.245178322543733,15.838588993615357,8.852350261425203,3.9687875889880075,3.7935319417078452,3.8941235522817155,2.0749671309028668,33.282594583495616,26.265979188632194,14.626055932915303,6.319725886518607,5.431660833658904,5.009249039811195,3.015571505087677,19.838493379203168,19.425397028107113,12.529813600642205,7.251629284217267,3.500235939142724,0.0008347623738221181,0.0009880150743333243,1.0,0.3,0.2,1.0,1.0,1.0,1.0,1.4,1.0,491.5515786,491.0590724,2.907852149,1.198913428,1.708938721,0.00591566,0.002439039,0.003476621,2381.84,162,0.9991100428887275
MCHENRY:ALG 22,MCHENRY:ALGONQUIN ALG 22,MCHENRY:ALG 22,,,,,,,,,,0.79703848,0.121374458,0.027778861,0.03715155,0.017565813,0.000729184,0.2745,0.8781,0.1219,0.848,0.005,0.0,0.0129,0.1339,0.118375437,0.093745906,0.084174202,0.131393931,0.142612507,0.170971475,0.160444816,0.056361307,0.041920419,0.007595679,0.006678682,0.008440898,0.062177067,0.020930032,0.029329281,0.033336741,0.00814039,0.001821455,0.02234241,0.039776857,0.141768127,0.152614103,0.14220993,0.197803566,0.125034783,,-0.062804153,,,,,0.123505976,502.0,51.4,119274,223.7800066,-0.21328855,,,-0.606686876,,,,-0.747232446,-0.459162504,mc_lake_2race,MCHENRY,ALG 22,0,0,0,,0,0,1,141,94,63,208,156,104,0.75684,34.135631883756474,32,0.2289,26.964240513959915,25,0.01296,14.956169814121973,14,0.00056,6.551510203201472,6,0.00048,5.614589579731963,5,0.0002,5.126111772016198,5,6e-05,3.0486872272427155,3,MCHENRY:ALG 22,MCHENRY:ALGONQUIN ALG 22,MCHENRY:ALG 22,1.0,81.39917839,2.130877553,2.130877553,2.130877553,2.130877553,5.815556298,2.130877553,2.130877553,22.245105082450323,15.838493056668863,8.852281455929846,3.9692586807637147,3.793520405536375,3.894409332865132,2.075233842236054,33.28218705866194,26.265534356410186,14.625762339505354,6.32037633176406,5.431633075464489,5.009520206143601,3.0158236021698546,19.838420139109758,19.42530109116062,12.529744795146849,7.252100375992974,3.500224402971254,0.0011205429572385438,0.001254726407520779,1.0,0.3,0.2,1.0,1.0,1.0,1.0,1.4,1.0,196.3715052,195.8859555,1.641532764,0.581338914,1.06019385,0.008359323,0.002960404,0.005398919,964.13,94,0.9999999999999996
MCHENRY:ALG 23,MCHENRY:ALGONQUIN ALG 23,MCHENRY:ALG 23,,,,,,,,,,0.771639676,0.077821132,0.027420177,0.104432961,0.012881461,0.000124168,0.2316,0.6245,0.3755,0.9088,0.0,0.0,0.0,0.0512,0.182263604,0.067242578,0.088592118,0.152000297,0.089672954,0.175635386,0.065478904,0.052025485,0.127088674,0.020489491,0.018663601,0.011103368,0.008045238,0.074097786,3.41e-05,0.018733604,0.010435123,9.04e-06,0.002938391,0.032184299,0.239513573,0.116752456,0.07437939,0.159218656,0.213401861,,-0.013510769,,,,,0.035897436,390.0,52.0,113651,172.6642548,-0.003290145,,,-0.885397255,,,,-0.804237171,-0.554607089,mc_lake_2race,MCHENRY,ALG 23,0,0,0,,0,0,1,135,90,60,234,176,117,0.75688,34.16714214538729,31,0.22908,26.89273129082357,24,0.01268,14.970170753036848,13,0.00066,6.52088480892104,6,0.00036,5.645385721081733,5,0.0002,5.1982716985142625,5,0.00014,3.0905974261550107,3,MCHENRY:ALG 23,MCHENRY:ALGONQUIN ALG 23,MCHENRY:ALG 23,1.0,83.2602614,1.798536236,1.798536236,1.798536236,1.798536236,5.94852119,1.798536236,1.798536236,22.244342348029903,15.837493953474507,8.851564904145457,3.9688814515956086,3.793400265942738,3.895451269263978,2.076979269959857,33.2814408696158,26.26439590801769,14.624914008442659,6.319945546502635,5.431961221714073,5.010586264237715,3.017593151588926,19.837657404689338,19.424301987966263,12.52902824336246,7.251723146824868,3.500104263377617,0.0021624793560845804,0.003000154131323274,1.0,0.3,0.2,1.0,1.0,1.0,1.0,1.4,1.0,215.630413,215.3674395,1.184169066,0.787932226,0.39623684,0.005491661,0.003654087,0.001837574,1375.3,90,0.9999999999999997
MCHENRY:ALG 24,MCHENRY:ALGONQUIN ALG 24,MCHENRY:ALG 24,,,,,,,,,,0.700055498,0.202872111,0.017580064,0.05754578,0.021341974,0.000105635,0.1121,0.7759,0.2241,0.892,0.0,0.0,0.0,0.0848,0.115742065,0.16493702,0.11399735,0.175489971,0.152359582,0.109593351,0.061891977,0.069944371,0.036044313,0.01650578,0.013745339,0.011567995,0.022775942,0.019686487,0.028270494,0.017430871,0.043035527,0.001366212,0.08482871,0.147620933,0.314276647,0.097564524,0.055136914,0.084747911,0.041439714,,0.243804419,,,,,0.167785235,298.0,43.2,82411,150.9697787,1.09291739,,,-0.465820597,,,,-0.7079659,0.118706148,mc_lake_2race,MCHENRY,ALG 24,0,0,0,,0,0,1,113,75,50,186,140,93,0.3396,27.154610080028814,20,0.60344,30.665890875372437,23,0.05482,18.452746533120596,14,0.00116,7.345371582261273,6,0.00034,4.601990878586726,3,0.00038,5.043433839165727,4,0.00026,2.9713801769420782,2,MCHENRY:ALG 24,MCHENRY:ALGONQUIN ALG 24,MCHENRY:ALG 24,1.0,62.01593579,5.824523867,5.824523867,5.824523867,5.824523867,4.430722436,5.824523867,4.430722436,19.410753696948717,20.043853162250993,12.278345519523288,5.213407732610624,3.419433272547611,3.894528530890283,2.0756579861751905,26.529756835280928,29.94840208993549,18.0612616448418,7.2181445587459185,4.426307484781791,4.88017800729666,2.8867863492368997,17.004068753608152,23.63066119674275,15.95580885874029,8.496249427839883,3.1261372699824896,0.0012397409823896098,0.0016788703466569111,1.0,0.3,0.2,1.0,1.0,1.0,1.0,1.4,1.0,273.0918533,272.5295564,1.861472791,0.193922378,1.667550413,0.006816288,0.000710099,0.006106189,1083.21,75,0.9999999999999993
MCHENRY:ALG 25,MCHENRY:ALGONQUIN ALG 25,MCHENRY:ALG 25,,,,,,,,,,0.721850891,0.190851091,0.021968114,0.045892272,0.022978591,7.24e-05,0.1135,0.897,0.103,0.9698,0.0022,0.0,0.0,0.028,0.109497509,0.165219566,0.118731957,0.185160338,0.138188771,0.119809947,0.072236077,0.061341777,0.029814056,0.018563769,0.012876316,0.006666754,0.008491624,0.011339224,0.031442107,0.017055155,0.042054143,0.01818738,0.088983559,0.15001352,0.290856342,0.101114605,0.057010607,0.079113993,0.066230901,,0.176975422,,,,,0.118918919,370.0,42.8,83108,194.3587308,0.808214219,,,-0.62127975,,,,-0.853365803,-0.085219512,mc_lake_2race,MCHENRY,ALG 25,0,0,0,,0,0,1,140,93,62,144,108,72,0.33648,27.113384334095436,25,0.60838,30.631173445015115,28,0.05256,18.46543034089308,17,0.00158,7.365832767526581,7,0.00056,4.5948697179539435,4,0.00018,5.06663449620772,5,0.00026,3.030622972372643,3,MCHENRY:ALG 25,MCHENRY:ALGONQUIN ALG 25,MCHENRY:ALG 25,1.0,70.25871015,4.120277202,4.120277202,4.120277202,4.120277202,5.019626639,4.120277202,4.120277202,19.41088580671779,20.052275999686227,12.315838299353526,5.205254188512668,3.4247217108287025,3.8944323639891203,2.075400654077088,26.51470704168196,29.939296138070127,18.102270650160683,7.19849829719638,4.431247050206989,4.879185308030024,2.885632484773324,17.004200863377225,23.639084034177984,15.993301638570529,8.488095883741927,3.1314257082635812,0.001143574081226987,0.001421538248554929,1.0,0.3,0.2,1.0,1.0,1.0,1.0,1.4,1.0,350.5757938,350.2475393,2.626035909,0.656508977,1.969526932,0.007490637,0.001872659,0.005617978,1713.81,93,0.9999999999999974
MCHENRY:ALG 26,MCHENRY:ALGONQUIN ALG 26,MCHENRY:ALG 26,,,,,,,,,,0.764390351,0.176187873,0.007394841,0.02833127,0.032843244,0.000910422,0.0878,0.8921,0.1079,0.9264,0.0011,0.0,0.0,0.0725,0.206598565,0.04971113,0.188184021,0.214667063,0.070636207,0.076284257,0.113600438,0.054700555,0.025617764,0.005519641,0.001858707,0.005508704,6.93e-05,0.029333414,0.07665477,0.040170614,0.083972505,0.043827052,0.069808934,0.08283802,0.220136695,0.159044003,0.124097213,0.014944981,0.04221544,,0.052968777,,,,,0.112709832,417.0,37.5,81864,191.3868848,0.279924304,,,-0.641032813,,,,-0.865371629,-0.295673894,mc_lake_2race,MCHENRY,ALG 26,0,0,0,,0,0,1,162,108,72,153,115,77,0.33304,26.904194920141578,29,0.60132,30.525697408061752,33,0.06364,18.980111148773478,20,0.00094,7.156518350552387,8,0.00044,4.647069121167879,5,0.00042,5.006858730457277,5,0.0002,3.024814805571865,3,MCHENRY:ALG 26,MCHENRY:ALGONQUIN ALG 26,MCHENRY:ALG 26,1.0,77.37257301,2.849925186,2.849925186,2.849925186,2.849925186,5.527875873,2.849925186,2.849925186,19.41108488667886,20.161846455607837,12.811160191451755,5.092620702274568,3.49454915842481,3.893874586462528,2.074792561257769,26.317203116293406,29.8201768835349,18.641231642908124,6.934903106300595,4.496934587043981,4.866995386293963,2.873392247744536,17.004399943338296,23.748654490099593,16.488623530668757,8.375462397503828,3.2012531558596886,0.0005857965546347084,0.000813445429235639,1.0,0.3,0.2,1.0,1.0,1.0,1.0,1.4,1.0,229.4902508,229.1909687,1.855913133,0.45455783,1.401355303,0.008087111,0.001980728,0.006106383,1189.82,108,1.0000000000000009
MCHENRY:ALG 27,MCHENRY:ALGONQUIN ALG 27,MCHENRY:ALG 27,,,,,,,,,,0.683217414,0.231870002,0.026911503,0.044695645,0.033249002,0.001851027,0.1566,0.6335,0.3665,0.8925,0.0033,0.0001,0.0,0.0933,0.110595028,0.144110217,0.142274151,0.117627838,0.140729583,0.119165733,0.098305355,0.094615651,0.032576443,0.051075741,0.038067695,0.013904604,0.012359823,0.041842594,0.0272145,0.012228806,0.016293297,0.035308372,0.088112137,0.101787658,0.258009987,0.122604697,0.031817739,0.080869922,0.068502428,,-0.033843605,,,,,0.280353201,453.0,46.3,80989,204.760192,-0.089911569,,,-0.107706416,,,,-0.647758703,-0.101033349,mc_lake_2race,MCHENRY,ALG 27,0,0,0,,0,0,1,372,248,165,164,123,82,0.35312,27.64675004142464,69,0.60612,30.955006616020935,77,0.03808,17.19249489891522,43,0.00178,7.974372566736086,20,0.00054,4.41734185080421,11,0.00024,5.001136705920313,12,0.00012,3.0597663482444153,8,MCHENRY:ALG 27,MCHENRY:ALGONQUIN ALG 27,MCHENRY:ALG 27,1.0,70.87881948,4.009541706,4.009541706,4.009541706,4.009541706,5.063930289,4.009541706,4.009541706,19.410899372256736,19.800675256396474,11.176106634560957,5.463222756917969,3.2640611494247467,3.894510043542466,2.0754209511758073,26.982821733378174,30.222495987012813,16.829691415538885,7.819847905995668,4.276007845479047,4.906791144213109,2.9131809385017817,17.00421442891617,23.38748329088823,14.85356997377796,8.746064452147229,2.9707651468596254,0.0012212536345725942,0.001441835347274043,1.0,0.3,0.2,1.0,1.0,1.0,1.0,1.4,1.0,928.775505,924.0718493,11.31874982,3.052039784,8.266710039,0.012186745,0.00328609,0.008900655,3358.19,248,0.999999999999999
MCHENRY:ALG 28,MCHENRY:ALGONQUIN ALG 28,MCHENRY:ALG 28,,,,,,,,,,0.854526307,0.075353244,0.015574487,0.031466345,0.021482896,0.000595773,0.3515,0.6225,0.3775,0.7652,0.0413,0.0028,0.0097,0.1438,0.116045408,0.151886724,0.082453347,0.165725681,0.136707689,0.162968864,0.095636398,0.05419348,0.034382409,0.013398263,0.035780449,0.071046312,0.0312668,0.072697818,0.00440216,0.012788681,0.001114198,0.04125417,0.054616998,0.052810844,0.119323846,0.10511535,0.098696351,0.121399387,0.164288374,,-0.008509273,,,,,0.245714286,525.0,46.8,97800,237.1533138,0.018017099,,,-0.217903723,,,,-0.535327828,-0.129433414,mc_lake_2race,MCHENRY,ALG 28,0,0,0,,0,0,1,309,206,137,176,132,88,0.35142,27.622197079309725,57,0.60912,30.979947176694587,64,0.0366,17.22268194384633,35,0.00204,7.999187512511294,16,0.00028,4.392683578932557,9,0.00038,5.068018652453121,10,0.00016,3.0696965952845607,6,MCHENRY:ALG 28,MCHENRY:ALGONQUIN ALG 28,MCHENRY:ALG 28,1.0,71.9560031,3.817184555,3.817184555,3.817184555,3.817184555,5.140889568,3.817184555,3.817184555,19.411049345961484,19.800871706436578,11.176247527541358,5.462689710698002,3.2640847720376276,3.8940828649434187,2.0749591263864278,26.98328993950591,30.223133924216043,16.83011526389264,7.819171701729885,4.276014501933997,4.906378245371335,2.9127333934696757,17.00436440262092,23.387679740928334,14.85371086675836,8.745531405927261,2.9707887694725064,0.0007940750355253092,0.00098001055789442,1.0,0.3,0.2,1.0,1.0,1.0,1.0,1.4,1.0,492.4309172,490.6083115,6.235029822,3.564316389,2.670713433,0.012661735,0.007238206,0.005423529,2069.21,206,0.9997296459758358
MCHENRY:ALG 29,MCHENRY:ALGONQUIN ALG 29,MCHENRY:ALG 29,,,,,,,,,,0.746336925,0.149671289,0.046187074,0.047834847,0.017212336,0.001403444,0.197,0.7926,0.2074,0.8793,0.0251,0.0,0.0,0.0956,0.072232397,0.182637083,0.153017281,0.171509179,0.136919669,0.156604593,0.08563983,0.032324058,0.009115909,0.013136352,0.002239522,0.00410065,0.015364507,0.004172907,0.008204555,0.032664382,0.097526668,0.020334861,0.068151262,0.116935218,0.163252862,0.161714896,0.076973951,0.12620166,0.08902575,,0.047078283,,,,,0.21038961,385.0,42.0,92943,206.8404842,0.254829773,,,-0.330282651,,,,-0.674929139,-0.110865492,mc_lake_2race,MCHENRY,ALG 29,0,0,0,,0,0,1,144,96,64,146,110,73,0.33712,27.112883340612143,26,0.60442,30.69703612704385,29,0.05598,18.542871342645967,18,0.00142,7.370387387663649,7,0.00056,4.520624297754623,4,0.00034,5.0441290500696905,5,0.00016,2.9560231149828913,3,MCHENRY:ALG 29,MCHENRY:ALGONQUIN ALG 29,MCHENRY:ALG 29,1.0,71.25701623,3.942005541,3.942005541,3.942005541,3.942005541,5.09095052,3.942005541,3.942005541,19.410863784753705,20.068746727797272,12.390554949084532,5.18963471556638,3.4352535010058474,3.8949346200816404,2.0757030107287364,26.48394969170588,29.920148036332073,18.183468418856172,7.160145630371996,4.441116588452685,4.877880663549137,2.884127940851565,17.00417884141314,23.65555476228903,16.068018288301534,8.47247641079564,3.141957498440726,0.0016458301737470355,0.0017238949002031385,1.0,0.3,0.2,1.0,1.0,1.0,1.0,1.4,1.0,236.27499,235.5864074,2.333600564,0.789191077,1.544409486,0.00987663,0.003340138,0.006536492,665.46,96,0.9999999999999999
MCHENRY:ALG 3,MCHENRY:ALGONQUIN ALG 03,MCHENRY:ALG 3,,,,,,,,,,0.885550982,0.063047531,0.007852765,0.011900571,0.024818151,0.002399854,0.1647,0.8806,0.1194,0.7952,0.0,0.0,0.0,0.2043,0.198973587,0.171829748,0.065243481,0.226713332,0.05060203,0.078330558,0.089111297,0.075464236,0.043731732,0.062431221,0.000476239,0.020436782,0.023214117,0.023418102,0.033374615,0.025426918,0.005915123,0.045075884,0.063523875,0.13697168,0.128053567,0.162146466,0.152506622,0.056377281,0.060651507,,-0.092149029,,,,,0.067961165,515.0,41.0,86662,216.6475761,-0.338302835,,,-0.783392427,,,,-0.87575696,-0.61648383,mc_lake_2race,MCHENRY,ALG 3,0,0,0,,0,0,1,207,138,92,123,93,62,0.73224,33.32717163537057,46,0.24216,26.640497112692124,37,0.02424,16.5724265933965,23,0.00048,5.781808470461174,8,0.00048,5.753338830155543,8,0.00018,5.0905440689761665,7,0.00022,3.085362373131765,4,MCHENRY:ALG 3,MCHENRY:ALGONQUIN ALG 03,MCHENRY:ALG 3,1.0,84.30459163,1.612045852,1.612045852,1.612045852,1.612045852,6.023133261,1.612045852,1.612045852,22.245391339687593,16.127610579645793,10.160453800753588,3.672612194506664,3.977932525046619,3.8936273535102868,2.0743701638866807,32.569868606690726,26.010693154217684,16.229089983643707,5.594157048192256,5.595187341964752,4.9728095691893195,2.979031266221045,19.83870639634703,19.71441861413755,13.83791713997059,6.9554538897359235,3.684636522481498,0.00033856360239320515,0.00039104805814726057,1.0,0.3,0.2,1.0,1.0,1.0,1.0,1.4,1.0,381.4716708,380.1027591,3.650403901,1.82507911,1.82532479,0.009569266,0.004784311,0.004784955,1941.88,138,0.9999999999999996
MCHENRY:ALG 30,MCHENRY:ALGONQUIN ALG 30,MCHENRY:ALG 30,,,,,,,,,,0.734137973,0.176897587,0.03352257,0.04380322,0.016168102,0.001233582,0.1802,0.7548,0.2452,0.8705,0.0316,0.0,0.0,0.0978,0.105147119,0.150848491,0.149177884,0.204615165,0.124471426,0.135932091,0.083105509,0.036264181,0.010438134,0.016165383,8.26e-05,0.013072159,0.011919057,0.017855797,0.016923239,0.051855592,0.115238019,0.036532445,0.074083591,0.101273393,0.155880997,0.143272534,0.079307853,0.097276165,0.069261193,,0.248361018,,,,,0.106382979,376.0,40.2,82217,198.8164999,1.112329296,,,-0.661160527,,,,-0.646895873,0.003898157,mc_lake_2race,MCHENRY,ALG 30,0,0,0,,0,0,1,78,52,35,216,162,108,0.3337,27.042566311905286,14,0.6055,30.58235736717787,16,0.05828,18.772209456247968,10,0.00144,7.222292575912051,4,0.00052,4.614401680767993,2,0.00036,5.051126189836692,3,0.0002,2.9992593906549345,2,MCHENRY:ALG 30,MCHENRY:ALGONQUIN ALG 30,MCHENRY:ALG 30,1.0,66.51591589,4.795927593,4.795927593,4.795927593,4.795927593,4.752223072,4.795927593,4.752223072,19.410909489215566,20.105930638778357,12.5587568973544,5.150960875376737,3.4589650325049646,3.8946249648036964,2.075466499082584,26.41686143916774,29.879835442524026,18.36719396366612,7.06985114144592,4.463531241666017,4.8736216603577365,2.879942081291955,17.004224545875,23.692738673270114,16.236220236571402,8.433802570605996,3.1656690299398433,0.0013361748958029224,0.0014873832540506947,1.0,0.3,0.2,1.0,1.0,1.0,1.0,1.4,1.0,301.3173053,300.813632,2.619831625,0.631552987,1.988278638,0.008694594,0.002095973,0.006598621,711.55,52,1.0000000000000009
MCHENRY:ALG 31,MCHENRY:ALGONQUIN ALG 31,MCHENRY:ALG 31,,,,,,,,,,0.679587304,0.23748276,0.026589912,0.044578278,0.027207116,0.00179923,0.1981,0.765,0.235,0.889,0.0119,0.0,0.0014,0.0978,0.101599065,0.141306539,0.143071433,0.144635523,0.1350927,0.13205979,0.100395681,0.081321314,0.020517955,0.048399227,0.022395325,0.014305686,0.009222756,0.031668512,0.025059776,0.027535519,0.070063074,0.026773964,0.066531252,0.073812369,0.242614088,0.120996772,0.056585267,0.093596206,0.070440207,,0.093983397,,,,,0.293103448,464.0,45.1,83680,239.5307906,0.454653732,,,-0.067143862,,,,-0.604685823,0.128530236,mc_lake_2race,MCHENRY,ALG 31,0,0,0,,0,0,1,165,110,73,209,157,105,0.35436,27.63894284045329,30,0.60696,30.929887987015963,34,0.03602,17.191618167599405,19,0.0019,8.08588088586956,9,0.00032,4.4113720728808845,5,0.00026,5.071994509950367,6,0.00018,3.0162141242011775,3,MCHENRY:ALG 31,MCHENRY:ALGONQUIN ALG 31,MCHENRY:ALG 31,1.0,61.61379064,5.916445385,5.916445385,5.916445385,5.916445385,4.401991215,5.916445385,4.401991215,19.410900702785472,19.80067699925149,11.176107884527806,5.4632062634842855,3.264061358998587,3.8945019467159514,2.07541455566872,26.98283183456055,30.22250999166488,16.82970037098197,7.81982728586767,4.276008943770283,4.906783523833014,2.9131750194411143,17.004215759444907,23.387485033743246,14.853571223744808,8.746047958713545,2.970765356433466,0.0012131568080579577,0.0014354398401861285,1.0,0.3,0.2,1.0,1.0,1.0,1.0,1.4,1.0,467.0032459,463.3256314,6.58197747,3.092215124,3.489762347,0.014094072,0.0066214,0.007472673,1808.12,110,0.9999999999999996
MCHENRY:ALG 32,MCHENRY:ALGONQUIN ALG 32,MCHENRY:ALG 32,,,,,,,,,,0.625163027,0.296570847,0.020689133,0.045887646,0.038877566,0.002437765,0.1608,0.7936,0.2064,0.9404,0.0385,0.0001,0.0004,0.0206,0.095051101,0.134118001,0.137971712,0.077836732,0.147100804,0.130129995,0.119326225,0.127760456,0.030704974,0.082112994,0.045930491,0.014832432,0.007088857,0.045059924,0.032489245,0.00051778,0.021521413,0.015087592,0.057658834,0.045176108,0.331260729,0.100554253,0.033536039,0.092953213,0.074220096,,-0.093152861,,,,,0.202279202,351.0,50.6,85002,179.202316,-0.342579334,,,-0.356084415,,,,-0.676185637,-0.35102001,mc_lake_2race,MCHENRY,ALG 32,0,0,0,,0,0,1,72,48,32,193,145,97,0.35452,27.657138303049116,13,0.60642,30.902357311086938,15,0.03646,17.187023959844304,8,0.00168,8.017028647124882,4,0.0005,4.457940002417736,2,0.00024,5.03559346163606,2,0.00018,3.02731435984092,1,MCHENRY:ALG 32,MCHENRY:ALGONQUIN ALG 32,MCHENRY:ALG 32,1.0,78.86672952,2.583107457,2.583107457,2.583107457,2.583107457,5.634625737,2.583107457,2.583107457,19.41088585916035,19.800657555637983,11.176093939666027,5.4628851974072505,3.2640590209539906,3.8944073675102904,2.075387233618525,26.98297447910752,30.222712025604167,16.829823503532452,7.8194296111566635,4.276041307342853,4.906698645306135,2.9131573980697016,17.004200915819784,23.38746559012974,14.853557278883029,8.74572689263651,2.9707630183888694,0.0011185776023970096,0.001408117789991706,1.0,0.3,0.2,1.0,1.0,1.0,1.0,1.4,1.0,96.40123348,95.10021697,1.345026939,0.784313983,0.560712956,0.013952383,0.008135933,0.00581645,571.33,48,0.9999999999999997
MCHENRY:ALG 33,MCHENRY:ALGONQUIN ALG 33,MCHENRY:ALG 33,,,,,,,,,,0.866703016,0.064359617,0.013347107,0.042151448,0.014853828,0.000203025,0.2599,0.7065,0.2935,0.7468,0.0402,0.0061,0.0013,0.2056,0.156464543,0.141604245,0.080900129,0.107623202,0.15328685,0.14806342,0.122275413,0.057547828,0.032234369,0.009464199,0.008748858,0.119696239,0.030018194,0.076014853,0.011727114,0.012339941,0.003540788,0.056372057,0.074452944,0.046783509,0.028978546,0.114022531,0.124655343,0.14507086,0.138114023,,-0.048720473,,,,,0.062706271,606.0,48.7,104794,254.6872054,-0.153289619,,,-0.800109901,,,,-0.757095173,-0.557552296,mc_lake_2race,MCHENRY,ALG 33,0,0,0,,0,0,1,104,69,46,199,150,100,0.75892,34.18060175367377,24,0.22696,26.90915396825829,19,0.01302,14.921629778588075,10,0.0005,6.442118476347196,4,0.0004,5.641303680392179,4,0.0001,5.19593264350774,4,0.0001,3.1053129758929328,2,MCHENRY:ALG 33,MCHENRY:ALGONQUIN ALG 33,MCHENRY:ALG 33,1.0,83.31270267,1.789171581,1.789171581,1.789171581,1.789171581,5.952267852,1.789171581,1.789171581,22.245048401202908,15.8384188100978,8.852228206662621,3.9684638693760226,3.7935114775768537,3.894206040701999,2.075213751168608,33.28263926454175,26.26595687059026,14.626019928618586,6.319298676074982,5.431747040835508,5.009344296168231,3.015830893290171,19.838363457862343,19.425226844589556,12.529691545879624,7.251305564605282,3.5002154750117325,0.0009172507941056425,0.001234635340074695,1.0,0.3,0.2,1.0,1.0,1.0,1.0,1.4,1.0,224.7772256,224.0271934,2.641071803,1.430870632,1.210201171,0.01174973,0.006365728,0.005384003,586.35,69,0.9990600522211295
MCHENRY:ALG 34,MCHENRY:ALGONQUIN ALG 34,MCHENRY:ALG 34,,,,,,,,,,0.864865241,0.071083379,0.011881058,0.036109465,0.020637636,0.001172021,0.2691,0.8816,0.1184,0.7578,0.065,0.001,0.0055,0.1706,0.1031209,0.140445806,0.132091131,0.120808643,0.103297127,0.149920448,0.124623597,0.09673099,0.028961358,0.0435371,0.041496067,0.030153898,0.07104321,0.06073623,0.027889439,0.016311385,0.015855921,0.04256218,0.100544204,0.047605296,0.086221489,0.090421276,0.114897341,0.080218151,0.130506813,,-0.043195982,,,,,-0.105360444,541.0,50.5,75657,222.2940836,-0.129754325,,,-1.334783095,,,,-0.749701366,-0.882897306,mc_lake_2race,MCHENRY,ALG 34,0,0,0,,0,0,1,227,151,101,161,121,81,0.75722,34.15719811652931,52,0.22776,26.90949061883018,41,0.0137,14.959942576457433,23,0.00062,6.517733419011024,10,0.00048,5.684465217655118,9,0.00014,5.150437784745175,8,8e-05,3.197661977413323,5,MCHENRY:ALG 34,MCHENRY:ALGONQUIN ALG 34,MCHENRY:ALG 34,1.0,87.65651086,1.013479723,1.013479723,1.013479723,1.013479723,6.262610801,1.013479723,1.013479723,22.24511689602686,15.838508531232147,8.852292554208779,3.9684179933711814,3.7935222663128747,3.8940832754901495,2.0750414283640866,33.282759074653164,26.266111849993223,14.626129458866732,6.319228604769568,5.431726889640491,5.009222026333521,3.01565906586279,19.838431952686296,19.425316565723904,12.529755893425781,7.251259688600441,3.5002262637477535,0.0007944855822560038,0.001062312535553081,1.0,0.3,0.2,1.0,1.0,1.0,1.0,1.4,1.0,486.1312483,485.2454823,3.322040769,0.801474665,2.520566104,0.006833629,0.00164868,0.00518495,1848.1,151,0.999517451752222
MCHENRY:ALG 35,MCHENRY:ALGONQUIN ALG 35,MCHENRY:ALG 35,,,,,,,,,,0.84193781,0.088194535,0.013701581,0.037162217,0.014942158,0.001833817,0.3234,0.9106,0.0894,0.8172,0.0346,0.0,0.0021,0.146,0.108398025,0.147308177,0.136023867,0.132649755,0.117934752,0.159049604,0.11549944,0.069652061,0.013484318,0.070329896,0.024679667,0.004491764,0.042049059,0.033197545,0.014170964,0.045266769,0.030190335,0.043642013,0.071520768,0.049336563,0.116246721,0.103412381,0.092631058,0.112942472,0.145892025,,0.089955535,,,,,0.222797927,386.0,46.8,90296,224.6715604,0.437494338,,,-0.290807884,,,,-0.698501338,-0.017694551,mc_lake_2race,MCHENRY,ALG 35,0,0,0,,0,0,1,183,122,81,181,136,91,0.35546,27.679464930489893,34,0.60684,31.02413533590356,38,0.03516,17.147856870158726,21,0.00154,8.069845581879315,10,0.00032,4.4543994642371105,5,0.00034,5.004566973371069,6,0.00034,3.0091220323944263,4,MCHENRY:ALG 35,MCHENRY:ALGONQUIN ALG 35,MCHENRY:ALG 35,1.0,67.44425801,4.622865602,4.622865602,4.622865602,4.622865602,4.818548383,4.622865602,4.622865602,19.410984774818218,19.800787124918067,11.17618686610182,5.462559697657615,3.264074601327214,3.8941351657867873,2.0750877291468313,26.98327010629196,30.223114286116278,16.83009154135552,7.819016018523139,4.276043394340104,4.906435086738553,2.9128665367539295,17.004299831477653,23.387595159409823,14.853650205318823,8.745401392886874,2.970778598762093,0.0008463758788938447,0.0011086133182979581,1.0,0.3,0.2,1.0,1.0,1.0,1.0,1.4,1.0,318.3988963,317.5083136,2.48444551,0.878735373,1.605710136,0.007802934,0.002759857,0.005043077,1337.39,122,0.9999999999999997
MCHENRY:ALG 36,MCHENRY:ALGONQUIN ALG 36,MCHENRY:ALG 36,,,,,,,,,,0.768639014,0.161546734,0.011971805,0.039496712,0.023137531,2.49e-05,0.3217,0.8974,0.1026,0.8945,0.0,0.0,0.0,0.103,0.099060077,0.155930677,0.070766491,0.230166043,0.089147057,0.135067873,0.143011579,0.046159659,0.030690544,0.021418569,0.009002141,0.01603196,0.027049889,0.021456612,0.009143123,0.040765219,8.77e-05,0.000215054,0.01136061,0.03375269,0.156229196,0.181264553,0.134285912,0.215645123,0.122291606,,0.059993061,,,,,0.125603865,414.0,45.7,121169,184.5516389,0.309848978,,,-0.60001283,,,,-0.680662509,-0.258814652,mc_lake_2race,MCHENRY,ALG 36,0,0,0,,0,0,1,167,111,74,155,117,78,0.3517,27.599154511659265,31,0.60912,30.933405682939124,34,0.03632,17.190082858668006,19,0.00178,8.06542852754534,9,0.00048,4.418391769844624,5,0.00034,5.072917836363507,6,0.00026,3.0759226412165654,3,MCHENRY:ALG 36,MCHENRY:ALGONQUIN ALG 36,MCHENRY:ALG 36,1.0,76.29608769,3.042157638,3.042157638,3.042157638,3.042157638,5.450966484,3.042157638,3.042157638,19.410958309860593,19.80075245856109,11.176162003565008,5.462455195865666,3.2640704327868035,3.8941378515773803,2.0751304324649635,26.983287869467667,30.223142567492523,16.83010443571665,7.818888557106162,4.276059760433303,4.906441156180136,2.9129126237230514,17.004273366520028,23.387560493052845,14.85362534278201,8.745296891094926,2.9707744302216823,0.0008490616694869189,0.001151316636430145,1.0,0.3,0.2,1.0,1.0,1.0,1.0,1.4,1.0,211.7834143,211.7547561,0.840489018,0.362928121,0.477560897,0.003968625,0.001713676,0.002254949,1469.18,111,0.9984047099859604
MCHENRY:ALG 37,MCHENRY:ALGONQUIN ALG 37,MCHENRY:ALG 37,,,,,,,,,,0.89533344,0.0449276,0.003162029,0.03084038,0.013819137,5.3e-07,0.4069,0.9621,0.0379,0.7626,0.0354,0.0,0.0,0.1929,0.054549586,0.227290075,0.064368689,0.101907563,0.189275742,0.160599131,0.149940354,0.045322717,0.006746144,3.63e-05,1.27e-05,1.9e-05,0.019003207,2.19e-05,0.011139049,0.009517451,0.012732573,4.69e-05,0.030137061,0.015807856,0.047598223,0.0452399,0.155142248,0.196825211,0.456720368,,-0.178721464,,,,,-0.146025878,541.0,48.1,189006,213.6757301,-0.707116492,,,-1.464152658,,,,-0.764172227,-1.180264096,mc_lake_2race,MCHENRY,ALG 37,0,0,0,,0,0,1,207,138,92,142,107,71,0.75644,34.16738378982755,47,0.22942,26.90444342920465,37,0.01294,14.94034759968011,21,0.00046,6.508874972694947,9,0.00046,5.585216187336361,8,0.00014,5.209668584358854,7,0.00014,3.176971711755948,4,MCHENRY:ALG 37,MCHENRY:ALGONQUIN ALG 37,MCHENRY:ALG 37,1.0,89.88623575,0.615308496,0.615308496,0.615308496,0.615308496,6.421913276,0.615308496,0.615308496,22.245176628907515,15.838586775127105,8.85234867033659,3.9679819297238295,3.793531674940329,3.893831216186633,2.074813774944776,33.283125779226744,26.266508945551728,14.626390594122945,6.318627386330969,5.4317555858532875,5.008983616810172,3.0154450622236464,19.83849168556695,19.42539480961886,12.529812009553593,7.250823624953089,3.500235672375208,0.0005424262787396216,0.0008346591162425401,1.0,0.3,0.2,1.0,1.0,1.0,1.0,1.4,1.0,847.0287342,847.0244476,3.249104187,1.62341772,1.625686467,0.003835884,0.001916603,0.001919281,1712.57,138,0.9994916890997225
MCHENRY:ALG 38,MCHENRY:ALGONQUIN ALG 38,MCHENRY:ALG 38,,,,,,,,,,0.889756542,0.034792783,0.005266865,0.052106112,0.012414171,0.0,0.4047,0.9743,0.0257,0.7224,0.0114,0.0,0.0,0.2526,0.097181029,0.221433798,0.085257068,0.130998324,0.164856885,0.173465381,0.095836952,0.021800333,0.00917023,0.005849841,4.44e-07,0.005849574,0.011114004,0.004680086,0.025037462,0.011114715,0.0,0.0,0.028546816,0.027035618,0.028081937,0.072834732,0.04855149,0.25398596,0.47731732,,-0.134507321,,,,,-0.087344029,561.0,45.6,195535,246.0688519,-0.518756539,,,-1.277467201,,,,-0.695365711,-0.992950703,mc_lake_2race,MCHENRY,ALG 38,0,0,0,,0,0,1,89,59,39,193,145,97,0.75604,34.18136789123303,20,0.23,26.949867236564295,16,0.01262,14.970832125396718,9,0.0008,6.506875780658534,4,0.00028,5.640278441994603,3,0.00018,5.124459728436097,3,8e-05,3.1770421454395943,2,MCHENRY:ALG 38,MCHENRY:ALGONQUIN ALG 38,MCHENRY:ALG 38,1.0,88.6258077,0.840388364,0.840388364,0.840388364,0.840388364,6.331862118,0.840388364,0.840388364,22.24493555034613,15.838270987148586,8.852122188787162,3.9679807726604395,3.793493702246789,3.8942037701780503,2.0753885220302166,33.282811757645625,26.266071023767118,14.626073086441327,6.318652240148743,5.431845514086343,5.00935985476142,3.016023493268918,19.838250607005566,19.425079021640343,12.529585528004164,7.250822467889699,3.5001976996816677,0.0009149802701567848,0.0014094062016830426,1.0,0.3,0.2,1.0,1.0,1.0,1.0,1.4,1.0,180.533913,180.533913,0.691259399,0.345629699,0.345629699,0.003828973,0.001914486,0.001914486,489.38,59,0.9999999999999987
MCHENRY:ALG 39,MCHENRY:ALGONQUIN ALG 39,MCHENRY:ALG 39,,,,,,,,,,0.896934906,0.061424614,0.007792212,0.019361142,0.014606938,1.85e-05,0.3421,0.9048,0.0952,0.9427,0.0091,0.0,0.0,0.0481,0.080184561,0.182243127,0.058551929,0.194567056,0.125350432,0.135492765,0.146778187,0.048440991,0.028390952,0.018157532,6.58e-05,0.018683754,0.034472933,0.014546754,4.14e-05,0.034389318,1.83e-05,4.37e-05,0.011580176,0.021907751,0.089330508,0.15761268,0.150851731,0.232265049,0.216032658,,-0.050898662,,,,,-0.123434705,559.0,47.0,141432,220.510976,-0.162569084,,,-1.392283017,,,,-0.946332068,-0.931140292,mc_lake_2race,MCHENRY,ALG 39,0,0,0,,0,0,1,144,96,64,229,172,115,0.7589,34.18747110361492,33,0.22738,26.89698741684759,26,0.01246,14.961929110315191,14,0.00058,6.553502354528454,6,0.00042,5.5868544269152745,5,0.00012,5.15215101265603,5,0.00014,3.2049596939790455,3,MCHENRY:ALG 39,MCHENRY:ALGONQUIN ALG 39,MCHENRY:ALG 39,1.0,88.10569958,0.933266229,0.933266229,0.933266229,0.933266229,6.294703045,0.933266229,0.933266229,22.24530676306809,15.838757237416527,8.852470925032948,3.968289496284405,3.7935521725929213,3.893742484786232,2.074563491409203,33.283092067412035,26.266542330898375,14.626433631774255,6.319032554761361,5.43167118567387,5.008882653160654,3.0151825464389574,19.838621819727525,19.425565271908283,12.52993426424995,7.2511311915136645,3.5002561700278,0.0004536948783388393,0.0005843755806697673,1.0,0.3,0.2,1.0,1.0,1.0,1.0,1.4,1.0,211.2882833,211.2880063,0.809230407,0.404149698,0.405080708,0.003829982,0.001912788,0.001917194,1103.23,96,1.0000000000000004
MCHENRY:ALG 4,MCHENRY:ALGONQUIN ALG 04,MCHENRY:ALG 4,,,,,,,,,,0.687273204,0.228900902,0.021420913,0.024217901,0.042229911,9.07e-05,0.1414,0.6407,0.3593,0.8655,0.0407,0.0,0.017,0.0768,0.150372132,0.110135576,0.118739999,0.167734459,0.144978378,0.095009139,0.134191657,0.043451794,0.035386868,0.096929382,0.020783664,0.000237074,0.007580556,0.034329107,0.018077619,0.004271333,0.036589522,0.053827797,0.119783091,0.16399013,0.140419816,0.07279344,0.096277591,0.109205273,0.024904606,,0.047191761,,,,,0.115124153,443.0,44.5,69841,202.0855305,0.255313209,,,-0.633352097,,,,-0.623614899,-0.300102607,mc_lake_2race,MCHENRY,ALG 4,0,0,0,,0,0,1,156,104,69,125,94,63,0.3404,27.2229110507516,28,0.60644,30.656345564148214,32,0.0511,18.321957509401336,19,0.00116,7.511987007718606,8,0.00026,4.584509321394416,5,0.00042,5.020101941714832,5,0.00022,3.026578529417677,3,MCHENRY:ALG 4,MCHENRY:ALGONQUIN ALG 04,MCHENRY:ALG 4,1.0,77.49744008,2.827627155,2.827627155,2.827627155,2.827627155,5.536796988,2.827627155,2.827627155,19.41113151780733,20.01753625975955,12.157252289066454,5.241249319064738,3.4023729880496547,3.894083793936208,2.07483148127498,26.579199925067236,29.97852805967264,17.92802416900101,7.283750349354716,4.409891639337986,4.882608126845897,2.8888347008399995,17.004446574466765,23.604344294251305,15.834715628283456,8.524091014293997,3.1090769854845335,0.0007950040283144859,0.0008523654464465075,1.0,0.3,0.2,1.0,1.0,1.0,1.0,1.4,1.0,275.0623973,274.1089349,2.38385082,0.477705597,1.906145224,0.008666582,0.001736717,0.006929865,1663.82,104,0.9999999999999996
MCHENRY:ALG 40,MCHENRY:ALGONQUIN ALG 40,MCHENRY:ALG 40,,,,,,,,,,0.847596726,0.073839543,0.00972279,0.04939463,0.008996065,0.002426626,0.3743,0.9515,0.0485,0.8139,0.0411,0.0,0.0,0.145,0.125175952,0.150431837,0.127594943,0.146722586,0.137962254,0.166931,0.110468538,0.03465329,5.96e-05,0.082433272,0.0,0.0,0.004365042,0.008714624,0.0,0.073813636,0.043409717,0.052071995,0.03524704,0.047897639,0.126183737,0.123832053,0.086979602,0.15663121,0.158420435,,0.071528475,,,,,0.056521739,460.0,44.8,105221,207.732038,0.358991851,,,-0.819784847,,,,-0.663468339,-0.377743585,mc_lake_2race,MCHENRY,ALG 40,0,0,0,,0,0,1,81,54,36,212,159,106,0.33816,27.20655329967797,15,0.60806,30.798925800549377,17,0.0514,18.257347974974518,10,0.00156,7.467984275085423,4,0.00046,4.515084280855327,2,0.0002,5.040496522515711,3,0.00016,3.0192762541816967,2,MCHENRY:ALG 40,MCHENRY:ALGONQUIN ALG 40,MCHENRY:ALG 40,1.0,79.53831668,2.463179351,2.463179351,2.463179351,2.463179351,5.682607216,2.463179351,2.463179351,19.410846102303754,20.010975054495653,12.128957653262903,5.246829479556797,3.3983773096837813,3.894248333399421,2.075364367313731,26.590561687033883,29.98544328191373,17.897127655896718,7.297915004430178,4.40626308361968,4.883465668327834,2.8900605888974757,17.00416115896319,23.59778308898741,15.806420992479906,8.529671174786056,3.10508130711866,0.0009595434915276462,0.0013852514851975524,1.0,0.3,0.2,1.0,1.0,1.0,1.0,1.4,1.0,143.4133997,143.0605992,1.234801719,0.529200737,0.705600982,0.008610086,0.003690037,0.004920049,612.49,54,1.0000000000000004
MCHENRY:ALG 41,MCHENRY:ALGONQUIN ALG 41,MCHENRY:ALG 41,,,,,,,,,,0.850707208,0.093678872,0.016027039,0.017256584,0.018137779,0.002137552,0.2528,0.8946,0.1054,0.7752,0.0504,0.0,0.0046,0.1699,0.09352621,0.131999962,0.138969136,0.136193332,0.083341117,0.151088181,0.139112496,0.10028001,0.025489555,0.043076519,0.047245124,0.006559694,0.071244921,0.055312592,0.030638894,0.013838301,0.013738945,0.029599072,0.098071649,0.047433647,0.143904097,0.093770027,0.127072655,0.06077573,0.117718133,,0.001464745,,,,,0.155642023,514.0,50.9,82512,232.1011755,0.060508154,,,-0.504451981,,,,-0.766642334,-0.292591931,mc_lake_2race,MCHENRY,ALG 41,0,0,0,,0,0,1,155,103,69,120,90,60,0.35116,27.639349897973997,28,0.60958,30.959262493562544,32,0.03652,17.15855832099907,18,0.0017,8.059847308757693,8,0.00046,4.449202806195003,5,0.00026,5.104075683779034,5,0.00032,2.9745421775518395,3,MCHENRY:ALG 41,MCHENRY:ALGONQUIN ALG 41,MCHENRY:ALG 41,1.0,77.28511881,2.865542246,2.865542246,2.865542246,2.865542246,5.521627716,2.865542246,2.865542246,19.411210434643476,19.801082715947157,11.176398862500731,5.462789437929394,3.264110145389447,3.893870152027772,2.074594412291486,26.983452976546893,30.22334225498819,16.83027364126554,7.819280918057909,4.27596226581769,4.906160883262117,2.9123640301811626,17.00452549130291,23.387890750438913,14.853862201717734,8.745631133158653,2.970814142824326,0.0005813621198786025,0.0006152964629525851,1.0,0.3,0.2,1.0,1.0,1.0,1.0,1.4,1.0,245.9486977,245.631454,1.266527822,0.008946763,1.257581059,0.005149561,3.64e-05,0.005113184,1283.34,103,0.9996817080633601
MCHENRY:ALG 42,MCHENRY:ALGONQUIN ALG 42,MCHENRY:ALG 42,,,,,,,,,,0.837460449,0.106395058,0.019075106,0.023317652,0.012135438,0.001187734,0.2708,0.8493,0.1507,0.833,0.0025,0.0,0.0017,0.1628,0.122205725,0.099315774,0.117850348,0.131880237,0.157903716,0.148800138,0.145162813,0.055649989,0.021231261,0.007662984,2.23e-06,0.009169207,0.033133536,0.012270195,0.023591231,0.042050001,0.019586264,0.006348227,0.030865042,0.039410903,0.093373423,0.183694005,0.138362852,0.249278878,0.111201026,,0.036704222,,,,,0.048148148,540.0,47.4,124843,224.0771912,0.210634466,,,-0.846423879,,,,-0.789972354,-0.450027,mc_lake_2race,MCHENRY,ALG 42,0,0,0,,0,0,1,167,111,74,171,129,86,0.75686,34.147998937606175,38,0.22882,26.931931843056688,30,0.01276,14.88236106403178,17,0.0007,6.503046903476786,7,0.00052,5.624396840226886,6,0.00018,5.100258608723624,6,0.00016,3.1403616707062114,3,MCHENRY:ALG 42,MCHENRY:ALGONQUIN ALG 42,MCHENRY:ALG 42,1.0,81.20360553,2.16580181,2.16580181,2.16580181,2.16580181,5.801583614,2.16580181,2.16580181,22.24526191016865,15.838698484757792,8.852428787921697,3.968869020339522,3.7935451077365734,3.894024044621085,2.0747836827527704,33.28264981449188,26.266077434942353,14.626132136028602,6.319827768450632,5.431620189902275,5.009145550758363,3.01538407554538,19.838576966828086,19.42550651924955,12.5298921271387,7.251710715568781,3.500249105171452,0.000735254713191375,0.0008045669242368954,1.0,0.3,0.2,1.0,1.0,1.0,1.0,1.4,1.0,346.1182462,345.529925,2.522521739,0.822086263,1.700435476,0.007288035,0.00237516,0.004912874,1588.04,111,0.9988084788830899
MCHENRY:ALG 43,MCHENRY:ALGONQUIN ALG 43,MCHENRY:ALG 43,,,,,,,,,,0.783880305,0.141642614,0.016343543,0.044432156,0.011915674,0.002270608,0.2388,0.787,0.213,0.8485,0.0023,0.0,0.001,0.1411,0.078910012,0.134618157,0.141260173,0.103927989,0.144254066,0.19157416,0.116567057,0.071935828,0.01695256,0.016001405,0.006382572,0.000395298,0.030019368,0.005285833,0.025556297,0.011630571,0.037691813,0.00686888,0.024520466,0.081232126,0.188168697,0.188756723,0.082827858,0.193864579,0.100797514,,0.093667229,,,,,0.089700997,301.0,48.4,108774,145.9176404,0.453306801,,,-0.714231169,,,,-0.74783401,-0.27640443,mc_lake_2race,MCHENRY,ALG 43,0,0,0,,0,0,1,239,159,106,166,125,83,0.3518,27.58095801984667,44,0.60922,30.979921627454786,49,0.03656,17.156297909557082,27,0.00162,7.993886683120518,13,0.00028,4.445265386020295,7,0.00036,5.109657177520532,8,0.00016,3.006571774559683,5,MCHENRY:ALG 43,MCHENRY:ALGONQUIN ALG 43,MCHENRY:ALG 43,1.0,76.81817796,2.948925812,2.948925812,2.948925812,2.948925812,5.488267172,2.948925812,2.948925812,19.410902359294713,19.800679169107248,11.176109440737438,5.462661630725401,3.26406161991817,3.8942999908028195,2.0753042042893783,26.983109366983484,30.222899199878164,16.829942966027907,7.819150242823446,4.276056608457629,4.90659774290348,2.9130808430453703,17.004217415954148,23.387487203599004,14.85357277995444,8.74550332595466,2.970765617353049,0.0010112008949263367,0.0013250884608448019,1.0,0.3,0.2,1.0,1.0,1.0,1.0,1.4,1.0,395.4899045,392.3230511,6.335528502,2.815607556,3.519920946,0.016019444,0.007119291,0.008900154,1684.69,159,1.0000000000000002
MCHENRY:ALG 44,MCHENRY:ALGONQUIN ALG 44,MCHENRY:ALG 44,,,,,,,,,,0.820188956,0.110186275,0.017765807,0.029822504,0.011416511,0.001115552,0.3024,0.879,0.121,0.7947,0.0025,0.0,0.0,0.1845,0.044427397,0.131589198,0.1350308,0.101666624,0.146517349,0.20405775,0.15113173,0.074553863,0.011025288,0.029974223,0.011959084,1.3e-05,0.023265696,0.010812591,0.026368786,0.003183249,0.038171546,0.003170639,0.010783616,0.123915429,0.238958142,0.148389884,0.045604721,0.180289525,0.105139908,,0.042603308,,,,,-0.075675676,370.0,50.7,97847,199.4108691,0.2357656,,,-1.240346492,,,,-0.666366146,-0.686804457,mc_lake_2race,MCHENRY,ALG 44,0,0,0,,0,0,1,137,91,61,149,112,75,0.75704,34.07839297987984,31,0.22888,26.928462837816614,25,0.0129,14.944245988280885,14,0.0004,6.528198803614973,6,0.00056,5.6367999788810765,5,8e-05,5.161180404772655,5,0.00014,3.139804579681499,3,MCHENRY:ALG 44,MCHENRY:ALGONQUIN ALG 44,MCHENRY:ALG 44,1.0,85.35552312,1.424376653,1.424376653,1.424376653,1.424376653,6.098216958,1.424376653,1.424376653,22.245188168039192,15.838601890196006,8.85235951078796,3.9687647017267444,3.7935334924885526,3.894099940959142,2.0749391780616073,33.282622592098726,26.266012240961324,14.626078489815814,6.319693595977454,5.431659840624868,5.009226043441751,3.0155441671995478,19.838503224698627,19.425409924687763,12.529822850004962,7.251606396956004,3.5002374899234314,0.0008111510512484816,0.000960062233073913,1.0,0.3,0.2,1.0,1.0,1.0,1.0,1.4,1.0,269.6788608,268.7736168,2.629922043,1.376045834,1.253876209,0.009752051,0.005102535,0.004649516,872.31,91,0.9999999999999993
MCHENRY:ALG 45,MCHENRY:ALGONQUIN ALG 45,MCHENRY:ALG 45,,,,,,,,,,0.763697976,0.163252337,0.01438046,0.028381864,0.030567155,0.000985937,0.2096,0.9065,0.0935,0.7608,0.0098,0.0,0.0327,0.1957,0.062111514,0.134916805,0.165887874,0.101872844,0.112368751,0.180354251,0.110170875,0.089020007,0.043297079,0.019192421,0.013222793,0.006056515,0.029042765,0.013278754,0.019487011,0.000343506,0.060148698,0.022862053,0.121560857,0.091960781,0.09396827,0.097460833,0.114865174,0.195338405,0.101211163,,0.008517873,,,,,0.076923077,468.0,50.4,102277,214.2700993,0.090555708,,,-0.75488176,,,,-0.632411154,-0.43784271,mc_lake_2race,MCHENRY,ALG 45,0,0,0,,0,0,1,221,147,98,126,95,63,0.3519,27.682171535578288,41,0.60976,31.022768654377003,46,0.03552,17.14917202794988,25,0.0021,7.99742567141554,12,0.00032,4.427808847930992,7,0.00028,5.080229662897492,7,0.00012,3.0672009705895613,5,MCHENRY:ALG 45,MCHENRY:ALGONQUIN ALG 45,MCHENRY:ALG 45,1.0,80.93772187,2.213281758,2.213281758,2.213281758,2.213281758,5.782587582,2.213281758,2.213281758,19.411084313120952,19.80091750979852,11.176280377482103,5.462642571649552,3.264090279774288,3.8940115086632856,2.0748665204169385,26.98336010485604,30.223227940829148,16.83018001953626,7.819109917400147,4.276009239152414,4.9063079249682495,2.9126418233772347,17.004399369780387,23.387725544290277,14.853743716699105,8.745484266878812,2.970794277209167,0.0007227187553923136,0.0008874045884049621,1.0,0.3,0.2,1.0,1.0,1.0,1.0,1.4,1.0,471.6057692,471.1755479,3.238147101,1.08799206,2.150155041,0.006866216,0.002306995,0.004559221,2058.64,147,0.9997954244791094
MCHENRY:ALG 46,MCHENRY:ALGONQUIN ALG 46,MCHENRY:ALG 46,,,,,,,,,,0.832261201,0.093900363,0.027158583,0.036855812,0.012049801,0.001261594,0.1768,0.8002,0.1998,0.7766,0.0203,0.0,0.022,0.1729,0.073396148,0.150333307,0.130032569,0.094240634,0.125280488,0.17887358,0.128508491,0.081912755,0.037422026,0.018848413,0.026197833,0.010827573,0.009302586,0.016221795,0.023456894,0.003112645,0.054136951,0.014141859,0.080084364,0.117273535,0.148684966,0.080120932,0.146737982,0.134514171,0.1163375,,0.02515725,,,,,0.066945607,478.0,51.2,96252,236.8561292,0.161442353,,,-0.786623237,,,,-0.778505491,-0.431098641,mc_lake_2race,MCHENRY,ALG 46,0,0,0,,0,0,1,203,135,90,137,103,69,0.35346,27.685300049782374,37,0.6078,30.9922084803408,42,0.03626,17.19138886266627,23,0.00168,7.989887178739558,11,0.00026,4.456234765952173,6,0.00032,5.0338424770701105,7,0.00022,2.9999380060027976,4,MCHENRY:ALG 46,MCHENRY:ALGONQUIN ALG 46,MCHENRY:ALG 46,1.0,80.78803965,2.240011134,2.240011134,2.240011134,2.240011134,5.77189355,2.240011134,2.240011134,19.4109882483726,19.800791674915004,11.176190129336737,5.463277640049054,3.264075148452663,3.894392634497056,2.0752197034419835,26.98291175471138,30.222611026252693,16.82977885709921,7.819907989263144,4.275979038632356,4.906671174280217,2.912977129880476,17.004303305032035,23.38759970940676,14.85365346855374,8.746119335278314,2.970779145887542,0.0011038445891626294,0.001240587613449816,1.0,0.3,0.2,1.0,1.0,1.0,1.0,1.4,1.0,348.5639522,348.3405214,2.2658113,1.06198758,1.20382372,0.006500418,0.003046751,0.003453667,1481.01,135,1.0000000000000007
MCHENRY:ALG 47,MCHENRY:ALGONQUIN ALG 47,MCHENRY:ALG 47,,,,,,,,,,0.775342919,0.158806088,0.024552285,0.036246749,0.011793361,0.000936113,0.2155,0.7416,0.2584,0.7429,0.0351,0.0,0.0131,0.2035,0.093164737,0.155316272,0.113667475,0.106032861,0.116262052,0.192310198,0.105444726,0.0740289,0.043772779,0.01147869,0.04411765,0.012663242,6.01e-05,0.029431851,0.009164382,0.001378026,0.078901684,0.009776879,0.072188735,0.112654073,0.161226919,0.079740297,0.202493446,0.076085426,0.098638578,,0.104364069,,,,,0.151376147,436.0,51.1,93326,219.9166068,0.498877203,,,-0.518023078,,,,-0.620483619,-0.136685472,mc_lake_2race,MCHENRY,ALG 47,0,0,0,,0,0,1,141,94,63,116,87,58,0.35324,27.605166625824594,26,0.60786,30.918528051369787,29,0.03618,17.139283708639898,16,0.00178,8.045569982116238,8,0.00038,4.417992884922484,4,0.00034,5.1979263604132475,5,0.00022,3.058405579002055,3,MCHENRY:ALG 47,MCHENRY:ALGONQUIN ALG 47,MCHENRY:ALG 47,1.0,72.22363969,3.769391578,3.769391578,3.769391578,3.769391578,5.160010838,3.769391578,3.769391578,19.410995153003572,19.80080071926737,11.176196615900752,5.463142149758274,3.264076236012811,3.8943323484486454,2.0751767662075125,26.982989400101076,30.222719098158294,16.829847366259443,7.81973896704763,4.275989145706538,4.906614844216156,2.912938148630354,17.004310209663007,23.387608753759128,14.853659955117754,8.745983844987533,2.9707802334476896,0.0010435585407520959,0.0011976503789791794,1.0,0.3,0.2,1.0,1.0,1.0,1.0,1.4,1.0,291.6289173,291.3540403,2.200395267,0.825780349,1.374614918,0.007545189,0.002831613,0.004713575,1389.16,94,1.0000000000000002
MCHENRY:ALG 48,MCHENRY:ALGONQUIN ALG 48,MCHENRY:ALG 48,,,,,,,,,,0.80677623,0.133295469,0.012329103,0.020993357,0.029838296,0.000545916,0.2085,0.7729,0.2271,0.9258,0.0133,0.0,0.0,0.0609,0.115147837,0.108340533,0.113911032,0.163318492,0.142565368,0.121710283,0.173560344,0.040172674,0.021273437,0.018209691,0.030667954,0.00847543,0.000235936,0.026692822,0.006740467,0.027297712,0.019339167,0.025669676,0.157040088,0.07329448,0.13122891,0.12059803,0.079399981,0.120523771,0.154585886,,-0.00192518,,,,,0.030425963,493.0,46.3,95258,211.0010686,0.046066483,,,-0.902803736,,,,-0.880861713,-0.546977404,mc_lake_2race,MCHENRY,ALG 48,0,0,0,,0,0,1,201,134,89,123,93,62,0.757,34.11391745775857,46,0.2289,26.923881531023863,36,0.01298,14.949886039604937,20,0.0006,6.509199259983145,9,0.0004,5.6175830124122905,8,6e-05,5.19384995819515,7,6e-05,3.087688504719307,4,MCHENRY:ALG 48,MCHENRY:ALGONQUIN ALG 48,MCHENRY:ALG 48,1.0,83.12308846,1.823031776,1.823031776,1.823031776,1.823031776,5.938720883,1.823031776,1.823031776,22.24528825949417,15.838732999648677,8.85245354182779,3.968522305149274,3.793549258063575,3.893856344671038,2.074653104520325,33.28291376946242,26.266354687330107,14.626311873199594,6.319352066930892,5.43165088014331,5.008989023274277,3.0152646697788956,19.838603316153606,19.425541034140434,12.529916881044793,7.251364000378533,3.500253255498454,0.000567554763144402,0.0006739886917915619,1.0,0.3,0.2,1.0,1.0,1.0,1.0,1.4,1.0,165.6675845,165.5001261,1.105230598,0.683792876,0.421437722,0.006671375,0.0041275,0.002543876,1760.18,134,1.0000000000000007
MCHENRY:ALG 49,MCHENRY:ALGONQUIN ALG 49,MCHENRY:ALG 49,,,,,,,,,,0.840486122,0.092331075,0.011335886,0.040417819,0.009688446,0.002535412,0.251,0.979,0.021,0.743,0.018,0.0,0.0068,0.2321,0.060815953,0.135879126,0.141518663,0.087288762,0.136263133,0.22079792,0.108109302,0.087397525,0.021929617,0.024555581,0.010414047,3.78e-05,0.026805751,0.005340252,0.028796275,0.003697501,0.016131314,0.008794276,0.010962078,0.097796869,0.230054922,0.158213845,0.069998475,0.18522697,0.123174093,,-0.000126008,,,,,-0.015564202,514.0,50.9,105785,206.8404842,0.053731269,,,-1.049112946,,,,-0.755759366,-0.635546366,mc_lake_2race,MCHENRY,ALG 49,0,0,0,,0,0,1,231,154,103,199,150,100,0.75652,34.18006748940723,53,0.22918,26.89826373473747,41,0.01286,14.932457608320687,23,0.00062,6.59992026608229,10,0.00046,5.6035916020709395,9,0.00018,5.132722319708911,8,0.00018,3.153913538372334,5,MCHENRY:ALG 49,MCHENRY:ALGONQUIN ALG 49,MCHENRY:ALG 49,1.0,84.60309049,1.558741671,1.558741671,1.558741671,1.558741671,6.044459483,1.558741671,1.558741671,22.24506805445469,15.838444553824722,8.852246669934052,3.9683660408459858,3.793514573193912,3.894139819181099,2.075147766113842,33.282729696455284,26.26605733380653,14.626086759755747,6.319163111613741,5.431751150186943,5.009281042356586,3.015767875944661,19.838383111114126,19.42525258831648,12.529710009151055,7.251207736075245,3.5002185706287907,0.0008510292732054988,0.0011686502853085424,1.0,0.3,0.2,1.0,1.0,1.0,1.0,1.4,1.0,741.9724364,740.1455266,6.38923931,2.738668547,3.650570763,0.008611155,0.003691065,0.004920089,2175.83,154,1.0000000000000004
MCHENRY:ALG 5,MCHENRY:ALGONQUIN ALG 05,MCHENRY:ALG 5,,,,,,,,,,0.669484118,0.261827085,0.018535907,0.036800378,0.029340839,0.002052008,0.175,0.6886,0.3114,0.8713,0.0504,0.0,0.0109,0.0672,0.097747486,0.159602885,0.14166654,0.099466671,0.146644739,0.120585492,0.107466616,0.097105842,0.029713728,0.065776241,0.043960147,0.016141521,0.008985835,0.071355622,0.023592729,0.011217029,0.01684596,0.01997158,0.084229263,0.062918252,0.252482976,0.126412234,0.052193232,0.080270343,0.063647038,,0.021341361,,,,,0.212962963,432.0,47.0,82427,212.4869917,0.145186001,,,-0.322096004,,,,-0.600475538,-0.146865252,mc_lake_2race,MCHENRY,ALG 5,0,0,0,,0,0,1,267,178,119,145,109,73,0.35168,27.633957075425275,49,0.60864,30.978710129499937,55,0.0368,17.204666622378795,31,0.00192,8.019773135123964,14,0.0004,4.397843518183113,8,0.0003,5.084813220978589,9,0.00026,3.0637082614513504,5,MCHENRY:ALG 5,MCHENRY:ALGONQUIN ALG 05,MCHENRY:ALG 5,1.0,72.59428245,3.703204363,3.703204363,3.703204363,3.703204363,5.186491373,3.703204363,3.703204363,19.410988876799077,19.800792498088683,11.176190719712755,5.4628189531594655,3.2640752474371837,3.894223734414481,2.075128594608813,26.98314447477413,30.22293748654154,16.82998220573845,7.81933785994091,4.276019387059586,4.90651590460761,2.9128996514572743,17.004303933458512,23.38760053258044,14.853654058929758,8.745660648388725,2.9707792448720625,0.0009349445065874168,0.0011494787802799153,1.0,0.3,0.2,1.0,1.0,1.0,1.0,1.4,1.0,444.1807883,441.256268,5.371637001,2.671001584,2.700635416,0.012093357,0.006013321,0.006080037,2670.24,178,1.000000000000002
MCHENRY:ALG 50,MCHENRY:ALGONQUIN ALG 50,MCHENRY:ALG 50,,,,,,,,,,0.870020974,0.059203226,0.007655369,0.047638651,0.013634733,0.002851732,0.368,0.9777,0.0223,0.798,0.0648,0.0,0.0,0.1372,0.089658023,0.135897738,0.126175132,0.131606364,0.135990634,0.177709183,0.138704759,0.057592209,0.006665958,0.057031347,0.002725497,0.0,0.020829338,0.016738697,0.008721592,0.035834227,0.02263433,0.026697461,0.021199071,0.070409447,0.159079284,0.103124473,0.112380885,0.203569439,0.139024912,,-0.027918905,,,,,0.159519726,583.0,47.7,114085,236.8561292,-0.064671315,,,-0.492115786,,,,-0.730595454,-0.331824109,mc_lake_2race,MCHENRY,ALG 50,0,0,0,,0,0,1,195,130,87,210,158,105,0.35548,27.61755606613413,36,0.60508,30.90142578698176,40,0.03688,17.189620773456106,22,0.00188,8.046828995853126,10,0.00024,4.453825701776047,6,0.00022,5.030255882367447,7,0.00022,3.0716460485178008,4,MCHENRY:ALG 50,MCHENRY:ALGONQUIN ALG 50,MCHENRY:ALG 50,1.0,78.3646105,2.672772934,2.672772934,2.672772934,2.672772934,5.598751893,2.672772934,2.672772934,19.410866008925883,19.800631553884116,11.176075291338966,5.46218209426915,3.264055894309855,3.8941806682319737,2.0752972167848993,26.983303631589628,30.223176392426232,16.83010905891972,7.8185575666861835,4.276108770135778,4.906493057576849,2.913088492785106,17.004181065585318,23.387439588375873,14.853538630555969,8.74502378949841,2.9707598917447338,0.0008918783240803039,0.0013181009563657925,1.0,0.3,0.2,1.0,1.0,1.0,1.0,1.4,1.0,151.3606665,150.9883156,1.303228371,0.558526445,0.744701926,0.008610086,0.003690037,0.004920049,691.97,130,1.0000000000000002
MCHENRY:ALG 51,MCHENRY:ALGONQUIN ALG 51,MCHENRY:ALG 51,,,,,,,,,,0.879160773,0.064039097,0.003698831,0.035671681,0.008987372,0.003151963,0.2927,0.9911,0.0089,0.7581,0.0481,0.0,0.0041,0.1897,0.0688341,0.129530364,0.1351839,0.098598108,0.13399816,0.210525301,0.120225779,0.082745877,0.020358412,0.028252014,0.008440535,1.54e-05,0.032530807,0.009985285,0.026626314,0.009357739,0.006954449,0.012937096,0.012476592,0.082049235,0.202605052,0.133012169,0.099226604,0.202770228,0.132760443,,-0.050842927,,,,,0.154362416,596.0,50.9,112737,248.7435133,-0.162331643,,,-0.508522815,,,,-0.81030605,-0.378701125,mc_lake_2race,MCHENRY,ALG 51,0,0,0,,0,0,1,161,107,71,198,149,99,0.3533,27.631668069963865,30,0.60682,30.97227490016238,33,0.03716,17.248201256683366,18,0.00188,8.032891139900112,9,0.00038,4.408049299833595,5,0.00028,5.013962635555721,5,0.00018,2.955216444438642,3,MCHENRY:ALG 51,MCHENRY:ALGONQUIN ALG 51,MCHENRY:ALG 51,1.0,79.56180075,2.458985704,2.458985704,2.458985704,2.458985704,5.684285033,2.458985704,2.458985704,19.411001672250887,19.800809258807007,11.176202740415613,5.46203518891875,3.264077262870524,3.8939169978437542,2.0749449595877025,26.983557665803524,30.223515630382437,16.830344405491424,7.8183625754418875,4.2760851719111725,4.906232336344885,2.912739184744165,17.00431672891032,23.387617293298764,14.853666079632616,8.74487688414801,2.9707812603054027,0.0006282079358607315,0.000965843759168907,1.0,0.3,0.2,1.0,1.0,1.0,1.0,1.4,1.0,219.0515976,218.5129992,1.88568668,0.808391163,1.077295516,0.008608413,0.003690414,0.004917999,763.86,107,1.0000000000000004
MCHENRY:ALG 52,MCHENRY:ALGONQUIN ALG 52,MCHENRY:ALG 52,,,,,,,,,,0.679095884,0.254811047,0.018735653,0.029295724,0.025230021,0.001403793,0.2386,0.7698,0.2302,0.8931,0.0216,0.0,0.0114,0.0738,0.209166012,0.085023225,0.121265246,0.112709598,0.145823137,0.160911519,0.09417483,0.065592348,0.005334084,0.012309587,0.026734397,0.027200766,0.000321017,0.020174769,3.74e-05,0.005141126,0.001839576,0.007915227,0.063001866,0.212426489,0.153614071,0.204409482,0.044069792,0.062370656,0.158433772,,0.256363062,,,,,0.193205945,471.0,46.8,95001,224.6715604,1.146419398,,,-0.384949306,,,,-0.57379052,0.189313958,mc_lake_2race,MCHENRY,ALG 52,0,0,0,,0,0,1,206,137,91,127,96,64,0.35492,27.656012670154617,38,0.60534,30.969467864836435,42,0.0371,17.201076524725302,24,0.00166,8.026589096913659,11,0.00052,4.399781517537449,6,0.00026,5.0414348499180734,7,0.0002,3.047039008018252,4,MCHENRY:ALG 52,MCHENRY:ALGONQUIN ALG 52,MCHENRY:ALG 52,1.0,59.07573073,6.496589945,6.496589945,6.496589945,6.496589945,4.220659774,6.496589945,4.220659774,19.411073953164657,19.800903939327394,11.176270644808486,5.462869532572799,3.2640886479599813,3.894110628425755,2.0749355685080935,26.983231636796994,30.223048995695386,16.830066773194527,7.8193929430033835,4.275991983971658,4.906400405359937,2.9127042320976075,17.00438900982409,23.38771197381915,14.853733984025489,8.745711227802058,2.97079264539486,0.0008218385178617085,0.0009564526795600289,1.0,0.3,0.2,1.0,1.0,1.0,1.0,1.4,1.0,181.30525,181.2020224,0.673749482,0.305225008,0.368524475,0.003716106,0.001683487,0.002032619,1856.9,137,1.0
MCHENRY:ALG 53,MCHENRY:ALGONQUIN ALG 53,MCHENRY:ALG 53,,,,,,,,,,0.907055465,0.05339254,0.005743521,0.023533986,0.011741913,1.97e-07,0.288,0.9883,0.0117,0.7653,0.0358,0.0,0.0,0.1989,0.070153757,0.190346718,0.107106679,0.070819375,0.131309312,0.212608028,0.139546899,0.065758115,0.012351116,0.004949262,0.008527071,0.001791606,0.015073493,0.044402003,0.01074379,0.042721557,0.005123966,0.020791834,0.030766544,0.03065737,0.143304547,0.069622388,0.122535715,0.17741265,0.271576205,,-0.069245253,,,,,-0.19205298,604.0,51.8,139593,253.498467,-0.240728758,,,-1.610579377,,,,-0.898295613,-1.096885395,mc_lake_2race,MCHENRY,ALG 53,0,0,0,,0,0,1,314,209,139,200,150,100,0.7541,34.16016201408518,71,0.23176,26.971959935448233,56,0.01286,14.99964717371103,31,0.00056,6.501232655885326,14,0.00038,5.620275052388084,12,0.0002,5.136762366706225,11,0.00014,3.165858448762825,7,MCHENRY:ALG 53,MCHENRY:ALGONQUIN ALG 53,MCHENRY:ALG 53,1.0,89.37779621,0.706102655,0.706102655,0.706102655,0.706102655,6.385587864,0.706102655,0.706102655,22.245259457702428,15.838695272280717,8.8524264839493,3.9681582332949006,3.7935447214444538,3.8937676157767513,2.074650671042713,33.283117205155854,26.26654306441398,14.62642612402946,6.318858735365819,5.431704139030864,5.0089128801011045,3.0152748220223984,19.838574514361863,19.425503306772473,12.529889823166302,7.25099992852416,3.5002487188793325,0.00047882586885790115,0.0006715552141796438,1.0,0.3,0.2,1.0,1.0,1.0,1.0,1.4,1.0,810.4318785,808.4377286,2.662657611,0.667512391,1.995145219,0.00328548,0.00082365,0.00246183,2195.82,209,1.0000000000000004
MCHENRY:ALG 54,MCHENRY:ALGONQUIN ALG 54,MCHENRY:ALG 54,,,,,,,,,,0.849811446,0.103484463,0.008444858,0.020301793,0.016224541,0.000916335,0.3468,0.7409,0.2591,0.7574,0.0356,0.0,0.0,0.1805,0.104747553,0.081941641,0.149866967,0.140734635,0.129591475,0.137074568,0.188906129,0.046325267,0.020811764,0.017553823,0.016650531,0.036995215,0.004189917,0.014428492,0.014067422,0.012750782,0.042152161,0.019694407,0.165185393,0.033529153,0.100178426,0.128460227,0.087045978,0.122195915,0.184922157,,0.082595099,,,,,0.053864169,427.0,47.5,104403,202.6798997,0.406137598,,,-0.828239415,,,,-0.584743419,-0.365348035,mc_lake_2race,MCHENRY,ALG 54,0,0,0,,0,0,1,228,152,101,158,119,79,0.35566,27.620537588100603,42,0.60388,30.991845301414656,47,0.03798,17.147232891553994,26,0.00164,8.04253786156455,12,0.00046,4.387292029656051,7,0.0002,5.065926564815269,8,0.00018,3.06219245763507,5,MCHENRY:ALG 54,MCHENRY:ALGONQUIN ALG 54,MCHENRY:ALG 54,1.0,79.23071484,2.518109087,2.518109087,2.518109087,2.518109087,5.660630633,2.518109087,2.518109087,19.411175912690275,19.801037495759374,11.176366430809564,5.462369631605001,3.264104707777982,3.8937698682122455,2.0745947330139343,26.98361946747214,30.223580244803927,16.830415654656775,7.818762314684007,4.276008654047703,4.906073441498952,2.9123771929559723,17.00449096934971,23.38784553025113,14.853829770026566,8.74521132683426,2.970808705212861,0.0004810783043520461,0.0006156171854008959,1.0,0.3,0.2,1.0,1.0,1.0,1.0,1.4,1.0,294.3091619,294.1932764,1.469928607,1.134652452,0.335276155,0.004994505,0.003855308,0.001139197,1527.75,152,0.9999999999999997
MCHENRY:ALG 55,MCHENRY:ALGONQUIN ALG 55,MCHENRY:ALG 55,,,,,,,,,,0.87835032,0.050296896,0.011414688,0.035479658,0.017600078,5.13e-05,0.3532,0.9219,0.0781,0.5502,0.0525,0.0,0.0,0.3949,0.103968406,0.119287189,0.093456545,0.096755277,0.167266661,0.153922443,0.174705298,0.083674155,0.006964026,0.000800259,0.04647483,0.0,0.025956201,0.0,0.055261226,0.000355758,0.026460085,0.020712224,0.040052705,0.022690771,0.095608973,0.110373113,0.146304172,0.200378383,0.208571299,,-0.026452407,,,,,0.029457364,645.0,51.1,134442,246.0688519,-0.058423778,,,-0.905885154,,,,-0.556149786,-0.588087138,mc_lake_2race,MCHENRY,ALG 55,0,0,0,,0,0,1,147,98,65,160,120,80,0.75446,34.14981919397029,33,0.23156,26.972111681210976,26,0.01282,14.921295553280967,15,0.00048,6.504284958167133,6,0.0003,5.536333349153668,5,0.00026,5.228198012404339,5,0.00012,3.127320168711406,3,MCHENRY:ALG 55,MCHENRY:ALGONQUIN ALG 55,MCHENRY:ALG 55,1.0,83.84003476,1.6950037,1.6950037,1.6950037,1.6950037,5.989943041,1.6950037,1.6950037,22.24512403582179,15.83851788362497,8.852299261697862,3.9683965211028642,3.7935233909140966,3.8940643682493157,2.0750202050631534,33.282782613653545,26.2661390432026,14.626147855316372,6.319198540025849,5.431726738975294,5.009203727738328,3.0156384512074963,19.838439092481224,19.425325918116727,12.529762600914864,7.251238216332124,3.5002273883489754,0.0007755783414220619,0.0010410892346200263,1.0,0.3,0.2,1.0,1.0,1.0,1.0,1.4,1.0,69.60832993,69.47403733,0.760991388,0.358113594,0.402877794,0.010932476,0.005144695,0.005787781,525.95,98,1.0000000000000007
MCHENRY:ALG 56,MCHENRY:ALGONQUIN ALG 56,MCHENRY:ALG 56,,,,,,,,,,0.869336153,0.083123656,0.012725182,0.019044591,0.011919511,0.000261743,0.2552,0.6819,0.3181,0.8461,0.0336,0.0,0.0,0.1202,0.122882525,0.147811888,0.142631598,0.116220721,0.117291871,0.159057972,0.126732535,0.055184423,0.012186468,0.024489364,0.044808023,0.007720892,0.014102907,0.036700246,0.014078328,0.017794314,0.009471467,0.017438026,0.062534311,0.073651866,0.143926868,0.087220533,0.060127265,0.141458046,0.244477545,,-0.062276597,,,,,-0.094619666,539.0,47.0,109540,206.8404842,-0.211041069,,,-1.300613295,,,,-0.859206432,-0.892023711,mc_lake_2race,MCHENRY,ALG 56,0,0,0,,0,0,1,93,62,41,172,129,86,0.75656,34.24495148411784,21,0.22992,26.939066109147312,17,0.01232,14.949952718621025,9,0.00048,6.475604586614753,4,0.0003,5.616974518278223,3,0.0003,5.0980441378022805,3,0.00012,3.1279474354694905,2,MCHENRY:ALG 56,MCHENRY:ALGONQUIN ALG 56,MCHENRY:ALG 56,1.0,87.7445843,0.997752084,0.997752084,0.997752084,0.997752084,6.268903199,0.997752084,0.997752084,22.24531035164241,15.838761938077681,8.85247429632348,3.968553761504726,3.7935527378353555,3.89383368180164,2.0746065600565293,33.28292178974812,26.26637408356209,14.626327859529706,6.319392541807388,5.431638977393965,5.0089649765839965,3.0152167414942177,19.838625408301844,19.425569972569438,12.529937635540483,7.251395456733985,3.5002567352702343,0.0005448918937465785,0.000627444227995787,1.0,0.3,0.2,1.0,1.0,1.0,1.0,1.4,1.0,127.2723462,126.9591247,0.4176287,0.104407175,0.313221525,0.003281378,0.000820345,0.002461034,812.85,62,0.9999999999999999
MCHENRY:ALG 57,MCHENRY:ALGONQUIN ALG 57,MCHENRY:ALG 57,,,,,,,,,,0.84964867,0.100314134,0.012776689,0.022651356,0.015236978,8.57e-07,0.2458,0.6644,0.3356,0.8512,0.0338,0.0,0.0,0.1149,0.126812357,0.147595407,0.141470314,0.109362411,0.123133685,0.16205102,0.124303837,0.05388663,0.011384339,0.029199689,0.066393082,8.81e-05,0.009333,0.060787903,0.006629709,0.017487267,0.000728198,0.025191536,0.03219946,0.086958662,0.142329345,0.072893961,0.070257198,0.135868876,0.243653985,,0.017299078,,,,,0.010416667,576.0,47.1,107776,230.3180679,0.127965171,,,-0.966459613,,,,-0.842444359,-0.556050319,mc_lake_2race,MCHENRY,ALG 57,0,0,0,,0,0,1,189,126,84,168,126,84,0.75556,34.161807262564196,43,0.22952,26.883651052215797,34,0.01368,14.926284844171677,19,0.00066,6.504331935073618,8,0.00032,5.629717242232604,7,0.00012,5.180412182600139,7,0.00014,3.151004043992539,4,MCHENRY:ALG 57,MCHENRY:ALGONQUIN ALG 57,MCHENRY:ALG 57,1.0,83.28599434,1.793940997,1.793940997,1.793940997,1.793940997,5.950359678,1.793940997,1.793940997,22.245269463620428,15.838708378998298,8.852435884021208,3.968537304522701,3.7935462974935876,3.893890915508089,2.0747008630477697,33.28287929619132,26.266310564872718,14.626280808792558,6.319374582375244,5.431656128234082,5.009023377729291,3.0153122119243037,19.838584520279863,19.425516413490055,12.52989922323821,7.25137899975196,3.5002502949284664,0.0006021256001957215,0.0007217472192364512,1.0,0.3,0.2,1.0,1.0,1.0,1.0,1.4,1.0,192.3850429,191.9123081,0.631450805,0.158147155,0.473303649,0.003282224,0.000822035,0.002460189,1333.4,126,0.9999999999999999
MCHENRY:ALG 58,MCHENRY:ALGONQUIN ALG 58,MCHENRY:ALG 58,,,,,,,,,,0.851139928,0.077848077,0.013541753,0.035218916,0.015609785,0.000301005,0.302,0.8156,0.1844,0.7114,0.0842,0.0,0.0,0.2015,0.110951495,0.105440703,0.107222008,0.100626853,0.165655276,0.143807495,0.182731148,0.068755751,0.014809272,0.004700198,0.011296396,0.000145372,0.036336884,6.14e-05,0.058147944,0.002135813,0.024433028,0.045015326,0.073983073,0.04806036,0.142804344,0.133379667,0.151804438,0.142194556,0.125501243,,0.082058698,,,,,0.072512648,593.0,50.5,109912,234.4786523,0.403852436,,,-0.768912725,,,,-0.694022853,-0.32912579,mc_lake_2race,MCHENRY,ALG 58,0,0,0,,0,0,1,188,125,83,152,114,76,0.34714,27.576877524792607,34,0.61326,31.048619205395934,39,0.0369,17.09854155810082,21,0.00196,8.06103793210798,10,0.0003,4.456585301378567,6,0.00026,5.083087675550845,6,0.00018,3.0484323324110396,4,MCHENRY:ALG 58,MCHENRY:ALGONQUIN ALG 58,MCHENRY:ALG 58,1.0,78.29267821,2.685618182,2.685618182,2.685618182,2.685618182,5.593612698,2.685618182,2.685618182,19.41100680501259,19.800815982193917,11.176207562394875,5.46256153419207,3.2640780713405353,3.8941017547856616,2.0750355458527703,26.98329836951026,30.223151149000003,16.830118412709016,7.8190162866494015,4.276037292939994,4.906401390794193,2.9128140685166333,17.004321861672025,23.387624016685674,14.853670901611878,8.74540322942133,2.970782068775414,0.0008129648777680343,0.0010564300242370199,1.0,0.3,0.2,1.0,1.0,1.0,1.0,1.4,1.0,89.13167928,88.96059269,0.969912255,0.457259671,0.512652584,0.01088179,0.005130159,0.005751632,1167.58,125,1.0
MCHENRY:ALG 59,MCHENRY:ALGONQUIN ALG 59,MCHENRY:ALG 59,,,,,,,,,,0.834746448,0.103192364,0.009545933,0.031162691,0.011476404,0.001027289,0.3276,0.7182,0.2818,0.8312,0.0306,0.0,0.0,0.1381,0.094226981,0.134658032,0.130429438,0.123659253,0.175929225,0.199272185,0.11024932,0.030815445,0.000760122,0.000211603,0.022606756,9.33e-05,0.024347149,7.17e-05,0.002969355,0.000205488,0.019492772,0.049595277,0.046819827,0.023141484,0.238682914,0.144386677,0.117412429,0.177226431,0.132736806,,-0.007530083,,,,,-0.036521739,575.0,46.0,112425,241.6110828,0.022188619,,,-1.115785477,,,,-0.713794848,-0.689045191,mc_lake_2race,MCHENRY,ALG 59,0,0,0,,0,0,1,228,150,101,137,103,69,0.7555,34.19286853139529,51,0.23062,26.89207704103159,40,0.01246,15.029909607048737,23,0.00078,6.547405521335007,10,0.00036,5.675697903176085,9,2e-05,5.104016822193333,8,0.00026,3.0868221113580203,5,MCHENRY:ALG 59,MCHENRY:ALGONQUIN ALG 59,MCHENRY:ALG 59,1.0,85.38681635,1.418788491,1.418788491,1.418788491,1.418788491,6.1004527,1.418788491,1.418788491,22.24517297503507,15.838581988932152,8.85234523770165,3.968320027002985,3.7935310994126765,3.893960648469261,2.0748885408366182,33.282897160694766,26.266278687709644,14.626244394490652,6.319088858388558,5.431717448120453,5.00910182084637,3.015508599869059,19.838488031694506,19.42539002342391,12.529808576918652,7.251161722232244,3.5002350968475553,0.0006718585613674274,0.000909425008084847,1.0,0.3,0.2,1.0,1.0,1.0,1.0,1.4,1.0,147.9027612,147.6138715,1.611744423,0.758382573,0.853361851,0.010897325,0.005127575,0.005769749,1614.73,151,0.9948407983484365
MCHENRY:ALG 6,MCHENRY:ALGONQUIN ALG 06,MCHENRY:ALG 6,,,,,,,,,,0.677308596,0.251779306,0.030471018,0.022243386,0.028949787,0.000726734,0.1632,0.6341,0.3659,0.9196,0.0219,0.0,0.01,0.0484,0.12939721,0.144260365,0.095935541,0.173787566,0.149822626,0.122157967,0.110710134,0.051467484,0.02246111,0.042425243,0.007644593,0.0034019,0.000341823,0.039253471,0.004305359,0.013120694,0.07193951,0.045441537,0.169780116,0.132159254,0.101805111,0.129057336,0.081075263,0.103209819,0.055038973,,0.123810132,,,,,0.130434783,506.0,44.7,71616,206.5432996,0.58172082,,,-0.584644157,,,,-0.620345595,-0.147257291,mc_lake_2race,MCHENRY,ALG 6,0,0,0,,0,0,1,185,123,82,135,102,68,0.34072,27.28546052278927,34,0.60686,30.777216815294185,38,0.05008,18.225895698031902,22,0.00132,7.4637408029520085,9,0.00048,4.558065558511855,6,0.00028,5.028214303885884,6,0.00026,2.9523025876536932,4,MCHENRY:ALG 6,MCHENRY:ALGONQUIN ALG 06,MCHENRY:ALG 6,1.0,72.60843926,3.700676322,3.700676322,3.700676322,3.700676322,5.187502805,3.700676322,3.700676322,19.411153901858615,20.013440686899834,12.138588983217788,5.245966138012505,3.399742699076054,3.89422937643385,2.074874261088559,26.586563186632837,29.982809420443957,17.907237266064428,7.294403494514351,4.407330268110242,4.883184781521816,2.8893085528318565,17.00446895851805,23.60024872139159,15.81605232243479,8.528807833241764,3.106446696510933,0.0009405865259565308,0.0008951452600257306,1.0,0.3,0.2,1.0,1.0,1.0,1.0,1.4,1.0,373.6380903,372.339009,3.257313815,0.652991025,2.604322789,0.008717831,0.001747656,0.006970175,1653.21,123,1.0000000000000004
MCHENRY:ALG 60,MCHENRY:ALGONQUIN ALG 60,MCHENRY:ALG 60,,,,,,,,,,0.873341113,0.042871505,0.008433411,0.063346401,0.00945959,2.69e-05,0.3781,0.9286,0.0714,0.7077,0.0243,0.0,0.0,0.2269,0.122521874,0.116235845,0.117909459,0.086083146,0.109975563,0.220825076,0.130767612,0.084395465,0.011285959,0.002701593,0.005969791,8.64e-06,0.000855509,5.75e-06,0.009238098,0.00246789,0.024924322,0.008131682,0.086501874,0.021661558,0.062194669,0.095021724,0.074300388,0.239193111,0.366823394,,-0.268061067,,,,,-0.24025974,616.0,52.2,172161,251.1209901,-1.087718768,,,-1.763940275,,,,-0.662788688,-1.51035721,mc_lake_2race,MCHENRY,ALG 60,0,0,0,,0,0,1,345,230,153,154,116,77,0.75512,34.165843393691716,79,0.23084,26.920189346489725,62,0.01272,14.9182792122308,34,0.00052,6.540986424869094,15,0.00046,5.633603921244915,13,0.00018,5.185557257922864,12,0.00016,3.1700205009052738,7,MCHENRY:ALG 60,MCHENRY:ALGONQUIN ALG 60,MCHENRY:ALG 60,1.0,91.29675377,0.363426438,0.363426438,0.363426438,0.363426438,6.522687598,0.363426438,0.363426438,22.244808125026292,15.83810407316033,8.852002478914548,3.968089495115928,3.793473631268301,3.8944407164081114,2.0757136720684866,33.2825733891186,26.26576724346853,14.625859543946287,6.318814479559543,5.431880273129498,5.009595099290663,3.01634694160637,19.838123181685727,19.424912107652087,12.52946581813155,7.250931190345187,3.5001776287031796,0.0011519265002180603,0.001734556239953217,1.0,0.3,0.2,1.0,1.0,1.0,1.0,1.4,1.0,1216.087248,1213.742416,13.29009535,6.254033349,7.036062004,0.010928571,0.005142751,0.00578582,2220.13,230,0.9998544998053798
MCHENRY:ALG 61,MCHENRY:ALGONQUIN ALG 61,MCHENRY:ALG 61,,,,,,,,,,0.793686626,0.099079935,0.034258627,0.068685706,0.009570416,1.84e-06,0.3895,0.9531,0.0469,0.742,0.0162,0.0,0.013,0.228,0.111217368,0.074144696,0.110097674,0.169977882,0.131366663,0.179380207,0.123714697,0.087833826,0.012266986,0.008544752,0.002288551,0.001127195,1.7e-06,0.017582106,0.011864576,0.00852798,0.05114958,2.45e-05,0.022147146,0.033519136,0.091565686,0.153497573,0.169335102,0.146158058,0.282666312,,0.041232936,,,,,0.050709939,493.0,48.2,139492,210.1095148,0.229927577,,,-0.838274015,,,,-0.499555781,-0.437698418,mc_lake_2race,MCHENRY,ALG 61,0,0,0,,0,0,1,170,113,75,128,96,64,0.3489,27.55990990571542,31,0.61124,31.049225331855133,35,0.03718,17.105962221870683,19,0.00188,8.032569402850257,9,0.00036,4.475680165924835,5,0.00036,5.06831342396951,6,8e-05,3.0595168338907777,3,MCHENRY:ALG 61,MCHENRY:ALGONQUIN ALG 61,MCHENRY:ALG 61,1.0,80.93453824,2.213850272,2.213850272,2.213850272,2.213850272,5.782360128,2.213850272,2.213850272,19.410627409392095,19.800319013175326,11.175851138715052,5.463486143465935,3.2640183120921606,3.8950272301674422,2.076121039217729,26.982328211000144,30.22183800132781,16.829233366354927,7.820200116170947,4.2760578924034975,4.907303343578278,2.9138760392838963,17.00394246605153,23.387127047667082,14.853314477932054,8.746327838695194,2.9707223095270394,0.0017384402595487264,0.0021419233891959103,1.0,0.3,0.2,1.0,1.0,1.0,1.0,1.4,1.0,259.4021245,259.1573572,1.957798303,0.734194773,1.22360353,0.007547349,0.002830334,0.004717014,923.86,113,0.999921502807152
MCHENRY:ALG 62,MCHENRY:ALGONQUIN ALG 62,MCHENRY:ALG 62,,,,,,,,,,0.873815876,0.059767064,0.015851193,0.03937703,0.008562155,0.000450353,0.3349,0.9125,0.0875,0.8036,0.0135,0.0,0.0042,0.1574,0.088583223,0.12274575,0.098079848,0.094897473,0.140582426,0.162831736,0.170240363,0.097349656,0.024689524,0.010263874,0.005789477,0.001900752,0.006226229,0.003745715,0.029324731,0.004896834,0.039963794,0.019146314,0.098283092,0.064011278,0.11287682,0.118244445,0.099864963,0.163686099,0.221775583,,-0.078584429,,,,,-0.109243697,595.0,52.7,121898,239.5307906,-0.280515275,,,-1.347136947,,,,-0.759542024,-0.94715382,mc_lake_2race,MCHENRY,ALG 62,0,0,0,,0,0,1,189,126,84,167,126,84,0.75654,34.177787784291084,43,0.22942,26.891316363875468,34,0.01266,14.947701064890545,19,0.0006,6.597677184689592,8,0.0004,5.577032468004453,7,0.0002,5.207930766743614,7,0.00018,3.0891655415921675,4,MCHENRY:ALG 62,MCHENRY:ALGONQUIN ALG 62,MCHENRY:ALG 62,1.0,88.24617745,0.908180513,0.908180513,0.908180513,0.908180513,6.304739472,0.908180513,0.908180513,22.24507985333915,15.8384600091429,8.852257754410491,3.9686119291070376,3.793516431656237,3.8942115859494995,2.0751676629841396,33.28258230683105,26.26591618176716,14.625999502643829,6.319497136919376,5.431718029036907,5.009344424615595,3.0157793883055666,19.838394909998584,19.425268043634656,12.529721093627494,7.251453624336297,3.5002204290911156,0.0009227960416061807,0.0011885471556059477,1.0,0.3,0.2,1.0,1.0,1.0,1.0,1.4,1.0,435.0473324,434.8709373,2.767220319,1.766704602,1.000515717,0.006360734,0.004060948,0.002299786,1226.84,126,0.9999999999999993
MCHENRY:ALG 63,MCHENRY:ALGONQUIN ALG 63,MCHENRY:ALG 63,,,,,,,,,,0.868466945,0.076324719,0.010053086,0.021384637,0.013117939,0.000731251,0.3473,0.8908,0.1092,0.8266,0.025,0.0,0.0,0.1323,0.085165828,0.102004535,0.115500271,0.104371871,0.118196038,0.148000353,0.223361448,0.083363892,0.020035764,0.01419905,0.02949392,0.013911792,0.007228848,0.024998992,0.022634915,0.002430369,0.019304225,0.022462398,0.052368005,0.057727215,0.136884879,0.131519345,0.1074932,0.121291368,0.236051479,,-0.06400606,,,,,-0.037398374,615.0,53.5,118316,231.5068063,-0.218408883,,,-1.118574329,,,,-0.787308742,-0.781012287,mc_lake_2race,MCHENRY,ALG 63,0,0,0,,0,0,1,224,149,99,176,132,88,0.75624,34.143462992607674,51,0.22916,26.959308116690504,40,0.01344,14.897708937559997,22,0.0005,6.454238661882777,10,0.00032,5.580776077489884,8,0.0002,5.1883910384814795,8,0.00014,3.1837097908858096,5,MCHENRY:ALG 63,MCHENRY:ALGONQUIN ALG 63,MCHENRY:ALG 63,1.0,86.56529266,1.208343085,1.208343085,1.208343085,1.208343085,6.184648824,1.208343085,1.208343085,22.245283823755983,15.83872718929048,8.852449374668122,3.9683990708080747,3.7935485593829217,3.893818090512471,2.0746396084502345,33.28298956780588,26.266428119222567,14.62635755416046,6.319184497927229,5.431666928635484,5.008954948887389,3.0152553534804847,19.838598880415418,19.425535223782237,12.529912713885125,7.251240766037334,3.5002525568178005,0.0005293006045776447,0.0006604926217009596,1.0,0.3,0.2,1.0,1.0,1.0,1.0,1.4,1.0,268.7511891,268.7511693,1.429553987,1.191267048,0.238286939,0.005319247,0.004432602,0.000886645,1287.42,149,1.0
MCHENRY:ALG 7,MCHENRY:ALGONQUIN ALG 07,MCHENRY:ALG 7,,,,,,,,,,0.669777088,0.252064152,0.020675792,0.029740619,0.037132273,0.000372288,0.2029,0.7222,0.2778,0.9254,0.0101,0.0,0.0387,0.0257,0.184097207,0.102211046,0.119416749,0.210406471,0.099198123,0.105861039,0.111542807,0.044837173,0.022429386,0.047969938,0.012691334,0.005338614,0.006561546,0.101042345,0.025289167,0.01219501,0.072560581,0.037103773,0.113642865,0.129661694,0.101818483,0.111676016,0.132447084,0.03621635,0.0537852,,0.078280635,,,,,0.175644028,427.0,41.5,67590,211.8926225,0.38775723,,,-0.440819299,,,,-0.501274847,-0.130103101,mc_lake_2race,MCHENRY,ALG 7,0,0,0,,0,0,1,204,136,91,116,87,58,0.33872,27.119084989993468,37,0.60196,30.616614107082125,42,0.05676,18.5744379476988,25,0.0014,7.321481903424272,10,0.0006,4.60663614451576,6,0.00034,5.044841701984071,7,0.00022,3.01293733747949,4,MCHENRY:ALG 7,MCHENRY:ALGONQUIN ALG 07,MCHENRY:ALG 7,1.0,71.9808436,3.812748685,3.812748685,3.812748685,3.812748685,5.142664294,3.812748685,3.812748685,19.411068909621054,20.07932765428441,12.437458490324687,5.177811637021272,3.441870347380806,3.8941553731864587,2.074967310338557,26.466058272079145,29.910008007278805,18.235339469077058,7.13367175827811,4.44740568670665,4.876031476446145,2.8823223002535743,17.00438396628049,23.666135688776166,16.11492182954169,8.460653332250532,3.148574344815685,0.0008665832785653871,0.0009881945100237287,1.0,0.3,0.2,1.0,1.0,1.0,1.0,1.4,1.0,390.0222155,388.6566036,3.434499714,0.693296392,2.741203322,0.008805908,0.001777582,0.007028326,1367.69,136,0.9999999999999996
MCHENRY:ALG 8,MCHENRY:ALGONQUIN ALG 08,MCHENRY:ALG 8,,,,,,,,,,0.839598636,0.097513052,0.02715744,0.026172368,0.010184723,0.00093912,0.2816,0.9274,0.0726,0.8378,0.0,0.0059,0.0,0.1563,0.06277105,0.188956555,0.062748437,0.10906714,0.169305866,0.124611222,0.143399668,0.07981094,0.059329121,0.037696367,2e-06,0.03250601,0.000280481,0.030206672,0.032935604,0.031083228,0.016113921,0.015528045,0.068226476,0.177851533,0.065943584,0.15552532,0.097440456,0.114302222,0.12435808,,-0.097107182,,,,,0.044722719,559.0,51.0,96825,244.8801135,-0.35942543,,,-0.857321249,,,,-0.766473255,-0.670610317,mc_lake_2race,MCHENRY,ALG 8,0,0,0,,0,0,1,201,134,89,186,140,93,0.75894,34.20612145321185,46,0.22728,26.957760902794465,36,0.01258,14.917996433179685,20,0.00058,6.479213753870419,9,0.0004,5.545938285849175,7,0.00012,5.153536285025674,7,0.0001,3.1462134301486073,4,MCHENRY:ALG 8,MCHENRY:ALGONQUIN ALG 08,MCHENRY:ALG 8,1.0,85.12546313,1.465459421,1.465459421,1.465459421,1.465459421,6.081780345,1.465459421,1.465459421,22.24522954773568,15.838656093318132,8.85239838499445,3.969284044539428,3.7935400102748065,3.894226055883095,2.0749419472571047,33.28233278594141,26.265744067052907,14.625915905782204,6.320397272405821,5.431583759040351,5.009334200933732,3.015528978963073,19.838544604395114,19.42546412780989,12.529861724211452,7.252125739768688,3.5002440077096852,0.000937265975201551,0.0009628314285711492,1.0,0.3,0.2,1.0,1.0,1.0,1.0,1.4,1.0,217.9491258,217.1670594,2.085545227,1.042695026,1.042850201,0.009568954,0.004784121,0.004784833,1004.06,134,0.9999534386583498
MCHENRY:ALG 9,MCHENRY:ALGONQUIN ALG 09,MCHENRY:ALG 9,,,,,,,,,,0.843957266,0.098659168,0.018934282,0.030723735,0.011296408,0.000759882,0.2789,0.9196,0.0804,0.8767,0.0,0.008,0.0,0.1153,0.063664976,0.166802583,0.065171967,0.126872096,0.150170047,0.118703541,0.153141999,0.092773556,0.062699234,0.044391439,1.76e-05,0.035881119,4.8e-06,0.036039122,0.038887296,0.036234665,0.013541629,0.01919442,0.069203172,0.183115339,0.064966887,0.133144985,0.095842312,0.106532823,0.123002432,,-0.116451349,,,,,0.152941176,510.0,52.0,84039,216.6475761,-0.441834952,,,-0.513044227,,,,-0.814474093,-0.486340749,mc_lake_2race,MCHENRY,ALG 9,0,0,0,,0,0,1,191,127,85,161,121,81,0.75992,34.198128927831156,43,0.22524,26.890958007790022,34,0.0137,14.990045576154204,19,0.0005,6.517347519302399,8,0.00044,5.582668013969859,7,8e-05,5.150686686583331,7,0.00012,3.155261058367208,4,MCHENRY:ALG 9,MCHENRY:ALGONQUIN ALG 09,MCHENRY:ALG 9,1.0,81.96233314,2.03031267,2.03031267,2.03031267,2.03031267,5.855790834,2.03031267,2.03031267,22.245177951251314,15.838588507260695,8.852349912614086,3.9688221020131103,3.793531883224946,3.894136762127019,2.0749747589735223,33.28257124875325,26.265955687421105,14.626041011361743,6.319772992137673,5.431656939998592,5.009261103472645,3.0155779869744803,19.83849300791075,19.425396541752452,12.529813251831088,7.25166379724237,3.5002358806598246,0.0008479722191256536,0.0009956431449888252,1.0,0.3,0.2,1.0,1.0,1.0,1.0,1.4,1.0,232.6173006,231.7825323,2.22607159,1.112872817,1.113198774,0.009569673,0.004784136,0.004785537,1520.16,127,0.9999999999999993
