JoinField,JoinField2,JoinFieldAlt,Spanish,Polish,Indian_langs,Tagalog,Chinese,Ukranian,Arabic,Korean,Russian,V_20_VAP_White_pct,V_20_VAP_Hispanic_pct,V_20_VAP_Black_pct,V_20_VAP_Asian_pct,V_20_VAP_Native_pct,V_20_VAP_Pacific_pct,bach_pct,owner_pct,renter_pct,drive_pct,transit_pct,walk_pct,bike_pct,wfh_pct,X_22_2022_Age_Age_0_9_pct,X_22_2022_Age_Age_10_19_pct,X_22_2022_Age_Age_20_29_pct,X_22_2022_Age_Age_30_39_pct,X_22_2022_Age_Age_40_49_pct,X_22_2022_Age_Age_50_59_pct,X_22_2022_Age_Age_60_69_pct,X_22_2022_Age_Age_70_79_pct,X_22_2022_Age_Age_O79_pct,X_22_2022_Household_Income_U10K_pct,X_22_2022_Household_Income_10_15K_pct,X_22_2022_Household_Income_15_20K_pct,X_22_2022_Household_Income_20_25K_pct,X_22_2022_Household_Income_25_30K_pct,X_22_2022_Household_Income_30_35K_pct,X_22_2022_Household_Income_35_40K_pct,X_22_2022_Household_Income_40_45K_pct,X_22_2022_Household_Income_45_50K_pct,X_22_2022_Household_Income_50_60K_pct,X_22_2022_Household_Income_60_75K_pct,X_22_2022_Household_Income_75_100K_pct,X_22_2022_Household_Income_100_125K_pct,X_22_2022_Household_Income_125_150K_pct,X_22_2022_Household_Income_150_200K_pct,X_22_2022_Household_Income_O200K_pct,ward_preci,20Primary,Kaegi_margin,Assessor_tot_vote,Harris3_margin,SA_tot_vote,yes_margin,tot_union,median_voting_age,median_household_income,Pres_tot,Dem_Pres_tot,20Primary_std,Kaegi_margin_std,Harris3_margin_std,yes_margin_std,prog_score_v1_recency,prog_score_v2_equal,prog_score_v3_recent_heavy,prog_score_predicted,prog_score_imputed,imputation_method,jurisdiction,precinct_name,in_chicago,in_evanston,in_skokie,township,in_cook,in_lake,in_mchenry,estimated_turnout_high,estimated_turnout,estimated_turnout_low,estimated_turnout_high_old,estimated_turnout_old,estimated_turnout_low_old,win_prob_Fine,median_pct_Fine,median_votes_Fine,win_prob_Biss,median_pct_Biss,median_votes_Biss,win_prob_Abughazaleh,median_pct_Abughazaleh,median_votes_Abughazaleh,win_prob_Simmons,median_pct_Simmons,median_votes_Simmons,win_prob_Amiwala,median_pct_Amiwala,median_votes_Amiwala,win_prob_Andrew,median_pct_Andrew,median_votes_Andrew,win_prob_Huynh,median_pct_Huynh,median_votes_Huynh,JoinField_norm,JoinField2_norm,JoinFieldAlt_norm,border_uncertainty_mult,exp_Fine,exp_Biss,exp_Abughazaleh,exp_Simmons,exp_Amiwala,exp_Andrew,exp_Huynh,exp_Others,adjusted_Fine,adjusted_Biss,adjusted_Abughazaleh,adjusted_Simmons,adjusted_Amiwala,adjusted_Andrew,adjusted_Huynh,final_Fine,final_Biss,final_Abughazaleh,final_Simmons,final_Amiwala,final_Andrew,final_Huynh,raw_Fine,raw_Biss,raw_Abughazaleh,raw_Simmons,raw_Amiwala,raw_Andrew,raw_Huynh,outside_chicago_weight,evanston_weight,chicago_weight,geo_boost_Biss_evanston,geo_boost_Abughazaleh_chicago,geo_boost_Simmons_chicago,geo_boost_Huynh_chicago,geo_boost_Fine_outside_chicago,geo_boost_Amiwala_niles,tot_cohabitating_couples,straight_cohabitating,lgbt_cohabitating,mlm_cohabitating,wlw_cohabitating,lgbt_pct,mlm_pct,wlw_pct,tot_pop,original_estimated_turnout,area_adjustment_factor,sd_weight_7,sd_weight_8,sd_weight_9,sd_outside_flag
CITY OF CHICAGO:WARD 46 PRECINCT 20,CITY OF CHICAGO:WARD 46 PRECINCT 20,CITY OF CHICAGO:Ward 46 Precinct 20,TRUE, ,,TRUE,TRUE,,,TRUE,,0.324850263,0.104743956,0.335078528,0.223833058,0.023909739,0.001726258,0.3083,0.2236,0.7764,0.4179,0.3305,0.0344,0.0427,0.1574,0.137071736,0.067933505,0.234349959,0.172367622,0.117050832,0.094294464,0.061823014,0.074310967,0.040797902,0.185706639,0.084621839,0.018067269,0.084787465,0.036537449,0.002804025,0.01255697,0.011163306,0.062313416,0.104470857,0.096561366,0.106224755,0.028540758,0.062093387,0.070925676,0.032624822,46020.0,0.244589254,0.25388601,193.0,0.214285714,280.0,0.813114754,610.0,38.2,50138,1051,858,1.096260924,-0.538289729,1.068619564,1.587176007,0.800677556,0.803441692,0.85371313,1.058303414,0.800677556,complete,CITY OF CHICAGO,Ward 46 Precinct 20,1,0,0,,0,0,0,624,416,277,149,112,75,0.02184,13.50874319278,56,0.37654,25.717027518996833,107,0.57044,28.178984543080055,117,0.02934,15.92236251398959,66,0.00126,7.363093567603698,31,0.00044,3.11956101987393,13,0.00014,2.94522705877666,12,CITY OF CHICAGO:WARD 46 PRECINCT 20,CITY OF CHICAGO:WARD 46 PRECINCT 20,CITY OF CHICAGO:WARD 46 PRECINCT 20,1.2,32.89816372,12.48020483,12.48020483,12.48020483,12.48020483,2.350406073,12.48020483,2.350406073,11.990123414061644,21.774801885663997,23.52142447723978,13.377054464924653,5.998327809808863,2.6948044883027817,2.321458216589785,13.85638187106695,26.27223169226885,28.85012334414796,16.291201328564302,7.540941376173729,3.1555960745540816,2.9682990435047825,10.397233197361478,20.274663234564315,25.143483536301886,13.6549678032028,6.292521368238547,2.6168379692757204,2.374800850498042,0.2,0.3,1.0,1.000088439,1.5,1.8,1.4,1.0,1.000039806,433.3594056,403.5798841,52.95711223,37.32405943,15.6330528,0.122201368,0.086127263,0.036074105,3677.787281,416,1.0,1.0,0.0,0.0,False
CITY OF CHICAGO:WARD 40 PRECINCT 02,CITY OF CHICAGO:WARD 40 PRECINCT 02,CITY OF CHICAGO:Ward 40 Precinct 02,TRUE, ,True, , ,,, ,,0.266333634,0.191068365,0.267741503,0.269222408,0.022033998,0.003098746,0.2581,0.4522,0.5478,0.7351,0.1342,0.0,0.0206,0.1085,0.176613636,0.089263126,0.116447455,0.13072505,0.156894366,0.133540872,0.118406933,0.056079991,0.022028571,0.108803931,0.074605268,0.035626311,0.029319274,0.131279951,0.041262285,0.002114819,0.067915237,0.008707989,0.039832502,0.10940676,0.133679716,0.09723915,0.037197014,0.025949506,0.057060288,40002.0,-0.064672003,0.306358382,173.0,0.136986301,292.0,0.752122241,589.0,46.4,50092,992,717,-0.221245916,-0.216194695,0.797316012,1.393139599,0.540109943,0.43825375,0.611922395,0.459111855,0.540109943,complete,CITY OF CHICAGO,Ward 40 Precinct 02,1,0,0,,0,0,0,725,483,322,148,111,74,0.04914,15.310824015383048,74,0.59776,27.30430624619753,132,0.33078,23.89802962461813,115,0.0092,10.724285110521278,52,0.0068,9.870156496598097,48,0.0062,8.917965813245521,43,0.00012,1.3633849808224638,7,CITY OF CHICAGO:WARD 40 PRECINCT 02,CITY OF CHICAGO:WARD 40 PRECINCT 02,CITY OF CHICAGO:WARD 40 PRECINCT 02,1.2,43.65349663,10.02177276,10.02177276,10.02177276,10.02177276,3.118819775,10.02177276,3.118819775,13.572381245589762,23.30105987084319,20.171951641824755,9.1256381556667,8.168057761579842,7.619967737720154,0.9707538675951053,15.55777708561826,27.707734072077802,24.32323222810881,10.903583254173071,10.030329211097916,9.03528462621136,1.3768342529934543,11.979491028889596,21.800921219743508,21.79401070088686,9.403551493944846,8.462251320009525,7.542001218693093,1.0240965015033623,0.2,0.3,1.0,1.103213405,1.5,1.8,1.4,1.0,1.019094305,960.6962444,943.6882152,37.54193916,26.0449195,11.49701967,0.039077845,0.027110462,0.011967383,2794.717841,483,1.0,0.0,0.9999999999999997,0.0,False
CITY OF CHICAGO:WARD 40 PRECINCT 03,CITY OF CHICAGO:WARD 40 PRECINCT 03,CITY OF CHICAGO:Ward 40 Precinct 03,TRUE, ,True, , ,,, ,,0.367977893,0.210377527,0.170029032,0.243593412,0.027621658,0.001735153,0.2393,0.2815,0.7185,0.4472,0.3287,0.0101,0.0412,0.139,0.134424762,0.089150124,0.123431815,0.157000987,0.150191225,0.122197187,0.117982968,0.062685825,0.042935107,0.075163822,0.050790335,0.022630867,0.081730145,0.077763644,0.041639156,0.049845048,0.046864602,0.0417723,0.095454721,0.087377403,0.113960625,0.085528867,0.0340353,0.031679919,0.063763246,40003.0,0.304792622,0.476923077,260.0,0.163265306,294.0,0.666666667,546.0,45.9,51236,970,770,1.352737762,0.830795162,0.889549409,1.121278483,1.002271369,1.048590204,0.97046321,0.591217516,1.002271369,complete,CITY OF CHICAGO,Ward 40 Precinct 03,1,0,0,,0,0,0,875,583,389,132,99,66,0.04174,14.992553595393199,87,0.5795,27.360593332969863,160,0.35806,24.519855119350424,143,0.01352,12.324028532838307,72,0.004,8.977919477829118,52,0.00306,7.562610658255556,44,0.00012,1.7531363440860914,10,CITY OF CHICAGO:WARD 40 PRECINCT 03,CITY OF CHICAGO:WARD 40 PRECINCT 03,CITY OF CHICAGO:WARD 40 PRECINCT 03,1.2,25.77782197,14.10775802,14.10775802,14.10775802,14.10775802,1.841693957,14.10775802,1.841693957,13.157540204141668,23.025668052191392,20.450238748814254,10.37193184653014,7.335228195581117,6.373275836482896,1.3869134617118053,15.210329319561763,27.67148015727341,24.948684267309346,12.544492611902886,9.127764271152742,7.616785419931425,1.8152386831490914,11.564649987441502,21.52552940109171,22.07229780787636,10.649845184808287,7.629421754010801,6.2953093174558346,1.4402560956200623,0.2,0.3,1.0,1.038371389,1.5,1.8,1.4,1.0,1.006186241,992.1537101,946.7043098,91.04451547,54.06712064,36.97739483,0.091764527,0.054494702,0.037269825,4844.672301,583,1.0,0.3465040334633938,0.6534959665366052,0.0,False
CITY OF CHICAGO:WARD 40 PRECINCT 04,CITY OF CHICAGO:WARD 40 PRECINCT 04,CITY OF CHICAGO:Ward 40 Precinct 04,TRUE, ,True, , ,,, ,,0.415440296,0.214092066,0.074220137,0.294086665,0.018173934,0.000933405,0.274,0.5715,0.4285,0.7033,0.1102,0.0,0.0528,0.1279,0.115898108,0.133058607,0.107242665,0.111444042,0.145032086,0.147212565,0.139942184,0.076898511,0.023271231,0.016200358,0.063853144,0.006650746,0.01607188,0.02280534,0.048250257,0.035973597,0.040582535,0.060356119,0.116793865,0.05230579,0.141925281,0.107017446,0.084700808,0.05532377,0.131189065,40004.0,0.228287325,0.447619048,105.0,-0.192488263,213.0,0.576086957,552.0,48.9,78551,946,664,1.026811866,0.650916078,-0.359065596,0.833115875,0.39935681,0.537944556,0.219954779,0.066123388,0.39935681,complete,CITY OF CHICAGO,Ward 40 Precinct 04,1,0,0,,0,0,0,644,429,286,150,113,75,0.03592,14.58504388466807,63,0.55064,27.216820695386684,117,0.38546,25.116222178083277,108,0.02366,14.162377613821093,61,0.00252,7.976459140705069,34,0.00168,5.903075113086156,25,0.00012,2.3979775624331867,10,CITY OF CHICAGO:WARD 40 PRECINCT 04,CITY OF CHICAGO:WARD 40 PRECINCT 04,CITY OF CHICAGO:WARD 40 PRECINCT 04,1.21547,49.87682585,8.599256863,8.599256863,8.599256863,8.599256863,3.563444919,8.599256863,3.563444919,12.694003086029724,22.715909830266565,20.761152370666334,11.760069802344109,6.410881722997228,4.984282927474885,1.8504370002289132,14.799941259240804,27.600777250800096,25.637524942799608,14.401294970900008,8.095443689700852,5.99387191388592,2.4059207029533902,11.101112869329558,21.215771179166882,22.38321142972844,12.037983140622256,6.705075281426912,4.9063164084478235,1.9037796341371702,0.2,0.3,1.0,1.005740232,1.5,1.8,1.4,1.0,1.056804025,674.0657063,663.4844646,30.50494591,17.62760551,12.8773404,0.045255152,0.026151168,0.019103984,4283.173001,0,0.167558691,0.7326650350878062,0.26733496491219394,0.0,False
CITY OF CHICAGO:WARD 40 PRECINCT 05,CITY OF CHICAGO:WARD 40 PRECINCT 05,CITY OF CHICAGO:Ward 40 Precinct 05,TRUE, ,True, , ,,, ,,0.279423686,0.238417167,0.15771448,0.325280181,0.022841212,0.001458378,0.2342,0.4216,0.5784,0.6759,0.0855,0.0,0.006,0.2119,0.114685521,0.165558422,0.124695096,0.090374031,0.160838613,0.1799866,0.098660033,0.026504625,0.038697059,0.01883403,0.048667355,0.052628389,0.00968482,0.046433633,0.060286321,0.021217471,0.033109628,0.029333473,0.09317498,0.073918864,0.145180981,0.077202902,0.144261622,0.068983653,0.077081877,40005.0,0.370000134,0.471861472,231.0,0.081967213,183.0,0.678733032,442.0,47.2,77189,786,578,1.630533125,0.799725139,0.604211389,1.159665393,0.945901588,1.048533762,0.857037114,0.299617665,0.945901588,complete,CITY OF CHICAGO,Ward 40 Precinct 05,1,0,0,,0,0,0,485,323,215,102,77,51,0.04856,15.351865214459382,50,0.59722,27.27993390206861,88,0.33254,23.939542856939422,77,0.0087,10.733357237731681,35,0.00628,9.89891019862813,32,0.00644,8.898314384487394,29,0.00026,1.4092768865726653,5,CITY OF CHICAGO:WARD 40 PRECINCT 05,CITY OF CHICAGO:WARD 40 PRECINCT 05,CITY OF CHICAGO:WARD 40 PRECINCT 05,1.2,27.64550323,13.68084725,13.68084725,13.68084725,13.68084725,1.975130261,13.68084725,1.975130261,13.572243744964275,23.300173816406417,20.17420749500502,9.12331756484836,8.170767045288596,7.621318346354635,0.9709090936164528,15.557073249791154,27.705624924076712,24.32496945228627,10.900366312812984,10.03321146930109,9.036572135137828,1.3769571868746198,11.97935352826411,21.800035165306735,21.796266554067127,9.401230903126507,8.464960603718279,7.543351827327574,1.0242517275247098,0.2,0.3,1.0,1.012574921,1.5,1.8,1.4,1.0,1.033604447,794.5993904,785.3470594,27.14535709,14.86266971,12.28268738,0.034162318,0.018704607,0.015457711,4265.4384,323,0.999999983,0.0,1.0,0.0,False
CITY OF CHICAGO:WARD 40 PRECINCT 06,CITY OF CHICAGO:WARD 40 PRECINCT 06,CITY OF CHICAGO:Ward 40 Precinct 06,TRUE, ,True, , ,,, ,,0.284697117,0.203927552,0.216503133,0.292759606,0.021602321,0.00071651,0.2276,0.4362,0.5638,0.6125,0.1413,0.0,0.064,0.1164,0.115210709,0.120910573,0.125048961,0.122623324,0.124157867,0.145168942,0.140804685,0.058872039,0.047202899,0.058901925,0.092231022,0.065448075,0.053444382,0.044462353,0.039045314,0.053698862,0.048082373,0.063964759,0.132283929,0.069588512,0.086740237,0.076367353,0.029174134,0.03820393,0.048362838,40006.0,0.229757004,0.422053232,263.0,0.15625,256.0,0.697959184,490.0,48.9,48493,845,607,1.033072955,0.493983543,0.864927263,1.220829843,0.886388832,0.903203401,0.878733604,0.643507695,0.886388832,complete,CITY OF CHICAGO,Ward 40 Precinct 06,1,0,0,,0,0,0,381,254,169,124,93,62,0.048,15.316756259621222,39,0.59294,27.249765328762226,69,0.33756,23.929288659152114,61,0.00912,10.693739630308439,27,0.0065,9.953628185804245,25,0.00578,8.92513140741774,23,0.0001,1.3509980195326694,3,CITY OF CHICAGO:WARD 40 PRECINCT 06,CITY OF CHICAGO:WARD 40 PRECINCT 06,CITY OF CHICAGO:WARD 40 PRECINCT 06,1.2,29.72295187,13.20598828,13.20598828,13.20598828,13.20598828,2.123553374,13.20598828,2.123553374,13.572354195330707,23.300735733769955,20.17297085311822,9.124589496379208,8.169195958409247,7.6205804622627875,0.9708335415338061,15.557494769811369,27.70686115314086,24.324005223665807,10.902124408027362,10.03152342318482,9.035865244036643,1.3769005084138046,11.979463978630541,21.800597082670272,21.795029912180325,9.402502834657355,8.46338951683893,7.542613943235726,1.024176175442063,0.2,0.3,1.0,1.012530389,1.5,1.8,1.4,1.0,1.009030507,324.9087449,315.0921303,13.397214,7.116085057,6.281128947,0.041233775,0.021901796,0.019331979,2396.762117,254,0.999999982,0.0,1.0000000000000002,0.0,False
CITY OF CHICAGO:WARD 48 PRECINCT 08,CITY OF CHICAGO:WARD 48 PRECINCT 08,CITY OF CHICAGO:Ward 48 Precinct 08,TRUE, ,True, , ,,, ,,0.709058479,0.082826848,0.077405955,0.120105514,0.003690528,0.001376767,0.4169,0.4691,0.5309,0.5418,0.2504,0.0,0.0069,0.1887,0.009712954,0.035514243,0.217438167,0.10622823,0.178900853,0.142815539,0.105726251,0.121508722,0.082154918,0.047911574,0.093863632,0.034689121,0.012498676,0.057250287,0.028051402,0.127440586,0.018500865,0.01299297,0.066500721,0.13541996,0.117854729,0.076616168,0.044610379,0.022561173,0.103237636,48008.0,0.218744169,0.450381679,131.0,0.032520325,246.0,0.578723404,470.0,47.6,60033,631,541,0.986156359,0.66787414,0.430663935,0.841503244,0.676000177,0.731549419,0.61582308,-0.026915648,0.676000177,complete,CITY OF CHICAGO,Ward 48 Precinct 08,1,0,0,,0,0,0,461,307,205,78,59,39,0.03118,14.211545497393397,44,0.52454,27.11742020633584,83,0.4085,25.616607437380413,79,0.0334,15.400299308939298,47,0.0013,7.22488430719665,22,0.00082,4.867240039138801,15,0.00026,2.807101381536178,9,CITY OF CHICAGO:WARD 48 PRECINCT 08,CITY OF CHICAGO:WARD 48 PRECINCT 08,CITY OF CHICAGO:WARD 48 PRECINCT 08,1.2,37.86637598,11.344581,11.344581,11.344581,11.344581,2.70535951,11.344581,2.70535951,12.37568699200552,22.508005997052773,20.97285349749121,12.724691346440487,5.760912159452248,4.020748147328548,2.1717301985985626,14.51393872693521,27.55970650872621,26.120141293089826,15.716714891661347,7.354650865048198,4.846251812175929,2.8233706326439547,10.782796775305354,21.00786734595309,22.594912556553318,13.002604684718634,6.055105717881932,3.9427816283014865,2.22507283250682,0.2,0.3,1.0,1.003716995,1.5,1.8,1.4,1.0,1.00026038,84.33170631,79.23976377,11.60519755,8.948995787,2.656201761,0.137613693,0.106116622,0.031497071,296.6954233,307,0.999999878,1.0,0.0,0.0,False
CITY OF CHICAGO:WARD 48 PRECINCT 16,CITY OF CHICAGO:WARD 48 PRECINCT 16,CITY OF CHICAGO:Ward 48 Precinct 16,TRUE,TRUE,True, , ,,, ,,0.410933966,0.149698008,0.231391529,0.195388687,0.020471656,0.002589781,0.2924,0.1856,0.8144,0.3308,0.4635,0.0267,0.0364,0.1426,0.136131465,0.083164237,0.210226728,0.215535351,0.096448677,0.084152671,0.079162181,0.071694313,0.023484377,0.082194963,0.078913007,0.058946548,0.087796964,0.084449794,0.006138599,0.072265886,0.022712813,0.041891888,0.126379821,0.06708721,0.110699322,0.065047999,0.03635312,0.043267043,0.015855023,48016.0,0.285883844,0.232876712,219.0,0.231527094,203.0,0.796437659,393.0,37.2,45786,614,524,1.272183073,-0.667252654,1.12913293,1.534120912,0.802741051,0.817046065,0.865158424,0.831879568,0.802741051,complete,CITY OF CHICAGO,Ward 48 Precinct 16,1,0,0,,0,0,0,561,374,249,188,141,94,0.02062,13.508288931345106,51,0.37064,25.678439626670123,96,0.57708,28.282820752401715,106,0.03008,15.908383697507361,59,0.00104,7.395277788929722,28,0.00038,3.0689521582127988,11,0.00016,2.962438526276491,11,CITY OF CHICAGO:WARD 48 PRECINCT 16,CITY OF CHICAGO:WARD 48 PRECINCT 16,CITY OF CHICAGO:WARD 48 PRECINCT 16,1.2,32.81928535,12.49823468,12.49823468,12.49823468,12.49823468,2.344770616,12.49823468,2.344770616,11.968396168775943,21.733482413446268,23.67440396597075,13.41456268537392,6.0108102770726655,2.616738005380255,2.3308125064648415,13.81881563740267,26.198605737026295,29.010588890619438,16.322621854548512,7.549548594560717,3.0573686785370877,2.9772253375859505,10.375505952075777,20.233343762346585,25.296463025032857,13.692476023652066,6.305003835502349,2.538771486353194,2.3841551403730987,0.2,0.3,1.0,1.00574553,1.5,1.8,1.4,1.0,1.000483621,318.4338355,299.1766254,45.21120455,35.82491922,9.38628533,0.141979901,0.112503494,0.029476407,1817.290579,374,1.0,0.9999999999999999,0.0,0.0,False
CITY OF CHICAGO:WARD 48 PRECINCT 18,CITY OF CHICAGO:WARD 48 PRECINCT 18,CITY OF CHICAGO:Ward 48 Precinct 18,TRUE,TRUE,True, , ,,, ,,0.426426209,0.141125548,0.239467617,0.18227056,0.017540259,0.002527608,0.3298,0.1206,0.8794,0.306,0.3601,0.0,0.1282,0.1561,0.111560322,0.070246275,0.209276836,0.201659193,0.111845165,0.090472411,0.086413144,0.087635179,0.030891474,0.080367818,0.080462037,0.065016719,0.08277143,0.077115866,0.020119672,0.076137569,0.02545568,0.042313815,0.12025228,0.073873634,0.105563547,0.05614917,0.031498699,0.038704464,0.024197603,48018.0,0.273155245,0.046357616,151.0,0.211594203,345.0,0.773529412,680.0,38.6,43537,1029,884,1.217957023,-1.812176589,1.059172966,1.461242557,0.465670584,0.481548989,0.581195379,1.114444343,0.465670584,complete,CITY OF CHICAGO,Ward 48 Precinct 18,1,0,0,,0,0,0,564,376,251,178,134,89,0.02116,13.60347118391326,51,0.37666,25.76149351384561,97,0.5694,28.171488657380618,106,0.03062,15.855514256146295,60,0.00152,7.396831572171271,28,0.00048,3.266477827420501,12,0.00016,2.940628128985499,11,CITY OF CHICAGO:WARD 48 PRECINCT 18,CITY OF CHICAGO:WARD 48 PRECINCT 18,CITY OF CHICAGO:WARD 48 PRECINCT 18,1.2,46.92983996,9.272872886,9.272872886,9.272872886,9.272872886,3.352897803,9.272872886,3.352897803,12.000411036672768,21.794456163854793,23.46154622836268,13.360690418494046,5.990806768868759,2.7269374919519067,2.31826305211598,13.872815720369932,26.304421777527825,28.786104135000578,16.276210647377294,7.534057672168643,3.195900351857273,2.965264425979122,10.407520819972602,20.29431751275511,25.083605287424785,13.638603756772193,6.285000327298443,2.6489709729248454,2.3716056860242367,0.2,0.3,1.0,1.005117199,1.5,1.8,1.4,1.0,1.00034776,245.751363,230.8936379,34.8887355,27.64351942,7.245216079,0.141967617,0.112485722,0.029481896,3460.302455,376,1.0,0.9999999999999997,0.0,0.0,False
CITY OF CHICAGO:WARD 48 PRECINCT 22,CITY OF CHICAGO:WARD 48 PRECINCT 22,CITY OF CHICAGO:Ward 48 Precinct 22,TRUE,TRUE,True, , ,,, ,,0.62149366,0.090077088,0.119764469,0.158553577,0.008995602,0.00019183,0.447,0.8933,0.1067,0.3442,0.4675,0.0,0.0779,0.1104,0.019136647,0.00970025,0.117076466,0.090232409,0.040002366,0.218738067,0.173021134,0.232160072,0.099932589,0.031055446,0.031482924,5.69e-09,0.068578428,0.018547778,0.053264452,1.03e-08,0.037095521,1.72e-08,0.062538362,0.164978528,0.140390678,0.052836978,0.124649185,0.152470824,0.062110865,48022.0,0.31711491,0.191304348,230.0,-0.1796875,256.0,0.556195965,347.0,61.0,80780,503,411,1.405232856,-0.922439365,-0.314137797,0.76983636,0.062685948,0.234623013,-0.047066214,0.293271071,0.062685948,complete,CITY OF CHICAGO,Ward 48 Precinct 22,1,0,0,,0,0,0,476,317,211,117,88,59,0.04786,16.57528676303618,53,0.76552,30.392262266167435,96,0.16382,21.814489651672137,69,0.02086,14.377763531921229,46,0.00078,6.1799865598033,20,0.001,5.20359613999985,16,0.00016,2.7818981541168353,9,CITY OF CHICAGO:WARD 48 PRECINCT 22,CITY OF CHICAGO:WARD 48 PRECINCT 22,CITY OF CHICAGO:WARD 48 PRECINCT 22,1.2,64.2601632,5.311542942,5.311542942,5.311542942,5.311542942,4.591061043,5.311542942,4.591061043,14.361446303813109,25.35826184023273,18.014657653962722,11.934104478295911,4.859771395085186,4.382346109525176,2.1497767722140475,16.870278313024997,30.921210484749754,22.28250784243594,14.632119513424563,6.1926222815868375,5.258568932721328,2.7774673623372377,12.768556087112943,23.858123189133046,19.63671671302483,12.212017816574058,5.15396495351487,4.304379590498114,2.2031194061223047,0.2,0.3,1.0,1.006867829,1.5,1.8,1.4,1.0,1.000299022,14.14588037,13.18864034,2.084656083,1.701760141,0.382895942,0.147368423,0.120300759,0.027067664,33.98408025,317,1.0,1.0000000000000002,0.0,0.0,False
CITY OF CHICAGO:WARD 48 PRECINCT 33,CITY OF CHICAGO:WARD 48 PRECINCT 33,CITY OF CHICAGO:Ward 48 Precinct 33,TRUE,TRUE,True, ,TRUE,,, ,,0.676982537,0.090909088,0.087040622,0.135396509,0.011605415,0.001934236,0.447,0.8933,0.1067,0.3442,0.4675,0.0,0.0779,0.1104,0.018617026,0.0106383,0.11702128,0.090425534,0.037234052,0.218085081,0.175531893,0.231382952,0.101063819,0.030172413,0.034482759,5.48e-09,0.068965516,0.017241384,0.056034475,9.61e-09,0.034482757,1.65e-09,0.064655174,0.163793086,0.142241368,0.051724133,0.124999983,0.150862047,0.060344822,48033.0,0.46012016,0.420289855,138.0,-0.081632653,196.0,0.565217391,253.0,61.1,80303,352,299,2.014460138,0.483159275,0.030012659,0.79853636,0.63309736,0.831542108,0.472791471,0.184960134,0.63309736,complete,CITY OF CHICAGO,Ward 48 Precinct 33,1,0,0,,0,0,0,306,204,136,82,62,41,0.03754,15.094532104828215,31,0.57146,27.722087149440945,57,0.35704,24.928252710834286,51,0.03134,15.310756145178434,31,0.0016,6.739148655904248,14,0.00082,4.473841748900272,9,0.0002,2.7531468705761832,6,CITY OF CHICAGO:WARD 48 PRECINCT 33,CITY OF CHICAGO:WARD 48 PRECINCT 33,CITY OF CHICAGO:WARD 48 PRECINCT 33,1.2,39.65821749,10.93500552,10.93500552,10.93500552,10.93500552,2.83337745,10.93500552,2.83337745,13.144127936647106,23.15684396444914,20.577152178006198,12.715791285701663,5.441454152182962,3.783321749690206,2.1495754797042155,15.389882878186231,28.21977337774815,25.479632421051818,15.618213450391082,6.919575656982008,4.526648961750954,2.781047984170447,11.55123771994694,21.65670531334946,22.199211237068305,12.99370462397981,5.735647710612645,3.7053552306631445,2.2029181136124727,0.2,0.3,1.0,1.005725631,1.5,1.8,1.4,1.0,1.000292469,48.14782026,44.8896971,7.095468234,5.792218957,1.303249277,0.147368421,0.120300751,0.027067669,115.6703816,204,0.999999936,1.0,0.0,0.0,False
CITY OF CHICAGO:WARD 50 PRECINCT 01,CITY OF CHICAGO:WARD 50 PRECINCT 01,CITY OF CHICAGO:Ward 50 Precinct 01,TRUE, ,True, , ,,, ,,0.688563181,0.107836941,0.054645599,0.136293979,0.008689145,0.000698883,0.3525,0.9601,0.0399,0.5371,0.0807,0.0,0.0849,0.2675,0.231180876,0.151010147,0.08407101,0.094198673,0.149042239,0.077121846,0.120667897,0.062527885,0.030179427,0.027261821,0.047579221,0.013077922,0.009616128,0.008221799,0.005817768,0.028763303,0.035227805,0.01365494,0.005192692,0.106649798,0.150431799,0.119883091,0.137957448,0.152247779,0.138416686,50001.0,0.157462502,0.286713287,143.0,-0.373015873,252.0,0.009259259,432.0,47.0,110115,828,253,0.72508578,-0.336783632,-0.9926769,-0.970141693,-0.565405379,-0.393629111,-0.685214937,0.03995022,-0.565405379,complete,CITY OF CHICAGO,Ward 50 Precinct 01,1,0,0,,0,0,0,471,314,209,115,87,58,0.11882,18.24595982939655,57,0.58552,26.431462867909012,83,0.2693,22.064262347109675,69,0.00764,9.55949325397572,30,0.00736,9.606381365385374,30,0.0112,10.282364152091688,32,0.00016,1.1300920240653198,4,CITY OF CHICAGO:WARD 50 PRECINCT 01,CITY OF CHICAGO:WARD 50 PRECINCT 01,CITY OF CHICAGO:WARD 50 PRECINCT 01,1.5,83.45115717,1.764447186,1.764447186,1.764447186,1.764447186,5.96215972,1.764447186,1.764447186,15.405759961018454,21.70070170668345,17.797828033068228,7.751313460395794,7.574596204619564,8.414557222214746,0.7468595717500325,18.504694422993445,26.90212401183781,22.503367423679403,9.678210455475817,9.736711341176651,10.438232297574231,1.1714347775433158,13.812869744318288,20.200563055583768,19.419887092130335,8.02922679867394,7.868789763049247,8.336590703187685,0.8002022056582895,0.2,0.3,1.0,1.722757668,1.5,1.8,1.4,1.0,1.307720928,341.0277284,338.2955325,6.209536174,3.228958809,2.980577365,0.018208303,0.009468317,0.008739985,1441.000045,314,1.0,0.0,0.9999999999999994,0.0,False
CITY OF CHICAGO:WARD 50 PRECINCT 02,CITY OF CHICAGO:WARD 50 PRECINCT 02,CITY OF CHICAGO:Ward 50 Precinct 02,TRUE, ,True, , ,,, ,,0.535663463,0.139107497,0.077320887,0.235015398,0.014948847,0.002833743,0.3445,0.8479,0.1521,0.9317,0.0,0.0,0.0231,0.0452,0.189046616,0.165243719,0.082852261,0.094459096,0.176364422,0.056222037,0.129746597,0.086105643,0.01995961,0.120736892,0.009078554,0.023211381,0.022785514,0.023937252,0.020994977,0.00507161,0.005071611,0.054309134,0.000638801,0.096502941,0.029450417,0.086162473,0.159649633,0.086063022,0.25633579,50002.0,-0.062020018,0.209302326,86.0,-0.381642512,207.0,0.222453222,481.0,46.6,125321,766,368,-0.209947998,-0.811961048,-1.022954462,-0.291904499,-0.665492648,-0.584192002,-0.75324514,-0.3457029,-0.665492648,complete,CITY OF CHICAGO,Ward 50 Precinct 02,1,0,0,,0,0,0,492,328,219,101,76,51,0.11776,18.19999624135096,60,0.58604,26.431022589112256,87,0.26922,22.086496596345423,72,0.00786,9.536897003967368,31,0.00792,9.65459465948586,32,0.01096,10.303993378317184,34,0.00024,1.1750725638551567,4,CITY OF CHICAGO:WARD 50 PRECINCT 02,CITY OF CHICAGO:WARD 50 PRECINCT 02,CITY OF CHICAGO:WARD 50 PRECINCT 02,1.8,85.0513149,1.478700377,1.478700377,1.478700377,1.478700377,6.076482832,1.478700377,1.478700377,15.4042003952902,21.69708488373108,17.798707680466826,7.7504171156276005,7.579339985660171,8.414976129000781,0.7465104112960279,18.502824044572574,26.897665172642878,22.504601960305816,9.677136070953441,9.742729744492951,10.438814194141141,1.171003543171868,13.811310178590034,20.196946232631397,19.420766739528933,8.028330453905747,7.873533544089855,8.33700960997372,0.7998530452042849,0.2,0.3,1.0,2.425456198,1.5,1.8,1.4,1.0,1.304866349,335.8399051,333.1492722,6.115074784,3.179838874,2.935235909,0.018208303,0.009468318,0.008739986,2510.999891,328,1.0,0.0,1.0000000000000004,0.0,False
CITY OF CHICAGO:WARD 50 PRECINCT 03,CITY OF CHICAGO:WARD 50 PRECINCT 03,CITY OF CHICAGO:Ward 50 Precinct 03,TRUE, ,True, , ,,, ,,0.475569515,0.143770666,0.129174508,0.242442599,0.020238796,0.000694491,0.3261,0.8229,0.1771,0.6721,0.2339,0.0,0.0115,0.042,0.226818427,0.161728817,0.08008675,0.084172723,0.18556689,0.158695843,0.057504015,0.036588157,0.008838379,1.79e-09,0.01350081,6.2e-10,0.008556699,1.05e-09,8.41e-10,0.007269667,0.062617996,0.017113398,1.34e-09,0.05976016,0.205440486,0.098010477,0.196949589,0.098085949,0.232694763,50003.0,0.026329458,0.387755102,147.0,-0.255813953,215.0,0.194594595,370.0,46.1,128520,612,299,0.166436164,0.2834488,-0.581324524,-0.380531572,-0.202768852,-0.127992783,-0.2934352,0.07466451,-0.202768852,complete,CITY OF CHICAGO,Ward 50 Precinct 03,1,0,0,,0,0,0,426,284,189,134,101,67,0.05748,16.76944560231119,48,0.77556,29.91527499302261,85,0.14914,20.84981434840226,59,0.00636,9.797615832564013,28,0.00486,9.174591357272902,26,0.00648,9.660335514478085,27,0.00012,1.376480994032321,4,CITY OF CHICAGO:WARD 50 PRECINCT 03,CITY OF CHICAGO:WARD 50 PRECINCT 03,CITY OF CHICAGO:WARD 50 PRECINCT 03,1.8,74.52683829,3.358099846,3.358099846,3.358099846,3.358099846,5.324562635,3.358099846,3.358099846,14.804063251774439,25.516472569165703,17.604808389486138,8.341903856181446,7.578746644637381,8.216334793154152,0.9712294370448835,17.017462981095814,30.354908328322917,21.197533949352252,9.944424507492748,9.306631929302691,9.738944842202734,1.3748681925115325,13.211173035074273,24.01633391806602,19.226867448548244,8.619817194459593,7.872940203067064,8.13836827412709,1.0245720709531405,0.2,0.3,1.0,2.077168939,1.5,1.8,1.4,1.0,1.121744494,282.8265735,280.560665,5.149792108,2.677891955,2.471900153,0.018208304,0.009468318,0.008739986,1478.863664,284,1.0,0.0,0.9999999999999998,0.0,False
CITY OF CHICAGO:WARD 50 PRECINCT 04,CITY OF CHICAGO:WARD 50 PRECINCT 04,CITY OF CHICAGO:Ward 50 Precinct 04,TRUE, ,True, , ,,, ,,0.393122979,0.198577613,0.175185445,0.225753506,0.017993963,0.000963096,0.2143,0.4753,0.5247,0.7072,0.2179,0.0,0.0232,0.032,0.090252139,0.216265792,0.128880349,0.149358692,0.13484663,0.160299214,0.058071586,0.039796901,0.022228698,0.004998703,1.64e-09,0.008331171,0.0439033,1.33e-09,0.002777058,0.009164289,0.160678724,0.079197723,0.00722035,0.024403307,0.148095588,0.269889131,0.069198845,0.031142369,0.140999439,50004.0,0.153758275,0.329545455,176.0,-0.023474178,213.0,0.569230769,390.0,43.1,101040,663,445,0.709305127,-0.073863773,0.234135825,0.81130418,0.372703409,0.42022034,0.335486506,0.161219261,0.372703409,complete,CITY OF CHICAGO,Ward 50 Precinct 04,1,0,0,,0,0,0,449,299,199,116,87,58,0.0469,17.68219406942032,53,0.80986,32.09539620444639,96,0.13796,22.184023218156184,66,0.00262,9.574460509999053,29,0.00052,5.40228296563426,16,0.00208,8.479204781884192,25,6e-05,1.5558119980638199,5,CITY OF CHICAGO:WARD 50 PRECINCT 04,CITY OF CHICAGO:WARD 50 PRECINCT 04,CITY OF CHICAGO:WARD 50 PRECINCT 04,1.5,51.06261278,8.328212103,8.328212103,8.328212103,8.328212103,3.64816335,8.328212103,3.64816335,15.302631944152056,26.788349650959447,18.37969453479678,7.985131766499027,4.330639307249393,7.082508695519615,1.0779387296952134,18.035227446625445,32.711301302207566,22.739514702299456,9.767515816526117,5.542044425675483,8.589273558121903,1.5498974788246858,13.70974172745189,25.288210999859764,20.001753593858886,8.263045104777174,4.6248328656790765,7.004542176492554,1.1312813636034704,0.2,0.3,1.0,1.976456266,1.5,1.8,1.4,1.0,1.065929615,413.305789,409.9945261,7.525597609,3.913310926,3.612286683,0.018208304,0.009468319,0.008739986,1772.136416,299,1.0,0.0,0.0,0.9999999999999997,False
CITY OF CHICAGO:WARD 50 PRECINCT 08,CITY OF CHICAGO:WARD 50 PRECINCT 08,CITY OF CHICAGO:Ward 50 Precinct 08,TRUE, ,True, , ,,, ,,0.21743713,0.199092468,0.254440551,0.324250489,0.019505159,0.003106812,0.1949,0.2437,0.7563,0.5714,0.1995,0.046,0.0697,0.0688,0.161107355,0.107143869,0.123613437,0.12950619,0.152395161,0.144448684,0.109411026,0.048996546,0.023377734,0.095990603,0.075134823,0.05333325,0.052250257,0.113074813,0.02329761,0.002010411,0.057983907,0.05888611,0.048618846,0.100495385,0.152863129,0.066809121,0.046174739,0.009529835,0.04354716,50008.0,0.090871364,0.221374046,131.0,0.0,210.0,0.750519751,481.0,46.0,47286,901,683,0.441395929,-0.737860318,0.316524909,1.388041573,0.339538421,0.352025523,0.332438299,0.884120024,0.339538421,complete,CITY OF CHICAGO,Ward 50 Precinct 08,1,0,0,,0,0,0,278,185,123,151,114,76,0.05068,15.348172610713796,28,0.59368,27.272594540810978,50,0.33378,23.895259702497658,44,0.00836,10.786983465093089,20,0.00688,9.889670745351452,18,0.00656,8.822744951231169,16,6e-05,1.4284553806260536,3,CITY OF CHICAGO:WARD 50 PRECINCT 08,CITY OF CHICAGO:WARD 50 PRECINCT 08,CITY OF CHICAGO:WARD 50 PRECINCT 08,1.2,52.53526314,7.991596688,7.991596688,7.991596688,7.991596688,3.75337671,7.991596688,3.75337671,13.571669824091773,23.299290287969136,20.172812666905152,9.1247561607627,8.170705271086916,7.620436097978422,0.9706338522860745,15.556837928135648,27.705425459728655,24.32411910236572,10.902456416462268,10.033459166365601,9.035796730634189,1.3766799265885867,11.978779607391607,21.799151636869453,21.79487172596726,9.402669499040847,8.464898829516601,7.54246957895136,1.0239764861943315,0.2,0.3,1.0,1.04367862,1.5,1.8,1.4,1.0,1.016454508,345.3018016,338.3560756,12.56845674,8.930218989,3.638237755,0.036398468,0.025862069,0.0105364,5187.09212,185,1.0,0.0,0.9999999999999998,0.0,False
CITY OF CHICAGO:WARD 50 PRECINCT 13,CITY OF CHICAGO:WARD 50 PRECINCT 13,CITY OF CHICAGO:Ward 50 Precinct 13,TRUE, ,True, , ,,, ,,0.340675811,0.226174387,0.08951552,0.340396073,0.014160971,0.001019559,0.4257,0.6467,0.3533,0.7501,0.0796,0.0,0.0441,0.1153,0.138982606,0.165732634,0.096299843,0.1535561,0.141616982,0.094212024,0.134115914,0.061675597,0.0138083,0.058430554,0.019533916,0.029079947,0.033126744,0.041816954,0.030472241,0.015202186,0.026611697,0.033659615,0.084079405,0.063356291,0.119494292,0.09543524,0.115278801,0.058715566,0.175706551,50013.0,-0.043390965,0.178294574,129.0,0.088709677,248.0,0.597785978,542.0,45.2,88522,927,587,-0.130584987,-1.002298221,0.627875921,0.902147301,0.175131094,0.099285004,0.280849278,0.319893587,0.175131094,complete,CITY OF CHICAGO,Ward 50 Precinct 13,1,0,0,,0,0,0,546,364,243,120,90,60,0.05572,16.754403301415408,61,0.77672,29.87391733376582,109,0.15112,20.737793370604315,75,0.00602,9.801215126214267,36,0.00446,9.242741346625746,34,0.0058,9.632183702907863,35,0.00016,1.3855199341872202,5,CITY OF CHICAGO:WARD 50 PRECINCT 13,CITY OF CHICAGO:WARD 50 PRECINCT 13,CITY OF CHICAGO:WARD 50 PRECINCT 13,1.298350287,59.6751206,6.35958263,6.35958263,6.35958263,6.35958263,4.263483125,6.35958263,4.263483125,14.802894157664959,25.513474450566093,17.60656946747998,8.340098264980908,7.583461406100037,8.217313205897973,0.9710617708066409,17.01581336049592,30.350803308284895,21.19929661289191,9.942094295595094,9.31215577508856,9.73997108871114,1.374640289213156,13.210003940964793,24.01333579946641,19.228628526542085,8.618011603259054,7.877654964529721,8.139346686870912,1.024404404714898,0.2,0.3,1.0,1.068405152,1.5,1.8,1.4,1.0,1.112873517,589.230008,585.3453024,14.87022677,9.488064492,5.382162278,0.02523671,0.01610248,0.00913423,3148.764387,364,1.0,0.0,1.0000000000000004,0.0,False
CITY OF CHICAGO:WARD 50 PRECINCT 15,CITY OF CHICAGO:WARD 50 PRECINCT 15,CITY OF CHICAGO:Ward 50 Precinct 15,TRUE, ,True, , ,,, ,,0.321204433,0.247203577,0.122900509,0.298492477,0.024208046,0.002973283,0.2785,0.5052,0.4948,0.7077,0.1157,0.0079,0.043,0.1059,0.15075442,0.156560977,0.10567714,0.143401037,0.132512709,0.108781216,0.136623526,0.05099172,0.014697256,0.036538775,0.02364304,0.041443955,0.027084281,0.030950137,0.028677895,0.009662567,0.04059102,0.020204486,0.078143587,0.13016832,0.152933707,0.07641858,0.062328967,0.058832818,0.182377866,50015.0,0.182560849,0.486956522,230.0,-0.04379562,274.0,0.632495164,517.0,45.5,80377,837,568,0.832009111,0.892384198,0.162812134,1.012568161,0.658023704,0.724943401,0.54559745,0.32105569,0.658023704,complete,CITY OF CHICAGO,Ward 50 Precinct 15,1,0,0,,0,0,0,537,358,239,119,90,60,0.051,16.080133214547686,58,0.6857,28.808609817698706,103,0.24686,22.999315086613727,82,0.00694,10.330506428537548,37,0.00406,8.699934871814824,31,0.00532,9.102991032400022,33,0.00012,1.3481369868442048,5,CITY OF CHICAGO:WARD 50 PRECINCT 15,CITY OF CHICAGO:WARD 50 PRECINCT 15,CITY OF CHICAGO:WARD 50 PRECINCT 15,1.216344769,38.61262502,11.17400492,11.17400492,11.17400492,11.17400492,2.758675199,11.17400492,2.758675199,14.100183592138386,24.356111963768438,19.225162409731595,8.701264545459825,7.114799048833475,7.726932611534173,0.971086271971138,16.325016011213577,29.24343469220135,23.4025023121682,10.487047836549756,8.839944138522235,9.24460266321081,1.3922270764147608,12.50729337543822,22.855973312668755,20.847221468793702,8.979177883737972,7.4089926072631584,7.648966092507112,1.024428905879395,0.2,0.3,1.0,1.069004535,1.5,1.8,1.4,1.0,1.057217204,543.3060701,536.5580059,22.30002246,14.23375637,8.066266097,0.041045046,0.026198412,0.014846633,3459.170854,358,1.0,0.0,0.7363288943057604,0.2636711056942393,False
CITY OF CHICAGO:WARD 50 PRECINCT 17,CITY OF CHICAGO:WARD 50 PRECINCT 17,CITY OF CHICAGO:Ward 50 Precinct 17,TRUE,TRUE,True, , ,,, ,,0.354379443,0.172899619,0.107608209,0.357421498,0.01629125,0.00083226,0.0904,0.3657,0.6343,0.7717,0.071,0.0,0.1048,0.0524,0.208865394,0.173772743,0.068563051,0.177260642,0.105657914,0.082045095,0.098327754,0.058099265,0.027408143,0.085550322,0.014110373,0.009292423,0.012518317,0.13890826,0.043076862,0.089077917,0.007742149,0.056181571,0.08788813,0.029351755,0.14825947,0.117885058,0.057430148,0.056181575,0.046545671,50017.0,-0.139915365,-0.0625,96.0,0.0,90.0,0.603375527,237.0,43.9,54954,504,280,-0.541795749,-2.480385329,0.316524909,0.919929418,-0.360599622,-0.446431688,-0.208008302,0.043152723,-0.360599622,complete,CITY OF CHICAGO,Ward 50 Precinct 17,1,0,0,,0,0,0,231,154,103,148,111,74,0.05396,16.32442771247134,25,0.70346,29.085563925035718,45,0.22752,22.606942948412037,35,0.00642,10.186412511988891,16,0.00448,9.249745418765553,14,0.00408,8.51212934728031,13,8e-05,1.441908479178765,2,CITY OF CHICAGO:WARD 50 PRECINCT 17,CITY OF CHICAGO:WARD 50 PRECINCT 17,CITY OF CHICAGO:WARD 50 PRECINCT 17,1.5,79.11109678,2.539469781,2.539469781,2.539469781,2.539469781,5.652084532,2.539469781,2.539469781,14.549814631266969,25.032256368705728,19.29199307423231,8.769523167849343,7.7378679984519545,7.342295185971233,1.0705749887011784,16.572350652527728,29.500552770734764,23.001292872958178,10.36128207011621,9.411557859574753,8.609806748203606,1.4779317561654144,12.956924414566803,23.532117717606045,20.914052133294415,9.04743650612749,8.032061556881638,7.264328666944172,1.1239176226094354,0.2,0.3,1.0,1.024981016,1.5,1.8,1.4,1.0,1.207343385,303.9886839,301.7234925,7.928169816,4.077344547,3.850825269,0.026080477,0.013412817,0.01266766,2874.99996,154,1.0,0.0,1.0,0.0,False
CITY OF CHICAGO:WARD 50 PRECINCT 19,CITY OF CHICAGO:WARD 50 PRECINCT 19,CITY OF CHICAGO:Ward 50 Precinct 19,TRUE, ,True, , ,,, ,,0.183749338,0.183749339,0.137546466,0.492830585,0.013276686,0.002655337,0.1044,0.0699,0.9301,0.714,0.0288,0.0,0.0459,0.1057,0.120377982,0.204190636,0.070254729,0.144207066,0.161462611,0.086277733,0.172555456,0.008216929,0.03245686,0.027972031,5.16e-09,0.087412581,3.91e-09,2.26e-09,3.05e-09,0.124125868,2.26e-09,4.63e-09,0.262237752,2.34e-09,0.277972022,0.045454544,0.012237766,0.122377615,0.040209794,50019.0,0.266335588,0.157894737,76.0,-0.024390244,82.0,0.806763285,207.0,45.7,59933,437,261,1.188904096,-1.127520046,0.230920639,1.566969982,0.369020322,0.464818668,0.322240716,0.424316638,0.369020322,complete,CITY OF CHICAGO,Ward 50 Precinct 19,1,0,0,,0,0,0,183,122,81,133,100,67,0.04894,15.264545209935449,19,0.5943,27.260583418395722,33,0.33608,23.94705632644968,29,0.00842,10.747292916272416,13,0.00598,9.860715168589078,12,0.00618,8.942277154185259,11,0.0001,1.3478345580751634,2,CITY OF CHICAGO:WARD 50 PRECINCT 19,CITY OF CHICAGO:WARD 50 PRECINCT 19,CITY OF CHICAGO:WARD 50 PRECINCT 19,1.292952351,51.22636234,8.290782564,8.290782564,8.290782564,8.290782564,3.659862421,8.290782564,3.659862421,13.569953847622486,23.294592594747954,20.176538616993536,9.120931734237804,8.178825647635392,7.622560345220991,0.9704851933025449,15.554160527958969,27.698544832628965,24.32749398105702,10.897371491013502,10.042805690652518,9.0379699321225,1.37642827484719,11.97706363092232,21.79445394364827,21.798597676055643,9.39884507251595,8.473019206065075,7.54459382619393,1.023827827210802,0.2,0.3,1.0,1.024826837,1.5,1.8,1.4,1.0,1.107936828,325.9667632,321.2062956,11.77589374,8.2681807,3.507713044,0.036126057,0.025365104,0.010760953,2433.999949,122,1.0,0.0,1.0000000000000002,0.0,False
CITY OF CHICAGO:WARD 50 PRECINCT 20,CITY OF CHICAGO:WARD 50 PRECINCT 20,CITY OF CHICAGO:Ward 50 Precinct 20,TRUE, ,True, , ,,, ,,0.18921233,0.222602743,0.096746581,0.47431506,0.02140411,0.002568493,0.1429,0.3456,0.6544,0.6375,0.1301,0.0,0.1318,0.0049,0.152953049,0.342756165,0.106511866,0.124684501,0.177688035,0.036850089,0.027258968,0.007067141,0.024230187,0.146718134,0.16795365,6.03e-09,0.127413117,0.009652514,0.090733586,1.8e-09,2.62e-09,0.036679539,0.036679544,0.02509653,0.208494206,6.16e-09,0.00579152,7.68e-09,0.144787636,50020.0,0.304149335,0.3875,160.0,0.140350877,114.0,0.666666667,204.0,38.0,32660,379,240,1.349997247,0.281882888,0.809124917,1.121278483,0.836483651,0.890570884,0.820194458,0.728716606,0.836483651,complete,CITY OF CHICAGO,Ward 50 Precinct 20,1,0,0,,0,0,0,221,147,98,100,75,50,0.03544,14.642748942645378,22,0.45118,26.033659085037424,38,0.49664,26.573328102593692,39,0.00848,11.365466551225612,17,0.00526,10.037628427591045,15,0.00284,7.246741437860161,11,0.00016,1.5321739307695104,2,CITY OF CHICAGO:WARD 50 PRECINCT 20,CITY OF CHICAGO:WARD 50 PRECINCT 20,CITY OF CHICAGO:WARD 50 PRECINCT 20,1.212604775,31.54619658,12.78923472,12.78923472,12.78923472,12.78923472,2.253814913,12.78923472,2.253814913,13.183413657409726,22.559779181527723,22.758253371874314,9.778155501518295,8.413168929553745,6.282780986414775,1.1232181215671382,14.897882297581551,26.440189185935427,27.03494818267128,11.523227848861065,10.181644699479554,7.322492548271875,1.534389967479911,11.59052344070956,21.05964053042804,24.38031243093642,10.056068839796442,8.707362487983428,6.204814467387713,1.1765607554753952,0.2,0.3,1.0,1.024667484,1.5,1.8,1.4,1.0,1.055471473,328.9694823,324.1651625,11.88437022,8.344344858,3.540025358,0.036126057,0.025365103,0.010760954,1981.000115,147,1.0,0.0,1.0000000000000002,0.0,False
CITY OF CHICAGO:WARD 50 PRECINCT 21,CITY OF CHICAGO:WARD 50 PRECINCT 21,CITY OF CHICAGO:Ward 50 Precinct 21,TRUE, ,True, , ,,, ,,0.183964306,0.212058601,0.239535464,0.360699808,0.021593191,0.002451587,0.2326,0.3538,0.6462,0.6296,0.1438,0.0165,0.0453,0.1546,0.091081197,0.160617706,0.155583495,0.130965647,0.146583804,0.160342106,0.102235738,0.034056924,0.018533383,0.034899111,0.06455034,0.089244339,0.082718923,0.031025873,0.037714779,7.02e-10,0.025164325,0.137991587,0.06767978,0.077387811,0.170859124,0.056990804,0.058408712,0.023939963,0.041424528,50021.0,0.321836818,0.205882353,136.0,0.035714286,168.0,0.842592593,432.0,44.4,49880,832,571,1.425349006,-0.832954121,0.44187402,1.680954304,0.580458304,0.678805802,0.533071947,0.708243016,0.580458304,complete,CITY OF CHICAGO,Ward 50 Precinct 21,1,0,0,,0,0,0,438,292,195,159,120,80,0.04092,14.962551164904806,44,0.50716,26.45043804336874,77,0.43332,25.571219454910977,75,0.00862,11.078730250136873,32,0.0059,9.952341356271713,29,0.00392,7.848052160086877,23,0.00016,1.4533648561693795,4,CITY OF CHICAGO:WARD 50 PRECINCT 21,CITY OF CHICAGO:WARD 50 PRECINCT 21,CITY OF CHICAGO:WARD 50 PRECINCT 21,1.2,41.90347115,10.42179002,10.42179002,10.42179002,10.42179002,2.993789377,10.42179002,2.993789377,13.329895426080283,22.83935880769286,21.7830223851473,9.534111536582724,8.31913149303912,6.785252344598279,1.0656989840706055,15.144619449356702,26.914503463663184,26.02174784641309,11.294200460652444,10.123350664842558,7.960862188547189,1.47549065680549,11.737005209380117,21.33922015659318,23.405081444209408,9.812024874860871,8.613325051468804,6.707285825571217,1.1190416179788625,0.2,0.3,1.0,1.024984989,1.5,1.8,1.4,1.0,1.023968852,470.4557234,466.4261239,15.1109976,5.54069925,9.570298351,0.032119914,0.011777302,0.020342612,3897.677311,292,1.0,0.0,0.9999999999999999,0.0,False
CITY OF CHICAGO:WARD 50 PRECINCT 23,CITY OF CHICAGO:WARD 50 PRECINCT 23,CITY OF CHICAGO:Ward 50 Precinct 23,TRUE,TRUE,True, , ,,, ,,0.37553525,0.181461505,0.080091619,0.351983203,0.012219934,0.001077157,0.2243,0.5031,0.4969,0.7973,0.0491,0.0,0.0536,0.0436,0.116605719,0.256752514,0.14788291,0.102381181,0.163206847,0.077585481,0.066416456,0.056106749,0.013062143,0.090115807,0.005917761,0.048402469,0.005417809,0.060530142,0.018028755,0.08476721,0.011650099,0.035797126,0.062268468,0.067701393,0.239688498,0.060733115,0.034399976,0.027034043,0.147547329,50023.0,0.035021481,0.079365079,63.0,-0.289855072,138.0,0.451697128,383.0,42.1,75981,827,384,0.203465696,-1.609564442,-0.700801194,0.437392622,-0.507803519,-0.41737683,-0.564488392,0.113289917,-0.507803519,complete,CITY OF CHICAGO,Ward 50 Precinct 23,1,0,0,,0,0,0,452,301,201,127,96,64,0.10048,17.659602266289355,53,0.49084,25.54329125483743,77,0.38746,24.19052233336703,73,0.00816,10.034866769829955,30,0.00656,9.709419266429986,29,0.00626,8.92285672757829,27,0.00024,1.3083804155896828,4,CITY OF CHICAGO:WARD 50 PRECINCT 23,CITY OF CHICAGO:WARD 50 PRECINCT 23,CITY OF CHICAGO:WARD 50 PRECINCT 23,1.5,82.38790102,1.954317249,1.954317249,1.954317249,1.954317249,5.886195489,1.954317249,1.954317249,15.108792692342544,21.134656563298027,19.758889026115355,8.24799800631311,7.763460414829498,7.3988430476220035,0.8619339024660951,17.946762820697867,25.899944975138926,24.678128996875685,10.186574440162033,9.86430686663441,9.060835225470747,1.2982214053010122,13.515902475642378,19.634517912198344,21.38094808517746,8.525911344591258,8.057653973259182,7.320876528594942,0.9152765363743521,0.2,0.3,1.0,1.013004638,1.5,1.8,1.4,1.0,1.176268814,707.0906507,701.2484373,19.24641727,10.44205608,8.80436118,0.027219165,0.014767634,0.012451531,4608.196845,301,0.999999975,0.0,0.9999999999999993,0.0,False
CITY OF CHICAGO:WARD 50 PRECINCT 26,CITY OF CHICAGO:WARD 50 PRECINCT 26,CITY OF CHICAGO:Ward 50 Precinct 26,TRUE,TRUE,True, , ,,, ,,0.442234308,0.121901369,0.06070353,0.363775011,0.0218424,1.29e-10,0.2337,0.2739,0.7261,0.8015,0.0291,0.0,0.0,0.1694,0.135464181,0.169182169,0.073446733,0.109793604,0.182885651,0.130035496,0.116125391,0.064230403,0.018836372,0.031110388,0.001253777,0.00062689,0.017881334,0.133048365,0.003761329,0.049953519,0.117176509,0.080701081,0.018600538,0.14011589,0.027419912,0.148578871,0.044916948,0.12599588,0.058858771,50026.0,-0.157986337,0.188118812,101.0,-0.272727273,66.0,0.321888412,233.0,47.3,64912,455,210,-0.618781238,-0.941993376,-0.640686472,0.024430182,-0.54644825,-0.544257726,-0.565733999,-0.263554451,-0.54644825,complete,CITY OF CHICAGO,Ward 50 Precinct 26,1,0,0,,0,0,0,180,120,80,99,75,50,0.1189,18.253922322610215,22,0.5899,26.52669105591564,32,0.26538,22.069270525816247,26,0.00724,9.503174372229301,11,0.00716,9.537211657380595,11,0.0112,10.317250771225844,12,0.00022,1.1604470740174355,1,CITY OF CHICAGO:WARD 50 PRECINCT 26,CITY OF CHICAGO:WARD 50 PRECINCT 26,CITY OF CHICAGO:WARD 50 PRECINCT 26,1.8,83.11350372,1.824743363,1.824743363,1.824743363,1.824743363,5.938036103,1.824743363,1.824743363,15.402447456988886,21.692806438369164,17.800515092983172,7.74856715756607,7.585533025248375,8.415940711263982,0.7461878684364587,18.500464229390865,26.89198549611528,22.5066571357134,9.674719166125751,9.750430537049002,10.439933768961943,1.170584396924414,13.80955724028872,20.19266778726948,19.42257415204528,8.026480495844217,7.879726583678059,8.33797419223692,0.7995305023447157,0.2,0.3,1.0,1.025137143,1.5,1.8,1.4,1.0,1.394978052,374.5393716,371.7484672,9.768165319,5.023627894,4.744537425,0.026080477,0.013412817,0.01266766,1484.411587,120,1.0,0.0,1.0,0.0,False
CITY OF CHICAGO:WARD 40 PRECINCT 01,CITY OF CHICAGO:WARD 40 PRECINCT 01,CITY OF CHICAGO:Ward 40 Precinct 01,TRUE, ,, , ,,, ,,0.522121826,0.184541308,0.115251215,0.161948791,0.025169868,0.001303683,0.3757,0.584,0.416,0.6807,0.1432,0.0145,0.0495,0.1115,0.091649622,0.104334907,0.116918077,0.136791769,0.10561182,0.167713137,0.168373555,0.074972501,0.033634611,0.031344157,0.038687082,0.03629209,0.013139437,0.028241764,0.091972143,0.024599096,0.055971368,0.006854594,0.053902851,0.096234348,0.097143061,0.095804401,0.056270109,0.115820095,0.157723403,40001.0,0.058657426,0.380952381,126.0,-0.126934985,323.0,0.607142857,560.0,51.7,80858,768,619,0.30415894,0.241691155,-0.128988336,0.931914482,0.293879333,0.33719406,0.200642854,0.14178002,0.293879333,complete,CITY OF CHICAGO,Ward 40 Precinct 01,1,0,0,,0,0,0,564,376,251,139,105,70,0.04612,18.1793164860435,68,0.86602,33.02316669331167,124,0.08182,20.24797102844446,76,0.00234,9.1182469409566,34,0.00072,5.300775703743673,20,0.00292,9.66739914689406,36,6e-05,1.4670216716307753,6,CITY OF CHICAGO:WARD 40 PRECINCT 01,CITY OF CHICAGO:WARD 40 PRECINCT 01,CITY OF CHICAGO:WARD 40 PRECINCT 01,1.208996067,54.55159005,7.530708794,7.530708794,7.530708794,7.530708794,3.897432988,7.530708794,3.897432988,15.574854111604179,27.306204741845093,16.572822852969487,7.524727607675902,4.162919240607576,8.020670074415435,0.9715009989238312,18.54280790679391,33.69077673810237,20.735469298589173,9.295809548390046,5.390063759023965,9.84366126809483,1.436186211286362,13.981963894904013,25.80606609074541,18.194881912031594,7.802640945954049,4.45711279903726,7.942703555388374,1.0248436328320882,0.2,0.3,1.0,1.179458441,1.5,1.8,1.4,1.0,1.045235975,388.3669525,384.0270519,16.81708679,12.20598434,4.611102451,0.043302054,0.031428998,0.011873056,1836.271782,376,1.0,0.0,0.0,0.9999999999999998,False
CITY OF CHICAGO:WARD 40 PRECINCT 07,CITY OF CHICAGO:WARD 40 PRECINCT 07,CITY OF CHICAGO:Ward 40 Precinct 07,TRUE, ,, , ,,, ,,0.429447738,0.284001125,0.149252379,0.129871632,0.03603004,3.97e-05,0.2953,0.3647,0.6353,0.4495,0.3634,0.0099,0.0352,0.1314,0.109402394,0.093445641,0.212762547,0.164885176,0.126158677,0.071652152,0.1070646,0.05834701,0.056281805,0.042102788,0.048592159,0.045252079,0.05236975,0.009276873,0.065568495,0.050655329,0.051327082,0.033266737,0.104352946,0.042275708,0.065624208,0.073245887,0.124075322,0.092056453,0.099958185,40007.0,0.410539868,0.559322034,236.0,0.02739726,292.0,0.722627737,548.0,40.8,59735,920,749,1.803239455,1.336590762,0.412683129,1.299308285,1.073899775,1.212955408,0.91384532,0.586905455,1.073899775,complete,CITY OF CHICAGO,Ward 40 Precinct 07,1,0,0,,0,0,0,596,397,265,178,134,89,0.02366,13.733943961878142,55,0.40506,25.933449178541608,103,0.54152,27.69790896719359,110,0.0278,15.473228511649841,61,0.00138,7.600102106239118,30,0.00046,3.785740916635517,15,0.00012,2.842904644025099,11,CITY OF CHICAGO:WARD 40 PRECINCT 07,CITY OF CHICAGO:WARD 40 PRECINCT 07,CITY OF CHICAGO:WARD 40 PRECINCT 07,1.2,23.54726277,14.6176147,14.6176147,14.6176147,14.6176147,1.682331874,14.6176147,1.682331874,12.150233695691275,21.957964589832514,23.062518858338947,12.979624757720863,6.154716539841144,3.1961274214152455,2.200500349231449,14.048309580915419,26.490390584158998,28.2790826242757,15.799753189641095,7.729880281947727,3.767953016026061,2.8194054533156754,10.55734347899111,20.45782593873283,24.684577917401054,13.25753809599901,6.448910098270828,3.118160902388184,2.253842983139706,0.2,0.3,1.0,1.015254262,1.5,1.8,1.4,1.0,1.003559489,414.9516958,396.4432434,40.84329333,31.56743141,9.27586192,0.098429031,0.076074955,0.022354076,2698.723029,397,0.999999998,0.9179753924399411,0.08202460756005868,0.0,False
CITY OF CHICAGO:WARD 40 PRECINCT 10,CITY OF CHICAGO:WARD 40 PRECINCT 10,CITY OF CHICAGO:Ward 40 Precinct 10,TRUE, ,, , ,,, ,,0.562544434,0.231667934,0.086952523,0.118889771,0.014858729,0.000446238,0.4324,0.3368,0.6632,0.4898,0.1693,0.0086,0.0678,0.2475,0.133629057,0.055223591,0.089637724,0.246653769,0.177055938,0.145628253,0.100622239,0.041365627,0.010183803,0.035187046,0.059772375,0.009224719,0.063319455,0.009865717,0.085696085,0.008731604,0.008928897,0.000697384,0.03593385,0.023496757,0.166683617,0.115406249,0.11948169,0.122809942,0.134764612,40010.0,0.197215708,0.278195489,133.0,0.076660988,587.0,0.615615616,999.0,43.2,98869,1467,1331,0.894441364,-0.38906906,0.585587733,0.958868999,0.481571896,0.512457259,0.496197991,0.470882451,0.481571896,complete,CITY OF CHICAGO,Ward 40 Precinct 10,1,0,0,,0,0,0,824,549,366,152,114,76,0.03952,14.850611099686756,82,0.49952,26.45588289774824,145,0.441,25.62648135941118,141,0.00978,11.185787456053179,61,0.00584,9.941613485575285,55,0.00418,7.758557198101842,43,0.00016,1.5920641773381699,9,CITY OF CHICAGO:WARD 40 PRECINCT 10,CITY OF CHICAGO:WARD 40 PRECINCT 10,CITY OF CHICAGO:WARD 40 PRECINCT 10,1.2,46.22603256,9.433747748,9.433747748,9.433747748,9.433747748,3.302614352,9.433747748,3.302614352,13.306984584094089,22.79719834762668,21.964468011825723,9.581295072830233,8.324128649626264,6.690514390308535,1.0776024400422424,15.103117451482285,26.83661548047367,26.209889128524804,11.338625153467163,10.118907421780808,7.839766900945365,1.4878531936065647,11.714094367393923,21.297059696526997,23.58652707088783,9.85920841110838,8.618322208055947,6.612547871281474,1.1309450739504994,0.2,0.3,1.0,1.004923975,1.5,1.8,1.4,1.0,1.002475231,546.8938401,488.6592269,147.9958589,101.0753923,46.92046664,0.270611676,0.184817207,0.085794469,2695.692862,549,0.999999991,0.0,1.0000000000000004,0.0,False
CITY OF CHICAGO:WARD 40 PRECINCT 14,CITY OF CHICAGO:WARD 40 PRECINCT 14,CITY OF CHICAGO:Ward 40 Precinct 14,TRUE, ,, , ,,, ,,0.656676506,0.193973958,0.059795524,0.079194118,0.016844374,0.000239027,0.5739,0.3722,0.6278,0.5087,0.2568,0.0109,0.0303,0.1781,0.102635485,0.045588608,0.198957229,0.301920891,0.109881312,0.099601383,0.061364025,0.045983226,0.034067841,0.012904046,0.013663045,0.030881148,0.002660987,0.013119679,0.097860523,0.016969056,0.038372914,0.036509377,0.085895895,0.093046125,0.103089556,0.083325808,0.094126033,0.082590079,0.194985729,40014.0,0.315749624,0.333333333,141.0,0.18762089,517.0,0.748099891,921.0,36.6,89094,1303,1208,1.399416499,-0.050612362,0.97503203,1.380343236,0.883606404,0.926044851,0.89340384,0.442295031,0.883606404,complete,CITY OF CHICAGO,Ward 40 Precinct 14,1,0,0,,0,0,0,329,219,146,166,125,83,0.02082,13.47494471155373,30,0.36412,25.645676103625174,56,0.58336,28.386651437469325,62,0.02986,15.939193601438879,35,0.00132,7.397100047775776,16,0.0003,3.06143505118425,7,0.00022,2.9186342063274666,6,CITY OF CHICAGO:WARD 40 PRECINCT 14,CITY OF CHICAGO:WARD 40 PRECINCT 14,CITY OF CHICAGO:WARD 40 PRECINCT 14,1.2,29.8226849,13.1831915,13.1831915,13.1831915,13.1831915,2.130678791,13.1831915,2.130678791,11.96656019463461,21.73045924633515,23.705808349053637,13.42121812130117,6.008012640075179,2.6017918365192125,2.3334350988147285,13.813776239741003,26.189129135286986,29.042167382206767,16.327069921657422,7.544430019702753,3.0384127334912665,2.979789298194472,10.373669977934444,20.23032059523547,25.327867408115743,13.699131459579316,6.302206198504863,2.523825317492151,2.3867777327229858,0.2,0.3,1.0,1.000991148,1.5,1.8,1.4,1.0,1.00210322,280.4721431,267.2374128,29.87839569,17.04357164,12.83482405,0.106528924,0.060767431,0.045761493,1374.014008,219,0.999999973,1.0000000000000007,0.0,0.0,False
CITY OF CHICAGO:WARD 40 PRECINCT 21,CITY OF CHICAGO:WARD 40 PRECINCT 21,CITY OF CHICAGO:Ward 40 Precinct 21,TRUE, ,, , ,,, ,,0.6852705,0.169663785,0.049203852,0.084590246,0.014359655,0.000915403,0.5457,0.5365,0.4635,0.4507,0.3403,0.0054,0.0759,0.1223,0.110489192,0.022098235,0.269610832,0.332979773,0.11089515,0.082149213,0.037370348,0.026979085,0.007428171,0.010396953,2.01e-10,0.019737694,6.17e-10,0.007589732,0.042335635,0.016818332,0.004252887,0.025492311,0.056262645,0.11872238,0.104633253,0.140993029,0.06638533,0.135481606,0.250898212,40021.0,0.415665259,0.496551724,290.0,0.178217822,404.0,0.702741703,693.0,34.4,116625,988,885,1.825074514,0.951283135,0.942029377,1.236044543,1.150303378,1.238607892,1.090987675,0.433367188,1.150303378,complete,CITY OF CHICAGO,Ward 40 Precinct 21,1,0,0,,0,0,0,639,426,284,177,133,89,0.02108,13.553539036048361,58,0.36828,25.580597319922134,109,0.57984,28.32580263568066,121,0.02918,15.95829778679313,68,0.00124,7.4067284418461385,32,0.00024,3.004123210959259,13,0.00014,2.924882606432651,12,CITY OF CHICAGO:WARD 40 PRECINCT 21,CITY OF CHICAGO:WARD 40 PRECINCT 21,CITY OF CHICAGO:WARD 40 PRECINCT 21,1.2,21.34388477,15.12125835,15.12125835,15.12125835,15.12125835,1.524911749,15.12125835,1.524911749,11.966546961592337,21.73037395897458,23.706025504290857,13.420994734205415,6.008273436110238,2.6019218504113972,2.333450042206083,13.8137136025604,26.18892835309975,29.042319425654636,16.326735473346787,7.544720623248606,3.038560374988699,2.9797968773817813,10.373656744892171,20.2302353078749,25.328084563352963,13.698908072483562,6.302466994539921,2.523955331384336,2.3867926761143403,0.2,0.3,1.0,1.000497386,1.5,1.8,1.4,1.0,1.000844583,419.375997,392.9901072,57.66230636,40.45657234,17.20573402,0.137495486,0.096468498,0.041026988,1696.14624,426,0.999999994,0.9999999999999992,0.0,0.0,False
CITY OF CHICAGO:WARD 46 PRECINCT 11,CITY OF CHICAGO:WARD 46 PRECINCT 11,CITY OF CHICAGO:Ward 46 Precinct 11,TRUE, ,, , ,,, ,,0.581125579,0.129096514,0.17988734,0.100050393,0.021601067,0.002369987,0.6305,0.2361,0.7639,0.2517,0.4814,0.0296,0.0103,0.2164,0.012369413,0.018363203,0.34575512,0.249358491,0.114615642,0.100594591,0.113361916,0.018251506,0.027330118,0.029282447,0.080761402,0.011367041,0.016789282,0.034185407,0.054789136,0.069891147,0.004187251,0.073095623,0.046014496,0.081112213,0.198079046,0.088632808,0.094704113,0.040416206,0.076692381,46011.0,0.274882326,0.282608696,184.0,0.144032922,486.0,0.681818182,924.0,34.9,74727,1350,1167,1.225314689,-0.361979146,0.822048067,1.169480228,0.673389297,0.71371596,0.695055719,1.008171423,0.673389297,complete,CITY OF CHICAGO,Ward 46 Precinct 11,1,0,0,,0,0,0,879,586,391,170,128,85,0.02102,13.50792882655179,79,0.3604,25.592842848109797,150,0.58748,28.42301870131625,167,0.02936,15.93701385654635,93,0.0013,7.398066256258459,43,0.00034,3.0418302638889205,18,0.0001,2.9358960479581633,17,CITY OF CHICAGO:WARD 46 PRECINCT 11,CITY OF CHICAGO:WARD 46 PRECINCT 11,CITY OF CHICAGO:WARD 46 PRECINCT 11,1.2,37.97433744,11.31990339,11.31990339,11.31990339,11.31990339,2.713072805,11.31990339,2.713072805,11.965528903480573,21.728599650422403,23.704346461795705,13.422728319635954,6.009000209235924,2.6008364219840168,2.333029704791606,13.81301600581346,26.18786222829455,29.041602347809338,16.3295773203822,7.5459415171755015,3.037366459473073,2.979408851332575,10.372638686780407,20.22846099932272,25.32640552085781,13.700641657914101,6.303193767665608,2.5228699029569555,2.386372338699863,0.2,0.3,1.0,1.000022824,1.5,1.8,1.4,1.0,1.000018777,499.7652912,461.7781149,71.85943664,56.83484736,15.02458928,0.143786369,0.113723078,0.030063291,2034.675218,586,1.0,0.47871473443888496,0.0,0.0,False
CITY OF CHICAGO:WARD 46 PRECINCT 13,CITY OF CHICAGO:WARD 46 PRECINCT 13,CITY OF CHICAGO:Ward 46 Precinct 13,TRUE, ,, , ,,, ,,0.654059431,0.14684,0.11709939,0.068062709,0.019250271,0.000766551,0.3358,0.2027,0.7973,0.2277,0.3,0.0007,0.0284,0.4418,0.062040413,0.065145583,0.22371666,0.327088816,0.061485469,0.106428845,0.086350036,0.016378549,0.051365629,0.091829708,0.087468422,0.031157602,0.057102969,0.019857996,0.025921228,0.014668975,0.006793898,0.015481388,0.045801586,0.123344195,0.052151012,0.105148898,0.030112092,0.209744821,0.083415209,46013.0,0.252537377,0.232758621,232.0,0.150515464,485.0,0.760736196,978.0,35.7,72637,1414,1297,1.130121313,-0.667977541,0.844800331,1.420543305,0.653339754,0.681871852,0.68592545,0.482537965,0.653339754,complete,CITY OF CHICAGO,Ward 46 Precinct 13,1,0,0,,0,0,0,408,272,181,197,148,99,0.02124,13.445401674322532,37,0.36444,25.59841990463286,70,0.58416,28.331001064515355,77,0.0285,15.930367401396555,43,0.00108,7.46017370484926,20,0.00048,3.0562385631798525,8,0.0001,2.9902746206974196,8,CITY OF CHICAGO:WARD 46 PRECINCT 13,CITY OF CHICAGO:WARD 46 PRECINCT 13,CITY OF CHICAGO:WARD 46 PRECINCT 13,1.2,38.80816518,11.12930875,11.12930875,11.12930875,11.12930875,2.772645546,11.12930875,2.772645546,11.966371687571574,21.730298321013834,23.704853719542054,13.422201546434604,6.00747016085516,2.60120263660721,2.3333022978809392,13.813791376491032,26.1894352595821,29.04159993622186,16.32859653305376,7.543916016522106,3.0377521590814758,2.979683449328335,10.373481470871408,20.23015966991415,25.32691277860416,13.70011488471275,6.301663719284844,2.5232361175801485,2.386644931789196,0.2,0.3,1.0,1.000011991,1.5,1.8,1.4,1.0,1.000012353,487.2903388,450.1134772,70.28934087,55.63978937,14.6495515,0.1442453,0.114182008,0.030063292,2350.276627,272,1.0,0.9999999999999996,0.0,0.0,False
CITY OF CHICAGO:WARD 46 PRECINCT 14,CITY OF CHICAGO:WARD 46 PRECINCT 14,CITY OF CHICAGO:Ward 46 Precinct 14,TRUE, ,, , ,,, ,,0.563675589,0.149484795,0.199547075,0.076455683,0.013631798,0.000640233,0.4298,0.2977,0.7023,0.3865,0.3026,0.0,0.0288,0.282,0.064527588,0.036080565,0.236382432,0.289142561,0.126181695,0.137045765,0.062994681,0.026263919,0.021380795,0.056528189,0.115086558,0.013696665,0.031062916,0.014523265,0.136611341,0.002108695,0.011556567,0.013355047,0.0461438,0.103903019,0.061509378,0.077703445,0.050981615,0.137215941,0.128013559,46014.0,0.205406933,0.094594595,148.0,0.16,250.0,0.772893773,546.0,36.5,68565,837,751,0.92933741,-1.51607998,0.878088919,1.459220389,0.432516835,0.437641684,0.520606282,0.65410502,0.432516835,complete,CITY OF CHICAGO,Ward 46 Precinct 14,1,0,0,,0,0,0,255,170,113,188,141,94,0.0201,13.521407925295776,23,0.36738,25.625321881955358,44,0.5807,28.34186698214679,48,0.03002,15.96891107875576,27,0.00144,7.364373172592131,13,0.00028,3.041634425209181,5,8e-05,2.9064647816133773,5,CITY OF CHICAGO:WARD 46 PRECINCT 14,CITY OF CHICAGO:WARD 46 PRECINCT 14,CITY OF CHICAGO:WARD 46 PRECINCT 14,1.2,48.40160649,8.936459495,8.936459495,8.936459495,8.936459495,3.458048017,8.936459495,3.458048017,11.96574899333743,21.72922580136907,23.703777826806014,13.423312220766302,6.007863251449484,2.6005092402006746,2.333041022542239,13.81337565505014,26.18882143079604,29.0411282884766,16.330410818144884,7.544606530538601,3.036988481859233,2.9794435254151783,10.372858776637264,20.229087150269386,25.32583688586812,13.701225559044449,6.302056809879168,2.5225427211736133,2.3863836564504957,0.2,0.3,1.0,1.000011892,1.5,1.8,1.4,1.0,1.000009492,214.8189662,198.6735534,30.59130843,24.13314326,6.458165161,0.142405063,0.112341772,0.030063291,2542.25187,170,1.0,1.0000000000000002,0.0,0.0,False
CITY OF CHICAGO:WARD 46 PRECINCT 16,CITY OF CHICAGO:WARD 46 PRECINCT 16,CITY OF CHICAGO:Ward 46 Precinct 16,TRUE, ,, , ,,, ,,0.551756769,0.101140536,0.200308539,0.138017533,0.025879564,0.001797239,0.536,0.2589,0.7411,0.2724,0.4497,0.0436,0.0014,0.2261,0.037185925,0.011205884,0.082867838,0.303522775,0.168657264,0.073887564,0.154074407,0.075734876,0.092863429,0.047226989,0.013016482,0.004277733,0.002233541,0.077209069,0.00683607,0.064301508,0.037118841,0.041637671,0.185642327,0.040016785,0.070750747,0.058199912,0.045156984,0.084005867,0.22236944,46016.0,-0.149099755,0.331034483,290.0,0.369863014,365.0,0.802968961,741.0,44.7,67684,1352,1213,-0.580922851,-0.064723563,1.614660892,1.554899042,0.850536754,0.63097838,1.047273257,0.848401999,0.850536754,complete,CITY OF CHICAGO,Ward 46 Precinct 16,1,0,0,,0,0,0,986,657,438,135,102,68,0.0245,13.833108815730466,91,0.43216,26.24942841351808,172,0.50886,27.14188051005465,178,0.03256,15.654503409312046,103,0.00138,7.3778812299128305,48,0.00044,3.7653476708660607,25,0.0001,2.885825988179497,19,CITY OF CHICAGO:WARD 46 PRECINCT 16,CITY OF CHICAGO:WARD 46 PRECINCT 16,CITY OF CHICAGO:WARD 46 PRECINCT 16,1.2,31.02546607,12.90826224,12.90826224,12.90826224,12.90826224,2.216611374,12.90826224,2.216611374,12.140171106520548,22.060389274559526,22.535314473369095,13.124704498220582,5.904278520258934,3.207847120615804,2.263760009348455,14.109569245806957,26.768093043233943,27.80256921225679,16.070742030785045,7.466713021259542,3.804123739671207,2.912964437267187,10.547280889820382,20.560250623459844,24.1573735324312,13.40261783649873,6.198472078688618,3.129880601588743,2.3171026432567117,0.2,0.3,1.0,1.000027248,1.5,1.8,1.4,1.0,1.000009121,960.4714362,890.636884,148.155501,124.4914374,23.66406364,0.154252896,0.129614929,0.024637967,3125.040344,657,0.999999964,1.0000000000000004,0.0,0.0,False
CITY OF CHICAGO:WARD 46 PRECINCT 19,CITY OF CHICAGO:WARD 46 PRECINCT 19,CITY OF CHICAGO:Ward 46 Precinct 19,TRUE, ,, , ,,, ,,0.431475888,0.119318094,0.306514016,0.129036389,0.027850273,0.001684754,0.3102,0.3233,0.6767,0.4139,0.2679,0.036,0.039,0.2348,0.088089717,0.098379678,0.186058085,0.19756608,0.146035501,0.175724724,0.078107199,0.018100308,0.011938708,0.095841893,0.072486125,0.049904449,0.039566537,0.026433507,0.048043093,0.017387674,0.014142947,0.037241563,0.0580786,0.139556391,0.098920899,0.055128964,0.025913016,0.11589352,0.105460824,46019.0,-0.040562001,0.348314607,178.0,0.20855615,374.0,0.757062147,708.0,40.8,64393,1237,1116,-0.118533107,0.041348298,1.048510084,1.408854997,0.711749387,0.595045068,0.80244239,0.86794259,0.711749387,complete,CITY OF CHICAGO,Ward 46 Precinct 19,1,0,0,,0,0,0,699,466,311,134,101,67,0.02272,13.67523168174799,64,0.39766,25.879764900423368,121,0.54708,27.77750275255538,129,0.03054,15.827225346659496,74,0.00142,7.407259863871609,35,0.00046,3.425177766478334,16,0.00012,2.9397231788300315,14,CITY OF CHICAGO:WARD 46 PRECINCT 19,CITY OF CHICAGO:WARD 46 PRECINCT 19,CITY OF CHICAGO:WARD 46 PRECINCT 19,1.2,36.40327737,11.6790131,11.6790131,11.6790131,11.6790131,2.600828573,11.6790131,2.600828573,12.050858980537427,21.890879520182402,23.125880997807393,13.277241822703623,5.957797380710862,2.8994097388627176,2.29847996568153,13.958339931070462,26.47246833723724,28.431412764139836,16.2048538514986,7.507853911497964,3.4134561026873533,2.9463898321492414,10.457968763837261,20.39074086908272,24.7479400568695,13.55515516098177,6.251990939140546,2.8214432198356563,2.351822599589787,0.2,0.3,1.0,1.000080349,1.5,1.8,1.4,1.0,1.000054181,131.3412183,117.6252064,24.93820399,20.98965477,3.948549224,0.189873402,0.159810112,0.030063291,2183.372932,466,1.0,1.0000000000000007,0.0,0.0,False
CITY OF CHICAGO:WARD 46 PRECINCT 22,CITY OF CHICAGO:WARD 46 PRECINCT 22,CITY OF CHICAGO:Ward 46 Precinct 22,TRUE, ,, , ,,, ,,0.409362527,0.118307738,0.371541553,0.094522614,0.013836048,0.003061623,0.2592,0.0433,0.9567,0.2758,0.4609,0.0156,0.031,0.1974,0.103258455,0.064793748,0.213393323,0.167857527,0.146141694,0.096788815,0.099345987,0.045980522,0.062439929,0.201775963,0.108245198,0.070733223,0.056280304,0.053276292,0.012100219,0.000377198,0.030083698,0.072478376,0.092403442,0.08114738,0.101552451,0.05267001,0.014737842,0.039239774,0.012898629,46022.0,0.399190531,0.182481752,137.0,0.385214008,257.0,0.824620573,593.0,41.7,34004,1061,925,1.754889302,-0.976595757,1.668539428,1.623779644,1.009018167,1.017653154,1.139195422,1.049147014,1.009018167,complete,CITY OF CHICAGO,Ward 46 Precinct 22,1,0,0,,0,0,0,618,412,275,138,104,69,0.02248,13.73211423778679,57,0.40706,25.987742943026802,107,0.5381,27.637499492878902,114,0.03014,15.835896241571913,65,0.0016,7.376974797343136,30,0.00038,3.4679388657668744,14,0.00024,2.889627083538055,12,CITY OF CHICAGO:WARD 46 PRECINCT 22,CITY OF CHICAGO:WARD 46 PRECINCT 22,CITY OF CHICAGO:WARD 46 PRECINCT 22,1.2,25.56089214,14.1573434,14.1573434,14.1573434,14.1573434,1.826195426,14.1573434,1.826195426,12.071451312308133,21.930407017838416,22.987870795222147,13.243816742864734,5.943676400946666,2.9695456201357944,2.2903153731838977,13.993527998514262,26.5418406040024,28.285469598098384,16.176674222666172,7.496446930401547,3.5022180262183538,2.9385973503795415,10.478561095607967,20.430268366738733,24.609929854284253,13.52173008114288,6.23786995937635,2.891579101108733,2.343658007092155,0.2,0.3,1.0,1.000058227,1.5,1.8,1.4,1.0,1.000030998,334.345354,309.572613,44.27880805,35.90772258,8.371085469,0.132434345,0.107397103,0.025037242,3115.633376,412,1.0,1.0,0.0,0.0,False
CITY OF CHICAGO:WARD 46 PRECINCT 23,CITY OF CHICAGO:WARD 46 PRECINCT 23,CITY OF CHICAGO:Ward 46 Precinct 23,TRUE, ,, , ,,, ,,0.417018258,0.124110684,0.238459171,0.211959888,0.026052651,0.00270143,0.362,0.3005,0.6995,0.3647,0.3188,0.0022,0.1229,0.182,0.071614346,0.056961671,0.196514866,0.199237689,0.123650962,0.195196243,0.090956782,0.034516818,0.031350623,0.062083385,0.113818881,0.037802164,0.098078328,0.032887119,0.028514709,0.016231207,0.025173919,0.03051708,0.066736141,0.12103643,0.120568105,0.061114181,0.035805171,0.090810361,0.05882282,46023.0,0.181529204,0.159574468,188.0,0.309904153,313.0,0.800362976,551.0,42.5,58225,849,729,0.827614124,-1.117209229,1.404218777,1.546608582,0.722968529,0.665308063,0.870750672,0.948341864,0.722968529,complete,CITY OF CHICAGO,Ward 46 Precinct 23,1,0,0,,0,0,0,575,383,255,145,109,73,0.02306,13.682541973433265,52,0.41382,26.095663404760217,100,0.53046,27.57715960558788,106,0.03072,15.822392433215626,61,0.00128,7.339312801696788,28,0.0006,3.5496199194263043,14,6e-05,2.920480662841711,11,CITY OF CHICAGO:WARD 46 PRECINCT 23,CITY OF CHICAGO:WARD 46 PRECINCT 23,CITY OF CHICAGO:WARD 46 PRECINCT 23,1.2,35.95017263,11.78258285,11.78258285,11.78258285,11.78258285,2.568456549,11.78258285,2.568456549,12.088784664873252,21.96225294180703,22.869728866387046,13.209445586380891,5.938270245884209,3.034553377096596,2.283180967986218,14.0227875315197,26.597725150863415,28.159087244099798,16.144744965996075,7.494551998122512,3.584260249245436,2.9316175904337296,10.495894448173086,20.462114290707348,24.491787925449152,13.487358924659038,6.232463804313893,2.9565868580695347,2.336523601894475,0.2,0.3,1.0,1.000168813,1.5,1.8,1.4,1.0,1.000098028,302.7640509,278.4751391,57.24284396,43.94275838,13.30008558,0.189067506,0.145138626,0.04392888,1964.860658,383,1.0,1.0000000000000004,0.0,0.0,False
CITY OF CHICAGO:WARD 47 PRECINCT 03,CITY OF CHICAGO:WARD 47 PRECINCT 03,CITY OF CHICAGO:Ward 47 Precinct 03,TRUE, ,, , ,,, ,,0.731094879,0.124165454,0.041005726,0.084543504,0.021216113,0.000378031,0.7011,0.2959,0.7041,0.4131,0.1987,0.0274,0.0027,0.3316,0.077021791,0.013870645,0.182865273,0.364550307,0.149957861,0.125052888,0.045796121,0.036759092,0.004126021,0.00719666,3.64e-10,5.95e-10,2.89e-10,0.020906423,0.033589168,0.028636697,0.0018421,0.005233934,0.114638103,0.106845827,0.166798189,0.109261749,0.130482326,0.142167362,0.132401462,47003.0,0.304662682,0.218604651,215.0,0.205333333,375.0,0.670454545,704.0,36.7,103275,961,885,1.352184195,-0.7548599,1.037198721,1.133328917,0.660464436,0.691962983,0.729511583,0.535229874,0.660464436,complete,CITY OF CHICAGO,Ward 47 Precinct 03,1,0,0,,0,0,0,641,427,285,202,152,101,0.02112,13.485656856681317,58,0.36432,25.60383168875292,109,0.58458,28.35779825088708,121,0.02812,15.935597835234718,68,0.0013,7.455643523469013,32,0.00044,3.0066735195901617,13,0.00012,2.937961969497848,13,CITY OF CHICAGO:WARD 47 PRECINCT 03,CITY OF CHICAGO:WARD 47 PRECINCT 03,CITY OF CHICAGO:WARD 47 PRECINCT 03,1.2,38.51090925,11.1972549,11.1972549,11.1972549,11.1972549,2.751408125,11.1972549,2.751408125,11.96659753465087,21.730453460801662,23.706142090487003,13.420874474925354,6.008272228247916,2.601995778996823,2.333473756044171,13.81374081763942,26.188955360327032,29.04237744798471,16.326542748298454,7.544698118636811,3.038642332886265,2.9798179045079745,10.373707317950704,20.23031480970198,25.32820114954911,13.6987878132035,6.3024657866776,2.524029259969762,2.3868163899524277,0.2,0.3,1.0,1.000249092,1.5,1.8,1.4,1.0,1.000619793,288.5662744,272.0620456,34.91203412,23.52744768,11.38458644,0.120984457,0.081532216,0.039452242,1561.388587,0,0.434735475,0.9999999999999994,0.0,0.0,False
CITY OF CHICAGO:WARD 47 PRECINCT 04,CITY OF CHICAGO:WARD 47 PRECINCT 04,CITY OF CHICAGO:Ward 47 Precinct 04,TRUE, ,, , ,,, ,,0.667433886,0.151569221,0.065387616,0.092218337,0.020887302,0.001364924,0.7329,0.4705,0.5295,0.4608,0.1663,0.0237,0.0,0.3366,0.048307231,0.018339263,0.185388646,0.271036741,0.182828043,0.158263561,0.048024755,0.058541172,0.029270585,0.011904387,2.49e-09,0.018314439,1.21e-09,0.013732708,0.032691704,0.038833711,0.012280898,0.021977326,0.070708798,0.096355255,0.098550733,0.089351758,0.152795249,0.177899373,0.164603656,47004.0,0.315362468,0.258333333,240.0,0.147679325,474.0,0.67251462,855.0,40.4,123684,1167,1086,1.397767147,-0.510990398,0.834846121,1.139882665,0.659084281,0.715376384,0.682978229,0.541831426,0.659084281,complete,CITY OF CHICAGO,Ward 47 Precinct 04,1,0,0,,0,0,0,867,578,385,194,146,97,0.02284,13.681711484110728,79,0.39368,25.864472435550844,149,0.5521,27.90530100715441,161,0.02988,15.785796813412642,91,0.00082,7.36578254572888,43,0.00044,3.342250213612131,19,0.00024,2.9341670525155306,17,CITY OF CHICAGO:WARD 47 PRECINCT 04,CITY OF CHICAGO:WARD 47 PRECINCT 04,CITY OF CHICAGO:WARD 47 PRECINCT 04,1.2,38.56841124,11.18411121,11.18411121,11.18411121,11.18411121,2.755516349,11.18411121,2.755516349,12.043749642658055,21.87712517382903,23.18961574519118,13.289619327129929,5.961592480795175,2.8698298937052926,2.302869089566542,13.944331359132233,26.4445616784264,28.49702627943156,16.21316848171739,7.509342628304525,3.375763676400814,2.950580626867762,10.450859425957889,20.376986522729347,24.811674804253286,13.567532665408075,6.2557860392248585,2.7918633746782313,2.3562117234747992,0.2,0.3,1.0,1.000255043,1.5,1.8,1.4,1.0,1.000411194,451.3639926,419.6713905,71.56393994,52.13944185,19.42449808,0.158550396,0.115515289,0.043035108,1728.23374,578,0.999999973,1.0000000000000002,0.0,0.0,False
CITY OF CHICAGO:WARD 48 PRECINCT 01,CITY OF CHICAGO:WARD 48 PRECINCT 01,CITY OF CHICAGO:Ward 48 Precinct 01,TRUE, ,, , ,,, ,,0.661027311,0.158000107,0.088808169,0.07044014,0.025884462,0.000934675,0.5865,0.5296,0.4704,0.3665,0.3035,0.0505,0.0054,0.2573,0.10626028,0.034698587,0.135801347,0.272316539,0.143684114,0.165724174,0.119292032,0.01400518,0.008217748,0.015713785,0.038312434,0.006355261,0.012074997,0.007626314,0.012307484,0.002470407,0.069796109,0.049314641,0.086106424,0.027783902,0.146437522,0.08890329,0.190050984,0.10284873,0.143897713,48001.0,-0.222361586,0.498007968,251.0,0.276752768,542.0,0.739726027,876.0,41.1,107227,1127,1062,-0.893031016,0.960222105,1.287864873,1.353703335,0.895279413,0.677189824,1.017414423,0.596236096,0.895279413,complete,CITY OF CHICAGO,Ward 48 Precinct 01,1,0,0,,0,0,0,840,560,373,134,101,67,0.02316,13.682533159042071,77,0.40228,25.987151877673398,146,0.542,27.708850779333048,155,0.0307,15.841516531611354,89,0.00112,7.396705955526358,41,0.00058,3.427358465868929,19,0.00016,2.9362983939412057,16,CITY OF CHICAGO:WARD 48 PRECINCT 01,CITY OF CHICAGO:WARD 48 PRECINCT 01,CITY OF CHICAGO:WARD 48 PRECINCT 01,1.2,29.40582243,13.27847708,13.27847708,13.27847708,13.27847708,2.100896093,13.27847708,2.100896093,12.059858249102628,21.907952258888912,23.082724324875,13.263158605171883,5.950856512852609,2.924657922957467,2.29658238771738,13.971670748928975,26.498329147507587,28.38389406323328,16.190547655862137,7.500709240164783,3.4450465526004086,2.9445773219834934,10.466968032402463,20.40781360778923,24.704783383937105,13.54107194345003,6.245050071282293,2.846691403930406,2.349925021625637,0.2,0.3,1.0,1.005338659,1.5,1.8,1.4,1.0,1.000740114,433.4562437,388.591458,102.1735099,76.78119163,25.3923183,0.235718164,0.177137122,0.058581042,2225.907351,560,1.0,0.9999999999999999,0.0,0.0,False
CITY OF CHICAGO:WARD 48 PRECINCT 07,CITY OF CHICAGO:WARD 48 PRECINCT 07,CITY OF CHICAGO:Ward 48 Precinct 07,TRUE, ,, , ,,, ,,0.686641516,0.140686267,0.059995548,0.091558263,0.014118535,0.001303392,0.5362,0.4349,0.5651,0.3451,0.3902,0.0043,0.0262,0.2233,0.09422136,0.04297043,0.140172013,0.257687762,0.165110405,0.106758547,0.100310864,0.055689266,0.037079353,0.030965618,0.015579042,0.019227315,0.009625173,0.005920192,0.02944728,0.023887863,0.042392505,0.023081552,0.06579388,0.053746401,0.195509109,0.146635899,0.055702398,0.10528036,0.177205412,48007.0,0.286910855,0.434628975,283.0,0.301204819,415.0,0.690751445,692.0,41.6,98059,906,846,1.276558319,0.571178154,1.373686072,1.197899753,1.11454335,1.104830574,1.168314449,0.383283689,1.11454335,complete,CITY OF CHICAGO,Ward 48 Precinct 07,1,0,0,,0,0,0,723,482,321,161,121,81,0.0259,13.93279171827839,67,0.4253,26.08916923251664,126,0.52132,27.304619749096847,132,0.02408,14.843377127001139,72,0.00262,7.956710957076984,38,0.00072,4.461411057786275,22,6e-05,2.6065581019435227,13,CITY OF CHICAGO:WARD 48 PRECINCT 07,CITY OF CHICAGO:WARD 48 PRECINCT 07,CITY OF CHICAGO:WARD 48 PRECINCT 07,1.2,22.35268963,14.89066779,14.89066779,14.89066779,14.89066779,1.596985713,14.89066779,1.596985713,12.34054303007343,22.108760405118666,22.82785160354626,12.43484108083265,6.483816118098729,3.7727535787488655,2.022687868574862,14.234576627516518,26.582584813638885,27.88602928122222,15.078139899436628,8.103154209235493,4.457428646930145,2.5928612523007777,10.747652813373264,20.608621754018984,24.449910662608367,12.712754419110796,6.778009676528413,3.694787059721804,2.0760305024831194,0.2,0.3,1.0,1.002242445,1.5,1.8,1.4,1.0,1.00094994,314.1051123,278.9273463,75.66168973,57.25082653,18.4108632,0.24088016,0.182266459,0.058613701,1605.586381,482,1.0,0.7754753976793337,0.22452460232066648,0.0,False
CITY OF CHICAGO:WARD 48 PRECINCT 21,CITY OF CHICAGO:WARD 48 PRECINCT 21,CITY OF CHICAGO:Ward 48 Precinct 21,TRUE, ,, , ,,, ,,0.364733985,0.132803925,0.31281453,0.188943297,0.029036808,0.000595829,0.2734,0.099,0.901,0.368,0.4353,0.0156,0.091,0.084,0.066983324,0.10089024,0.131368015,0.210661076,0.101768781,0.193834017,0.129381505,0.039585445,0.025527596,0.135768922,0.239984387,0.115334138,0.085577353,0.04018448,0.031426991,0.039858769,0.016732678,0.029163296,0.059130537,0.078337703,0.02879899,0.036446413,0.014426701,0.034007715,0.014820925,48021.0,0.399011289,0.192,250.0,0.358600583,343.0,0.790378007,582.0,45.7,20521,1008,861,1.7541257,-0.918169193,1.575132293,1.514843249,0.963583671,0.981483012,1.082313528,0.997704572,0.963583671,complete,CITY OF CHICAGO,Ward 48 Precinct 21,1,0,0,,0,0,0,737,491,327,162,122,81,0.02978,14.233462536402492,70,0.52442,27.054067159960717,133,0.41086,25.654777341506048,126,0.03236,15.401380433168764,76,0.00134,7.235503540918767,36,0.00106,4.805196913918763,24,0.00018,2.820021013119095,14,CITY OF CHICAGO:WARD 48 PRECINCT 21,CITY OF CHICAGO:WARD 48 PRECINCT 21,CITY OF CHICAGO:WARD 48 PRECINCT 21,1.2,27.04906865,13.81717905,13.81717905,13.81717905,13.81717905,1.932518051,13.81717905,1.932518051,12.373262882394364,22.503397591323047,20.970328694005847,12.727303236254535,5.7641921203380315,4.019052060348345,2.170855127115046,14.511971713079879,27.55606579256367,26.11919045989196,15.721212860731402,7.359306831401966,4.844527589577398,2.8224994830344063,10.780372665694198,21.003258940223365,22.592387753067953,13.005216574532682,6.058385678767715,3.9410855413212835,2.224197761023303,0.2,0.3,1.0,1.000315601,1.5,1.8,1.4,1.0,1.000138115,454.3331971,421.1422597,81.86084284,63.65583377,18.20500907,0.180177991,0.14010826,0.040069731,3762.619828,491,1.0,0.9999999999999999,0.0,0.0,False
CITY OF CHICAGO:WARD 48 PRECINCT 25,CITY OF CHICAGO:WARD 48 PRECINCT 25,CITY OF CHICAGO:Ward 48 Precinct 25,TRUE, ,, , ,,, ,,0.691542659,0.118714084,0.08449691,0.095348151,0.022530404,0.00129684,0.4469,0.3575,0.6425,0.4162,0.3447,0.0491,0.0139,0.1473,0.057347736,0.067235842,0.275038723,0.155859867,0.209292321,0.052864343,0.127147666,0.034116912,0.02109659,0.01810897,0.016788917,0.015468861,1.71e-09,0.057283096,0.078348259,0.023547228,3.21e-09,0.131039015,0.080988369,0.118684399,0.148144017,0.022227182,0.015468861,0.107649835,0.166252987,48025.0,0.087031517,0.422018349,218.0,0.228235294,425.0,0.674351585,694.0,40.0,69912,962,903,0.425037512,0.493769418,1.117579453,1.145726629,0.864782447,0.795528253,0.929192687,0.412743007,0.864782447,complete,CITY OF CHICAGO,Ward 48 Precinct 25,1,0,0,,0,0,0,762,508,339,119,90,60,0.02182,13.651424308462095,69,0.3917,25.846641459603205,131,0.55434,27.90266428909557,142,0.03024,15.890664262084474,81,0.00124,7.42368436620533,38,0.00054,3.278993351135832,17,0.00012,2.879152211824925,15,CITY OF CHICAGO:WARD 48 PRECINCT 25,CITY OF CHICAGO:WARD 48 PRECINCT 25,CITY OF CHICAGO:WARD 48 PRECINCT 25,1.2,30.50341284,13.0275921,13.0275921,13.0275921,13.0275921,2.179313331,13.0275921,2.179313331,12.03448108116492,21.859521919685577,23.250118645684594,13.305334796563702,5.967275328180091,2.8381465143806563,2.3063948273623893,13.928787074439375,26.414173187210693,28.56124252432373,16.22699630558597,7.513802444775401,3.3358149666600956,2.953958227285393,10.441590864464754,20.359383268585894,24.8721777047467,13.583248134841849,6.261468886609775,2.760179995353595,2.359737461270646,0.2,0.3,1.0,1.021779331,1.5,1.8,1.4,1.0,1.000969012,301.2435699,279.2192636,50.65590452,34.50474659,16.15115793,0.168155969,0.114541023,0.053614947,1375.99997,508,1.0,1.0000000000000004,0.0,0.0,False
CITY OF CHICAGO:WARD 48 PRECINCT 28,CITY OF CHICAGO:WARD 48 PRECINCT 28,CITY OF CHICAGO:Ward 48 Precinct 28,TRUE, ,, , ,,, ,,0.605953354,0.194380082,0.0966877,0.091581316,0.021263417,0.00038292,0.6136,0.4741,0.5259,0.4184,0.2853,0.0313,0.0148,0.247,0.062323363,0.039151743,0.184195469,0.271056201,0.158818646,0.12734517,0.103000668,0.033730133,0.020378607,0.005984441,5.35e-10,0.022940357,0.008322788,0.037152512,1.08e-09,5.54e-11,0.018114777,0.010607315,0.026619643,0.05142655,0.223456818,0.193931962,0.110373124,0.127349668,0.163720042,48028.0,0.288988266,-0.068376068,234.0,0.193650794,315.0,0.874782609,575.0,38.7,112295,784,719,1.285408451,-2.516454831,0.996195637,1.783360891,0.358206256,0.387127537,0.480019876,0.634031683,0.358206256,complete,CITY OF CHICAGO,Ward 48 Precinct 28,1,0,0,,0,0,0,509,339,226,159,120,80,0.03508,14.5109625148731,49,0.44514,26.072809090457838,88,0.5019,26.704960643340968,91,0.01078,12.028576944363339,41,0.00484,9.651093777370939,33,0.0022,6.732469980258586,23,6e-05,1.7252386925064447,6,CITY OF CHICAGO:WARD 48 PRECINCT 28,CITY OF CHICAGO:WARD 48 PRECINCT 28,CITY OF CHICAGO:WARD 48 PRECINCT 28,1.2,51.70690196,8.180941798,8.180941798,8.180941798,8.180941798,3.694194527,8.180941798,3.694194527,13.02572685438749,22.483841882615,22.7667203806333,10.293255865344985,8.02680885766219,5.798131521432794,1.2971730598564304,14.780986709779617,26.485394090645407,27.19516333165652,12.200103135108453,9.773992388525102,6.782087895708999,1.7170471788565642,11.432836637687323,20.983703231515317,24.388779439695405,10.571169203623132,8.321002416091872,5.720165002405733,1.3505156937646874,0.2,0.3,1.0,1.004636212,1.5,1.8,1.4,1.0,1.001353568,274.5621694,245.7362082,65.62506068,49.47434477,16.15071592,0.239017126,0.180193596,0.05882353,1187.157943,339,1.0,0.14927994219663437,0.8507200578033657,0.0,False
CITY OF CHICAGO:WARD 48 PRECINCT 30,CITY OF CHICAGO:WARD 48 PRECINCT 30,CITY OF CHICAGO:Ward 48 Precinct 30,TRUE, ,, , ,,, ,,0.756118092,0.099253241,0.054272242,0.074274914,0.010773761,7.41e-11,0.376,0.4469,0.5531,0.4209,0.3799,0.0,0.0356,0.1359,0.094899894,0.031285214,0.247995042,0.157513566,0.071467048,0.107618111,0.231437132,0.024563604,0.03322039,0.028868639,0.070227941,9.24e-10,8.56e-10,2.33e-09,0.045246608,0.016123092,0.133286409,0.116908445,0.089935771,0.04284089,0.140408198,0.092596366,0.053659221,0.059840431,0.110057984,48030.0,-0.041161349,0.324561404,228.0,0.083900227,441.0,0.667721519,632.0,43.6,59934,819,755,-0.121086434,-0.104457742,0.610995834,1.1246343,0.450729716,0.37752149,0.497424585,0.083004897,0.450729716,complete,CITY OF CHICAGO,Ward 48 Precinct 30,1,0,0,,0,0,0,770,513,342,122,92,61,0.02436,13.841402855006358,71,0.42218,26.14744900288335,134,0.51946,27.383028018188455,140,0.03166,15.809647531695898,81,0.0014,7.306858620931131,37,0.00078,3.6419383561882133,19,0.00016,2.923487975991147,15,CITY OF CHICAGO:WARD 48 PRECINCT 30,CITY OF CHICAGO:WARD 48 PRECINCT 30,CITY OF CHICAGO:WARD 48 PRECINCT 30,1.2,47.59249377,9.121404831,9.121404831,9.121404831,9.121404831,3.400241038,9.121404831,3.400241038,12.116933115990816,22.016359881527887,22.703653229885596,13.16589668407836,5.916452867376461,3.1220583333935865,2.2742350540576233,14.068474922359318,26.68768401316116,27.98080526630428,16.105457301191098,7.4743154561178535,3.6949492126336123,2.9230885585133457,10.52404289929065,20.516221230428204,24.325712288947702,13.443810022356507,6.210646425806145,3.044091814366525,2.3275776879658805,0.2,0.3,1.0,1.011357243,1.5,1.8,1.4,1.0,1.000901793,301.613181,279.5618517,50.71805739,34.54708279,16.1709746,0.168155971,0.114541025,0.053614947,1179.110627,513,1.0,0.9999999999999997,0.0,0.0,False
CITY OF CHICAGO:WARD 48 PRECINCT 31,CITY OF CHICAGO:WARD 48 PRECINCT 31,CITY OF CHICAGO:Ward 48 Precinct 31,TRUE, ,, , ,,, ,,0.629137565,0.155579539,0.103789664,0.095104353,0.031600481,0.000454296,0.481,0.521,0.479,0.3258,0.3583,0.0066,0.0262,0.268,0.109232203,0.038991888,0.160433286,0.276603945,0.165434133,0.135103784,0.089168813,0.015602293,0.009429656,0.00631461,3.21e-09,0.033460806,0.02541726,0.016337876,0.011802365,3.59e-09,0.070764024,2.85e-09,0.062553293,0.070646995,0.192729657,0.141218753,0.110597954,0.14764203,0.110514367,48031.0,0.130147696,0.009174312,218.0,0.205633803,355.0,0.776377953,635.0,38.5,101766,808,743,0.608719947,-2.040421609,1.038253303,1.470304664,0.312167412,0.269214076,0.465975257,0.51934322,0.312167412,complete,CITY OF CHICAGO,Ward 48 Precinct 31,1,0,0,,0,0,0,591,394,263,166,125,83,0.02248,13.567207375879613,53,0.3773,25.72394432197427,101,0.5687,28.114929145428224,111,0.02972,15.92812839105902,63,0.00128,7.361979897425576,29,0.00038,3.2385765787299152,13,0.00014,2.9341718093563895,12,CITY OF CHICAGO:WARD 48 PRECINCT 31,CITY OF CHICAGO:WARD 48 PRECINCT 31,CITY OF CHICAGO:WARD 48 PRECINCT 31,1.2,53.74600242,7.714848371,7.714848371,7.714848371,7.714848371,3.83987786,7.714848371,3.83987786,12.000215236914283,21.79442004643373,23.47760680251916,13.363645246648975,5.9880166031159625,2.719732210790596,2.3198014205486563,13.870968358337775,26.301073025326524,28.801888598203995,16.27772074827394,7.529671453068335,3.1866714055965053,2.9667811414735863,10.407325020214117,20.294281395334046,25.099665861581265,13.641558584927122,6.282210161545646,2.641765691763535,2.3731440544569136,0.2,0.3,1.0,1.00289843,1.5,1.8,1.4,1.0,1.000659055,275.8660018,246.903153,65.93669832,49.70928663,16.22741169,0.239017124,0.180193595,0.058823529,1248.803596,394,1.0,1.0,0.0,0.0,False
CITY OF CHICAGO:WARD 48 PRECINCT 34,CITY OF CHICAGO:WARD 48 PRECINCT 34,CITY OF CHICAGO:Ward 48 Precinct 34,TRUE, ,, , ,,, ,,0.641613194,0.192483961,0.08890926,0.065994503,0.012832265,1.6e-10,0.5774,0.5315,0.4685,0.6767,0.1772,0.0109,0.042,0.0814,0.092419523,0.043613709,0.125649019,0.389408083,0.092938739,0.099688476,0.132398751,0.010903429,0.012980271,3.21e-09,0.040682415,2.52e-09,0.023622048,0.015748032,0.013123362,0.032808399,0.014435696,4.13e-09,0.05511811,0.08136483,0.018372712,0.297900243,0.073490811,0.124671913,0.208661418,48034.0,0.162779445,0.401960784,204.0,0.182432432,296.0,0.780991736,484.0,37.0,117181,632,564,0.747736883,0.370648586,0.95682171,1.484982562,0.910955918,0.890047435,0.924310773,0.324333942,0.910955918,complete,CITY OF CHICAGO,Ward 48 Precinct 34,1,0,0,,0,0,0,570,380,253,156,117,78,0.0194,13.544512109226572,51,0.36574,25.638605505720825,97,0.58198,28.369245709697932,108,0.03106,15.95930992303885,61,0.00136,7.3758331193291475,28,0.00042,3.042776935608689,12,4e-05,2.9330929893838946,11,CITY OF CHICAGO:WARD 48 PRECINCT 34,CITY OF CHICAGO:WARD 48 PRECINCT 34,CITY OF CHICAGO:WARD 48 PRECINCT 34,1.2,28.85240016,13.40497721,13.40497721,13.40497721,13.40497721,2.061356893,13.40497721,2.061356893,11.966573055311134,21.730637417457416,23.705231356092124,13.421811799196929,6.007374293396174,2.6014447871601853,2.33338932671884,13.813919147682816,26.189610511392576,29.0417725162312,16.327963671974405,7.543726884396852,3.0380193956827126,2.9797626029201076,10.373682838610968,20.230498766357734,25.32729041515423,13.699725137475076,6.301567851825857,2.523478268133124,2.3867319606270967,0.2,0.3,1.0,1.025538087,1.5,1.8,1.4,1.0,1.00191008,306.4543816,284.0491061,51.53213351,35.10159815,16.43053536,0.168155969,0.114541022,0.053614947,1925.999912,380,1.0,1.0,0.0,0.0,False
CITY OF CHICAGO:WARD 48 PRECINCT 35,CITY OF CHICAGO:WARD 48 PRECINCT 35,CITY OF CHICAGO:Ward 48 Precinct 35,TRUE, ,, , ,,, ,,0.644500099,0.156435465,0.081521572,0.101358034,0.025378525,0.001747784,0.6622,0.5497,0.4503,0.4047,0.2159,0.0792,0.0358,0.2521,0.120447027,0.036046022,0.135050859,0.23414911,0.132023875,0.206259979,0.079083747,0.0249251,0.032014281,0.020920235,3.32e-09,6.67e-10,0.022311843,0.023152552,2.05e-09,1.56e-09,0.00750894,0.00625745,0.037152176,0.038300969,0.153521529,0.096149719,0.076228582,0.111914299,0.406581699,48035.0,0.480195117,0.111111111,126.0,0.03777336,503.0,0.615384615,780.0,43.3,158263,951,866,2.099982953,-1.414695431,0.449100906,0.958134112,0.35804243,0.523130635,0.343236485,0.703563083,0.35804243,complete,CITY OF CHICAGO,Ward 48 Precinct 35,1,0,0,,0,0,0,953,635,423,154,116,77,0.02376,13.719136678751582,87,0.41868,26.10289507377927,166,0.52488,27.49990625983051,175,0.0306,15.75459404754311,100,0.0013,7.297032366704956,46,0.0006,3.611378202916908,23,0.00018,2.929168786169926,19,CITY OF CHICAGO:WARD 48 PRECINCT 35,CITY OF CHICAGO:WARD 48 PRECINCT 35,CITY OF CHICAGO:WARD 48 PRECINCT 35,1.2,51.71417851,8.179278538,8.179278538,8.179278538,8.179278538,3.6947144,8.179278538,3.6947144,12.109546885554023,22.002182457038007,22.749147406718617,13.177565354144544,5.921902692965677,3.098335249161768,2.2767710597377135,14.056268125092439,26.663655492537302,28.029482424778852,16.115800028938004,7.479166299295555,3.664889270575459,2.925513089063067,10.516656668853857,20.502043805938325,24.371206465780723,13.455478692422691,6.216096251395361,3.020368730134707,2.3301136936459703,0.2,0.3,1.0,1.010435087,1.5,1.8,1.4,1.0,1.001655113,525.6416396,480.0665093,104.2720646,74.92240367,29.34966089,0.198371013,0.142535138,0.055835875,1830.164575,635,1.0,0.9999999999999996,0.0,0.0,False
CITY OF CHICAGO:WARD 49 PRECINCT 02,CITY OF CHICAGO:WARD 49 PRECINCT 02,CITY OF CHICAGO:Ward 49 Precinct 02,TRUE, ,, , ,,, ,,0.509879982,0.123193231,0.2996313,0.063365632,0.028604525,0.001669104,0.4251,0.3625,0.6375,0.5174,0.2491,0.0105,0.0137,0.1966,0.059408297,0.048631021,0.13744029,0.176816427,0.122008391,0.213320607,0.076193514,0.108430638,0.057750774,0.030943097,0.022021916,0.046711282,0.024013021,0.105615043,0.00111581,0.030372574,0.0150005,0.046006395,0.074592499,0.102303117,0.173561536,0.098994301,0.069606854,0.080416286,0.078725728,49002.0,0.217901146,0.436619718,142.0,0.105413105,351.0,0.798192771,664.0,50.2,75188,1011,885,0.982564934,0.583398079,0.686501196,1.539704476,0.918435798,0.948042171,0.866127603,0.613481345,0.918435798,complete,CITY OF CHICAGO,Ward 49 Precinct 02,1,0,0,,0,0,0,798,532,355,140,105,70,0.03104,14.278751358424884,76,0.52874,27.107161840434596,144,0.40456,25.612542308399366,136,0.03282,15.470548904089041,82,0.00162,7.212360669919404,38,0.00106,4.8048299418815255,26,0.00016,2.763293115708886,15,CITY OF CHICAGO:WARD 49 PRECINCT 02,CITY OF CHICAGO:WARD 49 PRECINCT 02,CITY OF CHICAGO:WARD 49 PRECINCT 02,1.5,28.5909495,13.46473907,13.46473907,13.46473907,13.46473907,2.042677577,13.46473907,2.042677577,12.375151390891775,22.507849543624562,20.968985946523397,12.728674264387354,5.758155851849343,4.018377405498739,2.171254230338631,14.514298500329758,27.56161409392666,26.117487903804175,15.722893824621053,7.3518051597490555,4.843683952973786,2.8229912948761844,10.782261174191609,21.00771089252488,22.591045005585503,13.006587602665501,6.052349410279027,3.9404108864716774,2.224596864246888,0.2,0.3,1.0,2.033115494,1.5,1.8,1.4,1.0,1.001493365,330.8441175,311.1074743,42.94726713,31.26148793,11.68577919,0.129811186,0.094490082,0.035321103,3166.772518,532,0.999999961,1.0,0.0,0.0,False
CITY OF CHICAGO:WARD 49 PRECINCT 03,CITY OF CHICAGO:WARD 49 PRECINCT 03,CITY OF CHICAGO:Ward 49 Precinct 03,TRUE, ,, , ,,, ,,0.476728993,0.162883737,0.310970206,0.063846038,0.01457074,0.002568709,0.4627,0.3632,0.6368,0.4345,0.3277,0.0641,0.0113,0.1624,0.048118292,0.038204195,0.125577197,0.14942784,0.076821527,0.203955857,0.159802489,0.112187626,0.085904968,0.004578753,0.07579737,0.020695851,0.13057108,0.018593307,0.039697234,0.016567254,0.051712957,0.048670288,0.10720374,0.086377072,0.119196454,0.06602583,0.052464302,0.068224619,0.093623882,49003.0,0.36246187,0.300411523,243.0,0.188405797,483.0,0.759116022,905.0,54.5,58686,1330,1170,1.598418807,-0.252698739,0.977786877,1.415389021,0.872660799,0.934723991,0.881273376,0.900925308,0.872660799,complete,CITY OF CHICAGO,Ward 49 Precinct 03,1,0,0,,0,0,0,1139,759,506,149,112,75,0.03084,14.310564756743593,109,0.52832,27.108258797460273,206,0.40554,25.623462981117957,194,0.0326,15.453572714488164,117,0.00164,7.170624188008942,54,0.0009,4.806895892940015,36,0.00016,2.771374643505873,21,CITY OF CHICAGO:WARD 49 PRECINCT 03,CITY OF CHICAGO:WARD 49 PRECINCT 03,CITY OF CHICAGO:WARD 49 PRECINCT 03,1.331691232,30.21724061,13.09300476,13.09300476,13.09300476,13.09300476,2.158867785,13.09300476,2.158867785,12.375075456092787,22.507725259264916,20.968829764286664,12.728835413647992,5.758177512586843,4.018277782951067,2.1712202357069312,14.514255388837483,27.561563227045223,26.11740119654838,15.72315552463563,7.351860748760933,4.843578992256573,2.8229596521964453,10.782185239392621,21.007586608165234,22.59088882334877,13.006748751926139,6.052371071016527,3.9403112639240057,2.2245628696151885,0.2,0.3,1.0,1.495947163,1.5,1.8,1.4,1.0,1.001368314,475.3112545,448.8217734,58.97658047,44.48233602,14.49424445,0.124079916,0.093585699,0.030494217,2606.220653,759,0.999999992,1.0,0.0,0.0,False
CITY OF CHICAGO:WARD 49 PRECINCT 08,CITY OF CHICAGO:WARD 49 PRECINCT 08,CITY OF CHICAGO:Ward 49 Precinct 08,TRUE, ,, , ,,, ,,0.447309086,0.278283138,0.179956168,0.083872854,0.035819997,0.003645006,0.432,0.3485,0.6515,0.3457,0.3028,0.0661,0.0582,0.2092,0.122110578,0.085004715,0.188592523,0.18961683,0.187335545,0.112512545,0.072392928,0.031801367,0.010632969,0.047755731,0.063931415,0.052652497,0.03365627,0.035617255,0.036187417,0.05659668,0.030413861,0.052849712,0.071178315,0.125689549,0.125810375,0.089471941,0.039776967,0.05158533,0.086826685,49008.0,0.358688541,0.303797468,158.0,0.367601246,642.0,0.817658349,1042.0,40.5,62287,1465,1368,1.582343768,-0.231914543,1.606722595,1.601630615,1.142133492,1.139695609,1.235538889,1.095741887,1.142133492,complete,CITY OF CHICAGO,Ward 49 Precinct 08,1,0,0,,0,0,0,978,652,435,161,121,81,0.02162,13.677694540248186,89,0.39422,25.880519242935286,169,0.55134,27.84485977132134,182,0.0307,15.83327480091751,103,0.00154,7.3755896503710225,48,0.0004,3.40867777111084,22,0.00018,2.9580334904877312,19,CITY OF CHICAGO:WARD 49 PRECINCT 08,CITY OF CHICAGO:WARD 49 PRECINCT 08,CITY OF CHICAGO:WARD 49 PRECINCT 08,1.2,21.57089776,15.06936818,15.06936818,15.06936818,15.06936818,1.54113067,15.06936818,1.54113067,12.045449258229205,21.880652647397614,23.172692281769283,13.287543915281372,5.959792994960978,2.8766223856108133,2.3016661459908185,13.947975193067801,26.45213543032271,28.479979122395648,16.21264880091943,7.508069935911189,3.3845089120727243,2.9494573355911475,10.452559041529039,20.380513996297932,24.79475134083139,13.565457253559519,6.253986553390662,2.798655866583752,2.3550087798990758,0.2,0.3,1.0,1.061157724,1.5,1.8,1.4,1.0,1.002127207,492.1447306,461.6965716,64.49685546,40.90484113,23.59201433,0.131052618,0.083115471,0.047937147,3632.161615,652,1.0,0.9999999999999994,0.0,0.0,False
CITY OF CHICAGO:WARD 49 PRECINCT 09,CITY OF CHICAGO:WARD 49 PRECINCT 09,CITY OF CHICAGO:Ward 49 Precinct 09,TRUE, ,, , ,,, ,,0.360912359,0.321301878,0.232088829,0.075808071,0.037403019,0.002381731,0.2933,0.2226,0.7774,0.4352,0.3239,0.0195,0.0391,0.1347,0.158788475,0.112936485,0.147843562,0.205275308,0.174202592,0.092427781,0.080139389,0.027192622,0.001193786,0.050933719,0.040956051,0.02701408,0.031768385,0.057186734,0.063971475,0.045968894,0.060982928,0.047437412,0.115699879,0.097749296,0.133229022,0.085158805,0.049352935,0.034456902,0.058133484,49009.0,0.471287647,0.346341463,205.0,0.406504065,492.0,0.829834254,905.0,39.0,56377,1362,1189,2.062035578,0.029236402,1.743262739,1.640366007,1.336847898,1.368725182,1.411755409,0.970119003,1.336847898,complete,CITY OF CHICAGO,Ward 49 Precinct 09,1,0,0,,0,0,0,894,596,397,192,144,96,0.02244,13.641743860581073,81,0.38052,25.756543928748144,154,0.56552,28.072035758714755,167,0.0296,15.900937027005831,95,0.0013,7.35969560974868,44,0.00052,3.173687555353924,19,0.0001,2.9575432011059846,18,CITY OF CHICAGO:WARD 49 PRECINCT 09,CITY OF CHICAGO:WARD 49 PRECINCT 09,CITY OF CHICAGO:WARD 49 PRECINCT 09,1.208209701,16.70030265,16.18267888,16.18267888,16.18267888,16.18267888,1.193151481,16.18267888,1.193151481,12.011096144358396,21.81550822527501,23.39961577701036,13.346435921998246,5.980154062366736,2.757861305139998,2.3150007799091616,13.890142563718266,26.339175102298736,28.720485015210937,16.264312534617325,7.523573483417236,3.234850140315262,2.9622358907029134,10.41820592765823,20.315369574175328,25.021674836072467,13.624349260276393,6.27434762079642,2.6798947861129365,2.3683434138174184,0.2,0.3,1.0,1.178293066,1.5,1.8,1.4,1.0,1.004093175,621.0448544,579.1458045,80.9491157,49.08037446,31.86874124,0.130343429,0.079028711,0.051314717,4034.25927,596,1.0,1.0000000000000004,0.0,0.0,False
CITY OF CHICAGO:WARD 49 PRECINCT 10,CITY OF CHICAGO:WARD 49 PRECINCT 10,CITY OF CHICAGO:Ward 49 Precinct 10,TRUE, ,, , ,,, ,,0.354837097,0.309683352,0.262230276,0.067017506,0.048998773,0.001745009,0.344,0.483,0.517,0.5695,0.0913,0.0157,0.0421,0.2695,0.127852535,0.118097896,0.148873194,0.165636331,0.144238893,0.120108071,0.105416022,0.069443875,0.000333183,0.033922193,0.012969253,0.01722617,0.029668657,0.054717713,0.117581476,0.02831692,0.068742337,0.035834339,0.084884093,0.094956354,0.168840138,0.059241752,0.0494675,0.045775855,0.09785525,49010.0,0.491310638,0.452054795,219.0,0.121661721,337.0,0.736334405,622.0,43.2,62549,933,818,2.147337009,0.678144351,0.743530184,1.342913516,1.087600583,1.227981265,0.990710366,0.844291141,1.087600583,complete,CITY OF CHICAGO,Ward 49 Precinct 10,1,0,0,,0,0,0,726,484,323,172,129,86,0.02928,14.137094501645006,68,0.45084,26.29176664589744,127,0.4954,26.89362534638836,130,0.02104,14.242616931286367,69,0.00214,8.259140089097905,40,0.00112,5.029682307862959,24,0.00018,2.3548430264019466,11,CITY OF CHICAGO:WARD 49 PRECINCT 10,CITY OF CHICAGO:WARD 49 PRECINCT 10,CITY OF CHICAGO:WARD 49 PRECINCT 10,1.232637715,23.13884272,14.71097052,14.71097052,14.71097052,14.71097052,1.653152343,14.71097052,1.653152343,12.504067391224744,22.262255399112956,22.496395558965187,11.992317074538569,6.716417819292096,4.280807703603963,1.8798447606114423,14.410936835993274,26.7254076095748,27.431101594633933,14.512778719440483,8.3719508690855,5.067958128779189,2.4146409727734817,10.911177174524578,20.762116748013273,24.118454618027293,12.270230412816716,7.01061137772178,4.202841184576902,1.9331873945196993,0.2,0.3,1.0,1.218287718,1.5,1.8,1.4,1.0,1.00821719,504.4294818,488.7926535,55.75593317,39.12139041,16.63454276,0.110532662,0.077555718,0.032976944,2316.066795,484,1.0,0.6688310488888572,0.33116895111114253,0.0,False
CITY OF CHICAGO:WARD 49 PRECINCT 11,CITY OF CHICAGO:WARD 49 PRECINCT 11,CITY OF CHICAGO:Ward 49 Precinct 11,TRUE, ,, , ,,, ,,0.313048503,0.262384607,0.325841673,0.089591897,0.030076546,0.002177413,0.2601,0.4533,0.5467,0.6307,0.1698,0.0146,0.0551,0.1169,0.135191698,0.126839496,0.142315389,0.140610535,0.169985654,0.136469792,0.089210716,0.037488399,0.021888322,0.045138839,0.018825562,0.053444345,0.031961057,0.022826888,0.040029833,0.074028608,0.046405178,0.032434569,0.073044332,0.101776848,0.147954694,0.067190675,0.114843909,0.055326218,0.074768443,49011.0,0.422433108,0.441048035,229.0,0.147632312,359.0,0.778097983,694.0,43.9,69117,1082,929,1.85390673,0.610580744,0.834681116,1.475776622,1.091813742,1.193736303,1.020002704,0.799622046,1.091813742,complete,CITY OF CHICAGO,Ward 49 Precinct 11,1,0,0,,0,0,0,720,480,320,138,104,69,0.02548,13.736705361244583,66,0.42102,26.178006068426175,126,0.52102,27.37512435980136,131,0.03058,15.715081408180929,75,0.00116,7.3984953267369455,36,0.0006,3.717605988461252,18,0.00014,2.872664290682372,14,CITY OF CHICAGO:WARD 49 PRECINCT 11,CITY OF CHICAGO:WARD 49 PRECINCT 11,CITY OF CHICAGO:WARD 49 PRECINCT 11,1.5,23.01442271,14.73941019,14.73941019,14.73941019,14.73941019,1.644263168,14.73941019,1.644263168,12.121889965917221,22.026237325725486,22.654405730755467,13.15810413309008,5.9130038033995165,3.1433440655963576,2.270717636802101,14.07898251952542,26.70901820021869,27.9304453907047,16.101511368121535,7.47267806763919,3.7224000660496332,2.9197391180214947,10.528999749217055,20.526098674625803,24.276464789817574,13.436017471368226,6.2071973618292,3.0653775465692963,2.324060270710358,0.2,0.3,1.0,1.631871465,1.5,1.8,1.4,1.0,1.017510099,466.0240678,452.3043753,35.8200504,24.45079022,11.36926018,0.076863091,0.052466797,0.024396294,3337.576457,480,1.0,0.9999999999999997,0.0,0.0,False
CITY OF CHICAGO:WARD 49 PRECINCT 12,CITY OF CHICAGO:WARD 49 PRECINCT 12,CITY OF CHICAGO:Ward 49 Precinct 12,TRUE, ,, , ,,, ,,0.247475877,0.265864487,0.388515848,0.097201073,0.027612441,0.002226784,0.184,0.2808,0.7192,0.7202,0.1287,0.0031,0.0619,0.0754,0.1503474,0.083378734,0.206049574,0.091142525,0.152716374,0.130025475,0.129062076,0.049822791,0.007455051,0.076060067,0.025876715,0.089867126,0.052858704,0.045034962,0.040154032,0.071889275,0.08222919,0.06014408,0.05577861,0.11600633,0.176788598,0.012375138,0.046796711,0.033407701,0.01473276,49012.0,0.63011176,0.345454545,220.0,0.296551724,290.0,0.810897436,624.0,44.6,46333,1087,908,2.738653973,0.023792168,1.357354755,1.58012202,1.286850807,1.424980729,1.273325612,0.806309068,1.286850807,complete,CITY OF CHICAGO,Ward 49 Precinct 12,1,0,0,,0,0,0,650,433,289,112,84,56,0.025,13.805369230469378,60,0.4318,26.24744007611861,114,0.50952,27.27082368413018,118,0.03146,15.74682725641289,68,0.00152,7.2833950996270405,32,0.00058,3.7308171485836574,16,0.00012,2.928635327991801,13,CITY OF CHICAGO:WARD 49 PRECINCT 12,CITY OF CHICAGO:WARD 49 PRECINCT 12,CITY OF CHICAGO:WARD 49 PRECINCT 12,1.8,17.84608022,15.92077938,15.92077938,15.92077938,15.92077938,1.275011447,15.92077938,1.275011447,12.137336479366612,22.05567893464586,22.5473116672031,13.131855697296622,5.903675841692639,3.198002513675747,2.26423351014983,14.105829300021819,26.761720704644954,27.816753299264157,16.07922061088589,7.465823283797791,3.791935883569962,2.913491648096111,10.544446262666446,20.55554028354618,24.169370726265207,13.409769035574769,6.197869400122323,3.1200359946486858,2.3175761440580867,0.2,0.3,1.0,2.401659801,1.5,1.8,1.4,1.0,1.020650278,622.1519721,603.2556245,45.44450848,29.80546556,15.63904291,0.073044064,0.04790705,0.025137014,4397.823751,433,1.0,0.9999999999999998,0.0,0.0,False
CITY OF CHICAGO:WARD 49 PRECINCT 13,CITY OF CHICAGO:WARD 49 PRECINCT 13,CITY OF CHICAGO:Ward 49 Precinct 13,TRUE, ,, , ,,, ,,0.306333203,0.296968784,0.330231122,0.063250637,0.030350173,0.00553434,0.2559,0.2688,0.7312,0.5447,0.2695,0.0172,0.0455,0.1168,0.15013346,0.162728797,0.160057732,0.144449021,0.168972408,0.098381105,0.081266357,0.026888971,0.007122149,0.051556524,0.010135053,0.025147957,0.028139966,0.048973744,0.091304089,0.119666495,0.061903882,0.013418181,0.053448688,0.142741239,0.148766795,0.038101327,0.07830237,0.044636786,0.043756904,49013.0,0.474698468,0.278688525,244.0,0.234866828,413.0,0.799227799,777.0,41.2,59309,1271,1096,2.07656627,-0.386042621,1.140854645,1.542997226,1.000022718,1.09359388,1.009474871,0.927055238,1.000022718,complete,CITY OF CHICAGO,Ward 49 Precinct 13,1,0,0,,0,0,0,948,632,421,142,107,71,0.0242,13.69699912038076,87,0.3986,25.959449040146747,164,0.54556,27.766626763882446,175,0.02996,15.82702500066845,100,0.00114,7.297019519115533,46,0.0004,3.41145455928369,22,0.00014,2.930232083114009,19,CITY OF CHICAGO:WARD 49 PRECINCT 13,CITY OF CHICAGO:WARD 49 PRECINCT 13,CITY OF CHICAGO:WARD 49 PRECINCT 13,1.5,25.85043794,14.09115961,14.09115961,14.09115961,14.09115961,1.846881997,14.09115961,1.846881997,12.060769087250204,21.910234645295155,23.064002131008465,13.262938641672275,5.949096522424882,2.9303092105976036,2.2950112614796074,13.974896440796822,26.505489561477948,28.36589936297984,16.19300511138855,7.499807708878281,3.452553558040404,2.943122986718839,10.467878870550038,20.410095994195473,24.68606119007057,13.540851979950421,6.243290080854566,2.8523426915705423,2.3483538953878647,0.2,0.3,1.0,1.802198744,1.5,1.8,1.4,1.0,1.007594169,928.7487984,893.6989461,92.32215432,59.65231452,32.6698398,0.099404871,0.064228686,0.035176185,5963.172894,632,1.0,1.0,0.0,0.0,False
CITY OF CHICAGO:WARD 49 PRECINCT 14,CITY OF CHICAGO:WARD 49 PRECINCT 14,CITY OF CHICAGO:Ward 49 Precinct 14,TRUE, ,, , ,,, ,,0.397826038,0.230883268,0.312549257,0.060397013,0.02581176,0.003683935,0.3742,0.2952,0.7048,0.5563,0.259,0.0087,0.0138,0.1569,0.086887719,0.075270329,0.196010453,0.137551171,0.142457764,0.163773075,0.095708628,0.061834356,0.040506505,0.052228539,0.075911381,0.01945812,0.048660862,0.068142515,0.021766429,0.035746655,0.0460893,0.052017671,0.053447131,0.10299111,0.202520393,0.072014409,0.037444328,0.04419114,0.067370016,49014.0,0.469932356,0.234042553,141.0,0.234848485,528.0,0.81256656,939.0,44.9,63864,1434,1295,2.056261803,-0.660096286,1.140790265,1.585432029,0.939049799,1.030596953,0.961088462,0.766006993,0.939049799,complete,CITY OF CHICAGO,Ward 49 Precinct 14,1,0,0,,0,0,0,1223,815,543,162,122,81,0.02452,13.825337257839704,113,0.43382,26.250076832248446,214,0.5078,27.194062988447577,222,0.03148,15.726710488169516,128,0.00138,7.359073513573393,60,0.00084,3.821278372803312,31,0.00016,2.8277422389362097,23,CITY OF CHICAGO:WARD 49 PRECINCT 14,CITY OF CHICAGO:WARD 49 PRECINCT 14,CITY OF CHICAGO:WARD 49 PRECINCT 14,1.8,27.87920367,13.62742848,13.62742848,13.62742848,13.62742848,1.991826966,13.62742848,1.991826966,12.145159217323556,22.070654156250612,22.502395163593587,13.119590099101357,5.897764797996619,3.2221052094868123,2.261865584060173,14.118390709415447,26.78636528975868,27.76819955524936,16.06785654914323,7.460273092276818,3.8224672377656472,2.911222296671484,10.55226900062339,20.57051550515093,24.124454222655693,13.397503437379504,6.191958356426302,3.144138690459751,2.3152082179684297,0.2,0.3,1.0,2.129500586,1.5,1.8,1.4,1.0,1.003513767,569.7705552,539.8140963,71.58544859,51.66337858,19.92207001,0.12563908,0.090674006,0.034965075,3876.739126,815,1.0,0.9999999999999996,0.0,0.0,False
CITY OF CHICAGO:WARD 49 PRECINCT 15,CITY OF CHICAGO:WARD 49 PRECINCT 15,CITY OF CHICAGO:Ward 49 Precinct 15,TRUE, ,, , ,,, ,,0.406823555,0.209923868,0.294443306,0.080142696,0.031233967,0.002786761,0.3318,0.4109,0.5891,0.5077,0.2912,0.0313,0.0284,0.1057,0.117448041,0.155182393,0.15774874,0.144853505,0.11585868,0.129565995,0.10540833,0.054985088,0.018949229,0.045592501,0.072116238,0.015127493,0.018988665,0.042786578,0.049525428,0.055712344,0.056740828,0.020199492,0.101667257,0.093338996,0.157919052,0.099334405,0.028296119,0.099189022,0.04346558,49015.0,0.198243001,0.223021583,139.0,0.323017408,517.0,0.820330969,846.0,43.5,63462,1311,1173,0.898817811,-0.72774712,1.450243353,1.610133062,0.863004331,0.807861776,0.991480646,0.859310601,0.863004331,complete,CITY OF CHICAGO,Ward 49 Precinct 15,1,0,0,,0,0,0,1032,688,459,189,142,95,0.02334,13.784345105659998,95,0.41986,26.13561040004487,180,0.52374,27.425387263847302,189,0.03088,15.796944093508113,109,0.00132,7.3025442240219895,50,0.00064,3.592732485654841,25,0.00022,2.9247754187001185,20,CITY OF CHICAGO:WARD 49 PRECINCT 15,CITY OF CHICAGO:WARD 49 PRECINCT 15,CITY OF CHICAGO:WARD 49 PRECINCT 15,1.306990804,30.56825208,13.01277128,13.01277128,13.01277128,13.01277128,2.183945765,13.01277128,2.183945765,12.11310996474647,22.009547352616092,22.71547704241181,13.173231910053008,5.9180882396824375,3.1120384364824227,2.274424824103278,14.063734016532917,26.67914058951345,27.99524433475594,16.11442143401491,7.4763013858458915,3.682620264715171,2.923312704902395,10.520219748046305,20.50940870151641,24.337536101473916,13.451145248331155,6.212281798112121,3.0340719174553614,2.3277674580115346,0.2,0.3,1.0,1.404166572,1.5,1.8,1.4,1.0,1.002435033,557.6965642,520.4310402,71.30712235,49.5307216,21.77640075,0.127860071,0.08881303,0.039047041,3124.403268,688,1.0,1.0000000000000002,0.0,0.0,False
CITY OF CHICAGO:WARD 50 PRECINCT 07,CITY OF CHICAGO:WARD 50 PRECINCT 07,CITY OF CHICAGO:Ward 50 Precinct 07,TRUE, ,, , ,,, ,,0.415819364,0.221593836,0.246030546,0.113576778,0.028187662,0.000377632,0.3308,0.3725,0.6275,0.7223,0.1082,0.0064,0.0492,0.1043,0.124451323,0.122271332,0.150895643,0.12877699,0.152303824,0.129601165,0.1366996,0.03717271,0.017827414,0.02682907,0.023542269,0.019323226,0.021751025,0.008074519,0.020354444,0.069009541,0.038714692,0.029662839,0.109265455,0.083941192,0.116606224,0.086602124,0.072994353,0.097703324,0.175625702,50007.0,0.067071469,0.445454545,220.0,0.018469657,379.0,0.697547684,734.0,45.0,85619,1061,899,0.340004229,0.63762955,0.381349251,1.219520732,0.648760442,0.64462594,0.596105105,0.46975052,0.648760442,complete,CITY OF CHICAGO,Ward 50 Precinct 07,1,0,0,,0,0,0,761,507,338,133,100,67,0.03564,14.885741221932463,75,0.5863,27.683324810712296,140,0.35318,24.76559485130189,126,0.02034,13.704960603377309,69,0.0023,7.739737547645379,39,0.00212,6.320983703416516,32,0.00012,2.2563165987947196,11,CITY OF CHICAGO:WARD 50 PRECINCT 07,CITY OF CHICAGO:WARD 50 PRECINCT 07,CITY OF CHICAGO:WARD 50 PRECINCT 07,1.322865613,38.99976398,11.08551348,11.08551348,11.08551348,11.08551348,2.786334303,11.08551348,2.786334303,12.941822779125978,23.101250672555413,20.40822875647079,11.383404919779746,6.244983915464123,5.265574153380202,1.7666281409563946,15.11553585889268,28.101033362593164,25.22330568242307,13.948281346676609,7.897212951096314,6.344995946811357,2.3044095817874743,11.348932562425812,21.60111202145573,22.030287815532898,11.661318258057893,6.539177473893806,5.1876076343531405,1.8199707748646516,0.2,0.3,1.0,1.460977582,1.5,1.8,1.4,1.0,1.028961243,668.3803969,657.6348806,31.99001661,21.98441044,10.00560616,0.047861991,0.032892063,0.014969928,3071.171124,507,1.0,0.6628034678735887,0.25598037498483184,0.0812161571415796,False
CITY OF CHICAGO:WARD 50 PRECINCT 24,CITY OF CHICAGO:WARD 50 PRECINCT 24,CITY OF CHICAGO:Ward 50 Precinct 24, , ,, , ,,,TRUE,,0.614311404,0.075451945,0.023885931,0.267133925,0.003351244,0.000998702,0.3894,0.744,0.256,0.7474,0.0857,0.0164,0.0,0.0775,0.124698898,0.143815851,0.09402236,0.073280347,0.123042014,0.098350868,0.131398271,0.094530264,0.116861128,0.098764659,0.031193702,0.063770903,0.022540449,0.05057966,0.003767183,0.011946902,0.001403311,0.033577383,0.061538369,0.171762471,0.051935532,0.055232338,0.049734216,0.105767716,0.186485206,50024.0,0.067739019,0.185185185,81.0,-0.656716418,268.0,-0.115789474,475.0,55.6,70560,1086,252,0.342848109,-0.960001075,-1.988401998,-1.367961127,-1.226504033,-0.993379023,-1.425508628,-0.206410627,-1.226504033,complete,CITY OF CHICAGO,Ward 50 Precinct 24,1,0,0,,0,0,0,501,334,223,130,98,65,0.11776,18.29311213242932,61,0.59252,26.57886931962753,89,0.26384,22.03757009101418,74,0.00758,9.509847432054478,32,0.00714,9.491185189596393,32,0.01104,10.233365107645547,34,0.00012,1.2102205273358022,4,CITY OF CHICAGO:WARD 50 PRECINCT 24,CITY OF CHICAGO:WARD 50 PRECINCT 24,CITY OF CHICAGO:WARD 50 PRECINCT 24,1.8,90.13691038,0.570544486,0.570544486,0.570544486,0.570544486,6.439822701,0.570544486,0.570544486,15.479674928487889,21.76036690490513,17.760936675907793,7.748358473609432,7.549396767901607,8.392308653772329,0.7443996203755945,18.587948533199768,26.963063627770037,22.443412280199688,9.668880709290768,9.699531627589389,10.404434789328022,1.1675031629029895,13.886784711787723,20.260228253805447,19.3829957349699,8.026271811887579,7.843590326331291,8.314342134745267,0.7977422542838515,0.2,0.3,1.0,1.015924493,1.5,1.8,1.4,1.0,1.328917027,308.416185,306.1789692,4.474431751,3.515624927,0.958806824,0.014507772,0.011398964,0.003108808,2083.396355,2,0.533199975,0.0,1.0,0.0,False
CITY OF CHICAGO:WARD 50 PRECINCT 25,CITY OF CHICAGO:WARD 50 PRECINCT 25,CITY OF CHICAGO:Ward 50 Precinct 25, , ,, , ,,,TRUE,,0.565565561,0.091091093,0.031031032,0.296296298,0.002002003,0.001001001,0.4335,0.8182,0.1818,0.7447,0.083,0.0186,0.0,0.0607,0.100393701,0.170603675,0.078083992,0.076115486,0.140419949,0.106955383,0.137139107,0.075459318,0.114829393,0.093607304,0.018264841,0.00913242,0.006849316,0.052511417,7.87e-10,3.36e-09,1.8e-09,0.0456621,0.066210044,0.232876708,0.038812786,0.052511418,0.045662102,0.116438354,0.221461183,50025.0,0.032432805,0.225225225,111.0,-0.333333333,48.0,0.62962963,135.0,54.4,73382,212,119,0.192437485,-0.714220342,-0.85340011,1.003451994,-0.197516503,-0.092932743,-0.349609976,-0.030339655,-0.197516503,complete,CITY OF CHICAGO,Ward 50 Precinct 25,1,0,0,,0,0,0,125,83,55,141,106,71,0.05602,16.748938267194866,14,0.77178,29.85677847830848,25,0.15504,20.898273642306382,17,0.00596,9.836071945369534,8,0.0048,9.160491575085903,8,0.00622,9.613530096969,8,0.00018,1.3701013334987633,1,CITY OF CHICAGO:WARD 50 PRECINCT 25,CITY OF CHICAGO:WARD 50 PRECINCT 25,CITY OF CHICAGO:WARD 50 PRECINCT 25,1.5,74.35254455,3.389224202,3.389224202,3.389224202,3.389224202,5.312110236,3.389224202,3.389224202,14.803885156632392,25.51554954768562,17.606867545849553,8.339785905330816,7.5813484466731245,8.217563874517431,0.9713568230261613,17.0167200048892,30.35277516701288,21.199240260786368,9.941532819843196,9.309445211653145,9.740096928056474,1.3749643380394079,13.210994939932226,24.015410896585937,19.22892660491166,8.617699243608962,7.875542005102808,8.13959735549037,1.0246994569344183,0.2,0.3,1.0,1.015701033,1.5,1.8,1.4,1.0,1.276480302,115.8176965,114.977568,1.6802569,1.320201803,0.360055097,0.014507773,0.011398964,0.003108809,770.4693795,83,0.999999979,0.0,1.0000000000000004,0.0,False
CITY OF CHICAGO:WARD 49 PRECINCT 07,CITY OF CHICAGO:WARD 49 PRECINCT 07,CITY OF CHICAGO:Ward 49 Precinct 07, , ,True, , ,,, ,,0.561867757,0.115617145,0.16204005,0.143278132,0.021694456,0.00128147,0.2882,0.1829,0.8171,0.3471,0.3294,0.0141,0.1118,0.1804,0.075463443,0.124167098,0.31500456,0.15869796,0.086862262,0.090750639,0.081905657,0.047094345,0.020054036,0.158018645,0.105325108,0.110685853,0.060497733,0.031917386,0.019537412,0.022684397,0.025170544,0.041887283,0.038898899,0.10088208,0.113790892,0.064470735,0.024165463,0.039420277,0.042647294,49007.0,0.342753485,0.449101796,167.0,0.176699029,515.0,0.755529686,859.0,34.1,38090,1385,1180,1.514457652,0.66001774,0.936698755,1.403979756,1.071012586,1.128788476,1.032594642,0.731235753,1.071012586,complete,CITY OF CHICAGO,Ward 49 Precinct 07,1,0,0,,0,0,0,1040,693,462,157,118,79,0.0202,13.58317142710983,94,0.36424,25.623916242362593,178,0.58372,28.394170141721233,197,0.03036,15.94768852354625,111,0.00104,7.3722334160640575,51,0.00038,3.020199574381813,21,6e-05,2.9464079421292197,20,CITY OF CHICAGO:WARD 49 PRECINCT 07,CITY OF CHICAGO:WARD 49 PRECINCT 07,CITY OF CHICAGO:WARD 49 PRECINCT 07,1.2,23.63407536,14.59777125,14.59777125,14.59777125,14.59777125,1.688534191,14.59777125,1.688534191,11.9650150743791,21.72727983596049,23.705128577515833,13.421926404540976,6.011080919190658,2.6012713316421867,2.332956705701971,13.812298631764717,26.18604950797155,29.04234077721087,16.328479128106885,7.548431125170271,3.037876473027876,2.979299087028506,10.372124857678934,20.22714118486081,25.32718763657794,13.699839742819123,6.305274477620341,2.5233048126151254,2.3862993396102277,0.2,0.3,1.0,1.053520167,1.5,1.8,1.4,1.0,1.000980571,572.5180584,547.0169955,57.14020335,38.38077641,18.75942694,0.099805067,0.067038543,0.032766524,4184.528418,693,1.0,0.9999999999999994,0.0,0.0,False
CITY OF CHICAGO:WARD 48 PRECINCT 12,CITY OF CHICAGO:WARD 48 PRECINCT 12,CITY OF CHICAGO:Ward 48 Precinct 12, ,TRUE,, , ,,, ,,0.575612395,0.119368591,0.195688902,0.103898603,0.015703114,0.000112462,0.476,0.2334,0.7666,0.2531,0.4684,0.0316,0.0289,0.1815,0.024679862,0.01306792,0.246483365,0.20329445,0.142732349,0.097297233,0.088657801,0.072547988,0.111239032,0.066781272,0.150100974,0.058430486,0.022678924,0.017657338,0.034768977,0.033349782,0.058757873,0.01337279,0.030538765,0.116778428,0.09991261,0.116259692,0.039299066,0.104906679,0.036406342,48012.0,0.205970712,0.404255319,282.0,0.242718447,412.0,0.69121813,706.0,41.9,61742,1068,895,0.931739206,0.3847333,1.168412062,1.199384425,0.944734534,0.921067248,0.994203496,0.89639415,0.944734534,complete,CITY OF CHICAGO,Ward 48 Precinct 12,1,0,0,,0,0,0,789,526,351,186,140,93,0.02358,13.757326707390138,72,0.40526,25.937279716113416,136,0.53886,27.624287414028032,145,0.03038,15.806101862186479,83,0.0013,7.390339672454472,39,0.00046,3.529327609962364,19,0.00016,2.886285961940556,15,CITY OF CHICAGO:WARD 48 PRECINCT 12,CITY OF CHICAGO:WARD 48 PRECINCT 12,CITY OF CHICAGO:WARD 48 PRECINCT 12,1.2,27.68520736,13.67177176,13.67177176,13.67177176,13.67177176,1.977966918,13.67177176,1.977966918,12.07694026415907,21.940411700390626,22.960129242865403,13.233371363577238,5.9413821172456025,2.986962115401013,2.2889993414342182,14.00165098757905,26.557090810166468,28.254667341775498,16.165638836499813,7.494454951577952,3.523980230657791,2.937291572024099,10.484050047458904,20.440273049290944,24.58218830192751,13.511284701855384,6.235575675675286,2.9089955963739516,2.3423419753424755,0.2,0.3,1.0,1.000677865,1.5,1.8,1.4,1.0,1.000202248,382.3810386,340.0137033,85.27202524,57.62904257,27.64298267,0.223002755,0.150711036,0.072291719,1825.204708,526,1.0,0.9999999999999998,0.0,0.0,False
CITY OF CHICAGO:WARD 48 PRECINCT 13,CITY OF CHICAGO:WARD 48 PRECINCT 13,CITY OF CHICAGO:Ward 48 Precinct 13, , ,, ,TRUE,,, ,,0.520830179,0.075144659,0.087452839,0.141220137,0.011012579,3.56e-10,0.5818,0.6725,0.3275,0.3756,0.3325,0.0,0.0517,0.2403,5.88e-09,0.121124838,0.108239212,0.099219241,0.13143327,0.128856145,0.126279022,0.066360939,0.048965337,0.059785739,0.047828574,0.009783121,0.011957154,0.052176622,0.006522081,0.022827275,0.016305196,0.045654551,0.083700002,0.153268841,0.141311691,0.03369741,0.036958446,0.050002602,0.058698704,48013.0,0.300782925,0.273972603,292.0,-0.161676647,334.0,0.548387097,558.0,50.3,65745,845,681,1.335655754,-0.414990713,-0.250923755,0.74499389,0.195025843,0.353683794,0.074104333,0.492613897,0.195025843,complete,CITY OF CHICAGO,Ward 48 Precinct 13,1,0,0,,0,0,0,587,391,261,163,123,82,0.04194,15.782892623339329,62,0.7329,29.808101178924257,117,0.19854,22.407275550264146,88,0.02418,14.442041990129233,56,0.00112,6.533841276747313,26,0.00112,5.452084693916187,21,0.0002,2.797084667127763,11,CITY OF CHICAGO:WARD 48 PRECINCT 13,CITY OF CHICAGO:WARD 48 PRECINCT 13,CITY OF CHICAGO:WARD 48 PRECINCT 13,1.2,58.83321004,6.552024829,6.552024829,6.552024829,6.552024829,4.203332907,6.552024829,4.203332907,13.605774762142412,24.72035652584188,18.40417043151239,11.94255062970494,5.173885025298938,4.616072514538834,2.1716405720658463,16.01791583582706,30.28802743958608,22.894456752551125,14.722978277723975,6.615796753787947,5.576535705670432,2.81906396513406,12.012884545442246,23.220217874742197,20.026229490574497,12.220463967983086,5.468078583728622,4.538105995511772,2.2249832059741035,0.2,0.3,1.0,1.008536959,1.5,1.8,1.4,1.0,1.000310848,56.27918184,52.28990167,8.637550588,7.936187162,0.701363426,0.153476833,0.141014615,0.012462218,195.9762063,88,0.830479832,0.8304780064962557,0.0,0.0,False
CITY OF CHICAGO:WARD 48 PRECINCT 14,CITY OF CHICAGO:WARD 48 PRECINCT 14,CITY OF CHICAGO:Ward 48 Precinct 14, ,TRUE,, , ,,, ,,0.490780659,0.124218627,0.225803497,0.149944743,0.01444612,0.001712089,0.5414,0.4,0.6,0.3411,0.4322,0.0,0.034,0.1875,0.026451525,0.032357343,0.306400792,0.132147116,0.125131085,0.155771853,0.102704852,0.060694191,0.058341243,0.038401391,0.060638605,0.0332674,0.011706666,0.06250443,0.042372385,0.040890644,0.029459751,0.019460595,0.050665758,0.073003393,0.223177006,0.098772521,0.075305265,0.055053062,0.085321129,48014.0,-0.009164544,0.176470588,119.0,0.181538462,325.0,0.758064516,620.0,42.1,79215,963,853,0.015225531,-1.013494529,0.953684076,1.412043849,0.435710586,0.341864732,0.558074455,0.862810186,0.435710586,complete,CITY OF CHICAGO,Ward 48 Precinct 14,1,0,0,,0,0,0,503,335,223,185,139,93,0.02436,13.74181271108929,46,0.41028,26.041692511864046,87,0.53148,27.58599228309263,92,0.03188,15.790993451928248,53,0.00136,7.385426425923658,25,0.00056,3.5671596234728895,12,8e-05,2.8665586737135955,10,CITY OF CHICAGO:WARD 48 PRECINCT 14,CITY OF CHICAGO:WARD 48 PRECINCT 14,CITY OF CHICAGO:WARD 48 PRECINCT 14,1.2,48.25963824,8.968910307,8.968910307,8.968910307,8.968910307,3.44790511,8.968910307,3.44790511,12.080647508916288,21.947196017617713,22.92989140758807,13.225504879495585,5.940824865428191,3.0027456871398157,2.286985437511656,14.008463398445551,26.570149323101404,28.22284233345057,16.15889390835317,7.495115351160894,3.543986411375923,2.935324004393133,10.487757292216122,20.44705736651803,24.551950466650176,13.503418217773731,6.235018423857875,2.9247791681127544,2.340328071419913,0.2,0.3,1.0,1.000963755,1.5,1.8,1.4,1.0,1.000201177,136.3020692,121.5078481,29.45392985,20.21636013,9.23756972,0.21609305,0.148320273,0.067772777,1299.8374,335,1.0,1.0,0.0,0.0,False
CITY OF CHICAGO:WARD 48 PRECINCT 32,CITY OF CHICAGO:WARD 48 PRECINCT 32,CITY OF CHICAGO:Ward 48 Precinct 32, , ,, ,TRUE,,, ,,0.46815271,0.158667631,0.219818585,0.144360212,0.026939241,0.002452948,0.3527,0.3023,0.6977,0.3844,0.3474,0.0082,0.0818,0.1631,0.020120971,0.083106963,0.217405646,0.182325797,0.137616235,0.142923154,0.090674569,0.121329972,0.004496693,0.181603602,0.057084434,0.031721626,0.027026715,0.041784488,0.010976609,0.056708188,0.008025055,0.149043018,0.136741369,0.108312491,0.070893415,0.01534435,0.027192633,0.040786614,0.036755393,48032.0,0.326169155,0.223404255,188.0,0.217054264,258.0,0.822975518,531.0,42.6,47854,771,667,1.443805517,-0.725398136,1.078336552,1.618546206,0.817275638,0.853822535,0.862178442,0.814643985,0.817275638,complete,CITY OF CHICAGO,Ward 48 Precinct 32,1,0,0,,0,0,0,467,311,207,156,117,78,0.02364,13.666674992572709,43,0.41378,26.046725797893032,81,0.53092,27.504955360523002,86,0.02986,15.84148432124562,49,0.00128,7.450315391186653,23,0.00036,3.5176785522776095,11,0.00016,2.927534014296771,9,CITY OF CHICAGO:WARD 48 PRECINCT 32,CITY OF CHICAGO:WARD 48 PRECINCT 32,CITY OF CHICAGO:WARD 48 PRECINCT 32,1.2,32.26700938,12.6244728,12.6244728,12.6244728,12.6244728,2.305313313,12.6244728,2.305313313,12.092148327356357,21.969087615834823,22.85398656633917,13.206145262338957,5.9336386315497185,3.0421772594439678,2.282531586246659,14.027935865234982,26.608293523013312,28.142123529131343,16.141997714195035,7.489466733582148,3.5939110684767974,2.931046296647052,10.499258110656191,20.46894896473514,24.476045625401277,13.484058600617104,6.227832189979402,2.9642107404169065,2.335874220154916,0.2,0.3,1.0,1.010294807,1.5,1.8,1.4,1.0,1.000470578,282.4138608,262.6932181,43.47159419,40.30308829,3.168505896,0.153928685,0.142709314,0.011219371,2167.709131,311,1.0,0.9999999999999993,0.0,0.0,False
CITY OF CHICAGO:WARD 50 PRECINCT 09,CITY OF CHICAGO:WARD 50 PRECINCT 09,CITY OF CHICAGO:Ward 50 Precinct 09, ,TRUE,, , ,,, ,,0.74966352,0.036339168,0.025572006,0.165545088,2.46e-10,4.28e-11,0.4456,0.8191,0.1809,0.7769,0.1172,0.0,0.0099,0.096,0.027874564,0.034843207,0.063879209,0.075493612,0.170731706,0.109175375,0.205574911,0.164924506,0.147502904,0.019267823,0.069364161,0.071290943,0.036608863,0.030828516,0.017341041,0.057803467,0.05202312,0.019267823,0.040462428,0.219653176,0.177263968,0.069364162,0.053949904,0.036608864,0.028901735,50009.0,0.228199998,0.262295082,122.0,-0.341176471,85.0,0.424657534,146.0,62.0,65855,235,122,1.026439838,-0.486671702,-0.880927761,0.351371151,-0.188183878,0.002552882,-0.364880007,-0.550770734,-0.188183878,complete,CITY OF CHICAGO,Ward 50 Precinct 09,1,0,0,,0,0,0,179,119,79,53,40,27,0.0668,17.72424369274172,21,0.80058,30.57315235947422,36,0.11984,20.1650055641552,24,0.00508,9.731145452793587,12,0.0032,8.611353021962426,10,0.00422,9.238839549584123,11,0.00028,1.3254477662995008,2,CITY OF CHICAGO:WARD 50 PRECINCT 09,CITY OF CHICAGO:WARD 50 PRECINCT 09,CITY OF CHICAGO:WARD 50 PRECINCT 09,1.8,74.03917547,3.445183819,3.445183819,3.445183819,3.445183819,5.289721613,3.445183819,3.445183819,15.687938590370887,26.26538413986281,17.151211905193716,8.331177851933315,7.207629008874869,7.944319205106056,0.9464074105484198,17.978339067502365,31.074844349433327,20.516334339373103,9.86926393794987,8.806126854906474,9.354968550691297,1.3348976304242248,14.095048373670721,24.765245488763128,18.773270964255822,8.609091190211462,7.501822567304552,7.8663526860789945,0.9997500444566768,0.2,0.3,1.0,1.310388272,1.5,1.8,1.4,1.0,1.515921344,39.81163902,39.60913832,0.60750212,0.32400113,0.28350099,0.01525941,0.008138352,0.007121058,298.0216897,119,1.0,0.0,0.9999999999999993,0.0,False
CITY OF CHICAGO:WARD 50 PRECINCT 11,CITY OF CHICAGO:WARD 50 PRECINCT 11,CITY OF CHICAGO:Ward 50 Precinct 11, ,TRUE,, , ,,, ,,0.750659992,0.100818733,0.044239761,0.0750849,0.015743841,9.99e-11,0.2576,0.6333,0.3667,0.7426,0.1347,0.0,0.0507,0.048,0.219544978,0.239110714,0.077978201,0.186029604,0.084629532,0.026217072,0.059085469,0.085276504,0.022127925,0.189219621,2.58e-09,1.41e-09,7.58e-10,0.033774709,0.041506251,1.61e-09,0.020753126,3.74e-10,0.064231387,0.056812839,0.111653667,0.090744045,0.071806433,0.213603778,0.105894138,50011.0,0.266070237,0.160493827,81.0,-0.628070175,285.0,-0.218683652,471.0,38.2,95981,847,193,1.187773655,-1.11156586,-1.887860128,-1.695299939,-1.184301447,-0.876738068,-1.386525859,-0.341150357,-1.184301447,complete,CITY OF CHICAGO,Ward 50 Precinct 11,1,0,0,,0,0,0,491,327,218,102,77,51,0.09312,17.546145106701672,57,0.45204,25.176405662583818,82,0.43434,24.875553725604792,81,0.00774,10.247917574390442,34,0.00714,9.68963299889515,32,0.00558,8.49393911968789,28,4e-05,1.3359836297691223,4,CITY OF CHICAGO:WARD 50 PRECINCT 11,CITY OF CHICAGO:WARD 50 PRECINCT 11,CITY OF CHICAGO:WARD 50 PRECINCT 11,1.5,89.90896324,0.611249953,0.611249953,0.611249953,0.611249953,6.42353704,0.611249953,0.611249953,15.024203128758941,20.9757274240999,20.348218973546526,8.40178102131819,7.804115477463998,7.089997814208624,0.8978330248901859,17.786776280294877,25.616457992811537,25.32175529656497,10.34251462833005,9.881875040193467,8.64801988513354,1.3373756069522351,13.431312912058775,19.47558877300022,21.970278032608633,8.679694359596336,8.098309035893681,7.012031295181563,0.9511756587984429,0.2,0.3,1.0,1.264134628,1.5,1.8,1.4,1.0,1.224702533,375.5135691,373.6035306,5.730115678,3.056061785,2.674053893,0.01525941,0.008138352,0.007121058,1937.000042,327,1.0,0.0,0.9999999999999998,0.0,False
CITY OF CHICAGO:WARD 50 PRECINCT 12,CITY OF CHICAGO:WARD 50 PRECINCT 12,CITY OF CHICAGO:Ward 50 Precinct 12, ,TRUE,, , ,,, ,,0.606921778,0.105759298,0.041899782,0.067161473,0.016349581,0.0,0.4456,0.8191,0.1809,0.7769,0.1172,0.0,0.0099,0.096,0.185279077,0.186616596,0.067325868,0.144349872,0.079019697,0.026286398,0.058093034,0.071074129,0.02097692,0.135671018,0.009577816,0.003380408,0.002253605,0.020508377,0.028009907,0.00619741,0.019638962,0.002253604,0.044703172,0.060043692,0.10162384,0.08324037,0.064728211,0.169958397,0.087232801,50012.0,0.194143995,0.566666667,60.0,-0.25,80.0,0.264516129,155.0,40.4,96470,284,113,0.881355331,1.381674865,-0.560918856,-0.158089134,0.241778133,0.386005552,0.052393251,-0.215899826,0.241778133,complete,CITY OF CHICAGO,Ward 50 Precinct 12,1,0,0,,0,0,0,287,191,127,96,72,48,0.0372,14.796953667164681,28,0.47294,26.18400386400765,50,0.47338,26.211163721447427,50,0.00808,11.266599723265196,22,0.005,9.977189251841988,19,0.0033,7.499733815328521,14,0.0001,1.4829085734359686,3,CITY OF CHICAGO:WARD 50 PRECINCT 12,CITY OF CHICAGO:WARD 50 PRECINCT 12,CITY OF CHICAGO:WARD 50 PRECINCT 12,1.8,56.82620531,7.010781878,7.010781878,7.010781878,7.010781878,4.059942652,7.010781878,4.059942652,13.244253415644478,22.678211652482965,22.38964588695209,9.68958545097819,8.36039069199374,6.469884116017132,1.1030087135251492,14.996783385885946,26.633089347790424,26.652052671552827,11.440823217666093,10.138748355140674,7.55933206957403,1.5139456826706834,11.651363198944312,21.178073001383282,24.011704946014195,9.967498789256336,8.654584250423422,6.391917596990071,1.1563513474334062,0.2,0.3,1.0,1.368806277,1.5,1.8,1.4,1.0,1.373408651,102.1761487,101.6564328,1.559147749,0.831545466,0.727602283,0.01525941,0.008138352,0.007121058,764.8703161,191,1.0,0.0,0.9999999999999998,0.0,False
CITY OF CHICAGO:WARD 50 PRECINCT 14,CITY OF CHICAGO:WARD 50 PRECINCT 14,CITY OF CHICAGO:Ward 50 Precinct 14, ,TRUE,, , ,,, ,,0.721407627,0.032258068,0.038123167,0.214076237,0.005865103,0.002932551,0.4222,0.5719,0.4281,0.9237,0.0176,0.0191,0.0294,0.0103,0.291111102,0.057777784,0.057777777,0.264444436,0.022222226,0.091111108,0.066666671,0.057777782,0.091111113,0.087499996,0.081249997,0.074999997,0.018750001,0.01875,0.05,0.012500002,0.018750001,9.35e-10,0.0375,0.074999999,0.062500004,0.112500003,0.099999998,0.249999991,1.2e-08,50014.0,0.562963891,0.565217391,46.0,-0.384615385,52.0,0.193277311,119.0,38.9,85000,203,73,2.452592352,1.372778667,-1.033388578,-0.384722268,0.25321695,0.601815043,-0.073823774,-0.371435095,0.25321695,complete,CITY OF CHICAGO,Ward 50 Precinct 14,1,0,0,,0,0,0,104,69,46,46,35,23,0.03734,14.651718421328985,10,0.45518,26.026960934630882,18,0.48936,26.429421861357618,18,0.00906,11.317774159868078,8,0.00544,9.993625164325906,7,0.0035,7.3562438191925095,5,0.00012,1.561949467572368,1,CITY OF CHICAGO:WARD 50 PRECINCT 14,CITY OF CHICAGO:WARD 50 PRECINCT 14,CITY OF CHICAGO:WARD 50 PRECINCT 14,1.8,56.3298316,7.124241967,7.124241967,7.124241967,7.124241967,4.024479281,7.124241967,4.024479281,13.208008967813292,22.608258711359245,22.61925799416107,9.745721492438271,8.38821047045386,6.352609144296547,1.116058402145917,14.936909825271611,26.517059937518585,26.890347261856967,11.493176188767254,10.159338409224214,7.410730578151343,1.527212529490708,11.615118751113126,21.108120060259562,24.241317053223177,10.023634830716418,8.682404028883543,6.274642625269486,1.169401036054174,0.2,0.3,1.0,1.163247065,1.5,1.8,1.4,1.0,1.483391361,70.55941729,70.20051893,1.076695071,0.57423737,0.502457701,0.01525941,0.008138352,0.007121058,327.8220572,69,1.0,0.0,0.9999999999999998,0.0,False
CITY OF CHICAGO:WARD 50 PRECINCT 16,CITY OF CHICAGO:WARD 50 PRECINCT 16,CITY OF CHICAGO:Ward 50 Precinct 16, ,TRUE,, , ,,, ,,0.795454515,0.012987032,0.03571429,0.14285714,0.003246752,1.73e-10,0.4456,0.8191,0.1809,0.7769,0.1172,0.0,0.0099,0.096,0.027932999,0.036312875,0.064245813,0.075418997,0.170391051,0.106145237,0.20670389,0.164804451,0.148044675,0.018604653,0.069767438,0.069767429,0.037209298,0.032558135,0.018604652,0.055813946,0.051162786,0.018604651,0.041860458,0.218604624,0.176744177,0.069767454,0.055813964,0.037209329,0.027906994,50016.0,0.133812196,0.438596491,57.0,-0.413793103,58.0,0.125,112.0,62.1,65904,179,76,0.624331355,0.59553225,-1.135795805,-0.601933915,-0.305479244,-0.129466528,-0.5067451,-0.591059295,-0.305479244,complete,CITY OF CHICAGO,Ward 50 Precinct 16,1,0,0,,0,0,0,128,85,57,45,34,23,0.06646,17.65542566165477,15,0.80294,30.665588643817426,26,0.11736,20.127247855962395,17,0.00476,9.712328908095918,8,0.00362,8.651188435109026,7,0.00474,9.211072523467134,8,0.00012,1.3310571020325193,1,CITY OF CHICAGO:WARD 50 PRECINCT 16,CITY OF CHICAGO:WARD 50 PRECINCT 16,CITY OF CHICAGO:WARD 50 PRECINCT 16,1.8,77.64776844,2.800782395,2.800782395,2.800782395,2.800782395,5.547537183,2.800782395,2.800782395,15.700805517122213,26.27671630072821,17.14430263008965,8.331465054958947,7.201287807126722,7.940191534705502,0.9460814774590578,17.992342138246826,31.085961719619984,20.506246307056703,9.868767687493452,8.797816842865842,9.34926842632169,1.3343716086761737,14.107915300422047,24.77657764962853,18.766361689151758,8.609378393237094,7.495481365556405,7.86222501567844,0.9994241113673148,0.2,0.3,1.0,1.43232667,1.5,1.8,1.4,1.0,1.519159543,42.56921883,42.35269177,0.649581165,0.346443285,0.303137879,0.01525941,0.008138352,0.007121058,318.6643507,85,1.0,0.0,0.9999999999999998,0.0,False
CITY OF CHICAGO:WARD 50 PRECINCT 18,CITY OF CHICAGO:WARD 50 PRECINCT 18,CITY OF CHICAGO:Ward 50 Precinct 18, ,TRUE,, , ,,, ,,0.907692257,0.01538463,0.025641029,3.74e-08,2.32e-09,2.43e-10,0.4279,0.6584,0.3416,0.8876,0.042,0.0144,0.0246,0.0313,0.292096193,0.054982835,0.058419246,0.261168364,0.024054998,0.089347074,0.065292105,0.061855678,0.092783501,0.085714291,0.085714276,0.076190468,0.019047618,0.019047621,0.047619045,0.019047619,0.019047621,1.26e-09,0.03809524,0.076190483,0.066666678,0.104761902,0.09523809,0.247619029,1.29e-08,50018.0,0.228200041,0.391304348,23.0,-0.5,36.0,0.24137931,58.0,40.5,80357,130,43,1.026440021,0.305235398,-1.438362622,-0.231694648,-0.331075727,-0.084595463,-0.601829159,-0.58840546,-0.331075727,complete,CITY OF CHICAGO,Ward 50 Precinct 18,1,0,0,,0,0,0,122,81,54,25,19,13,0.05268,16.16844779187494,13,0.67732,28.77160493861447,23,0.2547,23.118656704935137,19,0.00676,10.356705676694506,8,0.00446,9.30222081405436,8,0.00384,8.186908086743802,7,0.00024,1.537444797939223,1,CITY OF CHICAGO:WARD 50 PRECINCT 18,CITY OF CHICAGO:WARD 50 PRECINCT 18,CITY OF CHICAGO:WARD 50 PRECINCT 18,1.8,78.34469366,2.676329567,2.676329567,2.676329567,2.676329567,5.597328937,2.676329567,2.676329567,14.478049234745997,24.898182073185424,19.80507795602208,8.904289161262655,7.767738767650633,7.072771028974507,1.1023512207080086,16.444627329988567,29.258622971215683,23.542553842181864,10.491808159996438,9.420750344353166,8.26570804898758,1.5107040335573902,12.885159018045831,23.398043422085742,21.427137015084188,9.182202499540802,8.061932326080317,6.994804509947445,1.1556938546162656,0.2,0.3,1.0,1.195214148,1.5,1.8,1.4,1.0,1.359256999,77.14981646,76.75739624,1.177260678,0.627872362,0.549388317,0.01525941,0.008138352,0.007121058,394.9019089,81,1.0,0.0,0.9999999999999999,0.0,False
CITY OF CHICAGO:WARD 50 PRECINCT 27,CITY OF CHICAGO:WARD 50 PRECINCT 27,CITY OF CHICAGO:Ward 50 Precinct 27, ,TRUE,, , ,,, ,,0.706552709,0.074074065,0.025641028,0.188034195,1.16e-09,6.15e-10,0.4456,0.8191,0.1809,0.7769,0.1172,0.0,0.0099,0.096,0.025229408,0.034403677,0.061926605,0.077981685,0.17201832,0.110091738,0.208715567,0.165137596,0.144495405,0.019157101,0.068965519,0.072796934,0.038314173,0.030651339,0.015325678,0.057471254,0.049808423,0.019157085,0.042145593,0.222222192,0.180076605,0.068965525,0.053639856,0.034482801,0.02681992,50027.0,0.40697096,0.181818182,44.0,-0.191489362,47.0,0.252747253,91.0,61.9,65819,204,96,1.788035285,-0.980668998,-0.355559678,-0.195529638,-0.150290253,0.064069243,-0.234216038,-0.477286647,-0.150290253,complete,CITY OF CHICAGO,Ward 50 Precinct 27,1,0,0,,0,0,0,102,68,45,47,36,24,0.06538,17.683720691880982,12,0.80062,30.556419510496607,21,0.12114,20.159018047308905,14,0.00466,9.74707292128828,7,0.00338,8.69144698658449,6,0.00474,9.223902112754605,6,8e-05,1.316998236392775,1,CITY OF CHICAGO:WARD 50 PRECINCT 27,CITY OF CHICAGO:WARD 50 PRECINCT 27,CITY OF CHICAGO:WARD 50 PRECINCT 27,1.8,72.71766903,3.68117071,3.68117071,3.68117071,3.68117071,5.195306715,3.68117071,3.68117071,15.675012373116962,26.253961811112504,17.157972830213133,8.33104364408457,7.213959355250787,7.948353167214737,0.946704545848192,17.96431853459775,31.06371951838681,20.526320966881872,9.86997719458125,8.814454941802477,9.360588721324383,1.3353948527061152,14.082122156416796,24.75382316001282,18.78003188927524,8.608956982362717,7.508152913680471,7.870386648187676,1.000047179756449,0.2,0.3,1.0,1.229592428,1.5,1.8,1.4,1.0,1.512172583,39.45230639,39.25163342,0.602018915,0.321076754,0.280942161,0.01525941,0.008138352,0.007121058,295.3317808,68,1.0,0.0,1.0000000000000002,0.0,False
COOK:8200007,COOK:8200007,COOK:Niles Precinct 7,,,True,,,,,TRUE,,0.522771413,0.083520746,0.067549829,0.324468598,0.013012827,2.69e-06,0.3107,0.6366,0.3634,0.7237,0.0522,0.0774,0.0107,0.1159,0.093529137,0.195945804,0.111155215,0.089269126,0.143808553,0.092408578,0.163102072,0.085070079,0.025711436,0.055323576,0.010740555,0.00660951,0.028894338,0.029731102,0.011598854,0.013217197,0.018179746,5.9e-06,0.17666721,0.179125397,0.101648265,0.081861003,0.114804139,0.100863484,0.070729726,,-0.113144484,0.357512953,193.0,-0.151162791,172.0,0.456628478,611.0,48.5,72480,1124,736,-0.427747131,0.097811184,-0.214022485,0.453080801,-0.001346943,-0.022719408,-0.039607559,0.038896412,-0.001346943,complete,COOK,Niles Precinct 7,0,0,1,Niles,1,0,0,575,383,255,285,214,143,0.0415,19.59452987655211,75,0.9338,35.647503846636084,137,0.02178,17.075340407916023,65,0.00072,8.104480902811396,31,0.0002,4.582874105828147,18,0.00198,10.290811110161325,39,2e-05,1.365680675509289,5,COOK:8200007,COOK:8200007,COOK:NILES PRECINCT 7,1.0,66.72182819,4.751872893,4.751872893,4.751872893,4.751872893,4.766934455,4.751872893,4.751872893,16.803257206388494,29.514231919991886,14.006689169748938,6.739973025792354,3.5826983773790193,8.617411371115779,0.9711707588951253,20.04328726586767,36.41288138486383,17.509980803194484,8.305119799560227,4.6600995359661574,10.5703652299436,1.4330407108847028,15.21036698968833,28.014093268892204,15.628748228811045,7.017886364070501,3.876891935808703,8.539444852088717,1.0245133928033823,1.0,0.3,0.2,1.098683647,1.000023076,1.000036922,1.000018461,1.399981539,1.6,740.6038422,734.442896,9.398783005,6.748332926,2.650450079,0.012690702,0.009111933,0.003578769,3160.47,383,1.0,0.0,0.0,0.999999999999999,False
COOK:8200002,COOK:8200002,COOK:Niles Precinct 2,,,,,,,,TRUE,,0.608826056,0.088646262,0.031417533,0.264079974,0.009848961,7.65e-07,0.2553,0.7197,0.2803,0.8584,0.0484,0.0118,0.0307,0.0425,0.072189062,0.101695263,0.107757572,0.105483997,0.051111139,0.256726506,0.10733046,0.082473716,0.115232285,0.034442017,0.013772391,0.077085841,0.067466568,0.022033654,0.026193571,0.033047867,0.067449635,0.044056113,0.027573702,0.123943625,0.136357091,0.046872152,0.077120177,0.144617925,0.057967668,,0.072142555,0.286956522,115.0,-0.503759398,133.0,0.276315789,456.0,54.9,70514,845,438,0.361607939,-0.335290565,-1.451557263,-0.120550696,-0.567764166,-0.386447646,-0.78078609,-0.513106063,-0.567764166,complete,COOK,Niles Precinct 2,0,0,1,Niles,1,0,0,342,228,152,225,169,113,0.11644,18.223630659267027,42,0.58816,26.495773637688817,60,0.26902,22.102171927828522,50,0.0071,9.572048019191406,22,0.00768,9.587333500610013,22,0.01136,10.33174053793049,24,0.00024,1.1413573163399933,3,COOK:8200002,COOK:8200002,COOK:NILES PRECINCT 2,1.0,83.49235642,1.757090063,1.757090063,1.757090063,1.757090063,5.965103197,1.757090063,1.757090063,15.40406128017889,21.696519615823043,17.79971804542834,7.749378195581288,7.580743269631069,8.41557550038971,0.7465588428846325,18.502364065162574,26.896507084481378,22.50547195435603,9.6756637217117,9.744332212008986,10.439395995960549,1.1710396965994627,13.811171063478724,20.19638096472336,19.421777104490445,8.027291533859435,7.874936828060752,8.33760898136265,0.7999014767928895,1.0,0.3,0.2,1.000043383,1.031673159,1.050677054,1.025338527,1.374661473,1.6,913.8157554,912.8121204,4.421621085,1.475471437,2.946149648,0.004838635,0.001614627,0.003224008,2536.73,132,0.933878355,0.0,0.9999999999999629,0.0,False
COOK:8200026,COOK:8200026,COOK:Niles Precinct 26,,,,,,,,TRUE,,0.597709288,0.102954059,0.02211904,0.281385559,0.004889029,0.002980923,0.372,0.9297,0.0703,0.7539,0.0552,0.0,0.042,0.1457,0.130455901,0.13694335,0.092147644,0.104934843,0.136734535,0.129639609,0.140480777,0.091129724,0.037533617,0.052358805,0.013799329,0.011876476,0.04741959,0.006178124,3.23e-05,0.019020119,0.008272376,0.007548515,0.021988493,0.031939657,0.113219177,0.112184012,0.060291759,0.211730766,0.282140529,,0.106855302,0.229813665,161.0,-0.15625,128.0,0.20950324,463.0,51.3,147459,938,466,0.50949029,-0.686054782,-0.231877444,-0.333102473,-0.259522876,-0.185386102,-0.268821144,-0.345551152,-0.259522876,complete,COOK,Niles Precinct 26,0,0,1,Niles,1,0,0,365,243,162,231,174,116,0.057,16.765601540189046,41,0.77488,29.868195598642654,73,0.15204,20.812159843235168,51,0.00546,9.801617997528785,24,0.00458,9.148420262817467,22,0.0058,9.557578392973229,23,0.00024,1.4366616431706078,3,COOK:8200026,COOK:8200026,COOK:NILES PRECINCT 26,1.0,76.31740855,3.038350284,3.038350284,3.038350284,3.038350284,5.452489751,3.038350284,3.038350284,14.804154110104477,25.516147961399483,17.60681309983257,8.33984040631241,7.5806326487026086,8.217550282960639,0.9714253418169683,17.017003216442948,30.353424257707257,21.199116312052745,9.941572142425393,9.308560579411129,9.740055829859187,1.3750423923820152,13.211263893404311,24.0160093102998,19.228872158894678,8.617753744590557,7.874826207132292,8.139583763933578,1.0247679757252253,1.0,0.3,0.2,1.000893101,1.001512364,1.002419782,1.001209891,1.398790109,1.6,610.2076325,608.167818,8.751722889,3.732128455,5.019594434,0.014342205,0.006116162,0.008226043,2550.47,121,0.915779827,0.0,0.9999999999999988,0.0,False
COOK:8200053,COOK:8200053,COOK:Niles Precinct 53,,,,,,,,TRUE,,0.52383997,0.061480265,0.035265486,0.375667828,0.008549417,0.000537505,0.4863,0.6561,0.3439,0.7176,0.0238,0.0,0.0442,0.1966,0.084820234,0.101543511,0.037219728,0.243948507,0.096964695,0.161699885,0.07612575,0.110341228,0.087336461,0.043382411,5.51e-06,0.011752621,0.019013764,0.043394641,0.050654686,0.028926444,0.013605392,0.01355541,0.129244021,0.10756507,0.125677116,0.031693076,0.031704751,0.104009301,0.245815789,,-0.201578159,0.287356322,261.0,-0.290322581,248.0,0.380239521,668.0,51.0,82738,1059,697,-0.804489996,-0.332836443,-0.702442046,0.210063451,-0.397221463,-0.407426258,-0.456224621,0.012548274,-0.397221463,complete,COOK,Niles Precinct 53,0,0,1,Niles,1,0,0,545,363,242,272,204,136,0.05714,16.8229637847306,61,0.77436,29.903978203148117,109,0.15138,20.785813954256657,75,0.00514,9.825436766755338,36,0.0054,9.145482214922119,33,0.00654,9.552826566782175,35,4e-05,1.429616578806019,5,COOK:8200053,COOK:8200053,COOK:NILES PRECINCT 53,1.0,80.00830218,2.37925209,2.37925209,2.37925209,2.37925209,5.716185284,2.37925209,2.37925209,14.802716466000424,25.512774621128383,17.6077747943884,8.338858939528151,7.585164197836585,8.218027393669724,0.9711163560147213,17.01530523491997,30.349390011943807,21.20031727748644,9.940412014124142,9.31402762300802,9.740648397653562,1.374674171144722,13.209826249300258,24.0126359700287,19.229833853450508,8.616772277806298,7.879357756266269,8.140060874642662,1.0244589899229783,1.0,0.3,0.2,1.000205559,1.012293777,1.019670043,1.009835022,1.390164978,1.6,737.5214156,732.4074396,12.27383455,6.136836134,6.136998415,0.016642004,0.008320892,0.008321112,3048.19,363,1.0,0.0,0.9999999999999988,0.0,False
COOK:8200059,COOK:8200059,COOK:Niles Precinct 59,,,,,,,,TRUE,,0.575022542,0.075403271,0.025132739,0.318299371,0.010605298,0.000558563,0.3969,0.9592,0.0408,0.767,0.0748,0.0,0.007,0.1506,0.151011427,0.144104641,0.072623965,0.155617938,0.114916695,0.14987753,0.119160775,0.023902049,0.06878498,0.002427017,0.032346654,0.025163443,0.013197327,8.97e-06,0.002416579,0.0167927,0.023973863,0.025171173,0.018005244,0.04316517,0.151040115,0.099534933,0.107904284,0.197784846,0.241067687,,0.031958344,0.404255319,235.0,-0.051020408,196.0,0.285294118,680.0,48.6,135833,1132,684,0.190416199,0.3847333,0.137454754,-0.091987802,0.149857968,0.155154113,0.146318096,-0.36517713,0.149857968,complete,COOK,Niles Precinct 59,0,0,1,Niles,1,0,0,534,356,237,282,212,141,0.04118,19.52548262045259,70,0.93362,35.654746270674025,127,0.02196,17.031161577140114,61,0.00094,8.14248412766746,29,0.00024,4.647716552520225,17,0.00204,10.385720647613988,37,2e-05,1.3978897029647266,5,COOK:8200059,COOK:8200059,COOK:NILES PRECINCT 59,1.0,60.73266932,6.117850301,6.117850301,6.117850301,6.117850301,4.339039589,6.117850301,4.339039589,16.80360422313572,29.51484748647478,14.007220115105921,6.739424690542622,3.5824071314427695,8.617756399326794,0.9713105025580415,20.043452076053928,36.41313721719193,17.510366960746747,8.304315019149787,4.659669461751163,10.570644510836416,1.4331894845507036,15.210714006435557,28.014708835375096,15.629279174168028,7.0173380288207685,3.876600689872453,8.539789880299733,1.0246531364662985,1.0,0.3,0.2,1.007284279,1.000220373,1.000352597,1.000176299,1.399823701,1.6,458.4577968,455.7560789,4.502985773,2.251257648,2.251728125,0.009822029,0.004910501,0.004911528,1937.19,356,1.0,0.0,0.0005322292652937956,0.9994677707347084,False
COOK:8300027,COOK:8300027,COOK:Northfield Precinct 27,,,,,,,,TRUE,,0.437793071,0.089391292,0.065904886,0.395352981,0.013961799,0.001194928,0.2952,0.27,0.73,0.7813,0.101,0.0,0.0098,0.0993,0.159125692,0.077494058,0.114553367,0.082758559,0.135310736,0.111662098,0.116523921,0.081204053,0.121367516,0.040131663,0.071967418,0.03112693,0.047449501,0.069469157,0.070987714,0.027853365,0.000151877,0.067740594,0.069285791,0.062623925,0.176786838,0.067013183,0.056500485,0.103531315,0.037380242,,-0.02592563,0.180952381,105.0,-0.178294574,129.0,0.24742268,388.0,53.3,60919,778,457,-0.056179616,-0.985983608,-0.30924894,-0.212468783,-0.416277169,-0.390970237,-0.39993291,-0.204775457,-0.416277169,complete,COOK,Northfield Precinct 27,0,0,0,Northfield,1,0,0,357,238,159,200,150,100,0.04096,19.611608882887833,47,0.93478,35.67472470381422,85,0.0208,16.995108542248243,40,0.00102,8.152443013430617,19,0.00016,4.587190846004504,11,0.00228,10.300853417634112,25,0.0,1.4505499590868203,3,COOK:8300027,COOK:8300027,COOK:NORTHFIELD PRECINCT 27,1.0,80.4526771,2.299898216,2.299898216,2.299898216,2.299898216,5.747933606,2.299898216,2.299898216,16.802246513547964,29.511805273415902,14.007576956269302,6.739065190599247,3.5861068008236705,8.617874457856633,0.9709716128482277,20.041986552009316,36.40974681440234,17.511039317520083,8.303970717570998,4.664326102134384,10.570916249389398,1.4327889772541615,15.209356296847796,28.01166662231622,15.629636015331409,7.016978528877393,3.8803003592533543,8.539907938829572,1.0243142467564847,1.0,0.3,0.2,1.000000002,1.000000028,1.000000045,1.000000023,1.399999977,1.000005417,399.3976497,398.8912727,4.500695499,2.983373997,1.517321503,0.011268708,0.007469683,0.003799025,2931.14,238,0.999685576,0.0,0.0,0.0114588688467176,False
COOK:8300033,COOK:8300033,COOK:Northfield Precinct 33,,,,,,,,TRUE,,0.481759525,0.073461187,0.029387786,0.410908563,0.002564887,1.5e-07,0.4861,0.7301,0.2699,0.8704,0.0058,0.0,0.0008,0.1161,0.051069087,0.095748967,0.054061192,0.183091192,0.108188449,0.174823201,0.141560858,0.099876042,0.091581011,0.027993994,0.020490763,0.038748187,0.059183125,0.023690731,0.033382859,0.171094367,0.100072757,0.015101947,0.052977367,0.058118552,0.085121179,0.076548852,0.062548764,0.072244476,0.10268208,,0.177601482,0.25,48.0,-0.344262295,61.0,0.216117216,273.0,53.7,51933,533,263,0.810881344,-0.562143511,-0.891758309,-0.312061331,-0.409034417,-0.238770452,-0.539631989,-0.201438124,-0.409034417,complete,COOK,Northfield Precinct 33,0,0,0,Northfield,1,0,0,206,137,91,136,102,68,0.04192,19.554733474985763,27,0.93344,35.63994580571154,49,0.02182,17.029661427990263,23,0.00088,8.190405594693365,11,0.00018,4.589278517630749,6,0.00174,10.325307131226817,14,2e-05,1.439485225609744,2,COOK:8300033,COOK:8300033,COOK:NORTHFIELD PRECINCT 33,1.0,80.28554724,2.329743288,2.329743288,2.329743288,2.329743288,5.73599303,2.329743288,2.329743288,16.802244790411674,29.511616269215324,14.008288473560789,6.738333018103553,3.5868593642870135,8.61830343224261,0.9710319022359912,20.04174497190457,36.4090445633155,17.511677904724795,8.302949928512625,4.665200690049879,10.57131515840069,1.4328415133726142,15.209354573711508,28.01147761811564,15.630347532622896,7.0162463563817,3.881052922716697,8.54033691321555,1.0243745361442482,1.0,0.3,0.2,1.000000034,1.000003875,1.000006199,1.0000031,1.3999969,1.000228011,426.4016665,425.9263992,1.725375387,0.439633453,1.285741934,0.004046362,0.001031031,0.00301533,1082.19,43,0.865413964,0.0,0.0,0.9492810407305653,False
COOK:8300043,COOK:8300043,COOK:Northfield Precinct 43,,,,,,,,TRUE,,0.657690264,0.011790302,0.010915841,0.310326666,0.004199327,9.62e-07,0.4503,0.8579,0.1421,0.7455,0.11,0.0001,0.0002,0.1209,0.113029634,0.070981225,0.047935287,0.122266951,0.109551205,0.155897933,0.072198007,0.147076887,0.161062873,0.015981025,0.014443229,0.013031587,0.015918284,0.014449827,0.01446445,0.004384193,0.001564894,6.32e-05,0.053565045,0.099806572,0.143108311,0.086722563,0.094017922,0.088368798,0.340110064,,-0.427180367,0.5,168.0,-0.102564103,156.0,0.193162393,585.0,57.0,130982,783,568,-1.765594711,0.972449942,-0.043452022,-0.385087858,-0.133206893,-0.305421162,-0.080813065,-0.471224087,-0.133206893,complete,COOK,Northfield Precinct 43,0,0,0,Northfield,1,0,0,444,296,197,197,148,99,0.0426,19.84963977647343,59,0.93472,35.80653751745738,106,0.01998,16.828504198011203,50,0.00074,8.153734457043372,24,0.0002,4.425683418724654,13,0.00176,10.213586427036534,30,0.0,1.4929214264212336,4,COOK:8300043,COOK:8300043,COOK:NORTHFIELD PRECINCT 43,1.0,72.0956372,3.792249514,3.792249514,3.792249514,3.792249514,5.150865712,3.792249514,3.792249514,17.055844831149283,29.728193765075847,13.877571950676922,6.736412390166423,3.4770446134420245,8.539986885818779,0.9641339871528853,20.32284227715727,36.61534545199614,17.314866898223006,8.285044573456975,4.520323281690963,10.455222832358647,1.4211294153976735,15.462954614449117,28.228055113976165,15.499631009739028,7.01432572844457,3.7712381718717083,8.462020366791718,1.0174766210611423,1.0,0.3,0.2,1.000000076,1.000000023,1.000000037,1.000000019,1.399999981,1.000046327,233.1007269,232.8893167,0.842641354,0.164729332,0.677912022,0.003614924,0.000706687,0.002908236,991.46,0,0.057568774,0.0,0.0,0.9992581504089921,False
COOK:8300049,COOK:8300049,COOK:Northfield Precinct 49,,,,,,,,TRUE,,0.52831508,0.048237719,0.03534653,0.388902766,0.00401713,0.0,0.4813,0.7423,0.2577,0.6716,0.1161,0.0,0.0002,0.2014,0.116666557,0.172585758,0.06451288,0.088709529,0.182261918,0.122041466,0.147849705,0.074728442,0.030643746,0.014679165,0.016311465,0.013046866,0.011419179,0.011416873,0.0,0.078306559,0.013049172,0.0,0.06525047,0.047311318,0.115826386,0.009782267,0.086456527,0.057093585,0.46005017,,-0.269352965,,,-0.203703704,108.0,,,50.2,165014,669,382,-1.093222478,,-0.398429271,,,,,-0.16662278,-0.16662278,demographic_only,COOK,Northfield Precinct 49,0,0,0,Northfield,1,0,0,299,199,133,170,128,85,0.0409,19.58802489017743,39,0.93446,35.638567060868596,71,0.02122,17.093751771027172,34,0.00094,8.10248050041295,16,0.00026,4.571408172329053,9,0.00216,10.404851538172535,21,6e-05,1.446155740846124,3,COOK:8300049,COOK:8300049,COOK:NORTHFIELD PRECINCT 49,1.0,73.29700725,3.577715879,3.577715879,3.577715879,3.577715879,5.236697477,3.577715879,3.577715879,16.8025253951823,29.512317849927733,14.00793500721037,6.73869515790615,3.5858005408784206,8.618110342898914,0.9710780566700723,20.04214215967383,36.41001983180379,17.511288076423156,8.303422468341388,4.663896560514072,10.571102211486085,1.4329034220383527,15.209635178482134,28.01217919882805,15.629994066272477,7.016608496184297,3.8799940993081043,8.540143823871853,1.0244206905783293,1.0,0.3,0.2,1.000000021,1.000000336,1.000000537,1.000000269,1.399999731,1.000079597,304.3368166,304.1108798,0.677810282,0.0,0.677810282,0.002227171,0.0,0.002227171,1597.98,199,1.0,0.0,0.0,1.0000000000000002,False
COOK:8300051,COOK:8300051,COOK:Northfield Precinct 51,,,,,,,,TRUE,,0.669932263,0.045271922,0.01841806,0.25326262,0.007179084,0.001560917,0.4967,0.5251,0.4749,0.6186,0.1288,0.0,0.0,0.2526,0.078802891,0.145784984,0.033276447,0.047230771,0.109341923,0.210536425,0.088267441,0.145019132,0.141739986,0.074022154,0.036007526,0.017024795,0.048495766,0.032506801,0.102003296,0.048493306,0.0,0.015538605,0.013518004,0.026041551,0.040616581,0.114056491,0.053556611,0.065665444,0.312453074,,-0.395697855,0.510703364,327.0,-0.259475219,343.0,-0.045630317,1293.0,57.8,110024,1971,1270,-1.631473724,1.038151192,-0.594174744,-1.144762735,-0.479335105,-0.583065003,-0.481557053,-0.283909151,-0.479335105,complete,COOK,Northfield Precinct 51,0,0,0,Northfield,1,0,0,993,662,441,487,366,244,0.1085,21.603265294872138,143,0.84092,32.660724535560405,216,0.04494,17.913474717767425,119,0.0011,7.800749675562482,52,0.00022,4.554363025712585,30,0.00426,10.960278907827963,73,6e-05,1.1580993607437697,8,COOK:8300051,COOK:8300051,COOK:NORTHFIELD PRECINCT 51,1.0,81.81980374,2.055764738,2.055764738,2.055764738,2.055764738,5.845607834,2.055764738,2.055764738,17.75715114762269,25.995126941181034,14.01811614991963,6.145258450608084,3.4332514297461847,8.706637850239131,0.7364908728896845,22.130839621536303,33.43114502311593,18.39650048849606,7.923934937567181,4.68218067324066,11.16255751037881,1.2076164759457257,16.164260930922524,24.494988290081352,15.640175208981736,6.423171788886231,3.7274449881758684,8.62867133121207,0.7898335067979415,1.0,0.3,0.2,1.000002221,1.000001079,1.000001727,1.000000863,1.399999137,1.003164534,755.6133524,755.0740467,4.849174393,1.077980119,3.771194273,0.006417534,0.001426629,0.004990905,2880.99,662,1.0,0.0,0.0,1.0000000000000004,False
COOK:8300053,COOK:8300053,COOK:Northfield Precinct 53,,,,,,,,TRUE,,0.677387491,0.016466326,0.010968177,0.288771029,0.000919245,0.000913098,0.5002,0.666,0.334,0.6394,0.1218,0.0,0.0,0.2302,0.135009569,0.124270733,0.031329374,0.06980691,0.15913233,0.118119582,0.165367521,0.125266341,0.071697642,0.026571614,0.012080275,0.024145265,0.004848554,0.012079515,0.009665958,1.21e-05,1.71e-05,0.007240861,0.02419845,0.048359145,0.111152126,0.058004027,0.077310963,0.161747618,0.422566502,,-0.482417313,0.54973822,191.0,-0.283236994,173.0,0.143369176,558.0,57.4,176063,772,529,-2.000913725,1.27776173,-0.677573229,-0.543495776,-0.353721201,-0.48605525,-0.392024796,-0.401592789,-0.353721201,complete,COOK,Northfield Precinct 53,0,0,0,Northfield,1,0,0,414,276,184,183,138,92,0.0444,19.902344921952526,55,0.93514,35.84320296662487,99,0.01798,16.78359205616943,46,0.00076,8.12566431444666,22,0.00016,4.459680566930022,12,0.00152,10.170926638934896,28,4e-05,1.3939468269539779,4,COOK:8300053,COOK:8300053,COOK:NORTHFIELD PRECINCT 53,1.0,78.93604899,2.570728793,2.570728793,2.570728793,2.570728793,5.63957826,2.570728793,2.570728793,17.106562758597732,29.771523254857662,13.851357554580236,6.736101432656733,3.455011986765037,8.524280554204609,0.9627477674128728,20.378964984464258,36.65657971227957,17.275526267623345,8.281573597973466,4.49132944128255,10.432014607959914,1.4187861186975408,15.513672541897567,28.27138460375798,15.473416613642343,7.01401477093488,3.749205545194721,8.446314035177547,1.0160904013211298,1.0,0.3,0.2,1.000000826,1.000000071,1.000000114,1.000000057,1.399999943,1.0002895,460.7456873,460.3405834,2.505402954,0.468048104,2.03735485,0.005437713,0.001015849,0.004421864,1749.24,276,0.999265012,0.0,0.0,1.0,False
COOK:8000011,COOK:8000011,COOK:Maine Precinct 11,,,True,,,,,,,0.645315084,0.0901276,0.020678019,0.249284021,0.013033045,0.005422739,0.3173,0.8016,0.1984,0.868,0.0219,0.0,0.0047,0.1055,0.142596436,0.135062772,0.054932877,0.168190618,0.151973851,0.146762134,0.058653129,0.061569932,0.080258252,0.00544645,0.0,0.045474623,0.010738485,0.021422669,0.045492175,0.051040081,1.9e-05,0.00537135,0.019000292,0.125750458,0.085835011,0.056386589,0.219442,0.174156314,0.134424466,,-0.13320307,,,-0.31147541,61.0,,,47.4,128193,466,182,-0.513200203,,-0.776683717,,,,,-0.593924937,-0.593924937,demographic_only,COOK,Maine Precinct 11,0,0,0,Maine,1,0,0,143,95,63,115,87,58,0.11484,18.240322786143338,17,0.58752,26.49214212665983,25,0.27128,22.1006233799959,21,0.0082,9.514233176192704,9,0.0072,9.59549149228902,9,0.01084,10.271517487840127,10,0.00012,1.1821361460046422,1,COOK:8000011,COOK:8000011,COOK:MAINE PRECINCT 11,1.0,83.93753017,1.677593539,1.677593539,1.677593539,1.677593539,5.996908592,1.677593539,1.677593539,15.404339704461691,21.69713143816186,17.799691115354232,7.749404327711638,7.580033222460232,8.415579180616076,0.7466322878360754,18.50265704673587,26.89719693882977,22.505357649042505,9.675663343832756,9.743406556644079,10.439366094669957,1.1711271005257249,13.811449487761525,20.19699278706218,19.42175017441634,8.027317665989784,7.874226780889916,8.337612661589015,0.7999749217443324,1.0,0.3,0.2,1.000006993,1.005890117,1.009424187,1.004712094,1.395287906,1.099180115,249.7576847,249.1498739,1.215746918,0.314017697,0.901729221,0.004867706,0.001257289,0.003610416,1097.21,95,1.0,0.0,1.0000000000000002,0.0,False
COOK:8000015,COOK:8000015,COOK:Maine Precinct 15,,,True,,,,,,,0.572795276,0.05059736,0.013320026,0.356417369,0.009205733,0.000583678,0.3396,0.9628,0.0372,0.9028,0.0209,0.0,0.0,0.0763,0.136565942,0.074503675,0.082930509,0.212736796,0.072344186,0.187481585,0.095901582,0.092759752,0.044775973,0.018911743,0.007940693,0.003163441,0.037959742,0.025217274,0.023778669,0.056708377,0.006300991,0.020560691,0.082061086,0.017428651,0.080502006,0.146641844,0.099366111,0.173371561,0.20008712,,-0.195598215,0.327433628,113.0,-0.359223301,103.0,0.167883212,411.0,50.9,120367,778,360,-0.779014392,-0.086826957,-0.944268074,-0.465508901,-0.585429949,-0.568904581,-0.660502648,-0.618108171,-0.585429949,complete,COOK,Maine Precinct 15,0,0,0,Maine,1,0,0,282,188,125,100,75,50,0.11788,18.226446748719816,34,0.58796,26.45170759909839,50,0.26916,22.12315065239848,42,0.00618,9.520179238945683,18,0.00796,9.538272200833726,18,0.01066,10.331384007609037,19,0.0002,1.1993160451101148,2,COOK:8000015,COOK:8000015,COOK:MAINE PRECINCT 15,1.0,83.79531025,1.702990342,1.702990342,1.702990342,1.702990342,5.986747703,1.702990342,1.702990342,15.40284181576141,21.693510137403994,17.8011025212498,7.74796043027165,7.585185268508541,8.416323190144794,0.7463453145802827,18.500682459647503,26.892452270466038,22.507005294070762,9.673794634377728,9.74983466816556,10.440247111216753,1.1707582923363384,13.809951599061245,20.19337148630431,19.423161580311906,8.025873768549797,7.879378826938225,8.338356671117733,0.7996879484885397,1.0,0.3,0.2,1.0000154,1.002643951,1.004230321,1.002115161,1.397884839,1.177057709,448.8390684,448.0496865,1.579223218,0.529170315,1.050052904,0.003518462,0.001178976,0.002339486,1856.38,188,1.0,0.0,0.7254102912299761,0.0,False
COOK:8000032,COOK:8000032,COOK:Maine Precinct 32,,,True,,,,,,,0.697155997,0.052780152,0.011796642,0.231780954,0.011342899,0.001300863,0.2826,0.8071,0.1929,0.8851,0.0315,0.0,0.0,0.0835,0.158710269,0.092180344,0.063698918,0.11371237,0.106239011,0.207338263,0.075258901,0.061856206,0.121005718,0.004266744,0.003686909,0.004285046,0.004298294,0.045570459,0.01561679,0.009959278,0.018959925,0.007946121,0.062423305,0.022183758,0.199727286,0.249387501,0.115329192,0.16895506,0.06740433,,0.023782904,0.184615385,130.0,-0.46969697,132.0,0.180722892,498.0,53.5,110132,932,399,0.1555874,-0.96349872,-1.332005803,-0.424661832,-0.789904059,-0.641144739,-0.928076272,-0.792820859,-0.789904059,complete,COOK,Maine Precinct 32,0,0,0,Maine,1,0,0,312,208,139,104,78,52,0.1153,18.23254273688118,38,0.58904,26.493883643242526,55,0.27054,22.083102685249678,46,0.00696,9.55017518286721,20,0.00772,9.559069909254415,20,0.01032,10.26991242499347,21,0.00012,1.2618583705568756,3,COOK:8000032,COOK:8000032,COOK:MAINE PRECINCT 32,1.0,86.66894086,1.189834196,1.189834196,1.189834196,1.189834196,6.19205396,1.189834196,1.189834196,15.404645800017171,21.697818877976395,17.799604624086534,7.749491593866141,7.5791927780497454,8.415548920886827,0.7467081746098878,18.502997038074458,26.898001762785665,22.505185601340205,9.675746951188795,9.742323864285778,10.439300876808765,1.1712186357969967,13.811755583317005,20.197680226876713,19.42166368314864,8.027404932144288,7.873386336479429,8.337582401859766,0.8000508085181448,1.0,0.3,0.2,1.00001618,1.008797441,1.014075906,1.007037953,1.392962047,1.274381893,506.7854229,506.3877911,1.777822056,0.646895772,1.130926284,0.003508037,0.001276469,0.002231568,2110.24,208,1.0,0.0,0.9999037353293021,0.0,False
COOK:8000040,COOK:8000040,COOK:Maine Precinct 40,,,True,,,,,,,0.525263665,0.037732184,0.014798216,0.414095745,0.002961034,1.95e-06,0.3754,0.9604,0.0396,0.9378,0.0113,0.0,0.0,0.0508,0.115453682,0.107800812,0.080026729,0.08496515,0.105100715,0.183646279,0.154552831,0.118912394,0.049541407,0.01282788,0.017000853,5.15e-05,0.025396518,0.014875223,0.099526872,0.052883604,3.46e-05,0.042321083,0.048710551,0.046644959,0.070125187,0.154488214,0.12917545,0.086928239,0.19900926,,0.025942733,0.56097561,82.0,-0.108433735,83.0,0.220630372,349.0,55.3,111263,753,333,0.164788648,1.34674103,-0.06405311,-0.297703559,0.264559076,0.287443252,0.194259804,-0.602770535,0.264559076,complete,COOK,Maine Precinct 40,0,0,0,Maine,1,0,0,260,173,115,182,137,91,0.0795,18.865340420607623,33,0.57672,28.70092098242132,50,0.3398,25.655680148745326,44,0.00146,7.471209229734269,13,0.00084,6.493383879489162,11,0.0016,7.527040729650958,13,8e-05,2.392840892524199,4,COOK:8000040,COOK:8000040,COOK:MAINE PRECINCT 40,1.0,55.83586014,7.237152956,7.237152956,7.237152956,7.237152956,3.989187539,7.237152956,3.989187539,15.609640625203243,22.930412074286195,20.157869645934394,5.91966852948451,4.9593083900033745,6.011496678096142,1.769978647162969,19.238628128536845,29.23533598662786,26.213656223870235,7.585609519860368,6.6263300175612745,7.61794395193961,2.417270901884486,14.016750408503077,21.430273423186513,21.7799287049965,6.197581867762657,5.253501948433058,5.933530159069081,1.823321281071226,1.0,0.3,0.2,1.000008372,1.001133036,1.001812857,1.000906429,1.399093571,1.079165544,425.3317478,424.5812083,1.503486969,0.503201277,1.000285692,0.003534857,0.00118308,0.002351778,1483.31,173,1.0,0.0,0.00021131433639176993,0.001090687161012194,True
COOK:8000051,COOK:8000051,COOK:Maine Precinct 51,,,True,,,,,,,0.503659235,0.132234321,0.039916079,0.32521659,0.007284125,0.001039386,0.2446,0.6885,0.3115,0.8758,0.0067,0.0747,0.0034,0.0394,0.120425887,0.184237103,0.162345726,0.09476249,0.112425525,0.145224773,0.0948433,0.047430743,0.038304451,0.050227929,5.91e-05,0.057368648,0.01791113,0.029869569,0.039422736,0.031061928,0.021508128,0.008442907,0.120549554,0.150466023,0.202980248,0.013243666,0.074007245,0.074176701,0.108704535,,0.169009174,0.365384615,104.0,-0.487179487,78.0,0.318435754,358.0,45.8,72320,772,321,0.774276614,0.146130388,-1.393365505,0.013446188,-0.331642291,-0.114878079,-0.587339776,-0.218722514,-0.331642291,complete,COOK,Maine Precinct 51,0,0,0,Maine,1,0,0,251,167,111,204,153,102,0.0592,16.77410738966877,28,0.77376,29.890460221027652,50,0.15014,20.79337772467146,35,0.00568,9.753405397258172,16,0.0049,9.206962944704703,15,0.00616,9.615061059555643,16,0.00016,1.42070715153224,2,COOK:8000051,COOK:8000051,COOK:MAINE PRECINCT 51,1.0,78.35977412,2.673636588,2.673636588,2.673636588,2.673636588,5.598406358,2.673636588,2.673636588,14.803414635515715,25.514468699930646,17.60709319264369,8.339556375213535,7.582737845892319,8.217666290814584,0.9712480875451484,17.016188739153158,30.351529826405102,21.199561788386646,9.941279331241148,9.31113640460098,9.74024132732147,1.3748373131721512,13.210524418815549,24.014330048830963,19.229152251705795,8.617469713491682,7.8769314043220025,8.139699771787523,1.0245907214534054,1.0,0.3,0.2,1.000001556,1.003390737,1.005425179,1.002712589,1.397287411,1.018891627,410.6616062,409.7763729,3.503096994,2.051487608,1.451609386,0.008530374,0.004995567,0.003534807,1964.76,167,0.999535575,0.0,0.9987206040779307,0.0,False
COOK:8000073,COOK:8000073,COOK:Maine Precinct 73,,,True,,,,,,,0.600475761,0.09521001,0.036093184,0.270423317,0.008584608,0.000368801,0.3466,0.5969,0.4031,0.8971,0.0133,0.0,0.0,0.0747,0.033137417,0.000559279,0.056875078,0.147806433,0.073889842,0.122691303,0.254351335,0.074570948,0.236118365,0.192655823,0.067966594,0.059369296,3.52e-05,0.079962927,0.092911325,1.44e-05,3.84e-05,0.014715753,0.032010014,0.048284162,0.167087472,0.043983695,0.041427596,0.12992397,0.029613472,,0.188448365,0.03125,64.0,-0.536231884,69.0,0.234285714,350.0,62.9,47394,740,299,0.857090955,-1.904912783,-1.565528385,-0.254261612,-0.95916489,-0.716902956,-1.128889976,-0.537345032,-0.95916489,complete,COOK,Maine Precinct 73,0,0,0,Maine,1,0,0,234,156,104,101,76,51,0.1375,19.280133240616426,30,0.62716,27.262940017197458,43,0.21394,21.28674826526666,33,0.0068,9.391638736016382,15,0.00562,8.976283024161463,14,0.00882,9.830073779656425,15,0.00016,1.1569156256518016,2,COOK:8000073,COOK:8000073,COOK:MAINE PRECINCT 73,1.0,88.34885706,0.889844589,0.889844589,0.889844589,0.889844589,6.312075407,0.889844589,0.889844589,16.399496594226257,22.537355841977078,17.287199785796552,7.737904662515746,7.1663727919402485,8.108074387811284,0.7179278189593101,19.62234595718817,27.76807244664697,21.69228652826357,9.589771267161176,9.156656110425175,9.981054698870047,1.124587721725559,14.806606377526089,21.037217190877396,18.90925884485866,8.015818000793892,7.460566350369932,8.030107868784222,0.7712704528675671,1.0,0.3,0.2,1.000002244,1.000967731,1.001548369,1.000774184,1.399225816,1.020790841,335.2888305,334.5872669,3.041115326,1.871842711,1.169272614,0.009070136,0.005582777,0.003487359,1564.3,156,1.0,0.0,0.1260250871406706,0.00035851990667681697,False
COOK:8200003,COOK:8200003,COOK:Niles Precinct 3,,,True,,,,,,,0.746669319,0.055582461,0.023987405,0.170244544,0.002344416,9.55e-07,0.4786,0.8028,0.1972,0.6637,0.1121,0.0033,0.007,0.2029,0.138486524,0.124235228,0.060593977,0.119636149,0.118651651,0.139008885,0.151221368,0.093174343,0.054991877,0.030504887,0.005549851,0.004159899,0.012503696,0.011096422,0.019408745,0.006937799,0.019415388,0.005544009,0.031927675,0.04717425,0.127536897,0.101241811,0.104009715,0.141504486,0.331484469,,-0.249460148,0.230046948,213.0,-0.326315789,190.0,-0.041871921,812.0,53.7,143508,1190,722,-1.008475612,-0.684622803,-0.828770109,-1.132806093,-0.895698104,-0.913668654,-0.878718395,-0.367298885,-0.895698104,complete,COOK,Niles Precinct 3,0,0,1,Niles,1,0,0,564,376,251,286,215,143,0.11236,20.819654713563448,78,0.80846,31.481523090523943,118,0.07078,18.811987097209425,71,0.0019,8.038711067239216,30,0.00084,5.584720154457405,21,0.00554,10.904417857896897,41,0.00012,1.1947545515372557,4,COOK:8200003,COOK:8200003,COOK:NILES PRECINCT 3,1.0,87.77962632,0.991494484,0.991494484,0.991494484,0.991494484,6.271406773,0.991494484,0.991494484,17.094744915327084,25.078397687476624,14.757963114990105,6.399008576698027,4.197658041913918,8.75290690447052,0.7468501022530296,21.212273715427898,32.13239470501367,19.296327204351268,8.228590366885172,5.658413933919006,11.190193230740125,1.2165815739435217,15.50185469862692,23.57825903637694,16.38002217405221,6.676921914976174,4.491851600343602,8.674940385443458,0.8001927361612866,1.0,0.3,0.2,1.001854798,1.000140512,1.00022482,1.00011241,1.39988759,1.6,702.8715688,700.622016,4.126783068,1.034174428,3.092608641,0.005871319,0.001471356,0.004399963,2148.0,376,1.0,0.0,0.15535639041466148,0.8446436095853384,False
COOK:8200030,COOK:8200030,COOK:Niles Precinct 30,,,True,,,,,,,0.523998077,0.088933959,0.008866179,0.380600037,0.007214009,0.001602022,0.4571,0.9038,0.0962,0.6242,0.0287,0.0,0.0146,0.3204,0.040120798,0.121566973,0.077048172,0.1208914,0.211533582,0.139366692,0.109367586,0.075492382,0.104612416,0.027414384,1.29e-05,0.00551169,0.010924054,0.01461203,3.61e-05,0.036402717,0.010939844,0.072808307,0.031017317,0.041860899,0.369294698,0.113015656,0.000190244,0.07468547,0.191273699,,-0.014897334,0.388059701,134.0,-0.184210526,76.0,0.242774566,346.0,48.9,91820,639,286,-0.009197154,0.285318542,-0.330012601,-0.227255899,-0.102368323,-0.070286778,-0.154313487,-0.022965041,-0.102368323,complete,COOK,Niles Precinct 30,0,0,1,Niles,1,0,0,224,149,99,173,130,87,0.05836,16.743096316489883,25,0.77378,29.954640744947326,45,0.152,20.817625130669445,31,0.00528,9.761583202988067,15,0.00446,9.119858603857741,14,0.00602,9.596709747636801,14,0.0001,1.3932492205978833,2,COOK:8200030,COOK:8200030,COOK:NILES PRECINCT 30,1.0,70.93049933,4.000313021,4.000313021,4.000313021,4.000313021,5.067622551,4.000313021,4.000313021,14.802806130414805,25.51285550799976,17.60821219368887,8.338408327746759,7.585404692503437,8.218297593298992,0.9711780995485377,17.015274600323522,30.34922290662114,21.200641665249545,9.939779890603521,9.314234212867339,9.740887972367954,1.3747334822476553,13.209915913714639,24.012716856900077,19.230271252750978,8.616321666024906,7.879598250933121,8.14033107427193,1.0245207334567947,1.0,0.3,0.2,1.056752425,1.024061822,1.038498916,1.019249458,1.380750542,1.6,223.8393014,223.5844407,1.531241102,1.019858276,0.511382826,0.006840805,0.004556207,0.002284598,1147.13,149,1.0,0.0,0.9999999999999998,0.0,False
COOK:8200032,COOK:8200032,COOK:Niles Precinct 32,,,True,,,,,,,0.624334717,0.064145954,0.100066897,0.212999071,0.006277793,3.86e-06,0.3888,0.6903,0.3097,0.7305,0.1227,0.008,0.0447,0.0722,0.100282488,0.065442942,0.06830964,0.10322935,0.101712352,0.17002664,0.188929719,0.135139461,0.06692741,0.061762603,0.173413617,0.01764878,0.032431933,1.9e-05,0.144053153,0.017627112,0.0,0.029406507,0.017705658,0.141103565,0.085324102,0.111726851,0.047117582,0.094162034,0.026497545,,-0.007884172,0.11627907,86.0,-0.162790698,86.0,0.422222222,225.0,57.3,60631,401,267,0.020680138,-1.382972567,-0.254833823,0.343623656,-0.345927045,-0.318375649,-0.33321868,-0.110310572,-0.345927045,complete,COOK,Niles Precinct 32,0,0,1,Niles,1,0,0,209,139,93,88,66,44,0.04254,19.914262571846994,28,0.9346,35.81060745726505,50,0.0197,16.84925569026882,23,0.00108,8.09648303764637,11,0.00012,4.432250570167047,6,0.00192,10.225667954394238,14,4e-05,1.4219937391423911,2,COOK:8200032,COOK:8200032,COOK:NILES PRECINCT 32,1.0,78.73513936,2.606606057,2.606606057,2.606606057,2.606606057,5.625224292,2.606606057,2.606606057,17.094509557163573,29.762640565617673,13.855648114305367,6.7385043838022955,3.4566065218947806,8.52688716655521,0.963071453913023,20.366328944763833,36.64989802213993,17.283163777359274,8.28560401143185,4.493868577464285,10.436511897230108,1.4193994998913841,15.501619340463407,28.26250191451799,15.477707173367474,7.016417722080442,3.7508000803244643,8.44892064752815,1.01641408782128,1.0,0.3,0.2,1.086719674,1.000145885,1.000233416,1.000116708,1.399883292,1.6,98.76092634,97.87676406,1.326243416,0.972578505,0.353664911,0.013428827,0.009847807,0.003581021,817.88,139,1.0,0.0,0.0,0.9999999999999998,False
COOK:8200038,COOK:8200038,COOK:Niles Precinct 38,,,True,,,,,,,0.55488127,0.059780896,0.022866042,0.358862392,0.002410028,0.000801739,0.3801,0.8527,0.1473,0.7848,0.0754,0.0057,0.0063,0.1049,0.067506071,0.07799363,0.075981099,0.119241764,0.120443036,0.105644176,0.184294573,0.17019965,0.078696002,0.007009183,0.006979051,1.36e-05,0.063685222,0.039810141,0.100521702,0.021900507,0.068668939,2.59e-05,0.07367074,0.060749179,0.134450367,0.098644608,0.108568504,0.148410845,0.066891495,,-0.055902759,0.379518072,332.0,-0.177966102,236.0,0.235751295,772.0,58.8,85592,1401,798,-0.183887409,0.23288683,-0.308096078,-0.249599137,-0.139594815,-0.127173948,-0.175779241,-0.373351333,-0.139594815,complete,COOK,Niles Precinct 38,0,0,1,Niles,1,0,0,624,416,277,326,245,163,0.06116,17.25171710203378,72,0.78898,30.258461705049623,126,0.1345,20.443321420948422,85,0.00552,9.72933862944991,40,0.00382,8.948120423617196,37,0.00578,9.424768972752492,39,0.00024,1.3303601491370756,6,COOK:8200038,COOK:8200038,COOK:NILES PRECINCT 38,1.0,72.33016737,3.750368489,3.750368489,3.750368489,3.750368489,5.167621697,3.750368489,3.750368489,15.281908541885727,25.918050814918164,17.36121425122209,8.333371620761543,7.384893875684707,8.070122539102224,0.957443714602636,17.537814329878163,30.74021350587908,20.82941638738056,9.900048692074698,9.043110813718094,9.531468698032608,1.3527023033174688,13.689018325185561,24.41791216381848,18.983273310284197,8.61128495903969,7.679087434114391,7.9921560200751625,1.010786348510893,1.0,0.3,0.2,1.000225552,1.003517608,1.005628173,1.002814087,1.397185913,1.6,898.12689,894.2710592,7.472248265,3.209927107,4.262321158,0.008319814,0.003574024,0.004745789,2269.44,416,1.0,0.0,0.9998127233403681,0.00018727665963169448,False
COOK:8200046,COOK:8200046,COOK:Niles Precinct 46,,,True,,,,,,,0.582284448,0.04450307,0.011965542,0.36187042,0.002510425,0.001252475,0.4712,0.965,0.035,0.7117,0.0291,0.0,0.003,0.2562,0.113291333,0.089252286,0.096384234,0.109855152,0.111491988,0.167187417,0.128140834,0.0875232,0.096873554,0.055852437,2.16e-06,0.006470195,0.009556532,0.027147815,0.027083578,0.014437781,0.017572271,0.019199786,0.016046958,0.04785545,0.17214535,0.130774025,0.044693953,0.086073807,0.325087904,,-0.056572886,0.454545455,154.0,-0.307189542,153.0,0.27198364,489.0,53.9,116561,956,536,-0.186742267,0.693432953,-0.761641285,-0.134332628,-0.154810708,-0.097320806,-0.287674804,-0.302091693,-0.154810708,complete,COOK,Niles Precinct 46,0,0,1,Niles,1,0,0,419,279,186,226,170,113,0.05764,16.709437583239733,47,0.7738,29.904324428496082,83,0.15178,20.81983087582844,58,0.00568,9.842557834645927,27,0.00486,9.213784566709252,26,0.0061,9.678996622131073,27,0.00014,1.3613270636309331,4,COOK:8200046,COOK:8200046,COOK:NILES PRECINCT 46,1.0,72.87950956,3.652270173,3.652270173,3.652270173,3.652270173,5.206869396,3.652270173,3.652270173,14.803056963930475,25.51347137737436,17.607939535415728,8.338687481474352,7.584503754741907,8.218151107104688,0.9712230551879262,17.015599641532944,30.350015060208033,21.200347942445674,9.940130833344561,9.313164906959436,9.740726281294442,1.3747900644955968,13.210166747230309,24.013332726274676,19.229998594477834,8.616600819752499,7.878697313171591,8.140184588077627,1.0245656890961832,1.0,0.3,0.2,1.014814009,1.009878366,1.015805386,1.007902693,1.392097307,1.6,353.2571028,352.3278424,3.389530651,2.983209999,0.406320652,0.009595081,0.008444869,0.001150212,1499.08,279,1.0,0.0,1.0000000000000007,0.0,False
COOK:8200050,COOK:8200050,COOK:Niles Precinct 50,,,True,,,,,,,0.54422029,0.085551412,0.021846753,0.345867578,0.00438028,0.001248558,0.2892,0.9113,0.0887,0.8226,0.0428,0.0,0.0,0.1288,0.121725184,0.133269444,0.044343224,0.082488693,0.17036932,0.123057006,0.163706934,0.105117866,0.05592233,0.050267891,0.022629259,0.023871943,0.011377422,0.013845119,0.027677707,0.023887386,0.005039029,0.041480675,0.030244897,0.028937167,0.08555569,0.134589323,0.163441758,0.243922053,0.093232679,,0.021297853,0.098214286,224.0,-0.020134228,149.0,0.245841035,541.0,54.5,125091,901,514,0.14500065,-1.493860964,0.245858298,-0.217500494,-0.320039863,-0.330125628,-0.204843078,-0.557473437,-0.320039863,complete,COOK,Niles Precinct 50,0,0,1,Niles,1,0,0,402,268,179,223,168,112,0.05842,16.681073565429607,45,0.77462,29.881337929231666,80,0.15054,20.83121380934979,56,0.0056,9.811524246632908,26,0.00446,9.093398124450577,24,0.00612,9.62464962902368,26,0.00024,1.3869890604099229,4,COOK:8200050,COOK:8200050,COOK:NILES PRECINCT 50,1.0,78.04798162,2.729314668,2.729314668,2.729314668,2.729314668,5.576130374,2.729314668,2.729314668,14.803227253581948,25.513928862349957,17.607603207517972,8.339032611113371,7.583733063962591,8.217960460550945,0.9712406621849528,17.015861824229663,30.350680159433608,21.200027134983483,9.940583275681405,9.312272474780208,9.74053243324256,1.3748174279297452,13.210337036881782,24.013790211250274,19.22966226658008,8.616945949391518,7.877926622392275,8.139993941523883,1.0245832960932097,1.0,0.3,0.2,1.000082996,1.002223774,1.003558039,1.001779019,1.398220981,1.6,308.5570185,307.6973848,1.14676506,0.286913403,0.859851658,0.003716542,0.000929855,0.002786686,2171.59,268,1.0,0.0,0.9994778640601786,0.0005221359398203314,False
COOK:8200052,COOK:8200052,COOK:Niles Precinct 52,,,True,,,,,,,0.538847116,0.070321273,0.026468854,0.359801209,0.011864546,1.59e-06,0.478,0.9531,0.0469,0.7266,0.0325,0.0,0.0069,0.2259,0.071034516,0.139585265,0.057741246,0.093634418,0.156008837,0.12948926,0.167644827,0.06553631,0.119325321,0.051603613,0.0,4.87e-06,0.010749434,0.032245104,2.67e-05,0.032259367,0.025793349,0.034414821,0.05589836,0.025822482,0.240867121,0.077478055,0.015071789,0.073112129,0.32465284,,-0.053734368,0.45631068,103.0,-0.011494253,87.0,0.24,350.0,55.1,98995,603,291,-0.174649686,0.704268564,0.276182667,-0.236082667,0.187512955,0.14242972,0.214263544,-0.192403163,0.187512955,complete,COOK,Niles Precinct 52,0,0,1,Niles,1,0,0,228,152,101,156,117,78,0.05734,16.790328303438983,26,0.77564,29.88579445913332,45,0.1507,20.802139596399797,32,0.0057,9.831432744524728,15,0.00492,9.161713746996714,14,0.00558,9.604459561590946,15,0.00012,1.3642398246032408,2,COOK:8200052,COOK:8200052,COOK:NILES PRECINCT 52,1.0,59.15206759,6.479141021,6.479141021,6.479141021,6.479141021,4.226113654,6.479141021,4.226113654,14.815600445054756,25.524051698408027,17.60121933881363,8.338781950078006,7.5791533761356,8.214114322755798,0.970825275453759,17.02939028908129,30.36037903965551,21.190389802341407,9.939402721538485,9.305962525655847,9.735077694033233,1.3741726579749083,13.22271022835459,24.023913047308344,19.223278397875738,8.616695288356153,7.873346934565284,8.136147803728736,1.024167909362016,1.0,0.3,0.2,1.018861211,1.070337315,1.112539703,1.056269852,1.343730148,1.6,476.1392699,475.5964984,3.254671089,2.170433409,1.08423768,0.006835544,0.0045584,0.002277144,1656.95,152,1.0,0.0,1.0000000000000009,0.0,False
COOK:8200060,COOK:8200060,COOK:Niles Precinct 60,,,True,,,,,,,0.59484097,0.057910856,0.066541501,0.275406768,0.013018184,0.001444241,0.351,0.7255,0.2745,0.7815,0.0788,0.0091,0.0588,0.0595,0.09718865,0.079089517,0.066759187,0.115048867,0.089893722,0.158138429,0.180005976,0.121999447,0.091876205,0.060968886,0.129884569,0.018275071,0.061933938,0.007146694,0.119741121,0.010169443,3.14e-05,0.02739284,0.039846066,0.113909919,0.096548687,0.09753334,0.069199864,0.110764383,0.036653759,,-0.124516501,0.203703704,216.0,-0.088495575,226.0,0.482309125,537.0,57.5,63241,1053,651,-0.476193905,-0.846327483,0.005925347,0.534779034,-0.147242327,-0.195454252,-0.106966407,-0.232537123,-0.147242327,complete,COOK,Niles Precinct 60,0,0,1,Niles,1,0,0,509,339,226,258,194,129,0.04534,19.94852835794849,68,0.93244,35.84285984441659,122,0.01928,16.780050641665202,57,0.00094,8.122544712654046,28,0.00026,4.465339402280528,15,0.00172,10.19555756964518,35,2e-05,1.4159897300764421,5,COOK:8200060,COOK:8200060,COOK:NILES PRECINCT 60,1.0,72.60789906,3.700772788,3.700772788,3.700772788,3.700772788,5.18746421,3.700772788,3.700772788,17.11901890053022,29.782102528475495,13.843912724684067,6.736942076132392,3.4491133193800327,8.519800513202199,0.9622643491180989,20.393075046112223,36.66726245225256,17.264951105876122,8.282009398201971,4.483687179599633,10.425725714418718,1.4180638338194596,15.526128683830056,28.281963877375812,15.465971783746173,7.014855414410539,3.7433068778097165,8.441833994175138,1.0156069830263559,1.0,0.3,0.2,1.257072717,1.000097239,1.000155583,1.000077791,1.399922209,1.6,497.1729256,494.5554717,4.533425349,2.757750401,1.775674948,0.009118408,0.005546864,0.003571544,2390.03,339,1.0,0.0,0.0,0.9999999999999992,False
CITY OF CHICAGO:WARD 40 PRECINCT 15,CITY OF CHICAGO:WARD 40 PRECINCT 15,CITY OF CHICAGO:Ward 40 Precinct 15,,,,,,,,,,0.691882952,0.138821939,0.046805571,0.104928661,0.021959851,0.00077484,0.6629,0.4061,0.5939,0.3131,0.2515,0.0132,0.0263,0.3932,0.094190912,0.033383276,0.16889947,0.267121952,0.162950428,0.164695438,0.059560688,0.028609491,0.020588345,0.033602875,0.00499205,0.010188139,0.03795241,0.059110314,0.00687318,0.006215833,0.061423548,0.023018067,0.064112848,0.056251743,0.097907427,0.146665735,0.051174033,0.120942544,0.219569254,40015.0,0.283296475,0.257142857,140.0,0.164619165,407.0,0.723837209,688.0,38.9,106537,922,843,1.26116043,-0.518297985,0.894301149,1.303155997,0.69839397,0.735079898,0.73023822,0.577323902,0.69839397,complete,CITY OF CHICAGO,Ward 40 Precinct 15,1,0,0,,0,0,0,734,489,326,144,108,72,0.02152,13.578569709538302,66,0.3765,25.761460856040543,126,0.56974,28.134183711388737,138,0.0305,15.90522050046221,78,0.0012,7.38645294269529,36,0.00046,3.0868992681095007,15,8e-05,2.9486271026009847,14,CITY OF CHICAGO:WARD 40 PRECINCT 15,CITY OF CHICAGO:WARD 40 PRECINCT 15,CITY OF CHICAGO:WARD 40 PRECINCT 15,1.2,36.94649755,11.55484493,11.55484493,11.55484493,11.55484493,2.639638886,11.55484493,2.639638886,12.009527799180185,21.811936827649426,23.41780310255728,13.347210019713584,5.9829614097195,2.7518404080947123,2.316347359449077,13.886363356665063,26.330938528353663,28.73829006650463,16.26282948498844,7.525891456002238,3.226999692881938,2.963462144884718,10.41663758248002,20.311798176549743,25.039862161619386,13.62512335799173,6.277154968149183,2.673873889067651,2.369689993357334,0.2,0.3,1.0,1.001821548,1.5,1.8,1.4,1.0,1.001560105,372.1985129,331.2662687,86.18701809,60.89443021,25.29258787,0.231561962,0.163607398,0.067954565,1790.911297,489,1.0,1.0000000000000002,0.0,0.0,False
CITY OF CHICAGO:WARD 40 PRECINCT 16,CITY OF CHICAGO:WARD 40 PRECINCT 16,CITY OF CHICAGO:Ward 40 Precinct 16,,,,,,,,,,0.67034891,0.171483883,0.035321443,0.102119833,0.015107046,0.00367985,0.5692,0.5313,0.4687,0.4158,0.1681,0.0001,0.0331,0.3829,0.068355952,0.084819092,0.125189636,0.258165525,0.173056989,0.119821532,0.102214504,0.034127175,0.034249596,3.51e-10,2.31e-10,0.033218554,0.01003044,0.023845199,2.88e-09,0.00234543,0.079424301,0.0249264,0.09948518,0.036171134,0.138039132,0.13716999,0.061442678,0.14820266,0.205698899,40016.0,0.326490081,0.434920635,315.0,0.265536723,354.0,0.699088146,658.0,41.6,109571,867,803,1.445172718,0.572968472,1.248499078,1.224421427,1.10309806,1.122765424,1.12824479,0.338363312,1.10309806,complete,CITY OF CHICAGO,Ward 40 Precinct 16,1,0,0,,0,0,0,671,447,298,156,117,78,0.02336,13.693328533061836,61,0.40412,25.93451871708644,116,0.53972,27.660144486041073,124,0.0309,15.843554982909968,71,0.00122,7.380889808549193,33,0.00066,3.526224980395934,16,2e-05,2.878606197840495,13,CITY OF CHICAGO:WARD 40 PRECINCT 16,CITY OF CHICAGO:WARD 40 PRECINCT 16,CITY OF CHICAGO:WARD 40 PRECINCT 16,1.2,22.6838977,14.81496092,14.81496092,14.81496092,14.81496092,1.620648841,14.81496092,1.620648841,12.071111610395974,21.929011262809162,23.00795266822585,13.242634296066246,5.9454680155536686,2.964755184202806,2.292157981745098,13.990591153201576,26.534932274761875,28.304195724344527,16.171971315518416,7.497145473109342,3.495643807236426,2.9402949821085254,10.478221393695808,20.42887261170948,24.630011727287958,13.520547634344393,6.239661573983352,2.886788665175745,2.345500615653355,0.2,0.3,1.0,1.000896062,1.5,1.8,1.4,1.0,1.001037589,341.5990862,303.9978317,77.81055625,55.14576896,22.66478729,0.227783268,0.161434182,0.066349086,1442.84694,447,1.0,0.9999999999999996,0.0,0.0,False
CITY OF CHICAGO:WARD 40 PRECINCT 19,CITY OF CHICAGO:WARD 40 PRECINCT 19,CITY OF CHICAGO:Ward 40 Precinct 19,,,,,,,,,,0.685831811,0.174298921,0.038719753,0.085215051,0.022328217,0.00241334,0.4928,0.5294,0.4706,0.3934,0.2467,0.0071,0.0272,0.312,0.133370862,0.063410589,0.121482972,0.315232449,0.160515294,0.078147948,0.065369286,0.037553458,0.024917142,0.020501229,0.009303558,0.027616471,0.022964584,0.04082349,0.011058122,0.008255043,0.008333679,0.061983651,0.105646418,0.079809681,0.094719372,0.172538071,0.099477645,0.056313206,0.18065578,40019.0,0.244617689,0.233160622,193.0,0.088161209,397.0,0.620289855,690.0,37.8,101302,1039,921,1.096382062,-0.665509908,0.625950922,0.973739226,0.460597462,0.507640576,0.484259531,0.334082073,0.460597462,complete,CITY OF CHICAGO,Ward 40 Precinct 19,1,0,0,,0,0,0,735,490,327,136,102,68,0.02038,13.565023849964785,66,0.371,25.609959139556192,125,0.57644,28.221850322419385,138,0.0304,15.955177826584938,78,0.00114,7.427481559949631,36,0.00046,3.096429952181966,15,0.00018,2.9344002662749844,14,CITY OF CHICAGO:WARD 40 PRECINCT 19,CITY OF CHICAGO:WARD 40 PRECINCT 19,CITY OF CHICAGO:WARD 40 PRECINCT 19,1.2,47.15470991,9.221472573,9.221472573,9.221472573,9.221472573,3.368963614,9.221472573,3.368963614,11.984816138577969,21.76507975994387,23.584707301441764,13.389886791080242,5.997235237138746,2.6650810362338406,2.3262989958861446,13.844448047240313,26.24903809474904,28.914380503452275,16.29975330939905,7.536311677622653,3.117865013740369,2.972978084076947,10.391925921877803,20.264941108844187,25.20676636050387,13.667800129358389,6.29142879556843,2.5871145172067793,2.3796416297944014,0.2,0.3,1.0,1.000371731,1.5,1.8,1.4,1.0,1.003063035,465.580744,454.8362011,29.1513435,19.86628165,9.285061856,0.062612863,0.042669895,0.019942968,2155.702375,3,0.508697605,0.9999999999999999,0.0,0.0,False
CITY OF CHICAGO:WARD 40 PRECINCT 20,CITY OF CHICAGO:WARD 40 PRECINCT 20,CITY OF CHICAGO:Ward 40 Precinct 20,,,,,,,,,,0.71342699,0.153159543,0.037830372,0.077687512,0.019209586,0.002032058,0.5615,0.4115,0.5885,0.4239,0.2549,0.0095,0.0794,0.2252,0.100614834,0.025387032,0.204512678,0.350935844,0.130848749,0.064937156,0.070331446,0.043549817,0.008882445,0.041514855,0.010578231,0.016249114,0.007025551,0.019353525,0.017640732,0.025214576,0.017112323,0.0474354,0.076204634,0.081372309,0.155253684,0.139623548,0.137715161,0.068317029,0.139389327,40020.0,0.428342713,0.333333333,147.0,-0.083900227,441.0,0.591478697,798.0,35.9,97592,1065,933,1.879082677,-0.050612362,0.022053985,0.882081852,0.497448669,0.683151538,0.365229158,0.463813722,0.497448669,complete,CITY OF CHICAGO,Ward 40 Precinct 20,1,0,0,,0,0,0,1160,773,515,174,131,87,0.0213,13.49504778844336,104,0.36332,25.57950548182626,198,0.58382,28.373191764646933,219,0.02978,15.974554344644016,123,0.00134,7.48033806925161,58,0.00028,2.9797359260421015,23,0.00016,2.918921907784334,23,CITY OF CHICAGO:WARD 40 PRECINCT 20,CITY OF CHICAGO:WARD 40 PRECINCT 20,CITY OF CHICAGO:WARD 40 PRECINCT 20,1.2,45.5251392,9.593956523,9.593956523,9.593956523,9.593956523,3.252539094,9.593956523,3.252539094,11.966715585648295,21.730719848965506,23.706103874431868,13.420913130957702,6.00794298573489,2.601981178346527,2.3335026081391756,13.813873914708521,26.189261156831655,29.042303328317875,16.326575186660865,7.544288796267642,3.038621752869662,2.9798505946244678,10.373825368948129,20.230581197865824,25.328162933493974,13.698826469235849,6.302136544164574,2.524014659319466,2.3868452420474324,0.2,0.3,1.0,1.000366713,1.5,1.8,1.4,1.0,1.001837832,684.1071611,659.1939165,55.27444615,34.28501082,20.98943533,0.080797935,0.050116433,0.030681502,2575.624972,773,0.999999975,0.9999999999999999,0.0,0.0,False
CITY OF CHICAGO:WARD 41 PRECINCT 28,CITY OF CHICAGO:WARD 41 PRECINCT 28,CITY OF CHICAGO:Ward 41 Precinct 28,,,,,,,,,,0.852636121,0.08716025,0.014264664,0.033653522,0.015195415,0.000491333,0.4313,0.6533,0.3467,0.6743,0.1277,0.0,0.0501,0.1381,0.157038563,0.096756158,0.109407407,0.21331126,0.074965463,0.16827765,0.079500709,0.063756034,0.036986755,0.024331387,0.006216302,0.02589141,0.021067132,0.014400398,0.06273745,0.073135533,0.002869063,0.030511114,0.013272232,0.09222382,0.091129056,0.133269166,0.085424518,0.110061228,0.21346019,41028.0,-0.140610918,-0.023809524,84.0,-0.695067265,446.0,0.243979058,955.0,44.9,107919,1343,714,-0.544758926,-2.242888724,-2.123004844,-0.22342403,-1.441343723,-1.283519131,-1.609240865,-0.325778325,-1.441343723,complete,CITY OF CHICAGO,Ward 41 Precinct 28,1,0,0,,0,0,0,704,469,313,149,112,75,0.1653,21.619707541825345,101,0.46478,27.040706615042144,127,0.36606,25.560502531473027,120,0.00092,6.402796379934624,30,0.0009,6.1923722688768335,29,0.00184,7.791964209173035,37,0.0002,2.305587358877996,11,CITY OF CHICAGO:WARD 41 PRECINCT 28,CITY OF CHICAGO:WARD 41 PRECINCT 28,CITY OF CHICAGO:WARD 41 PRECINCT 28,1.5,91.065444,0.404732384,0.404732384,0.404732384,0.404732384,6.506161694,0.404732384,0.404732384,17.177527437219588,20.86744684680385,19.330783644041798,4.94268608932804,4.509419555518304,6.01813736977595,1.6379108989342501,22.04649510293533,27.562749298591605,26.197204736559826,6.5856490847524265,6.286336715680074,7.924761746936255,2.3315780448251515,15.584637220519422,19.36730819570417,20.952842703103904,5.220599427606187,4.803613113947987,5.940170850748888,1.6912535328425071,0.2,0.3,1.0,1.000000469,1.0,1.0,1.0,1.0,1.12679101,525.9261399,521.9510405,9.267638444,3.420471105,5.847167338,0.017621559,0.00650371,0.011117849,2620.018388,9,0.609183278,0.0,0.0,0.0,True
CITY OF CHICAGO:WARD 41 PRECINCT 29,CITY OF CHICAGO:WARD 41 PRECINCT 29,CITY OF CHICAGO:Ward 41 Precinct 29,,,,,,,,,,0.876320575,0.072774611,0.012703781,0.029260312,0.011296139,1.16e-11,0.3957,0.9681,0.0319,0.7425,0.058,0.0,0.0936,0.105,0.140132461,0.095796664,0.083418392,0.159457931,0.109438031,0.199110676,0.123130393,0.045379503,0.044135948,0.080090387,4.13e-10,0.026317985,0.009626214,0.001698702,0.01518926,0.022947001,0.003044049,0.021465378,0.001698702,0.032895714,0.058438788,0.084239886,0.109873975,0.133387682,0.399086275,41029.0,-0.117679931,0.022222222,45.0,-0.72875226,553.0,0.155190134,973.0,50.9,162173,1342,697,-0.447068926,-1.96032866,-2.2412316,-0.505889583,-1.468045959,-1.288629692,-1.658566341,-0.52493792,-1.468045959,complete,CITY OF CHICAGO,Ward 41 Precinct 29,1,0,0,,0,0,0,863,575,383,139,105,70,0.18762,22.12553910378121,127,0.54134,27.789304429992413,160,0.26538,23.812265898534264,137,0.00098,5.97904959417271,34,0.00092,6.024693615207717,35,0.00352,8.932245960712384,51,0.00024,2.239344363710105,13,CITY OF CHICAGO:WARD 41 PRECINCT 29,CITY OF CHICAGO:WARD 41 PRECINCT 29,CITY OF CHICAGO:WARD 41 PRECINCT 29,1.5,91.15823671,0.388162004,0.388162004,0.388162004,0.388162004,6.51279126,0.388162004,0.388162004,17.40755649027981,21.30478797631485,17.79712236627846,4.552029426747625,4.369455202776796,6.8142601932045475,1.547288054113876,22.551937708227655,28.417410396131608,24.38059265179341,6.121468907522155,6.15652024235032,9.076971401664224,2.2298734225913086,15.814666273579643,19.804649325215166,19.419181425340568,4.829942765025772,4.663648761206479,6.736293674177486,1.600630688022133,0.2,0.3,1.0,1.00000123,1.0,1.0,1.0,1.0,1.314687698,600.5958227,595.7523081,10.897908,4.036262234,6.861645766,0.018145161,0.00672043,0.011424731,1963.464304,575,0.999999988,0.0,0.0,0.0,True
CITY OF CHICAGO:WARD 41 PRECINCT 30,CITY OF CHICAGO:WARD 41 PRECINCT 30,CITY OF CHICAGO:Ward 41 Precinct 30,,,,,,,,,,0.816991162,0.117419842,0.013211712,0.037370594,0.012476461,2.91e-11,0.3154,0.8291,0.1709,0.8386,0.0913,0.0,0.0,0.0701,0.135765976,0.060369677,0.103575349,0.139512749,0.106488211,0.183555981,0.134493866,0.081668797,0.054569393,0.100598319,0.010798118,0.023329962,0.014563308,0.009593901,0.014405079,0.003894968,0.023235307,0.020708478,0.039596894,0.032321757,0.079360335,0.112131385,0.129859695,0.132866903,0.252735591,41030.0,-0.023287169,0.186206897,145.0,-0.74566474,346.0,0.130998703,771.0,52.3,127977,1138,456,-0.044939313,-0.953729424,-2.3005906,-0.58285015,-1.196092501,-0.970527372,-1.462105146,-0.790004389,-1.196092501,complete,CITY OF CHICAGO,Ward 41 Precinct 30,1,0,0,,0,0,0,528,352,235,141,106,71,0.18744,22.106977151978047,78,0.543,27.85226308689627,98,0.26524,23.836774188513733,84,0.00078,6.0245148185079245,21,0.00056,6.021122388677977,21,0.0028,8.860198579589753,31,0.00018,2.1461891888171927,8,CITY OF CHICAGO:WARD 41 PRECINCT 30,CITY OF CHICAGO:WARD 41 PRECINCT 30,CITY OF CHICAGO:WARD 41 PRECINCT 30,1.8,89.97440038,0.599564571,0.599564571,0.599564571,0.599564571,6.42821219,0.599564571,0.599564571,17.407436613988818,21.30450371590424,17.79721399471047,4.551935817412477,4.3698450914512685,6.814306874879382,1.547263266463221,22.551774863023233,28.41701931029586,24.38071617096156,6.121341971920053,6.157048187521417,9.07703442610584,2.2298398004527065,15.814546397288652,19.804365064804557,19.419273053772578,4.829849155690623,4.664038649880952,6.73634035585232,1.600605900371478,0.2,0.3,1.0,1.000002329,1.0,1.0,1.0,1.0,1.361497555,437.0584538,435.4863011,3.144305472,2.096203609,1.048101864,0.007194245,0.004796163,0.002398082,1895.999977,352,1.0,0.0,0.0,0.0,True
CITY OF CHICAGO:WARD 41 PRECINCT 31,CITY OF CHICAGO:WARD 41 PRECINCT 31,CITY OF CHICAGO:Ward 41 Precinct 31,,,,,,,,,,0.869079097,0.086009151,0.007262446,0.0243495,0.006512171,2.2e-11,0.4514,0.9693,0.0307,0.756,0.0522,0.0,0.0096,0.1821,0.17681259,0.094356381,0.057548589,0.148205739,0.128872126,0.167779593,0.124048349,0.040125549,0.062251083,0.086971911,0.003548198,0.021057107,0.049618988,0.001831684,0.020797798,0.017332629,0.032671553,0.055321098,0.020353727,0.015945934,0.030493585,0.138909063,0.126004786,0.173430176,0.205711765,41031.0,-0.06699621,0.373134328,134.0,-0.751412429,354.0,0.138282387,687.0,51.1,126021,1023,408,-0.231147443,0.193701023,-2.320763696,-0.559678455,-0.938433768,-0.729472143,-1.256692079,-0.594217625,-0.938433768,complete,CITY OF CHICAGO,Ward 41 Precinct 31,1,0,0,,0,0,0,522,348,232,149,112,75,0.18352,22.072973140954836,77,0.54508,27.813222118382964,97,0.26616,23.818698146435036,83,0.00094,6.015865025958,21,0.00094,6.06494919125316,21,0.00324,8.973716048061808,31,0.00012,2.2156834856599907,8,CITY OF CHICAGO:WARD 41 PRECINCT 31,CITY OF CHICAGO:WARD 41 PRECINCT 31,CITY OF CHICAGO:WARD 41 PRECINCT 31,1.8,88.17019562,0.921748904,0.921748904,0.921748904,0.921748904,6.299310958,0.921748904,0.921748904,17.407660323979634,21.305008873917963,17.79714024964001,4.552010434722186,4.369219774425489,6.814278407424011,1.547317828894723,22.55203798910674,28.417660550375537,24.38056731890404,6.121430858410206,6.156189465126875,9.076978881859723,2.2299096664975497,15.814770107279466,19.80487022281828,19.419199308702115,4.829923773000333,4.663413332855173,6.7363118883969495,1.60066046280298,0.2,0.3,1.0,1.000001023,1.0,1.0,1.0,1.0,1.137157487,397.6858638,396.2566187,2.85988795,1.906591939,0.953296011,0.007191324,0.004794216,0.002397108,1634.064495,348,1.0,0.0,0.0,0.0,True
CITY OF CHICAGO:WARD 46 PRECINCT 06,CITY OF CHICAGO:WARD 46 PRECINCT 06,CITY OF CHICAGO:Ward 46 Precinct 06,,,,,,,,,,0.690042503,0.101586336,0.087026634,0.113968037,0.017463241,0.001178532,0.6907,0.3612,0.6388,0.2722,0.4076,0.0,0.019,0.2592,0.06881433,0.018548338,0.288511241,0.325912828,0.09024675,0.079856303,0.056482809,0.054456205,0.017171196,0.043887851,0.015616786,0.015312962,0.044781613,0.01481192,0.005381084,0.025189854,0.041204844,0.018695073,0.05161947,0.07351721,0.233430128,0.108611949,0.074535031,0.091498781,0.141905446,46006.0,0.386278112,0.219251337,187.0,0.026578073,602.0,0.659388646,1145.0,34.6,91063,1713,1507,1.699880147,-0.750890299,0.409807967,1.098124804,0.485223437,0.614230655,0.444338899,0.769695181,0.485223437,complete,CITY OF CHICAGO,Ward 46 Precinct 06,1,0,0,,0,0,0,942,628,419,193,145,97,0.05898,18.09646199800153,114,0.41172,27.248272221113723,171,0.52652,28.623524188438658,180,0.00138,8.14382970701579,51,0.00066,6.71022467264089,42,0.00064,5.62482194813285,35,0.0001,2.574892738071726,16,CITY OF CHICAGO:WARD 46 PRECINCT 06,CITY OF CHICAGO:WARD 46 PRECINCT 06,CITY OF CHICAGO:WARD 46 PRECINCT 06,1.2,46.06465795,9.470634427,9.470634427,9.470634427,9.470634427,3.291084958,9.470634427,3.291084958,15.165893715748014,22.12900240755622,22.905843191780576,6.621186048959224,5.209681163066875,4.601765163180844,1.9332567603357766,18.398571565179516,27.760040930108815,29.281330138352175,8.356210052687008,6.841566596513751,5.707913917620738,2.589141529818671,13.573003499047848,20.62886375645654,24.527902250842683,6.899099387237371,5.503874721496559,4.523798644153783,1.9865993942440336,0.2,0.3,1.0,1.000005598,1.5,1.8,1.4,1.0,1.000004587,277.0964869,258.8359443,41.44853283,33.62258591,7.825946925,0.149581589,0.121338911,0.028242678,2505.854466,628,0.999999943,0.0,0.0,0.0,True
CITY OF CHICAGO:WARD 46 PRECINCT 07,CITY OF CHICAGO:WARD 46 PRECINCT 07,CITY OF CHICAGO:Ward 46 Precinct 07,,,,,,,,,,0.632338287,0.100998888,0.191101781,0.066228447,0.014420394,0.00214187,0.5199,0.2377,0.7623,0.2657,0.3664,0.0106,0.0639,0.2909,0.111882121,0.051369372,0.336129152,0.265739664,0.094940551,0.0656847,0.037330558,0.023995548,0.012928333,0.023654285,0.058171727,0.019492519,0.035163438,0.044733176,0.016308329,0.032280784,0.014384653,0.053684104,0.058516185,0.067771512,0.160489296,0.060732818,0.112862019,0.118640203,0.123114952,46007.0,0.390746289,0.347985348,273.0,0.083333333,312.0,0.687055477,703.0,32.6,86814,1143,1025,1.71891536,0.039327183,0.609006163,1.186141714,0.777356685,0.888347605,0.721488397,0.879225852,0.777356685,complete,CITY OF CHICAGO,Ward 46 Precinct 07,1,0,0,,0,0,0,437,291,194,221,166,111,0.02044,13.502647408108153,39,0.36304,25.605454012099916,75,0.58674,28.403080401134012,83,0.02808,15.927481129061238,46,0.0011,7.373435734868103,21,0.00044,3.005247605735902,9,0.00016,2.972954696263872,9,CITY OF CHICAGO:WARD 46 PRECINCT 07,CITY OF CHICAGO:WARD 46 PRECINCT 07,CITY OF CHICAGO:WARD 46 PRECINCT 07,1.2,33.79761846,12.2746093,12.2746093,12.2746093,12.2746093,2.414667528,12.2746093,2.414667528,11.965947665665498,21.729658413876503,23.70377381642463,13.423315220135986,6.007372583316674,2.6005210365058082,2.3330947283569463,13.81358614261836,26.18928892343742,29.041044266860318,16.330371682108503,7.543986962070399,3.036995023284465,2.9795017299011968,10.373057448965332,20.22951976277682,25.325832875486736,13.701228558414133,6.301566141746358,2.522554517478747,2.386437362265203,0.2,0.3,1.0,1.000004756,1.5,1.8,1.4,1.0,1.000004858,305.3599641,280.8026981,44.19118997,31.43056521,12.76062476,0.144718349,0.102929555,0.041788794,1983.53456,7,0.618418113,1.0000000000000002,0.0,0.0,False
CITY OF CHICAGO:WARD 46 PRECINCT 08,CITY OF CHICAGO:WARD 46 PRECINCT 08,CITY OF CHICAGO:Ward 46 Precinct 08,,,,,,,,,,0.743048896,0.107170274,0.055785781,0.077610777,0.017605012,0.000238423,0.5604,0.2597,0.7403,0.2315,0.3463,0.0108,0.0508,0.3547,0.069789026,0.029856089,0.382978701,0.260571731,0.087162317,0.095218018,0.024563422,0.045464792,0.004395903,0.006651968,0.047645076,0.015239239,0.01130874,0.0114444,0.026418273,0.014704539,0.010446804,0.041392148,0.061150513,0.089703623,0.146257235,0.147075181,0.065134938,0.149519365,0.155907958,46008.0,0.308863547,-0.02739726,146.0,-0.028169014,426.0,0.629459148,869.0,32.2,102998,1369,1223,1.370080612,-2.264911589,0.217658006,1.002909637,-0.033808094,0.081434167,-0.006563326,0.592893398,-0.033808094,complete,CITY OF CHICAGO,Ward 46 Precinct 08,1,0,0,,0,0,0,567,378,252,223,168,112,0.0328,14.933628462406585,56,0.58984,28.33210871005788,107,0.34952,25.269793451229827,96,0.0262,15.023168492944155,57,0.00096,6.691810990815187,25,0.00048,3.719809400205498,14,0.0002,2.927034160524976,11,CITY OF CHICAGO:WARD 46 PRECINCT 08,CITY OF CHICAGO:WARD 46 PRECINCT 08,CITY OF CHICAGO:WARD 46 PRECINCT 08,1.2,68.14061249,4.498514691,4.498514691,4.498514691,4.498514691,4.868299361,4.498514691,4.498514691,13.197060365136448,23.9437253724011,21.13704940886287,12.639153142015935,5.419895940237024,3.197099952904749,2.33345118560816,15.297046403249029,28.878574656334326,25.860514191246363,15.347546812795972,6.815078281850493,3.760534559932155,2.975479824872339,11.604170148436282,22.44358672130142,22.759108467924978,12.917066480294082,5.7140894986667075,3.1191334338776877,2.386793819516417,0.2,0.3,1.0,1.000005894,1.5,1.8,1.4,1.0,1.000007251,446.1335426,413.0226808,55.35030735,36.08472958,19.26557777,0.12406668,0.080883247,0.043183433,2542.125441,117,0.863539327,0.9999999999999998,0.0,0.0,False
CITY OF CHICAGO:WARD 46 PRECINCT 10,CITY OF CHICAGO:WARD 46 PRECINCT 10,CITY OF CHICAGO:Ward 46 Precinct 10,,,,,,,,,,0.647933089,0.126523997,0.131519549,0.079232947,0.022647253,0.00055813,0.5874,0.3439,0.6561,0.3528,0.3406,0.0589,0.0266,0.1999,0.037264882,0.082508449,0.274972071,0.223395073,0.067098064,0.135496226,0.107459642,0.01769262,0.054112972,0.098941239,0.057875636,0.041680983,0.063150289,0.035967184,0.00474954,0.020685926,0.016021023,0.030350052,0.07473977,0.107078775,0.087810045,0.113713214,0.030765981,0.167940055,0.048530288,46010.0,0.367219639,0.274725275,273.0,0.199170124,482.0,0.707021792,826.0,36.3,67822,1153,1056,1.618687731,-0.410370531,1.015567244,1.249660855,0.808074276,0.868386325,0.83751046,0.842649646,0.808074276,complete,CITY OF CHICAGO,Ward 46 Precinct 10,1,0,0,,0,0,0,1251,834,556,192,144,96,0.02068,13.479587301811573,112,0.36236,25.615124715042647,214,0.58562,28.409143888345156,237,0.02984,15.90654460951172,133,0.001,7.401653888013815,62,0.00036,3.099072725010476,26,0.00014,2.930224480022102,24,CITY OF CHICAGO:WARD 46 PRECINCT 10,CITY OF CHICAGO:WARD 46 PRECINCT 10,CITY OF CHICAGO:WARD 46 PRECINCT 10,1.2,32.61595995,12.54471039,12.54471039,12.54471039,12.54471039,2.330244053,12.54471039,2.330244053,11.966123068866587,21.729776450088107,23.70478384337498,13.422274862991745,6.008005412134443,2.601142707608364,2.3332286949401713,13.813544767703766,26.18890883640778,29.04165450752522,16.328761896214065,7.5446052239177845,3.0376928402179897,2.9796066582940757,10.37323285216642,20.229637798988424,25.326842902437086,13.700188201269892,6.302198970564127,2.523176188581303,2.3865713288484285,0.2,0.3,1.0,1.000029977,1.5,1.8,1.4,1.0,1.000043985,793.8549282,718.8327554,147.8907302,121.3289131,26.56181704,0.186294403,0.15283512,0.033459283,3007.247694,289,0.875898627,0.9999999999999993,0.0,0.0,False
CITY OF CHICAGO:WARD 46 PRECINCT 12,CITY OF CHICAGO:WARD 46 PRECINCT 12,CITY OF CHICAGO:Ward 46 Precinct 12,,,,,,,,,,0.67666562,0.092284982,0.093873627,0.127715221,0.015256825,0.000306031,0.6155,0.4482,0.5518,0.3478,0.39,0.0098,0.0378,0.2022,0.034863091,0.020748937,0.322820279,0.240279226,0.088462855,0.094516009,0.078595467,0.092801084,0.02691305,0.024008738,0.011576043,0.048381134,0.000982866,0.038284845,0.00900891,0.042210703,0.017519468,0.019438734,0.05280348,0.151292947,0.236580968,0.106164262,0.045169681,0.105384287,0.091192935,46012.0,0.343840707,0.507692308,260.0,-0.095320624,577.0,0.620658949,1123.0,35.5,83928,1592,1427,1.519089408,1.019668204,-0.01802904,0.974913431,0.720198656,0.873910501,0.541810748,0.624150933,0.720198656,complete,CITY OF CHICAGO,Ward 46 Precinct 12,1,0,0,,0,0,0,1191,794,529,167,126,84,0.05594,18.09696948966064,144,0.41304,27.222161841406468,216,0.5282,28.566543011424905,227,0.00138,8.162975509458409,65,0.00056,6.741300552094865,54,0.00082,5.594185746282392,44,6e-05,2.6113375257114004,21,CITY OF CHICAGO:WARD 46 PRECINCT 12,CITY OF CHICAGO:WARD 46 PRECINCT 12,CITY OF CHICAGO:WARD 46 PRECINCT 12,1.2,36.06176078,11.75707626,11.75707626,11.75707626,11.75707626,2.576428953,11.75707626,2.576428953,15.16565408612226,22.128463703173093,22.90591296086874,6.6211156134541085,5.210341277624566,4.601790093785682,1.9331975274919138,18.39830166930704,27.759403689348705,29.28148205200345,8.356138212595955,6.842420533586367,5.707957281428355,2.589071292010812,13.572763869422094,20.62832505207341,24.527972019930846,6.899028951732255,5.504534836054249,4.52382357475862,1.9865401614001708,0.2,0.3,1.0,1.000010459,1.5,1.8,1.4,1.0,1.000006884,63.01027362,58.83135383,10.64318539,8.488430096,2.154755295,0.168911906,0.134715017,0.034196888,1968.078649,794,0.999999986,0.0,0.0,0.0,True
CITY OF CHICAGO:WARD 46 PRECINCT 15,CITY OF CHICAGO:WARD 46 PRECINCT 15,CITY OF CHICAGO:Ward 46 Precinct 15,,,,,,,,,,0.550124727,0.114859623,0.202861722,0.123409837,0.019608676,0.001451408,0.6861,0.4693,0.5307,0.2971,0.3984,0.0274,0.0516,0.2104,0.036306473,0.019621372,0.173705247,0.248680654,0.1840235,0.112457798,0.10652082,0.063540007,0.055144129,0.038368983,0.044867524,0.004884149,0.008769139,0.063139656,0.064090116,0.040720608,0.035049917,0.046492066,0.136890547,0.046580155,0.102117787,0.075357415,0.06014332,0.071478793,0.161049826,46015.0,0.110103315,0.258215962,213.0,-0.112135177,651.0,0.602982293,1073.0,42.3,65387,1564,1345,0.523327391,-0.511710865,-0.077044339,0.918678416,0.153275478,0.213312651,0.09520408,1.116955411,0.153275478,complete,CITY OF CHICAGO,Ward 46 Precinct 15,1,0,0,,0,0,0,866,577,385,163,123,82,0.08396,19.74084214454696,114,0.6719,30.410867582108526,175,0.24156,24.482993938619007,141,0.0009,6.979516065937208,40,0.00044,5.909296501406258,34,0.00114,6.924323997676088,40,0.0001,2.5027653042807616,14,CITY OF CHICAGO:WARD 46 PRECINCT 15,CITY OF CHICAGO:WARD 46 PRECINCT 15,CITY OF CHICAGO:WARD 46 PRECINCT 15,1.2,60.59049084,6.150349167,6.150349167,6.150349167,6.150349167,4.328881662,6.150349167,4.328881662,16.516175796027866,24.570158638506648,19.53072987666837,5.635735460568824,4.548743469548191,5.6138325229453,1.8853328911439615,20.173736568589632,30.99493575354223,25.06905595490992,7.125319377816775,6.019385601486764,7.016708584775211,2.5356328891601487,14.923285579327702,23.070019987406965,21.152788935730477,5.913648798846971,4.842937027977875,5.535866003918239,1.9386755250522185,0.2,0.3,1.0,1.000018149,1.5,1.8,1.4,1.0,1.000010199,142.531368,132.2340533,21.54226663,17.06314153,4.479125095,0.151140531,0.119714992,0.031425539,1968.559374,577,0.999999993,0.0,0.0,0.0,True
CITY OF CHICAGO:WARD 46 PRECINCT 17,CITY OF CHICAGO:WARD 46 PRECINCT 17,CITY OF CHICAGO:Ward 46 Precinct 17,,,,,,,,,,0.479117422,0.126209537,0.314079612,0.067967876,0.025539095,0.002041643,0.5198,0.3573,0.6427,0.341,0.3319,0.0728,0.0161,0.2174,0.068732423,0.098342759,0.164950359,0.261194695,0.140467018,0.146607505,0.095579882,0.012979992,0.011145367,0.056427606,0.042974122,0.035592797,0.009140064,0.047312849,0.055448619,0.022270828,0.012686207,0.026911628,0.078689912,0.105656219,0.144640936,0.058777904,0.063999432,0.109260201,0.130210677,46017.0,0.034848521,0.420408163,245.0,0.302158273,556.0,0.757635468,1015.0,38.3,76191,1362,1261,0.202728856,0.483885494,1.377032481,1.410678912,0.986011798,0.868581436,1.087702007,1.235392676,0.986011798,complete,CITY OF CHICAGO,Ward 46 Precinct 17,1,0,0,,0,0,0,797,531,354,142,107,71,0.02128,13.57588489574445,72,0.37484,25.66722287565878,136,0.57224,28.19842331896418,150,0.03008,15.918697298189732,85,0.00118,7.419188706962262,39,0.00028,3.1671962358536074,17,0.0001,2.9626365051717505,16,CITY OF CHICAGO:WARD 46 PRECINCT 17,CITY OF CHICAGO:WARD 46 PRECINCT 17,CITY OF CHICAGO:WARD 46 PRECINCT 17,1.2,26.30643866,13.9869279,13.9869279,13.9869279,13.9869279,1.879460924,13.9869279,1.879460924,11.99477241716933,21.784700097139677,23.5046396752262,13.3748196263494,5.9894525722850895,2.7018916298776596,2.321069486563962,13.863090642647988,26.286559730074,28.832042895837052,16.28980378031652,7.530695005848518,3.1645267580179124,2.968055917538669,10.401882200469164,20.284561446039994,25.126698734288308,13.652732964627546,6.283646130714773,2.6239251108505983,2.374412120472219,0.2,0.3,1.0,1.000051305,1.5,1.8,1.4,1.0,1.000054762,402.3038733,366.150597,74.2742258,60.17509184,14.09913396,0.184622199,0.149576218,0.035045981,2292.383753,531,1.0,1.0,0.0,0.0,False
CITY OF CHICAGO:WARD 46 PRECINCT 18,CITY OF CHICAGO:WARD 46 PRECINCT 18,CITY OF CHICAGO:Ward 46 Precinct 18,,,,,,,,,,0.508288128,0.120245423,0.260239878,0.099727636,0.019801413,0.001666676,0.5312,0.3856,0.6144,0.4612,0.2867,0.0452,0.0197,0.1812,0.081061317,0.05886911,0.283013745,0.219709575,0.10419457,0.147288282,0.069921681,0.025523016,0.010418705,0.084202037,0.054545145,0.049896944,0.059501507,0.017568273,0.024252306,0.013199888,0.025577479,0.050608214,0.066037643,0.082053652,0.114234048,0.064644783,0.019160114,0.139870494,0.134647473,46018.0,0.162579539,0.172093023,215.0,0.150793651,504.0,0.740659341,910.0,35.8,69983,1278,1173,0.746885249,-1.040365659,0.845776705,1.356672501,0.487131345,0.477242199,0.560838246,0.946179384,0.487131345,complete,CITY OF CHICAGO,Ward 46 Precinct 18,1,0,0,,0,0,0,822,548,365,135,102,68,0.02098,13.56182211152327,74,0.36368,25.61785896330916,140,0.58352,28.384708623951795,156,0.0303,15.924663000939685,87,0.00106,7.3596168513107285,40,0.00034,3.0225611838527326,17,0.00012,2.946740820128462,16,CITY OF CHICAGO:WARD 46 PRECINCT 18,CITY OF CHICAGO:WARD 46 PRECINCT 18,CITY OF CHICAGO:WARD 46 PRECINCT 18,1.2,45.98038054,9.489898385,9.489898385,9.489898385,9.489898385,3.285063768,9.489898385,3.285063768,11.965044464744238,21.72784733186665,23.703194240771086,13.423916754484974,6.008974501632594,2.600106886042462,2.3327995236330024,13.812763221483326,26.187631199717416,29.041022561193447,16.33147872653325,7.546116388656376,3.036557097016177,2.9792055356806757,10.372154248044072,20.227708680766966,25.325253299833193,13.701830092763121,6.303168060062278,2.5221403670154006,2.3861421575412596,0.2,0.3,1.0,1.000103063,1.5,1.8,1.4,1.0,1.000098458,373.0660171,340.4490029,68.54861399,55.16324879,13.38536521,0.183743924,0.147864577,0.035879347,2829.196014,548,1.0,0.9999999999999993,0.0,0.0,False
CITY OF CHICAGO:WARD 46 PRECINCT 21,CITY OF CHICAGO:WARD 46 PRECINCT 21,CITY OF CHICAGO:Ward 46 Precinct 21,,,,,,,,,,0.551242916,0.124926697,0.21057751,0.10929724,0.017769401,0.005277823,0.3758,0.3525,0.6475,0.3068,0.3683,0.0161,0.0245,0.2802,0.049188688,0.015353048,0.114000021,0.146829769,0.13353189,0.195836847,0.10067425,0.113136668,0.131448821,0.036856648,0.167487173,0.095659015,0.060016261,0.067480422,0.009118268,0.023656504,1.98e-09,0.002981306,0.046709332,0.118328286,0.180506432,0.015780451,0.064928442,0.068101529,0.042389928,46021.0,0.058716841,0.247311828,93.0,0.027777778,288.0,0.684647303,482.0,53.3,57867,722,619,0.304412058,-0.578644516,0.414018662,1.178480554,0.34052735,0.329566689,0.357417744,0.570710397,0.34052735,complete,CITY OF CHICAGO,Ward 46 Precinct 21,1,0,0,,0,0,0,504,336,224,129,97,65,0.03126,14.33401444313506,48,0.52176,27.052511557372927,91,0.41132,25.6361661635442,86,0.03274,15.379239090237624,52,0.00174,7.231054832434242,24,0.00086,4.7282499899095125,16,0.00032,2.8923883793516283,10,CITY OF CHICAGO:WARD 46 PRECINCT 21,CITY OF CHICAGO:WARD 46 PRECINCT 21,CITY OF CHICAGO:WARD 46 PRECINCT 21,1.2,52.49142578,8.001616941,8.001616941,8.001616941,8.001616941,3.750244755,8.001616941,3.750244755,12.375032043815883,22.507113110465575,20.970818613356993,12.726789047723228,5.760375596666884,4.019474100266672,2.171378258090428,14.51373196050973,27.55983129136311,26.118885815578235,15.720049295738491,7.354325283240399,4.844892181863754,2.823058901986934,10.782141827115717,21.006974459365892,22.5928776724191,13.004702386001375,6.0545691550965675,3.941507581239611,2.2247208919986847,0.2,0.3,1.0,1.000139496,1.5,1.8,1.4,1.0,1.000052343,114.1151468,107.5335277,15.89714101,13.87202722,2.025113798,0.139307896,0.121561665,0.017746231,2187.745744,336,1.0,0.9999999999999998,0.0,0.0,False
CITY OF CHICAGO:WARD 47 PRECINCT 02,CITY OF CHICAGO:WARD 47 PRECINCT 02,CITY OF CHICAGO:Ward 47 Precinct 02,,,,,,,,,,0.725247432,0.140075561,0.039855005,0.076813078,0.022298013,0.001201421,0.6426,0.3037,0.6963,0.4013,0.2931,0.0076,0.0016,0.2662,0.077051974,0.038046617,0.183745784,0.385129285,0.108009756,0.099188681,0.061530717,0.039489788,0.007807398,0.050011073,0.008275425,0.001420132,0.002021842,0.017426364,0.016185879,0.018087778,0.042316628,0.006396735,0.12258447,0.1341636,0.117151201,0.109067242,0.080478247,0.127678239,0.146735145,47002.0,0.228419931,0.455445545,202.0,0.142118863,387.0,0.671428571,700.0,36.0,92309,1062,975,1.027376791,0.698958042,0.815330151,1.136427601,0.898318482,0.919523146,0.877479883,0.455765884,0.898318482,complete,CITY OF CHICAGO,Ward 47 Precinct 02,1,0,0,,0,0,0,653,435,290,186,140,93,0.02008,13.53002314511583,59,0.36354,25.557929075190206,111,0.58634,28.37708340667384,123,0.02856,15.88656059974686,69,0.001,7.405239141425005,32,0.00032,3.050056262114077,13,0.00016,2.997053831179292,13,CITY OF CHICAGO:WARD 47 PRECINCT 02,CITY OF CHICAGO:WARD 47 PRECINCT 02,CITY OF CHICAGO:WARD 47 PRECINCT 02,1.2,29.29795905,13.30313227,13.30313227,13.30313227,13.30313227,2.093189804,13.30313227,2.093189804,11.966715853681684,21.730730740744114,23.706064279416932,13.420953874431042,6.007900685060495,2.601957318794739,2.333499299943962,13.81388307315766,26.189292753667388,29.0422764834587,16.326636657461346,7.544242447687376,3.0385947327350524,2.9798485821131324,10.373825636981518,20.230592089644432,25.32812333847904,13.698867212709189,6.3020942434901785,2.523990799767678,2.3868419338522187,0.2,0.3,1.0,1.000172928,1.5,1.8,1.4,1.0,1.000635693,348.9292569,334.6849957,25.72168578,14.63729678,11.084389,0.073716048,0.041949182,0.031766866,1740.223224,0,0.236708042,1.0000000000000002,0.0,0.0,False
CITY OF CHICAGO:WARD 47 PRECINCT 05,CITY OF CHICAGO:WARD 47 PRECINCT 05,CITY OF CHICAGO:Ward 47 Precinct 05,,,,,,,,,,0.666584681,0.120742447,0.072422322,0.129249424,0.013845971,0.002246661,0.462,0.1293,0.8707,0.3241,0.3926,0.012,0.0521,0.1787,0.073983332,0.027770731,0.175858892,0.385631755,0.132652934,0.070688495,0.065603124,0.056903911,0.010906826,0.083706657,0.094531821,0.027730268,0.037874067,0.021677437,0.021679996,1.32e-09,0.066849329,0.012613283,0.023465916,0.113380886,0.204592102,0.077865118,0.089756573,0.038591703,0.085684844,47005.0,0.104371751,0.31884058,276.0,0.359605911,609.0,0.78388998,1018.0,36.3,74536,1339,1253,0.49890993,-0.139574298,1.578660768,1.49420279,0.966024881,0.858049797,1.110147075,0.563578495,0.966024881,complete,CITY OF CHICAGO,Ward 47 Precinct 05,1,0,0,,0,0,0,1019,679,453,196,147,98,0.02052,13.471148739938204,91,0.36156,25.588883960022628,174,0.5867,28.381467021444863,193,0.02962,15.909671631580352,108,0.00106,7.363316967913519,50,0.00044,3.0738441299786494,21,0.0001,3.0630966070038212,21,CITY OF CHICAGO:WARD 47 PRECINCT 05,CITY OF CHICAGO:WARD 47 PRECINCT 05,CITY OF CHICAGO:WARD 47 PRECINCT 05,1.2,26.96748133,13.83582811,13.83582811,13.83582811,13.83582811,1.926689053,13.83582811,1.926689053,11.965762563107972,21.728614654583566,23.706238219051226,13.420780293002682,6.010417764243781,2.6019940100331906,2.33325481293687,13.812838459007951,26.186928681465982,29.04278409521655,16.326583983002294,7.54739304265509,3.038668982655048,2.979577486277743,10.372872346407807,20.228476003483884,25.328297278113332,13.698693631280829,6.304611322673464,2.5240274910061293,2.386597446845127,0.2,0.3,1.0,1.000277738,1.5,1.8,1.4,1.0,1.000264393,593.114351,515.8859215,148.8964127,106.8841471,42.01226559,0.251041663,0.180208331,0.070833332,2842.392935,679,0.999999997,0.9999999999999998,0.0,0.0,False
CITY OF CHICAGO:WARD 47 PRECINCT 06,CITY OF CHICAGO:WARD 47 PRECINCT 06,CITY OF CHICAGO:Ward 47 Precinct 06,,,,,,,,,,0.642621722,0.120080663,0.070356097,0.141371992,0.018356167,0.003918421,0.6466,0.2884,0.7116,0.3761,0.3768,0.0089,0.0103,0.2107,0.105751045,0.01495132,0.179767825,0.297357314,0.202521378,0.100568816,0.046770069,0.035429207,0.016883024,0.074100489,0.049507736,0.004266212,0.037535648,0.026467839,0.008786073,1.17e-09,0.056950218,0.021217876,0.043495015,0.124466374,0.234555592,0.055254556,0.098364081,0.070950102,0.094082189,47006.0,0.183342881,0.210084034,238.0,0.382524272,515.0,0.789221557,835.0,37.8,80671,1241,1163,0.835340704,-0.807162632,1.65909906,1.511164217,0.881986173,0.799610337,1.053883917,0.580976123,0.881986173,complete,CITY OF CHICAGO,Ward 47 Precinct 06,1,0,0,,0,0,0,735,490,327,207,156,104,0.02124,13.547109688499518,66,0.37112,25.634378675959134,126,0.57662,28.257681805615547,138,0.02914,15.904134299778125,78,0.00122,7.449163873511649,37,0.00048,3.078376450870942,15,0.00018,2.939255977411581,14,CITY OF CHICAGO:WARD 47 PRECINCT 06,CITY OF CHICAGO:WARD 47 PRECINCT 06,CITY OF CHICAGO:WARD 47 PRECINCT 06,1.2,29.88086603,13.16989258,13.16989258,13.16989258,13.16989258,2.134835536,13.16989258,2.134835536,11.983814939611653,21.762844328383554,23.584939909716837,13.389653108951311,5.999931325500137,2.6651496812009965,2.326046485385598,13.84333929468861,26.24651498664955,28.914946565753777,16.29962007537468,7.539680172569877,3.117977882183669,2.9726957530604863,10.390924722911487,20.262705677283872,25.206998968778944,13.667566447229458,6.294124883929821,2.587183162173935,2.3793891192938554,0.2,0.3,1.0,1.000407642,1.5,1.8,1.4,1.0,1.000248681,286.60711,249.2884764,71.95032605,51.64898939,20.30133666,0.251041665,0.180208333,0.070833332,1705.935597,490,1.0,1.0000000000000004,0.0,0.0,False
CITY OF CHICAGO:WARD 48 PRECINCT 02,CITY OF CHICAGO:WARD 48 PRECINCT 02,CITY OF CHICAGO:Ward 48 Precinct 02,,,,,,,,,,0.524633749,0.079893467,0.126497984,0.247669728,0.01731025,2.37e-10,0.2801,0.4145,0.5855,0.2604,0.3507,0.005,0.188,0.1846,0.027855147,0.380222773,0.263231156,0.073816148,0.040389971,0.044568244,0.05013927,0.079387177,0.040389964,0.128440347,0.041284401,0.032110095,0.036697246,0.036697243,0.013761466,0.027522932,0.013761466,0.091743099,0.059633021,0.14678897,0.12385319,0.07339448,0.027522935,0.082568791,0.064220171,48002.0,0.493100537,0.563636364,110.0,-0.011363636,176.0,0.734265734,286.0,28.8,61875,419,344,2.15496229,1.363073733,0.276641103,1.336332422,1.094920268,1.282752387,0.893698011,0.882590481,1.094920268,complete,CITY OF CHICAGO,Ward 48 Precinct 02,1,0,0,,0,0,0,309,206,137,98,74,49,0.02006,13.481067490146106,28,0.36236,25.57646748999315,53,0.58608,28.361743640855604,58,0.02962,15.94385338852079,33,0.0014,7.392318927992239,15,0.00032,3.0312298055140032,6,0.00016,2.949784754039465,6,CITY OF CHICAGO:WARD 48 PRECINCT 02,CITY OF CHICAGO:WARD 48 PRECINCT 02,CITY OF CHICAGO:WARD 48 PRECINCT 02,1.2,22.92303626,14.76029912,14.76029912,14.76029912,14.76029912,1.637734072,14.76029912,1.637734072,11.960067868249379,21.720543869512966,23.70937790160539,13.419540884022812,6.019758427523726,2.602253178131477,2.332758681111791,13.806315974039707,26.177868353863158,29.047696198392394,16.325649378034147,7.5590799102534785,3.0390928227603813,2.9790720929373955,10.367177651549213,20.220405218413283,25.331436960667496,13.697454222300959,6.31395198595341,2.5242866591044155,2.3861013150200483,0.2,0.3,1.0,1.014378169,1.5,1.8,1.4,1.0,1.000331602,38.6774361,36.63060277,4.275354298,3.114135969,1.16121833,0.110538721,0.080515574,0.030023146,362.9227151,206,0.99999985,1.0000000000000002,0.0,0.0,False
CITY OF CHICAGO:WARD 48 PRECINCT 03,CITY OF CHICAGO:WARD 48 PRECINCT 03,CITY OF CHICAGO:Ward 48 Precinct 03,,,,,,,,,,0.472845026,0.143584212,0.212578016,0.166577827,0.015423083,0.00306252,0.4876,0.1557,0.8443,0.387,0.3679,0.0056,0.06,0.1557,0.070592077,0.042168997,0.279813701,0.238590443,0.09527809,0.102409078,0.096212696,0.054310599,0.020624317,0.077034966,0.08215671,0.038228751,0.042918696,0.026256827,0.03798784,0.079290192,0.039578673,0.049169828,0.077564296,0.135312442,0.141097268,0.045955999,0.032904665,0.047497283,0.047045563,48003.0,0.23483683,0.079812207,213.0,0.113043478,230.0,0.795652174,460.0,36.0,53530,711,602,1.054713899,-1.606819804,0.713282089,1.531622036,0.389056374,0.423199555,0.447072881,0.969638958,0.389056374,complete,CITY OF CHICAGO,Ward 48 Precinct 03,1,0,0,,0,0,0,483,322,215,184,138,92,0.02072,13.509643098517055,44,0.36454,25.601673980286165,82,0.58352,28.373344956335302,91,0.02948,15.956462536835309,51,0.00118,7.390066585100779,24,0.0004,3.010907361854117,10,0.00016,2.9633951771510634,10,CITY OF CHICAGO:WARD 48 PRECINCT 03,CITY OF CHICAGO:WARD 48 PRECINCT 03,CITY OF CHICAGO:WARD 48 PRECINCT 03,1.2,50.33519327,8.494484172,8.494484172,8.494484172,8.494484172,3.596192935,8.494484172,3.596192935,11.964371956328883,21.72599689292926,23.70469044841348,13.422380908230757,6.012194790919353,2.6009610926780296,2.3327443342804184,13.811718370134352,26.18488900918121,29.042308160252713,16.329306895262626,7.549918159408897,3.0375472958900205,2.9790868401508432,10.371481739628717,20.225858241829577,25.326749507475586,13.700294246508903,6.306388349349037,2.5229945736509682,2.386086968188675,0.2,0.3,1.0,1.002170401,1.5,1.8,1.4,1.0,1.000319608,201.9950768,190.8006232,27.57192157,21.92610904,5.645812536,0.136497988,0.10854774,0.027950248,1484.467619,322,1.0,1.0,0.0,0.0,False
CITY OF CHICAGO:WARD 48 PRECINCT 04,CITY OF CHICAGO:WARD 48 PRECINCT 04,CITY OF CHICAGO:Ward 48 Precinct 04,,,,,,,,,,0.556649334,0.155132126,0.156714512,0.132713924,0.019999688,0.002543108,0.4594,0.3271,0.6729,0.3344,0.4775,0.0303,0.0308,0.1046,0.035965887,0.0567077,0.090777311,0.183302396,0.087189768,0.178071144,0.161717873,0.069022453,0.137245467,0.115918026,0.085547335,0.077379532,0.076529098,0.041328327,0.019259023,0.046599993,0.041027131,0.023697961,0.021584116,0.125375144,0.099488382,0.110428306,0.05915768,0.011213874,0.045466072,48004.0,0.356888962,0.3203125,256.0,0.126934985,323.0,0.811394892,509.0,54.4,44563,777,718,1.574677247,-0.130539103,0.762038154,1.581704584,0.865706311,0.946970221,0.828719898,0.643815448,0.865706311,complete,CITY OF CHICAGO,Ward 48 Precinct 04,1,0,0,,0,0,0,533,355,237,166,125,83,0.0313,14.220222696123772,50,0.52894,27.16002617619492,96,0.40408,25.616496975033154,91,0.03274,15.402166779691754,55,0.00166,7.175180957684102,25,0.00116,4.834199137266544,17,0.00012,2.788804690077109,10,CITY OF CHICAGO:WARD 48 PRECINCT 04,CITY OF CHICAGO:WARD 48 PRECINCT 04,CITY OF CHICAGO:WARD 48 PRECINCT 04,1.2,30.46976045,13.03528429,13.03528429,13.03528429,13.03528429,2.17690904,13.03528429,2.17690904,12.375022704378075,22.506818062524047,20.971873862747184,12.725703203154128,5.761508331837047,4.02010982564986,2.1714658275894836,14.513468788039196,27.558944658973704,26.119668328918557,15.718398207174328,7.355589855323888,4.845589216577123,2.8231156752738804,10.78213248767791,21.006679411424365,22.59393292180929,13.003616541432274,6.055701890266731,3.942143306622799,2.224808461497741,0.2,0.3,1.0,1.000305154,1.5,1.8,1.4,1.0,1.000094105,112.9759985,105.7849381,17.82221652,14.6507681,3.171448424,0.157752237,0.129680359,0.028071878,1414.391135,355,1.0,0.9999999999999997,0.0,0.0,False
CITY OF CHICAGO:WARD 48 PRECINCT 05,CITY OF CHICAGO:WARD 48 PRECINCT 05,CITY OF CHICAGO:Ward 48 Precinct 05,,,,,,,,,,0.826168164,0.03738319,0.042990675,0.085981335,0.007476638,6.23e-10,0.6751,0.119,0.881,0.4133,0.3761,0.0139,0.0268,0.17,0.010327025,0.041308087,0.15662651,0.125645459,0.053356298,0.172117038,0.158347665,0.166953513,0.115318405,0.051391876,0.049250535,0.044967875,0.034261244,0.017130623,0.072805132,0.036402571,0.143468925,0.094218406,0.066381154,0.132762307,0.115631699,0.021413295,0.012847974,0.036402569,0.070663815,48005.0,0.266367925,0.516908213,207.0,-0.125506073,247.0,0.621621622,296.0,57.0,47670,397,354,1.189041857,1.076238874,-0.123973176,0.977975997,0.648519385,0.779820888,0.467760572,0.179763771,0.648519385,complete,CITY OF CHICAGO,Ward 48 Precinct 05,1,0,0,,0,0,0,338,225,150,85,64,43,0.03402,14.54092189457519,33,0.53852,27.227926015011494,61,0.39158,25.407324920433812,57,0.03304,15.401934668578154,35,0.00144,7.056224667319233,16,0.00126,4.694436634246071,11,0.00014,2.797688864948229,6,CITY OF CHICAGO:WARD 48 PRECINCT 05,CITY OF CHICAGO:WARD 48 PRECINCT 05,CITY OF CHICAGO:WARD 48 PRECINCT 05,1.2,39.0098614,11.08320543,11.08320543,11.08320543,11.08320543,2.787055713,11.08320543,2.787055713,12.628427112835626,22.72244521491298,20.843175120227446,12.721707301596469,5.654294805238414,3.942996153024692,2.164686994361098,14.803000206243007,27.778754924388412,25.909107168213968,15.684024444814796,7.2090667956054215,4.7411375321020675,2.809683658913004,11.03553689613546,21.222306563813298,22.465234179289553,12.999620639874616,5.948488363668098,3.8650296339976307,2.218029628269355,0.2,0.3,1.0,1.001712776,1.5,1.8,1.4,1.0,1.000201894,83.33127375,76.58348709,12.29029556,9.502725114,2.787570446,0.147487192,0.11403552,0.033451672,617.168627,225,1.0,1.0000000000000002,0.0,0.0,False
CITY OF CHICAGO:WARD 48 PRECINCT 06,CITY OF CHICAGO:WARD 48 PRECINCT 06,CITY OF CHICAGO:Ward 48 Precinct 06,,,,,,,,,,0.48691272,0.131148339,0.230130061,0.144306018,0.017406268,0.003391467,0.4347,0.2359,0.7641,0.3227,0.4363,0.0113,0.0416,0.1848,0.061343306,0.038226563,0.258019268,0.215424239,0.121873708,0.146088235,0.093284406,0.050248448,0.015491825,0.071816297,0.050090693,0.034061304,0.04418292,0.058374365,0.044880919,0.054039836,0.018820079,0.027666993,0.064633496,0.101343013,0.169265651,0.075631439,0.058428719,0.049238559,0.077525717,48006.0,-0.026372211,0.155963303,218.0,0.225,400.0,0.795163585,703.0,37.9,64652,987,878,-0.058082129,-1.13937591,1.106224298,1.530067681,0.476139128,0.359708485,0.62544229,0.873772313,0.476139128,complete,CITY OF CHICAGO,Ward 48 Precinct 06,1,0,0,,0,0,0,828,552,368,177,133,89,0.021,13.571185615136258,75,0.37058,25.666057265247527,142,0.578,28.228908536387664,156,0.02842,15.88166395475853,88,0.00148,7.41237806745359,41,0.00042,3.1245023522792703,17,0.0001,2.94563471599164,16,CITY OF CHICAGO:WARD 48 PRECINCT 06,CITY OF CHICAGO:WARD 48 PRECINCT 06,CITY OF CHICAGO:WARD 48 PRECINCT 06,1.2,46.46630354,9.378827096,9.378827096,9.378827096,9.378827096,3.319780489,9.378827096,3.319780489,11.985076980694979,21.765553671846195,23.567507962813536,13.388103432029627,5.998668441147394,2.67160421173037,2.3246810802312368,13.846615736461349,26.253422950703374,28.89782084604071,16.300002626346565,7.53918435117275,3.1263063689501354,2.9714218506058034,10.392186763994813,20.265415020746513,25.189567021875643,13.666016770307774,6.292861999577077,2.5936376927033087,2.3780237141394935,0.2,0.3,1.0,1.001444699,1.5,1.8,1.4,1.0,1.00028682,332.6062305,297.3281899,69.619947,51.727372,17.892575,0.209316425,0.155521356,0.053795069,2372.686339,552,1.0,1.0,0.0,0.0,False
CITY OF CHICAGO:WARD 48 PRECINCT 09,CITY OF CHICAGO:WARD 48 PRECINCT 09,CITY OF CHICAGO:Ward 48 Precinct 09,,,,,,,,,,0.53352715,0.096929771,0.098501618,0.258618198,0.010510748,0.000926944,0.5731,0.6432,0.3568,0.4014,0.3632,0.0202,0.0426,0.1614,0.064279328,0.086804877,0.113462404,0.182464974,0.124772247,0.108961881,0.127327898,0.140724974,0.051201418,0.15533084,0.038073441,0.074504147,0.015157444,0.011941062,0.064053939,0.02106601,0.026532646,0.036596299,0.019064144,0.061955564,0.097143806,0.07388239,0.084636884,0.10085749,0.119203894,48009.0,-0.068026353,0.238709677,155.0,-0.022988506,174.0,0.526479751,321.0,48.6,69123,460,353,-0.235536032,-0.631447735,0.235840424,0.675299717,0.058176739,0.011039094,0.103137005,0.589081824,0.058176739,complete,CITY OF CHICAGO,Ward 48 Precinct 09,1,0,0,,0,0,0,231,154,103,102,77,51,0.04082,15.718505536272648,24,0.73148,29.81389671165136,46,0.20106,22.5018275811916,35,0.02384,14.455551227749172,22,0.00122,6.5088413144391986,10,0.00136,5.441706290410858,8,0.00022,2.850814564039116,4,CITY OF CHICAGO:WARD 48 PRECINCT 09,CITY OF CHICAGO:WARD 48 PRECINCT 09,CITY OF CHICAGO:WARD 48 PRECINCT 09,1.2,64.43695401,5.271132461,5.271132461,5.271132461,5.271132461,4.603691844,5.271132461,4.603691844,13.604017028374077,24.716206676153774,18.40544394927466,11.94125009980765,5.179528278268912,4.616714775572785,2.1712711340631348,16.015749024852617,30.282854560356395,22.89605380549549,14.721378224587312,6.622794974004721,5.577335876495987,2.8186082644881547,12.011126811673911,23.216068025054092,20.027503008336765,12.219163438085797,5.473721836698596,4.538748256545723,2.224613767971392,0.2,0.3,1.0,1.00088031,1.5,1.8,1.4,1.0,1.000159361,200.448039,192.9017599,27.3552618,23.11047979,4.244782007,0.136470588,0.115294118,0.021176471,922.9999896,154,1.0,1.0000000000000002,0.0,0.0,False
CITY OF CHICAGO:WARD 48 PRECINCT 10,CITY OF CHICAGO:WARD 48 PRECINCT 10,CITY OF CHICAGO:Ward 48 Precinct 10,,,,,,,,,,0.767646283,0.094493758,0.03231995,0.08582097,0.018741121,0.000455716,0.6153,0.4337,0.5663,0.3229,0.294,0.0228,0.0,0.342,0.133701156,0.039997976,0.171083875,0.176384069,0.196310461,0.101713211,0.133509264,0.029014988,0.018285001,0.009078375,0.005447024,0.011551458,0.062460828,2.35e-09,0.037239355,0.021347492,0.034351494,0.007625834,0.081681158,0.10942736,0.146017917,0.086782263,0.06356745,0.075170555,0.248251434,48010.0,0.035760997,0.438016529,363.0,0.234714004,507.0,0.723378213,817.0,42.8,95509,1042,984,0.206616163,0.591972227,1.140318267,1.301695786,0.903520821,0.810150611,0.969554353,0.355689439,0.903520821,complete,CITY OF CHICAGO,Ward 48 Precinct 10,1,0,0,,0,0,0,779,519,346,192,144,96,0.02428,13.781633856082177,72,0.41738,26.1216958429601,136,0.52562,27.47611230775915,143,0.03074,15.812656228013417,82,0.00122,7.312143937596656,38,0.00066,3.5867626535701067,19,0.0001,2.8715610671076055,15,CITY OF CHICAGO:WARD 48 PRECINCT 10,CITY OF CHICAGO:WARD 48 PRECINCT 10,CITY OF CHICAGO:WARD 48 PRECINCT 10,1.2,29.11395858,13.34519072,13.34519072,13.34519072,13.34519072,2.080043908,13.34519072,2.080043908,12.098686116142801,21.981542923424133,22.82558336502404,13.196374796374595,5.928080370500211,3.0592697748655273,2.2814443879689668,14.037328385713012,26.626544679886596,28.110405713660338,16.13174370000967,7.483446289521694,3.615292346939651,2.930013614549711,10.505795899442635,20.48140427232445,24.447642424086148,13.474288134652742,6.222273928929895,2.981303255838466,2.3347870218772235,0.2,0.3,1.0,1.000932833,1.5,1.8,1.4,1.0,1.000613243,259.4616441,228.629344,62.97105354,47.81619404,15.1548595,0.242698892,0.184290029,0.058408863,1102.502713,519,1.0,0.9999999999999998,0.0,0.0,False
CITY OF CHICAGO:WARD 48 PRECINCT 11,CITY OF CHICAGO:WARD 48 PRECINCT 11,CITY OF CHICAGO:Ward 48 Precinct 11,,,,,,,,,,0.730795001,0.071363727,0.058764671,0.114495094,0.011982851,0.000369325,0.6107,0.3958,0.6042,0.3593,0.3075,0.0184,0.0,0.2986,0.115633768,0.038859447,0.138920995,0.201894422,0.188587147,0.109403661,0.12869119,0.047541372,0.030467998,0.0277141,0.010580461,0.009123686,0.043485418,5.14e-10,0.047537619,0.025272809,0.049362358,0.014478525,0.079492826,0.079055334,0.150289619,0.096009914,0.054433843,0.076827869,0.236335619,48011.0,0.276451883,0.42081448,221.0,0.008695652,345.0,0.637383178,535.0,43.7,93946,709,661,1.232001275,0.48637962,0.347044692,1.028118475,0.684890357,0.773386015,0.599622092,0.353455191,0.684890357,complete,CITY OF CHICAGO,Ward 48 Precinct 11,1,0,0,,0,0,0,597,398,265,117,88,59,0.02494,13.776769701942934,55,0.4224,26.149761886023633,104,0.51926,27.402161192611807,109,0.03152,15.734502900522141,63,0.00132,7.320415600822816,29,0.00052,3.654461221378371,15,4e-05,2.889197859181961,11,CITY OF CHICAGO:WARD 48 PRECINCT 11,CITY OF CHICAGO:WARD 48 PRECINCT 11,CITY OF CHICAGO:WARD 48 PRECINCT 11,1.2,37.49986594,11.42835712,11.42835712,11.42835712,11.42835712,2.679174235,11.42835712,2.679174235,12.118603413019104,22.019259902948146,22.688894971492484,13.161593348361183,5.917002440922073,3.130154506728374,2.273209026484569,14.071614535725319,26.69351687730055,27.96517274176259,16.101554513433175,7.4756320977723245,3.705216529932699,2.922067434354007,10.525713196318938,20.519121251848464,24.31095403055459,13.43950668663933,6.211195999351757,3.0521879877013127,2.326551660392826,0.2,0.3,1.0,1.001145535,1.5,1.8,1.4,1.0,1.000490008,282.6899593,249.0973962,68.60853999,52.09694111,16.51159889,0.242698892,0.18429003,0.058408862,1206.669444,398,1.0,0.9999999999999994,0.0,0.0,False
CITY OF CHICAGO:WARD 48 PRECINCT 15,CITY OF CHICAGO:WARD 48 PRECINCT 15,CITY OF CHICAGO:Ward 48 Precinct 15,,,,,,,,,,0.456730634,0.148611216,0.224471631,0.16575554,0.014541005,0.001873238,0.3965,0.0689,0.9311,0.2768,0.549,0.0144,0.0377,0.1222,0.072854233,0.051557373,0.282075886,0.208459624,0.093736998,0.08514885,0.113309609,0.063280915,0.029576511,0.069988267,0.10774014,0.050673452,0.028490554,0.016895869,0.04754473,0.08906755,0.044441118,0.048593649,0.081832629,0.142552495,0.120383748,0.046770601,0.027356055,0.044612287,0.033056856,48015.0,0.227813285,0.306930693,101.0,0.292775665,263.0,0.851239669,484.0,36.5,49647,725,622,1.024792373,-0.212681636,1.344101637,1.708463379,0.998099865,0.966168938,1.073686404,0.922503832,0.998099865,complete,CITY OF CHICAGO,Ward 48 Precinct 15,1,0,0,,0,0,0,414,276,184,180,135,90,0.02124,13.524975752503282,37,0.36018,25.56860096555782,71,0.58838,28.380312214914532,78,0.02866,15.90232369354982,44,0.00114,7.3556190082400805,20,0.0003,3.0747082758390474,8,0.0001,2.915992581067476,8,CITY OF CHICAGO:WARD 48 PRECINCT 15,CITY OF CHICAGO:WARD 48 PRECINCT 15,CITY OF CHICAGO:WARD 48 PRECINCT 15,1.2,25.91265775,14.07693754,14.07693754,14.07693754,14.07693754,1.851327285,14.07693754,1.851327285,11.964311403381068,21.725912221655143,23.7045104555753,13.422566472343366,6.012153746115668,2.6008482111328926,2.3327124909956503,13.811694831392215,26.18488825521163,29.04221140396575,16.32960046275698,7.549898680564521,3.03742157105226,2.979059525337311,10.371421186680902,20.22577357055546,25.326569514637406,13.700479810621513,6.306347304545352,2.5228816921058312,2.386055124903907,0.2,0.3,1.0,1.002997449,1.5,1.8,1.4,1.0,1.000355442,202.6057005,191.357105,27.65867643,21.99348928,5.665187154,0.136514799,0.108553161,0.027961638,1825.999982,276,1.0,1.0000000000000004,0.0,0.0,False
CITY OF CHICAGO:WARD 48 PRECINCT 17,CITY OF CHICAGO:WARD 48 PRECINCT 17,CITY OF CHICAGO:Ward 48 Precinct 17,,,,,,,,,,0.508076355,0.066079294,0.146842873,0.255506595,0.016152716,1.07e-11,0.5991,0.4475,0.5525,0.3177,0.3272,0.0498,0.0239,0.2561,0.031645568,0.003797471,0.069620254,0.206329106,0.132911387,0.203797461,0.137974681,0.11898734,0.094936709,0.099650347,0.02797203,0.043706293,0.066433563,0.019230769,0.047202797,0.017482517,0.034965037,0.04020979,0.083916079,0.066433569,0.096153845,0.24825173,0.026223776,0.019230769,0.062937063,48017.0,-0.002077177,0.106382979,235.0,-0.096774194,124.0,0.594059406,202.0,53.2,64342,308,242,0.045418949,-1.443718473,-0.023130744,0.8902919,-0.139639561,-0.132784592,-0.117708791,0.826279826,-0.139639561,complete,CITY OF CHICAGO,Ward 48 Precinct 17,1,0,0,,0,0,0,257,171,114,75,57,38,0.0405,15.734980003017604,27,0.7367,29.78050953467275,51,0.19648,22.373935811949487,38,0.02342,14.474619440963721,25,0.00152,6.543903524508804,11,0.00124,5.517794239244087,9,0.00014,2.7538402727447084,5,CITY OF CHICAGO:WARD 48 PRECINCT 17,CITY OF CHICAGO:WARD 48 PRECINCT 17,CITY OF CHICAGO:WARD 48 PRECINCT 17,1.2,72.33180202,3.750076582,3.750076582,3.750076582,3.750076582,5.167738485,3.750076582,3.750076582,13.603767592715585,24.715854588449943,18.40471518473505,11.942001445826543,5.1793725384198845,4.616257429586138,2.1711410448192243,16.01568365301152,30.28291022933408,22.8955571142907,14.72255725147473,6.622713053150164,5.576861230156023,2.818492198863444,12.010877376015419,23.21571593735026,20.026774243797156,12.21991478410469,5.473566096849568,4.538290910559077,2.2244836787274815,0.2,0.3,1.0,1.000718135,1.5,1.8,1.4,1.0,1.000113431,420.1779119,387.4735862,71.94655692,54.97575426,16.97080266,0.171228794,0.13083923,0.040389564,1903.117043,171,0.999999976,1.0000000000000004,0.0,0.0,False
CITY OF CHICAGO:WARD 48 PRECINCT 19,CITY OF CHICAGO:WARD 48 PRECINCT 19,CITY OF CHICAGO:Ward 48 Precinct 19,,,,,,,,,,0.677890309,0.102792363,0.08163469,0.12364466,0.013580273,0.002136198,0.6107,0.3957,0.6043,0.3592,0.3076,0.0184,0.0,0.2986,0.104937485,0.031902893,0.161218637,0.21803211,0.178938357,0.105641993,0.120127331,0.046036868,0.033164327,0.023173848,0.016028554,0.008832514,0.052168379,1.31e-09,0.037877787,0.033297141,0.040821959,0.021933805,0.081298222,0.073241667,0.162098533,0.098566817,0.046280041,0.063978895,0.240401836,48019.0,0.400322085,0.293532338,201.0,-0.030769231,260.0,0.503957784,379.0,42.5,92170,518,454,1.759709919,-0.294925748,0.20853183,0.603650241,0.414123752,0.569241561,0.341981805,0.481789552,0.414123752,complete,CITY OF CHICAGO,Ward 48 Precinct 19,1,0,0,,0,0,0,513,342,228,81,61,41,0.02362,13.739657596622964,47,0.40924,26.081143526043242,89,0.5342,27.63490012693339,95,0.0308,15.734625273742997,54,0.00162,7.340458017465895,25,0.0004,3.6165649540623916,12,0.00012,2.896171359456553,10,CITY OF CHICAGO:WARD 48 PRECINCT 19,CITY OF CHICAGO:WARD 48 PRECINCT 19,CITY OF CHICAGO:WARD 48 PRECINCT 19,1.2,49.21969646,8.749462157,8.749462157,8.749462157,8.749462157,3.516496375,8.749462157,3.516496375,12.091010919260755,21.966785793509114,22.87089317163429,13.208234831344551,5.934043818915054,3.0354148263794123,2.2838860372933194,14.024874028430789,26.602017171010008,28.15900589014948,16.142425740034827,7.488976770788192,3.5851357919253215,2.9323393379420484,10.49812070256059,20.466647142409432,24.492952230696396,13.486148169622698,6.228237377344738,2.957448307352351,2.3372286712015766,0.2,0.3,1.0,1.001078684,1.5,1.8,1.4,1.0,1.00036341,291.906076,257.2183451,70.84528097,53.79537901,17.04990195,0.242698891,0.184290028,0.058408863,1246.097514,342,1.0,0.9999999999999998,0.0,0.0,False
CITY OF CHICAGO:WARD 48 PRECINCT 20,CITY OF CHICAGO:WARD 48 PRECINCT 20,CITY OF CHICAGO:Ward 48 Precinct 20,,,,,,,,,,0.620869518,0.099130427,0.076521775,0.180869585,0.024347823,0.00347826,0.6076,0.5735,0.4265,0.3938,0.2041,0.09,0.0192,0.2473,0.032310177,4.87e-09,0.064620384,0.216478179,0.142164777,0.206785133,0.132471728,0.114701126,0.090468492,0.102272719,0.025,0.040909089,0.070454538,0.02045455,0.045454545,0.013636368,0.022727277,0.03409091,0.086363633,0.061363638,0.095454563,0.272727248,0.02954546,0.015909095,0.063636368,48020.0,0.187216301,0.328413284,271.0,-0.098765432,162.0,0.642023346,257.0,52.6,69444,351,303,0.851842148,-0.080813462,-0.030119541,1.042880311,0.357751195,0.445947364,0.262537814,0.699974081,0.357751195,complete,CITY OF CHICAGO,Ward 48 Precinct 20,1,0,0,,0,0,0,312,208,139,86,65,43,0.03084,14.31998640408511,30,0.52502,27.097974200680092,56,0.4091,25.64986499296267,53,0.03236,15.436765211552794,32,0.00134,7.16784210651958,15,0.00114,4.818183004328979,10,0.0002,2.854504881797619,6,CITY OF CHICAGO:WARD 48 PRECINCT 20,CITY OF CHICAGO:WARD 48 PRECINCT 20,CITY OF CHICAGO:WARD 48 PRECINCT 20,1.2,51.72711383,8.176321808,8.176321808,8.176321808,8.176321808,3.695638563,8.176321808,3.695638563,12.37481739680895,22.50592081115414,20.973607017285904,12.723920876809796,5.763833888446903,4.021140356715067,2.1715579724283147,14.512834948339888,27.557041110731497,26.121025021887252,15.715729080994514,7.358263151330542,4.8467295950886395,2.8231518219083434,10.781927180108784,21.00578216005446,22.59566607634801,13.001834215087943,6.0580274468765865,3.9431738376880054,2.2249006063365715,0.2,0.3,1.0,1.001130115,1.5,1.8,1.4,1.0,1.000181117,74.33439426,71.53592292,10.14445853,8.570318405,1.574140124,0.136470588,0.115294118,0.021176471,444.5790456,208,1.0,0.9999999999999998,0.0,0.0,False
CITY OF CHICAGO:WARD 48 PRECINCT 23,CITY OF CHICAGO:WARD 48 PRECINCT 23,CITY OF CHICAGO:Ward 48 Precinct 23,,,,,,,,,,0.574468082,0.075435204,0.112185689,0.23017408,0.010638298,0.000967118,0.5615,0.4099,0.5901,0.2921,0.4911,0.0495,0.037,0.107,0.037760417,1.3e-09,0.132812496,0.134114588,0.07682292,0.180989584,0.154947916,0.087239584,0.195312494,0.110062892,2.84e-09,0.044025157,0.059748429,0.037735848,0.011006291,0.062893079,0.029874215,0.011006291,0.006289312,0.160377352,0.17295597,0.163522017,0.077044022,0.009433963,0.044025158,48023.0,-0.207235412,0.358108108,296.0,-0.13442623,305.0,0.501144165,437.0,56.8,71912,697,623,-0.828590879,0.101464468,-0.155280921,0.594699232,-0.004596029,-0.071927025,-0.021266808,0.655671241,-0.004596029,complete,CITY OF CHICAGO,Ward 48 Precinct 23,1,0,0,,0,0,0,536,357,238,144,108,72,0.04364,15.97986283503018,57,0.74312,29.99195729921018,107,0.188,22.220569617375073,79,0.02294,14.38082188759319,51,0.00104,6.4430465925880895,23,0.00098,5.439009729082859,19,0.00028,2.762083540962273,10,CITY OF CHICAGO:WARD 48 PRECINCT 23,CITY OF CHICAGO:WARD 48 PRECINCT 23,CITY OF CHICAGO:WARD 48 PRECINCT 23,1.2,66.86669274,4.726003829,4.726003829,4.726003829,4.726003829,4.777284289,4.726003829,4.726003829,13.831178662740674,24.908699542815615,18.288122871725637,11.939194457572489,5.083676027966231,4.546347996092732,2.164797283515533,16.27301251390826,30.47502247275266,22.711247547768096,14.694640290902328,6.493367485034774,5.481290525150072,2.8061938947644722,12.238288446040508,23.408560891715933,19.910181930787743,12.217107795850636,5.3778695863959145,4.4683814770656705,2.21813991742379,0.2,0.3,1.0,1.000386685,1.5,1.8,1.4,1.0,1.000099019,32.06101875,30.2118916,4.466353189,3.897390954,0.568962235,0.1393079,0.121561669,0.017746231,582.3781844,357,1.0,0.9999999999999998,0.0,0.0,False
CITY OF CHICAGO:WARD 48 PRECINCT 24,CITY OF CHICAGO:WARD 48 PRECINCT 24,CITY OF CHICAGO:Ward 48 Precinct 24,,,,,,,,,,0.571083637,0.096425086,0.178613611,0.148176116,0.011599893,0.000471749,0.4626,0.3435,0.6565,0.4877,0.282,0.0026,0.0225,0.1751,0.014428457,0.055673208,0.076948379,0.238331927,0.1505497,0.1534983,0.125898653,0.075870845,0.108800521,0.065308288,0.030683236,0.031349826,0.112690851,0.034285985,0.023679738,0.02335366,0.068268978,0.036748899,0.034454799,0.190560418,0.126872431,0.068253108,0.033143264,0.025465961,0.094880549,48024.0,-0.058954336,0.056994819,193.0,0.036697248,436.0,0.6,825.0,48.6,63084,1319,1025,-0.196887659,-1.746881461,0.445323995,0.909190802,-0.083092415,-0.14731358,0.0354351,0.458353832,-0.083092415,complete,CITY OF CHICAGO,Ward 48 Precinct 24,1,0,0,,0,0,0,881,587,391,178,134,89,0.04104,15.74353987153247,92,0.73192,29.729298035698946,175,0.20088,22.44778706596192,132,0.02358,14.465616657094621,85,0.001,6.555566047554059,38,0.00132,5.539238340948713,33,0.00026,2.832063574442091,17,CITY OF CHICAGO:WARD 48 PRECINCT 24,CITY OF CHICAGO:WARD 48 PRECINCT 24,CITY OF CHICAGO:WARD 48 PRECINCT 24,1.2,70.17418157,4.135371821,4.135371821,4.135371821,4.135371821,5.013587503,4.135371821,4.135371821,13.605119725594502,24.71925073285942,18.402952502567608,11.94380764902635,5.174207918419705,4.615291145699234,2.171358369276568,16.017558975506777,30.2875695358323,22.893705773500695,14.72499874537436,6.616403944244722,5.575739252727329,2.8187985030944955,12.012229508894336,23.21911208175974,20.025011561629714,12.221720987304497,5.4684014768493885,4.537324626672173,2.224701003184825,0.2,0.3,1.0,1.000197755,1.5,1.8,1.4,1.0,1.000046112,446.3500784,420.6067286,62.18009109,54.25906023,7.921030853,0.139307898,0.121561668,0.017746229,2321.199062,587,0.999999991,0.9999999999999999,0.0,0.0,False
CITY OF CHICAGO:WARD 48 PRECINCT 26,CITY OF CHICAGO:WARD 48 PRECINCT 26,CITY OF CHICAGO:Ward 48 Precinct 26,,,,,,,,,,0.591999965,0.067428566,0.101714278,0.237714262,0.012571428,2.91e-11,0.583,0.5601,0.4399,0.6095,0.1895,0.0,0.0282,0.1729,6.23e-10,0.070512814,0.101282047,0.155128193,0.158974344,0.167948706,0.124358966,0.12820512,0.093589738,0.16297785,0.092555324,2.36e-09,0.010060362,0.014084507,0.07042253,0.01609658,4.91e-09,0.046277664,0.01609658,0.136820916,0.148893347,0.072434602,0.098591538,0.014084507,0.100603614,48026.0,0.069363315,0.291666667,96.0,-0.03255814,215.0,0.632545932,381.0,52.3,67831,520,444,0.349767893,-0.306377934,0.202253161,1.01272967,0.299841725,0.314593198,0.277373717,0.213174146,0.299841725,complete,CITY OF CHICAGO,Ward 48 Precinct 26,1,0,0,,0,0,0,387,258,172,117,88,59,0.03148,14.317375895903966,37,0.5262,27.044670457048035,70,0.40654,25.584586917331915,66,0.03266,15.425278018547855,40,0.00166,7.2121798304330715,19,0.00112,4.802292077432802,12,0.00034,2.857065692229461,7,CITY OF CHICAGO:WARD 48 PRECINCT 26,CITY OF CHICAGO:WARD 48 PRECINCT 26,CITY OF CHICAGO:WARD 48 PRECINCT 26,1.2,54.28929028,7.590664741,7.590664741,7.590664741,7.590664741,3.878693007,7.590664741,3.878693007,12.37384551682293,22.50372290778985,20.973940097323162,12.72358363847427,5.766563861169069,4.021271691355284,2.171322017601187,14.511723499550143,27.55447926455229,26.12163692927579,15.715424777316372,7.361704491009693,4.846927237073441,2.8228785315029516,10.780955300122764,21.003584256690168,22.59599915638527,13.001496976752417,6.060757419598753,3.9433051723282224,2.224664651509444,0.2,0.3,1.0,1.002115259,1.5,1.8,1.4,1.0,1.000178899,247.5273593,228.2836165,34.71420284,27.167637,7.546565843,0.140243902,0.109756098,0.030487805,698.2900235,258,0.999999928,1.0,0.0,0.0,False
CITY OF CHICAGO:WARD 48 PRECINCT 27,CITY OF CHICAGO:WARD 48 PRECINCT 27,CITY OF CHICAGO:Ward 48 Precinct 27,,,,,,,,,,0.543677875,0.112388958,0.135791187,0.189597869,0.010702973,0.001495167,0.2261,0.3072,0.6928,0.2832,0.3522,0.0106,0.1768,0.1712,0.036869813,0.276029873,0.29178471,0.104571008,0.10016084,0.040788324,0.063864613,0.064889249,0.021041571,0.122847674,0.058560574,0.057580744,0.056944846,0.05492519,0.034842595,0.07650953,0.017875469,0.042488305,0.067822004,0.113180311,0.113657732,0.043325155,0.032778443,0.04273376,0.063927667,48027.0,0.125457794,0.1875,128.0,0.049586777,242.0,0.756097561,451.0,32.1,47343,905,791,0.588740147,-0.945791875,0.490563343,1.405786345,0.375006809,0.38482449,0.39615458,0.78978401,0.375006809,complete,CITY OF CHICAGO,Ward 48 Precinct 27,1,0,0,,0,0,0,651,434,289,132,99,66,0.02046,13.54398136696761,59,0.36348,25.64675289493531,111,0.586,28.382621076736648,123,0.02852,15.951638150302205,69,0.00112,7.363766539389288,32,0.00032,2.9818785704332695,13,0.0001,2.947075686409309,13,CITY OF CHICAGO:WARD 48 PRECINCT 27,CITY OF CHICAGO:WARD 48 PRECINCT 27,CITY OF CHICAGO:WARD 48 PRECINCT 27,1.2,50.96018537,8.351624752,8.351624752,8.351624752,8.351624752,3.640845434,8.351624752,3.640845434,11.964507860136736,21.725933313051666,23.70606845684899,13.42096210627861,6.013311361850257,2.6018018577432436,2.3328989779789433,13.811552886653832,26.18412888630755,29.043183013583132,16.327134261355337,7.5510815766788255,3.038494501715982,2.9791996039860096,10.37161764343657,20.225794661951983,25.328127515911095,13.698875444556757,6.307504920279941,2.5238353387161823,2.3862416118872005,0.2,0.3,1.0,1.017020545,1.5,1.8,1.4,1.0,1.000494442,206.8005371,196.0349775,22.64255599,16.44558232,6.196973673,0.109489832,0.079523886,0.029965946,3178.528628,434,1.0,1.0000000000000002,0.0,0.0,False
CITY OF CHICAGO:WARD 48 PRECINCT 29,CITY OF CHICAGO:WARD 48 PRECINCT 29,CITY OF CHICAGO:Ward 48 Precinct 29,,,,,,,,,,0.683722349,0.054610693,0.13872627,0.104437802,0.015327423,0.000120468,0.5915,0.3481,0.6519,0.2233,0.48,0.0,0.0297,0.2671,0.021531324,0.045641141,0.105195851,0.117532386,0.071560909,0.182140466,0.169410234,0.166171543,0.120816145,0.067553843,0.046267697,0.055723278,0.034150003,0.015955189,0.078503117,0.022238179,0.12376202,0.077253452,0.063192891,0.114317173,0.097290228,0.068227207,0.024891068,0.038352712,0.072321943,48029.0,0.143332146,0.23566879,157.0,0.0625,192.0,0.666666667,204.0,58.3,48615,361,309,0.664888001,-0.650113836,0.535885851,1.121278483,0.40508441,0.417984625,0.428664655,0.517555513,0.40508441,complete,CITY OF CHICAGO,Ward 48 Precinct 29,1,0,0,,0,0,0,375,250,167,75,57,38,0.03458,14.751799965580236,37,0.55394,27.47426053885851,69,0.37648,25.264995706230376,63,0.03246,15.34314192236765,38,0.0013,6.97256245771002,17,0.001,4.65324598031244,12,0.00024,2.7670410639334517,7,CITY OF CHICAGO:WARD 48 PRECINCT 29,CITY OF CHICAGO:WARD 48 PRECINCT 29,CITY OF CHICAGO:WARD 48 PRECINCT 29,1.2,49.6219351,8.657519271,8.657519271,8.657519271,8.657519271,3.545234275,8.657519271,3.545234275,12.791404153543649,22.859308444226844,20.757691857717717,12.721002019413417,5.586932438257651,3.891644998039344,2.159652336810069,14.989260536642547,27.91862538555066,25.771945649119278,15.6649931675766,7.117400337668494,4.672194369008741,2.8003552847143616,11.198513936843483,21.359169793127162,22.379750916779823,12.998915357691564,5.881125996687334,3.8136784790122826,2.212994970718326,0.2,0.3,1.0,1.000719731,1.5,1.8,1.4,1.0,1.000143658,15.39185359,13.84964446,2.933221577,2.146997229,0.786224348,0.190569743,0.139489193,0.05108055,57.28295072,250,1.0,1.0,0.0,0.0,False
CITY OF CHICAGO:WARD 49 PRECINCT 01,CITY OF CHICAGO:WARD 49 PRECINCT 01,CITY OF CHICAGO:Ward 49 Precinct 01,,,,,,,,,,0.300799198,0.141814356,0.499050594,0.047206612,0.031950519,0.001766438,0.3304,0.3258,0.6742,0.3954,0.2816,0.085,0.0803,0.1469,0.095836014,0.089532603,0.171191273,0.146649669,0.117342126,0.201854404,0.118979704,0.044496348,0.014117859,0.122558509,0.061980893,0.017466658,0.107731874,0.071751273,0.029651316,0.012442501,0.016166076,0.029148437,0.022735486,0.099326123,0.213463026,0.070947724,0.01264021,0.041440308,0.070549587,49001.0,0.308764319,-0.099099099,111.0,0.262032086,374.0,0.765690377,717.0,46.2,61264,1104,990,1.369657883,-2.70504428,1.23619859,1.436304116,0.320933148,0.334279077,0.501317051,1.546744164,0.320933148,complete,CITY OF CHICAGO,Ward 49 Precinct 01,1,0,0,,0,0,0,827,551,367,117,88,59,0.03784,15.14325206175912,83,0.62454,28.425435372279594,157,0.3141,24.45604809121785,135,0.02064,14.040674110101614,77,0.00128,6.796280207062852,37,0.00142,5.909420730971251,33,0.00018,2.4980366063045767,14,CITY OF CHICAGO:WARD 49 PRECINCT 01,CITY OF CHICAGO:WARD 49 PRECINCT 01,CITY OF CHICAGO:WARD 49 PRECINCT 01,1.8,53.35884511,7.803344,7.803344,7.803344,7.803344,3.812217443,7.803344,3.812217443,13.089131810073049,23.57895391500874,19.982866967095774,11.570002644867195,5.399872841287942,4.910171673916031,1.902616556009411,15.41524966493635,28.93489362276345,24.92132765209323,14.300021470966492,6.914437044204686,5.956763533340769,2.4920817419757024,11.496241593372883,22.078815263909057,21.60492602615788,11.847915983145342,5.6940663997176255,4.832205154888969,1.955959189917668,0.2,0.3,1.0,2.479172073,1.5,1.8,1.4,1.0,1.003167403,483.3391235,452.0477291,66.31351261,46.186209,20.12730361,0.137198727,0.095556529,0.041642198,2782.949482,551,1.0,0.7765745147763498,0.0,0.22342548522365785,False
CITY OF CHICAGO:WARD 49 PRECINCT 04,CITY OF CHICAGO:WARD 49 PRECINCT 04,CITY OF CHICAGO:Ward 49 Precinct 04,,,,,,,,,,0.505132931,0.128750952,0.26517735,0.082667915,0.021217852,0.001345394,0.5372,0.249,0.751,0.3249,0.3994,0.0216,0.0522,0.1662,0.036604124,0.013148446,0.28071768,0.266857187,0.186292782,0.073382574,0.081366141,0.036701188,0.024929864,0.040605755,0.054266419,0.045758586,0.05140361,0.021738742,0.067533329,0.078062788,0.099425619,0.144566981,0.039201352,0.039755978,0.081211673,0.145184366,0.062147783,0.001091414,0.028045588,49004.0,0.519855016,0.360995851,241.0,0.401785714,448.0,0.819025522,862.0,36.5,46425,1352,1192,2.268941033,0.119190514,1.726702389,1.605980023,1.375979625,1.43020349,1.435279405,1.182857213,1.375979625,complete,CITY OF CHICAGO,Ward 49 Precinct 04,1,0,0,,0,0,0,1011,674,449,176,132,88,0.02002,13.54342386919548,91,0.36822,25.615714893526707,173,0.57932,28.333402818253806,191,0.0307,15.976008597748464,108,0.00142,7.3997143595073425,50,0.00018,2.9871495785742166,20,0.00014,2.965324090545035,20,CITY OF CHICAGO:WARD 49 PRECINCT 04,CITY OF CHICAGO:WARD 49 PRECINCT 04,CITY OF CHICAGO:WARD 49 PRECINCT 04,1.226962452,15.85145856,16.37670593,16.37670593,16.37670593,16.37670593,1.132505898,16.37670593,1.132505898,11.96526006434091,21.728388201968897,23.7029156755362,13.424202186689785,6.008153621599214,2.599954316550712,2.332834389570218,13.81305311763161,26.18835303151135,29.04074620574939,16.331862444187436,7.5451287572781425,3.03637695995311,2.979254213969616,10.372369847640744,20.228249550869215,25.324974734598307,13.702115524967931,6.302347180028898,2.521987797523651,2.386177023478475,0.2,0.3,1.0,1.208261524,1.5,1.8,1.4,1.0,1.000907783,451.8067025,422.4469952,62.64949932,40.30509669,22.34440263,0.138664387,0.089208718,0.049455669,2852.343026,674,0.999999985,1.0000000000000004,0.0,0.0,False
CITY OF CHICAGO:WARD 49 PRECINCT 05,CITY OF CHICAGO:WARD 49 PRECINCT 05,CITY OF CHICAGO:Ward 49 Precinct 05,,,,,,,,,,0.596884681,0.106269647,0.169720942,0.105757741,0.016264206,0.001009363,0.5037,0.2561,0.7439,0.4815,0.2782,0.0215,0.0425,0.172,0.019212926,0.151034283,0.243969333,0.201573911,0.073136648,0.193297297,0.080456574,0.03176091,0.00555809,0.088790516,0.094598149,0.09872757,0.043619733,0.014352464,0.002735553,0.051095103,0.018479535,0.071645495,0.043009826,0.102960453,0.130058688,0.097700337,0.056062037,0.026419362,0.059745152,49005.0,0.202274151,0.138888889,216.0,0.211650485,515.0,0.762057878,933.0,37.0,53710,1362,1212,0.915991212,-1.244185046,1.059370503,1.424747992,0.553319095,0.538981166,0.657396962,0.636100362,0.553319095,complete,CITY OF CHICAGO,Ward 49 Precinct 05,1,0,0,,0,0,0,747,498,332,149,112,75,0.02078,13.510057920951466,67,0.36756,25.69370928227177,128,0.58042,28.34665013241703,141,0.02964,15.958121151274069,79,0.00122,7.367204647662687,37,0.00024,3.0005553076329736,15,0.00014,2.9066284953774546,14,CITY OF CHICAGO:WARD 49 PRECINCT 05,CITY OF CHICAGO:WARD 49 PRECINCT 05,CITY OF CHICAGO:WARD 49 PRECINCT 05,1.2,43.07815779,10.15328254,10.15328254,10.15328254,10.15328254,3.077714748,10.15328254,3.077714748,11.965508600462499,21.728499599600465,23.7045613342578,13.422507321738093,6.0092759152136574,2.600964553341877,2.333042529883496,13.812946422196713,26.187646703923583,29.041755751486328,16.329248011801486,7.546251386231994,3.0375122218229067,2.979414232817635,10.372618383762333,20.228360948500782,25.326620393319907,13.70042066001624,6.303469473643341,2.5229980343148157,2.386385163791753,0.2,0.3,1.0,1.076050413,1.5,1.8,1.4,1.0,1.000581406,212.0221191,198.3081787,27.7704025,17.3353297,10.43507279,0.130978799,0.081761892,0.049216906,1770.61969,498,0.999999971,0.9999999999999996,0.0,0.0,False
CITY OF CHICAGO:WARD 49 PRECINCT 06,CITY OF CHICAGO:WARD 49 PRECINCT 06,CITY OF CHICAGO:Ward 49 Precinct 06,,,,,,,,,,0.580914389,0.109365215,0.114924979,0.179308475,0.010845234,0.002318395,0.1882,0.1669,0.8331,0.2911,0.3322,0.0091,0.1804,0.1815,0.005573232,0.355746546,0.293001257,0.112294392,0.023745593,0.114353973,0.045609647,0.033686214,0.015989131,0.102961485,0.119408978,0.260135415,0.101040205,0.028196977,0.006423679,0.024742086,0.001174948,0.029784518,0.022598485,0.110231713,0.030683219,0.036627911,0.055635159,0.065933444,0.004421764,49006.0,0.31417198,0.301775148,169.0,0.166666667,36.0,0.813953488,86.0,28.7,20866,182,147,1.392695461,-0.244328299,0.901487421,1.589844285,0.860803913,0.909924717,0.859116454,0.73828552,0.860803913,complete,CITY OF CHICAGO,Ward 49 Precinct 06,1,0,0,,0,0,0,299,199,133,127,96,64,0.02028,13.505853301290905,27,0.3608,25.578655928088388,51,0.58646,28.420116567463506,57,0.03094,15.95744901745072,32,0.00106,7.421466808130505,15,0.00028,3.08773950082689,6,0.00018,2.9112850124253855,6,CITY OF CHICAGO:WARD 49 PRECINCT 06,CITY OF CHICAGO:WARD 49 PRECINCT 06,CITY OF CHICAGO:WARD 49 PRECINCT 06,1.2,30.64861829,12.99440133,12.99440133,12.99440133,12.99440133,2.189687521,12.99440133,2.189687521,11.961122683508124,21.723009168566275,23.708709771475256,13.420222432826238,6.016472995593757,2.6019257174055093,2.332988587527735,13.807578522705684,26.180856383496184,29.046813304097142,16.32644689810667,7.555046778329247,3.0386858966793207,2.979346946866416,10.368232466807958,20.222870517466593,25.330768830537362,13.698135771104385,6.310666554023441,2.523959198378448,2.3863312214359924,0.2,0.3,1.0,1.031998361,1.5,1.8,1.4,1.0,1.000519237,90.1034767,84.00952214,11.897721,7.254707999,4.643012999,0.132045082,0.080515295,0.051529787,506.4737302,199,0.999999987,1.0000000000000009,0.0,0.0,False
CITY OF CHICAGO:WARD 49 PRECINCT 16,CITY OF CHICAGO:WARD 49 PRECINCT 16,CITY OF CHICAGO:Ward 49 Precinct 16,,,,,,,,,,0.529341217,0.157746999,0.223410526,0.081928695,0.018413367,0.003197167,0.5522,0.2018,0.7982,0.4441,0.2879,0.0524,0.0195,0.1524,0.098654134,0.076096634,0.157072341,0.194886278,0.217266266,0.118219438,0.059517878,0.029504443,0.048782587,0.04864539,0.09458416,0.036912748,0.03028062,0.055642314,0.038279529,0.037295055,0.032408086,0.042197378,0.086672259,0.114712454,0.140074455,0.034919731,0.073448575,0.078554998,0.05537225,49016.0,0.417957802,0.322916667,192.0,0.256017505,457.0,0.850356295,842.0,42.2,59663,1244,1099,1.834841146,-0.114553752,1.215088764,1.705653088,1.098282073,1.160257311,1.109248364,0.984480108,1.098282073,complete,CITY OF CHICAGO,Ward 49 Precinct 16,1,0,0,,0,0,0,909,606,404,190,143,95,0.02264,13.748146898517177,83,0.40928,26.02813807278871,158,0.53568,27.596958795584765,167,0.03036,15.7753588699732,96,0.00138,7.413071955756825,45,0.00042,3.5110963699326687,21,0.00024,2.8969177788051605,18,CITY OF CHICAGO:WARD 49 PRECINCT 16,CITY OF CHICAGO:WARD 49 PRECINCT 16,CITY OF CHICAGO:WARD 49 PRECINCT 16,1.21926463,22.82447772,14.78282743,14.78282743,14.78282743,14.78282743,1.630692567,14.78282743,1.630692567,12.083918271710777,21.953890666966313,22.91391184268565,13.22244923853623,5.936171171115483,3.01021983428424,2.2862905220493968,14.013564969734707,26.580682308300222,28.205762119878653,16.156539434429785,7.4900463999843705,3.553466564935078,2.9347129330178454,10.491028055010611,20.45375201586663,24.535970901747756,13.500362576814377,6.230364729545167,2.932253315257179,2.339633155957654,0.2,0.3,1.0,1.19539407,1.5,1.8,1.4,1.0,1.001542201,532.4805278,497.3310659,72.05000761,48.1046091,23.94539851,0.135310127,0.090340598,0.044969529,2768.433209,606,1.0,0.9999999999999996,0.0,0.0,False
CITY OF CHICAGO:WARD 49 PRECINCT 17,CITY OF CHICAGO:WARD 49 PRECINCT 17,CITY OF CHICAGO:Ward 49 Precinct 17,,,,,,,,,,0.511551676,0.1840873,0.208977524,0.084321059,0.026375148,0.000773557,0.4604,0.308,0.692,0.3325,0.2714,0.0237,0.0781,0.2677,0.102850529,0.081504363,0.215288307,0.18341128,0.16415652,0.140690799,0.074282435,0.025929789,0.011885978,0.050859303,0.057049888,0.045293496,0.029067711,0.033069901,0.027664123,0.06672881,0.033958968,0.04998336,0.091679332,0.105247263,0.135204012,0.075763594,0.08449498,0.030684248,0.083251009,49017.0,0.314577564,0.132075472,159.0,0.266159696,526.0,0.812080537,894.0,40.1,62087,1332,1177,1.39442332,-1.286008346,1.250685573,1.583885837,0.721372821,0.735746596,0.824360617,1.023570725,0.721372821,complete,CITY OF CHICAGO,Ward 49 Precinct 17,1,0,0,,0,0,0,1062,708,472,190,143,95,0.02246,13.603999033445197,96,0.38902,25.82627059375635,183,0.55462,27.883667682019997,197,0.03192,15.894328683625819,113,0.0013,7.394675482754802,52,0.00054,3.284359425991168,23,0.00014,2.9249154812516776,21,CITY OF CHICAGO:WARD 49 PRECINCT 17,CITY OF CHICAGO:WARD 49 PRECINCT 17,CITY OF CHICAGO:WARD 49 PRECINCT 17,1.2,36.01443551,11.76789378,11.76789378,11.76789378,11.76789378,2.573047805,11.76789378,2.573047805,12.036158978470377,21.86304761068055,23.23302083665274,13.303438917192908,5.965345650150784,2.8448323090319385,2.3051710876026954,13.932444460377182,26.421827274450962,28.544097996783833,16.226754789665716,7.5123970559200135,3.34443316098822,2.952819992094737,10.443268761770211,20.362908959580867,24.855079895714848,13.581352255471055,6.259539208580468,2.766865790004877,2.358513721510952,0.2,0.3,1.0,1.131727368,1.5,1.8,1.4,1.0,1.00182124,548.0623795,512.4343897,69.8099077,48.20878604,21.60112166,0.127375843,0.087962224,0.039413619,3541.72464,708,1.0,0.9999999999999997,0.0,0.0,False
CITY OF CHICAGO:WARD 50 PRECINCT 05,CITY OF CHICAGO:WARD 50 PRECINCT 05,CITY OF CHICAGO:Ward 50 Precinct 05,,,,,,,,,,0.514108344,0.230590342,0.114021704,0.127864487,0.026685471,0.004028364,0.3192,0.5823,0.4177,0.5605,0.246,0.0151,0.0162,0.1172,0.127394033,0.205798172,0.094713078,0.092723505,0.168231367,0.079915625,0.131944371,0.050069423,0.049210424,0.008113289,0.043857588,0.012252968,0.01167519,0.026368122,0.01692073,0.024850027,0.025032023,0.023710927,0.145323596,0.119851333,0.149900262,0.041260955,0.060932843,0.038426631,0.251523516,50005.0,-0.141843384,0.377358491,106.0,-0.174193548,310.0,0.442675159,628.0,46.7,82012,1022,607,-0.550009446,0.219630515,-0.294855262,0.408690895,-0.028620406,-0.054135824,-0.076764293,0.291892482,-0.028620406,complete,CITY OF CHICAGO,Ward 50 Precinct 05,1,0,0,,0,0,0,744,496,331,155,117,78,0.05828,16.750176916691444,83,0.77414,29.88208088129898,148,0.15084,20.8709163522234,104,0.0059,9.830565163164888,49,0.00438,9.117241628556396,45,0.00638,9.618584858652438,48,8e-05,1.4210246730383758,7,CITY OF CHICAGO:WARD 50 PRECINCT 05,CITY OF CHICAGO:WARD 50 PRECINCT 05,CITY OF CHICAGO:WARD 50 PRECINCT 05,1.301674419,67.91812609,4.538245011,4.538245011,4.538245011,4.538245011,4.852403842,4.538245011,4.538245011,14.805805359666188,25.52056425216817,17.603627903771937,8.343108740728935,7.573239498950541,8.215747519321871,0.9716025682990039,17.019524776212123,30.359809836105494,21.196066457212538,9.945851787715608,9.299990217822044,9.73821835036718,1.375313304845697,13.212915142966022,24.02042560106849,19.225686962834043,8.621022079007082,7.867433057380225,8.13778100029481,1.024945202207261,0.2,0.3,1.0,1.263324004,1.5,1.8,1.4,1.0,1.116025292,450.0806171,445.0852719,18.48277747,14.48650118,3.996276287,0.041065482,0.032186459,0.008879023,3434.004168,496,1.0,0.0,1.0000000000000007,0.0,False
CITY OF CHICAGO:WARD 50 PRECINCT 06,CITY OF CHICAGO:WARD 50 PRECINCT 06,CITY OF CHICAGO:Ward 50 Precinct 06,,,,,,,,,,0.521952237,0.165509455,0.143886061,0.15201453,0.023652687,0.001862731,0.387,0.7042,0.2958,0.6353,0.1655,0.0317,0.0605,0.107,0.118073545,0.092792606,0.094615415,0.135201469,0.090722051,0.170818329,0.16282973,0.081789908,0.053156948,0.020407073,0.039915844,0.03143544,0.013215675,0.022038369,0.051842513,0.045457581,0.062027687,0.006061014,0.055355564,0.109672569,0.14843966,0.039433312,0.0529178,0.100348966,0.201430933,50006.0,-0.130213465,0.174418605,172.0,-0.070063694,157.0,0.759450172,291.0,53.4,82170,424,338,-0.500463964,-1.026090367,0.070617103,1.416452057,0.047236814,-0.009871293,0.063334493,0.276660162,0.047236814,complete,CITY OF CHICAGO,Ward 50 Precinct 06,1,0,0,,0,0,0,350,233,155,140,105,70,0.04206,19.629729947229052,46,0.93468,35.62689792052043,83,0.02006,17.120282070943485,40,0.00096,8.162698584698457,19,0.00022,4.5429684473936165,11,0.002,10.31695221036911,24,2e-05,1.3762559580590588,3,CITY OF CHICAGO:WARD 50 PRECINCT 06,CITY OF CHICAGO:WARD 50 PRECINCT 06,CITY OF CHICAGO:WARD 50 PRECINCT 06,1.296170874,64.86334716,5.173668384,5.173668384,5.173668384,5.173668384,4.634155461,5.173668384,4.634155461,16.805275832179277,29.519448433345843,14.003495581003037,6.743247911746819,3.574396878030913,8.615629831571,0.9714472124175071,20.046364148702843,36.420536557320446,17.506592557072228,8.309453300338198,4.649922193917233,10.568468427416036,1.4334375455136974,15.212385615479112,28.01930978224616,15.625554640065143,7.021161250024965,3.8685904364605967,8.53766331254394,1.024789846325764,0.2,0.3,1.0,1.369512401,1.5,1.8,1.4,1.0,1.060692921,223.8862144,221.4013507,9.193995439,7.206104481,1.987890958,0.041065483,0.032186459,0.008879023,877.3319889,233,1.0,0.0,0.0,1.0000000000000002,False
CITY OF CHICAGO:WARD 50 PRECINCT 10,CITY OF CHICAGO:WARD 50 PRECINCT 10,CITY OF CHICAGO:Ward 50 Precinct 10,,,,,,,,,,0.527495146,0.118076694,0.071082065,0.268662478,0.017627396,0.003424007,0.3391,0.4707,0.5293,0.7068,0.088,0.0246,0.0622,0.1062,0.20486741,0.171532725,0.052695913,0.177781178,0.067455376,0.110874941,0.102655902,0.058911183,0.053225373,0.03177079,0.046514599,0.028641005,0.045977382,0.016425498,0.088994301,0.025879115,0.036920905,0.013733644,0.059541701,0.069841937,0.065964825,0.182280564,0.075324927,0.106955644,0.105233164,50010.0,0.211406477,0.125,96.0,-0.311258278,151.0,0.256097561,328.0,48.6,88552,705,249,0.954896512,-1.329440238,-0.775921633,-0.184871252,-0.506915967,-0.333834153,-0.595333463,0.047282999,-0.506915967,complete,CITY OF CHICAGO,Ward 50 Precinct 10,1,0,0,,0,0,0,378,252,168,146,110,73,0.11572,18.22257375474967,46,0.58968,26.497851575306786,67,0.26792,22.100228981029968,56,0.00762,9.515224685757856,24,0.00722,9.606768245648936,24,0.01162,10.26605213977141,26,0.00022,1.1739940563826623,3,CITY OF CHICAGO:WARD 50 PRECINCT 10,CITY OF CHICAGO:WARD 50 PRECINCT 10,CITY OF CHICAGO:WARD 50 PRECINCT 10,1.8,82.37062902,1.957401581,1.957401581,1.957401581,1.957401581,5.884961493,1.957401581,1.957401581,15.403753865722585,21.69598487122859,17.799207089166924,7.749905736433927,7.580958572862736,8.415245360600691,0.7464315798347532,18.50221065148725,26.89618654438062,22.505157285967336,9.676462792165985,9.744735995088288,10.439121565533569,1.1708998956576187,13.81086364902242,20.195846220128907,19.42126614822903,8.027819074712074,7.8751521312924195,8.33727884157363,0.7997742137430102,0.2,0.3,1.0,1.068500762,1.5,1.8,1.4,1.0,1.430568289,472.440191,470.6236773,6.965930776,3.961569149,3.004361627,0.014744577,0.008385335,0.006359242,2671.164959,252,1.0,0.0,1.0000000000000002,0.0,False
CITY OF CHICAGO:WARD 50 PRECINCT 22,CITY OF CHICAGO:WARD 50 PRECINCT 22,CITY OF CHICAGO:Ward 50 Precinct 22,,,,,,,,,,0.525975497,0.126151741,0.079683247,0.251695738,0.013793382,0.002733035,0.3,0.517,0.483,0.5715,0.1345,0.0201,0.089,0.1597,0.183430068,0.192988126,0.054876821,0.161237197,0.086331356,0.117027058,0.102157797,0.057101151,0.044850428,0.035512137,0.043037175,0.02356971,0.058225819,0.018581569,0.10306487,0.021894512,0.032259833,0.020314086,0.070249844,0.072181722,0.065204791,0.171352029,0.088525114,0.075688356,0.100338433,50022.0,0.248717852,0.098039216,102.0,-0.535714286,280.0,0.09127789,493.0,48.0,75425,1056,313,1.113849471,-1.494935609,-1.563711732,-0.709214576,-0.931259232,-0.663503111,-1.111300956,0.241017173,-0.931259232,complete,CITY OF CHICAGO,Ward 50 Precinct 22,1,0,0,,0,0,0,434,289,193,135,102,68,0.11826,18.20724655421636,53,0.58996,26.526677709934305,77,0.26622,22.096985078382154,64,0.0067,9.516337334195333,28,0.00776,9.58074469684321,28,0.01088,10.225168950889088,30,0.00022,1.138679681086701,3,CITY OF CHICAGO:WARD 50 PRECINCT 22,CITY OF CHICAGO:WARD 50 PRECINCT 22,CITY OF CHICAGO:WARD 50 PRECINCT 22,1.5,88.10675834,0.933077162,0.933077162,0.933077162,0.933077162,6.294778688,0.933077162,0.933077162,15.403945826322893,21.69648772839015,17.7988773010291,7.7502440133901835,7.580141698905842,8.41506020854784,0.7464556408006677,18.50251054992231,26.89691610603683,22.504824705197688,9.676922240197047,9.743741909687289,10.438923982403686,1.1709352368358126,13.811055609622727,20.196349077290467,19.420936360091208,8.02815735166833,7.874335257335526,8.33709368952078,0.7997982747089247,0.2,0.3,1.0,1.068425016,1.5,1.8,1.4,1.0,1.221304205,638.398429,637.297742,7.704808751,4.953091305,2.751717445,0.012068966,0.007758621,0.004310345,3199.798492,289,1.0,0.0,0.9999999999999997,0.0,False
COOK:7501001,COOK:7501001,COOK:Evanston Ward 1 Precinct 1,,,,,,,,,,0.465692137,0.104620447,0.073235215,0.303889042,0.022195081,0.012160597,0.2301,0.445,0.555,0.227,0.1057,0.0,0.4159,0.2207,0.009982913,0.362094446,0.426386859,0.034624049,0.010471263,0.0327561,0.045933348,0.023333201,0.020580788,0.084867503,0.036534889,0.034713537,0.037408154,0.033566703,0.007683226,0.036596344,0.011874673,0.112535465,0.069504321,0.044647947,0.131637073,0.052306556,0.066795457,0.048985073,0.156506045,,0.848959732,0.473684211,19.0,0.06122449,49.0,0.83908046,174.0,25.5,65979,549,490,3.670984466,0.810913792,0.531409097,1.669781102,1.356814578,1.670772115,1.128941974,1.365540035,1.356814578,complete,COOK,Evanston Ward 1 Precinct 1,0,1,0,Evanston,1,0,0,383,255,170,26,20,13,0.06076,17.830574101155133,45,0.6868,29.879429962268645,76,0.24454,23.91479036287735,61,0.00444,10.019838515252232,26,0.00082,5.671315278395231,14,0.0025,8.052338206665945,21,0.00014,1.6405251638333986,4,COOK:7501001,COOK:7501001,COOK:EVANSTON WARD 1 PRECINCT 1,1.2,16.26202258,16.28286004,16.28286004,16.28286004,16.28286004,1.161838605,16.28286004,1.161838605,15.159582531332262,26.51911292541519,19.310824529363884,8.218054995409084,4.422468280405157,6.60309087640775,1.1327501775154418,18.205373925264027,30.43690631801605,24.422225677171376,10.271704131013205,5.775738547917827,8.164836514374795,1.657989616523391,13.566692314632096,25.018974274315507,20.93288358842599,8.49596833368723,4.716661838834841,6.5251243573806885,1.1860928114236988,1.0,1.0,0.2,3.0,1.002686841,1.004298946,1.002149473,1.397850527,1.006807594,191.2464053,187.3021674,7.773902079,5.27002047,2.50388161,0.040648618,0.027556181,0.013092438,2907.95,193,0.966164352,0.0,0.0,0.9661629742663396,False
COOK:7501002,COOK:7501002,COOK:Evanston Ward 1 Precinct 2,,,,,,,,,,0.608574199,0.047519447,0.09998095,0.233615459,0.000617864,5.09e-06,0.3739,0.44,0.56,0.2935,0.1671,0.0001,0.3558,0.1835,0.028169624,0.180381473,0.381097052,0.079858439,0.04037533,0.073807679,0.093252564,0.092584877,0.030472961,0.141423797,0.031408334,0.041094743,0.050977248,0.039469306,0.039475274,0.070823148,0.037885215,0.009902322,0.051157381,0.079064867,0.025000776,0.141399352,0.037968069,0.074071588,0.128878582,,-0.252809307,0.509157509,273.0,0.120622568,257.0,0.614100186,539.0,28.9,57338,659,591,-1.022743613,1.028662156,0.73988299,0.954047938,0.601225028,0.424962368,0.664209153,1.14185852,0.601225028,complete,COOK,Evanston Ward 1 Precinct 2,0,1,0,Evanston,1,0,0,462,308,205,199,150,100,0.06402,17.800791975614654,55,0.68584,29.801765929899172,92,0.24308,23.878713557121948,74,0.004,10.060742141130302,31,0.00084,5.714159244861371,18,0.00216,8.099778851978503,25,6e-05,1.706779805462192,5,COOK:7501002,COOK:7501002,COOK:EVANSTON WARD 1 PRECINCT 2,1.2,41.01208671,10.62554086,10.62554086,10.62554086,10.62554086,2.930104503,10.62554086,2.930104503,15.160431646511645,26.52128004168929,19.30958548491284,8.219325207278816,4.419086042152294,6.60240439432853,1.132875372041266,18.20669170773626,30.439736251079008,24.421050756048317,10.273458745855045,5.771568564212387,8.164092400275823,1.658176305073826,13.56754142981148,25.02114139058961,20.931644543974947,8.497238545556963,4.713279600581978,6.5244378753014685,1.186218005949523,1.0,1.0,0.2,3.0,1.002956311,1.004730098,1.002365049,1.397634951,1.014424818,114.9560493,112.4116642,4.880928714,3.212561382,1.668367332,0.042459085,0.027945997,0.014513089,930.84,308,1.0,0.0,0.0,1.0000000000000002,False
COOK:7501003,COOK:7501003,COOK:Evanston Ward 1 Precinct 3,,,,,,,,,,0.670772766,0.048754703,0.088654837,0.176222101,0.011247165,0.00160467,0.3361,0.6941,0.3059,0.3216,0.1371,0.0061,0.3132,0.2216,0.05452976,0.271148729,0.254819264,0.038852011,0.079197412,0.110552016,0.089332311,0.077503105,0.024065391,0.082639116,0.091123304,0.00449451,0.010462213,0.013246638,0.023301427,0.018588841,0.014705216,0.005826116,0.085038176,0.091763983,0.068260819,0.080882717,0.044136476,0.042821904,0.322708542,,-0.090424569,0.504424779,226.0,0.125628141,199.0,0.462093863,554.0,41.9,96539,687,607,-0.330956335,0.99961089,0.757451426,0.470467913,0.58298425,0.474143474,0.63964584,0.748050157,0.58298425,complete,COOK,Evanston Ward 1 Precinct 3,0,1,0,Evanston,1,0,0,474,316,211,164,123,82,0.06468,18.047603514566866,57,0.72076,30.18060662603807,95,0.20702,23.068499611760632,73,0.00398,9.915132626612968,31,0.00076,5.6645750133046695,18,0.00276,8.539525034802626,27,4e-05,1.5690074489807964,5,COOK:7501003,COOK:7501003,COOK:EVANSTON WARD 1 PRECINCT 3,1.245642386,41.79468516,10.4466561,10.4466561,10.4466561,10.4466561,2.986017172,10.4466561,2.986017172,15.276550326551117,26.738936784517477,18.562540649667334,8.030892133916645,4.3448730990002895,6.988388472716495,1.0890991757512445,18.436768702626942,30.794601691290392,23.604699913701385,10.087281051090159,5.7066276628873425,8.692250727959916,1.6125449807245285,13.683660109850951,25.238798133417795,20.18459970872944,8.308805472194791,4.639066657429973,6.910421953689434,1.1424418096595015,1.0,1.0,0.2,3.0,1.000686018,1.001097629,1.000548815,1.399451185,1.010066356,157.0778835,154.7465511,3.832895471,1.562412575,2.270482897,0.024401242,0.009946738,0.014454504,960.61,316,1.0,0.0,0.0,1.0,False
COOK:7501004,COOK:7501004,COOK:Evanston Ward 1 Precinct 4,,,,,,,,,,0.71074879,0.045625937,0.046657638,0.147100973,0.004305566,1.23e-05,0.4068,0.3068,0.6932,0.2714,0.1633,0.0039,0.1472,0.3095,0.081344783,0.084635852,0.278337047,0.077265574,0.04219973,0.039315467,0.114339069,0.087316466,0.159312986,0.138559443,0.013635286,0.021752766,0.013645786,0.010910682,0.017204747,0.029036792,0.045293317,0.070664194,0.018173347,0.036280342,0.0554043,0.048920946,0.145779065,0.108629908,0.190176051,,-0.309491763,0.560723514,387.0,0.027906977,430.0,0.473684211,779.0,47.5,105863,1068,993,-1.264220751,1.345193571,0.414472121,0.507340464,0.418565638,0.250696351,0.451320792,0.578100418,0.418565638,complete,COOK,Evanston Ward 1 Precinct 4,0,1,0,Evanston,1,0,0,776,517,345,234,176,117,0.07174,18.64186638470913,96,0.7951,31.16759789845837,161,0.12408,20.883959262002143,108,0.0033,9.394336325481929,49,0.00074,5.486182214581178,28,0.00494,9.916032601541215,51,0.0001,1.4534390918623343,8,COOK:7501004,COOK:7501004,COOK:EVANSTON WARD 1 PRECINCT 4,1.2,49.0220705,8.794635097,8.794635097,8.794635097,8.794635097,3.502377008,8.794635097,3.502377008,15.575485426292067,27.30736802943339,16.573622059595856,7.5239016064768265,4.162214035823253,8.021197225372976,0.9717409925454124,19.04967176525271,31.74256750955217,21.395028143704423,9.57715520309722,5.550478157814112,10.131810259624338,1.4880636912357077,13.982595209591901,25.80722937833371,18.195681118657962,7.801814944754973,4.456407594252937,7.943230706345915,1.0250836264536693,1.0,1.0,0.2,3.0,1.008429462,1.01348714,1.00674357,1.39325643,1.00513203,184.2988397,181.5304789,6.476708117,3.830946899,2.645761219,0.035142425,0.020786603,0.014355821,1369.58,386,0.96406572,0.0,0.0,0.9640669814602322,False
COOK:7502001,COOK:7502001,COOK:Evanston Ward 2 Precinct 1,,,,,,,,,,0.588614184,0.081255706,0.108621507,0.201781368,0.01437226,0.000395782,0.4706,0.4091,0.5909,0.4871,0.1149,0.045,0.1185,0.2014,0.080531936,0.112281117,0.25698746,0.120148619,0.097919709,0.091171204,0.106464539,0.098408659,0.036086756,0.063974621,0.051647535,0.022291518,0.030214786,0.030985922,0.027306328,0.098236023,0.050228253,0.013818656,0.055299214,0.064621485,0.098326763,0.081798929,0.054509006,0.067403299,0.18933766,,-0.174157342,0.540669856,418.0,0.166666667,396.0,0.591836735,1029.0,41.4,72998,1436,1314,-0.687672537,1.222096721,0.901487421,0.883220883,0.738699118,0.579783122,0.803039978,0.694730033,0.738699118,complete,COOK,Evanston Ward 2 Precinct 1,0,1,0,Evanston,1,0,0,1028,685,457,342,257,171,0.06364,18.045845821045425,124,0.72076,30.173133024230157,207,0.20766,23.159601300249307,159,0.00436,9.931298159782221,68,0.00074,5.5400866724308955,38,0.00278,8.527218308964235,58,6e-05,1.6182182104053828,11,COOK:7502001,COOK:7502001,COOK:EVANSTON WARD 2 PRECINCT 1,1.204417625,35.319966,11.9266342,11.9266342,11.9266342,11.9266342,2.523431498,11.9266342,2.523431498,15.26467677678965,26.716224127414602,18.638489231268878,8.050208855637191,4.353017971654348,6.94895661042927,1.0934553615592915,18.4132153193508,30.75774674356585,23.688096544351122,10.10650940635266,5.714026096904773,8.638092492779336,1.6170881269761386,13.671786560089483,25.21608547631492,20.260548290330984,8.328122193915338,4.647211530084031,6.870990091402208,1.1467979954675485,1.0,1.0,0.2,3.0,1.002726086,1.004361738,1.002180869,1.397819131,1.0518336,543.8351797,533.8908594,24.42978688,13.56964969,10.86013718,0.044921307,0.024951769,0.019969538,2961.91,685,1.0,0.0,0.0,1.0000000000000004,False
COOK:7502002,COOK:7502002,COOK:Evanston Ward 2 Precinct 2,,,,,,,,,,0.473289784,0.203313488,0.25718532,0.070955231,0.027195455,0.001192846,0.3675,0.7194,0.2806,0.5934,0.1092,0.0501,0.0443,0.1961,0.152629055,0.123018801,0.086886501,0.098413285,0.1433328,0.173233068,0.108751306,0.060686163,0.05304902,0.017618464,0.085550755,0.004458351,4.93e-05,0.018338818,0.02855604,0.0022626,0.041849521,0.026355644,0.065820171,0.035145913,0.103198051,0.065823636,0.120796136,0.138309807,0.245866751,,0.169222686,0.55952381,168.0,0.376623377,154.0,0.776119403,402.0,51.1,126029,544,487,0.775186213,1.337829339,1.638388246,1.469482135,1.391541686,1.305221483,1.458175039,0.575668058,1.391541686,complete,COOK,Evanston Ward 2 Precinct 2,0,1,0,Evanston,1,0,0,381,254,169,130,98,65,0.07306,18.659633567825438,47,0.79574,31.162599827517802,79,0.1218,20.88317921667242,53,0.0035,9.448363228460774,24,0.00082,5.411000607875683,14,0.00496,9.965373267201139,25,0.00012,1.508826217326789,4,COOK:7502002,COOK:7502002,COOK:EVANSTON WARD 2 PRECINCT 2,1.309022673,15.52526271,16.45126711,16.45126711,16.45126711,16.45126711,1.109200868,16.45126711,1.109200868,15.575300462196164,27.307991333181956,16.569685063387865,7.527953996695923,4.158526152122731,8.018809690741874,0.9713544840449766,19.050946927355298,31.745119052401957,21.391950506675645,9.583192327819578,5.5462338834836515,10.129609552297694,1.4877224802468443,13.982410245495998,25.807852682082274,18.191744122449972,7.80586733497407,4.452719710552414,7.940843171714812,1.0246971179532336,1.0,1.0,0.2,3.0,1.008459638,1.013535422,1.006767711,1.393232289,1.123308367,188.2021507,186.4006475,6.663091011,3.867738607,2.795352404,0.035403905,0.02055098,0.014852925,1237.52,254,1.0,0.0,0.0,1.0000000000000002,False
COOK:7502003,COOK:7502003,COOK:Evanston Ward 2 Precinct 3,,,,,,,,,,0.133118669,0.235009852,0.597180765,0.05352578,0.033799427,0.006280487,0.2185,0.8624,0.1376,0.7357,0.0998,0.02,0.0227,0.1013,0.060366648,0.16459384,0.134884084,0.051621063,0.116021437,0.136270249,0.110209026,0.055135029,0.170898624,0.021064972,0.02432616,0.027626283,0.014579799,0.355453064,0.021064416,0.006593895,0.082415028,0.021018578,0.019420553,0.017892744,0.060003684,0.011496472,0.100231727,0.089006243,0.127806386,,0.113019667,0.058823529,153.0,0.460122699,163.0,0.819095477,398.0,54.5,41777,715,631,0.535751559,-1.735656155,1.931452084,1.606202572,0.724007567,0.584437515,0.993410481,1.16437332,0.724007567,complete,COOK,Evanston Ward 2 Precinct 3,0,1,0,Evanston,1,0,0,494,329,219,171,129,86,0.07248,18.679113609910004,61,0.79314,31.09647528378316,102,0.12506,20.94692312132404,69,0.0032,9.395641578433189,31,0.00064,5.48834639901522,18,0.00542,9.896690726054183,33,6e-05,1.5282211159373622,5,COOK:7502003,COOK:7502003,COOK:EVANSTON WARD 2 PRECINCT 3,1.5,35.90836098,11.79214008,11.79214008,11.79214008,11.79214008,2.56546932,11.79214008,2.56546932,15.573481969587268,27.30536151678038,16.564613811753976,7.533182855591984,4.157645008304281,8.01562123820869,0.9704267217382814,19.050923380823818,31.744775746990424,21.3884524168876,9.591182322952669,5.545839251277277,10.1268331728233,1.4867684385255728,13.980591752887102,25.805222865680697,18.186672870816082,7.811096193870131,4.451838566733965,7.937654719181628,1.0237693556465384,1.0,1.0,0.2,3.0,1.004708999,1.007534398,1.003767199,1.396232801,1.294121887,383.0549715,379.3525441,14.05813617,7.552642154,6.505494017,0.036700049,0.019716862,0.016983186,1290.96,329,1.0,0.0,0.0,1.0000000000000007,False
COOK:7502004,COOK:7502004,COOK:Evanston Ward 2 Precinct 4,,,,,,,,,,0.368999262,0.210280383,0.362537238,0.044702483,0.038725364,0.00253349,0.3732,0.746,0.254,0.5838,0.1092,0.0408,0.0334,0.2157,0.141127649,0.130662488,0.092392491,0.117154263,0.146903422,0.14471714,0.135607124,0.052793255,0.038642168,0.044476209,0.001857262,0.019494952,0.00394847,0.013204441,0.043945144,0.0093794,0.004310373,0.056985841,0.016912163,0.064737815,0.101263693,0.076609087,0.115492165,0.120285201,0.307097784,,0.014146626,0.361403509,285.0,0.515358362,293.0,0.768352365,613.0,48.7,134281,1021,941,0.114535177,0.121692871,2.125316836,1.444772739,1.152657572,0.951579406,1.387405058,0.85944027,1.152657572,complete,COOK,Evanston Ward 2 Precinct 4,0,1,0,Evanston,1,0,0,735,490,327,209,157,105,0.07284,18.671115658582583,91,0.79358,31.148889952251018,153,0.12482,20.957466338642078,103,0.00316,9.351325613455192,46,0.0008,5.46725025402899,27,0.00472,9.95709226063368,49,8e-05,1.45839703354155,7,COOK:7502004,COOK:7502004,COOK:EVANSTON WARD 2 PRECINCT 4,1.5,21.27884884,15.13612413,15.13612413,15.13612413,15.13612413,1.520265264,15.13612413,1.520265264,15.575037239260993,27.307894893566054,16.56785942703978,7.529834149811363,4.157250526246596,8.017689863268316,0.9711269795039466,19.051351198916972,31.745894703608,21.390575635780262,9.58601596910875,5.5448351996728,10.128595549611934,1.4875064735819514,13.982147022560827,25.807756242466372,18.189918486101888,7.807747488089509,4.45144408467628,7.939723344241256,1.0244696134122036,1.0,1.0,0.2,3.0,1.020192339,1.032307743,1.016153871,1.383846129,1.195666641,465.918252,461.51748,15.71657138,10.05831794,5.658253436,0.033732466,0.02158816,0.012144305,2437.85,490,1.0,0.0,0.00010763588732681522,0.9998923641126732,False
COOK:7502005,COOK:7502005,COOK:Evanston Ward 2 Precinct 5,,,,,,,,,,0.350561715,0.129907422,0.444682452,0.071525879,0.034071153,3.71e-06,0.4618,0.9098,0.0902,0.7486,0.0463,0.0458,0.0003,0.1587,0.149626768,0.10684282,0.04499068,0.134371314,0.096415599,0.178159853,0.17048535,0.093331861,0.025775756,0.006932352,0.011423949,4.3e-05,0.006924887,0.018291365,0.000112999,0.038809066,0.027389475,0.150685127,0.038834454,0.102911749,0.066594216,0.116623708,0.03921189,0.180575335,0.194636425,,0.079039563,0.383084577,201.0,0.431372549,102.0,0.781990521,422.0,54.3,106655,354,313,0.390990395,0.254779371,1.830545524,1.488160012,1.135074339,0.991118826,1.302959678,0.798317228,1.135074339,complete,COOK,Evanston Ward 2 Precinct 5,0,1,0,Evanston,1,0,0,245,163,109,154,116,77,0.0723,18.66759027320315,30,0.794,31.08114476294187,51,0.12454,20.909250547365456,34,0.00366,9.42782249369442,15,0.00086,5.482201965096667,9,0.00458,9.933239308788199,16,6e-05,1.4373750137336743,2,COOK:7502005,COOK:7502005,COOK:EVANSTON WARD 2 PRECINCT 5,1.5,21.76869523,15.02415604,15.02415604,15.02415604,15.02415604,1.55526229,15.02415604,1.55526229,15.574150995793488,27.306190239515374,16.567012575295745,7.5307106266601,4.158529814254267,8.017115738801516,0.9708135646652734,19.050732968140277,31.744498991377437,21.390163663207932,9.587428345709622,5.546639587165021,10.128153654125082,1.487157520555299,13.981260779093322,25.80605158841569,18.189071634357852,7.8086239649382465,4.452723372683951,7.939149219774455,1.0241561985735304,1.0,1.0,0.2,3.0,1.046601752,1.074562803,1.037281401,1.362718599,1.31306477,141.2372284,139.6127783,6.315409194,2.348993844,3.96641535,0.044714905,0.016631549,0.028083356,306.29,163,1.0,0.0,0.0006230610065418266,0.999376938993453,False
COOK:7503001,COOK:7503001,COOK:Evanston Ward 3 Precinct 1,,,,,,,,,,0.76333708,0.077789885,0.059052351,0.088548471,0.015625834,0.001824577,0.5582,0.5579,0.4421,0.3609,0.2571,0.0493,0.0561,0.2765,0.093136169,0.110018647,0.15457925,0.150222489,0.153445662,0.14005144,0.091496846,0.078534418,0.026203578,0.057475879,0.005195744,0.015917645,0.00547554,0.0409063,0.048206557,0.054128729,0.016480414,0.039701639,0.0022835,0.03015996,0.11701989,0.091666488,0.042445619,0.143764905,0.286859689,,-0.151489679,0.573643411,258.0,0.034749035,259.0,0.444444444,594.0,44.8,117971,795,732,-0.591104343,1.424500728,0.438486206,0.414319549,0.52450959,0.421550535,0.527896724,0.388075367,0.52450959,complete,COOK,Evanston Ward 3 Precinct 1,0,1,0,Evanston,1,0,0,572,381,254,196,147,98,0.0685,18.23998916741664,69,0.7401,30.473398808584122,116,0.1835,22.567223077737502,86,0.00366,9.805146526111528,37,0.00078,5.576419066860176,21,0.00342,8.794732541163613,34,4e-05,1.5954122194610427,6,COOK:7503001,COOK:7503001,COOK:EVANSTON WARD 3 PRECINCT 1,1.2,44.33569336,9.865837627,9.865837627,9.865837627,9.865837627,3.167559253,9.865837627,3.167559253,15.344020027075427,26.867764255351844,18.121545486436265,7.919370795165781,4.300534197962109,7.2166957769298286,1.0634111466818452,18.572581150473574,31.00612913743842,23.119482436831515,9.976341397807477,5.667423757767914,9.007189579846006,1.5856272701157765,13.75112981037526,25.36762560425216,19.74360454549837,8.197284133443928,4.5947277563917925,7.138729257902767,1.1167537805901022,1.0,1.0,0.2,3.0,1.026416004,1.042265606,1.021132803,1.378867197,1.005858316,465.4031747,460.7961682,16.40729731,13.73000297,2.677294343,0.035253944,0.029501309,0.005752634,1877.93,373,0.997688472,0.0,0.0,0.9976884982070485,False
COOK:7503002,COOK:7503002,COOK:Evanston Ward 3 Precinct 2,,,,,,,,,,0.751287828,0.064957756,0.072659887,0.083406656,0.013143258,0.00218523,0.5939,0.6111,0.3889,0.404,0.204,0.0375,0.0513,0.3032,0.093934041,0.110947167,0.148105551,0.148841474,0.148595073,0.136600461,0.091934412,0.079044098,0.023695707,0.056420222,0.007189631,0.015279525,0.007369919,0.039503958,0.046307322,0.052780986,0.016880206,0.035146149,0.001730763,0.033874944,0.115727654,0.091106587,0.043354357,0.138140245,0.280885518,,-0.09363271,0.498432602,319.0,0.177700348,287.0,0.543604651,688.0,44.9,117188,948,864,-0.344623574,0.962828667,0.940213159,0.729779422,0.700533092,0.572049419,0.77416584,0.373124221,0.700533092,complete,COOK,Evanston Ward 3 Precinct 2,0,1,0,Evanston,1,0,0,675,450,300,219,165,110,0.06662,18.178413801851573,82,0.74014,30.498602635587034,137,0.18502,22.6074883081459,102,0.00404,9.746891949660204,44,0.00082,5.581709068894462,25,0.00334,8.805221488429618,40,2e-05,1.5464620385447012,7,COOK:7503002,COOK:7503002,COOK:EVANSTON WARD 3 PRECINCT 2,1.221782839,36.85921466,11.57479588,11.57479588,11.57479588,11.57479588,2.633402968,11.57479588,2.633402968,15.34628803625925,26.87214059113856,18.10610387786582,7.915767264453892,4.298901550977938,7.224422605323029,1.0624893721827264,18.577302277684517,31.013480574147092,23.102543356342505,9.9728698635781,5.665969043417551,9.017948155016192,1.5846614600947067,13.753397819559083,25.372001940038878,19.728162936927927,8.193680602732039,4.593095109407622,7.146456086295967,1.1158320060909834,1.0,1.0,0.2,3.0,1.049878364,1.079805382,1.039902691,1.360097309,1.004912647,247.1785182,244.735004,8.713317886,7.295515798,1.417802088,0.035251113,0.029515169,0.005735944,908.75,388,0.981697494,0.0,0.0,0.9816979914127106,False
COOK:7503003,COOK:7503003,COOK:Evanston Ward 3 Precinct 3,,,,,,,,,,0.721467116,0.069675513,0.096086916,0.095442684,0.016352296,0.000587408,0.6944,0.5595,0.4405,0.4709,0.1959,0.0467,0.011,0.2751,0.104197343,0.082671265,0.118864558,0.209253046,0.170991199,0.100873103,0.145125191,0.058023711,0.010000585,0.030440495,0.019924134,0.003258948,0.007369207,0.019159123,0.018530402,0.002574319,0.017177792,0.001776056,0.064676036,0.044244191,0.125958516,0.14263191,0.066066427,0.109478955,0.326733491,,0.019754071,,,0.272171254,327.0,,,43.7,125862,1023,949,0.138423869,,1.271784789,,,,,0.446709156,0.446709156,demographic_only,COOK,Evanston Ward 3 Precinct 3,0,1,0,Evanston,1,0,0,741,494,329,165,124,83,0.0661,18.196369296433378,90,0.73264,30.346341530565596,150,0.19316,22.787267322743766,113,0.00416,9.814553927513336,48,0.00064,5.567389101838982,28,0.0032,8.756069924110628,43,0.0001,1.5340985272173362,8,COOK:7503003,COOK:7503003,COOK:EVANSTON WARD 3 PRECINCT 3,1.5,47.77099793,9.080602713,9.080602713,9.080602713,9.080602713,3.412994251,9.080602713,3.412994251,15.318650588281955,26.819561738308522,18.288129312064317,7.962380977527211,4.316081643249341,7.129696132687167,1.0731564788987176,18.521447275826002,30.926789294980605,23.30326580593517,10.0195112030806,5.6807755023915725,8.887106456899037,1.5958791911676666,13.725760371581789,25.31942308720884,19.910188371126424,8.240294315805357,4.610275201679025,7.051729613660106,1.1264991128069746,1.0,1.0,0.2,3.0,1.222973865,1.356758185,1.178379092,1.221620908,1.005887775,241.8744875,237.1192347,11.76395818,5.373639723,6.390318453,0.048636623,0.022216645,0.026419977,1764.25,494,1.0,0.0,0.0,1.0000000000000002,False
COOK:7503004,COOK:7503004,COOK:Evanston Ward 3 Precinct 4,,,,,,,,,,0.75268919,0.067074393,0.073469071,0.061647795,0.011325849,0.001226687,0.6628,0.6298,0.3702,0.5003,0.2442,0.0301,0.0325,0.1929,0.056092136,0.079248806,0.054743119,0.166054686,0.227191841,0.075685652,0.236970494,0.060499519,0.01560234,0.064847361,0.028133741,0.00188235,0.023456804,0.008042819,0.007057798,0.001600883,0.036386856,0.000167421,0.048267688,0.075641204,0.071561407,0.136563363,0.089762661,0.146126142,0.232590091,,0.002942972,0.459854015,137.0,0.168141593,339.0,0.510204082,294.0,47.5,121784,1187,1076,0.066805658,0.726018879,0.906664079,0.623521684,0.664738417,0.580752575,0.729920718,0.262415405,0.664738417,complete,COOK,Evanston Ward 3 Precinct 4,0,1,0,Evanston,1,0,0,842,561,374,178,134,89,0.0716,18.586300117615046,104,0.79298,31.108141322125583,175,0.12652,20.958797307503417,118,0.00364,9.498503665301302,53,0.00066,5.533371074131934,31,0.00448,9.878747193310387,55,0.00012,1.4606439370131696,8,COOK:7503004,COOK:7503004,COOK:EVANSTON WARD 3 PRECINCT 4,1.5,38.33308971,11.23790053,11.23790053,11.23790053,11.23790053,2.738703826,11.23790053,2.738703826,15.53316929223558,27.244982380921588,16.63184920950115,7.5958600758293615,4.17979364879703,7.966184883261905,0.9881784434846563,18.994000561744485,31.667034020296267,21.467750721691015,9.668549926065047,5.572541674300345,10.060496978110343,1.5044008480731723,13.940279075535415,25.744843729821905,18.253908268563258,7.873773414107508,4.473987207226714,7.888218364234843,1.0415210773929133,1.0,1.0,0.2,3.0,1.189447699,1.303116319,1.15155816,1.24844184,1.002912245,292.2857571,285.8635355,15.53602476,7.462278001,8.073746761,0.053153547,0.025530762,0.027622785,1249.21,447,0.972088449,0.013178917670675357,0.0,0.9589096749056006,False
COOK:7503005,COOK:7503005,COOK:Evanston Ward 3 Precinct 5,,,,,,,,,,0.674878137,0.069994308,0.072672328,0.164468027,0.009864428,0.00065836,0.6996,0.5698,0.4302,0.446,0.2838,0.0437,0.0319,0.1942,0.097397616,0.065878587,0.144796599,0.194427736,0.167731219,0.114876807,0.13395361,0.071448148,0.009489679,0.043923419,0.021369526,0.009826941,0.018970665,0.033222004,0.028858683,0.010313614,0.049566886,0.001680044,0.047284161,0.021949808,0.129847166,0.126643745,0.078682262,0.09491811,0.282942966,,-0.042588327,0.363636364,220.0,0.234567901,243.0,0.657232704,636.0,43.9,116421,831,766,-0.127165609,0.13539897,1.139805479,1.091266073,0.686523337,0.559826228,0.802519187,0.512635858,0.686523337,complete,COOK,Evanston Ward 3 Precinct 5,0,1,0,Evanston,1,0,0,599,399,266,211,159,106,0.0645,18.143392575876266,72,0.73624,30.36194799931734,121,0.19156,22.71661717266922,91,0.00374,9.820058832912249,39,0.00068,5.677262894109898,23,0.0032,8.719394306819964,35,8e-05,1.5475146858454598,6,COOK:7503005,COOK:7503005,COOK:EVANSTON WARD 3 PRECINCT 5,1.297905268,37.43273179,11.44370251,11.44370251,11.44370251,11.44370251,2.674377843,11.44370251,2.674377843,15.322352761292693,26.826062909102088,18.258936621642086,7.953439022663421,4.316636049608103,7.146109641375649,1.0712304426387154,18.52938974489013,30.938317736825876,23.270989465726753,10.010131982216528,5.682570047556858,8.90957562055809,1.5938001325064226,13.729462544592527,25.325924258002406,19.880995680704192,8.231352360941568,4.610829608037787,7.068143122348587,1.1245730765469724,1.0,1.0,0.2,3.0,1.093715101,1.149944161,1.074972081,1.325027919,1.008758342,68.57974747,67.24745529,3.327502847,1.552726715,1.774776132,0.048520197,0.022641184,0.025879012,1254.67,399,1.0,0.0,0.0,1.0000000000000002,False
COOK:7504001,COOK:7504001,COOK:Evanston Ward 4 Precinct 1,,,,,,,,,,0.705923117,0.045910356,0.156177252,0.090377066,0.022081307,0.001580036,0.4366,0.4506,0.5494,0.3566,0.2645,0.0825,0.0406,0.2333,0.117565718,0.112506378,0.178833905,0.110160574,0.178227548,0.137924232,0.102577212,0.036835494,0.025368942,0.063202128,0.013307609,4.47e-05,0.023302637,0.043127663,0.013313651,0.000147541,0.020005481,0.112740987,0.073085944,0.10957674,0.079861052,0.029930965,0.083104323,0.142653144,0.192595389,,0.189150118,0.57037037,135.0,0.5625,128.0,0.763157895,304.0,44.3,83811,422,400,0.860080545,1.404409579,2.290773382,1.428247493,1.638947033,1.49587775,1.79792616,0.596639198,1.638947033,complete,COOK,Evanston Ward 4 Precinct 1,0,1,0,Evanston,1,0,0,312,208,139,99,75,50,0.06556,18.18848079707675,38,0.73912,30.403356996737017,63,0.18732,22.630545748876248,47,0.00412,9.838598422080807,20,0.00066,5.61231792012564,12,0.0032,8.779432297625714,18,2e-05,1.583311775497398,3,COOK:7504001,COOK:7504001,COOK:EVANSTON WARD 4 PRECINCT 1,1.2,11.13239357,17.45538018,17.45538018,17.45538018,17.45538018,0.795352764,17.45538018,0.795352764,15.332018545644887,26.845136133687422,18.19610208747466,7.940120651523438,4.30752828456001,7.176415293749407,1.0676136644768313,18.549248023109744,30.969828300374143,23.20234398405352,9.997807126609324,5.673577736417423,8.95191008690789,1.5900594728086268,13.739128328944721,25.34499748258774,19.818161146536767,8.218033989801585,4.601721842989694,7.098448774722345,1.1209562983850883,1.0,1.0,0.2,3.0,1.021247495,1.033995991,1.016997996,1.383002004,1.015451918,101.8232043,100.6060826,2.840923923,0.815307446,2.025616477,0.027900555,0.008007089,0.019893466,554.02,208,1.0,0.0,0.0,1.0,False
COOK:7504002,COOK:7504002,COOK:Evanston Ward 4 Precinct 2,,,,,,,,,,0.684346628,0.090102848,0.128464983,0.089222354,0.018627256,0.002940493,0.4353,0.4571,0.5429,0.3826,0.2537,0.0721,0.0346,0.2348,0.107923045,0.09686981,0.17483285,0.105398098,0.165278853,0.161015918,0.10720829,0.052329733,0.029143405,0.048638718,0.014222162,4.63e-05,0.02429497,0.034386137,0.026281252,7.51e-05,0.01219045,0.101104398,0.097074175,0.109225495,0.1032187,0.046541716,0.095092745,0.113398619,0.174209098,,0.085146719,0.542056075,214.0,0.277777778,180.0,0.697368421,456.0,45.9,82862,572,513,0.417007944,1.230605852,1.291462427,1.218950439,1.126952114,1.039506666,1.177343266,0.519605105,1.126952114,complete,COOK,Evanston Ward 4 Precinct 2,0,1,0,Evanston,1,0,0,401,267,178,162,122,81,0.07178,18.716445573492752,50,0.79834,31.15553851629644,83,0.1215,20.884851700503283,56,0.00312,9.359698589635695,25,0.0007,5.440568700710656,15,0.0045,9.983080279020026,27,6e-05,1.5054234299537683,4,COOK:7504002,COOK:7504002,COOK:EVANSTON WARD 4 PRECINCT 2,1.2,21.99817495,14.97170203,14.97170203,14.97170203,14.97170203,1.571657446,14.97170203,1.571657446,15.575820912628947,27.308584938424648,16.571747281235908,7.525828931121076,4.159420781798183,8.02009059884164,0.9716721688924455,19.050725548291094,31.744755511409483,21.393437463337982,9.57997314823989,5.54709745407675,10.130746527919282,1.4880390770061787,13.982930695928781,25.808446287324966,18.193806340298014,7.803742269399223,4.453614340227867,7.9421240798145805,1.0250148028007025,1.0,1.0,0.2,3.0,1.030278762,1.04844602,1.02422301,1.37577699,1.019690679,244.5630068,241.6777662,7.063364057,2.463936976,4.599427081,0.028881572,0.010074856,0.018806716,1283.9,267,1.0,0.0,0.0,1.0,False
COOK:7504003,COOK:7504003,COOK:Evanston Ward 4 Precinct 3,,,,,,,,,,0.548530802,0.070472037,0.033216263,0.33676337,0.001964668,3.28e-06,0.6435,0.3967,0.6033,0.3137,0.3092,0.1285,0.0586,0.1898,0.025899893,0.02340708,0.42696213,0.129591345,0.043052751,0.088614757,0.11507422,0.093887412,0.053510413,0.155627625,0.034158875,0.027156736,0.050746418,0.018895229,0.01067352,0.061493833,0.075465083,0.015300644,0.029664884,0.079113816,0.12039351,0.036657966,0.11080724,0.068439229,0.105405394,,-0.028789085,0.420289855,138.0,-0.052631579,133.0,0.572864322,398.0,33.2,63947,499,451,-0.068378433,0.483159275,0.131799906,0.822863658,0.362378935,0.342361101,0.320266696,1.064164252,0.362378935,complete,COOK,Evanston Ward 4 Precinct 3,0,1,0,Evanston,1,0,0,353,235,157,154,116,77,0.06136,17.810234512784064,42,0.68516,29.841780034798106,70,0.24562,23.893197674950738,56,0.00462,10.0607725106786,24,0.00072,5.693598147567859,13,0.00246,7.978997593919475,19,6e-05,1.6949540453610072,4,COOK:7504003,COOK:7504003,COOK:EVANSTON WARD 4 PRECINCT 3,1.2,51.52153165,8.223313364,8.223313364,8.223313364,8.223313364,3.680950764,8.223313364,3.680950764,15.16301308755953,26.52183739775424,19.309328673648988,8.217615684230474,4.420400280630014,6.603661060265403,1.1327707268385756,18.2090879415185,30.43936545615126,24.419412521074076,10.270773541608477,5.772926357872743,8.165263953829427,1.6579449582261694,13.570122870859365,25.021698746654558,20.931387732711094,8.49552902250862,4.714593839059698,6.525694541238342,1.1861133607468326,1.0,1.0,0.2,3.0,1.007828585,1.012525736,1.006262868,1.393737132,1.01453096,108.9228596,106.8457836,5.31643254,2.822902436,2.493530104,0.048809153,0.025916529,0.022892624,1002.64,235,1.0,0.0,0.0,1.0000000000000002,False
COOK:7504004,COOK:7504004,COOK:Evanston Ward 4 Precinct 4,,,,,,,,,,0.717049361,0.067632695,0.122335504,0.066769822,0.016218737,0.000670986,0.5857,0.5169,0.4831,0.373,0.1727,0.1568,0.0597,0.2066,0.067691373,0.122973018,0.166247921,0.09741107,0.090286503,0.131491259,0.176571661,0.109060066,0.038267128,0.062142258,0.066671074,0.024013816,0.020581769,0.013248842,0.014369976,0.03008435,0.023684297,0.017639437,0.075377601,0.059721084,0.098849156,0.056583408,0.082757075,0.133465406,0.220810452,,-0.142459546,0.73126615,387.0,0.206730769,416.0,0.584816133,843.0,52.6,98386,1148,1077,-0.552634403,2.392048022,1.042103407,0.860886136,1.095074571,0.93560079,1.116375095,0.853696384,1.095074571,complete,COOK,Evanston Ward 4 Precinct 4,0,1,0,Evanston,1,0,0,842,561,374,255,192,128,0.07392,18.63923538521075,105,0.79088,31.127750958762178,175,0.1262,20.962038515359737,118,0.00362,9.412426000622753,53,0.00072,5.3921048425337155,30,0.00454,9.92105864357501,56,0.00012,1.4721647107577254,8,COOK:7504004,COOK:7504004,COOK:EVANSTON WARD 4 PRECINCT 4,1.2,22.91850485,14.7613349,14.7613349,14.7613349,14.7613349,1.637410326,14.7613349,1.637410326,15.57618152826019,27.30941676273345,16.57156111585311,7.5260184568727055,4.158342011614654,8.020004129103913,0.971754376294802,19.051175280073178,31.745724664880836,21.393182767268385,9.580209106853669,5.545711071283954,10.130628677905278,1.488143162015377,13.983291311560023,25.809278111633766,18.193620174915218,7.803931795150852,4.452535570044338,7.942037610076852,1.025097010203059,1.0,1.0,0.2,3.0,1.009251535,1.014802456,1.007401228,1.392598772,1.042067498,490.7259445,483.4292525,20.26487093,10.45210479,9.812766148,0.041295699,0.021299271,0.019996428,2495.45,561,1.0,0.0,0.0,0.9999999999999997,False
COOK:7504005,COOK:7504005,COOK:Evanston Ward 4 Precinct 5,,,,,,,,,,0.667997955,0.091685146,0.191352506,0.036159656,0.026672286,0.012727789,0.3967,0.4915,0.5085,0.3949,0.2714,0.0603,0.0301,0.2323,0.127572667,0.108672637,0.080854656,0.08256927,0.205860594,0.169905978,0.152914785,0.046456801,0.025192613,0.06756076,0.01142235,0.019698829,0.025336809,0.030942156,0.011298597,7.49e-05,0.019714642,0.162890775,0.025601889,0.062040279,0.070550832,0.047906384,0.078911809,0.132372899,0.2336761,,0.042002814,0.572327044,159.0,0.253731343,134.0,0.742765273,311.0,50.1,97472,347,308,0.233207391,1.416420375,1.207064849,1.363372135,1.152401933,1.055016188,1.182811666,0.464636473,1.152401933,complete,COOK,Evanston Ward 4 Precinct 5,0,1,0,Evanston,1,0,0,240,160,107,100,75,50,0.06916,18.698853324412546,30,0.79784,31.18892469707869,50,0.12396,20.984785324638587,34,0.00328,9.346442083365497,15,0.00076,5.429775224598439,9,0.00494,9.981443641628251,16,6e-05,1.4517736269527424,2,COOK:7504005,COOK:7504005,COOK:EVANSTON WARD 4 PRECINCT 5,1.2,21.28590282,15.13451174,15.13451174,15.13451174,15.13451174,1.520769234,15.13451174,1.520769234,15.576202212077382,27.309815677445833,16.570201597996327,7.527417342562153,4.156861482730851,8.019185718960607,0.9716439107918571,19.051704807442565,31.746800061833472,21.39209498582171,9.582282548362123,5.543973903251606,10.129865561200432,1.4880528623687486,13.983311995377216,25.80967702634615,18.192260657058434,7.805330680840299,4.451055041160535,7.941219199933545,1.024986544700114,1.0,1.0,0.2,3.0,1.033070486,1.052912777,1.026456389,1.373543611,1.035944101,118.1881457,116.8518319,3.464385723,1.343755994,2.120629728,0.029312464,0.011369634,0.017942829,640.92,160,1.0,0.0,0.0,1.0000000000000002,False
COOK:7504006,COOK:7504006,COOK:Evanston Ward 4 Precinct 6,,,,,,,,,,0.641279696,0.049509428,0.087275951,0.205636043,0.010477027,0.001160186,0.6375,0.332,0.668,0.3447,0.1621,0.1819,0.0833,0.2181,0.06287314,0.070349091,0.338240281,0.130166576,0.066331524,0.089540205,0.119551633,0.084439856,0.038507696,0.083016749,0.007010622,0.02388988,0.043175576,0.014814674,0.019340585,0.094309127,0.052291674,5.84e-05,0.076166447,0.08297852,0.136387107,0.027444558,0.070548028,0.053632911,0.21493514,,-0.014547946,0.547619048,336.0,0.136645963,322.0,0.627421759,671.0,36.1,75540,944,828,-0.0077087,1.26475346,0.796121503,0.996428061,0.842781601,0.762398581,0.849526185,1.200366184,0.842781601,complete,COOK,Evanston Ward 4 Precinct 6,0,1,0,Evanston,1,0,0,647,431,287,225,169,113,0.06152,17.856182804326266,77,0.68684,29.821890106811043,129,0.24366,23.872839571408495,103,0.00448,10.055697779828087,43,0.0006,5.668011218040017,24,0.00272,8.023094156126296,35,0.00018,1.632233251383875,7,COOK:7504006,COOK:7504006,COOK:EVANSTON WARD 4 PRECINCT 6,1.2,31.31212983,12.84273722,12.84273722,12.84273722,12.84273722,2.237092037,12.84273722,2.237092037,15.164572217606775,26.525841677162123,19.306957318811964,8.220047063379068,4.414088650386211,6.602342512133517,1.1329923883027726,18.211541183610755,30.444631114986823,24.417185681086256,10.274140856203626,5.76515384505857,8.163840732085806,1.6582813172488435,13.571682000906609,25.02570302606244,20.92901637787407,8.497960401657215,4.708282208815895,6.524375993106456,1.1863350222110296,1.0,1.0,0.2,3.0,1.006697853,1.010716565,1.005358283,1.394641717,1.022565186,288.7553091,282.6451958,14.95261152,8.100721721,6.851889795,0.051782984,0.028053932,0.023729052,1378.17,431,1.0,0.0,0.0,0.9999999999999998,False
COOK:7504007,COOK:7504007,COOK:Evanston Ward 4 Precinct 7,,,,,,,,,,0.642077896,0.048844193,0.101731177,0.198655505,0.006495568,0.0,0.5991,0.4747,0.5253,0.2967,0.3776,0.0321,0.0633,0.2303,0.032581856,0.031502857,0.19128984,0.159069523,0.069245681,0.123300458,0.189337237,0.105046089,0.09862646,0.101927847,0.049033805,8.96e-05,0.049064208,0.035016035,0.015783614,0.071836804,0.075388772,0.02987444,0.014071941,0.057898028,0.099962496,0.031621915,0.194506387,0.056262699,0.117661374,,-0.160029931,,,0.115942029,138.0,,,53.3,75004,397,357,-0.627487305,,0.723455351,,,,,0.59792657,0.59792657,demographic_only,COOK,Evanston Ward 4 Precinct 7,0,1,0,Evanston,1,0,0,279,186,124,99,75,50,0.07176,18.667469559486033,35,0.79904,31.136068250309613,58,0.1206,20.881045565055167,39,0.00326,9.354645675769792,17,0.00048,5.476798708464792,10,0.0047,9.992691233892323,19,0.00016,1.497946333817141,3,COOK:7504007,COOK:7504007,COOK:EVANSTON WARD 4 PRECINCT 7,1.2,41.15320435,10.59328448,10.59328448,10.59328448,10.59328448,2.940186639,10.59328448,2.940186639,15.574407843583813,27.305068491332324,16.573463620104715,7.524070763012965,4.164685862345393,8.021024574344867,0.971434309550461,19.048594795615827,31.740211866703827,21.3952206023432,9.577541549236987,5.553742591674313,10.131761663432751,1.4877016612737683,13.981517626883647,25.804929840232642,18.19552267916682,7.8019841012911115,4.458879420775077,7.943058055317806,1.024776943458718,1.0,1.0,0.2,3.0,1.012667516,1.020268025,1.010134013,1.389865987,1.009494661,40.23328515,39.7898969,1.351928968,0.692625312,0.659303656,0.033602252,0.017215231,0.01638702,692.77,186,1.0,0.0,0.0,1.0000000000000004,False
COOK:7505001,COOK:7505001,COOK:Evanston Ward 5 Precinct 1,,,,,,,,,,0.122626221,0.256747952,0.607204034,0.0193155,0.040753156,0.001498083,0.1642,0.5008,0.4992,0.7748,0.0337,0.0,0.04,0.1331,0.181024628,0.147301391,0.166609621,0.148765006,0.112952631,0.076499006,0.089229653,0.052276136,0.025341929,0.040590907,0.114562335,0.16422787,0.012444788,0.028711625,0.068178969,0.106135324,0.000443888,0.006664025,0.000124269,0.069315718,0.109666931,0.110317816,0.02600901,0.092158856,0.05044767,,0.035449682,0.010752688,186.0,0.465346535,202.0,0.819277108,498.0,40.5,38358,874,779,0.205289907,-2.030732947,1.949786573,1.606780398,0.607230649,0.432780983,0.910631768,1.236178064,0.607230649,complete,COOK,Evanston Ward 5 Precinct 1,0,1,0,Evanston,1,0,0,609,406,271,151,114,76,0.06346,18.03182817635639,73,0.7136,30.13162504858783,122,0.21524,23.295394400188613,95,0.0039,9.929987486873138,40,0.00094,5.631458494468686,23,0.00278,8.396916666129766,34,8e-05,1.6169204531926593,7,COOK:7505001,COOK:7505001,COOK:EVANSTON WARD 5 PRECINCT 1,1.5,40.75561677,10.68416423,10.68416423,10.68416423,10.68416423,2.911781033,10.68416423,2.911781033,15.243778303333206,26.67881759674148,18.765799519750612,8.094646350384965,4.356634815300347,6.872345983495252,1.1006229777948884,18.374694623288498,30.699408476164812,23.830942020208322,10.155255543670517,5.7144739259110935,8.535229875325246,1.6247702657121825,13.65088808663304,25.1786789456418,20.38785857881272,8.372559688663111,4.650828373730031,6.79437946446819,1.1539656117031454,1.0,1.0,0.2,3.0,1.00116997,1.001871953,1.000935976,1.399064024,1.294745614,298.4691841,296.6344943,9.573950749,2.746292636,6.827658112,0.032076848,0.00920126,0.022875588,1937.62,406,1.0,0.0,0.0,0.9999999999999998,False
COOK:7505002,COOK:7505002,COOK:Evanston Ward 5 Precinct 2,,,,,,,,,,0.575980078,0.075687274,0.093391679,0.246105071,0.005143003,0.001363663,0.3449,0.2545,0.7455,0.2668,0.0617,0.0664,0.4512,0.1538,0.057602691,0.074432499,0.516891288,0.071095435,0.056644037,0.067733386,0.064737793,0.066848545,0.024014325,0.190484653,0.041308106,0.011168797,0.058982117,0.039918386,0.04692321,0.05596604,0.041511313,0.021378435,0.104889214,0.062068353,0.030808058,0.065886611,0.050305193,0.03026269,0.148138825,,0.226000343,0.538461538,195.0,0.300813008,246.0,0.718574109,533.0,27.4,48213,969,888,1.017068924,1.20854124,1.372310903,1.286412417,1.256607569,1.221083371,1.286853075,1.577316901,1.256607569,complete,COOK,Evanston Ward 5 Precinct 2,0,1,0,Evanston,1,0,0,695,463,309,224,168,112,0.06216,17.814251744546006,82,0.68604,29.857983695468448,138,0.24392,23.878043076311176,111,0.00488,10.126272132404408,47,0.0007,5.642930132479919,26,0.00224,8.074228820786194,37,6e-05,1.6623607080458322,8,COOK:7505002,COOK:7505002,COOK:EVANSTON WARD 5 PRECINCT 2,1.201223388,18.57350232,15.75450672,15.75450672,15.75450672,15.75450672,1.326982047,15.75450672,1.326982047,15.160291908653976,26.520912325661207,19.309831932903208,8.219072394593354,4.419687394756921,6.602543022593779,1.1328584015171617,18.206460031236254,30.43923984011456,24.421274805016065,10.27310562150307,5.772305984982353,8.164240025414866,1.6581484220134965,13.56740169195381,25.020773674561525,20.931890991965314,8.4969857328715,4.713880953186605,6.524576503566718,1.1862010354254187,1.0,1.0,0.2,3.0,1.001002614,1.001604182,1.000802091,1.399197909,1.02543401,324.2627099,320.1775104,4.595849431,2.042599747,2.553249684,0.014173228,0.006299213,0.007874016,3518.58,463,1.0,0.0,0.0,1.0000000000000002,False
COOK:7505003,COOK:7505003,COOK:Evanston Ward 5 Precinct 3,,,,,,,,,,0.200094474,0.17519338,0.562925044,0.059764043,0.029990779,0.004435587,0.2285,0.4136,0.5864,0.5651,0.0789,0.0121,0.0752,0.2222,0.123969098,0.184634178,0.107128787,0.122830772,0.182324795,0.096807309,0.092539871,0.063039574,0.026725615,0.092756508,0.040871916,0.039038872,0.067463361,0.024503236,0.045315308,0.051766348,0.03284699,0.147149831,0.069708886,0.084757186,0.086640597,0.066274499,0.010131865,0.025334062,0.115440531,,0.083595762,0.195652174,184.0,0.581395349,172.0,0.792494481,453.0,44.8,48583,834,761,0.410400597,-0.895750783,2.357091807,1.52157642,1.042998631,0.84832951,1.34475109,1.414582651,1.042998631,complete,COOK,Evanston Ward 5 Precinct 3,0,1,0,Evanston,1,0,0,594,396,264,158,119,79,0.06654,18.187735909565657,72,0.73866,30.360710056820473,120,0.1869,22.629828769179866,90,0.00372,9.77691724974686,39,0.00056,5.526344493214287,22,0.00354,8.864530215412705,35,8e-05,1.5564387271492337,6,COOK:7505003,COOK:7505003,COOK:EVANSTON WARD 5 PRECINCT 3,1.272019058,24.4899049,14.40214748,14.40214748,14.40214748,14.40214748,1.749678848,14.40214748,1.749678848,15.341367560505201,26.86396865024988,18.113993882152073,7.927156777835767,4.299086311551727,7.211951817629323,1.0620447007674623,18.57251089668522,31.005621458857558,23.11463302652883,9.988182355099404,5.666687851410925,9.002881902534973,1.5842572391637681,13.748477343805035,25.363829999150198,19.73605294121418,8.205070116113914,4.59327986998141,7.133985298602262,1.1153873346757193,1.0,1.0,0.2,3.0,1.001002161,1.001603457,1.000801728,1.399198272,1.090750541,389.0242924,385.7671054,13.28870795,4.499241878,8.789466069,0.03415907,0.011565452,0.022593618,3044.52,396,1.0,0.0,0.0,0.9999999999999997,False
COOK:7506001,COOK:7506001,COOK:Evanston Ward 6 Precinct 1,,,,,,,,,,0.828757625,0.039073519,0.032333815,0.071319935,0.006014442,0.001501044,0.5924,0.7767,0.2233,0.5352,0.0988,0.0244,0.0329,0.2962,0.1192549,0.122760175,0.039519858,0.06762629,0.137369726,0.141687396,0.12824138,0.088119784,0.15542049,0.027442191,0.026173133,0.023533207,0.007834034,0.007835513,0.011801764,0.006532992,0.00262524,0.014373028,0.024851503,0.064032384,0.041974202,0.085118433,0.048505105,0.102175069,0.505192201,,-0.350761842,0.591731266,387.0,0.01305483,383.0,0.384439359,874.0,57.8,201028,1180,1047,-1.440038479,1.535530744,0.362344426,0.22342446,0.350553578,0.170315288,0.388959406,-0.180487616,0.350553578,complete,COOK,Evanston Ward 6 Precinct 1,0,1,0,Evanston,1,0,0,818,545,363,266,200,133,0.07352,19.03463759425105,104,0.80756,31.408348671179237,171,0.1111,20.60979057847994,112,0.00292,9.408973789184016,51,0.00072,5.286476358604871,29,0.00412,9.819992768477755,54,6e-05,1.4788773782645723,8,COOK:7506001,COOK:7506001,COOK:EVANSTON WARD 6 PRECINCT 1,1.5,52.04668383,8.10327515,8.10327515,8.10327515,8.10327515,3.71847021,8.10327515,3.71847021,15.929518804371172,27.608226219132035,16.391247000450782,7.520572126024473,4.011598824048215,7.911860807739618,0.9618636797817726,19.457535880903567,32.04423829006514,21.10376421726598,9.547969352054729,5.343713841953557,9.96666887343601,1.4708842746016972,14.336628587671006,26.108087568032353,18.01330605951289,7.79848546430262,4.3057923824778985,7.833894288712557,1.0152063136900296,1.0,1.0,0.2,3.0,1.000119867,1.000191787,1.000095894,1.399904106,1.12970274,423.5760187,420.6413207,7.457323258,4.792206519,2.665116738,0.017605631,0.011313687,0.006291944,1914.39,545,1.0,0.0,0.0,1.0,False
COOK:7506002,COOK:7506002,COOK:Evanston Ward 6 Precinct 2,,,,,,,,,,0.87816546,0.035910499,0.045164025,0.026728682,0.010889224,9.4e-06,0.6258,0.9585,0.0415,0.4976,0.1385,0.0289,0.0456,0.2817,0.12492004,0.151654923,0.02061095,0.026882948,0.217991254,0.150368168,0.188792587,0.088441978,0.030337152,5.8e-05,0.033250742,0.018144145,7.75e-06,1.11e-05,0.01517785,4e-05,3.29e-05,0.003035348,0.009136727,0.01824069,0.072824438,0.154152654,0.057599213,0.148357717,0.469930748,,-0.327789464,0.601895735,211.0,0.041860465,215.0,0.489959839,498.0,54.9,189866,631,593,-1.342172146,1.597924054,0.463445725,0.559118366,0.500140787,0.319579,0.528914132,-0.068903137,0.500140787,complete,COOK,Evanston Ward 6 Precinct 2,0,1,0,Evanston,1,0,0,464,309,206,140,105,70,0.07254,18.652542773644637,58,0.79622,31.123948059254445,96,0.12228,20.89449420921934,65,0.00346,9.430413974616346,29,0.00072,5.474683345587388,17,0.0047,9.879374293996081,31,8e-05,1.4828829941640636,5,COOK:7506002,COOK:7506002,COOK:EVANSTON WARD 6 PRECINCT 2,1.8,45.4064992,9.621075012,9.621075012,9.621075012,9.621075012,3.244062871,9.621075012,3.244062871,15.577227827752548,27.311529569525348,16.572175728610276,7.525380055718283,4.156426566309408,8.020449648138232,0.9720915025009118,19.0520488782166,31.747663506942988,21.39336250688577,9.579130287701343,5.543107745535593,10.130934243212291,1.48852756178609,13.984337611052382,25.811390918425666,18.194234787672382,7.803293393996429,4.450620124739092,7.94248312911117,1.0254341364091688,1.0,1.0,0.2,3.0,1.000061286,1.000098058,1.000049029,1.399950971,1.132561806,224.9988271,223.7139059,3.642944766,2.783995963,0.858948803,0.01619095,0.01237338,0.00381757,790.53,309,1.0,0.0,0.0,1.0000000000000002,False
COOK:7506003,COOK:7506003,COOK:Evanston Ward 6 Precinct 3,,,,,,,,,,0.886786063,0.027989546,0.0277029,0.051778077,0.00146283,2.34e-05,0.6372,0.9749,0.0251,0.449,0.1583,0.0192,0.0318,0.329,0.132095351,0.144832679,0.008882009,0.036821608,0.192706866,0.151583228,0.204188269,0.083454129,0.045435861,0.000301941,0.048103483,0.034739513,0.000135016,0.000199895,0.027271812,0.00027517,0.00010789,0.016061459,0.000436167,0.033220047,0.094457364,0.15052015,0.05447029,0.140073157,0.399626647,,-0.204145471,0.584541063,207.0,0.113122172,221.0,0.531827515,487.0,56.5,164171,628,575,-0.815427192,1.49139459,0.713558288,0.69231264,0.673358129,0.520459581,0.711977871,-0.077831499,0.673358129,complete,COOK,Evanston Ward 6 Precinct 3,0,1,0,Evanston,1,0,0,450,300,200,142,107,71,0.0722,18.893602827786072,57,0.80558,31.32834652834019,94,0.11372,20.749640485470902,62,0.0032,9.389254691928548,28,0.00068,5.363108054200754,16,0.00448,9.850147469913335,30,0.00014,1.4460473453112668,4,COOK:7506003,COOK:7506003,COOK:EVANSTON WARD 6 PRECINCT 3,1.8,37.97562713,11.31960859,11.31960859,11.31960859,11.31960859,2.713164947,11.31960859,2.713164947,15.766002860868715,27.470534789952506,16.47541508876524,7.52263383805419,4.0788974515603735,7.962380257076715,0.9666394244133893,19.269527237926123,31.906662474001923,21.238174679462105,9.562165978824957,5.436219879525236,10.042931033481345,1.479093447058986,14.17311264416855,25.970396138852823,18.097474147827345,7.800547176332337,4.373091009990057,7.884413738049654,1.0199820583216463,1.0,1.0,0.2,3.0,1.000048719,1.000077951,1.000038975,1.399961025,1.2685455,324.9221122,323.0721058,5.246254414,4.011603213,1.234651201,0.016146191,0.012346353,0.003799837,1046.67,300,1.0,0.0,0.0,1.0000000000000002,False
COOK:7506004,COOK:7506004,COOK:Evanston Ward 6 Precinct 4,,,,,,,,,,0.871873615,0.017809786,0.057909439,0.043053499,0.003928322,0.000895706,0.6067,0.7927,0.2073,0.5515,0.203,0.0149,0.0054,0.2178,0.16846463,0.10135294,0.027598932,0.106982703,0.165945183,0.077094361,0.141711354,0.067749886,0.143100011,0.018545377,0.037310373,0.02411619,0.004763501,0.004673234,0.030825663,0.003713407,5.58e-07,0.006659869,0.022025049,0.065269724,0.048565915,0.091016962,0.110556941,0.122932934,0.409024304,,-0.283829859,0.617312073,439.0,-0.009756098,410.0,0.480176211,908.0,56.4,162998,1225,1111,-1.154896569,1.692555299,0.2822832,0.527993562,0.48070185,0.336983873,0.469761715,-0.23032524,0.48070185,complete,COOK,Evanston Ward 6 Precinct 4,0,1,0,Evanston,1,0,0,869,579,386,171,129,86,0.07262,18.85153190333203,109,0.80282,31.330681811063116,181,0.11566,20.72160311556023,120,0.00332,9.374609619960344,54,0.00068,5.390076976666997,31,0.00484,9.89226242864454,57,6e-05,1.4090015593085825,8,COOK:7506004,COOK:7506004,COOK:EVANSTON WARD 6 PRECINCT 4,1.8,46.26449741,9.424955531,9.424955531,9.424955531,9.424955531,3.305362469,9.424955531,3.305362469,15.7533426677935,27.459901568341294,16.481364748378688,7.523332947916709,4.083723181133645,7.965943999841363,0.9669396549808729,19.255157961532714,31.89627937524995,21.248131314194737,9.564070163392643,5.442962051859331,10.048512411843884,1.479661452207416,14.160452451093335,25.959762917241612,18.103423807440794,7.801246286194855,4.377916739563329,7.8879774808143015,1.0202822888891299,1.0,1.0,0.2,3.0,1.000168664,1.000269862,1.000134931,1.399865069,1.441425005,411.3253339,408.3598031,7.37564592,4.548385613,2.827260308,0.017931417,0.011057879,0.006873538,1646.59,579,1.0,0.0,0.0,1.0000000000000009,False
COOK:7506005,COOK:7506005,COOK:Evanston Ward 6 Precinct 5,,,,,,,,,,0.853446097,0.045819698,0.032728831,0.054063577,0.003280702,0.000820549,0.6054,0.6954,0.3046,0.3445,0.1729,0.0,0.0588,0.4101,0.10327568,0.121307396,0.048367292,0.113022061,0.137642632,0.122518949,0.177674663,0.089209526,0.086981801,0.022316185,0.003762121,0.012421876,0.042028673,0.011138471,0.070469062,0.011141187,0.025964485,0.050702345,0.045792563,0.124991255,0.052046949,0.068158914,0.021159973,0.073210851,0.364695091,,-0.237399688,0.655737705,366.0,0.075718016,383.0,0.443890274,802.0,55.6,109986,1006,921,-0.957095951,1.928426193,0.582278114,0.412556559,0.645478635,0.491541229,0.663626012,0.128683497,0.645478635,complete,COOK,Evanston Ward 6 Precinct 5,0,1,0,Evanston,1,0,0,720,480,320,242,182,121,0.07264,18.70748126650108,90,0.79942,31.213572196416973,150,0.11972,20.841901533856987,100,0.0031,9.404105454423306,45,0.00072,5.430945528075395,26,0.00436,9.876515845956192,47,4e-05,1.518702762956899,7,COOK:7506005,COOK:7506005,COOK:EVANSTON WARD 6 PRECINCT 5,1.5,39.13733137,11.05406861,11.05406861,11.05406861,11.05406861,2.796162792,11.05406861,2.796162792,15.652521687681189,27.374586864059392,16.533760487107195,7.523985386908416,4.126248146267093,7.997380723229307,0.9698765469725117,19.138778143875022,31.81058587772596,21.331535734365463,9.571928947250417,5.5013677875890785,10.095876694578184,1.4847015448965495,14.059631470981023,25.87444821295971,18.1558195461693,7.801898725186563,4.420441704696777,7.919414204202246,1.0232191808807687,1.0,1.0,0.2,3.0,1.000111393,1.000178228,1.000089114,1.399910886,1.085195792,319.707147,317.4340278,5.888041793,3.75795177,2.130090023,0.018416985,0.011754356,0.006662629,1614.62,480,1.0,0.0,0.0,0.9999999999999998,False
COOK:7506006,COOK:7506006,COOK:Evanston Ward 6 Precinct 6,,,,,,,,,,0.927781237,0.018149124,0.018673964,0.022750509,0.005731372,0.001255589,0.5693,0.7705,0.2295,0.3982,0.1467,0.0041,0.0549,0.3778,0.120034944,0.133382638,0.03171002,0.09901768,0.140218559,0.117843483,0.13487843,0.101815903,0.12109834,0.027441196,0.009640958,0.018911732,0.020084258,0.004170185,0.040150381,0.015513192,0.004000835,0.035796534,0.022182163,0.082354617,0.064719526,0.047345474,0.043699135,0.069687991,0.494301822,,-0.356878983,,,0.091428571,350.0,,,56.8,195912,1059,969,-1.466098565,,0.637418628,,,,,-0.182851815,-0.182851815,demographic_only,COOK,Evanston Ward 6 Precinct 6,0,1,0,Evanston,1,0,0,758,505,337,203,153,102,0.07308,20.461695196081433,103,0.88806,33.879445768261796,171,0.03394,17.4982313116767,88,0.00152,8.37890323172828,42,0.00046,4.610192800146953,23,0.00286,10.561412253378677,53,8e-05,1.4976663369415844,8,COOK:7506006,COOK:7506006,COOK:EVANSTON WARD 6 PRECINCT 6,1.8,73.85801148,3.477535025,3.477535025,3.477535025,3.477535025,5.276778369,3.477535025,3.477535025,17.03473465770881,29.716734653148606,13.88693013537483,6.740401654549133,3.4737146860700645,8.545883116536253,0.9656628317431095,20.90737166995362,34.57815430753261,17.939866297916637,8.567572012910283,4.665212332576134,10.79744917016297,1.4791489392284367,15.441844441008646,28.216596002048924,15.508989194436936,7.01831499282728,3.7679082444997483,8.467916597509191,1.0190054656513665,1.0,1.0,0.2,3.0,1.000381825,1.000610921,1.00030546,1.39969454,1.356380938,393.2782105,390.1716701,7.544455388,4.290611003,3.253844385,0.019183507,0.010909862,0.008273645,1664.65,505,1.0,0.0,0.0,0.9999999999999997,False
COOK:7507001,COOK:7507001,COOK:Evanston Ward 7 Precinct 1,,,,,,,,,,0.833130337,0.041561632,0.043603374,0.07130973,0.006229672,2.5e-06,0.6301,0.6204,0.3796,0.4626,0.1579,0.0012,0.0339,0.3324,0.130341139,0.081041285,0.05158895,0.094003563,0.164565712,0.166697699,0.160207355,0.094505887,0.05704841,0.024171297,0.004396111,0.054862731,0.014308991,0.00440184,0.030804156,0.01427909,0.009910382,0.049422757,0.038460912,0.186639144,0.048392935,0.052753302,0.050529969,0.153722484,0.262943898,,-0.128049976,0.644230769,416.0,0.188172043,372.0,0.567447046,897.0,54.1,109454,1116,1020,-0.491247124,1.857792318,0.976966453,0.805629595,0.934106668,0.787285311,0.972042897,0.043696026,0.934106668,complete,COOK,Evanston Ward 7 Precinct 1,0,1,0,Evanston,1,0,0,797,531,354,263,198,132,0.07166,18.629402711743275,99,0.79756,31.154247763000797,165,0.12156,20.908526942271465,111,0.00342,9.396246201622306,50,0.00064,5.459140564146492,29,0.00506,9.999197781944122,53,0.0001,1.4716757510323837,8,COOK:7507001,COOK:7507001,COOK:EVANSTON WARD 7 PRECINCT 1,1.5,28.04869601,13.58868627,13.58868627,13.58868627,13.58868627,2.003936329,13.58868627,2.003936329,15.57659537877316,27.31000838640326,16.57274159917107,7.524801339489166,4.158570279939913,8.020745658766883,0.9719677675024989,19.051170770653712,31.745782865357892,21.39399962353154,9.578350938871257,5.545833283829502,10.131275142886391,1.4883621051503855,13.983705162072994,25.80986973530358,18.194800658233177,7.802714677767312,4.452763838369597,7.942779139739821,1.025310401410756,1.0,1.0,0.2,3.0,1.00014577,1.000233232,1.000116616,1.399883384,1.062901797,388.8879325,385.7890027,7.728415454,4.507528382,3.220887073,0.019873117,0.011590816,0.008282301,1999.19,531,1.0,0.0,0.0,1.0000000000000007,False
COOK:7507002,COOK:7507002,COOK:Evanston Ward 7 Precinct 2,,,,,,,,,,0.804516212,0.038277372,0.051961196,0.095666988,0.011358386,0.001792055,0.6957,0.6283,0.3717,0.3884,0.2384,0.0344,0.0485,0.2903,0.087323954,0.135223135,0.091664328,0.079960762,0.180664306,0.176177448,0.127856961,0.090713052,0.030416053,0.003642956,0.040096006,3.29e-05,0.015303498,0.011790218,0.009423932,0.014176338,0.014184004,6.76e-06,0.033021372,0.063616565,0.143862134,0.121291333,0.064794856,0.133203072,0.331554054,,-0.20540762,0.597014925,402.0,0.106699752,403.0,0.486800422,947.0,51.2,136402,1238,1146,-0.820804167,1.567963818,0.691017038,0.549067265,0.647993109,0.496810988,0.686834319,0.30880405,0.647993109,complete,COOK,Evanston Ward 7 Precinct 2,0,1,0,Evanston,1,0,0,896,597,398,286,215,143,0.071,18.69496673431596,112,0.79616,31.132034577380708,186,0.12414,20.919820173985766,125,0.00348,9.414995944665074,56,0.00064,5.430614903711215,32,0.00448,9.92911366156115,59,0.0001,1.511311847076155,9,COOK:7507002,COOK:7507002,COOK:EVANSTON WARD 7 PRECINCT 2,1.5,39.03191012,11.07816558,11.07816558,11.07816558,11.07816558,2.788630981,11.07816558,2.788630981,15.576193772510816,27.309089764247737,16.57291914415131,7.524620917133484,4.159740349305271,8.020823996912572,0.9718736725927777,19.050681056476776,31.744726089365603,21.39425957221963,9.578133644220511,5.547340612681529,10.131389687940533,1.4882440673760935,13.98330355581065,25.808951113148055,18.194978203213417,7.802534255411631,4.453933907734955,7.942857477885511,1.0252163065010347,1.0,1.0,0.2,3.0,1.000139429,1.000223087,1.000111544,1.399888456,1.022992522,311.232914,306.1693949,9.797885552,3.381289639,6.416595913,0.031480879,0.010864178,0.020616701,1615.5,597,1.0,0.0,0.0,0.9999999999999996,False
COOK:7507003,COOK:7507003,COOK:Evanston Ward 7 Precinct 3,,,,,,,,,,0.507428271,0.098516879,0.095560825,0.269158276,0.007972777,0.004576303,0.0671,0.4676,0.5324,0.1182,0.0386,0.0,0.6962,0.1387,0.005531604,0.493042998,0.365581231,0.017408639,0.014022302,0.03153825,0.028029851,0.009194494,0.012289609,0.024520094,0.004817175,0.039672612,0.014721975,0.079619318,3.11e-05,0.019728878,0.015001254,0.023625572,0.084435602,0.039770804,0.108566982,0.04975433,0.02946472,0.059697207,0.383211315,,0.709455985,1.0,1.0,1.0,2.0,0.815789474,76.0,24.7,116988,240,207,3.076674197,4.04163685,3.826299972,1.595685135,3.210036616,3.135074038,3.348281802,1.753329115,3.210036616,complete,COOK,Evanston Ward 7 Precinct 3,0,1,0,Evanston,1,0,0,162,108,72,27,21,14,0.06058,17.850560018053972,19,0.68942,29.822995254543393,32,0.24226,23.88556591980398,26,0.0043,10.061782072437142,11,0.0009,5.707489940214887,6,0.00242,8.007010250986864,9,0.00012,1.700003105159667,2,COOK:7507003,COOK:7507003,COOK:EVANSTON WARD 7 PRECINCT 3,1.2,1.520634298,19.65241651,19.65241651,19.65241651,19.65241651,0.108641568,19.65241651,0.108641568,15.159946749166025,26.52009743314519,19.310082017695034,8.218817005271262,4.420795548278419,6.602669146349774,1.1327858571480114,18.206012624710453,30.438272412536765,24.421569454097657,10.272776057315983,5.773696086779388,8.164392492909855,1.6580556019305812,13.567056532465859,25.019958782045506,20.93214107675714,8.496730343549409,4.714989106708103,6.5247026273227124,1.1861284910562684,1.0,1.0,0.2,3.0,1.00080523,1.001288368,1.000644184,1.399355816,1.004055244,44.51546769,43.69154464,1.647629382,1.369954239,0.277675144,0.037012514,0.030774792,0.006237723,857.94,91,0.976637079,0.0,0.0,0.9766389798615898,False
COOK:7507004,COOK:7507004,COOK:Evanston Ward 7 Precinct 4,,,,,,,,,,0.84317636,0.017226138,0.050379501,0.071695488,0.005644845,0.001669309,0.5783,0.751,0.249,0.4394,0.2297,0.0002,0.0948,0.2201,0.133044786,0.143002548,0.016550042,0.083478548,0.222187434,0.125549495,0.128945496,0.101265843,0.045975808,0.009743029,0.000265646,0.033008105,0.018248133,0.000321248,0.033616523,0.008473696,0.007006317,0.027563693,0.015721323,0.102848089,0.102021968,0.035369479,0.06723588,0.080859399,0.457697473,,-0.275355181,0.6,205.0,0.194690265,226.0,0.556603774,424.0,51.8,173842,670,624,-1.118792964,1.586287324,0.999843946,0.771133729,0.7714817,0.559618009,0.859526887,0.04622866,0.7714817,complete,COOK,Evanston Ward 7 Precinct 4,0,1,0,Evanston,1,0,0,488,325,217,135,102,68,0.0728,18.64366467911991,61,0.7952,31.163502926570562,101,0.12252,20.899599021118718,68,0.00368,9.433897322701634,31,0.0006,5.490671248279807,18,0.00504,9.925821019484053,32,0.00016,1.5354366693228996,5,COOK:7507004,COOK:7507004,COOK:EVANSTON WARD 7 PRECINCT 4,1.5,34.02649305,12.22229361,12.22229361,12.22229361,12.22229361,2.431019451,12.22229361,2.431019451,15.576548579388358,27.309930714580286,16.572649467744334,7.524896412330648,4.158587968454872,8.020686748224014,0.971947168533384,19.051155835103643,31.74574501374023,21.39394015915731,9.578497899990168,5.545870291443238,10.131225232038577,1.4883402988074972,13.983658362688193,25.809792063480604,18.19470852680644,7.802809750608795,4.452781526884555,7.9427202291969525,1.025289802441641,1.0,1.0,0.2,3.0,1.00046054,1.000736864,1.000368432,1.399631568,1.203122963,304.5321983,301.8719739,6.468005508,3.412743548,3.05526196,0.021239152,0.011206511,0.01003264,891.01,325,1.0,0.0,0.0,0.9999999999999998,False
COOK:7507005,COOK:7507005,COOK:Evanston Ward 7 Precinct 5,,,,,,,,,,0.790267146,0.048845055,0.051013409,0.076248807,0.002888719,0.00084428,0.4841,0.6323,0.3677,0.3951,0.1457,0.0117,0.2049,0.2427,0.050606403,0.201025735,0.174394879,0.048304283,0.100287859,0.161317974,0.123324797,0.085576678,0.0367366,0.068649297,0.055261773,0.002926768,0.011625547,0.011427553,0.025946021,0.027019134,0.025456713,0.002086347,0.084945072,0.070380397,0.062308688,0.080748785,0.03231169,0.054272267,0.366209152,,-0.344599776,0.635179153,307.0,-0.028213166,319.0,0.344019729,811.0,51.2,113237,1025,936,-1.413787004,1.802230115,0.217503043,0.094836877,0.338324762,0.175195758,0.346786219,0.35821078,0.338324762,complete,COOK,Evanston Ward 7 Precinct 5,0,1,0,Evanston,1,0,0,732,488,325,230,173,115,0.07294,18.71890653930898,91,0.79632,31.156818595363077,152,0.12194,20.864273500012125,102,0.00336,9.396662538004922,46,0.00074,5.439932163628955,27,0.00462,9.912883260978358,48,8e-05,1.4863918823327849,7,COOK:7507005,COOK:7507005,COOK:EVANSTON WARD 7 PRECINCT 5,1.5,52.58905462,7.979301142,7.979301142,7.979301142,7.979301142,3.757219837,7.979301142,3.757219837,15.576479155072526,27.309767810097085,16.572695926541424,7.524848998196132,4.158806817670835,8.020709799062935,0.9719322490633333,19.05106529176216,31.74555041194444,21.39399763948033,9.578436259707427,5.546150234413535,10.131253873769218,1.488321019203575,13.98358893837236,25.809629158997403,18.19475498560353,7.802762336474279,4.453000376100519,7.942743280035875,1.0252748829715903,1.0,1.0,0.2,3.0,1.000211872,1.000338995,1.000169498,1.399830502,1.008103367,490.1152202,482.9404214,11.62608792,4.321993948,7.304093977,0.023721132,0.008818322,0.01490281,1865.57,421,0.981575614,0.0,0.0,0.9815752034969121,False
COOK:7508001,COOK:7508001,COOK:Evanston Ward 8 Precinct 1,,,,,,,,,,0.390964312,0.180540232,0.339839253,0.085197411,0.039220567,0.002619045,0.2877,0.6664,0.3336,0.6662,0.1686,0.0312,0.0164,0.1044,0.057808455,0.16666312,0.147124853,0.248052715,0.063423454,0.09194767,0.109301174,0.056713083,0.058965475,0.009226419,0.039756043,9.8e-06,0.015511497,0.038394092,1.89e-05,0.011020626,0.016921646,0.039998815,0.012923942,0.086523162,0.310020051,0.131916698,0.092089958,0.09804263,0.09762572,,0.046512413,0.532846715,274.0,0.459459459,259.0,0.787085515,573.0,38.1,93523,799,714,0.252419069,1.174075358,1.929124261,1.504368794,1.382667389,1.21499687,1.525492867,0.673590617,1.382667389,complete,COOK,Evanston Ward 8 Precinct 1,0,1,0,Evanston,1,0,0,558,372,248,209,157,105,0.06222,17.887835851922578,67,0.69924,29.931169181774987,111,0.23116,23.649238122597836,88,0.00438,10.042318448703924,37,0.00054,5.647562742594678,21,0.00236,8.14097000771136,30,0.0001,1.623688903863483,6,COOK:7508001,COOK:7508001,COOK:EVANSTON WARD 8 PRECINCT 1,1.5,15.71049346,16.40892744,16.40892744,16.40892744,16.40892744,1.122434661,16.40892744,1.122434661,15.18981393654274,26.5752047899263,19.134850542159686,8.182720962932818,4.393045117146456,6.686002269200196,1.1227406922532077,18.263753787728987,30.52679719104137,24.23180367845393,10.239888820364541,5.745719098156156,8.279062497741947,1.6477496567937437,13.596923719842573,25.075066138826617,20.756909601221793,8.460634301210964,4.68723867557614,6.608035750173134,1.1760833261614647,1.0,1.0,0.2,3.0,1.255765811,1.409225297,1.204612648,1.195387352,1.244951248,404.750933,400.0048519,18.13865439,6.69601482,11.44263957,0.044814361,0.016543544,0.028270817,2348.28,372,1.0,0.0,0.000465975559863708,0.9995340244401496,False
COOK:7508002,COOK:7508002,COOK:Evanston Ward 8 Precinct 2,,,,,,,,,,0.281862263,0.200253061,0.436554982,0.072267653,0.030550622,0.002792131,0.3757,0.3464,0.6536,0.5439,0.1668,0.0118,0.1568,0.119,0.305991713,0.019037827,0.229348732,0.10413875,0.055442844,0.099142384,0.116008769,0.063001058,0.007887922,0.026702585,0.017294691,0.100059792,0.003439398,0.034054135,0.050106937,0.056966217,0.000393679,0.088231009,0.025130255,0.141616654,0.229438518,0.05283338,0.023314939,0.132509225,0.017908586,,0.263811088,0.227272727,176.0,0.393939394,132.0,0.818181818,407.0,40.3,70340,627,544,1.178149286,-0.701652009,1.69916357,1.603295935,0.996840624,0.944739196,1.147725499,1.410105889,0.996840624,complete,COOK,Evanston Ward 8 Precinct 2,0,1,0,Evanston,1,0,0,425,283,189,159,120,80,0.06288,17.962887617277133,51,0.71242,30.08565276586272,85,0.21774,23.345838723150607,66,0.00356,9.958924295033835,28,0.00066,5.607552889140255,16,0.00258,8.36595660092701,24,0.00016,1.6913447926289238,5,COOK:7508002,COOK:7508002,COOK:EVANSTON WARD 8 PRECINCT 2,1.8,25.95346672,14.0676095,14.0676095,14.0676095,14.0676095,1.854242878,14.0676095,1.854242878,15.239500923890184,26.669957592080802,18.799252742935437,8.099207295878795,4.361969856268351,6.858460736310237,1.1027563477741364,18.3647046576022,30.683533830032538,23.866333937161528,10.15820085941223,5.71964775803386,8.515411727090775,1.626941960947558,13.646610707190018,25.16981894098112,20.421311801997543,8.377120634156942,4.656163414698034,6.7804942172831755,1.1560989816823934,1.0,1.0,0.2,3.0,1.29504844,1.472077504,1.236038752,1.163961248,1.012193871,321.3456397,317.4746167,9.913168233,4.742837418,5.170330815,0.030848927,0.014759302,0.016089625,2019.02,283,1.0,3.936494333227164e-10,0.0,0.9999999996063454,False
COOK:7508003,COOK:7508003,COOK:Evanston Ward 8 Precinct 3,,,,,,,,,,0.277186018,0.146226397,0.457885726,0.123184117,0.029518379,0.002273643,0.2772,0.2821,0.7179,0.5241,0.201,0.0,0.0149,0.2454,0.204221943,0.094730772,0.086833449,0.192907732,0.14138808,0.143211753,0.099309101,0.027293747,0.010103425,0.05862371,0.023904699,0.000219432,0.043361169,0.096528106,0.013172804,0.031597248,3.41e-05,0.066278163,0.067338454,0.091480787,0.175066823,0.130156232,0.085749468,0.103270826,0.013217949,,0.287051937,0.240740741,108.0,0.39047619,105.0,0.829508197,305.0,43.9,76065,551,481,1.277159352,-0.618980304,1.687008503,1.639328717,1.037113982,0.996129067,1.175289869,0.989815948,1.037113982,complete,COOK,Evanston Ward 8 Precinct 3,0,1,0,Evanston,1,0,0,377,251,167,137,103,69,0.06688,18.18850023826584,46,0.73178,30.371103046805757,76,0.19332,22.702262745562578,57,0.00396,9.849857037189299,25,0.00076,5.616335813195636,14,0.00322,8.791979659755707,22,8e-05,1.5448374666077864,4,COOK:7508003,COOK:7508003,COOK:EVANSTON WARD 8 PRECINCT 3,1.8,24.67279499,14.36034284,14.36034284,14.36034284,14.36034284,1.762745413,14.36034284,1.762745413,15.3206025321773,26.823825361487263,18.25292832576507,7.959631753484706,4.314602218044596,7.142360965899977,1.0702412347833847,18.529704649952258,30.938728540556877,23.26704280793118,10.019499106023005,5.680843140123036,8.906128755953969,1.5928277297403453,13.727712315477135,25.32368671038758,19.874987384827175,8.237545091762852,4.60879577647428,7.064394446872916,1.1235838686916417,1.0,1.0,0.2,3.0,1.407812723,1.652500357,1.326250179,1.073749821,1.009400924,196.918339,194.8375496,5.485717416,2.459114704,3.026602712,0.027857829,0.012487992,0.015369837,2027.5,251,1.0,0.0,0.0,1.0,False
COOK:7508004,COOK:7508004,COOK:Evanston Ward 8 Precinct 4,,,,,,,,,,0.556287008,0.137346503,0.247652685,0.05002608,0.026921348,0.001920373,0.4733,0.5772,0.4228,0.5611,0.0367,0.0249,0.134,0.2337,0.137811099,0.046797217,0.063290765,0.196023913,0.088674996,0.14139624,0.154434238,0.156008149,0.015563383,0.02828157,0.035148975,0.025583966,0.016163507,0.044504054,0.016154999,0.041750137,0.012125608,0.03101632,0.033793479,0.218268855,0.209119765,0.054104059,0.062143787,0.033881159,0.137959761,,-0.069082696,0.588014981,267.0,0.164658635,249.0,0.627819549,532.0,53.5,74808,725,670,-0.240036237,1.512718797,0.89443968,0.997693556,0.904651541,0.791203949,0.925298687,0.760931371,0.904651541,complete,COOK,Evanston Ward 8 Precinct 4,0,1,0,Evanston,1,0,0,524,349,233,169,127,85,0.07146,18.64509177278984,65,0.79588,31.107140999939,109,0.1234,20.898723240380267,73,0.00342,9.40426185488224,33,0.0009,5.434262390597127,19,0.00478,9.945241044915676,35,0.00016,1.5492578647184478,5,COOK:7508004,COOK:7508004,COOK:EVANSTON WARD 8 PRECINCT 4,1.5,29.07407385,13.35430749,13.35430749,13.35430749,13.35430749,2.077194348,13.35430749,2.077194348,15.575659855964306,27.308803004174358,16.569566105418996,7.528074370026401,4.157521059645583,8.018763664633743,0.9714420980445027,19.051370296108544,31.74603462090575,21.391749639064017,9.583325817691595,5.544933952864511,10.12952943313708,1.487830970509183,13.98276963926414,25.808664353074676,18.191625164481103,7.8059877083045475,4.4517146180752665,7.940797145606682,1.0247847319527597,1.0,1.0,0.2,3.0,1.224958813,1.359934101,1.17996705,1.22003295,1.042627092,225.0819699,222.6536582,7.149190034,3.025533064,4.12365697,0.031762606,0.013441917,0.01832069,1650.42,349,1.0,0.0,0.0,0.9999999999999999,False
COOK:7508005,COOK:7508005,COOK:Evanston Ward 8 Precinct 5,,,,,,,,,,0.340040663,0.148892711,0.430302481,0.068629752,0.02553374,0.003034947,0.3825,0.4784,0.5216,0.6765,0.1082,0.0109,0.0148,0.1749,0.140927515,0.125125568,0.079494591,0.148957637,0.123763117,0.116447787,0.132874375,0.091631777,0.040777634,0.060468937,0.029048625,0.000143635,0.030236296,0.055499702,0.040333201,0.04165901,0.018907384,0.024074187,0.088159174,0.127694768,0.145534494,0.069443597,0.093306209,0.070708494,0.104782287,,0.052624622,0.439393939,264.0,0.266409266,259.0,0.763955343,627.0,50.2,73094,914,804,0.278458144,0.600427284,1.251561507,1.430784426,0.987618177,0.89030784,1.05986891,0.828379438,0.987618177,complete,COOK,Evanston Ward 8 Precinct 5,0,1,0,Evanston,1,0,0,629,419,279,226,170,113,0.0719,18.656029167346322,78,0.79776,31.120312070155453,130,0.12116,20.945245924116744,88,0.00336,9.410426434793262,39,0.00088,5.4870399100941105,23,0.00484,9.984668361492908,42,0.0001,1.4809488984437145,6,COOK:7508005,COOK:7508005,COOK:EVANSTON WARD 8 PRECINCT 5,1.8,26.25384755,13.99894907,13.99894907,13.99894907,13.99894907,1.875703557,13.99894907,1.875703557,15.574280226176569,27.30642664949011,16.567182761756076,7.530534763985268,4.1583923880760585,8.017227620194998,0.9708632540709432,19.050805678608047,31.74466720413648,21.390260900443533,9.587151058766992,5.546433864523031,10.128244283955663,1.4872117398469258,13.981390009476403,25.806287998390427,18.189241820818182,7.808448102263415,4.452585946505742,7.939261101167936,1.0242058879792002,1.0,1.0,0.2,3.0,1.383645586,1.613832938,1.306916469,1.093083531,1.040255126,311.0922135,307.735383,9.914581297,4.190418542,5.724162755,0.031870233,0.013470021,0.018400212,1979.11,419,1.0,0.0,0.0,1.0000000000000002,False
COOK:7509001,COOK:7509001,COOK:Evanston Ward 9 Precinct 1,,,,,,,,,,0.563557584,0.125024563,0.234371715,0.074910881,0.022056872,0.001051366,0.3674,0.247,0.753,0.36,0.1868,0.0715,0.14,0.2377,0.005146303,0.225830819,0.147471687,0.104316681,0.20996955,0.098997191,0.148067151,0.052593887,0.007606729,0.000234571,0.055383202,0.016136868,8.35e-05,8.9e-05,0.016334704,0.085294874,0.000136813,0.050758776,0.143260474,0.060420355,0.187428957,0.214548066,0.018665935,0.046673796,0.104550089,,0.313571397,0.43030303,165.0,0.352941176,170.0,0.72345679,405.0,44.7,84586,595,520,1.390136873,0.544623887,1.555269047,1.301945764,1.21450711,1.197993893,1.285962141,0.983412577,1.21450711,complete,COOK,Evanston Ward 9 Precinct 1,0,1,0,Evanston,1,0,0,407,271,181,148,111,74,0.06662,18.230946318106415,49,0.73672,30.381445192110547,82,0.18902,22.645706126696624,61,0.00364,9.798388943136654,27,0.00056,5.5547164380929255,15,0.00332,8.82934431082491,24,0.00012,1.5721288831770466,4,COOK:7509001,COOK:7509001,COOK:EVANSTON WARD 9 PRECINCT 1,1.317229793,19.63038732,15.5129261,15.5129261,15.5129261,15.5129261,1.402491092,15.5129261,1.402491092,15.340872481438776,26.862239935011498,18.134058243296394,7.925993233285599,4.301239949644312,7.207139703623067,1.0638435440135756,18.567989927519637,30.998922910841774,23.134491716069878,9.984383276621777,5.668118616790629,8.994758709449084,1.5861095729878887,13.74798226473861,25.362101283911816,19.7561173023585,8.203906571563746,4.595433508073996,7.129173184596006,1.1171861779218326,1.0,1.0,0.2,3.0,1.10998703,1.175979247,1.087989624,1.312010376,1.014467607,159.511168,157.7996747,5.819076943,4.107583724,1.711493219,0.036480687,0.025751073,0.010729614,1051.54,271,1.0,0.0,0.0,1.0000000000000004,False
COOK:7509002,COOK:7509002,COOK:Evanston Ward 9 Precinct 2,,,,,,,,,,0.561520787,0.159567962,0.212795103,0.049001697,0.045663017,0.000674327,0.5101,0.7725,0.2275,0.5722,0.0851,0.0148,0.0753,0.2276,0.094728619,0.12365911,0.104349072,0.149435847,0.107049905,0.173054794,0.143788552,0.071345929,0.032588173,0.002579561,0.058391085,0.001993809,0.004266976,0.049384383,0.000616796,0.00996139,0.001338191,0.04394887,0.042423886,0.118728416,0.172488762,0.106758976,0.104717488,0.102411764,0.179989649,,0.005403142,0.464362851,463.0,0.37972167,503.0,0.707482993,882.0,50.9,99113,1345,1230,0.077286411,0.7536958,1.649262557,1.251128081,1.090040827,0.932843212,1.233324696,0.612047148,1.090040827,complete,COOK,Evanston Ward 9 Precinct 2,0,1,0,Evanston,1,0,0,962,641,427,152,114,76,0.0708,18.661716997622964,120,0.79672,31.153037862498355,200,0.12394,20.925854001336155,134,0.00316,9.437327926526354,60,0.00066,5.449322170290344,35,0.0046,10.00621210524949,64,0.00012,1.4103660754876342,9,COOK:7509002,COOK:7509002,COOK:EVANSTON WARD 9 PRECINCT 2,1.310963039,23.06671194,14.72745803,14.72745803,14.72745803,14.72745803,1.647998967,14.72745803,1.647998967,15.575886776247222,27.30916948462215,16.570051750964428,7.527573331815942,4.157476226035917,8.0190727808843,0.9715453015291735,19.051428185129282,31.746188727162842,21.392068985140437,9.58255369063059,5.544802342590307,10.1297933033628,1.4879394962644161,13.982996559547056,25.809030833522467,18.192110810026534,7.805486670094089,4.451669784465601,7.94110626185724,1.0248879354374305,1.0,1.0,0.2,3.0,1.10442223,1.167075568,1.083537784,1.316462216,1.113581864,686.2157601,677.6237585,28.65870666,12.39563131,16.26307535,0.041763405,0.018063752,0.023699653,2461.44,641,1.0,0.0,0.00024317054308032877,0.9997568294569101,False
COOK:7509003,COOK:7509003,COOK:Evanston Ward 9 Precinct 3,,,,,,,,,,0.660999348,0.068425321,0.145616523,0.115646075,0.010740587,0.00085254,0.5184,0.487,0.513,0.4916,0.1842,0.0232,0.0575,0.2283,0.113940929,0.113995591,0.160852188,0.125468673,0.12509753,0.195452063,0.079415719,0.055312921,0.030464388,0.056507943,0.013794795,2.88e-05,0.020399725,0.022127897,0.046992931,2.63e-05,0.032288427,0.014375839,0.081496269,0.116747606,0.167328923,0.038778857,0.055934597,0.136839781,0.196331352,,0.146225324,0.421686747,332.0,0.382352941,340.0,0.774687065,719.0,46.4,89225,1012,933,0.677213443,0.491733921,1.658497727,1.464925416,1.171221055,1.073092627,1.288302075,0.446879157,1.171221055,complete,COOK,Evanston Ward 9 Precinct 3,0,1,0,Evanston,1,0,0,729,486,324,228,171,114,0.06948,18.67565874867012,91,0.7981,31.138540354872866,151,0.12228,20.93165821271168,102,0.00422,9.349599402324245,45,0.00074,5.488276843073319,27,0.00506,9.937765001063442,48,0.00012,1.394238727140929,7,COOK:7509003,COOK:7509003,COOK:EVANSTON WARD 9 PRECINCT 3,1.250336622,20.77194124,15.25199203,15.25199203,15.25199203,15.25199203,1.4840493,15.25199203,1.4840493,15.575336024954602,27.30751156747708,16.57182435471481,7.525752370946327,4.160689094358634,8.020102386498332,0.9715468379976451,19.050185526937874,31.74358335179237,21.39364209591432,9.579920443574817,5.548748708716724,10.130807846064588,1.4878867572799692,13.982445808254436,25.807372916377396,18.193883413776916,7.8036657092244734,4.454882652788318,7.94213586747127,1.024889471905902,1.0,1.0,0.2,3.0,1.063190536,1.101104858,1.050552429,1.349447571,1.025866532,381.6054589,377.5098485,13.91995115,9.818362329,4.101588825,0.036477338,0.025729093,0.010748245,2027.68,486,1.0,0.0,0.0,0.9999999999999994,False
COOK:7509004,COOK:7509004,COOK:Evanston Ward 9 Precinct 4,,,,,,,,,,0.540490269,0.12826111,0.272978028,0.061534619,0.02238482,0.001363685,0.4136,0.6377,0.3623,0.585,0.0826,0.0686,0.0331,0.2025,0.14895836,0.129353114,0.055758637,0.139114818,0.126285263,0.190993221,0.10213378,0.091132591,0.016270216,0.010785772,0.017430313,3.54e-05,0.009569189,0.029274783,2.03e-05,0.034923236,0.024416054,0.130979443,0.036115905,0.06531114,0.050341257,0.117445984,0.035098018,0.172962872,0.265290357,,0.203829644,0.580327869,305.0,0.38,400.0,0.682692308,624.0,51.3,119327,1084,997,0.922617884,1.46553243,1.650239433,1.172261098,1.375424866,1.302662711,1.444940211,0.627753599,1.375424866,complete,COOK,Evanston Ward 9 Precinct 4,0,1,0,Evanston,1,0,0,779,519,346,186,140,93,0.071,18.699061849102133,97,0.79602,31.145141012833516,162,0.12294,20.85199672198034,108,0.00404,9.424283912233518,49,0.00074,5.467802877451461,28,0.00522,9.943415491212681,52,4e-05,1.4849957253279467,8,COOK:7509004,COOK:7509004,COOK:EVANSTON WARD 9 PRECINCT 4,1.261444867,15.86320506,16.37402094,16.37402094,16.37402094,16.37402094,1.133345126,16.37402094,1.133345126,15.575339988672402,27.308165865868318,16.56934451250312,7.528304214067892,4.158071194063739,8.018607141402605,0.9713361566620737,19.051115786325738,31.745467339405135,21.391667856396026,9.583707142580856,5.545688467286178,10.129417101791756,1.4877110364950028,13.982449771972236,25.808027214768636,18.191403571565225,7.806217552346038,4.452264752493423,7.940640622375542,1.0246787905703307,1.0,1.0,0.2,3.0,1.051190245,1.081904391,1.040952196,1.359047804,1.083138474,348.4496873,343.4878973,15.87911648,5.462354002,10.41676248,0.045570758,0.015676163,0.029894596,2219.94,519,1.0,0.0,0.0,1.0000000000000002,False
COOK:7509005,COOK:7509005,COOK:Evanston Ward 9 Precinct 5,,,,,,,,,,0.576601927,0.113451115,0.215154315,0.084048662,0.017620006,0.000979059,0.6424,0.5238,0.4762,0.5445,0.1338,0.0073,0.0854,0.2252,0.12308855,0.092449571,0.171906594,0.172648197,0.171907982,0.132971524,0.102931198,0.025858668,0.006237717,5.67e-05,0.002208194,0.000105034,1.58e-05,0.002096726,0.014354653,0.012443075,2.27e-05,0.099985759,0.145010634,0.089992432,0.204436875,0.102391513,0.0225484,0.124561479,0.179769942,,0.139956021,,,0.32,200.0,,,42.0,91351,661,591,0.65050512,,1.439652929,,,,,0.808597849,0.808597849,demographic_only,COOK,Evanston Ward 9 Precinct 5,0,1,0,Evanston,1,0,0,462,308,205,165,124,83,0.06514,18.150505592898796,56,0.72352,30.219856974763832,93,0.2041,23.055657737431005,71,0.00368,9.86230993288407,30,0.0007,5.582521947508936,17,0.00278,8.567866894193738,26,8e-05,1.5682252831224006,5,COOK:7509005,COOK:7509005,COOK:EVANSTON WARD 9 PRECINCT 5,1.5,32.59604126,12.54926336,12.54926336,12.54926336,12.54926336,2.328820963,12.54926336,2.328820963,15.279384408683008,26.745239138724898,18.544424588457545,8.030037518898416,4.339041541313978,6.994542910010446,1.088103021966256,18.443002240636474,30.805164690244734,23.58569319887889,10.087808500947531,5.700149666739668,8.701372849230676,1.6115835836026935,13.686494191982842,25.245100487625216,20.16648364751965,8.307950857176563,4.633235099743661,6.916576390983384,1.141445655874513,1.0,1.0,0.2,3.0,1.170037382,1.272059811,1.136029906,1.263970094,1.015254631,245.0076671,242.3883838,8.432147929,5.531070059,2.90107787,0.034415853,0.02257509,0.011840764,1018.21,308,1.0,0.0,0.0,1.0,False
COOK:8000020,COOK:8000020,COOK:Maine Precinct 20,,,,,,,,,,0.810326942,0.060572955,0.022876847,0.094766929,0.009813939,0.003264884,0.4698,0.9215,0.0785,0.5329,0.2027,0.0,0.0562,0.2081,0.065726145,0.225836615,0.089498344,0.0813205,0.135352024,0.128182875,0.165635274,0.041760475,0.066687749,6.87e-05,0.019506732,0.035845116,2.55e-05,0.009815458,0.052050653,2.94e-05,6.23e-05,2.15e-05,0.042313032,0.035821048,0.000220518,0.065119002,0.100927692,0.1952768,0.442896523,,-0.13290709,0.298701299,77.0,-0.431818182,88.0,0.149847095,327.0,51.8,185379,427,268,-0.511939276,-0.263196733,-1.199059777,-0.522887474,-0.692982865,-0.624270815,-0.807940658,-0.285379733,-0.692982865,complete,COOK,Maine Precinct 20,0,0,0,Maine,1,0,0,210,140,93,104,78,52,0.18282,22.078588584244194,31,0.54422,27.792585159958517,39,0.26796,23.803611422863764,33,0.00078,6.043896883281216,8,0.00066,6.024424713122478,8,0.0034,8.884084194675573,12,0.00016,2.1976289800787474,3,COOK:8000020,COOK:8000020,COOK:MAINE PRECINCT 20,1.0,85.44149492,1.409024312,1.409024312,1.409024312,1.409024312,6.104359205,1.409024312,1.409024312,17.406551301662276,21.30243433287621,17.7977756963584,4.551362826203626,4.372603557551238,6.81458227915359,1.547070384680098,22.550620423787077,28.4142358088247,24.381531833249888,6.120579525042519,6.1607975868214435,9.077426480221717,2.229583072333338,15.81366108496211,19.802295681776528,19.419834755420506,4.829276164481772,4.666797115980922,6.736615760126528,1.600413018588355,1.0,0.3,0.2,1.000000051,1.03570097,1.057121552,1.028560776,1.371439224,1.005753555,161.7341555,161.3269448,1.086410022,0.543359491,0.54305053,0.006717258,0.003359584,0.003357674,909.43,46,0.868940319,0.0,0.0,0.0,True
COOK:8000029,COOK:8000029,COOK:Maine Precinct 29,,,,,,,,,,0.828404647,0.114337805,0.010170991,0.043900319,0.005722993,0.0,0.4456,0.6612,0.3388,0.7578,0.0565,0.0,0.0332,0.1474,0.100952437,0.066043283,0.069769849,0.162592114,0.092875531,0.132138479,0.197985706,0.093385487,0.084257115,0.037716013,0.003830381,0.094223793,0.032697658,0.0251422,0.002546931,0.016363394,0.012600643,0.011330677,0.007573474,0.044070187,0.089319898,0.083052524,0.104334492,0.115668181,0.319529554,,-0.076814258,0.261146497,157.0,-0.546391753,194.0,-0.043723554,709.0,55.8,134472,1102,559,-0.272974038,-0.493722146,-1.60118724,-1.138696721,-1.009466356,-0.876645036,-1.154374797,-0.523404234,-1.009466356,complete,COOK,Maine Precinct 29,0,0,0,Maine,1,0,0,437,291,194,254,191,127,0.18866,22.23353746155661,65,0.5483,27.869704138508343,81,0.25822,23.72806498034349,69,0.00074,6.008680897187048,17,0.00088,5.9706992074826,17,0.00306,8.840241966030613,26,0.00014,2.221493178637066,6,COOK:8000029,COOK:8000029,COOK:MAINE PRECINCT 29,1.0,88.75506241,0.817306813,0.817306813,0.817306813,0.817306813,6.341096709,0.817306813,0.817306813,17.50817680468488,21.389482231841367,17.745435414971357,4.55064875343645,4.328167041813806,6.783236563690436,1.544357096610261,22.67126914732455,28.51141387857464,24.289953376449763,6.114455108797691,6.095673252895203,9.027808377995626,2.224201588243201,15.915286587984713,19.889343580741684,19.367494474033464,4.828562091714597,4.62236060024349,6.705270044663375,1.597699730518518,1.0,0.3,0.2,1.000000108,1.042914707,1.068663531,1.034331766,1.365668234,1.006828842,465.2091162,464.6678677,3.246064694,2.164518675,1.081546019,0.006977646,0.004652786,0.00232486,1629.45,291,1.0,0.0,0.0,0.0,True
COOK:8000030,COOK:8000030,COOK:Maine Precinct 30,,,,,,,,,,0.886923191,0.059036818,0.009004215,0.032428209,0.00630483,0.0,0.5426,0.8123,0.1877,0.5671,0.154,0.0,0.0563,0.2226,0.129080868,0.102984906,0.037358696,0.108862583,0.096823116,0.15579269,0.188052395,0.108373192,0.072671554,0.0157558,0.004614084,0.009311018,0.009286579,0.022158962,0.003692807,0.027680142,0.030444173,0.010153196,0.040578592,0.044327866,0.131943998,0.047134486,0.053627386,0.136552029,0.412738881,,-0.322331291,0.400749064,267.0,-0.688654354,379.0,-0.023136247,1167.0,57.5,168048,1629,998,-1.318919378,0.363210596,-2.100496969,-1.073202008,-1.110509699,-1.03235194,-1.324138705,-0.353559965,-1.110509699,complete,COOK,Maine Precinct 30,0,0,0,Maine,1,0,0,780,520,347,373,280,187,0.1226,18.55066992621992,96,0.6005,26.73020231428732,139,0.25158,21.88416837128237,114,0.00744,9.502060281723104,49,0.007,9.406924097688908,49,0.01066,10.182033625494416,53,0.00022,1.2072043117548084,6,COOK:8000030,COOK:8000030,COOK:MAINE PRECINCT 30,1.0,89.46621714,0.690312962,0.690312962,0.690312962,0.690312962,6.391905088,0.690312962,0.690312962,15.722582479299028,21.970884613250018,17.635021207371917,7.748307753434387,7.438381760370778,8.317003943733567,0.7382391620427463,18.86286701941453,27.184153592951976,22.24366436769081,9.651533743249793,9.543330408538804,10.2920322640597,1.157193334375061,14.129692262598862,20.470745962150335,19.257080266434023,8.026221091712534,7.732575318800461,8.239037424706506,0.7915817959510033,1.0,0.3,0.2,1.000000338,1.240634034,1.385014454,1.192507227,1.207492773,1.038204318,554.7656536,553.7970549,3.262927625,2.175285083,1.087642542,0.005881632,0.003921088,0.001960544,2409.71,520,1.0,0.0,0.10393324890871816,0.0,False
COOK:8000031,COOK:8000031,COOK:Maine Precinct 31,,,,,,,,,,0.61563826,0.066876811,0.035880385,0.281594658,0.003536678,0.001407288,0.3519,0.7332,0.2668,0.8289,0.0359,0.0,0.003,0.1216,0.119251072,0.08603952,0.104794414,0.109784334,0.156391973,0.130337726,0.139779769,0.082089231,0.071531961,0.025167506,0.014175614,0.020448246,0.022056803,0.02994869,0.053525575,0.009444254,0.045643608,0.014170412,0.050395341,0.097607674,0.140092194,0.078743277,0.088214184,0.083494219,0.226872402,,0.062150592,0.323943662,71.0,-0.282051282,78.0,0.07106599,394.0,51.2,95953,742,335,0.319040436,-0.108249673,-0.673411647,-0.773515,-0.408279179,-0.309033971,-0.481154714,-0.456499945,-0.408279179,complete,COOK,Maine Precinct 31,0,0,0,Maine,1,0,0,263,175,117,179,135,90,0.04282,19.56208652051812,34,0.93308,35.629289358727675,62,0.02102,17.023014133016943,30,0.00098,8.190818347572588,14,0.00016,4.57734882588229,8,0.0019,10.327328149042833,18,4e-05,1.4448260870063783,3,COOK:8000031,COOK:8000031,COOK:MAINE PRECINCT 31,1.0,80.26799554,2.332877569,2.332877569,2.332877569,2.332877569,5.73473905,2.332877569,2.332877569,16.804067337216452,29.51601000886771,14.006618991504377,6.740040644679937,3.5806409574659637,8.617427012710673,0.9713851601127836,20.04411359640031,36.41476426793604,17.509707648323698,8.305120395445911,4.657495382893124,10.57028310263335,1.4332903366482246,15.211177120516288,28.015871357768027,15.628678050566483,7.017953982958083,3.8748345158956474,8.539460493683611,1.0247277940210406,1.0,0.3,0.2,1.000003912,1.000218652,1.000349843,1.000174921,1.399825079,1.030691657,346.2043277,346.1141736,1.100854576,0.920978598,0.179875978,0.003179783,0.002660217,0.000519566,1742.39,175,1.0,0.0,0.0,0.7417023339928568,False
COOK:8000039,COOK:8000039,COOK:Maine Precinct 39,,,,,,,,,,0.736064308,0.084210552,0.009949718,0.159833028,0.009192563,1.51e-06,0.4005,0.9112,0.0888,0.7543,0.0811,0.0,0.0062,0.1584,0.095309048,0.083876986,0.154476653,0.153331641,0.061295432,0.213836048,0.121747726,0.048641755,0.067484712,0.019707188,8.54e-06,2.43e-05,0.011812026,0.086546594,0.023613727,0.078615038,0.009875818,0.035388861,0.066988441,0.09050649,0.065084689,0.049323759,0.007960437,0.145711955,0.308832094,,-0.089063889,0.315315315,111.0,-0.25,112.0,0.052132701,422.0,51.4,105995,748,346,-0.325159601,-0.161213692,-0.560918856,-0.83374776,-0.493835903,-0.470259977,-0.511967679,-0.511917688,-0.493835903,complete,COOK,Maine Precinct 39,0,0,0,Maine,1,0,0,270,180,120,176,132,88,0.11886,18.21693051108415,33,0.58744,26.508661168576303,48,0.2665,22.06598478313325,40,0.00822,9.522211789098606,17,0.00742,9.614606796985793,17,0.0114,10.261896631006252,18,0.00016,1.2101970525008034,2,COOK:8000039,COOK:8000039,COOK:MAINE PRECINCT 39,1.0,82.11283389,2.003437128,2.003437128,2.003437128,2.003437128,5.866543345,2.003437128,2.003437128,15.405693061570943,21.700315344875744,17.798753770859037,7.750361215561213,7.575733660833982,8.415110724124794,0.7469204228987085,18.504334830813246,26.901208134248236,22.504144477657707,9.676852682410981,9.737985025527859,10.438762202408785,1.1714873772138508,13.812802844870777,20.20017669377606,19.420812829921143,8.02827455383936,7.869927219263666,8.337144205097733,0.8002630568069655,1.0,0.3,0.2,1.000004062,1.098735217,1.157976347,1.078988173,1.321011827,1.191778478,319.9916898,319.9916898,1.056141899,0.386560892,0.669581007,0.003300529,0.001208034,0.002092495,1671.79,180,1.0,0.0,0.9996787996263066,0.0,False
COOK:8000043,COOK:8000043,COOK:Maine Precinct 43,,,,,,,,,,0.930266985,0.032703876,0.005673094,0.011517953,0.004268001,6.49e-07,0.4523,0.9998,0.0002,0.6747,0.1523,0.0,0.0,0.161,0.239676242,0.143279708,0.047928184,0.102207311,0.176041273,0.109780171,0.114382558,0.041300803,0.025403749,0.058257883,1.2e-05,1.47e-05,0.04993894,0.000129318,6.23e-05,9.68e-05,7.2e-05,4.38e-05,0.019519119,0.000179361,0.083322833,0.044476981,0.094320159,0.044578973,0.604974936,,-0.265740517,0.373493976,83.0,-0.572649573,117.0,-0.221198157,434.0,47.4,217352,590,277,-1.07783282,0.195908677,-1.693346282,-1.703299372,-1.131193795,-1.069642449,-1.255934562,-0.694975356,-1.131193795,complete,COOK,Maine Precinct 43,0,0,0,Maine,1,0,0,216,144,96,141,106,71,0.11612,18.206424215840467,26,0.5878,26.47460655984456,38,0.27008,22.08485473647507,32,0.007,9.53711707729323,14,0.00772,9.576922360476935,14,0.0111,10.2534696639964,15,0.00018,1.1149881244695996,2,COOK:8000043,COOK:8000043,COOK:MAINE PRECINCT 43,1.0,89.59634278,0.667075886,0.667075886,0.667075886,0.667075886,6.401201902,0.667075886,0.667075886,15.40785476684048,21.705466077155897,17.797006509906247,7.752146955246992,7.568603018215734,8.414211664696824,0.7473593061947783,18.50709340543728,26.90781922388648,22.50200279569796,9.679121750460478,9.729039303160887,10.437655427013304,1.1720428246242776,13.814964550140314,20.205327426056215,19.419065568968353,8.030060293525139,7.862796576645418,8.336245145669762,0.8007019401030353,1.0,0.3,0.2,1.000001354,1.218342788,1.34934846,1.17467423,1.22532577,1.085360528,250.3728825,249.9031009,1.409580761,0.939563266,0.470017495,0.005629926,0.003752656,0.00187727,1033.6,144,1.0,0.0,0.7276036742122465,0.0,False
COOK:8000044,COOK:8000044,COOK:Maine Precinct 44,,,,,,,,,,0.823609818,0.056702832,0.013797653,0.101270358,0.012268249,9.21e-07,0.3672,0.7134,0.2866,0.8615,0.024,0.0,0.0,0.1145,0.129491068,0.237388855,0.039228624,0.058258304,0.21480715,0.175725618,0.096288411,0.02144198,0.027369987,1.77e-05,2.51e-05,0.06606583,0.025791555,0.000247138,0.025703025,6.22e-06,0.029394256,3.31e-05,0.102756551,0.110185363,0.183564828,0.040475611,0.033202423,0.091940655,0.290590675,,-0.154581775,0.223529412,85.0,-0.505376344,93.0,0.108695652,368.0,48.2,94036,525,325,-0.604277211,-0.724629876,-1.45723238,-0.653803185,-0.94528118,-0.859985663,-1.064730523,-0.706829044,-0.94528118,complete,COOK,Maine Precinct 44,0,0,0,Maine,1,0,0,254,169,113,119,90,60,0.1075,21.23728632140589,36,0.8336,32.41696082221914,55,0.0521,18.22436814334807,31,0.00184,7.759595514047818,13,0.0004,4.8241467996591085,8,0.00442,11.061170969378601,19,0.00014,1.2630746056592546,2,COOK:8000044,COOK:8000044,COOK:MAINE PRECINCT 44,1.0,88.22996305,0.911075985,0.911075985,0.911075985,0.911075985,6.303581037,0.911075985,0.911075985,17.406512917868106,25.7022965239471,14.197984738485275,6.151147930584976,3.572917402294273,8.814705600720535,0.7470777930793787,21.72922764474864,33.13295190137363,18.684096623577116,7.953501338990783,4.87680417811851,11.33273102136269,1.225462022109303,15.81362270116794,24.20215787284742,15.820043797547381,6.429061268863123,3.8671109607239567,8.736739081693473,0.8004204269876357,1.0,0.3,0.2,1.000039223,1.00012914,1.000206623,1.000103312,1.399896688,1.303628407,257.2637023,256.9802067,1.417556683,0.850565795,0.566990887,0.005510131,0.003306202,0.002203929,842.16,169,1.0,0.0,0.0,1.0,False
COOK:8000046,COOK:8000046,COOK:Maine Precinct 46,,,,,,,,,,0.68212514,0.122752368,0.014586505,0.176891595,0.012151872,0.001822289,0.3641,0.8276,0.1724,0.8704,0.051,0.0056,0.0085,0.0645,0.105678145,0.058686704,0.098952223,0.16086815,0.1081015,0.147009743,0.14165301,0.10560344,0.073447082,0.049717231,0.002703257,0.02689047,0.024197401,0.047005351,0.021503709,0.018847482,0.029585953,0.005400048,0.030965451,0.081999022,0.193468109,0.053759871,0.076607218,0.153154812,0.184194612,,0.000341021,0.345132743,113.0,-0.520833333,96.0,0.238289206,491.0,52.7,95828,853,391,0.055720894,0.021816827,-1.511482935,-0.241525242,-0.575587997,-0.418867614,-0.794111061,-0.558479456,-0.575587997,complete,COOK,Maine Precinct 46,0,0,0,Maine,1,0,0,306,204,136,202,152,101,0.11768,18.207249392651782,37,0.58652,26.467995991988825,54,0.26862,22.06139898157233,45,0.00792,9.533390387469773,19,0.00754,9.593818184714628,20,0.01154,10.314487890809879,21,0.00018,1.1642251109441781,2,COOK:8000046,COOK:8000046,COOK:MAINE PRECINCT 46,1.0,83.62774105,1.732913868,1.732913868,1.732913868,1.732913868,5.974775738,1.732913868,1.732913868,15.405419202411997,21.699683548370086,17.798895500149616,7.750216924130809,7.576553271327563,8.415176602967941,0.746858022856404,18.504010405918425,26.900435571811414,22.504350872633136,9.676682836304472,9.739027269760697,10.438857139411233,1.1714106344412887,13.81252898571183,20.199544897270403,19.420954559211722,8.028130262408956,7.8707468297572465,8.33721008394088,0.800200656764661,1.0,0.3,0.2,1.000001256,1.017077002,1.027323204,1.013661602,1.386338398,1.025258208,578.0063974,577.7929609,1.374181692,0.708250571,0.665931121,0.002377451,0.001225333,0.001152117,2333.01,204,0.999542718,0.0,0.9998088746625966,0.0,False
COOK:8000052,COOK:8000052,COOK:Maine Precinct 52,,,,,,,,,,0.810004899,0.053952295,0.00649005,0.113396759,0.014017553,1.28e-06,0.4169,0.7983,0.2017,0.7953,0.0652,0.0,0.0054,0.1202,0.07133019,0.140089876,0.088128586,0.087341589,0.128185214,0.177278072,0.134003361,0.127009752,0.046633359,5.4e-06,0.026216638,9.32e-05,0.014986421,2.7e-06,0.024380569,0.013082658,0.018733983,2.7e-06,0.005768097,0.084274102,0.192970247,0.013156877,0.09361668,0.200210755,0.312498956,,-0.247682178,0.322580645,124.0,-0.384615385,117.0,0.202863962,419.0,53.9,153174,631,424,-1.00090115,-0.116616381,-1.033388578,-0.354224109,-0.629531297,-0.626282554,-0.710952502,-0.680153225,-0.629531297,complete,COOK,Maine Precinct 52,0,0,0,Maine,1,0,0,332,221,147,143,108,72,0.10668,21.240744545774334,47,0.8353,32.41599162876207,72,0.05132,18.179922880131347,40,0.00156,7.817543402321876,17,0.00052,4.808622274918051,11,0.0046,11.06631764393595,24,2e-05,1.292791518754137,3,COOK:8000052,COOK:8000052,COOK:MAINE PRECINCT 52,1.0,84.51003163,1.575359578,1.575359578,1.575359578,1.575359578,6.037810902,1.575359578,1.575359578,17.406382782407274,25.70194814707514,14.198237023308437,6.150889057049755,3.573501382321117,8.81484843607327,0.7470639332825272,21.72899864824008,33.132396483308206,18.684365710726023,7.953139965460593,4.8775502716865,11.332884197493676,1.2254394533655855,15.813492565707108,24.201809495975457,15.820296082370543,6.428802395327902,3.8676949407508006,8.736881917046208,0.8004065671907842,1.0,0.3,0.2,1.000039323,1.000354497,1.000567195,1.000283598,1.399716402,1.318494255,265.3136012,265.0207605,1.464203097,0.878521858,0.585681239,0.005518764,0.003311258,0.002207506,1201.37,221,1.0,0.0,0.0,1.0000000000000004,False
COOK:8000055,COOK:8000055,COOK:Maine Precinct 55,,,,,,,,,,0.7561729,0.12520491,0.013724998,0.097175108,0.018858601,3.79e-06,0.3477,0.8248,0.1752,0.8061,0.0659,0.0,0.0028,0.1251,0.121177336,0.052046079,0.105987511,0.183824078,0.104629002,0.219325199,0.095926237,0.070057689,0.04702687,0.0399417,2.95e-05,0.014719964,0.002113792,0.058874033,0.006313923,0.008413266,0.006457219,0.010542176,0.115870969,0.075722334,0.128491925,0.147427317,0.04220249,0.212434693,0.130444682,,0.067011642,0.163265306,98.0,-0.398058252,103.0,0.149367089,395.0,50.6,105513,679,289,0.339749356,-1.094553486,-1.080570017,-0.524414524,-0.731979105,-0.589947168,-0.830103675,-0.601897116,-0.731979105,complete,COOK,Maine Precinct 55,0,0,0,Maine,1,0,0,227,151,101,156,117,78,0.11604,18.185517659940693,27,0.58792,26.448669923204292,40,0.26958,22.123400436660443,33,0.0075,9.520283021854201,14,0.00704,9.562419024543669,14,0.01178,10.292182792603365,16,0.00014,1.2225359431836569,2,COOK:8000055,COOK:8000055,COOK:MAINE PRECINCT 55,1.0,85.96200353,1.316074931,1.316074931,1.316074931,1.316074931,6.141546891,1.316074931,1.316074931,15.406572329973486,21.70243831342951,17.797935844192917,7.751197907770571,7.572720506472395,8.414680364730941,0.7470897807818297,18.505490609241203,26.903984681148497,22.50318591469876,9.677934013751951,9.734223743275278,10.438251049361657,1.1717047188033145,13.81368211327332,20.20229966232983,19.419994903255024,8.029111246048718,7.866914064902079,8.33671384570388,0.8004324146900867,1.0,0.3,0.2,1.000005535,1.036318918,1.058110268,1.029055134,1.370944866,1.159842065,214.426733,214.426733,0.612564822,0.206764746,0.405800076,0.002856756,0.000964268,0.001892488,1343.54,151,1.0,0.0,0.9999999999999999,0.0,False
COOK:8000058,COOK:8000058,COOK:Maine Precinct 58,,,,,,,,,,0.76929259,0.04791573,0.005732878,0.170624557,0.006436314,1.44e-06,0.405,0.7974,0.2026,0.7784,0.0308,0.0,0.0337,0.1327,0.073560336,0.063119795,0.08704678,0.156133517,0.091971158,0.14208048,0.185984618,0.095191695,0.104911621,0.005461692,0.01635363,0.005449256,0.018140963,2.56e-05,4.24e-05,0.025410257,0.067073501,0.047121323,0.038079653,0.029103769,0.139687934,0.032807446,0.110610343,0.119772606,0.344859662,,-0.039082454,0.06779661,118.0,-0.717171717,99.0,0.01734104,519.0,55.7,142006,867,349,-0.112229979,-1.68057603,-2.200586499,-0.944431,-1.443291529,-1.234455877,-1.636517653,-0.563984776,-1.443291529,complete,COOK,Maine Precinct 58,0,0,0,Maine,1,0,0,273,182,121,209,157,105,0.11728,18.306545130323144,33,0.59352,26.618941592736288,48,0.26394,22.070706446140303,40,0.00686,9.535006023318655,17,0.0074,9.533647036900001,17,0.01078,10.243573978726218,19,0.00022,1.174080788651115,2,COOK:8000058,COOK:8000058,COOK:MAINE PRECINCT 58,1.0,91.07235947,0.403497461,0.403497461,0.403497461,0.403497461,6.506655769,0.403497461,0.403497461,15.493777079355322,21.774511372179376,17.753531668036153,7.749148797205505,7.539509722632508,8.387970399160322,0.7443673948679019,18.604030936507154,26.978511953625574,22.431811625782935,9.66892452284899,9.686176434590918,10.39799829986746,1.16732095705763,13.900886862655156,20.274372721079693,19.37559072709826,8.027062135483652,7.833703281062192,8.31000388013326,0.7977100287761589,1.0,0.3,0.2,1.000000227,1.01262065,1.02019304,1.01009652,1.38990348,1.00525798,315.7229007,315.0772506,2.582600415,2.152167013,0.430433403,0.008179959,0.006816633,0.001363327,1988.56,182,1.0,0.0,0.9987038136519025,0.0,False
COOK:8000059,COOK:8000059,COOK:Maine Precinct 59,,,,,,,,,,0.764418278,0.087791642,0.01013124,0.12246184,0.012656941,0.001686381,0.2875,0.9484,0.0516,0.7577,0.1019,0.0,0.0,0.1404,0.123601209,0.118210654,0.179884382,0.110572045,0.104553383,0.194875325,0.131280271,0.017327541,0.01969519,0.008085689,7.99e-06,1.48e-06,0.018109661,0.018178615,0.01809892,0.054309015,5.39e-05,0.018123775,0.11260786,0.144687609,0.160777063,0.000139823,0.104493384,0.110674222,0.231651025,,0.063719749,0.281553398,103.0,-0.533980583,103.0,0.156043956,455.0,46.6,91752,765,350,0.325725318,-0.368456959,-1.557626825,-0.503173306,-0.714218157,-0.525882943,-0.920566934,-0.62822863,-0.714218157,complete,COOK,Maine Precinct 59,0,0,0,Maine,1,0,0,273,182,121,171,129,86,0.11606,18.2353858394701,33,0.58434,26.441747061346554,48,0.27246,22.11508260994984,40,0.00758,9.582759799480908,17,0.00792,9.54754071909181,17,0.01152,10.298968669328865,19,0.00012,1.148513231432283,2,COOK:8000059,COOK:8000059,COOK:MAINE PRECINCT 59,1.0,85.72959364,1.357577329,1.357577329,1.357577329,1.357577329,6.12494239,1.357577329,1.357577329,15.406230086030199,21.701601220221946,17.798295517275726,7.750829730779195,7.573936781684314,8.414872786955858,0.7470273875848662,18.505027741734086,26.902870237768262,22.503592705117743,9.677452105859597,9.735735014702435,10.438473496888804,1.1716234282097493,13.813339869330033,20.201462569122263,19.420354576337832,8.028743069057342,7.868130340113998,8.336906267928796,0.8003700214931232,1.0,0.3,0.2,1.000004326,1.237947041,1.380715266,1.190357633,1.209642367,1.319295733,379.2067201,379.2062966,1.536850311,0.61507886,0.92177145,0.004052803,0.001622015,0.002430789,1619.61,182,1.0,0.0,0.999999999999999,0.0,False
COOK:8000060,COOK:8000060,COOK:Maine Precinct 60,,,,,,,,,,0.787756159,0.073096083,0.018109689,0.107741261,0.012783655,0.000533572,0.4636,0.8921,0.1079,0.7433,0.0441,0.0,0.0105,0.1716,0.163670118,0.084786944,0.092464773,0.1348774,0.115652467,0.17531327,0.126448731,0.06746451,0.039321786,0.000113105,0.01897096,3.83e-05,0.003423261,2.98e-05,0.017845098,0.036834783,0.030152535,0.008960779,0.010088065,0.073652156,0.055921168,0.141673833,0.047992811,0.109384829,0.444918456,,-0.232906133,0.407894737,152.0,-0.573604061,197.0,-0.04109589,803.0,51.2,174822,1224,635,-0.937952623,0.407073408,-1.69669632,-1.130337293,-0.915352577,-0.839478207,-1.086796199,-0.47465172,-0.915352577,complete,COOK,Maine Precinct 60,0,0,0,Maine,1,0,0,497,331,221,298,224,149,0.18398,22.08700579910001,73,0.54456,27.814059369830378,92,0.2664,23.80317891052829,79,0.00094,6.008392296233628,20,0.00086,6.076470057248527,20,0.00316,8.876128570358148,29,0.0001,2.2466059924668587,7,COOK:8000060,COOK:8000060,COOK:MAINE PRECINCT 60,1.0,87.96308176,0.958734085,0.958734085,0.958734085,0.958734085,6.284513729,0.958734085,0.958734085,17.4063934932837,21.3020326040249,17.79800201536217,4.55113082967406,4.373227985083227,6.814707475214861,1.5470467792572595,22.550361740000678,28.41362469070285,24.381783184165084,6.1202515725052615,6.1616300828796025,9.077576908239617,2.229546551787582,15.813503276583535,19.80189395292522,19.420061074424275,4.8290441679522065,4.667421543512911,6.736740956187799,1.6003894131655165,1.0,0.3,0.2,1.000000065,1.002963265,1.004741224,1.002370612,1.397629388,1.001181845,743.9613889,742.4403852,6.084405077,5.068523806,1.015881272,0.008178388,0.006812886,0.001365503,2579.86,331,0.998697961,0.0,2.141039707041049e-08,0.0,True
COOK:8000063,COOK:8000063,COOK:Maine Precinct 63,,,,,,,,,,0.587199494,0.079691194,0.02042602,0.305512228,0.016348166,0.001020408,0.3427,0.9662,0.0338,0.8653,0.06,0.0,0.0,0.0747,0.051482364,0.041318424,0.072007812,0.208827991,0.163578851,0.118379621,0.15934413,0.106291381,0.078769425,7.93e-06,0.042091096,1.05e-07,0.146072902,9.11e-06,0.035500471,0.031028542,2.75e-05,0.044279058,0.165988159,0.031129284,0.119815972,0.086407563,0.064387068,0.150810172,0.082445082,,0.011270207,0.246753247,77.0,-0.264367816,87.0,0.370491803,305.0,50.4,75807,545,293,0.10228113,-0.582073295,-0.611346659,0.179052888,-0.299384263,-0.228021484,-0.376049298,-0.503914752,-0.299384263,complete,COOK,Maine Precinct 63,0,0,0,Maine,1,0,0,230,153,102,130,98,65,0.05776,16.692340412961983,26,0.77292,29.86899750517127,46,0.15264,20.87321459177861,32,0.00596,9.788150131853325,15,0.00446,9.199294072789982,14,0.00614,9.584507200343491,15,0.00012,1.3404778759734317,2,COOK:8000063,COOK:8000063,COOK:MAINE PRECINCT 63,1.0,77.47725059,2.831232476,2.831232476,2.831232476,2.831232476,5.535354552,2.831232476,2.831232476,14.80381700125031,25.515332778273198,17.607131465815847,8.339514706982897,7.581792905530524,8.217718161354176,0.9713608182951743,17.01657956898238,30.352400100889305,21.199472472171067,9.941168578848124,9.30994476567349,9.740246408945048,1.3749628347712803,13.210926784550145,24.015194127173515,19.229190524877954,8.617428045261043,7.875986463960208,8.139751642327115,1.0247034522034313,1.0,0.3,0.2,1.000032887,1.00095866,1.001533856,1.000766928,1.399233072,1.305601909,283.3755183,283.0634297,0.625549348,0.313003371,0.312545977,0.002207493,0.001104553,0.001102939,1154.4,153,1.0,0.0,0.3305171339078989,0.0014825925919020105,False
COOK:8000069,COOK:8000069,COOK:Maine Precinct 69,,,,,,,,,,0.581217793,0.049408172,0.028582083,0.342717496,0.006500504,0.001300177,0.3045,0.8882,0.1118,0.8905,0.0394,0.0,0.0058,0.0471,0.106088793,0.098172689,0.097754262,0.096773582,0.130853063,0.1374631,0.153460352,0.091144807,0.08828935,3.44e-05,0.016468035,1.67e-05,0.024038279,0.026985954,0.080753569,0.007560043,0.01204903,2.08e-05,0.094260514,0.064374335,0.142146634,0.082375174,0.124172469,0.110676965,0.214067079,,0.1323451,0.162790698,86.0,-0.217391304,92.0,0.18079096,354.0,54.1,109497,728,324,0.618081271,-1.097466807,-0.446469668,-0.424445286,-0.444030217,-0.337575123,-0.465809126,-0.597832572,-0.444030217,complete,COOK,Maine Precinct 69,0,0,0,Maine,1,0,0,254,169,113,185,139,93,0.09172,20.350402751440217,34,0.75598,31.43367615761079,53,0.14892,22.310109582070815,38,0.00094,6.391742215998636,11,0.00046,5.809449670857228,10,0.00184,8.260882039381666,14,0.00014,2.3875116945300956,4,COOK:8000069,COOK:8000069,COOK:MAINE PRECINCT 69,1.0,81.07347061,2.189040542,2.189040542,2.189040542,2.189040542,5.792286137,2.189040542,2.189040542,16.803231617122677,25.113973403214587,17.60746854730486,5.1391711575726235,4.383580749788416,6.617879562667602,1.7712303503169433,20.754050255090625,32.047151194566,22.885572291949444,6.567932272252148,5.87446201355171,8.389893630458584,2.415713072412164,15.21034140042251,23.613834752114904,19.22952760636697,5.41708449585077,4.677774308218099,6.53991304364054,1.8245729842252003,1.0,0.3,0.2,1.000001229,1.000177342,1.000283748,1.000141874,1.399858126,1.009633378,401.1916324,401.184889,1.005234617,0.993346866,0.011887751,0.002505622,0.002475991,2.96e-05,2051.4,169,0.997835941,0.0,0.0,0.0006387419127828427,True
COOK:8000072,COOK:8000072,COOK:Maine Precinct 72,,,,,,,,,,0.874394889,0.062605402,0.002694988,0.049504102,0.01113711,0.000537073,0.4214,0.7927,0.2073,0.7978,0.0428,0.0037,0.0193,0.1336,0.14108376,0.093666411,0.081429807,0.110550981,0.13361249,0.140761404,0.142556263,0.084289044,0.072049842,0.02356054,0.009339575,0.010449929,0.02779338,0.044064597,0.034522634,0.022556066,0.048498419,0.010855314,0.048084695,0.07593397,0.088594999,0.06556202,0.054214274,0.08465773,0.351311858,,-0.131365954,0.482014388,139.0,-0.370786517,178.0,-0.043243243,740.0,53.0,121257,1106,499,-0.505373768,0.862047533,-0.984852362,-1.1371687,-0.489284684,-0.441336824,-0.597987791,-0.671750657,-0.489284684,complete,COOK,Maine Precinct 72,0,0,0,Maine,1,0,0,390,260,173,122,92,61,0.18362,22.09562147035512,57,0.54192,27.803322019136225,72,0.26938,23.85180593290257,62,0.00088,6.022075637000071,16,0.0007,6.105231446584439,16,0.00336,8.924598199124576,23,0.00014,2.219928840322723,6,COOK:8000072,COOK:8000072,COOK:MAINE PRECINCT 72,1.0,82.02169032,2.019713013,2.019713013,2.019713013,2.019713013,5.860031602,2.019713013,2.019713013,17.407325909327014,21.304185584402237,17.797512226441764,4.551629552236182,4.370429820121321,6.814478809883716,1.5472586162791309,22.5515349225504,28.4164635496831,24.38100960001146,6.120899666114005,6.157813630283696,9.077228968278476,2.229824393359546,15.814435692626848,19.804046933302555,19.41957128550387,4.829542890514329,4.6646233785510045,6.736512290856655,1.6006012501873879,1.0,0.3,0.2,1.000000528,1.091173721,1.145877954,1.072938977,1.327061023,1.023798585,546.4966147,546.0135022,2.306571773,1.374585929,0.931985843,0.004220652,0.002515269,0.001705383,1855.67,260,1.0,0.0,0.0009386577969907483,0.0,True
COOK:8000074,COOK:8000074,COOK:Maine Precinct 74,,,,,,,,,,0.670487707,0.081796785,0.012022931,0.23567056,0.016359177,1.56e-06,0.4105,0.6107,0.3893,0.7744,0.0321,0.0,0.0,0.1887,0.126609989,0.101881585,0.111977243,0.088131638,0.19833388,0.114691695,0.10874223,0.094885143,0.054746596,0.034123609,0.015950179,0.029567782,0.02052171,0.031963443,0.025072925,0.006832516,0.052351127,0.020493311,0.022794586,0.147881075,0.127520903,0.070610694,0.066147844,0.084331738,0.243836558,,-0.098678985,0.366336634,101.0,-0.19047619,84.0,0.170603675,381.0,48.0,93124,601,338,-0.366121585,0.151974236,-0.352003672,-0.456854251,-0.254339527,-0.255751318,-0.273589998,-0.393523561,-0.254339527,complete,COOK,Maine Precinct 74,0,0,0,Maine,1,0,0,264,176,117,148,111,74,0.04266,19.604646310008714,35,0.93254,35.697687360878305,63,0.02176,17.10542381671419,30,0.00076,8.136704534704412,14,0.00028,4.561948493808893,8,0.00198,10.318397462937803,18,2e-05,1.3950881269908448,2,COOK:8000074,COOK:8000074,COOK:MAINE PRECINCT 74,1.0,76.16077892,3.066320287,3.066320287,3.066320287,3.066320287,5.441299362,3.066320287,3.066320287,16.80487383935488,29.517818966318025,14.006399985286519,6.740261434625701,3.578435891332021,8.617352640374174,0.9715858653788454,20.044986498066574,36.41678509026668,17.50930195666844,8.305335005388532,4.654720717944754,10.570117746170318,1.4335277157753672,15.211983622654714,28.017680315218342,15.628459044348626,7.018174772903848,3.8726294497617046,8.539386121347112,1.0249284992871024,1.0,0.3,0.2,1.000008879,1.000152728,1.000244365,1.000122182,1.399877818,1.068821418,268.8280277,268.694546,1.03034974,0.763969084,0.266380656,0.003832747,0.002841851,0.000990896,1306.91,176,1.0,0.0,0.0,1.0000000000000007,False
COOK:8000075,COOK:8000075,COOK:Maine Precinct 75,,,,,,,,,,0.74577465,0.052997965,0.005688893,0.184219648,0.003801352,0.002827853,0.2929,0.9996,0.0004,0.9453,0.006,0.0,0.0,0.0487,0.088575397,0.123136865,0.067607574,0.135035154,0.096495252,0.227669134,0.05671094,0.125093582,0.0796761,3.85e-05,0.0244545,1.42e-05,2.03e-06,0.000134683,6.08e-06,8.1e-06,0.124711778,0.03179764,0.261805768,0.046526469,0.061755388,0.171752058,0.093081208,0.095762046,0.088149572,,-0.104847854,0.218390805,87.0,-0.621052632,95.0,0.2,350.0,53.3,79251,638,289,-0.392402042,-0.756172566,-1.863230131,-0.363335275,-0.990867813,-0.843785004,-1.194756838,-0.863069571,-0.990867813,complete,COOK,Maine Precinct 75,0,0,0,Maine,1,0,0,227,151,101,146,110,73,0.11496,18.240380014555,28,0.58972,26.483613173187443,40,0.26798,22.079575504969398,33,0.00742,9.572701014006546,14,0.00782,9.573977346365897,14,0.01194,10.27561332014106,16,0.00016,1.158961974224523,2,COOK:8000075,COOK:8000075,COOK:MAINE PRECINCT 75,1.0,88.60922661,0.843349318,0.843349318,0.843349318,0.843349318,6.330677484,0.843349318,0.843349318,15.405367839134808,21.699515602324695,17.79911200183918,7.749994425957338,7.576906742057533,8.415303494531512,0.7468625372122425,18.503889813583637,26.900135706268504,22.504544443746394,9.676370452921006,9.739439930260284,10.438982936532291,1.1714114469685595,13.812477622434642,20.199376951225013,19.421171060901287,8.027907764235485,7.871100300487217,8.337336975504451,0.8002051711204995,1.0,0.3,0.2,1.00001185,1.029852505,1.047764009,1.023882004,1.376117996,1.334692772,257.0253261,257.0253261,1.041227644,0.416460602,0.624767042,0.00405107,0.00162031,0.002430761,1019.55,151,1.0,0.0,0.9999999999999997,0.0,False
COOK:8000076,COOK:8000076,COOK:Maine Precinct 76,,,,,,,,,,0.622363287,0.067430807,0.015674499,0.289841953,0.009417659,0.001563767,0.371,0.5307,0.4693,0.7258,0.0727,0.0,0.0133,0.1871,0.075977023,0.148741917,0.070334917,0.110902642,0.118177222,0.190811135,0.186599582,0.039470946,0.058984616,0.006671436,0.069161568,0.003367631,0.003347613,0.003376937,0.065908095,0.003311047,0.010013185,0.003344171,0.026404892,0.046458576,0.313032958,0.026525989,0.174632203,0.181254325,0.063189373,,-0.027736002,0.132075472,53.0,-0.084745763,59.0,0.272727273,242.0,53.5,95656,391,208,-0.063892116,-1.286008346,0.019086344,-0.131966897,-0.357397408,-0.365695254,-0.280441088,-0.389488566,-0.357397408,complete,COOK,Maine Precinct 76,0,0,0,Maine,1,0,0,162,108,72,102,77,51,0.04136,19.581935810823165,21,0.93356,35.624380643340956,38,0.02206,17.102768003789404,18,0.001,8.121101726653192,9,0.00018,4.604997170542922,5,0.00178,10.273813154401335,11,6e-05,1.4593266382659527,2,COOK:8000076,COOK:8000076,COOK:MAINE PRECINCT 76,1.0,79.02986602,2.553975495,2.553975495,2.553975495,2.553975495,5.646281009,2.553975495,2.553975495,16.804071567948085,29.515917832181024,14.00700830331317,6.739640001866938,3.581040060500659,8.617662099298839,0.9714195553378766,20.043986525690872,36.4143915751395,17.510055722486722,8.304561217109939,4.657957884123817,10.570501099525725,1.4333207062040934,15.211181351247921,28.015779181081342,15.629067362375276,7.017553340145085,3.8752336189303427,8.539695580271777,1.0247621892461336,1.0,0.3,0.2,1.000015382,1.000281702,1.000450723,1.000225361,1.399774639,1.121828187,180.8658479,180.6664174,0.997599844,0.59873879,0.398861054,0.005515689,0.003310403,0.002205287,699.99,108,1.0,0.0,0.0,0.9999999999999992,False
COOK:8000008,COOK:8000008,COOK:Maine Precinct 8,,,,,,,,,,0.815976849,0.075938075,0.015193113,0.088793516,0.0099313,1.87e-06,0.3389,0.6919,0.3081,0.6823,0.1152,0.0,0.008,0.1944,0.144013392,0.114983115,0.078783836,0.113122916,0.143031621,0.168685711,0.106371107,0.063335059,0.06767324,0.044019848,0.033315065,0.032118716,0.045205344,0.007134804,0.021418653,0.015503394,0.032131498,0.013094952,0.022613715,0.104693523,0.12020317,0.133297189,0.067864876,0.089302559,0.218082692,,-0.071589327,,,-0.514563107,206.0,,,51.3,101603,1071,587,-0.250714922,,-1.489475852,,,,,-0.568634284,-0.568634284,demographic_only,COOK,Maine Precinct 8,0,0,0,Maine,1,0,0,459,306,204,245,184,123,0.1856,22.083235625975856,68,0.54536,27.812633533900776,85,0.2643,23.816680013604497,73,0.00092,6.061194999500911,19,0.00074,6.034429376849077,18,0.00296,8.923683873108493,27,0.00012,2.1908304731966006,7,COOK:8000008,COOK:8000008,COOK:MAINE PRECINCT 8,1.0,83.50750924,1.754384162,1.754384162,1.754384162,1.754384162,5.966185788,1.754384162,1.754384162,17.406684085303958,21.302713147003885,17.79781266885519,4.551324026332707,4.372317322283933,6.8146140768843315,1.5471096652813991,22.55074275505737,28.414542870147404,24.381511276336827,6.120509407246524,6.1603929203733205,9.077445046127625,2.229630454991605,15.81379386860379,19.802574495904203,19.419871727917297,4.8292373646108535,4.666510880713616,6.73664755785727,1.6004522991896561,1.0,0.3,0.2,1.000000032,1.00643678,1.010298848,1.005149424,1.394850576,1.001153122,330.9338636,330.3002363,2.484440578,1.447780888,1.03665969,0.007507363,0.004374835,0.003132528,1885.86,306,0.999541192,0.0,0.0,0.0,True
COOK:8000083,COOK:8000083,COOK:Maine Precinct 83,,,,,,,,,,0.85470422,0.040157223,0.01296416,0.082743974,0.004730736,5.68e-07,0.4621,0.8179,0.1821,0.767,0.0655,0.0,0.0001,0.1436,0.110784699,0.044807032,0.052596204,0.158360299,0.079773777,0.247505814,0.158405766,0.089385302,0.058381106,2.64e-05,0.07182338,2.21e-05,0.021316826,2.61e-06,0.034577914,0.016039924,0.010802799,0.024024102,0.026669265,0.02674978,0.104022614,0.111888444,0.053442178,0.077452669,0.421138951,,-0.313653305,0.44,75.0,-0.586206897,87.0,0.023809524,336.0,54.6,149341,539,268,-1.281949646,0.604147513,-1.740929439,-0.923852714,-0.881544051,-0.835646071,-1.062600724,-0.630308431,-0.881544051,complete,COOK,Maine Precinct 83,0,0,0,Maine,1,0,0,210,140,93,121,91,61,0.18316,22.060070860119378,31,0.54762,27.820827791327655,39,0.26442,23.786349400497098,33,0.00074,6.051099565805821,8,0.00094,6.142259394379258,9,0.00296,8.926230751423372,12,0.00016,2.162239011952701,3,COOK:8000083,COOK:8000083,COOK:MAINE PRECINCT 83,1.0,87.64332445,1.015834475,1.015834475,1.015834475,1.015834475,6.2616687,1.015834475,1.015834475,17.406784763249583,21.302942757589307,17.79777076105089,4.55136657992968,4.372026734945817,6.81459600680622,1.5471334758372544,22.55086482813503,28.414839397815268,24.381436965151778,6.120562680041423,6.159995116765815,9.077414483395067,2.22966125897629,15.813894546549417,19.802804106489624,19.419829820112998,4.829279918207827,4.666220293375501,6.736629487779159,1.6004761097455114,1.0,0.3,0.2,1.000000124,1.016458962,1.02633434,1.01316717,1.38683283,1.003910822,193.7226896,193.3265287,1.584643677,1.320536398,0.26410728,0.008179959,0.006816633,0.001363327,1102.09,140,1.0,0.0,0.0019039496135005152,0.0,True
COOK:8100013,COOK:8100013,COOK:New Trier Precinct 13,,,,,,,,,,0.740487699,0.039346309,0.030336363,0.173279786,0.010345591,0.004825952,0.5721,0.9607,0.0393,0.7278,0.0748,0.0,0.0038,0.193,0.103290438,0.170400882,0.018476358,0.08827853,0.136628293,0.169932185,0.138051338,0.132555259,0.042386717,0.050733082,0.03511721,0.001312786,0.01174364,0.011724596,1.22e-05,0.006530238,0.020836429,3.75e-06,0.075443245,0.032547936,0.054684502,0.075556554,0.037807476,0.191412481,0.394533871,,-0.212569888,0.233009709,206.0,-0.13,200.0,0.181058496,718.0,55.4,172451,1084,724,-0.851316676,-0.666436269,-0.139745849,-0.42359417,-0.449116158,-0.520273241,-0.37301068,-0.406693015,-0.449116158,complete,COOK,New Trier Precinct 13,0,0,0,New Trier,1,0,0,566,377,251,272,204,136,0.04272,19.634476165482667,74,0.93334,35.62222749640651,134,0.02102,17.040590880895856,64,0.00088,8.128466047509871,31,0.0002,4.555084514375752,17,0.00182,10.296017586900286,39,2e-05,1.425788411959946,5,COOK:8100013,COOK:8100013,COOK:NEW TRIER PRECINCT 13,1.0,81.18392964,2.169315414,2.169315414,2.169315414,2.169315414,5.800177872,2.169315414,2.169315414,16.8560686247093,29.562381903394353,13.97942673245942,6.740728667513419,3.554437541695766,8.601222780734446,0.9702645729552244,20.102034708525977,36.45998080401413,17.469016329542658,8.302879577988687,4.623218251762614,10.546375993946153,1.4312690645004376,15.263178408009136,28.06224325229467,15.601485791521526,7.018642005791565,3.84863110012545,8.523256261707385,1.0236072068634814,1.0,0.3,0.2,1.021766164,1.000009244,1.00001479,1.000007395,1.399992605,1.302035453,466.860668,466.250252,3.584820861,1.788847236,1.795973624,0.007678567,0.003831651,0.003846916,1845.95,377,1.0,0.0,0.0,1.0,False
COOK:8100017,COOK:8100017,COOK:New Trier Precinct 17,,,,,,,,,,0.724235422,0.031493356,0.006527236,0.221455611,0.007601912,0.003252886,0.5118,0.7231,0.2769,0.5747,0.0869,0.0,0.0641,0.1969,0.156957511,0.133831562,0.030931547,0.061874932,0.139221391,0.160121111,0.111366623,0.13452806,0.071167264,0.026061934,0.0,8.83e-06,0.014889042,0.027922731,0.063268428,0.024190577,0.003737741,0.001869818,0.057721321,0.083743863,0.080193393,0.102399091,0.081965968,0.14145555,0.290571719,,-0.387113645,0.524324324,185.0,-0.119170984,193.0,0.2141527,537.0,56.1,129268,734,575,-1.594903494,1.121761736,-0.101738439,-0.318311076,-0.073981313,-0.223297818,-0.049669437,-0.030373103,-0.073981313,complete,COOK,New Trier Precinct 17,0,0,0,New Trier,1,0,0,450,300,200,177,133,89,0.04176,19.78215374695556,59,0.93484,35.7902607135744,107,0.02052,16.974789352892746,51,0.00074,8.090465744845623,24,0.00022,4.461007649455596,13,0.00188,10.3018953592394,31,4e-05,1.364329811664815,4,COOK:8100017,COOK:8100017,COOK:NEW TRIER PRECINCT 17,1.0,69.80910063,4.20056584,4.20056584,4.20056584,4.20056584,4.987504332,4.20056584,4.20056584,16.94373357787706,29.635476027691297,13.934940434456824,6.738761452196283,3.5200135742558016,8.574496216853124,0.9676603716587369,20.198949340538704,36.52852327029982,17.401520792526977,8.294930051061975,4.577441107693984,10.506492581568395,1.426917586590818,15.350843361176894,28.135337376591615,15.55699949351893,7.01667479047443,3.8142071326854854,8.496529697826062,1.0210030055669939,1.0,0.3,0.2,2.030371866,1.000016796,1.000026874,1.000013437,1.399986563,1.210994055,523.8409198,523.0112903,3.318070015,2.48835086,0.829719155,0.006334118,0.004750203,0.001583914,1859.76,300,1.0,0.0,0.0,1.0000000000000002,False
COOK:8100018,COOK:8100018,COOK:New Trier Precinct 18,,,,,,,,,,0.889706329,0.04113892,0.004429163,0.047079166,0.008817986,0.00293409,0.6505,0.9806,0.0194,0.4188,0.1524,0.0001,0.0127,0.3912,0.099205909,0.131840361,0.024793026,0.075410191,0.065513059,0.188023886,0.125028142,0.138316702,0.151868724,2.86e-05,7.69e-05,0.000196955,0.013338347,0.02930572,0.010674607,0.008003381,0.029275525,0.015988956,0.0372755,0.018650718,0.085265403,0.050641957,0.010809907,0.151883223,0.538584273,,-0.370446923,0.378151261,119.0,-0.179487179,117.0,-0.167037862,449.0,61.3,207164,567,423,-1.523900354,0.224496833,-0.313434716,-1.530998402,-0.664912596,-0.78595916,-0.570407707,-0.226539772,-0.664912596,complete,COOK,New Trier Precinct 18,0,0,0,New Trier,1,0,0,330,220,147,139,105,70,0.11506,22.053885815816255,49,0.84252,33.01463044040823,73,0.03766,17.534945979035506,39,0.00114,7.737893715175847,17,0.00032,4.356788919255437,10,0.00326,10.6594194381449,23,4e-05,1.2378030596228158,3,COOK:8100018,COOK:8100018,COOK:NEW TRIER PRECINCT 18,1.0,85.04286637,1.480209068,1.480209068,1.480209068,1.480209068,6.075879227,1.480209068,1.480209068,18.20127397123159,26.375002656980413,13.788732390571923,6.142543657274183,3.2396229110227095,8.569227143887023,0.7244535414810349,22.63754294696414,33.81986643308691,18.033311632677567,7.893246807183517,4.4156865304570125,10.9481242991212,1.1869960807903281,16.608383754531424,24.87486400588073,15.41079144963403,6.42045699555233,3.5338164694523932,8.491260624859962,0.7777961753892919,1.0,0.3,0.2,1.254226581,1.000008419,1.000013471,1.000006736,1.399993264,1.003335743,86.86817729,86.68248741,0.836865155,0.372220225,0.46464493,0.009633737,0.004284886,0.005348851,406.34,0,0.298714524,0.0,0.0,1.0000000000000002,False
COOK:8100021,COOK:8100021,COOK:New Trier Precinct 21,,,,,,,,,,0.698037563,0.040442623,0.018152551,0.221938771,0.006608203,1.13e-06,0.5638,0.8561,0.1439,0.5338,0.2345,0.009,0.0348,0.1544,0.123685278,0.150426889,0.032315821,0.062801189,0.141080367,0.178988885,0.112494736,0.11059325,0.087613584,0.025953585,1.31e-06,0.004348193,0.012971061,0.020206676,0.046136065,0.020185234,0.008671533,0.005777398,0.056294616,0.059102332,0.148635564,0.080855776,0.09236073,0.102432802,0.316067124,,-0.292833884,0.432692308,208.0,0.034782609,230.0,0.392265193,543.0,55.6,127940,823,616,-1.193255284,0.559290168,0.438604043,0.248320905,0.176425891,0.013239958,0.261498708,-0.018313586,0.176425891,complete,COOK,New Trier Precinct 21,0,0,0,New Trier,1,0,0,482,321,214,201,151,101,0.0419,19.676456492625928,63,0.93362,35.67226302550747,115,0.02124,16.971657285893954,54,0.00102,8.11627340605538,26,0.0002,4.604663542738707,15,0.00202,10.264128021730269,33,0.0,1.432323262029402,5,COOK:8100021,COOK:8100021,COOK:NEW TRIER PRECINCT 21,1.0,59.62057049,6.372051583,6.372051583,6.372051583,6.372051583,4.259585797,6.372051583,4.259585797,16.880646042711206,29.582114800287528,13.967218723534671,6.739652319355047,3.5462805767318777,8.593855973595073,0.9694356295890552,20.12910234396843,36.47802931322589,17.45029539093958,8.29994474035713,4.612206086555554,10.535281866814394,1.4299149884197044,15.287755826011042,28.081976149187845,15.589277782596778,7.0175656576331935,3.8404741351615614,8.515889454568011,1.0227782634973122,1.0,0.3,0.2,1.294180298,1.000008395,1.000013431,1.000006716,1.399993284,1.179238932,337.5885765,336.8667782,2.13174879,1.258861533,0.872887258,0.006314635,0.003728981,0.002585654,1261.19,321,1.0,0.0,0.0,0.9999999999999994,False
COOK:8100024,COOK:8100024,COOK:New Trier Precinct 24,,,,,,,,,,0.54472038,0.102775234,0.016027099,0.334459269,0.007343196,0.002669347,0.4911,0.9092,0.0908,0.6753,0.1271,0.0,0.0135,0.154,0.135993106,0.117230382,0.069110306,0.116508031,0.142288999,0.114861559,0.125711416,0.134816946,0.043479255,0.027859913,1.41e-05,0.041735603,7.96e-06,0.024751311,0.040188165,0.05410412,0.010895892,0.012370806,0.088136121,0.044842649,0.058910379,0.100565631,0.102077242,0.125348876,0.268191193,,-0.128706306,0.295918367,196.0,-0.254125413,303.0,0.478411054,579.0,52.6,123910,924,661,-0.494043205,-0.28027941,-0.575398128,0.522378041,-0.214971168,-0.206835675,-0.288683658,-0.084290867,-0.214971168,complete,COOK,New Trier Precinct 24,0,0,0,New Trier,1,0,0,516,344,229,238,179,119,0.04236,19.57949589652264,67,0.9326,35.604477351601375,122,0.02156,17.082711399843586,59,0.00084,8.160565450648724,28,0.00022,4.6117580723178,16,0.00242,10.305370506246318,35,0.0,1.4319941216897356,5,COOK:8100024,COOK:8100024,COOK:NEW TRIER PRECINCT 24,1.0,74.92605853,3.286809431,3.286809431,3.286809431,3.286809431,5.353084886,3.286809431,3.286809431,16.803426951232602,29.51437722144519,14.007547274584159,6.739089035231556,3.5831852753367546,8.617941017068778,0.9712902131450349,20.043166135632802,36.412419140560104,17.510706383235238,8.303867459951483,4.660620236039634,10.570837254577306,1.4331581202840962,15.210536734532434,28.01423857034551,15.629606333646265,7.017002373509703,3.8773788337664383,8.539974498041717,1.024632847053292,1.0,0.3,0.2,1.04750709,1.000001718,1.000002749,1.000001374,1.399998626,1.077591951,405.5536201,404.4602615,2.552132726,1.093672537,1.458460188,0.00629296,0.00269674,0.00359622,1539.22,344,0.998810525,0.0,0.0,0.9988106663360207,False
COOK:8100026,COOK:8100026,COOK:New Trier Precinct 26,,,,,,,,,,0.797672526,0.029572061,0.012105623,0.149335397,0.009109713,0.000467343,0.5617,0.9027,0.0973,0.4681,0.2852,0.0047,0.0073,0.2262,0.133341378,0.175297624,0.024892469,0.063867548,0.159433245,0.193370808,0.102127743,0.095003406,0.052665779,0.006979044,2.34e-05,0.005581618,0.002797629,0.013942209,0.008342699,0.013737886,0.011910913,0.016123793,0.033385939,0.031293494,0.130249636,0.09225799,0.088619189,0.107524818,0.437229718,,-0.325230235,0.588235294,306.0,-0.149295775,355.0,0.138702461,894.0,53.7,170811,1237,893,-1.331269384,1.514071161,-0.207469679,-0.558342067,-0.033372522,-0.145752493,-0.045715959,-0.220019958,-0.033372522,complete,COOK,New Trier Precinct 26,0,0,0,New Trier,1,0,0,698,465,310,147,111,74,0.04354,19.599446052500664,91,0.93226,35.6182160620684,166,0.02086,17.025881746890203,79,0.00088,8.095399222425591,38,0.00014,4.605426282502393,21,0.00226,10.340968773757,48,6e-05,1.4297038316763928,7,COOK:8100026,COOK:8100026,COOK:NEW TRIER PRECINCT 26,1.0,68.12199403,4.501839467,4.501839467,4.501839467,4.501839467,4.866969167,4.501839467,4.501839467,16.806116525949164,29.52079280261384,14.005346135951477,6.741338839095862,3.574284772055259,8.61680600443149,0.9718339441997428,20.046573044816448,36.42060210411134,17.50803431594246,8.306693704284207,4.649570121523494,10.569461396392114,1.433840043210591,15.213226309249,28.020654151514158,15.627405195013583,7.019252177374009,3.8684783304849426,8.538839485404429,1.0251765781079998,1.0,0.3,0.2,1.358908584,1.000004806,1.000007689,1.000003845,1.399996155,1.056458916,498.12109,497.1427962,3.146219348,2.013480041,1.132739307,0.006316174,0.00404215,0.002274024,2250.63,457,0.997867485,0.0,0.0,0.9999995523208848,False
COOK:8100027,COOK:8100027,COOK:New Trier Precinct 27,,,,,,,,,,0.819835261,0.029726055,0.02768026,0.113830959,1.28e-05,0.003951155,0.53,0.9571,0.0429,0.3461,0.164,0.0,0.0185,0.4662,0.141338463,0.226664937,0.024472687,0.072680541,0.12441331,0.202998505,0.098605048,0.062615834,0.046210675,0.016681531,2.83e-05,2.61e-05,0.006250345,0.006257515,0.024988981,0.024972012,0.002115783,0.002114633,0.02911188,0.056280875,0.106146649,0.012679744,0.0583473,0.116594267,0.537404109,,-0.309030085,0.46,200.0,-0.106976744,215.0,0.16838488,582.0,53.2,206960,808,648,-1.262253923,0.72691499,-0.058939399,-0.463912937,-0.144216365,-0.264547817,-0.103094681,-0.148214717,-0.144216365,complete,COOK,New Trier Precinct 27,0,0,0,New Trier,1,0,0,507,338,225,187,141,94,0.0416,19.58383184399004,66,0.93396,35.6513590806159,121,0.0211,17.120470240404106,58,0.00092,8.083426667465252,27,0.00022,4.586686528614951,16,0.0022,10.339407087134203,35,0.0,1.402551908884353,5,COOK:8100027,COOK:8100027,COOK:NEW TRIER PRECINCT 27,1.0,72.49840185,3.72032616,3.72032616,3.72032616,3.72032616,5.179641193,3.72032616,3.72032616,16.806532975859398,29.521868108500602,14.004690666484791,6.74201098231912,3.5725756968059064,8.616440504441863,0.9718912661694845,20.047206673542238,36.422178063896276,17.507338354212674,8.307582847261376,4.647474643013963,10.569071982823964,1.4339221655301826,15.213642759159233,28.02172945740092,15.626749725546897,7.019924320597267,3.86676925523559,8.538473985414802,1.0252339000777415,1.0,0.3,0.2,1.605881421,1.00001191,1.000019056,1.000009528,1.399990472,1.045043587,328.8786929,328.8525448,1.393514552,0.07710291,1.316411641,0.004237169,0.000234442,0.004002727,1432.42,34,0.750368563,0.0,0.0,0.9999999999999999,False
COOK:8100003,COOK:8100003,COOK:New Trier Precinct 3,,,,,,,,,,0.752226613,0.040588805,0.012494634,0.170771931,0.007288609,0.001044279,0.6095,0.8552,0.1448,0.521,0.1426,0.0,0.0502,0.2426,0.107549011,0.121078358,0.037531876,0.065341943,0.133069448,0.164592089,0.125444488,0.166625736,0.078767052,0.028558063,2.06e-05,1.49e-05,0.010086864,0.010104136,0.038685993,0.025252736,0.015113751,0.003405702,0.023566448,0.122701627,0.084095814,0.057376995,0.100892158,0.06086531,0.419258887,,-0.289218623,0.47027027,185.0,-0.135135135,185.0,0.234782609,575.0,57.5,145075,785,598,-1.177853643,0.789957746,-0.157769018,-0.252680833,-0.097577974,-0.199586437,-0.08921449,-0.010739525,-0.097577974,complete,COOK,New Trier Precinct 3,0,0,0,New Trier,1,0,0,468,312,208,178,134,89,0.04224,19.908235685866842,62,0.93588,35.86113639136024,112,0.0188,16.834054821777446,53,0.00092,8.049585924762049,25,0.00014,4.437728595436431,14,0.00202,10.261795095251502,32,0.0,1.4550562570321572,5,COOK:8100003,COOK:8100003,COOK:NEW TRIER PRECINCT 3,1.0,70.74457186,4.03351486,4.03351486,4.03351486,4.03351486,5.054338982,4.03351486,4.03351486,17.120854568132557,29.786221159475353,13.843409294728396,6.737449709861496,3.444089191423596,8.519628248315993,0.9627207484486908,20.395053833427095,36.671852303859886,17.26402926163067,8.282504297742665,4.47738249422563,10.425349728276458,1.4186028111182605,15.527964351432393,28.28608250837567,15.465468353790502,7.015363048139642,3.73828274985328,8.441661729288931,1.0160633823569478,1.0,0.3,0.2,2.119632028,1.000017698,1.000028317,1.000014158,1.399985842,1.120367434,224.2042852,223.8486737,1.42151561,1.066169945,0.355345665,0.00634027,0.00475535,0.001584919,1156.23,312,1.0,0.0,0.0,0.9999999999999997,False
COOK:8100031,COOK:8100031,COOK:New Trier Precinct 31,,,,,,,,,,0.84985443,0.038039506,0.019487936,0.077007244,0.004879916,1.79e-07,0.5646,0.8036,0.1964,0.392,0.2429,0.0522,0.0243,0.287,0.13045769,0.191111246,0.041965917,0.107062567,0.097894581,0.188219821,0.13031771,0.070170806,0.042799661,0.015751418,0.111956621,0.035488974,0.027516186,0.033417137,0.011814372,0.027504686,0.01573187,3.28e-05,0.00199442,0.023601337,0.019791714,0.094351081,0.129744352,0.108244513,0.343058543,,-0.287456011,0.549450549,182.0,-0.164319249,213.0,0.196666667,600.0,53.5,140617,788,612,-1.170344608,1.275995897,-0.260198693,-0.373939658,-0.041107174,-0.132121766,-0.06672256,0.016329451,-0.041107174,complete,COOK,New Trier Precinct 31,0,0,0,New Trier,1,0,0,479,319,213,187,141,94,0.0416,19.59353361014613,63,0.93446,35.65370488901215,114,0.02048,17.049540918118858,54,0.0009,8.081015012344823,26,0.00024,4.590052339065341,15,0.00228,10.283867973641428,33,4e-05,1.486153315086878,5,COOK:8100031,COOK:8100031,COOK:NEW TRIER PRECINCT 31,1.0,68.45091907,4.443101957,4.443101957,4.443101957,4.443101957,4.890469184,4.443101957,4.443101957,16.807113086496685,29.52321468191847,14.004358755387589,6.742349241098724,3.5708062027187912,8.61628184394356,0.9720207410210118,20.047893339090592,36.423802803216724,17.506890142745625,8.307987447240741,4.645265796562377,10.568855298152663,1.4340799032719609,15.21422286979652,28.02307603081879,15.626417814449695,7.020262579376871,3.864999761148475,8.538315324916498,1.0253633749292688,1.0,0.3,0.2,1.27781244,1.000006446,1.000010313,1.000005156,1.399994844,1.010051035,339.5868789,339.5863884,2.419072097,1.341731707,1.07734039,0.007123574,0.003951071,0.003172503,1508.31,0,0.359001528,0.0,0.0,1.0,False
COOK:8100032,COOK:8100032,COOK:New Trier Precinct 32,,,,,,,,,,0.85811496,0.057162466,0.010754411,0.060859579,0.004763224,4.9e-06,0.5284,0.9847,0.0153,0.3223,0.1685,0.0,0.0202,0.489,0.147267957,0.283159528,0.01623737,0.060656261,0.114876545,0.223338879,0.090945522,0.032483831,0.031034107,3.24e-05,8.15e-05,2.58e-05,2.76e-05,0.007263922,3.85e-05,0.012104397,1.59e-05,2.48e-06,0.012091802,0.041065912,0.144789048,0.009730085,0.062844998,0.118347886,0.59153776,,-0.3722282,0.576086957,184.0,-0.314917127,181.0,0.074523397,577.0,52.6,215475,740,589,-1.531488904,1.439500127,-0.78876337,-0.762515899,-0.336544458,-0.410817012,-0.41213373,-0.1854905,-0.336544458,complete,COOK,New Trier Precinct 32,0,0,0,New Trier,1,0,0,461,307,205,172,129,86,0.04162,19.604277605972086,60,0.9334,35.6761535915418,110,0.0219,17.039905468587218,52,0.00104,8.151122849330939,25,0.00024,4.572923943065829,14,0.00174,10.310180634705679,32,6e-05,1.4019302629657244,4,COOK:8100032,COOK:8100032,COOK:NEW TRIER PRECINCT 32,1.0,78.48964057,2.650445797,2.650445797,2.650445797,2.650445797,5.607684654,2.650445797,2.650445797,16.807398764896185,29.523854017478214,14.004286677375894,6.74242179125482,3.570030909080386,8.616258815643356,0.9720923041450147,20.048200675492197,36.42451319910061,17.506751377056514,8.308055569496382,4.644289702100002,10.568799811102963,1.4341643959320094,15.214508548196017,28.023715366378532,15.626345736438001,7.020335129532967,3.86422446751007,8.538292296616294,1.0254349380532717,1.0,0.3,0.2,1.465692645,1.000010095,1.000016152,1.000008076,1.399991924,1.026692471,279.8760213,279.8760213,1.154604048,0.0,1.154604048,0.004125413,0.0,0.004125413,1280.16,22,0.720951903,0.0,0.0,0.9999999999999999,False
COOK:8100033,COOK:8100033,COOK:New Trier Precinct 33,,,,,,,,,,0.826243578,0.061635368,0.019628016,0.076606585,0.004681744,0.002799652,0.5549,0.886,0.114,0.395,0.1901,0.0043,0.0,0.4033,0.152870984,0.186057133,0.026167564,0.118352566,0.184473869,0.151598369,0.067576473,0.083957318,0.028945725,0.022327192,3.19e-05,2.6e-05,1.53e-05,0.002049191,0.018268954,0.006126621,0.018270008,1.51e-05,0.026409925,0.018375531,0.097593091,0.022388141,0.073154118,0.099646177,0.595302743,,-0.336683899,0.404444444,225.0,-0.266129032,248.0,0.225710015,669.0,48.2,216009,946,798,-1.380063989,0.385894219,-0.617528131,-0.281543614,-0.397056793,-0.473310378,-0.425900343,-0.153442768,-0.397056793,complete,COOK,New Trier Precinct 33,0,0,0,New Trier,1,0,0,624,416,277,210,158,105,0.04154,19.5346801806766,81,0.93342,35.62983149291191,148,0.0222,17.076191529408003,71,0.00068,8.122618155854255,34,0.00018,4.585108357633742,19,0.00194,10.367688839214155,43,4e-05,1.476405345616495,6,COOK:8100033,COOK:8100033,COOK:NEW TRIER PRECINCT 33,1.0,80.00439626,2.379949586,2.379949586,2.379949586,2.379949586,5.715906226,2.379949586,2.379949586,16.807118003184442,29.523227155447472,14.00435186840463,6.7423563002013225,3.5707869207416127,8.616278042367748,0.9720214904967115,20.047900532720526,36.42382057337435,17.506882689876896,8.307996722603466,4.645242097350918,10.568851178004927,1.4340809363495868,15.214227786484278,28.02308850434779,15.626410927466736,7.020269638479469,3.8649804791712965,8.538311523340687,1.0253641244049685,1.0,0.3,0.2,2.414373511,1.000032343,1.000051748,1.000025874,1.399974126,1.039017088,342.1100245,342.1092067,1.412865391,0.000849275,1.412016117,0.004129857,2.48e-06,0.004127374,1347.97,416,1.0,0.0,0.0,0.9999999999999989,False
COOK:8100034,COOK:8100034,COOK:New Trier Precinct 34,,,,,,,,,,0.6432251,0.058959204,0.037206354,0.264724838,0.015501677,0.001036839,0.4974,0.8913,0.1087,0.6088,0.0984,0.0,0.0491,0.2348,0.089838387,0.174934506,0.026119458,0.095933513,0.0921629,0.205595142,0.13812801,0.071456071,0.105832014,0.006164212,0.004093558,0.012256625,0.002047173,0.018368648,0.030607131,0.002081744,0.022437043,0.004085429,0.077551489,0.036743683,0.089773199,0.146855604,0.044943933,0.063380391,0.438610139,,-0.208338808,0.472972973,148.0,-0.182481752,137.0,0.213953488,430.0,55.9,151570,595,411,-0.833291538,0.806547947,-0.323944993,-0.318944832,-0.116473699,-0.167408354,-0.147781027,-0.125822025,-0.116473699,complete,COOK,New Trier Precinct 34,0,0,0,New Trier,1,0,0,321,214,143,163,123,82,0.04248,19.66808751824938,42,0.9339,35.74154674650621,76,0.02022,16.946152558085018,36,0.0011,8.15770908644826,17,0.00022,4.519229285796197,10,0.00204,10.303639996366138,22,4e-05,1.3797138268600888,3,COOK:8100034,COOK:8100034,COOK:NEW TRIER PRECINCT 34,1.0,71.47022907,3.90393124,3.90393124,3.90393124,3.90393124,5.10618349,3.90393124,3.90393124,16.917719855992424,29.61240007788229,13.948004996983705,6.738964520584017,3.5325882239238964,8.582276822803747,0.9681717155888876,20.17019640805083,36.506439570377744,17.421363855831242,8.296811704922273,4.5939486870874955,10.51813168157248,1.4278828224385958,15.324829639292258,28.112261426782606,15.570064056045812,7.016877858862164,3.82678178235358,8.504310303776686,1.0215143494971446,1.0,0.3,0.2,1.116169888,1.000008,1.000012801,1.0000064,1.3999936,1.311396217,398.645392,397.6245205,2.563801653,1.120017782,1.443783872,0.006431284,0.002809559,0.003621725,1606.74,214,1.0,0.0,0.0,1.0000000000000002,False
COOK:8100036,COOK:8100036,COOK:New Trier Precinct 36,,,,,,,,,,0.839349534,0.040952462,0.01930161,0.086475123,0.008506283,0.000776289,0.5785,0.6883,0.3117,0.5465,0.1883,0.058,0.0315,0.1743,0.142211407,0.204742073,0.036579277,0.094429192,0.17105726,0.152926719,0.090369973,0.085072213,0.022611887,0.059954486,0.016237143,1.19e-05,2.75e-05,0.017871228,0.00163889,0.032428601,0.050278452,0.001641214,0.055146531,0.019474949,0.120051852,0.030902922,0.019519251,0.110445414,0.464369622,,-0.29832533,0.590443686,293.0,-0.141868512,289.0,0.129321383,781.0,50.2,183870,1053,856,-1.216649801,1.527627096,-0.181401656,-0.588186233,-0.011127834,-0.114652649,-0.024477636,-0.09206702,-0.011127834,complete,COOK,New Trier Precinct 36,0,0,0,New Trier,1,0,0,669,446,297,249,187,125,0.0413,19.54968935329617,87,0.93354,35.67187560103206,159,0.02194,17.074735567232747,76,0.0009,8.124009359540635,36,0.00022,4.567805715684874,20,0.002,10.329248983759918,46,0.0001,1.3924112510089064,6,COOK:8100036,COOK:8100036,COOK:NEW TRIER PRECINCT 36,1.0,67.15599698,4.67434157,4.67434157,4.67434157,4.67434157,4.797953602,4.67434157,4.67434157,16.80697788715473,29.52289024260267,14.004476858078869,6.742228475558013,3.571261454486602,8.616343395206114,0.9719940454759723,20.04771956496766,36.42338413853054,17.507031150923577,8.307834676859056,4.645830378981074,10.568928639845147,1.4340461801736208,15.214087670454564,28.02275159150299,15.626535917140975,7.02014181383616,3.8654550129162857,8.538376876179052,1.0253366793842293,1.0,0.3,0.2,1.861115231,1.000029385,1.000047016,1.000023508,1.399976492,1.008351443,339.3968963,339.3695313,2.850004296,1.872637796,0.9773665,0.008397261,0.005517545,0.002879715,1535.81,446,1.0,0.0,0.0,0.9999999999999997,False
COOK:8100037,COOK:8100037,COOK:New Trier Precinct 37,,,,,,,,,,0.855222204,0.037238683,0.00645333,0.090407682,0.00532959,4.05e-06,0.6787,0.7817,0.2183,0.3192,0.1539,0.0168,0.0212,0.4768,0.058869202,0.137905843,0.029851859,0.061724501,0.077822411,0.141577857,0.250778165,0.186291965,0.055141435,0.070255118,0.074671979,0.040960089,2.74e-05,3.71e-05,0.007334893,0.021982192,0.007370206,0.007321773,0.010333149,0.055697484,0.190457886,0.022148947,0.029360327,0.099769746,0.362235017,,-0.350011069,0.459183673,196.0,-0.144144144,222.0,0.160330579,605.0,62.8,115274,798,631,-1.436840055,0.721904069,-0.189388613,-0.489536207,-0.223720057,-0.348465201,-0.191904739,0.078107191,-0.223720057,complete,COOK,New Trier Precinct 37,0,0,0,New Trier,1,0,0,494,329,219,185,139,93,0.04694,20.59635276023467,68,0.9364,36.259857220420976,119,0.01416,16.310155451474024,54,0.0008,8.094899234471784,27,8e-05,4.059321639176565,13,0.00162,9.951031360348011,33,0.0,1.3769743728352828,5,COOK:8100037,COOK:8100037,COOK:NEW TRIER PRECINCT 37,1.0,75.20743092,3.236563596,3.236563596,3.236563596,3.236563596,5.373187508,3.236563596,3.236563596,17.789952615886722,30.353329202298088,13.49866733780144,6.730671793452762,3.1620263343454034,8.312878088542409,0.9437823745041758,21.13108958298587,37.20622180352568,16.748584752096424,8.233412895064486,4.107404493429142,10.121062502262724,1.3869987009163536,16.197062399186557,28.853190551198406,15.120726396863546,7.008585131730909,3.456219892775087,8.234911569515347,0.9971250084124328,1.0,0.3,0.2,1.800884124,1.000026903,1.000043045,1.000021522,1.399978478,1.003279623,413.224708,413.0254857,3.576939002,2.188743619,1.388195383,0.00865616,0.005296739,0.00335942,1168.65,323,0.998453476,0.0,0.0,0.9999632396685312,False
COOK:8100038,COOK:8100038,COOK:New Trier Precinct 38,,,,,,,,,,0.878377271,0.03138899,0.021563949,0.045155503,0.017626688,0.001957776,0.5625,0.8393,0.1607,0.4421,0.2409,0.0192,0.0121,0.2755,0.147229897,0.204187961,0.027505785,0.097514963,0.192936688,0.125752534,0.091664129,0.080480131,0.032727913,0.016838593,0.039311983,0.013099092,0.011225068,0.013107,0.005611244,0.02243813,0.0261637,7.72e-07,0.024287943,0.011238382,0.085938607,0.072889636,0.082260085,0.112146049,0.463443713,,-0.330984565,0.520737327,217.0,-0.27753304,227.0,0.11323764,627.0,48.3,183701,913,730,-1.355783833,1.099743407,-0.657553634,-0.639353689,-0.318413917,-0.388236937,-0.372277256,-0.160977109,-0.318413917,complete,COOK,New Trier Precinct 38,0,0,0,New Trier,1,0,0,570,380,253,194,146,97,0.04138,19.590892698971807,74,0.93492,35.7375137351142,136,0.0206,17.097395543461992,65,0.00092,8.13783226563118,31,0.00024,4.501007818294743,17,0.00188,10.281975622334496,39,6e-05,1.4083863227283293,5,COOK:8100038,COOK:8100038,COOK:NEW TRIER PRECINCT 38,1.0,78.00378645,2.737206782,2.737206782,2.737206782,2.737206782,5.572972855,2.737206782,2.737206782,16.807559101943276,29.52429238852105,14.003940725926322,6.742776880429825,3.569274465649844,8.616061653272727,0.972106381784783,20.04847619419132,36.425211856642456,17.506399476488166,8.308532206235988,4.643368542530649,10.568597419094129,1.4341890350979716,15.21466888524311,28.02415373742137,15.625999784988428,7.020690218707972,3.863468024079528,8.538095134245665,1.02544901569304,1.0,0.3,0.2,1.765995725,1.000018048,1.000028876,1.000014438,1.399985562,1.015708061,363.1123971,363.1123383,2.281353933,1.032281788,1.249072144,0.006282776,0.002842871,0.003439905,1520.38,380,0.999548009,0.0,0.0,0.999999999999999,False
COOK:8100039,COOK:8100039,COOK:New Trier Precinct 39,,,,,,,,,,0.705731975,0.027794201,0.009725286,0.247025394,0.005554422,0.001388038,0.5936,0.9849,0.0151,0.831,0.077,0.0,0.0108,0.0812,0.177527736,0.114151775,0.04066447,0.130859753,0.160708062,0.13589229,0.084426745,0.117993832,0.03777534,0.026859264,0.018792339,1.33e-06,0.021514841,0.021479988,1.33e-08,0.016104044,0.040306148,3.98e-06,3.99e-05,6.54e-05,0.077947876,0.088702495,0.043044192,0.244397037,0.400741103,,-0.293125924,0.327586207,116.0,-0.352226721,247.0,0.098039216,408.0,50.7,179693,586,365,-1.194499426,-0.08589037,-0.919711652,-0.687704667,-0.694472751,-0.721951529,-0.734024776,-0.448299055,-0.694472751,complete,COOK,New Trier Precinct 39,0,0,0,New Trier,1,0,0,285,190,127,132,99,66,0.10874,21.215631359163197,40,0.83112,32.33754573147723,61,0.05266,18.190182863964274,35,0.00144,7.782610110000205,15,0.00046,4.815416266406208,9,0.0055,11.106850423052402,21,8e-05,1.2215304597592938,2,COOK:8100039,COOK:8100039,COOK:NEW TRIER PRECINCT 39,1.0,85.46207978,1.405348389,1.405348389,1.405348389,1.405348389,6.105829888,1.405348389,1.405348389,17.40443889435194,25.697313320895812,14.199820097450385,6.149271036604823,3.579926013537588,8.81566406334758,0.7466702862675781,21.726420163434778,33.12620882770402,18.686381113527574,7.951013551817457,4.885907040540529,11.333920843062828,1.2249231901934796,15.811548677651777,24.19717466979613,15.821879156512491,6.42718437488297,3.8741195719672716,8.737697544320518,0.8000129201758351,1.0,0.3,0.2,1.013359931,1.000003397,1.000005435,1.000002718,1.399997282,1.081956518,280.9779781,280.6173249,2.16341323,1.08154393,1.081869301,0.007699583,0.003849212,0.00385037,1071.85,190,0.999093276,0.0,0.0,0.9990926672045628,False
COOK:8200001,COOK:8200001,COOK:Niles Precinct 1,,,,,,,,,,0.809603493,0.084922603,0.015334341,0.084392698,0.009576918,0.001914059,0.2864,0.8628,0.1372,0.8002,0.0916,0.0,0.012,0.0896,0.045363568,0.037619511,0.056703881,0.044780413,0.071589854,0.169482161,0.121115883,0.150331753,0.303012973,0.147406238,0.019821657,0.042148721,0.023570369,0.034688228,0.081760125,0.052035865,0.065678584,0.018600202,0.045837522,0.06198861,0.11773146,0.078052669,0.081783105,0.065708757,0.063187888,,-0.056051763,0.316326531,196.0,-0.567307692,208.0,0.136116152,551.0,68.3,53118,831,437,-0.184522192,-0.15500647,-1.674597481,-0.566569932,-0.794181548,-0.645174019,-1.00006624,-0.820809126,-0.794181548,complete,COOK,Niles Precinct 1,0,0,1,Niles,1,0,0,342,228,152,196,147,98,0.16358,20.646695858228373,47,0.6693,28.2959790998661,65,0.1516,20.278685527505523,46,0.00566,9.360484896054167,21,0.00428,8.288728811936675,19,0.00548,9.281416387394477,21,0.0001,1.0511785673832184,2,COOK:8200001,COOK:8200001,COOK:NILES PRECINCT 1,1.0,86.71819669,1.181038378,1.181038378,1.181038378,1.181038378,6.195573038,1.181038378,1.181038378,17.612090204910338,23.566057875796144,16.662408418128134,7.725987397506717,6.653522109812998,7.733416548631902,0.6837689679082599,20.96589206367162,28.818638438904916,20.717140949803987,9.489572892505723,8.442145052839622,9.431576352620691,1.0698089799341064,16.019199988210172,22.06591922469646,18.28446747719024,8.003900735784864,6.947715668242682,7.6554500296048404,0.7371116018165169,1.0,0.3,0.2,1.000013856,1.077490252,1.123984403,1.061992202,1.338007798,1.6,211.4078226,211.0845691,0.969760677,0.323253564,0.646507113,0.004587156,0.001529052,0.003058104,1458.49,220,0.995941308,0.0,0.9999999995290318,0.0,False
COOK:8200010,COOK:8200010,COOK:Niles Precinct 10,,,,,,,,,,0.4609092,0.095738435,0.016761428,0.421235357,0.009379097,2.98e-06,0.3322,0.8809,0.1191,0.8265,0.1018,0.0087,0.0054,0.0466,0.075459918,0.276367378,0.044601601,0.094538995,0.176384361,0.07267919,0.132818754,0.046532263,0.080617539,0.01120097,0.044439162,9.3e-06,0.019454097,5.11e-05,0.038976794,0.076496705,5.96e-05,0.038905626,0.207010581,0.108431815,0.100141581,0.069539604,0.062601264,0.143212739,0.079469137,,0.079651865,0.271428571,140.0,-0.233333333,120.0,0.36344086,465.0,48.0,68770,779,422,0.393598908,-0.430606932,-0.502422604,0.156621616,-0.185304404,-0.095702253,-0.266648475,-0.270410924,-0.185304404,complete,COOK,Niles Precinct 10,0,0,1,Niles,1,0,0,330,220,147,209,157,105,0.05992,16.743412209517743,37,0.77154,29.891381255339255,66,0.15268,20.821026432641652,46,0.00532,9.780540017998248,22,0.00438,9.167272754458757,20,0.00604,9.582620984770877,21,0.00012,1.3687464284445454,3,COOK:8200010,COOK:8200010,COOK:NILES PRECINCT 10,1.0,73.94153415,3.462620036,3.462620036,3.462620036,3.462620036,5.282745638,3.462620036,3.462620036,14.802172942496796,25.51138043075204,17.60859482431319,8.338018177584686,7.587357491269018,8.218483043790918,0.9710385162276727,17.014537991087145,30.347480554349342,21.201137749002772,9.93932690832964,9.316597011965502,9.74112620080361,1.3745683147426524,13.20928272579663,24.01124177965236,19.230653883375297,8.615931515862833,7.881551049698702,8.140516524763857,1.0243811501359297,1.0,0.3,0.2,1.000859401,1.00285531,1.004568496,1.002284248,1.397715752,1.6,308.4792011,306.9388881,3.831856587,1.747046672,2.084809915,0.012421766,0.005663418,0.006758348,2098.19,220,1.0,0.0,1.0000000000000004,0.0,False
COOK:8200011,COOK:8200011,COOK:Niles Precinct 11,,,,,,,,,,0.805611917,0.082248477,0.010511038,0.082378619,0.003514614,6.31e-07,0.4932,0.5844,0.4156,0.6646,0.1122,0.0015,0.0116,0.2101,0.14450272,0.123603796,0.076200297,0.139193911,0.093384806,0.139355646,0.13007389,0.098504474,0.055180458,0.034078612,0.003427105,0.003448754,0.013699194,0.006928168,0.023874892,1.1e-05,0.017063652,0.006820074,0.030725416,0.037601637,0.116053695,0.098866334,0.109146642,0.143349329,0.35490546,,-0.07883296,0.483146067,89.0,-0.397260274,73.0,0.161290323,310.0,52.9,149600,427,293,-0.281574061,0.868994201,-1.077769294,-0.486482959,-0.323827551,-0.244208028,-0.490539804,-0.423813652,-0.323827551,complete,COOK,Niles Precinct 11,0,0,1,Niles,1,0,0,230,153,102,96,72,48,0.0428,19.521118402160607,30,0.93346,35.71137659400574,55,0.0207,17.07422360603533,26,0.001,8.144239689755178,12,0.00016,4.55818042591372,7,0.00188,10.3505466441148,16,0.0,1.4097915441288116,2,COOK:8200011,COOK:8200011,COOK:NILES PRECINCT 11,1.0,78.1504562,2.711015357,2.711015357,2.711015357,2.711015357,5.58345166,2.711015357,2.711015357,16.807090381151674,29.52311490524825,14.004552532732404,6.742149964628558,3.5710656038371438,8.616397081497047,0.9720311112038504,20.047805496290422,36.42356171318238,17.507069841910553,8.307712176022605,4.645573170943779,10.568965120114232,1.4340872118167092,15.214200164451507,28.022976254148567,15.62661159179451,7.0200633029067045,3.8652591622668275,8.538430562469985,1.0253737451121074,1.0,0.3,0.2,1.000118275,1.000221455,1.000354328,1.000177164,1.399822836,1.6,93.88526746,93.57052339,0.630665883,0.158331661,0.472334221,0.006717411,0.001686438,0.005030973,622.51,153,1.0,0.0,0.0,1.0000000000000004,False
COOK:8200012,COOK:8200012,COOK:Niles Precinct 12,,,,,,,,,,0.414074498,0.113728976,0.124636689,0.34209495,0.007295834,0.003638112,0.2514,0.6555,0.3445,0.9569,0.0014,0.0001,0.0,0.0086,0.133779741,0.127095704,0.137714388,0.095740064,0.163138605,0.160515091,0.054967699,0.100296581,0.026752126,1.39e-05,2.63e-05,3.96e-05,0.12798229,8.85e-06,0.003890531,0.003880326,0.021339874,0.04656994,0.021446705,0.110697228,0.238651387,0.110639896,0.197956119,0.112657955,0.004199059,,0.093386614,0.195876289,97.0,0.027027027,74.0,0.503496503,286.0,46.8,92191,577,338,0.452111332,-0.894375082,0.411383695,0.602182761,0.138752913,0.142825677,0.192464516,-0.237725785,0.138752913,complete,COOK,Niles Precinct 12,0,0,1,Niles,1,0,0,264,176,117,144,108,72,0.05714,16.76305282448815,30,0.77428,29.937946297384734,53,0.15172,20.836517817722104,37,0.00546,9.749391037789184,17,0.00458,9.148317622627284,16,0.00674,9.607374131594955,17,8e-05,1.3818705667472804,2,COOK:8200012,COOK:8200012,COOK:NILES PRECINCT 12,1.0,61.1928074,6.012672876,6.012672876,6.012672876,6.012672876,4.371914109,6.012672876,4.371914109,14.802655920563245,25.51308222649448,17.606088279091374,8.34059478080711,7.583538636849176,8.21700596793315,0.9709558692192295,17.015707823774775,30.350674040943577,21.198981374567367,9.942809364305564,9.312356536630155,9.739713132319242,1.3745324577400078,13.209765703863079,24.012943575394797,19.22814733815348,8.618508119085257,7.87773219527886,8.13903944890609,1.0242985031274865,1.0,0.3,0.2,1.733976666,1.052080504,1.083328807,1.041664403,1.358335597,1.6,307.1140388,306.8896774,4.625586311,1.545015589,3.080570722,0.015061462,0.005030755,0.010030706,1460.05,176,1.0,0.0,0.9997259569291774,0.00027404307082089414,False
COOK:8200013,COOK:8200013,COOK:Niles Precinct 13,,,,,,,,,,0.698886544,0.097337902,0.014118234,0.188358851,0.01216822,1.51e-06,0.3018,0.8756,0.1244,0.8767,0.0382,0.0023,0.0381,0.0367,0.099276196,0.110748389,0.112079484,0.13771903,0.051696644,0.234849512,0.146777937,0.04184308,0.065009729,0.04275859,0.019429631,0.040791937,0.040811061,4.99e-05,0.066093532,0.019470548,0.019497856,0.036939143,0.021560245,0.132234597,0.138186395,0.116704103,0.070078306,0.110856921,0.124537197,,0.014380019,0.069444444,144.0,-0.4,130.0,0.252236136,559.0,53.2,85921,939,423,0.115529471,-1.670461009,-1.087385116,-0.197155662,-0.830159537,-0.709868079,-0.905662945,-0.599011944,-0.830159537,complete,COOK,Niles Precinct 13,0,0,1,Niles,1,0,0,330,220,147,220,165,110,0.11672,18.20421541672524,40,0.58634,26.47347600188828,58,0.2699,22.129315484490704,49,0.00778,9.552658376526429,21,0.0079,9.55225942371237,21,0.01112,10.283771679391007,23,0.00024,1.1661513779185655,3,COOK:8200013,COOK:8200013,COOK:NILES PRECINCT 13,1.0,87.11739124,1.109752551,1.109752551,1.109752551,1.109752551,6.224093453,1.109752551,1.109752551,15.405256929015273,21.699292900611134,17.799042010012656,7.750067080021669,7.57710469153689,8.415253348731854,0.7468263876441228,18.50379849940169,26.899926772761017,22.504524157206426,9.676489833833582,9.739716350821759,10.438948948866575,1.1713701673896322,13.812366712315107,20.19915424951145,19.421101069074762,8.027980418299816,7.871298249966574,8.337286829704793,0.8001690215523798,1.0,0.3,0.2,1.000015265,1.136425643,1.218281029,1.109140515,1.290859485,1.6,308.882865,308.6268408,1.537659391,0.512654079,1.025005312,0.004978131,0.001659704,0.003318427,1347.0,220,1.0,0.0,0.9999999999999998,0.0,False
COOK:8200014,COOK:8200014,COOK:Niles Precinct 14,,,,,,,,,,0.51075121,0.103599483,0.139707092,0.239793895,0.01500244,0.002042049,0.3506,0.866,0.134,0.6623,0.04,0.0004,0.0211,0.2626,0.138430715,0.113994431,0.066320564,0.118137454,0.150987663,0.131455889,0.16303575,0.089145617,0.028491916,0.039304445,0.024938606,0.065924086,0.003584032,0.010780622,0.017886781,0.003562375,0.012515227,3.08e-08,0.044636068,0.074943639,0.262016466,0.098312961,0.076740746,0.093071291,0.171782626,,-0.003594576,0.411111111,180.0,0.005586592,179.0,0.409345794,535.0,51.8,94266,886,594,0.038954565,0.426816714,0.336132591,0.30265968,0.30585869,0.276140887,0.31785703,0.047773913,0.30585869,complete,COOK,Niles Precinct 14,0,0,1,Niles,1,0,0,464,309,206,225,169,113,0.04702,18.129264094862513,56,0.86474,33.05405201451095,102,0.08224,20.270285055309284,63,0.00236,9.125841294498468,28,0.0004,5.3199160202449,16,0.0032,9.724163510783338,30,4e-05,1.4219558362795588,4,COOK:8200014,COOK:8200014,COOK:NILES PRECINCT 14,1.0,54.02424629,7.651247956,7.651247956,7.651247956,7.651247956,3.859756965,7.651247956,3.859756965,15.573584317992745,27.303290281179812,16.573422513896897,7.524117736689325,4.166659035034174,8.020940861589422,0.971206761478238,18.541336108299326,33.687321763808505,20.736358433620158,9.295111165195411,5.394755667899844,9.844060631696085,1.435830959761341,13.98069410129258,25.80315163008013,18.195481572959004,7.802031074967472,4.460852593463858,7.94297434256236,1.024549395386495,1.0,0.3,0.2,1.271685409,1.00693692,1.011099072,1.005549536,1.394450464,1.6,292.397697,290.813246,4.75496292,2.489851617,2.265111304,0.016261971,0.008515291,0.00774668,1573.95,309,1.0,0.0,0.0,0.9999999999999988,False
COOK:8200015,COOK:8200015,COOK:Niles Precinct 15,,,,TRUE,,,,,,0.47984021,0.137229843,0.094351327,0.289510214,0.01620594,0.000480114,0.2703,0.5815,0.4185,0.8265,0.0168,0.0001,0.0239,0.1323,0.233040779,0.107729566,0.136673823,0.070833889,0.17682216,0.050022141,0.126704893,0.073616346,0.024556404,0.129658485,0.043620474,0.046935965,0.056956307,0.05474173,0.015663457,0.103899883,0.040213414,0.062602052,0.070434777,0.130893693,0.058202093,0.026939228,0.061561081,0.062840122,0.034837239,,-0.033846486,0.28125,192.0,-0.165714286,175.0,0.459349593,492.0,45.7,45664,965,592,-0.089923843,-0.37031933,-0.265094959,0.461737526,-0.083417263,-0.065900152,-0.123256225,-0.129979087,-0.083417263,complete,COOK,Niles Precinct 15,0,0,1,Niles,1,0,0,462,308,205,216,162,108,0.05608,16.69564837752296,51,0.77632,29.950490125116282,92,0.15216,20.8526649317342,64,0.0054,9.770510931271541,30,0.00432,9.196591916611519,28,0.00552,9.635742760732521,30,0.0002,1.3848727259081002,4,COOK:8200015,COOK:8200015,COOK:NILES PRECINCT 15,1.0,70.1871079,4.133063513,4.133063513,4.133063513,4.133063513,5.014511024,4.133063513,4.133063513,14.803597458186829,25.515181744212555,17.605879919668546,8.340803848395911,7.581014133517557,8.216947678095357,0.9711942196799308,17.01670418173178,30.352961366550442,21.19853319633245,9.942972167462003,9.309240015543141,9.739559384134047,1.3748044185268191,13.210707241486663,24.015043093112872,19.227938978730652,8.618717186674058,7.8752076919472405,8.138981159068296,1.0245368535881878,1.0,0.3,0.2,1.005537232,1.001198694,1.00191791,1.000958955,1.399041045,1.6,506.7271028,504.4941737,6.560839855,2.632370235,3.92846962,0.012947482,0.005194848,0.007752634,2471.21,308,1.0,0.0,1.0000000000000004,0.0,False
COOK:8200016,COOK:8200016,COOK:Niles Precinct 16,,,,TRUE,,,,,,0.468104366,0.06480535,0.064322673,0.399782234,0.003001649,0.003482671,0.3683,0.6134,0.3866,0.8022,0.0515,0.0112,0.0394,0.0421,0.072041374,0.102451839,0.139869618,0.139016648,0.067554318,0.16520998,0.154048036,0.110283921,0.049524263,0.035725556,5.48e-05,0.027667481,0.002345121,0.002328372,0.002324081,0.044946018,0.012720273,0.017305121,0.064509686,0.143986346,0.095669784,0.076060874,0.110544397,0.227941173,0.135870893,,0.004657631,0.383259912,227.0,-0.015384615,195.0,0.30224525,579.0,53.1,116571,999,638,0.074110404,0.255855643,0.262528371,-0.038060908,0.157450174,0.138608378,0.182234173,-0.078991957,0.157450174,complete,COOK,Niles Precinct 16,0,0,1,Niles,1,0,0,498,332,221,262,197,131,0.05808,16.7688098538452,56,0.77368,29.895035471371912,99,0.15152,20.778405855166522,69,0.00592,9.7853895133176,32,0.00428,9.200601009122753,31,0.00642,9.584101948708277,32,0.0001,1.3990757594614867,5,COOK:8200016,COOK:8200016,COOK:NILES PRECINCT 16,1.0,60.41645274,6.190130441,6.190130441,6.190130441,6.190130441,4.316447527,6.190130441,4.316447527,14.8021923647182,25.51166769917309,17.607653572045507,8.338986656930018,7.586319965795228,8.217916788539712,0.9709634242094787,17.014815739116496,30.34831648864559,21.200376328025214,9.940657358317807,9.315501260638984,9.740602101041667,1.3745054544949202,13.209302148018034,24.011529048073406,19.229712631107613,8.616899995208165,7.880513524224912,8.139950269512651,1.0243060581177357,1.0,0.3,0.2,1.010066635,1.000579129,1.000926607,1.000463303,1.399536697,1.6,543.3607346,541.2876701,6.911962565,4.492644597,2.419317968,0.012720762,0.008268254,0.004452508,2998.8,332,1.0,0.0,0.99954485404467,0.00045514595532910625,False
COOK:8200017,COOK:8200017,COOK:Niles Precinct 17,,,,,,,,,,0.505434055,0.09819153,0.080849061,0.308940237,0.012564745,0.002396353,0.3047,0.7896,0.2104,0.7137,0.1116,0.0011,0.0001,0.1591,0.137834249,0.106855197,0.087523683,0.110925023,0.048819517,0.17593493,0.171529693,0.079518469,0.081059241,0.017255232,1.78e-05,0.010634422,0.021234397,9.53e-06,0.049038453,3e-05,0.035840771,0.058301411,0.029355571,0.078404376,0.208422746,0.108854687,0.018712243,0.216353539,0.147534866,,0.046579493,0.397129187,209.0,-0.144329897,194.0,0.476923077,520.0,56.1,98975,896,607,0.252704841,0.340990437,-0.190040564,0.517644317,0.186050217,0.230324758,0.101977153,-0.250690304,0.186050217,complete,COOK,Niles Precinct 17,0,0,1,Niles,1,0,0,474,316,211,222,167,111,0.06014,16.90085741244854,53,0.77772,29.994793793784336,95,0.14578,20.727981648419323,66,0.00562,9.72342161192061,31,0.0046,9.113740620397767,29,0.00598,9.548109423355458,30,0.00016,1.354277315711096,4,COOK:8200017,COOK:8200017,COOK:NILES PRECINCT 17,1.0,59.21401969,6.464980135,6.464980135,6.464980135,6.464980135,4.230539816,6.464980135,4.230539816,14.942021457352716,25.63175566130481,17.53494501402449,8.338766456094675,7.5242105264460495,8.174376477677782,0.9671949849502486,17.1678984858004,30.4653490514856,21.091351742302688,9.930677763508783,9.232004888156187,9.679120163187566,1.3683726358394401,13.34913124065255,24.131617010205126,19.157004073086597,8.616679794372821,7.818404084875733,8.096409958650721,1.0205376188585056,1.0,0.3,0.2,1.027872736,1.003852791,1.006164466,1.003082233,1.396917767,1.6,467.6360222,464.895619,7.536772634,2.057335509,5.479437125,0.01611675,0.004399438,0.011717312,2371.54,316,1.0,0.0,0.9983086183311958,0.001691381668812222,False
COOK:8200018,COOK:8200018,COOK:Niles Precinct 18,,,,,,,,,,0.590828285,0.069352353,0.04704423,0.280765271,0.008485188,0.004671078,0.3941,0.8866,0.1134,0.6498,0.133,0.0319,0.0393,0.123,0.134726943,0.071716149,0.075486248,0.111603588,0.090361657,0.100287789,0.164449285,0.169483889,0.081884451,0.026149263,0.001583348,0.01449113,0.038570079,0.009037064,0.017165202,2.06e-05,1.29e-05,0.012992015,0.063962603,0.067163462,0.279250445,0.066069077,0.070201966,0.110124617,0.223206212,,0.067944423,0.352112676,284.0,-0.081967213,305.0,0.396662388,779.0,60.6,97279,1195,804,0.343723165,0.064662265,0.028838429,0.262309768,0.143394933,0.174883407,0.114185938,-0.114484803,0.143394933,complete,COOK,Niles Precinct 18,0,0,1,Niles,1,0,0,629,419,279,154,116,77,0.0441,20.287912892611466,85,0.93744,36.13542480327626,151,0.01588,16.535769309758212,69,0.00072,8.011800793500948,34,0.00022,4.25009287515285,18,0.0016,9.98737919832888,42,4e-05,1.39929236102925,6,COOK:8200018,COOK:8200018,COOK:NILES PRECINCT 18,1.0,61.00081617,6.056557839,6.056557839,6.056557839,6.056557839,4.358197315,6.056557839,4.358197315,17.509721283415047,30.112154737703257,13.643137797205666,6.732089598697845,3.286652912650016,8.399346797862421,0.9510824925995152,20.82348590847378,36.97815282012157,16.963810696870592,8.252081218197624,4.269929546013726,10.247912601674617,1.3994019389287637,15.916831066714881,28.612016086603575,15.265196856267773,7.010002936975992,3.5808464710797,8.32138027883536,1.0044251265077722,1.0,0.3,0.2,2.21589618,1.000242838,1.000388541,1.00019427,1.39980573,1.6,545.3850219,543.7753996,8.356893911,1.979048098,6.377845812,0.015322925,0.003628717,0.011694208,2294.87,419,1.0,0.0,0.0,0.9999999999999993,False
COOK:8200019,COOK:8200019,COOK:Niles Precinct 19,,,,,,,,,,0.749552125,0.061622867,0.073751622,0.093629292,0.00839987,3.1e-06,0.509,0.8386,0.1614,0.5864,0.0257,0.0009,0.0128,0.3695,0.149167481,0.176589454,0.064187474,0.099151851,0.10088315,0.133291174,0.15744096,0.059311267,0.05997719,0.029170989,4.43e-07,0.021865108,0.009734942,0.029149736,0.029176086,1.76e-05,0.004925558,7.58e-05,0.038973402,0.060854487,0.08533363,0.174965262,0.048714177,0.133793373,0.333249365,,-0.317463787,0.403726708,161.0,-0.296969697,165.0,0.005780347,519.0,53.7,133086,765,419,-1.298182963,0.381488488,-0.725771928,-0.981209208,-0.598677799,-0.655918903,-0.612648404,-0.154956851,-0.598677799,complete,COOK,Niles Precinct 19,0,0,1,Niles,1,0,0,327,218,145,188,141,94,0.1061,21.241911352679367,46,0.83658,32.38310859362873,71,0.05042,18.18319125037999,40,0.00142,7.76330547481636,17,0.00034,4.820681160263009,11,0.00506,11.078223967648965,24,8e-05,1.2527703850699412,3,COOK:8200019,COOK:8200019,COOK:NILES PRECINCT 19,1.0,84.01613723,1.66355635,1.66355635,1.66355635,1.66355635,6.002524665,1.66355635,1.66355635,17.406258020807925,25.701990162183773,14.197034794484475,6.152126910894348,3.5725424073371386,8.81411447636227,0.7469273310329758,21.729335578566157,33.1332575080773,18.683299405638497,7.954955367709111,4.876423316479743,11.332204118639048,1.225299435170803,15.81336780410776,24.20185151108409,15.819093853546581,6.430040249172495,3.8667359657668223,8.73614795733521,0.8002699649412328,1.0,0.3,0.2,1.270611869,1.00211448,1.003383168,1.001691584,1.398308416,1.6,338.1236877,335.6441302,8.152551963,3.896180336,4.256371628,0.024111153,0.011522944,0.012588209,1162.86,218,1.0,0.0,0.0,1.0,False
COOK:8200020,COOK:8200020,COOK:Niles Precinct 20,,,,,,,,,,0.584373224,0.081797585,0.043835403,0.294160204,0.010137193,0.000844601,0.4791,0.8842,0.1158,0.7315,0.0294,0.0,0.0267,0.1856,0.086052951,0.041611814,0.10583902,0.077976222,0.220185533,0.216490307,0.12881929,0.058003247,0.065021616,0.046360401,0.087283847,0.005171849,5.7e-05,0.03764806,0.049602121,0.025666301,1.45e-05,0.000143613,0.025710829,0.019134924,0.068486907,0.097574933,0.10435586,0.205279755,0.227509092,,0.005680162,0.486111111,144.0,-0.292035398,113.0,0.367647059,408.0,51.2,133899,694,422,0.078466565,0.88719475,-0.708453648,0.170002861,0.028110611,0.106802632,-0.134940645,-0.123021309,0.028110611,complete,COOK,Niles Precinct 20,0,0,1,Niles,1,0,0,330,220,147,169,127,85,0.05722,16.701080885157893,37,0.77088,29.89787310163775,66,0.15512,20.85611682843592,46,0.00556,9.81778041371084,22,0.00482,9.16637968158372,20,0.00622,9.591819820259406,21,0.00018,1.3321534498863574,3,COOK:8200020,COOK:8200020,COOK:NILES PRECINCT 20,1.0,65.60000525,5.005284579,5.005284579,5.005284579,5.005284579,4.686785926,5.005284579,4.686785926,14.80383797840141,25.515501489578156,17.60665851877505,8.34000127103386,7.58124411680427,8.217434440126718,0.9713261389941739,17.016730332954076,30.352845330428668,21.199086525105425,9.94183551995199,9.309359738312065,9.739982608967722,1.3749346745607198,13.210947761701243,24.015362838478474,19.228717577837156,8.617914609312006,7.875437675233954,8.139467921099657,1.0246687729024309,1.0,0.3,0.2,1.002454604,1.000746554,1.001194486,1.000597243,1.399402757,1.6,314.1233105,312.5748428,4.129247175,0.774423624,3.354823551,0.013145306,0.002465349,0.010679957,1489.57,220,1.0,0.0,1.0,0.0,False
COOK:8200021,COOK:8200021,COOK:Niles Precinct 21,,,,,,,,,,0.558682315,0.101765647,0.189709992,0.138882184,0.024133438,8.48e-06,0.4279,0.8681,0.1319,0.5558,0.0475,0.0062,0.0188,0.3377,0.134906592,0.218721814,0.035038667,0.095037417,0.135446524,0.102213857,0.138025205,0.105593377,0.035016546,0.063203536,3.61e-05,5.66e-05,0.008328297,0.055170194,0.035033335,2.22e-05,0.040054832,6.76e-05,0.041595531,0.043351641,0.025204706,0.113201671,0.068298145,0.20305642,0.303319192,,-0.09473948,0.472924188,277.0,0.239852399,271.0,0.456551724,725.0,53.2,151570,1063,812,-0.349338607,0.806248487,1.158352878,0.452836622,0.667793993,0.517024845,0.7960596,0.254500854,0.667793993,complete,COOK,Niles Precinct 21,0,0,1,Niles,1,0,0,635,423,282,248,186,124,0.04764,18.194450127511637,77,0.86554,33.03626742967411,140,0.08066,20.25490616692491,86,0.00242,9.12117073067543,39,0.00052,5.2505870680689695,22,0.00318,9.587823941702766,41,4e-05,1.4740532611304928,6,COOK:8200021,COOK:8200021,COOK:NILES PRECINCT 21,1.0,38.20619493,11.26690588,11.26690588,11.26690588,11.26690588,2.729637841,11.26690588,2.729637841,15.574733048597395,27.30629204518609,16.571477546028277,7.5261126741433015,4.161800725976115,8.019850092624274,0.9713531850839592,18.543104112348832,33.69175607274569,20.73437564451496,9.297783781496442,5.388813368901392,9.84289406138538,1.436047688887983,13.981842831897229,25.806153394086408,18.193536605090383,7.804026012421448,4.455994284405799,7.941883573597212,1.0246958189922162,1.0,0.3,0.2,1.810806025,1.003626012,1.005801619,1.002900809,1.397099191,1.6,444.310021,441.0486655,10.72319741,5.125774154,5.597423254,0.024134494,0.011536481,0.012598013,1941.27,423,1.0,0.0,0.0,1.0,False
COOK:8200022,COOK:8200022,COOK:Niles Precinct 22,,,,,,,,,,0.499324763,0.121692327,0.132684393,0.241558494,0.011620467,0.002637375,0.2409,0.4202,0.5798,0.7477,0.1054,0.0,0.0407,0.1014,0.072726615,0.138984261,0.13751651,0.101667871,0.211187995,0.102666706,0.144415681,0.054474573,0.036359788,0.021191395,0.094709165,0.062419036,0.047421954,0.011233477,0.029902424,0.065996294,0.084673842,0.066102368,0.052466851,0.066016362,0.091020099,0.143409544,0.028646933,0.101115626,0.033674629,,0.005691562,0.2,105.0,0.04,100.0,0.519774011,354.0,46.0,53116,693,397,0.078515131,-0.869062202,0.456915912,0.653966645,0.117923949,0.080083871,0.193290357,-0.024931926,0.117923949,complete,COOK,Niles Precinct 22,0,0,1,Niles,1,0,0,311,207,138,183,138,92,0.04216,19.583171809742694,41,0.93448,35.673615544386095,74,0.02004,17.067608849179443,35,0.00106,8.122544397224104,17,0.00016,4.616464274883795,10,0.00206,10.315016323323759,21,4e-05,1.452401413013456,3,COOK:8200022,COOK:8200022,COOK:NILES PRECINCT 22,1.0,62.04785046,5.817228878,5.817228878,5.817228878,5.817228878,4.433002576,5.817228878,4.433002576,16.804054618699475,29.516469682597947,14.00474745141732,6.741966613101354,3.578703690632683,8.616297425290691,0.9712218847927709,20.044732038350045,36.416573051014886,17.508032304862787,8.307807702751376,4.655248220742617,10.569234680310288,1.43314673224867,15.211164401999309,28.016331031498265,15.626806510479426,7.019879951379501,3.8728972490623668,8.53833090626363,1.024564518701028,1.0,0.3,0.2,1.028266334,1.000209992,1.000335988,1.000167994,1.399832006,1.6,421.8288779,421.4429411,3.859367593,2.315620556,1.543747037,0.009149131,0.005489478,0.003659652,2224.31,207,1.0,0.0,0.0,0.9999999999999999,False
COOK:8200023,COOK:8200023,COOK:Niles Precinct 23,,,,,,,,,,0.564716882,0.07658689,0.106397793,0.247699269,0.004613522,0.000773771,0.3034,0.7081,0.2919,0.7629,0.0284,0.0208,0.0481,0.1271,0.143865425,0.172241781,0.111349452,0.104945615,0.138311318,0.076884566,0.103878765,0.090677951,0.057845129,0.015189575,2.08e-05,0.005690601,0.005820642,0.007564025,0.035770834,0.020752072,0.037730987,0.039579754,0.086687982,0.07169689,0.13396975,0.077321697,0.107550434,0.128502902,0.226151045,,-0.162074722,0.35443038,158.0,-0.146496815,157.0,0.289760349,459.0,47.1,112780,763,472,-0.636198471,0.078889199,-0.197645959,-0.077779313,-0.164328385,-0.208183636,-0.162220849,-0.104368588,-0.164328385,complete,COOK,Niles Precinct 23,0,0,1,Niles,1,0,0,369,246,164,190,143,95,0.04236,19.59503258051649,48,0.93208,35.621109699008876,88,0.02218,17.00476136423853,42,0.00096,8.127924550883137,20,0.0003,4.619270533163909,11,0.00212,10.361910993661239,25,0.0,1.39274671783855,3,COOK:8200023,COOK:8200023,COOK:NILES PRECINCT 23,1.0,73.21652026,3.592088775,3.592088775,3.592088775,3.592088775,5.230947092,3.592088775,3.592088775,16.804126194253357,29.516507858270316,14.005197975874413,6.741502597618559,3.579002280459111,8.616574246117462,0.9712798280893984,20.04465104418979,36.41629103543248,17.508417833411904,8.307152318683858,4.655576193140353,10.569483448952663,1.433202856469621,15.211235977553192,28.016369207170634,15.62725703493652,7.019415935896705,3.873195838888795,8.538607727090401,1.0246224619976554,1.0,0.3,0.2,1.20073691,1.000928464,1.001485542,1.000742771,1.399257229,1.6,351.7423706,351.7408765,1.985365153,0.001929262,1.983435891,0.005644373,5.48e-06,0.005638888,1575.65,246,1.0,0.0,0.0,1.0,False
COOK:8200024,COOK:8200024,COOK:Niles Precinct 24,,,,,,,,,,0.460532809,0.132836532,0.115582517,0.278029572,0.017232867,0.003781094,0.315,0.4531,0.5469,0.7678,0.0133,0.0082,0.0317,0.1294,0.129277751,0.140897414,0.108753928,0.126514394,0.086029592,0.230207145,0.108462983,0.062558272,0.007298522,0.043168863,0.012467358,0.049807693,0.05460507,0.014388636,0.032599585,0.032609703,0.090976859,0.020201166,0.087170885,0.102588309,0.129468773,0.026943891,0.038358364,0.121850957,0.142793889,,0.260415845,0.223529412,170.0,-0.013888889,144.0,0.508928571,448.0,51.2,69066,940,517,1.163684959,-0.724629876,0.267778033,0.619463882,0.241983557,0.33157425,0.229224314,0.089598137,0.241983557,complete,COOK,Niles Precinct 24,0,0,1,Niles,1,0,0,404,269,179,233,175,117,0.04934,15.34824808697522,41,0.59704,27.30068012159894,73,0.3306,23.885187304689133,64,0.00942,10.763689987846728,29,0.00724,9.864440508073027,27,0.0063,8.896205369723708,24,6e-05,1.3869193853560597,4,COOK:8200024,COOK:8200024,COOK:NILES PRECINCT 24,1.0,56.817308,7.012815607,7.012815607,7.012815607,7.012815607,4.059306984,7.012815607,4.059306984,13.573180580780575,23.30220210619651,20.174233468537636,9.123285520305679,8.16850051603194,7.621401040250323,0.9711661752143879,15.558020003827236,27.707741836486086,24.32467075322848,10.900185399625911,10.030354028650937,9.036557513251285,1.3772451952107345,11.980290364080409,21.802063455096828,21.796292527599743,9.401198858583825,8.462694074461625,7.543434521223261,1.0245088091226449,1.0,0.3,0.2,1.015889561,1.003302216,1.005283546,1.002641773,1.397358227,1.6,558.471644,555.3813077,8.842565176,2.389814768,6.452750408,0.015833508,0.004279205,0.011554303,3445.25,269,1.0,0.0,0.9999999999999997,0.0,False
COOK:8200025,COOK:8200025,COOK:Niles Precinct 25,,,,,,,,,,0.547588031,0.058467988,0.059681669,0.334255296,0.002678472,0.002646522,0.294,0.8075,0.1925,0.7581,0.0119,0.0,0.0,0.2115,0.110716389,0.137065015,0.105936362,0.137154368,0.158760135,0.140759432,0.114426562,0.074706181,0.020475556,0.116606761,1.75e-05,0.03894104,1.83e-06,0.098814218,1.3e-05,0.074092598,0.021201203,0.003634921,0.095449869,4.5e-05,0.074257513,0.180145438,0.070751267,0.038945794,0.187081998,,-0.084718268,0.322033898,118.0,-0.220779221,77.0,0.295454545,264.0,46.8,92231,442,277,-0.306646498,-0.119972518,-0.458360495,-0.059664281,-0.251332348,-0.236160948,-0.295772257,-0.298866017,-0.251332348,complete,COOK,Niles Precinct 25,0,0,1,Niles,1,0,0,216,144,96,113,85,57,0.0592,16.745086678670145,24,0.77296,29.83142416736253,43,0.15062,20.82007877229591,30,0.00566,9.830168037561277,14,0.0046,9.188953942747913,13,0.00682,9.668752453142716,14,0.00014,1.3730806830149607,2,COOK:8200025,COOK:8200025,COOK:NILES PRECINCT 25,1.0,76.06928382,3.082658946,3.082658946,3.082658946,3.082658946,5.434762504,3.082658946,3.082658946,14.803164173637427,25.51396948198519,17.606920937728816,8.33973505442027,7.583169932472869,8.217544487963236,0.9711652408080564,17.01598620381156,30.351113060554578,21.199498223387533,9.941558513292055,9.311714759919328,9.740155637179885,1.3747483321357288,13.210273956937261,24.013830830885507,19.228979996790923,8.617648392698417,7.877363490902553,8.139577968936175,1.0245078747163134,1.0,0.3,0.2,1.022961334,1.005565953,1.008905525,1.004452763,1.395547237,1.6,91.2735187,91.20774662,1.373854721,0.457795473,0.916059248,0.015052063,0.005015644,0.010036419,806.08,144,1.0,0.0,1.0000000000000004,0.0,False
COOK:8200027,COOK:8200027,COOK:Niles Precinct 27,,,,TRUE,,,,,,0.332705456,0.10770956,0.161961192,0.400192575,0.010353943,0.001038623,0.3116,0.2312,0.7688,0.7999,0.0504,0.0087,0.0677,0.0378,0.05611715,0.216558295,0.135202208,0.106980681,0.109144166,0.175664888,0.13794766,0.033811405,0.028573546,0.071270166,0.000102539,0.040492361,0.010640231,0.015416333,0.004844224,0.101157043,0.079999778,0.014518881,0.039580282,0.120495411,0.261013386,0.057967386,0.03285803,0.113860351,0.035783597,,0.283815049,0.204819277,83.0,0.0,60.0,0.583333333,312.0,48.2,75142,621,400,1.263369646,-0.839479678,0.316524909,0.856168881,0.304461466,0.399145939,0.28793726,0.307915935,0.304461466,complete,COOK,Niles Precinct 27,0,0,1,Niles,1,0,0,312,208,139,183,138,92,0.05164,15.874426945692093,33,0.66346,28.387222961701553,59,0.2656,23.184316673082044,48,0.00804,10.41739594620327,22,0.00486,9.048763858315256,19,0.00612,9.083231388599264,19,0.00028,1.327517757427155,3,COOK:8200027,COOK:8200027,COOK:NILES PRECINCT 27,1.0,54.08582292,7.637172896,7.637172896,7.637172896,7.637172896,3.864156301,7.637172896,3.864156301,13.956654695869807,24.068583422962877,19.481132287354292,8.81403395860128,7.403337380798911,7.698856661217908,0.9706814166878723,16.115415700829708,28.823013692552788,23.653280590453324,10.598115107932955,9.168503146865634,9.188770944150406,1.387675547495861,12.36376447916964,22.568444771863195,21.1031913464164,9.091947296879427,7.697530939228595,7.620890142190847,1.0240240505961293,1.0,0.3,0.2,1.02291569,1.000703331,1.001125329,1.000562664,1.399437336,1.6,252.1094217,251.1169042,3.275330297,2.088226834,1.187103463,0.012991701,0.008283018,0.004708683,2010.9,208,1.0,0.0,0.807242246764011,0.19275775323598524,False
COOK:8200028,COOK:8200028,COOK:Niles Precinct 28,,,,,,,,,,0.846130972,0.040105066,0.050115448,0.052518922,0.013355133,4.6e-06,0.5135,0.9991,0.0009,0.5702,0.0817,0.0,0.0,0.3481,0.183000384,0.195437165,0.01008627,0.056876816,0.147915417,0.205510881,0.090377339,0.103699216,0.007096513,3.8e-05,4.56e-05,5.27e-05,2.05e-05,1.34e-05,3.53e-05,1.07e-05,0.080806211,0.090319893,0.023821099,0.078609393,0.047799408,0.040560061,0.028614361,0.10233499,0.506918346,,-0.30968249,0.378947368,190.0,-0.374407583,211.0,0.215411559,571.0,53.3,201365,744,599,-1.265033282,0.229383636,-0.997561489,-0.314306248,-0.560132166,-0.586879346,-0.642268595,-0.404810703,-0.560132166,complete,COOK,Niles Precinct 28,0,0,1,Niles,1,0,0,468,312,208,184,138,92,0.10632,21.241533298832817,66,0.83676,32.4113464733048,101,0.05022,18.186251841087646,57,0.00134,7.767214560918581,24,0.00028,4.86092898052761,15,0.00506,11.034170895642855,34,2e-05,1.2454419508363384,4,COOK:8200028,COOK:8200028,COOK:NILES PRECINCT 28,1.0,83.35840713,1.781009944,1.781009944,1.781009944,1.781009944,5.955533203,1.781009944,1.781009944,17.40699386041679,25.70363116335523,14.196871318879614,6.152290958439013,3.570568763551062,8.814068537248918,0.7471135546403285,21.730143729397433,33.1351793079682,18.68293611143604,7.955107927704251,4.87381582050571,11.332061243739815,1.2255305895292332,15.814103643716624,24.203492512255547,15.81893037794172,6.43020429671716,3.864762321980746,8.736102018221857,0.8004561885485855,1.0,0.3,0.2,2.019065657,1.000878884,1.001406215,1.000703107,1.399296893,1.6,348.5941411,347.6397952,6.349661206,1.272745434,5.076915771,0.018215054,0.003651081,0.014563973,1196.79,312,1.0,0.0,0.0,1.0000000000000002,False
COOK:8200029,COOK:8200029,COOK:Niles Precinct 29,,,,,,,,,,0.66643078,0.042577585,0.030224621,0.257918964,0.002846706,0.00283264,0.3623,0.4642,0.5358,0.8924,0.0162,0.0,0.021,0.0704,0.061782632,0.12853549,0.045099344,0.065216725,0.140215691,0.034350855,0.122707686,0.186873209,0.215218368,0.03235998,0.052618782,0.024279631,0.050581762,0.020221047,0.078888743,0.008097516,0.024293483,0.032456498,0.026288351,0.113357342,0.149666027,0.076973533,0.089179331,0.109276588,0.111461385,,-0.361244768,0.417322835,127.0,-0.290780142,141.0,0.393188854,323.0,67.9,81106,648,436,-1.48469757,0.464946598,-0.704047982,0.251259361,-0.290069939,-0.368134898,-0.357252556,-0.696037333,-0.290069939,complete,COOK,Niles Precinct 29,0,0,1,Niles,1,0,0,341,227,151,142,107,71,0.07884,18.995357589000765,43,0.8329,31.595225661529202,72,0.07816,19.089516159194638,43,0.00458,9.65099782859042,22,0.00226,7.9466357695145735,18,0.00312,8.636034533427562,20,0.00014,1.2946608862531483,3,COOK:8200029,COOK:8200029,COOK:NILES PRECINCT 29,1.0,77.21321192,2.878382957,2.878382957,2.878382957,2.878382957,5.516490335,2.878382957,2.878382957,17.009786291781133,27.380073918897136,16.471062568489877,8.314858832390883,6.66091971855287,7.536160096404253,0.9081165742905253,19.394483302994797,32.12916629989561,19.51123275566662,9.758491219299238,8.078817173969632,8.787912907043225,1.2746710714115432,15.416896075080965,25.879935267797453,18.093121627551984,8.59277217066903,6.955113276982554,7.458193577377192,0.9614592081987823,1.0,0.3,0.2,1.147274992,1.320532493,1.512851989,1.256425995,1.143574005,1.6,312.8258551,312.8257271,2.405357774,0.601563586,1.803794188,0.007689127,0.001922998,0.005766129,1209.1,227,1.0,0.0,1.0000000000000002,0.0,False
COOK:8200031,COOK:8200031,COOK:Niles Precinct 31,,,,,,,,,,0.5518469,0.060281906,0.052702716,0.328145241,0.009951858,0.004092969,0.3403,0.9245,0.0755,0.805,0.0644,0.001,0.0302,0.0877,0.075280757,0.143341597,0.120471913,0.079036824,0.100913174,0.145802836,0.138383625,0.143899524,0.052869752,0.058500218,0.002913161,0.006824094,0.068009846,0.013596582,0.009691067,0.014955539,0.032593586,0.019058812,0.038101579,0.081676061,0.145546209,0.051771264,0.125068642,0.199839335,0.131854005,,-0.164188675,,,-0.286432161,199.0,,,54.7,104121,975,619,-0.645204279,,-0.688787547,,,,,-0.357942006,-0.357942006,demographic_only,COOK,Niles Precinct 31,0,0,1,Niles,1,0,0,483,322,215,237,178,119,0.04236,19.580040326336583,63,0.93364,35.61621056408231,115,0.02098,17.02937374040022,55,0.0009,8.14733208440283,26,0.00016,4.626848153308386,15,0.0019,10.320020118035506,33,6e-05,1.4025730775489138,5,COOK:8200031,COOK:8200031,COOK:NILES PRECINCT 31,1.0,79.04371301,2.551502782,2.551502782,2.551502782,2.551502782,5.647270305,2.551502782,2.551502782,16.803294635036202,29.514246307816833,14.006946172435633,6.739708346425322,3.5828770379085118,8.61756904078163,0.9712028873314977,20.043237700317583,36.41271291386872,17.510201597000897,8.304746375846904,4.6602971749161615,10.570507311547114,1.4330716567832806,15.210404418336037,28.01410765671715,15.62900523149774,7.017621684703468,3.8770705963381955,8.539602521754569,1.0245455212397547,1.0,0.3,0.2,1.328087977,1.00036305,1.00058088,1.00029044,1.39970956,1.6,310.8387296,309.7614598,2.645688404,1.11249827,1.533190134,0.00851145,0.003579021,0.00493243,2010.86,322,1.0,0.0,0.0,0.9999999999999997,False
COOK:8200033,COOK:8200033,COOK:Niles Precinct 33,,,,,,,,,,0.477924127,0.094185354,0.101465602,0.317351083,0.013633891,0.001946753,0.3499,0.8197,0.1803,0.7996,0.0247,0.0007,0.0057,0.1349,0.145112649,0.144090777,0.082904088,0.162423825,0.092217524,0.159970802,0.126386489,0.069015898,0.017877948,0.005020898,0.026416275,0.038024854,0.014840703,1.88e-05,0.001691997,0.00166572,2.55e-05,0.031258784,0.103813087,0.141769414,0.132275648,0.084185925,0.108874561,0.127022405,0.183095407,,0.048611468,0.268518519,216.0,-0.071428571,168.0,0.455938697,522.0,50.2,100944,843,557,0.261361409,-0.448469919,0.065826692,0.45088639,0.062847671,0.082401143,0.059532781,-0.112999902,0.062847671,complete,COOK,Niles Precinct 33,0,0,1,Niles,1,0,0,435,290,193,231,174,116,0.05282,18.14541885943097,53,0.87266,32.6291837448027,95,0.0666,19.04630174823547,55,0.00286,8.987762813069248,26,0.00104,7.038656747049532,20,0.00386,9.96033438394468,29,0.00016,1.3749476292476999,4,COOK:8200033,COOK:8200033,COOK:NILES PRECINCT 33,1.0,64.25381144,5.312994815,5.312994815,5.312994815,5.312994815,4.590607242,5.312994815,4.590607242,15.77115098985995,27.450150374183004,15.863721794325194,7.566163486956671,5.646356394599063,8.410658847786696,0.9710936819120584,18.45637732359246,33.23367210645114,19.444401910841155,9.164354908836781,7.098689548526988,10.134841213187695,1.4024377188444588,14.178260773159783,25.95001172308332,17.4857808533873,7.844076825234818,5.940549953028746,8.332692328759634,1.0244363158203154,1.0,0.3,0.2,1.484613546,1.016870937,1.026993499,1.01349675,1.38650325,1.6,260.2651851,258.8561702,4.227044769,2.214166308,2.012878462,0.016241299,0.008507347,0.007733952,1859.09,290,1.0,0.0,0.5160011343516195,0.4839988656483772,False
COOK:8200034,COOK:8200034,COOK:Niles Precinct 34,,,,,,,,,,0.517510525,0.083225696,0.055965216,0.343306785,0.009835998,1.91e-06,0.3064,0.9092,0.0908,0.9368,0.0007,0.0,0.0033,0.0591,0.253093226,0.13413708,0.037413703,0.13575712,0.075851403,0.172120932,0.063105876,0.118969502,0.00955116,0.037700191,0.003178518,0.102208403,0.004532189,0.004595646,9.46e-05,0.058688885,0.05411114,0.1247445,0.046655725,0.114285964,0.147413874,0.060299972,0.060320628,0.081551209,0.099618573,,-0.151383992,0.417721519,158.0,-0.230769231,143.0,0.210762332,446.0,52.3,68333,787,460,-0.590654098,0.467393869,-0.493423183,-0.329096905,-0.226721988,-0.236445079,-0.278117608,-0.480141182,-0.226721988,complete,COOK,Niles Precinct 34,0,0,1,Niles,1,0,0,360,240,160,192,144,96,0.05618,16.739973324849004,40,0.7751,29.918877493910994,72,0.1524,20.877756532078358,50,0.00584,9.741661597316892,23,0.00506,9.158239666215676,22,0.00534,9.587396657476221,23,8e-05,1.3393400254207968,3,COOK:8200034,COOK:8200034,COOK:NILES PRECINCT 34,1.0,75.30304771,3.219488908,3.219488908,3.219488908,3.219488908,5.380018841,3.219488908,3.219488908,14.803056457157842,25.51369292926927,17.6070844110801,8.339567444526557,7.583605611293003,8.217635367476397,0.9711498962106788,17.01583388379148,30.35073382573714,21.19966159891207,9.941342102894271,9.312225031977668,9.74025086402672,1.3747274229413249,13.210166240457676,24.013554278169586,19.229143470142205,8.617480782804703,7.877799169722687,8.139668848449336,1.0244925301189358,1.0,0.3,0.2,1.005048291,1.002107508,1.003372013,1.001686007,1.398313993,1.6,369.0773895,367.2577803,4.85229107,0.909804576,3.942486494,0.013147083,0.002465078,0.010682005,1872.5,240,1.0,0.0,1.0000000000000004,0.0,False
COOK:8200035,COOK:8200035,COOK:Niles Precinct 35,,,,,,,,,,0.509368211,0.0788939,0.018986641,0.389092113,0.012405518,0.002921746,0.3887,0.7229,0.2771,0.8212,0.0403,0.0,0.0087,0.1016,0.104679603,0.208121066,0.062259525,0.11551393,0.149689872,0.104779194,0.174301163,0.03763815,0.043017497,0.066999609,0.008004074,4.84e-05,5.71e-05,0.019148782,0.066986477,0.121228153,0.055830422,0.019199297,0.024023973,0.049525199,0.079932891,0.102252549,0.106984836,0.131048615,0.148729643,,0.128339367,0.259259259,162.0,-0.030674847,163.0,0.362903226,496.0,48.7,96565,755,432,0.60101615,-0.505306718,0.208863096,0.154911233,0.075655635,0.11487094,0.094454066,-0.258860084,0.075655635,complete,COOK,Niles Precinct 35,0,0,1,Niles,1,0,0,338,225,150,205,154,103,0.05772,16.721388971599772,38,0.77404,29.889454109421827,67,0.15144,20.797411210853248,47,0.0054,9.815952033621711,22,0.00482,9.185366644027491,21,0.00652,9.63864323785714,22,6e-05,1.3937138579066675,3,COOK:8200035,COOK:8200035,COOK:NILES PRECINCT 35,1.0,63.74835172,5.428531767,5.428531767,5.428531767,5.428531767,4.554494722,5.428531767,4.554494722,14.802622247319583,25.51246676333435,17.608171108456308,8.338451649796909,7.585811719431249,8.218259659154473,0.9711245662824479,17.01510246407102,30.348845044295754,21.200663544938276,9.939863919122896,9.31475282985484,9.740872533971949,1.3746743940259534,13.209732030619417,24.012328112234666,19.230230167518414,8.616364988075055,7.880005277860933,8.140293140127412,1.024467200190705,1.0,0.3,0.2,1.002103499,1.001188603,1.001901764,1.000950882,1.399049118,1.6,359.7323116,358.140935,4.020932443,1.755899401,2.265033042,0.011177568,0.004881128,0.00629644,1984.77,225,1.0,0.0,0.9993440166696443,0.0006559833303524304,False
COOK:8200036,COOK:8200036,COOK:Niles Precinct 36,,,,,,,,,,0.378825144,0.11464581,0.229197491,0.279596326,0.011489543,2.01e-06,0.2982,0.7589,0.2411,0.7837,0.0375,0.0015,0.012,0.1577,0.159086002,0.11199686,0.091653137,0.231958131,0.105446428,0.091105401,0.121201261,0.07246015,0.01509263,0.019166654,0.054782875,0.081002377,0.030969403,8.77e-05,0.016729031,0.016668252,6.69e-05,1.04e-05,0.062024923,0.133482961,0.135958219,0.071682041,0.150175186,0.124201311,0.102991788,,0.140297517,0.111111111,90.0,0.310344828,87.0,0.556390977,266.0,42.5,90631,495,360,0.651959953,-1.414695431,1.405765447,0.770456755,0.42875223,0.353371681,0.639230984,0.220628689,0.42875223,complete,COOK,Niles Precinct 36,0,0,1,Niles,1,0,0,282,188,125,123,93,62,0.04568,17.67067885337902,33,0.80572,31.993493939865523,60,0.14356,22.29765654047852,42,0.0023,9.640462975036849,18,0.00048,5.434551313519625,10,0.0022,8.354369650483864,16,6e-05,1.559006305772629,3,COOK:8200036,COOK:8200036,COOK:NILES PRECINCT 36,1.0,48.56898795,8.898199783,8.898199783,8.898199783,8.898199783,3.470006569,8.898199783,3.470006569,15.28786710229074,26.760010568582707,18.470685899070954,8.008465965345806,4.341523469671177,7.035064887810727,1.0830130708701478,18.008882819865295,32.66017969567193,22.83976016758097,9.791360515675407,5.552708692220728,8.526642114611086,1.5552407246552495,13.694976885590574,25.259871917483025,20.09274495813306,8.286379303623953,4.635717028100861,6.957098368783666,1.1363557047784048,1.0,0.3,0.2,2.325346133,1.013765353,1.022024565,1.011012282,1.388987718,1.6,155.7108545,154.8673434,2.531107916,1.325517418,1.205590499,0.01625518,0.008512685,0.007742495,1475.91,188,1.0,0.0,0.00033107828814400025,0.9996689217118621,False
COOK:8200037,COOK:8200037,COOK:Niles Precinct 37,,,,,,,,,,0.435058195,0.115219251,0.094790675,0.350969425,0.024329152,0.003943375,0.2935,0.6534,0.3466,0.7145,0.1482,0.0,0.0191,0.116,0.0879286,0.132950761,0.133803421,0.100859367,0.206424622,0.109086395,0.150913944,0.03548578,0.04254711,0.018846171,0.071272089,0.094775548,0.064888331,0.016205015,0.020133778,0.027496212,0.034955216,0.07358965,0.094838243,0.036382026,0.090012002,0.151089263,0.015327685,0.152452103,0.03773667,,0.279828476,0.256756757,148.0,-0.119402985,134.0,0.497487437,398.0,46.2,58207,756,506,1.24638615,-0.520668011,-0.10255271,0.583066028,0.166663978,0.301557864,0.085841863,-0.009549156,0.166663978,complete,COOK,Niles Precinct 37,0,0,1,Niles,1,0,0,396,264,176,186,140,93,0.0435,19.572749737988566,52,0.9329,35.67619991859438,94,0.02066,17.037427517733793,45,0.00082,8.1218341897029,21,0.00028,4.627574085546606,12,0.00182,10.275664051568349,27,2e-05,1.4094876210238578,4,COOK:8200037,COOK:8200037,COOK:NILES PRECINCT 37,1.0,60.03097359,6.27824248,6.27824248,6.27824248,6.27824248,4.288907007,6.27824248,4.288907007,16.802709797275426,29.513060032721153,14.00662300116334,6.740044222755257,3.5839691179339472,8.61733229982427,0.9710161874293306,20.0427671980325,36.41172059068823,17.51006349992795,8.305282398370736,4.661720427947287,10.570357053954925,1.432863561359044,15.20981958057526,28.01292138162147,15.628682060225447,7.017957561033404,3.878162676363631,8.539365780797208,1.0243588213375876,1.0,0.3,0.2,1.019053197,1.000126914,1.000203063,1.000101531,1.399898469,1.6,546.8784416,546.3732419,5.005713584,3.004156993,2.00155659,0.009153247,0.005493281,0.003659966,2015.91,264,1.0,0.0,0.0,0.9999999999999988,False
COOK:8200039,COOK:8200039,COOK:Niles Precinct 39,,,,TRUE,,,,,,0.648432789,0.0775335,0.03444474,0.214018432,0.02247655,0.001249548,0.4052,0.8435,0.1565,0.8052,0.0282,0.0,0.0464,0.1149,0.205699365,0.073056557,0.080532828,0.072140912,0.183054063,0.13009332,0.152999384,0.070310682,0.032112888,0.121690142,0.096610297,0.010807718,0.000117452,0.027488028,0.038175082,0.004843664,2.36e-05,0.0704177,0.027562914,0.141071302,0.059762079,0.093140812,0.050324393,0.131341451,0.126623351,,0.035744558,0.439613527,207.0,-0.229885057,174.0,0.268199234,522.0,51.2,70874,859,572,0.20654613,0.601775198,-0.490319931,-0.146372016,-0.026779261,0.042907345,-0.133424716,-0.298977293,-0.026779261,complete,COOK,Niles Precinct 39,0,0,1,Niles,1,0,0,447,298,199,216,162,108,0.05884,16.758893525164847,50,0.77476,29.946729931721826,89,0.15084,20.850531375521577,62,0.00544,9.750952979437278,29,0.00442,9.150643244426687,27,0.00556,9.608535571120463,29,0.00014,1.3241860547973272,4,COOK:8200039,COOK:8200039,COOK:NILES PRECINCT 39,1.0,67.83877583,4.552414917,4.552414917,4.552414917,4.552414917,4.84673467,4.552414917,4.552414917,14.805049144779787,25.518351944072908,17.605815564130562,8.340861834565112,7.5773919852147404,8.217012734068314,0.9715836516271379,17.018169824226568,30.35627164059479,21.198048448493868,9.942859293371804,9.304717852951205,9.73946517462345,1.375242496018965,13.21215892807962,24.018213292973225,19.22787462319267,8.61877517284326,7.871585543644424,8.139046215041253,1.0249262855353949,1.0,0.3,0.2,1.002058317,1.000600162,1.000960259,1.000480129,1.399519871,1.6,359.900437,358.3319614,4.651787198,1.957743206,2.694043991,0.012925206,0.00543968,0.007485526,1693.09,298,1.0,0.0,1.0000000000000002,0.0,False
COOK:8200004,COOK:8200004,COOK:Niles Precinct 4,,,,,,,,,,0.496803457,0.099642029,0.023306766,0.381045241,0.011252389,1.64e-06,0.3622,0.6805,0.3195,0.8523,0.0199,0.0,0.003,0.1196,0.129453363,0.15392845,0.063651422,0.134699985,0.093818373,0.084473358,0.122046303,0.112141572,0.105787175,0.053356149,0.02062994,0.010325318,0.037824597,0.006897039,0.049868357,0.006917765,0.018980759,0.02237805,0.032693656,0.128932988,0.158491481,0.065519734,0.108335824,0.130755238,0.148093105,,0.245474367,0.156626506,83.0,-0.238095238,84.0,0.169230769,325.0,55.4,92540,645,261,1.10003166,-1.135304922,-0.51913582,-0.461221897,-0.415824493,-0.253907745,-0.468870108,-0.397132246,-0.415824493,complete,COOK,Niles Precinct 4,0,0,1,Niles,1,0,0,204,136,91,174,131,87,0.05736,16.768655122902427,23,0.77304,29.91122943094299,41,0.15258,20.767525706897082,28,0.00586,9.823025392139588,13,0.00438,9.128407697974618,12,0.00672,9.60769603090693,13,6e-05,1.4309339843947009,2,COOK:8200004,COOK:8200004,COOK:NILES PRECINCT 4,1.0,80.44229437,2.301752303,2.301752303,2.301752303,2.301752303,5.747191813,2.301752303,2.301752303,14.853119677260969,25.555290268626152,17.582060432816036,8.33803521076894,7.56442807086447,8.202600102226535,0.9696872177283291,17.070362235105325,30.390367465996988,21.16136288871728,9.9358165419243,9.285806193890773,9.718699053517678,1.372360351128319,13.260229460560803,24.05515161752647,19.204119491878142,8.615948549047086,7.858621629294154,8.124633583199474,1.023029851636586,1.0,0.3,0.2,1.050418249,1.177868876,1.284590201,1.142295101,1.257704899,1.6,367.2904609,367.2901912,2.822395622,0.706273215,2.116122406,0.00768437,0.001922928,0.005761441,1963.16,136,1.0,0.0,0.9999999999999999,0.0,False
COOK:8200040,COOK:8200040,COOK:Niles Precinct 40,,,,,,,,,,0.500409365,0.10380544,0.050919929,0.333726833,0.010449704,0.003482394,0.4331,0.9485,0.0515,0.756,0.0477,0.0416,0.0,0.1523,0.117986789,0.13506172,0.0780069,0.112556656,0.148115832,0.162374507,0.152107906,0.06250534,0.03128435,0.041732919,6.39e-06,7.56e-06,0.006199151,0.021632921,3.82e-05,0.0,0.055662615,0.003131997,0.026382037,0.061963194,0.09617506,0.075920576,0.122161431,0.264582899,0.224403086,,-0.006966179,,,0.023255814,215.0,,,51.2,147746,916,657,0.024590949,,0.398147585,,,,,-0.117471308,-0.117471308,demographic_only,COOK,Niles Precinct 40,0,0,1,Niles,1,0,0,513,342,228,221,166,111,0.05716,16.751087715572986,57,0.77468,29.88521327914483,102,0.1508,20.823225621610245,71,0.00556,9.79975906117735,34,0.00524,9.21523808489014,32,0.00648,9.573710038778898,33,8e-05,1.3624034169312373,5,COOK:8200040,COOK:8200040,COOK:NILES PRECINCT 40,1.0,71.50796592,3.897192414,3.897192414,3.897192414,3.897192414,5.108879595,3.897192414,3.897192414,14.80322511385606,25.5140709361595,17.60703970477616,8.33961249211459,7.583145634296414,8.217620473526473,0.971191961232172,17.016014384368773,30.35114976118457,21.199575390224695,9.941381725048224,9.311658653052843,9.7402192179456,1.3747755984559915,13.210334897155894,24.013932285059816,19.229098763838266,8.617525830392736,7.877339192726097,8.139653954499412,1.024534595140429,1.0,0.3,0.2,1.083180654,1.010795325,1.01727252,1.00863626,1.39136374,1.6,473.8070687,471.1152193,8.054073002,3.322414752,4.73165825,0.016998634,0.007012168,0.009986466,1915.54,342,1.0,0.0,0.9989163747012227,0.0010836252987764337,False
COOK:8200041,COOK:8200041,COOK:Niles Precinct 41,,,,,,,,,,0.480730529,0.092544403,0.086063101,0.339371187,0.012220761,0.000647316,0.3868,0.8578,0.1422,0.7829,0.0658,0.0082,0.0172,0.0771,0.08313527,0.076450885,0.12355032,0.137753305,0.104908381,0.113315845,0.186751716,0.12857313,0.04556115,0.030002331,0.015762808,0.022913761,0.022902142,0.018573609,0.011467992,0.0172018,6.12e-05,0.017205765,0.074265562,0.172690078,0.091407233,0.085782018,0.127035386,0.137129384,0.155598917,,0.080257817,0.262135922,206.0,0.133757962,157.0,0.416837782,487.0,53.7,101616,813,529,0.396180369,-0.487648686,0.785985269,0.326494055,0.294233242,0.255252752,0.400379745,-0.050531,0.294233242,complete,COOK,Niles Precinct 41,0,0,1,Niles,1,0,0,414,276,184,215,162,108,0.05286,17.03806850230511,47,0.78362,30.80005552559385,85,0.15362,21.668606595412516,60,0.00438,9.786351590067827,27,0.00126,7.137754948030797,20,0.00422,9.375110390058063,26,4e-05,1.4192225983726232,4,COOK:8200041,COOK:8200041,COOK:NILES PRECINCT 41,1.0,54.53603058,7.534265348,7.534265348,7.534265348,7.534265348,3.896321343,7.534265348,3.896321343,14.798620298977223,25.752655756319733,17.968345243466484,8.141171095403847,5.719166976995692,7.8672848256759575,0.9710746484034487,17.36200693507441,31.3210592670485,22.155500864902386,9.926884204293597,7.230454053021216,9.526317642181748,1.4125517637588165,13.205730082277057,24.25251710522005,19.59040430252859,8.419084433681993,6.013360535425376,7.789318306648896,1.0244172823117057,1.0,0.3,0.2,1.006301132,1.00039453,1.000631249,1.000315624,1.399684376,1.6,453.1768807,451.4990225,5.428950231,3.344886733,2.084063498,0.01197976,0.007380974,0.004598786,1718.02,276,1.0,0.0,0.38692833295716594,0.6130716670428641,False
COOK:8200042,COOK:8200042,COOK:Niles Precinct 42,,,,,,,,,,0.360076208,0.128114836,0.040723967,0.473111304,0.012204749,0.003389752,0.3729,0.8961,0.1039,0.8789,0.014,0.0,0.0,0.1061,0.041204343,0.07448538,0.10041125,0.230540806,0.087244686,0.215884539,0.086699815,0.123871829,0.039657352,0.003033689,0.024037951,0.021042618,0.025598636,1.58e-05,0.040571417,0.019538242,0.01955711,0.144246737,0.003044511,0.025614905,0.022700667,0.19241024,0.243532838,0.08725121,0.127803428,,0.066013609,0.288343558,163.0,-0.15942029,138.0,0.420654912,397.0,50.7,119619,738,458,0.335497561,-0.326776419,-0.243004449,0.338637549,-0.03176164,0.026088561,-0.085580242,-0.241847885,-0.03176164,complete,COOK,Niles Precinct 42,0,0,1,Niles,1,0,0,359,239,159,192,144,96,0.05844,16.74265331428757,40,0.77396,29.91374852380456,71,0.15078,20.769263303991874,50,0.00598,9.827406512089777,23,0.00454,9.217409157194712,22,0.00612,9.55134081481738,23,0.00018,1.399134912118125,3,COOK:8200042,COOK:8200042,COOK:NILES PRECINCT 42,1.0,68.05303826,4.514153185,4.514153185,4.514153185,4.514153185,4.862042628,4.514153185,4.514153185,14.801280096617234,25.509365407785467,17.608884898524842,8.33772474558904,7.589848716847337,8.218594097563626,0.9708203900456931,17.013567782586758,30.345233681429804,21.20163700663936,9.939041498868356,9.319654149332582,9.741323428155585,1.3743171832682364,13.208389879917068,24.009226756685784,19.23094395758695,8.615638083867188,7.884042275277021,8.140627578536565,1.02416302395395,1.0,0.3,0.2,1.547273234,1.130059398,1.208095036,1.104047518,1.295952482,1.6,763.4039969,762.8541916,11.49309032,3.832987262,7.660103056,0.015055057,0.005020916,0.010034141,2106.12,239,1.0,0.0,1.0000000000000007,0.0,False
COOK:8200043,COOK:8200043,COOK:Niles Precinct 43,,,,,,,,,,0.665752313,0.077454782,0.031479439,0.222211553,0.009803654,2.44e-06,0.2251,0.8956,0.1044,0.8153,0.0341,0.0025,0.0058,0.1422,0.192723113,0.104401843,0.09529117,0.103441091,0.172874398,0.097360585,0.146420183,0.032261743,0.055225874,0.035788676,0.014332714,1.34e-05,0.007188795,0.020475232,0.073621777,2.41e-05,0.050163997,0.025581321,0.087045071,0.072605691,0.169836693,0.213825734,0.074798695,0.062619374,0.09207867,,0.087065791,0.224043716,183.0,-0.298507463,134.0,0.234782609,575.0,47.4,91657,1030,446,0.425183525,-0.721472885,-0.73116914,-0.252680833,-0.4356701,-0.320034833,-0.517896961,-0.61392127,-0.4356701,complete,COOK,Niles Precinct 43,0,0,1,Niles,1,0,0,348,232,155,254,191,127,0.05786,16.732250160616573,39,0.77578,29.931151311241504,69,0.14998,20.83625457700252,48,0.00532,9.810060427219138,23,0.00452,9.151716015673243,21,0.00634,9.63201638708954,22,0.0002,1.358450614452253,3,COOK:8200043,COOK:8200043,COOK:NILES PRECINCT 43,1.0,80.88969863,2.221857468,2.221857468,2.221857468,2.221857468,5.779156566,2.221857468,2.221857468,14.804949216358215,25.51809782908515,17.605957837159824,8.340715996527802,7.577786297317435,8.217091385445565,0.971568615403753,17.01803109064423,30.35592771824735,21.198192481576122,9.942671816615995,9.305180909523994,9.739548301065266,1.3752224126077095,13.21205899965805,24.017959177985468,19.22801689622193,8.618629334805949,7.871979855747119,8.139124866418504,1.02491124931201,1.0,0.3,0.2,1.000034233,1.025598558,1.040957693,1.020478847,1.379521153,1.6,329.5563789,329.2821177,1.641967709,0.547745111,1.094222598,0.004982358,0.001662068,0.00332029,3205.16,232,1.0,0.0,0.9999999999999993,0.0,False
COOK:8200044,COOK:8200044,COOK:Niles Precinct 44,,,,,,,,,,0.43172485,0.108531602,0.067777591,0.384068796,0.024319771,0.00460176,0.4119,0.8952,0.1048,0.7441,0.0613,0.0361,0.0,0.1586,0.1055129,0.09744812,0.090344034,0.140910915,0.166123006,0.11790707,0.151120166,0.094615281,0.036018509,0.012846551,1.6e-05,2.3e-05,0.011210976,0.019220192,0.01600183,1e-06,0.030447908,0.008019099,0.035300399,0.08812546,0.081782014,0.084905496,0.182568062,0.165215678,0.264316308,,-0.017496845,0.288288288,222.0,-0.131428571,175.0,0.517094017,468.0,48.5,140350,849,543,-0.020271524,-0.327115687,-0.144759812,0.645440739,0.0258746,0.038323429,-0.010742048,-0.01748489,0.0258746,complete,COOK,Niles Precinct 44,0,0,1,Niles,1,0,0,425,283,189,214,161,107,0.0574,16.7493851787323,47,0.77364,29.928013775823718,85,0.1527,20.8558676141164,59,0.0055,9.781469536068176,28,0.00442,9.2019941608207,26,0.00626,9.58126754827716,27,8e-05,1.3638561225700079,4,COOK:8200044,COOK:8200044,COOK:NILES PRECINCT 44,1.0,65.68537936,4.985769939,4.985769939,4.985769939,4.985769939,4.692885471,4.985769939,4.692885471,14.802397602352308,25.51217626988942,17.607412608355016,8.339233454313641,7.585564004822289,8.21778615417584,0.9709986820884968,17.01508660425463,30.348979699626685,21.200121647848622,9.940969822905618,9.314606645245586,9.740459864310697,1.3745504460888338,13.209507385652142,24.012037618789737,19.229471667417123,8.617146792591788,7.879757563251973,8.139819635148779,1.0243413159967538,1.0,0.3,0.2,1.17894228,1.027915912,1.04466546,1.02233273,1.37766727,1.6,426.7157774,424.3679763,7.630105595,4.10847483,3.521630765,0.017881002,0.00962813,0.008252872,1899.63,283,1.0,0.0,0.9993928958005147,0.0006071041994850266,False
COOK:8200045,COOK:8200045,COOK:Niles Precinct 45,,,,,,,,,,0.553137521,0.082352916,0.076359032,0.284514825,0.0060603,0.002418727,0.4398,0.9471,0.0529,0.6902,0.0332,0.0,0.0001,0.2765,0.100848168,0.158856231,0.068325839,0.047949801,0.117197908,0.166870236,0.12730409,0.140410229,0.0722375,5.64e-05,0.005941435,6.41e-05,0.002983239,2.3e-05,0.002981824,7.85e-05,0.008943257,6.27e-05,0.085505443,0.091409951,0.206402302,0.1179484,0.070796778,0.182780646,0.22402203,,-0.173715163,0.474576271,118.0,0.0,122.0,0.378016086,373.0,56.5,120252,558,396,-0.685788778,0.81638959,0.316524909,0.202990004,0.2627603,0.162528931,0.293559496,-0.186411336,0.2627603,complete,COOK,Niles Precinct 45,0,0,1,Niles,1,0,0,309,206,137,136,102,68,0.04878,18.357805415720634,38,0.8717,33.11845806410124,68,0.07438,20.107467689496172,41,0.00224,9.119198471850407,19,0.00036,5.190715701004709,11,0.00252,9.531909342431517,20,2e-05,1.463419770294861,3,COOK:8200045,COOK:8200045,COOK:NILES PRECINCT 45,1.0,55.91431393,7.21922015,7.21922015,7.21922015,7.21922015,3.994792662,7.21922015,3.994792662,15.762355391886402,27.46205370882649,16.477557476879472,7.520449927187228,4.0900815723431,7.9634113021489945,0.9658300839612262,18.75243426294972,33.84083360719958,20.58636101395645,9.27735078885291,5.291979463416636,9.75908091460553,1.4267346792998639,14.169465175186236,25.96191505772681,18.09961653594158,7.798363265465374,4.384275130772783,7.885444783121933,1.0191727178694832,1.0,0.3,0.2,1.048309405,1.003114997,1.004983994,1.002491997,1.397508003,1.6,465.2706006,462.7525259,7.550292901,3.934382261,3.61591064,0.016227746,0.008456116,0.007771629,957.81,206,1.0,0.0,0.00023351855794913318,0.9997664814419719,False
COOK:8200047,COOK:8200047,COOK:Niles Precinct 47,,,,,,,,,,0.599453303,0.054200563,0.114352858,0.23351576,0.004643613,2.7e-06,0.3533,0.7981,0.2019,0.8325,0.0192,0.0133,0.0322,0.0937,0.148169347,0.149459725,0.117662576,0.058914545,0.162355061,0.071786639,0.136413067,0.101136535,0.054102506,0.014045064,6.76e-05,0.021037755,0.024544377,0.010524603,0.007073134,0.035084119,0.049142394,0.031606898,0.087693374,0.045685054,0.119316714,0.084239011,0.080716243,0.192805607,0.196418044,,-0.079738422,0.364485981,107.0,-0.111111111,108.0,0.34082397,267.0,48.9,116079,415,271,-0.285431487,0.140614236,-0.073450097,0.08467016,-0.012201158,-0.033399297,-0.020211318,-0.229346079,-0.012201158,complete,COOK,Niles Precinct 47,0,0,1,Niles,1,0,0,212,141,94,107,81,54,0.04144,19.529285630185246,28,0.93406,35.71389893128939,50,0.02158,17.087260580911988,24,0.0008,8.08936356916713,11,0.00018,4.601714883754859,6,0.00188,10.331835433112383,15,6e-05,1.4292697078328718,2,COOK:8200047,COOK:8200047,COOK:NILES PRECINCT 47,1.0,67.20329044,4.66589618,4.66589618,4.66589618,4.66589618,4.801332479,4.66589618,4.66589618,16.80428201025817,29.51692095984942,14.004911356520772,6.741796657140759,3.5783193098589328,8.616412541921935,0.9712977423013116,20.044902070653695,36.41692130772345,17.50812032137943,8.307544377699237,4.65474160437468,10.569314552524734,1.4332304959254434,15.211391793558002,28.016782308749736,15.626970415582878,7.019709995418905,3.8725128682886165,8.538446022894874,1.0246403762095686,1.0,0.3,0.2,1.117415381,1.000918428,1.001469485,1.000734742,1.399265258,1.6,224.0410356,224.0410356,1.263983275,0.0,1.263983275,0.005641749,0.0,0.005641749,912.46,141,1.0,0.0,0.0,0.9999999999999994,False
COOK:8200048,COOK:8200048,COOK:Niles Precinct 48,,,,,,,,,,0.409819132,0.126936635,0.104725399,0.345789806,0.011688353,0.001594641,0.2482,0.5338,0.4662,0.7856,0.065,0.0041,0.0368,0.0985,0.087131018,0.163577726,0.143156057,0.081599595,0.201036067,0.086711379,0.127448141,0.076419184,0.032920833,0.022653488,0.069178395,0.029333254,0.035940038,0.013312629,0.019979095,0.053267884,0.086497946,0.047934322,0.062591428,0.078550537,0.115901941,0.123794687,0.054581705,0.110551062,0.075931589,,0.166829581,0.358974359,78.0,-0.047619048,84.0,0.475308642,324.0,46.0,71326,689,378,0.764991168,0.10678184,0.149392762,0.512508291,0.321858675,0.383418515,0.275053524,-0.025664629,0.321858675,complete,COOK,Niles Precinct 48,0,0,1,Niles,1,0,0,296,197,131,188,141,94,0.04668,18.148170811453333,36,0.8675,33.05104348813225,65,0.08018,20.19422792672472,40,0.00222,9.140328529637243,18,0.00048,5.275921418780094,10,0.0029,9.709632089505984,19,4e-05,1.4475123509867387,3,COOK:8200048,COOK:8200048,COOK:NILES PRECINCT 48,1.0,53.31793233,7.81269576,7.81269576,7.81269576,7.81269576,3.809294434,7.81269576,3.809294434,15.572270946629878,27.299970626105992,16.57521481040273,7.522280839069926,4.17175989440213,8.021927778476478,0.97100251082589,18.53944904434401,33.682654642382126,20.738262836651298,9.292683373745081,5.401027208040919,9.845146643440938,1.4355509816763097,13.979380729929712,25.79983197500631,18.197273869464837,7.8001941773480725,4.465953452831814,7.9439612594494164,1.024345144734147,1.0,0.3,0.2,1.053636612,1.000694393,1.001111029,1.000555514,1.399444486,1.6,360.9581802,360.279786,3.576904345,1.567177644,2.009726701,0.00990947,0.004341715,0.005567755,2028.53,197,1.0,0.0,0.0005073449374621224,0.9994926550626724,False
COOK:8200049,COOK:8200049,COOK:Niles Precinct 49,,,,,,,,,,0.668410929,0.070167017,0.146703361,0.104693329,0.010034614,0.003640806,0.5989,0.9642,0.0358,0.6537,0.0646,0.0,0.0,0.2817,0.071311275,0.10798157,0.107755317,0.146786861,0.131612854,0.078937484,0.185773691,0.117782695,0.052058255,0.02206571,0.016993624,0.017008396,1.68e-05,0.01695869,0.113587887,0.018679636,0.072932559,0.000102209,3.77e-05,0.054376707,0.157692989,0.049241993,0.042432415,0.122177675,0.295694971,,-0.30320422,0.45686901,313.0,0.087837838,296.0,0.584302326,688.0,51.5,104847,919,808,-1.237434723,0.707695803,0.624815963,0.859251554,0.424807218,0.238582149,0.50205398,0.103121727,0.424807218,complete,COOK,Niles Precinct 49,0,0,1,Niles,1,0,0,632,421,281,208,156,104,0.0483,18.190576087705214,77,0.86702,33.04188332584758,139,0.07954,20.212594591632065,85,0.00196,9.10897045309488,38,0.00034,5.264374225426495,22,0.0028,9.694737432404688,41,4e-05,1.4630281101933835,6,COOK:8200049,COOK:8200049,COOK:NILES PRECINCT 49,1.0,48.74442936,8.858097743,8.858097743,8.858097743,8.858097743,3.482540964,8.858097743,3.482540964,15.575487124557949,27.30787861105017,16.571675278479226,7.525904919377076,4.160162334033656,8.020023293544625,0.9715752142609027,18.543805765695925,33.69329101193638,20.734312996759677,9.297392579122878,5.386697478096755,9.842974911129808,1.4362999875392388,13.982596907857783,25.80773995995049,18.193734337541333,7.803818257655223,4.45435589246334,7.942056774517563,1.0249178481691597,1.0,0.3,0.2,2.184557539,1.001195589,1.001912943,1.000956472,1.399043528,1.6,305.3115562,304.4757801,5.562354054,1.114594776,4.447759278,0.018218616,0.00365068,0.014567936,1298.27,421,1.0,0.0,0.0,1.0,False
COOK:8200005,COOK:8200005,COOK:Niles Precinct 5,,,,,,,,,,0.637645168,0.070921197,0.03051543,0.238072694,0.010901239,0.002178348,0.3721,0.7767,0.2233,0.8791,0.009,0.0,0.0057,0.1062,0.091161241,0.155544567,0.030490512,0.060016968,0.159882909,0.037647718,0.152721317,0.119735314,0.192799457,0.023104025,0.0598141,0.013826386,0.041450142,0.011511231,0.043792629,3.27e-05,0.029962791,0.023053242,0.013848383,0.17491192,0.101579162,0.046233374,0.094479793,0.087637697,0.23476245,,-0.153841975,0.102040816,98.0,-0.395348837,86.0,-0.019607843,255.0,64.3,90922,508,189,-0.601125534,-1.470372292,-1.07106058,-1.061977043,-1.098127367,-1.051133862,-1.10211271,-0.647063414,-1.098127367,complete,COOK,Niles Precinct 5,0,0,1,Niles,1,0,0,147,98,65,125,94,63,0.14108,19.462292683243188,19,0.63744,27.49047420796158,27,0.20226,21.155629234960227,21,0.0063,9.475570595276961,9,0.00528,8.929796117753666,9,0.0075,9.7455576081181,10,0.00014,1.1116094168491182,1,COOK:8200005,COOK:8200005,COOK:NILES PRECINCT 5,1.0,89.38594757,0.704647033,0.704647033,0.704647033,0.704647033,6.386170236,0.704647033,0.704647033,16.576423868720493,22.687579012040942,17.196057164527573,7.736194217127174,7.091331350699925,8.053426864484413,0.7129686724191004,19.819807191182566,27.922685136794836,21.548968392955604,9.575072755816386,9.051366419507822,9.90030839386402,1.1165664401594406,14.983533652020327,21.18744036094126,18.81811622358968,8.014107555405321,7.385524909129609,7.975460345457352,0.7663113063273574,1.0,0.3,0.2,1.079081637,1.178117422,1.284987876,1.142493938,1.257506062,1.6,170.5681327,170.5681218,1.310914699,0.327747831,0.983166868,0.007685578,0.001921507,0.005764071,1002.21,98,1.0,0.0,1.0000000000000007,0.0,False
COOK:8200051,COOK:8200051,COOK:Niles Precinct 51,,,,,,,,,,0.48744393,0.075446027,0.014032532,0.419861243,0.008616097,0.002154412,0.3051,0.5471,0.4529,0.8664,0.0557,0.0,0.0035,0.0581,0.043303995,0.273338052,0.109009095,0.089195033,0.204764751,0.089957584,0.098982931,0.068154938,0.023293621,0.054539501,0.00549017,0.016392237,0.005501338,0.002737289,0.030047665,0.030042761,0.07635825,0.016645427,0.002755256,0.008251732,0.281072972,0.207550032,0.054906558,0.106500634,0.101208178,,0.030689859,0.404255319,94.0,-0.056179775,89.0,0.303643725,247.0,45.1,97346,479,220,0.185012232,0.3847333,0.119346536,-0.033611918,0.157303468,0.163870037,0.148398767,-0.39096449,0.157303468,complete,COOK,Niles Precinct 51,0,0,1,Niles,1,0,0,173,115,77,122,92,61,0.05602,16.65908876206808,19,0.77722,29.97355977160937,34,0.14968,20.85140113974354,24,0.0057,9.790833725818704,11,0.00498,9.182661059169783,11,0.00634,9.584974423623791,11,6e-05,1.350118595447499,2,COOK:8200051,COOK:8200051,COOK:NILES PRECINCT 51,1.0,60.42257536,6.188730945,6.188730945,6.188730945,6.188730945,4.316884957,6.188730945,4.316884957,14.802209339283001,25.51145370252004,17.608617067564264,8.337995081755011,7.587291768085837,8.21849906228424,0.971050317279528,17.014568189691058,30.347543468364375,21.201144745965998,9.939290290087776,9.316509892801879,9.74113710178042,1.3745810415891655,13.209319122582835,24.011315051420357,19.23067612662637,8.615908420033158,7.881485326515521,8.140532543257178,1.024392951187785,1.0,0.3,0.2,1.150057032,1.060955254,1.097528406,1.048764203,1.351235797,1.6,188.5839829,188.5836189,1.450996188,0.363521877,1.087474311,0.007694165,0.001927639,0.005766525,1154.09,115,1.0,0.0,1.0,0.0,False
COOK:8200054,COOK:8200054,COOK:Niles Precinct 54,,,,,,,,,,0.599444062,0.097675452,0.029408518,0.25702637,0.011762734,0.008221429,0.4371,0.6786,0.3214,0.7346,0.0251,0.0,0.035,0.1819,0.08715278,0.130184524,0.031866213,0.218019322,0.11478177,0.161808243,0.089264166,0.078872001,0.088050981,0.055600041,4.53e-05,0.006991564,0.007021099,0.041668903,0.039438736,0.02101546,0.027847509,0.007033822,0.108847977,0.094980069,0.106728865,0.051226425,0.05810933,0.106880684,0.266564198,,-0.04426039,0.362068966,116.0,-0.402298851,87.0,0.285714286,336.0,50.8,95967,504,291,-0.134288889,0.125777695,-1.095453566,-0.090651115,-0.394770436,-0.298653969,-0.554130356,-0.142650406,-0.394770436,complete,COOK,Niles Precinct 54,0,0,1,Niles,1,0,0,228,152,101,119,90,60,0.05818,16.711243741315787,25,0.7724,29.92189489796222,45,0.15262,20.852573392570996,32,0.00586,9.789849574771429,15,0.005,9.168813481695379,14,0.00578,9.586786734027314,15,0.00016,1.357150032252569,2,COOK:8200054,COOK:8200054,COOK:NILES PRECINCT 54,1.0,79.95004677,2.389655,2.389655,2.389655,2.389655,5.712023232,2.389655,2.389655,14.804460502873654,25.516917983243957,17.606411922054715,8.340251496901608,7.579460502352614,8.217330265201888,0.971474437613632,17.017418963508167,30.35444924517084,21.198702831368212,9.942097320062484,9.30717939593571,9.739820443492405,1.3751065307428274,13.211570286173488,24.016779332144274,19.22847098111682,8.618164835179755,7.873654060782298,8.139363746174826,1.024817071521889,1.0,0.3,0.2,1.000613991,1.003279076,1.005246522,1.002623261,1.397376739,1.6,122.2929766,121.4451464,2.033852468,1.016920194,1.016932274,0.016630983,0.008315442,0.008315541,699.33,152,1.0,0.0,1.0000000000000004,0.0,False
COOK:8200055,COOK:8200055,COOK:Niles Precinct 55,,,,,,,,,,0.564017412,0.088228222,0.096909006,0.247045896,0.018873844,0.002521535,0.3016,0.938,0.062,0.7683,0.0268,0.0175,0.0,0.1744,0.22153139,0.145874206,0.062710901,0.114228954,0.078963754,0.203333144,0.091522603,0.063378228,0.018456821,0.018336896,1.03e-05,4.49e-05,6.3e-05,0.015669576,0.018268129,2.7e-05,0.010596084,4.19e-05,0.06521389,0.028855011,0.099273528,0.02882645,0.1304198,0.367715097,0.216638585,,0.023225839,0.308176101,159.0,-0.178294574,129.0,0.510971787,319.0,52.0,161470,463,345,0.153214206,-0.205036856,-0.30924894,0.625963996,0.019976787,0.066223101,-0.055117622,-0.3345368,0.019976787,complete,COOK,Niles Precinct 55,0,0,1,Niles,1,0,0,270,180,120,118,89,59,0.058,16.714293586733024,30,0.77428,29.87164496981024,54,0.1516,20.827393238818896,37,0.0055,9.808987392143239,18,0.00432,9.199154944304036,17,0.00622,9.63328733953533,17,8e-05,1.44376993307952,3,COOK:8200055,COOK:8200055,COOK:NILES PRECINCT 55,1.0,65.90980254,4.934471747,4.934471747,4.934471747,4.934471747,4.708919363,4.934471747,4.708919363,14.804193358481054,25.51662052389682,17.605325609854198,8.341370875531364,7.5789720686371345,8.216656024421688,0.971308998906941,17.01745075095991,30.35476467333172,21.197910392638274,9.943673577767068,9.306802468624662,9.739227194769416,1.3749456721896478,13.211303141780888,24.016481872797137,19.227384668916304,8.619284213809511,7.873165627066818,8.138689505394627,1.024651632815198,1.0,0.3,0.2,1.059658303,1.012690301,1.020304482,1.010152241,1.389847759,1.6,230.9754264,229.6442677,3.833561347,1.3441186,2.489442747,0.016597269,0.005819314,0.010777955,1102.66,180,1.0,0.0,1.0000000000000002,0.0,False
COOK:8200056,COOK:8200056,COOK:Niles Precinct 56,,,,,,,,,,0.639088013,0.072694084,0.021335622,0.260216893,0.004001048,0.001333905,0.3859,0.9688,0.0312,0.8617,0.0051,0.0,0.0,0.1332,0.26569111,0.086335003,0.044933097,0.135491966,0.115631453,0.081204118,0.097620509,0.070844988,0.102247755,0.057627828,5.92e-08,1.86e-05,6.66e-06,0.023919779,0.064645592,0.050576742,0.015482,0.004229413,0.092752198,0.028224493,0.109698537,0.161699487,0.073113816,0.032427455,0.28557738,,-0.107699285,0.354497354,189.0,-0.330357143,224.0,0.172173913,575.0,52.1,108166,957,521,-0.404549635,0.07930031,-0.842954353,-0.451858829,-0.448856098,-0.405015627,-0.536443844,-0.548569673,-0.448856098,complete,COOK,Niles Precinct 56,0,0,1,Niles,1,0,0,407,271,181,246,185,123,0.05754,16.727363434043347,45,0.77366,29.886276620936663,81,0.15202,20.814022594153137,56,0.00606,9.805135435285301,27,0.00442,9.155734939367989,25,0.00616,9.608649339047165,26,0.00014,1.284594964613101,3,COOK:8200056,COOK:8200056,COOK:NILES PRECINCT 56,1.0,81.17830595,2.17031966,2.17031966,2.17031966,2.17031966,5.799776088,2.17031966,2.17031966,14.804463698437601,25.516884757383227,17.60656618997319,8.340092730360997,7.579614930592208,8.217423528833697,0.9714884802645027,17.017379797018467,30.354326528367807,21.198825727841676,9.941878362669616,9.307339449573764,9.739906087435369,1.3751187773739852,13.211573481737435,24.016746106283545,19.228625249035296,8.618006068639144,7.873808489021892,8.139457009806636,1.0248311141727597,1.0,0.3,0.2,1.005897698,1.020863701,1.033381922,1.016690961,1.383309039,1.6,402.0659114,400.4147071,4.953593811,4.953468663,0.000125148,0.012320353,0.012320041,3.11e-07,2223.46,271,1.0,0.0,0.9999999999999994,0.0,False
COOK:8200057,COOK:8200057,COOK:Niles Precinct 57,,,,,,,,,,0.624225356,0.076040182,0.012483443,0.283315172,0.005245315,0.001310184,0.3787,0.9578,0.0422,0.7726,0.0655,0.0,0.0242,0.1371,0.116985497,0.145743296,0.066866355,0.150393126,0.11930617,0.153259255,0.110183276,0.062344614,0.074918411,0.015521039,0.020172801,0.02635924,0.031065917,4.59e-05,0.012505906,0.046520584,0.01713642,0.04030534,0.035741467,0.035751527,0.108755993,0.127267716,0.094744926,0.173883744,0.214221469,,0.076680791,0.19205298,151.0,-0.409395973,149.0,0.279850746,536.0,51.0,121631,923,538,0.380941615,-0.917843982,-1.120362867,-0.109304884,-0.591772978,-0.441642529,-0.727517045,-0.42916486,-0.591772978,complete,COOK,Niles Precinct 57,0,0,1,Niles,1,0,0,420,280,187,228,171,114,0.11994,18.894016121509267,53,0.6563,27.73507009742181,78,0.2032,21.170713965722083,59,0.00572,9.246889879472432,26,0.00412,8.55487101974502,24,0.01056,10.513234900869902,29,0.00016,1.1683136412123851,3,COOK:8200057,COOK:8200057,COOK:NILES PRECINCT 57,1.0,83.9017126,1.683989631,1.683989631,1.683989631,1.683989631,5.994349609,1.683989631,1.683989631,15.84432117668954,22.57688003070836,17.007464225343085,7.396522030363249,6.7008272681852095,8.503952873254633,0.7465579768396746,19.19297661671202,28.229370357581754,21.687972547950835,9.305581239523622,8.704827268169497,10.631482926227683,1.1825637741152593,14.251430959989374,21.076741379608677,18.62952328440519,7.6744353686413955,6.995020826614893,8.425986354227572,0.7999006107479316,1.0,0.3,0.2,1.001954723,1.000857594,1.00137215,1.000686075,1.399313925,1.6,540.7430966,537.5522629,5.342340304,2.670778787,2.671561517,0.009879627,0.00493909,0.004940537,2352.44,280,1.0,0.0,0.7797891859708873,0.22021081402911108,False
COOK:8200058,COOK:8200058,COOK:Niles Precinct 58,,,,,,,,,,0.553598115,0.065712938,0.032279588,0.34340548,0.01057242,0.001668846,0.3956,0.891,0.109,0.8137,0.0682,0.0,0.0166,0.0842,0.03315017,0.116298401,0.120205062,0.106359327,0.127552969,0.110458216,0.190439896,0.135140398,0.060395561,0.013358816,0.024212571,0.035057115,0.065290759,0.02660412,0.014563866,0.002537818,2.85e-05,0.042339127,0.052149992,0.214070214,0.063012391,0.088377075,0.130673422,0.088488846,0.139235322,,0.08802922,0.20754717,159.0,-0.37254902,153.0,0.3625,480.0,54.9,78883,887,523,0.4292879,-0.822734851,-0.991038351,0.153628444,-0.44974684,-0.307714215,-0.586411667,-0.323607,-0.44974684,complete,COOK,Niles Precinct 58,0,0,1,Niles,1,0,0,408,272,181,221,166,111,0.11514,18.179582660328002,49,0.5845,26.43895123374348,72,0.2738,22.13410845352802,60,0.00728,9.52447494008343,26,0.00766,9.617183706016629,26,0.01146,10.234659761614573,28,0.00016,1.2174801893104703,3,COOK:8200058,COOK:8200058,COOK:NILES PRECINCT 58,1.0,81.19755698,2.166881925,2.166881925,2.166881925,2.166881925,5.801151476,2.166881925,2.166881925,15.402913779243294,21.6937783165534,17.80067292639956,7.748402093677779,7.584557235533304,8.416069261537519,0.7463282079201742,18.500891116083363,26.89297537475433,22.506631150745857,9.674418787369977,9.749112185714857,10.43999907520563,1.1707470404066473,13.810023562543128,20.193639665453716,19.422731985461667,8.026315431955926,7.878750793962988,8.338102742510458,0.7996708418284312,1.0,0.3,0.2,1.001608299,1.001209794,1.001935671,1.000967836,1.399032164,1.6,464.6805458,463.2038053,3.938237557,1.47688391,2.461353647,0.00847515,0.003178278,0.005296873,2127.56,272,1.0,0.0,0.9995715690424437,0.0004284309575303339,False
COOK:8200006,COOK:8200006,COOK:Niles Precinct 6,,,,,,,,,,0.676670538,0.075658481,0.013177657,0.230514112,0.002007131,0.001131422,0.4573,0.9927,0.0073,0.7291,0.0394,0.0,0.0169,0.2132,0.159022836,0.121458545,0.065086411,0.113931685,0.088543569,0.09932969,0.177624925,0.132565182,0.042437157,0.009489251,0.001244602,0.015776185,0.007427588,0.026523872,0.017557683,0.009350831,0.021416603,0.001298943,0.044955164,0.125307259,0.054840831,0.127021296,0.063658205,0.124986516,0.349145171,,-0.083361496,0.47311828,186.0,-0.407035176,199.0,-0.168571429,700.0,57.3,139841,1092,504,-0.300866413,0.807439896,-1.112077001,-1.535877162,-0.616466229,-0.53534517,-0.731812595,-0.431959252,-0.616466229,complete,COOK,Niles Precinct 6,0,0,1,Niles,1,0,0,395,263,175,153,115,77,0.1215,18.530837051379013,49,0.59912,26.622244410164353,70,0.25386,21.88314813972433,58,0.00716,9.49438999990421,25,0.0071,9.430669773396199,25,0.01112,10.172782249022086,27,0.00014,1.161149551471703,3,COOK:8200006,COOK:8200006,COOK:NILES PRECINCT 6,1.0,84.30431114,1.61209594,1.61209594,1.61209594,1.61209594,6.023113222,1.61209594,1.61209594,15.694500796185988,21.942726388983594,17.65035220102441,7.746190301414403,7.458403561547283,8.32600341453391,0.7383814586723487,18.830757061729038,27.153212261740762,22.26717989403271,9.650657260398305,9.570175932435339,10.305155956315438,1.1576363636290832,14.101610579485822,20.442587737883912,19.272411260086518,8.02410363969255,7.752597119976967,8.248036895506848,0.7917240925806057,1.0,0.3,0.2,1.002055651,1.006171241,1.009873986,1.004936993,1.395063007,1.6,450.5790059,448.7821363,5.678326353,5.198590818,0.479735535,0.012602288,0.011537579,0.001064709,1786.31,263,0.999999998,0.0,1.0000000000000002,0.0,False
COOK:8200061,COOK:8200061,COOK:Niles Precinct 61,,,,,,,,,,0.484859798,0.102847523,0.060378756,0.34886389,0.012672052,0.000512594,0.352,0.8721,0.1279,0.7416,0.0433,0.0,0.0,0.1921,0.08935831,0.086238383,0.134705137,0.124544612,0.13624719,0.120642925,0.168990897,0.109070792,0.030201753,0.129384835,0.007043513,0.059088387,6.63e-05,0.060486203,0.005673566,0.028171908,0.015577578,0.026726959,0.122435416,0.000150119,0.084563999,0.171540646,0.106969137,0.065093805,0.11702764,,0.018889187,0.340659341,182.0,-0.089655172,145.0,0.380116959,513.0,50.6,88361,983,576,0.134739313,-0.005642587,0.001855422,0.209673543,0.071868034,0.085156423,0.055207834,-0.15081372,0.071868034,complete,COOK,Niles Precinct 61,0,0,1,Niles,1,0,0,450,300,200,265,199,133,0.05902,16.70050968961884,50,0.77338,29.936723682456844,90,0.1504,20.84675578980936,63,0.00584,9.801872974209521,29,0.00448,9.185926994243566,28,0.00678,9.598478756442523,29,0.0001,1.4289793355351759,4,COOK:8200061,COOK:8200061,COOK:NILES PRECINCT 61,1.0,63.89832154,5.394251971,5.394251971,5.394251971,5.394251971,4.565209301,5.394251971,4.565209301,14.802949573048993,25.513459529262132,17.607089095645456,8.339563230483936,7.583872244594767,8.217630545135357,0.9711212187035128,17.015725985255422,30.35049013943737,21.19969724821461,9.941350487647764,9.31255793405029,9.740257771491269,1.3746951641839313,13.210059356348827,24.01332087816245,19.229148154707563,8.617476568762083,7.878065803024451,8.139664026108296,1.0244638526117698,1.0,0.3,0.2,1.04422211,1.010502898,1.016804637,1.008402318,1.391597682,1.6,200.9131296,200.7648938,3.025491354,1.008229639,2.017261714,0.015058704,0.005018237,0.010040467,1695.32,300,1.0,0.0,1.0000000000000004,0.0,False
COOK:8200062,COOK:8200062,COOK:Niles Precinct 62,,,,,,,,,,0.394701973,0.131024205,0.076618691,0.383228909,0.012221721,0.001109655,0.5239,0.7057,0.2943,0.6642,0.0209,0.0,0.0,0.242,0.007254354,0.144346534,0.045490712,0.143248933,0.162408363,0.152313656,0.160414805,0.10889326,0.075629382,0.070709461,0.034223304,0.01825932,0.015991602,2.76e-05,0.038759546,0.022817483,0.022827615,1.93e-05,0.068554935,0.057180407,0.075425039,0.075367048,0.212158121,0.150674838,0.137004337,,0.077698532,0.573033708,89.0,-0.033333333,60.0,0.4921875,256.0,53.5,124946,517,296,0.385277369,1.420758143,0.199532408,0.566205258,0.624368799,0.642943295,0.535686621,0.297453049,0.624368799,complete,COOK,Niles Precinct 62,0,0,1,Niles,1,0,0,231,154,103,123,93,62,0.0461,18.12945626292518,28,0.8679,33.07161243137503,51,0.08082,20.251844803127376,31,0.00218,9.079275933221286,14,0.00044,5.343859467835512,8,0.00252,9.694231048831794,15,4e-05,1.4694598822539746,2,COOK:8200062,COOK:8200062,COOK:NILES PRECINCT 62,1.0,40.02717559,10.85066983,10.85066983,10.85066983,10.85066983,2.859737625,10.85066983,2.859737625,15.571902918019552,27.29894773127765,16.576072959630373,7.521399854751097,4.173563580018965,8.022418973896878,0.9709756690494062,18.53880951460165,33.68101480908822,20.739095495407184,9.291485211262874,5.403215311248079,9.845655298493025,1.435499090179636,13.979012701319386,25.798809080177968,18.19813201869248,7.799313193029244,4.467757138448649,7.9444524548698165,1.0243183029576632,1.0,0.3,0.2,1.026585133,1.000072071,1.000115314,1.000057657,1.399942343,1.6,207.0615884,205.2083596,2.78000405,2.038294488,0.741709563,0.013425977,0.009843904,0.003582072,940.52,154,1.0,0.0,0.0,1.0000000000000002,False
COOK:8200008,COOK:8200008,COOK:Niles Precinct 8,,,,,,,,,,0.79201388,0.064896297,0.075906973,0.067152701,0.017297506,0.0,0.4327,0.8777,0.1223,0.5629,0.048,0.0057,0.0198,0.3327,0.14135152,0.227654491,0.023839929,0.099689595,0.126512811,0.101193037,0.138391828,0.113074831,0.028291958,0.076155176,0.0,0.0,0.009520541,0.052388143,0.03808674,0.0,0.028602807,0.0,0.028607382,0.033360788,0.023812792,0.114283099,0.061922412,0.209506814,0.323753306,,-0.274448909,0.523809524,84.0,-0.046511628,86.0,0.346303502,257.0,53.8,157938,350,256,-1.114932088,1.118601701,0.153279557,0.102102279,0.191584027,0.064762862,0.209287366,-0.20538251,0.191584027,complete,COOK,Niles Precinct 8,0,0,1,Niles,1,0,0,200,133,89,84,63,42,0.04204,19.6171085543547,26,0.93446,35.70410825753611,47,0.02054,17.07590151579403,23,0.0008,8.137125944449492,11,0.00014,4.544747900433223,6,0.002,10.321156904435188,14,2e-05,1.4780075665318602,2,COOK:8200008,COOK:8200008,COOK:NILES PRECINCT 8,1.0,58.97942164,6.51860408,6.51860408,6.51860408,6.51860408,4.213778981,6.51860408,4.213778981,16.806911578840307,29.523018169873176,14.003432339185705,6.743303707287778,3.5703252291041707,8.615708728565783,0.9718868125128395,20.048006120299632,36.42426120963117,17.50611145471365,8.309341827950146,4.644760078161468,10.568346617269214,1.433947422255395,15.21402136214014,28.022879518773493,15.625491398247812,7.021217045565924,3.8645187875338545,8.537742209538722,1.0252294464210965,1.0,0.3,0.2,1.52666448,1.004726839,1.007562942,1.003781471,1.396218529,1.6,170.9915681,169.7355965,4.126763973,1.973669726,2.153094247,0.024134313,0.011542497,0.012591815,746.66,133,1.0,0.0,0.0,1.0,False
COOK:8200009,COOK:8200009,COOK:Niles Precinct 9,,,,,,,,,,0.858509597,0.051839066,0.012960569,0.074530515,0.003240318,7.73e-10,0.2889,0.9016,0.0984,0.7618,0.1122,0.0,0.0,0.126,0.052289308,0.012145983,0.027084524,0.029885192,0.08122987,0.099920292,0.128849666,0.197002163,0.371593003,0.190303629,0.015024935,0.031723484,0.026714728,0.031718692,0.110176325,0.060097813,0.073455237,0.011688961,0.043404298,0.043412684,0.120201737,0.091815784,0.08681051,0.02171354,0.041737643,,-0.216861514,0.380952381,126.0,-0.510791367,139.0,0.218461538,325.0,74.6,42331,528,264,-0.869599751,0.241691155,-1.476237893,-0.304603304,-0.662851262,-0.602187448,-0.837661351,-0.939147483,-0.662851262,complete,COOK,Niles Precinct 9,0,0,1,Niles,1,0,0,207,138,92,123,93,62,0.16132,20.536203503474624,28,0.67218,28.265066221919366,39,0.15142,20.328786348208755,28,0.00526,9.349557362485678,13,0.00396,8.291083523400554,11,0.0057,9.30796268055389,13,0.00016,1.1055107666085473,2,COOK:8200009,COOK:8200009,COOK:NILES PRECINCT 9,1.0,85.01276934,1.48558362,1.48558362,1.48558362,1.48558362,6.073728948,1.48558362,1.48558362,17.612246664755652,23.56642022439312,16.662322093093902,7.726075341798925,6.653048224018076,7.733375682826134,0.6838041608859655,20.966074897059848,28.819075931100087,20.7170216393967,9.489676340924362,8.441553588918694,9.431520551582892,1.069851781298068,16.019356448055486,22.066281573293438,18.28438115215601,8.003988680077072,6.94724178244776,7.655409163799073,0.7371467947942225,1.0,0.3,0.2,1.000003369,1.342764709,1.548423535,1.274211767,1.125788233,1.6,94.97731229,94.83208696,0.435675909,0.145225318,0.290450591,0.004587158,0.001529053,0.003058105,1091.12,138,0.999999991,0.0,1.0000000000000007,0.0,False
COOK:8300010,COOK:8300010,COOK:Northfield Precinct 10,,,,,,,,,,0.705464466,0.073926782,0.018890516,0.179428415,0.008577236,0.000859997,0.4494,0.8932,0.1068,0.8218,0.0293,0.0,0.0,0.1317,0.117527376,0.112653119,0.027432763,0.128060012,0.106354988,0.168485925,0.183325053,0.082150507,0.074010256,0.040249162,0.009585339,0.017237168,7.83e-05,2.21e-05,0.046011291,3.21e-05,2.86e-05,0.12054511,5.58e-05,0.045950816,0.09186793,0.093891233,0.030787244,0.107291719,0.396366068,,-0.163069375,0.488372093,129.0,-0.1,100.0,0.121281465,437.0,56.0,151705,695,425,-0.640435866,0.901073502,-0.034452597,-0.613763747,-0.03629635,-0.096894677,-0.023807934,-0.557437496,-0.03629635,complete,COOK,Northfield Precinct 10,0,0,0,Northfield,1,0,0,332,221,147,175,132,88,0.04248,19.682059888386267,43,0.93372,35.69272020898397,79,0.02042,17.03661912882736,38,0.0011,8.063103456131792,18,0.00032,4.508982745848379,10,0.00192,10.290646500557589,23,4e-05,1.4571121267294713,3,COOK:8300010,COOK:8300010,COOK:NORTHFIELD PRECINCT 10,1.0,68.24675456,4.479560461,4.479560461,4.479560461,4.479560461,4.875882671,4.479560461,4.479560461,16.93166153601546,29.626159757059398,13.94073903263402,6.739612673031353,3.5232403325181565,8.578010940169783,0.9681077076796969,20.18574683742846,36.520293361914774,17.410541545870313,8.296807264896046,4.581895078534318,10.511851340437907,1.4276393011988697,15.338771319315294,28.126021105959715,15.562798091696127,7.017526011309499,3.8174338909478402,8.500044421142722,1.021450341587954,1.0,0.3,0.2,1.000000945,1.000004079,1.000006526,1.000003263,1.399996737,1.003778087,323.8008237,323.2062236,1.15609373,0.802160566,0.353933164,0.003570385,0.002477327,0.001093058,1596.58,221,1.0,0.0,0.0,0.9999999999999994,False
COOK:8300012,COOK:8300012,COOK:Northfield Precinct 12,,,,,,,,,,0.854216342,0.037090513,0.008951227,0.078015216,0.010864101,0.000642056,0.5273,0.8263,0.1737,0.5398,0.0881,0.0,0.1155,0.2053,0.216607475,0.106153112,0.056140713,0.079477837,0.185115958,0.099986742,0.107777743,0.093837934,0.054902485,0.013572731,0.014796633,0.028376604,0.001265869,0.011109416,2.53e-05,0.013633184,0.028365818,0.035805942,0.034596886,0.028401208,0.104939778,0.055537845,0.092587564,0.140668863,0.396316375,,-0.340978038,0.572016461,243.0,-0.301470588,272.0,-0.020277481,937.0,50.7,163146,1258,799,-1.398357769,1.414513901,-0.741569043,-1.064107372,-0.381701198,-0.447380071,-0.440538993,-0.034349193,-0.381701198,complete,COOK,Northfield Precinct 12,0,0,0,Northfield,1,0,0,624,416,277,302,227,151,0.04304,19.611211781505432,82,0.93178,35.64849411405011,148,0.02158,17.057601143856647,71,0.00114,8.16976865538037,34,0.0002,4.568890605243445,19,0.00226,10.24401060030945,43,0.0,1.4485090408300259,6,COOK:8300012,COOK:8300012,COOK:NORTHFIELD PRECINCT 12,1.0,79.63512287,2.445892268,2.445892268,2.445892268,2.445892268,5.689523524,2.445892268,2.445892268,16.80716270650297,29.523280063412614,14.004521621249985,6.742181363435606,3.570856003441738,8.616383614408475,0.9720481475151352,20.04788757529277,36.42375399753811,17.507023352010865,8.307747595194158,4.645310577971788,10.568943973818552,1.4341076584544297,15.214272489802804,28.02314141231293,15.626580680312092,7.020094701713752,3.865049561871422,8.538417095381414,1.0253907814233922,1.0,0.3,0.2,1.00036095,1.000009719,1.00001555,1.000007775,1.399992225,1.078151947,456.5389704,455.7694794,3.457300836,1.536608444,1.920692391,0.007572849,0.003365777,0.004207072,2439.82,416,1.0,0.0,0.0,0.9991908938983385,False
COOK:8300013,COOK:8300013,COOK:Northfield Precinct 13,,,,,,,,,,0.686532359,0.043934632,0.007901563,0.250366131,0.006758821,0.002250785,0.5475,0.9531,0.0469,0.7855,0.075,0.0,0.0,0.1369,0.182032013,0.101202522,0.052438004,0.170088843,0.143497221,0.109537971,0.18383732,0.048890286,0.008475819,2.65e-05,0.016525604,0.016521188,0.005525533,0.066021212,1.74e-05,0.030300528,0.052257232,0.0,0.093598347,0.013898214,0.008489695,0.052356447,0.046910086,0.143134065,0.454417968,,-0.332134283,0.591836735,98.0,-0.032786885,122.0,0.0,466.0,47.9,184077,703,418,-1.360681832,1.536178152,0.201450318,-0.999598314,0.000550296,-0.155662919,0.071972943,-0.424835618,0.000550296,complete,COOK,Northfield Precinct 13,0,0,0,Northfield,1,0,0,327,218,145,160,120,80,0.04044,19.591610483062656,43,0.935,35.632734851043566,78,0.02146,16.99196587114376,37,0.00092,8.138539327623628,18,0.00018,4.541046803709907,10,0.002,10.313800799863216,22,0.0,1.4604534950854355,3,COOK:8300013,COOK:8300013,COOK:NORTHFIELD PRECINCT 13,1.0,66.64105302,4.767324004,4.767324004,4.767324004,4.767324004,4.761163481,4.767324004,4.761163481,16.804687315094718,29.51735179756806,14.006638062293556,6.7400175015645845,3.5791429964222563,8.617482872782386,0.9715554519219118,20.044721422564592,36.41613373495758,17.509563885233174,8.305016418211395,4.655591426947749,10.570261046877132,1.4334867954890296,15.21179709839455,28.01721314646838,15.628697121355662,7.017930839842731,3.87333655485194,8.539516353755324,1.0248980858301688,1.0,0.3,0.2,1.000000033,1.000000047,1.000000075,1.000000037,1.399999963,1.000044202,166.9579569,166.8353799,0.371853182,0.008244036,0.363609147,0.002227226,4.94e-05,0.002177849,897.85,160,0.962138441,0.0,0.0,0.9999999999999998,False
COOK:8300019,COOK:8300019,COOK:Northfield Precinct 19,,,,,,,,,,0.837922325,0.03076394,0.014125324,0.112181672,0.002504202,1.04e-06,0.6128,0.7707,0.2293,0.699,0.1099,0.0,0.0,0.191,0.071913135,0.084998666,0.1600132,0.09190951,0.07048311,0.215734101,0.142024814,0.132241481,0.030681983,0.024142243,0.008059423,0.008075123,0.00806854,0.025509657,0.004021219,0.032184409,0.036221078,3.89e-05,0.085826043,0.021496783,0.089922768,0.057723917,0.091272309,0.305807246,0.201630352,,-0.279430206,0.448717949,156.0,-0.03030303,198.0,0.087440382,629.0,53.8,151216,917,629,-1.136153281,0.657661543,0.21016809,-0.721422898,-0.112804499,-0.247436636,-0.021283554,-0.417772384,-0.112804499,complete,COOK,Northfield Precinct 19,0,0,0,Northfield,1,0,0,492,328,219,201,151,101,0.04022,19.596892307928538,64,0.93594,35.6682770978248,117,0.02056,17.06071179318428,56,0.0009,8.127253029886214,27,0.0002,4.59470755320344,15,0.00218,10.259005998970025,34,0.0,1.5050447058271368,5,COOK:8300019,COOK:8300019,COOK:NORTHFIELD PRECINCT 19,1.0,71.33093902,3.928804843,3.928804843,3.928804843,3.928804843,5.096231926,3.928804843,3.928804843,16.80663923048573,29.522053720658196,14.004864265176938,6.741831738699124,3.5724981157257885,8.616552799765197,0.9719349964611592,20.047253402762433,36.422245531927075,17.507466495264183,8.307320594219359,4.647356484560241,10.56916368372794,1.4339685378194407,15.213749013785565,28.021915069558514,15.626923324239044,7.019745076977271,3.866691674155472,8.538586280738135,1.0252776303694162,1.0,0.3,0.2,1.000247121,1.000039136,1.000062617,1.000031308,1.399968692,1.297602344,192.3042364,191.9805891,1.4564127,0.647294533,0.809118167,0.007573482,0.003365992,0.00420749,1392.42,328,1.0,0.0,0.0,0.9999999999999999,False
COOK:8300020,COOK:8300020,COOK:Northfield Precinct 20,,,,,,,,,,0.762725885,0.022303758,0.010702401,0.190888623,0.005353317,5.21e-07,0.5562,0.666,0.334,0.6898,0.1975,0.0061,0.0118,0.0947,0.055769516,0.070843672,0.059652095,0.080335498,0.064494252,0.163111308,0.093096979,0.17735452,0.235342159,0.039730212,0.012081451,0.020714731,0.022437447,0.008643562,0.008637102,0.012089601,0.031082207,2.49e-05,0.075983385,0.098391126,0.153626095,0.088040602,0.101886295,0.086390575,0.240240737,,-0.461731679,0.438596491,171.0,-0.11409396,149.0,0.026086957,575.0,66.0,104702,767,545,-1.91278932,0.59553225,-0.083919226,-0.916607481,-0.396558935,-0.579445944,-0.297453591,-0.447100049,-0.396558935,complete,COOK,Northfield Precinct 20,0,0,0,Northfield,1,0,0,426,284,189,191,144,96,0.05218,21.874681157394843,62,0.93768,37.16981702995572,106,0.00888,15.318215459363346,44,0.00034,7.915410979215593,22,0.0001,3.3852679604686804,10,0.00078,9.333529866087916,27,4e-05,1.285376875111432,4,COOK:8300020,COOK:8300020,COOK:NORTHFIELD PRECINCT 20,1.0,79.9925803,2.382059611,2.382059611,2.382059611,2.382059611,5.715062035,2.382059611,2.382059611,19.010870327401523,31.382568888671045,12.87052426493273,6.715406618168863,2.6576992866235605,7.9359130214223885,0.9083655162284153,22.45613903932101,38.16015365728072,15.821147567219056,8.141296979571845,3.4537584315737644,9.57327772200166,1.3290013333126225,17.417980110701357,29.882430237571363,14.492583323994836,6.99331995644701,2.9518928450532442,7.857946502395327,0.9617081501366723,1.0,0.3,0.2,1.000001084,1.000000016,1.000000025,1.000000013,1.399999987,1.000095255,876.3714705,875.4340342,3.748940317,0.469269294,3.279671024,0.004277798,0.000535468,0.00374233,2282.79,276,0.995922342,0.0,0.0,0.997559405938834,False
COOK:8300021,COOK:8300021,COOK:Northfield Precinct 21,,,,,,,,,,0.877096371,0.025897658,0.00647462,0.072572793,0.012926949,4.69e-06,0.4925,0.8434,0.1566,0.6557,0.1064,0.0,0.0031,0.2083,0.148382856,0.176025644,0.053721728,0.086728138,0.137188113,0.14150737,0.157487495,0.057994372,0.040964285,0.007901354,0.009462338,0.003165083,0.040970973,0.102418435,0.009481958,0.004729433,0.031525971,0.0221785,0.01577461,0.048887874,0.041052062,0.071012154,0.102462073,0.105647832,0.383329348,,-0.271789928,0.339712919,209.0,-0.347639485,233.0,-0.013398295,821.0,52.7,147311,1143,745,-1.103604365,-0.011452079,-0.903611486,-1.042222514,-0.745223323,-0.765222611,-0.772901098,-0.501522919,-0.745223323,complete,COOK,Northfield Precinct 21,0,0,0,Northfield,1,0,0,582,388,259,274,206,137,0.10738,21.28548812133682,83,0.83342,32.417172187386875,126,0.05214,18.130746308757686,70,0.00132,7.771703147019593,30,0.00032,4.775250072034607,19,0.00528,11.089424519278628,43,0.00014,1.282205305480576,5,COOK:8300021,COOK:8300021,COOK:NORTHFIELD PRECINCT 21,1.0,86.1303985,1.28600394,1.28600394,1.28600394,1.28600394,6.153577854,1.28600394,1.28600394,17.40697072421171,25.703354856908756,14.197739485245458,6.151397708746332,3.571538514014172,8.814590450550225,0.7471813952994224,21.729785746667797,33.1342860575361,18.683738964014022,7.95381114946267,4.874998813791191,11.33255993283105,1.2255940659778397,15.814080507511543,24.203216205809074,15.819798544307565,6.429311047024479,3.8657320724438557,8.736623931523164,0.8005240292076794,1.0,0.3,0.2,1.000010689,1.00004006,1.000064096,1.000032048,1.399967952,1.074024491,547.9924196,547.507939,0.968961239,0.726720929,0.24224031,0.001768202,0.001326151,0.00044205,2098.77,388,1.0,0.0,0.0,0.9999999999999994,False
COOK:8300023,COOK:8300023,COOK:Northfield Precinct 23,,,,,TRUE,,,,,0.913168374,0.017187297,2.36e-05,0.064364199,0.002635285,2.22e-06,0.6516,0.9525,0.0475,0.5468,0.0674,0.0,0.0041,0.3661,0.081282091,0.102144252,0.040622641,0.06704795,0.097710082,0.233713014,0.149272373,0.142633254,0.085574341,0.042721895,0.005695177,0.005734644,0.005722384,0.017093271,0.005733722,3.69e-05,0.005701945,3.59e-05,0.048445428,0.019952337,0.059961926,0.01998087,0.051332456,0.102546352,0.609304867,,-0.392151263,0.552941176,85.0,-0.482758621,116.0,-0.312217195,442.0,57.4,217939,608,351,-1.616364624,1.297422671,-1.37784926,-1.99285962,-0.898561172,-0.922412708,-0.989648482,-0.398123681,-0.898561172,complete,COOK,Northfield Precinct 23,0,0,0,Northfield,1,0,0,275,183,122,139,105,70,0.19022,22.41451014775321,41,0.55816,28.073450884951683,51,0.24646,23.508372495498065,43,0.00108,6.023404379619604,11,0.0008,5.926113712073203,11,0.00318,8.765949581942307,16,0.0001,2.1786301312834353,4,COOK:8300023,COOK:8300023,COOK:NORTHFIELD PRECINCT 23,1.0,87.80676646,0.986647958,0.986647958,0.986647958,0.986647958,6.273345797,0.986647958,0.986647958,17.709575313848998,21.559222779950407,17.642026641085213,4.547922394882898,4.245167472901998,6.721179570926015,1.5385351547860429,22.909551972539003,28.699397909113525,24.109017522620704,6.100498507426405,5.973685266528037,8.929687971966437,2.2129355800865596,16.11668509714883,20.059084128850724,19.26408570014732,4.825835733161044,4.539361031331682,6.643213051898954,1.5918777886942999,1.0,0.3,0.2,1.000130694,1.00000017,1.000000271,1.000000136,1.399999864,1.001400931,230.8787359,230.3236526,1.321163197,0.547584943,0.773578253,0.005722325,0.002371743,0.003350583,826.91,183,1.0,0.0,0.0,0.00027483501041980154,True
COOK:8300024,COOK:8300024,COOK:Northfield Precinct 24,,,,,,,,,,0.794070342,0.030805856,0.015917978,0.147500183,0.008510317,0.001060749,0.4975,0.6921,0.3079,0.5621,0.1725,0.0,0.0,0.2573,0.160718442,0.172071403,0.048489023,0.092056342,0.124399999,0.171991619,0.118858542,0.03962514,0.071789488,0.004702836,0.009382256,0.018736769,0.084374557,0.185192802,1.78e-05,8.9e-06,5.93e-05,0.009488757,5.66e-05,0.046948893,0.028216698,0.039999808,0.068137111,0.103265527,0.401411333,,-0.194159958,0.517857143,112.0,-0.142857143,112.0,-0.02016129,496.0,52.7,152264,693,460,-0.772887167,1.082063761,-0.184871529,-1.063737732,-0.176056603,-0.234858167,-0.166059275,-0.354001386,-0.176056603,complete,COOK,Northfield Precinct 24,0,0,0,Northfield,1,0,0,360,240,160,175,132,88,0.04364,19.591730496047678,47,0.9318,35.67180742829539,86,0.02142,17.060751874947005,41,0.0008,8.080360515281647,19,0.0002,4.48833819652354,11,0.0021,10.395351586653941,25,4e-05,1.4061557239594242,3,COOK:8300024,COOK:8300024,COOK:NORTHFIELD PRECINCT 24,1.0,73.62488042,3.519166206,3.519166206,3.519166206,3.519166206,5.260122344,3.519166206,3.519166206,16.806119747381388,29.520819812085747,14.005269278721403,6.741417910250233,3.574196049117872,8.616759884315105,0.9718282575590895,20.04660215341383,36.42068477195908,17.507964544636174,8.306803597430715,4.649466193962372,10.569418144295145,1.4338353245833568,15.213229530681222,28.020681160986065,15.62732833778351,7.019331248528379,3.868389607547556,8.538793365288043,1.0251708914673465,1.0,0.3,0.2,1.0000704,1.000045486,1.000072778,1.000036389,1.399963611,1.321050442,249.4046776,249.4046776,0.0,0.0,0.0,0.0,0.0,0.0,1099.55,240,1.0,0.0,0.0,1.0,False
COOK:8300025,COOK:8300025,COOK:Northfield Precinct 25,,,,,,,,,,0.570538838,0.195103697,0.030029762,0.199004162,0.002665307,1.14e-06,0.3764,0.8356,0.1644,0.7665,0.0861,0.0,0.0,0.1301,0.130585925,0.174208483,0.086762682,0.133347287,0.115770681,0.10445859,0.11721924,0.099507797,0.038139315,0.038449109,4.04e-05,0.010146241,0.042457713,3.84e-05,0.046505427,1.63e-05,0.026302401,0.05662484,0.04253967,0.038428982,0.042583229,0.103215413,0.139583364,0.141668866,0.271399668,,-0.249544506,0.418181818,110.0,-0.285714286,126.0,0.102974828,437.0,48.6,134430,679,442,-1.008834991,0.470219356,-0.686267967,-0.672002929,-0.44196493,-0.474221633,-0.484374197,-0.265065697,-0.44196493,complete,COOK,Northfield Precinct 25,0,0,0,Northfield,1,0,0,345,230,153,164,123,82,0.04162,19.581762281812644,45,0.93436,35.624610423977266,82,0.02074,17.005975808900637,39,0.00076,8.158720020175036,19,8e-05,4.561462178929576,10,0.0024,10.372853768973307,24,4e-05,1.4133730258366584,3,COOK:8300025,COOK:8300025,COOK:NORTHFIELD PRECINCT 25,1.0,81.02832719,2.197101989,2.197101989,2.197101989,2.197101989,5.789060871,2.197101989,2.197101989,16.805292216827183,29.51891119821984,14.00569559076721,6.740983912919335,3.5766706390976712,8.616957772866435,0.9716395339094528,20.045638522875418,36.41841336902191,17.50856162236812,8.306294108001268,4.652559503442271,10.569700811220567,1.4336067933511218,15.21240200012702,28.018772547120157,15.627754649829317,7.018897251197481,3.870864197527355,8.538991253839374,1.0249821678177098,1.0,0.3,0.2,1.000000381,1.000002368,1.000003789,1.000001895,1.399998105,1.001498119,320.9546796,318.4686552,3.48109863,0.994418695,2.486679935,0.010846075,0.003098315,0.00774776,1252.3,230,1.0,0.0,0.0,0.9999999999999994,False
COOK:8300030,COOK:8300030,COOK:Northfield Precinct 30,,,,,,,,,,0.889661019,0.026998243,0.010117714,0.056377688,0.008987366,0.001125379,0.4684,0.8667,0.1333,0.5216,0.1828,0.0,0.0106,0.2828,0.158796272,0.187151351,0.065650093,0.070266686,0.101685139,0.168812751,0.175602668,0.0527786,0.019256442,0.007225405,3.38e-05,0.00240346,0.021541198,0.06451726,9.12e-05,3.96e-05,2.9e-07,0.10275051,0.033483196,0.043116834,0.057390879,0.083755906,0.064585991,0.071802578,0.447261868,,-0.362284761,0.606741573,178.0,-0.402985075,201.0,-0.022364217,626.0,53.8,163276,817,576,-1.489128122,1.627669619,-1.097862058,-1.070745937,-0.468390018,-0.507516624,-0.586459105,-0.472402813,-0.468390018,complete,COOK,Northfield Precinct 30,0,0,0,Northfield,1,0,0,450,300,200,193,145,97,0.10602,21.2158871245978,64,0.83516,32.4233399995468,97,0.05178,18.255425338890817,55,0.00144,7.728365585932997,23,0.00044,4.808344218752108,14,0.0051,11.113118454833662,33,6e-05,1.2040727149058528,4,COOK:8300030,COOK:8300030,COOK:NORTHFIELD PRECINCT 30,1.0,81.59348399,2.096179594,2.096179594,2.096179594,2.096179594,5.829438442,2.096179594,2.096179594,17.40718175226597,25.70387823526634,14.197489959536902,6.151653283958088,3.57075936999354,8.81445506695512,0.7472174973154303,21.73009559724659,33.1350327405273,18.683448947829874,7.954158263166065,4.873992516444261,11.33240291985928,1.2256437452073001,15.814291535565806,24.20373958416666,15.819549018599009,6.429566622236234,3.864952928423224,8.736488547928058,0.8005601312236873,1.0,0.3,0.2,1.000026947,1.000011709,1.000018735,1.000009367,1.399990633,1.067732734,402.8270423,402.8267547,0.001978396,0.000531536,0.001446861,4.91e-06,1.32e-06,3.59e-06,1524.66,300,1.0,0.0,0.0,1.0000000000000004,False
COOK:8300031,COOK:8300031,COOK:Northfield Precinct 31,,,,,,,,,,0.839607617,0.055223063,0.006905356,0.089815647,0.007667029,0.001536561,0.4163,0.9116,0.0884,0.6504,0.1133,0.0,0.0006,0.1607,0.176953146,0.172152292,0.094316125,0.109414007,0.147385541,0.093531795,0.085799555,0.087730615,0.032716924,7.06e-05,1.77e-06,0.001510535,0.014978411,0.011969499,0.007541128,0.112117125,0.003008185,0.073240299,0.028538737,0.040409307,0.163081406,0.006214798,0.079332168,0.101714246,0.356271789,,-0.206013338,0.433070866,127.0,-0.253012048,166.0,-0.087323944,710.0,46.4,136760,973,595,-0.823384631,0.561613899,-0.571490467,-1.277403304,-0.50247671,-0.527666126,-0.511241578,-0.366493713,-0.50247671,complete,COOK,Northfield Precinct 31,0,0,0,Northfield,1,0,0,465,310,207,241,181,121,0.10574,21.247168076697374,66,0.834,32.4557587681695,101,0.05314,18.214475293881115,56,0.00138,7.773807761399193,24,0.00048,4.7826873329675195,15,0.00514,11.107805566149162,34,0.00012,1.1465598498248537,4,COOK:8300031,COOK:8300031,COOK:NORTHFIELD PRECINCT 31,1.0,82.28382077,1.972903291,1.972903291,1.972903291,1.972903291,5.878759486,1.972903291,1.972903291,17.406719812604308,25.702756673100737,14.197943568489515,6.151189122152826,3.5723675186143016,8.814695575330767,0.747130562629733,21.72945302035302,33.13348761587855,18.68399887321744,7.953537059466555,4.876077160052176,11.332693594323178,1.2255274069897535,15.813829595904142,24.202618022001054,15.820002627551622,6.429102460430973,3.8665610770439853,8.736729056303705,0.80047319653799,1.0,0.3,0.2,1.000294927,1.000001851,1.000002961,1.000001481,1.399998519,1.015037245,335.7950131,334.6095893,1.39543873,0.239996823,1.155441907,0.004155627,0.000714712,0.003440914,2111.52,310,1.0,0.0,0.0,0.022181501636137396,False
COOK:8300035,COOK:8300035,COOK:Northfield Precinct 35,,,,,,,,,,0.832084247,0.029302395,0.012684376,0.106413096,0.002931313,0.000976102,0.584,0.9675,0.0325,0.6613,0.0808,0.0,0.008,0.2498,0.092244366,0.175544882,0.073882757,0.080696837,0.178911443,0.1464731,0.157923667,0.061750056,0.032572892,3.06e-05,4.03e-06,1.21e-05,1.09e-05,1.85e-05,0.018584911,5.39e-05,0.00413178,3.97e-05,0.020685354,0.035115501,0.033158522,0.004143675,0.14866407,0.132192026,0.603154497,,-0.316300427,0.352380952,105.0,-0.127819549,133.0,-0.156626506,581.0,50.9,217102,838,486,-1.293226846,0.066309043,-0.132092956,-1.497876597,-0.59810845,-0.714221839,-0.481682674,-0.454482695,-0.59810845,complete,COOK,Northfield Precinct 35,0,0,0,Northfield,1,0,0,380,253,169,201,151,101,0.1865,22.10021659752401,56,0.54328,27.788993394583017,70,0.26536,23.790714421714096,60,0.00094,6.0249306284456345,15,0.0008,6.083679072310373,15,0.00294,8.876478057985766,22,0.00018,2.198049231393478,6,COOK:8300035,COOK:8300035,COOK:NORTHFIELD PRECINCT 35,1.0,84.00675702,1.665231414,1.665231414,1.665231414,1.665231414,6.001854497,1.665231414,1.665231414,17.406445640856326,21.302129911625826,17.798063352268144,4.551067415383775,4.373164813105074,6.814748197037757,1.5470662035686995,22.55039015667205,28.413702635973216,24.381814419514587,6.120152789652634,6.161532059683857,9.07761408000777,2.2295685887765377,15.813555424156158,19.801991260526144,19.42012241133025,4.828980753661922,4.667358371534758,6.736781678010695,1.6004088374769565,1.0,0.3,0.2,1.001567155,1.000000978,1.000001565,1.000000782,1.399999218,1.011902689,484.361179,482.6557564,1.705641471,0.000156031,1.70548544,0.003521425,3.22e-07,0.003521103,1445.71,253,0.999999319,0.0,0.0,0.0,True
COOK:8300037,COOK:8300037,COOK:Northfield Precinct 37,,,,,TRUE,,,,,0.860257946,0.03065139,0.005413992,0.097357431,0.000904086,1.18e-06,0.5526,0.9204,0.0796,0.634,0.0742,0.0,0.006,0.2629,0.134430091,0.139489655,0.038042803,0.149583593,0.110986625,0.194672842,0.133792315,0.05776073,0.041241348,0.038570256,0.004830571,0.043381889,0.004830571,0.019313121,0.028917674,0.012851915,2.53e-06,0.032126467,0.049841174,0.020904546,0.171907317,0.014490763,0.088382686,0.083645993,0.386002531,,-0.260122417,0.44966443,149.0,-0.28342246,187.0,0.026143791,612.0,52.3,141415,903,590,-1.053898735,0.663471397,-0.678224173,-0.916426675,-0.45870209,-0.496269546,-0.495093015,-0.377271539,-0.45870209,complete,COOK,Northfield Precinct 37,0,0,0,Northfield,1,0,0,461,307,205,209,157,105,0.18534,22.10155123364499,68,0.54306,27.820033078303176,85,0.26704,23.83879488321205,73,0.0007,6.05375667388116,19,0.00078,6.0676465606947465,19,0.00296,8.876804316118617,27,0.00012,2.1972448317227777,7,COOK:8300037,COOK:8300037,COOK:NORTHFIELD PRECINCT 37,1.0,81.38939853,2.132623982,2.132623982,2.132623982,2.132623982,5.814857577,2.132623982,2.132623982,17.406620291665696,21.302510995457,17.79805683645599,4.551073129275583,4.372730326671777,6.814756763659981,1.547113160449342,22.550574177426565,28.41415674831177,24.38174107805051,6.120144486327955,6.1609280649063205,9.077603302598408,2.229626872659152,15.813730074965529,19.802372344357316,19.420115895518098,4.8289864675537295,4.666923885101461,6.736790244632919,1.600455794357599,1.0,0.3,0.2,1.00030615,1.000000083,1.000000134,1.000000067,1.399999933,1.000889136,202.4356112,202.0365923,1.330063148,0.665031574,0.665031574,0.006570302,0.003285151,0.003285151,823.12,307,1.0,0.0,0.0,0.0,True
COOK:8300038,COOK:8300038,COOK:Northfield Precinct 38,,,,,,,,,,0.761446514,0.067802075,0.027111859,0.124433575,0.010174724,0.00338899,0.4909,0.9397,0.0603,0.6975,0.0603,0.0,0.0061,0.1863,0.117849054,0.148422118,0.071783921,0.118766292,0.115885277,0.116924791,0.19824284,0.076625427,0.035500279,7.79e-05,0.021574992,4.06e-05,0.024245986,0.013455178,0.024292585,0.013509181,0.078069089,0.027055089,0.02154199,0.051201522,0.056661772,0.121236818,0.088897976,0.059333027,0.398806366,,-0.148637322,0.404958678,121.0,-0.064220183,109.0,0.037558685,426.0,53.5,138228,629,390,-0.578952805,0.38905078,0.091126512,-0.880112299,-0.177714021,-0.244721953,-0.110544328,-0.31341187,-0.177714021,complete,COOK,Northfield Precinct 38,0,0,0,Northfield,1,0,0,305,203,135,155,117,78,0.04302,19.549451854159848,40,0.93232,35.60315087380891,72,0.0213,17.059247109223495,35,0.00096,8.199120227538339,17,0.00016,4.578791693142692,9,0.00218,10.356078107607285,21,6e-05,1.3477367118349335,3,COOK:8300038,COOK:8300038,COOK:NORTHFIELD PRECINCT 38,1.0,73.68197707,3.50897022,3.50897022,3.50897022,3.50897022,5.264201608,3.50897022,3.50897022,16.806383762380754,29.52150820269816,14.004828064880265,6.741870440190371,3.573085556677671,8.616512689743116,0.9718624058226795,20.047012508036214,36.421709076864836,17.50750030556849,8.30740411890308,4.64810636716218,10.569156880843451,1.4338854729024135,15.213493545680588,28.02136955159848,15.626887123942371,7.0197837784685175,3.8672791151073547,8.538546170716055,1.0252050397309365,1.0,0.3,0.2,1.000001418,1.000032541,1.000052065,1.000026033,1.399973967,1.010385882,244.5148158,244.1126524,0.804326139,0.60324388,0.201082259,0.003289478,0.002467106,0.000822372,836.19,203,1.0,0.0,0.0,1.0,False
COOK:8300039,COOK:8300039,COOK:Northfield Precinct 39,,,,,,,,,,0.697741653,0.023066854,0.006798363,0.262907237,0.005423397,1.18e-06,0.387,0.6906,0.3094,0.8014,0.0141,0.0,0.0176,0.167,0.108082825,0.104159942,0.056016315,0.083338695,0.206969178,0.040425216,0.158851491,0.149706617,0.09244972,1.69e-05,0.030778955,1.58e-05,0.003864001,3.44e-05,0.034622957,1.69e-05,4.5e-06,0.046149188,0.238344347,4.14e-05,0.073108925,0.130746974,0.084632273,0.119247208,0.238375366,,-0.135391032,0.233333333,60.0,-0.078947368,76.0,0.09352518,278.0,58.3,113959,458,255,-0.522521302,-0.664449744,0.039437406,-0.702065238,-0.406203849,-0.462399719,-0.305836424,-0.624845398,-0.406203849,complete,COOK,Northfield Precinct 39,0,0,0,Northfield,1,0,0,200,133,89,110,83,55,0.0985,20.826818815682795,28,0.7681,31.761958938986233,42,0.13056,22.00213967098175,29,0.00078,6.459122831967276,9,0.0005,5.447848651423834,7,0.00148,8.072310772613935,11,8e-05,2.3167341925561886,3,COOK:8300039,COOK:8300039,COOK:NORTHFIELD PRECINCT 39,1.0,80.2196435,2.341511994,2.341511994,2.341511994,2.341511994,5.731284543,2.341511994,2.341511994,17.22037823826644,25.468275421417815,17.39271243635085,5.1350564113912585,4.2065275080442515,6.489123254128827,1.7595759982322317,21.230349493394016,32.40979473475785,22.53326955624473,6.541201534937488,5.628239479967707,8.198416576548887,2.393503354429996,15.627488021566274,23.968136770318132,19.014771495412955,5.412969749669405,4.500721066473935,6.411156735101765,1.8129186321404887,1.0,0.3,0.2,1.000000004,1.000000829,1.000001327,1.000000663,1.399999337,1.000023616,385.6812064,385.1860088,4.449360081,2.965828087,1.483531994,0.011536367,0.007689843,0.003846524,874.21,133,1.0,0.0,0.0,0.0,True
COOK:8300004,COOK:8300004,COOK:Northfield Precinct 4,,,,,,,,,,0.631074769,0.067160069,0.031484466,0.260321577,0.020710951,0.005797496,0.3904,0.7148,0.2852,0.7553,0.0298,0.0,0.0015,0.2003,0.169486905,0.137682775,0.059882113,0.091150067,0.109053737,0.134933284,0.170804599,0.063211877,0.063794644,0.054177653,0.05972788,0.033606027,0.044862845,0.001866496,0.041134158,0.085858827,0.056034573,0.028071096,0.024331385,0.042988701,0.087788917,0.078534394,0.106583959,0.031931274,0.222501813,,-0.072330708,0.404255319,94.0,-0.25,104.0,0.014925373,469.0,54.8,82786,745,442,-0.253873334,0.3847333,-0.560918856,-0.952115998,-0.376248275,-0.345543722,-0.419323301,-0.375966459,-0.376248275,complete,COOK,Northfield Precinct 4,0,0,0,Northfield,1,0,0,345,230,153,182,137,91,0.04076,19.60912491993677,45,0.9344,35.69341570402618,82,0.02164,17.031078912353347,39,0.00082,8.100390871689145,19,0.0002,4.562334840544155,10,0.00216,10.3403867506942,24,2e-05,1.428812887377871,3,COOK:8300004,COOK:8300004,COOK:NORTHFIELD PRECINCT 4,1.0,79.50156431,2.469742374,2.469742374,2.469742374,2.469742374,5.679981446,2.469742374,2.469742374,16.80440041749403,29.51678472520043,14.006422433328266,6.740241021334593,3.579618677023735,8.617332305213324,0.9714589891310108,20.044509878167403,36.41570302279272,17.509444929068533,8.305361295379104,4.656219813326388,10.570155332998766,1.4333804585477523,15.211510200793862,28.01664607410075,15.628481492390373,7.01815435961274,3.8738122354534186,8.539365786186263,1.0248016230392678,1.0,0.3,0.2,1.000000294,1.000019417,1.000031067,1.000015533,1.399984467,1.002166751,659.8488405,658.6188241,4.054703695,1.67777852,2.376925175,0.006144898,0.002542671,0.003602227,2603.35,230,1.0,0.0,0.0,0.9999999999999999,False
COOK:8300041,COOK:8300041,COOK:Northfield Precinct 41,,,,,,,,,,0.744936846,0.045281757,0.008581798,0.188954058,0.001229398,0.001224624,0.5009,0.9687,0.0313,0.6277,0.1064,0.0,0.0,0.2488,0.152218259,0.141753477,0.022968641,0.061591313,0.177211128,0.107439783,0.174091345,0.121989086,0.040736969,0.026613221,0.01183658,0.026618331,1.39e-05,0.01480954,1.81e-05,1.25e-05,1.97e-05,0.0147714,0.014849916,0.01781305,0.109451705,0.041464491,0.059192703,0.186304182,0.476210723,,-0.437287091,0.605633803,142.0,-0.264705882,136.0,0.065606362,503.0,56.5,193615,678,456,-1.808651116,1.620869713,-0.612533194,-0.790883798,-0.278187807,-0.397799599,-0.321134526,-0.440877641,-0.278187807,complete,COOK,Northfield Precinct 41,0,0,0,Northfield,1,0,0,357,238,159,164,123,82,0.04246,19.77317017892342,47,0.93432,35.761289064052505,85,0.02006,16.883315332488863,40,0.0008,8.158940953178694,19,0.00018,4.50307404481903,11,0.00206,10.285380210789857,24,0.00012,1.4244356924755928,3,COOK:8300041,COOK:8300041,COOK:NORTHFIELD PRECINCT 41,1.0,76.87025141,2.939626838,2.939626838,2.939626838,2.939626838,5.491987555,2.939626838,2.939626838,16.99459693483624,29.679163628513663,13.908563963960692,6.73861645097234,3.497454399574443,8.55870254773776,0.9662998757043035,20.25535887490854,36.570307850067906,17.361934264192424,8.291666783598718,4.54775430443609,10.483148746300078,1.424603906776913,15.401706718136074,28.17902497741398,15.530623023022798,7.0165297892504865,3.791647958004127,8.480736028710698,1.0196425096125605,1.0,0.3,0.2,1.000000208,1.000000096,1.000000154,1.000000077,1.399999923,1.000188186,218.7893221,218.5545933,0.938861982,0.117337927,0.821524054,0.004291169,0.000536306,0.003754864,979.3,238,0.999672886,0.0,0.0,1.0,False
COOK:8300042,COOK:8300042,COOK:Northfield Precinct 42,,,,,,,,,,0.458052553,0.401320317,0.040389796,0.09773935,0.037898949,0.003728212,0.4667,0.7531,0.2469,0.7185,0.0256,0.0,0.0328,0.2211,0.050537573,0.159398832,0.071794968,0.096744946,0.064555355,0.100484252,0.184329655,0.192290984,0.079863435,0.031157145,1.46e-05,0.014024715,0.088713151,0.001564654,0.043586917,0.048248315,0.043588413,1.13e-06,0.07787173,0.034333065,0.127717844,0.121459279,0.076339817,0.104345344,0.187033877,,-0.380172871,0.549295775,142.0,-0.202702703,148.0,-0.055319149,470.0,62.2,97882,699,422,-1.565334587,1.275045837,-0.394915983,-1.175585963,-0.348155814,-0.465197674,-0.334099475,0.125327365,-0.348155814,complete,COOK,Northfield Precinct 42,0,0,0,Northfield,1,0,0,330,220,147,165,124,83,0.0466,20.524188523592926,45,0.93678,36.35638750593544,80,0.01436,16.333143633900495,36,0.0008,8.028984172040978,18,0.00012,4.052843820671584,9,0.00132,9.900419113927104,22,2e-05,1.392581912484673,3,COOK:8300042,COOK:8300042,COOK:NORTHFIELD PRECINCT 42,1.0,78.79286924,2.596296995,2.596296995,2.596296995,2.596296995,5.629348797,2.596296995,2.596296995,17.714028699079,30.28887320773285,13.537197995864776,6.7319512692388415,3.193868842127135,8.335971538076286,0.9458357804547192,21.048111157702373,37.146086625986705,16.80628703665644,8.239675329677663,4.149052187503214,10.155093587952152,1.39046880480213,16.121138482378836,28.788734556633166,15.159257054926883,7.009864607516988,3.4880624005568186,8.258005019049225,0.9991784143629762,1.0,0.3,0.2,1.000012401,1.000000156,1.00000025,1.000000125,1.399999875,1.001098325,532.2333135,530.3640773,5.222285474,3.737846662,1.484438812,0.009812023,0.007022948,0.002789075,2557.64,220,1.0,0.0,0.0,1.0000000000000002,False
COOK:8300044,COOK:8300044,COOK:Northfield Precinct 44,,,,,,,,,,0.824696212,0.064578905,0.0081,0.086474402,0.010759794,0.005374087,0.4511,0.8991,0.1009,0.8243,0.0273,0.0,0.0,0.131,0.118031814,0.114334885,0.030478364,0.129390949,0.100019602,0.161987711,0.190307181,0.080105711,0.075343783,0.038863494,0.008999044,0.023864659,7.77e-05,5.21e-05,0.041890721,7.77e-05,0.0,0.116259556,2.16e-05,0.038790857,0.092453634,0.09257285,0.035845431,0.107395476,0.402835116,,-0.240156578,0.479674797,123.0,0.008,125.0,0.140186916,428.0,56.3,154763,582,408,-0.968840782,0.847686248,0.34460311,-0.553619548,0.048801646,-0.082542743,0.134230817,-0.699001554,0.048801646,complete,COOK,Northfield Precinct 44,0,0,0,Northfield,1,0,0,320,213,142,140,105,70,0.04368,19.749981017729873,42,0.93384,35.68030170387656,76,0.0196,16.914728702007668,36,0.00082,8.13471966602528,17,0.00012,4.534515738578319,10,0.00188,10.252569632325583,22,6e-05,1.4081899652848717,3,COOK:8300044,COOK:8300044,COOK:NORTHFIELD PRECINCT 44,1.0,64.80257779,5.187558921,5.187558921,5.187558921,5.187558921,4.6298138,5.187558921,4.6298138,16.97087160426745,29.66140542533475,13.920296747181581,6.740176991382606,3.503025201563407,8.565843724790833,0.9673200464985694,20.22933849674276,36.55466303225901,17.379977500829785,8.29517362243045,4.555520360505325,10.493913459988661,1.426188257524679,15.377981387567285,28.161266774235067,15.542355806243688,7.018090329660753,3.7972187599930907,8.487877205763771,1.0206626804068264,1.0,0.3,0.2,1.000003831,1.000010942,1.000017507,1.000008753,1.399991247,1.017707005,223.2974534,222.9304267,0.735333782,0.550631463,0.184702319,0.003293068,0.00246591,0.000827158,1111.64,213,1.0,0.0,0.0,0.9999999999999996,False
COOK:8300045,COOK:8300045,COOK:Northfield Precinct 45,,,,,,,,,,0.749221375,0.05583891,0.006823314,0.186723413,0.001366329,5.3e-07,0.4582,0.7526,0.2474,0.6433,0.1357,0.0,0.0,0.2115,0.11655254,0.178794127,0.060546462,0.088573765,0.186941753,0.120209962,0.148096216,0.071349833,0.028935344,0.011322951,0.014153526,0.008492376,0.011322691,0.008496186,1.87e-05,0.082097033,0.01133464,4.43e-05,0.062291739,0.051037468,0.118906645,0.002857816,0.082128214,0.053911043,0.481584641,,-0.478847222,,,-0.379310345,145.0,,,48.9,182921,601,360,-1.985704515,,-1.014769081,,,,,-0.430872758,-0.430872758,demographic_only,COOK,Northfield Precinct 45,0,0,0,Northfield,1,0,0,282,188,125,138,104,69,0.04074,19.59772505836746,37,0.93388,35.72391224304943,67,0.02184,17.076232423158206,32,0.00088,8.134459572544444,15,0.00024,4.509938382249536,8,0.00238,10.341175225871517,19,4e-05,1.4257164004410783,3,COOK:8300045,COOK:8300045,COOK:NORTHFIELD PRECINCT 45,1.0,80.78299494,2.240911988,2.240911988,2.240911988,2.240911988,5.771533132,2.240911988,2.240911988,16.805610306420203,29.5195548106486,14.005877488005005,6.740794927547708,3.576083107117407,8.61709022946777,0.9717416019648561,20.04589233662822,36.418947015466316,17.50864223809542,8.305993773529458,4.651792967626406,10.569785973635675,1.4337204252991813,15.212720089720037,28.019416159548918,15.627936547067112,7.018708265825855,3.870276665547091,8.539123710440709,1.0250842358731131,1.0,0.3,0.2,1.00000001,1.000000036,1.000000058,1.000000029,1.399999971,1.000018582,192.6704818,192.5274775,0.429110422,0.000195128,0.428915294,0.002227173,1.01e-06,0.00222616,1501.29,188,0.999226761,0.0,0.0,0.9992268914010385,False
COOK:8300048,COOK:8300048,COOK:Northfield Precinct 48,,,,,,,,,,0.693011289,0.015596377,0.007266496,0.271676658,0.005187854,1.26e-06,0.5111,0.9529,0.0471,0.7042,0.0741,0.0,0.0,0.1939,0.157798026,0.145539397,0.015751202,0.054999345,0.184777963,0.122023632,0.154344706,0.125515734,0.039249994,0.024694449,0.009899044,0.03455486,2.18e-06,0.019766692,0.0,1.11e-05,2.15e-05,0.012338461,0.022276174,2.49e-05,0.133259655,0.049416941,0.027245429,0.172800601,0.493687971,,-0.396274694,0.339805825,103.0,-0.438596491,114.0,-0.012096774,496.0,55.8,198174,702,425,-1.633931159,-0.010881787,-1.222850117,-1.038081965,-0.935328153,-0.976436257,-0.984610925,-0.454368665,-0.935328153,complete,COOK,Northfield Precinct 48,0,0,0,Northfield,1,0,0,332,221,147,180,135,90,0.10974,21.366754150054547,47,0.83568,32.50327284961318,72,0.04784,18.0240435807201,40,0.00146,7.775437599610156,17,0.00034,4.732925527317063,10,0.00484,11.031406713545932,24,0.0001,1.2405064284837772,3,COOK:8300048,COOK:8300048,COOK:NORTHFIELD PRECINCT 48,1.0,88.14283872,0.926634139,0.926634139,0.926634139,0.926634139,6.297356447,0.926634139,0.926634139,17.50491460046025,25.781661941982467,14.148254153921494,6.147766661688846,3.5391191976647454,8.784703063874849,0.7437103216104752,21.841745185598427,33.21244811924809,18.603808638556806,7.942776335104718,4.829010642960066,11.285087500699696,1.2198983081128805,15.912024383760084,24.281523290882784,15.7703132129836,6.4256799999669925,3.833312756094429,8.706736544847788,0.7970529555187322,1.0,0.3,0.2,1.000000172,1.000000272,1.000000435,1.000000217,1.399999783,1.00030731,248.8502878,248.5833365,1.067680848,0.133413433,0.934267414,0.004290455,0.000536119,0.003754335,1356.37,221,1.0,0.0,0.0,0.9999999999999999,False
COOK:8300005,COOK:8300005,COOK:Northfield Precinct 5,,,,,,,,,,0.696198299,0.038055036,0.011043536,0.236364318,0.008560564,0.001221762,0.3772,0.8349,0.1651,0.7669,0.0858,0.0,0.0,0.1301,0.12592885,0.172136173,0.089532687,0.13292343,0.117118835,0.107337918,0.120115179,0.095479053,0.039427875,0.033798618,3.41e-05,0.005674865,0.047877624,3.7e-05,0.050666936,0.000161353,0.028232738,0.050655518,0.047910073,0.042254798,0.045115373,0.098578473,0.135137894,0.140767532,0.273097148,,-0.136895762,0.580246914,81.0,-0.24137931,87.0,0.069767442,387.0,48.6,134065,620,302,-0.528931714,1.465035498,-0.530662174,-0.777646091,-0.093224166,-0.09305112,-0.180746377,-0.532205569,-0.093224166,complete,COOK,Northfield Precinct 5,0,0,0,Northfield,1,0,0,236,157,105,136,102,68,0.04252,19.49196110034293,31,0.93324,35.672843668807495,56,0.02132,17.070666299555636,27,0.00092,8.148618411506837,13,0.00022,4.549472880901148,7,0.00176,10.376652458272922,16,2e-05,1.4065055029964402,2,COOK:8300005,COOK:8300005,COOK:NORTHFIELD PRECINCT 5,1.0,70.57442611,4.063898492,4.063898492,4.063898492,4.063898492,5.042182935,4.063898492,4.063898492,16.804869810870883,29.517804368684146,14.006422440279929,6.740238350321809,3.5784693723251264,8.617365894164765,0.9715866869262091,20.044974935418196,36.41675402656716,17.509323141873637,8.30530328060961,4.654760676850767,10.570130545664682,1.4335281232966184,15.21197959417072,28.017665717584464,15.628481499342035,7.018151688599955,3.87266293075481,8.539399375137704,1.024929320834466,1.0,0.3,0.2,1.000000183,1.00000527,1.000008433,1.000004216,1.399995784,1.001082717,296.4756481,294.1943932,3.196638647,0.911781509,2.284857138,0.010782129,0.003075401,0.007706728,1151.81,157,1.0,0.0,0.0,1.0000000000000004,False
COOK:8300052,COOK:8300052,COOK:Northfield Precinct 52,,,,,,,,,,0.875860308,0.034022258,0.008710947,0.071651705,0.006540303,0.006502374,0.5716,0.8355,0.1645,0.594,0.2151,0.0,0.0,0.1889,0.076418456,0.075348498,0.027180237,0.039529994,0.11094645,0.141748363,0.192323138,0.203402666,0.133102199,0.024738325,4.17e-06,0.043901785,0.065932281,0.002746543,0.046700617,0.022003852,0.00827983,1.5e-06,0.137262333,0.019279516,0.07972452,0.115410997,0.063207627,0.016607079,0.354199025,,-0.417288024,0.680473373,169.0,-0.274725275,182.0,-0.001841621,543.0,64.5,110706,691,489,-1.723451606,2.080262969,-0.64769901,-1.005457091,-0.216510925,-0.324086184,-0.28123349,-0.468120205,-0.216510925,complete,COOK,Northfield Precinct 52,0,0,0,Northfield,1,0,0,383,255,170,164,123,82,0.0473,20.815325252428817,53,0.93784,36.481916146798945,93,0.01256,16.03577520897015,41,0.00076,8.037257152779034,20,0.00014,3.883318707431334,10,0.00138,9.793656073377822,25,2e-05,1.3929113891791134,4,COOK:8300052,COOK:8300052,COOK:NORTHFIELD PRECINCT 52,1.0,74.97587164,3.277914097,3.277914097,3.277914097,3.277914097,5.356643778,3.277914097,3.277914097,18.00444233166745,30.5349500090513,13.388115382828847,6.728472064552742,3.07189040071955,8.246568409792744,0.9376755405317874,21.365600403784143,37.37622285962379,16.58433903397582,8.217747830017863,3.9898877149170535,10.02408945296165,1.3768874350003437,16.411552114967282,29.034811357951618,15.010174441890953,7.0063854028308885,3.366083959149234,8.168601890765682,0.9910181744400444,1.0,0.3,0.2,1.000046307,1.000001889,1.000003022,1.000001511,1.399998489,1.013435289,274.0308995,273.060402,2.699115413,1.94099505,0.758120364,0.009849675,0.007083125,0.002766551,803.68,255,1.0,0.0,0.0,0.9998192983998543,False
COOK:8300056,COOK:8300056,COOK:Northfield Precinct 56,,,,,,,,,,0.807809316,0.039024912,0.006489915,0.130863025,0.00146022,0.002159473,0.6549,0.8265,0.1735,0.7243,0.0332,0.0,0.0,0.2377,0.050589559,0.106523409,0.03874472,0.065634592,0.109169878,0.139351666,0.197921742,0.185571135,0.106493298,0.056246107,2.95e-06,2.54e-05,0.009798686,0.006495127,0.057321764,0.008678761,0.016239832,0.0,0.090896324,0.044345746,0.129815519,0.219506619,0.082225419,0.037939511,0.240462262,,-0.281759184,0.507853403,191.0,-0.076190476,210.0,0.069900143,701.0,62.6,109127,980,584,-1.146075133,1.020657066,0.049113477,-0.777223927,-0.093863268,-0.213382129,-0.041364147,-0.390788428,-0.093863268,complete,COOK,Northfield Precinct 56,0,0,0,Northfield,1,0,0,456,304,203,235,177,118,0.04826,20.54140307241302,62,0.93502,36.39067557516177,111,0.01436,16.3059347526781,50,0.00086,8.045342807686694,24,8e-05,4.063085404962949,12,0.00138,9.928277629168866,30,4e-05,1.368152958350899,4,COOK:8300056,COOK:8300056,COOK:NORTHFIELD PRECINCT 56,1.0,70.59947145,4.059426042,4.059426042,4.059426042,4.059426042,5.043972297,4.059426042,4.059426042,17.764165926369156,30.330641341353882,13.51213549127574,6.730458260748226,3.174469574344734,8.320918333757406,0.9443899455729184,21.10275466467483,37.18450702164326,16.768495110722903,8.234668375729694,4.123520704760372,10.13277697721604,1.3880518755335618,16.17127570966899,28.8305026902542,15.134194550337847,7.008371599026373,3.468663132774418,8.242951814730345,0.9977325794811754,1.0,0.3,0.2,1.000079638,1.000000594,1.00000095,1.000000475,1.399999525,1.004345129,292.6914954,291.6340172,2.908152111,2.114906697,0.793245414,0.009935895,0.00722572,0.002710176,1040.18,304,1.0,0.0,0.0,0.03718197211859138,False
COOK:8300057,COOK:8300057,COOK:Northfield Precinct 57,,,,,,,,,,0.724275873,0.027575487,0.013132299,0.220591023,0.011803025,1.01e-06,0.5817,0.8335,0.1665,0.8073,0.0468,0.0,0.0006,0.1388,0.154225972,0.069644172,0.088664772,0.14109468,0.122032292,0.091765088,0.168339333,0.096746378,0.067487313,0.030203347,0.040271887,0.02769602,0.002524699,0.0402933,0.0,0.012636628,0.025188984,2.56e-06,0.103232112,0.012611858,0.07053966,0.110735681,0.110771655,0.100765064,0.312526542,,-0.282255217,0.452631579,95.0,-0.097560976,82.0,0.104859335,391.0,52.9,130431,573,317,-1.14818832,0.681684867,-0.025892171,-0.666007718,-0.177371221,-0.289600836,-0.124629488,-0.411426096,-0.177371221,complete,COOK,Northfield Precinct 57,0,0,0,Northfield,1,0,0,248,165,110,135,102,68,0.04214,19.53654391902887,32,0.93286,35.70288512688855,59,0.02154,16.985571049619647,28,0.00098,8.152728587046898,13,0.00024,4.562788714801498,8,0.0022,10.377237815788085,17,4e-05,1.4660811289831255,2,COOK:8300057,COOK:8300057,COOK:NORTHFIELD PRECINCT 57,1.0,73.67018029,3.51107682,3.51107682,3.51107682,3.51107682,5.263358789,3.51107682,3.51107682,16.805084225872818,29.518327981734284,14.006200269934936,6.740465756452015,3.5777107065823457,8.617247250215556,0.9716260462920769,20.045262281229615,36.41745221755329,17.509068242649285,8.305595596126349,4.653822700907606,10.569994687752502,1.4335790040620218,15.212194009172652,28.018189330634602,15.628259328997043,7.018379094730162,3.8719042650120294,8.539280731188494,1.024968680200334,1.0,0.3,0.2,1.000000069,1.000000478,1.000000765,1.000000383,1.399999617,1.000218187,413.0270735,412.7204143,0.920080532,5.16e-05,0.920028978,0.002227652,1.25e-07,0.002227527,1250.59,165,1.0,0.0,0.0,1.0000000000000002,False
COOK:8300006,COOK:8300006,COOK:Northfield Precinct 6,,,,,,,,,,0.876005338,0.035414861,0.009376683,0.070857544,0.006251287,0.001041197,0.6007,0.9451,0.0549,0.5699,0.1068,0.0,0.0056,0.3153,0.178279413,0.106623606,0.017993783,0.094324568,0.176403618,0.135842523,0.158453725,0.052874225,0.07920454,1.32e-05,1.13e-05,2.03e-05,0.057525607,1.18e-05,7.13e-06,0.002629284,0.002641284,2.39e-05,0.020962544,0.06801698,0.007940951,0.115095185,0.089028701,0.162303541,0.473768357,,-0.420692987,0.44,100.0,-0.474285714,175.0,-0.248201439,556.0,53.9,191919,818,494,-1.737957341,0.604147513,-1.348111262,-1.789205323,-1.028796995,-1.067781603,-1.084862927,-0.382546407,-1.028796995,complete,COOK,Northfield Precinct 6,0,0,0,Northfield,1,0,0,386,257,171,197,148,99,0.1083,21.250815726260168,55,0.83314,32.38934510134314,83,0.05186,18.18888994487617,47,0.0015,7.774918845474526,20,0.00042,4.779099015306825,12,0.00472,11.084879755066831,28,6e-05,1.1773003309394705,3,COOK:8300006,COOK:8300006,COOK:NORTHFIELD PRECINCT 6,1.0,88.90145899,0.791164168,0.791164168,0.791164168,0.791164168,6.351555998,0.791164168,0.791164168,17.40697775892393,25.703386381856145,14.197677099340801,6.151461866635938,3.571455674581235,8.814553330553343,0.7471779817923734,21.72981691077068,33.13436312354538,18.683679714549253,7.9539036609460325,4.874896292217567,11.332523738200432,1.2255912900513188,15.814087542223765,24.203247730756463,15.819736158402907,6.429375204914085,3.865649233010919,8.736586811526282,0.8005206157006304,1.0,0.3,0.2,1.002758183,1.000014829,1.000023727,1.000011863,1.399988137,1.197541205,539.2159017,538.307787,4.084210509,1.814911939,2.269298571,0.007574351,0.003365835,0.004208516,1105.21,257,1.0,0.0,0.0,0.999653864976008,False
COOK:8300007,COOK:8300007,COOK:Northfield Precinct 7,,,,,,,,,,0.74973343,0.04899809,0.012080887,0.181135808,0.008051029,0.002011903,0.5567,0.6145,0.3855,0.6865,0.1349,0.0,0.0,0.1786,0.086216626,0.220418138,0.031256335,0.052084494,0.209392271,0.115238238,0.089708749,0.064316822,0.131368327,0.017413997,0.018825199,1.55e-05,0.018845642,2.67e-05,0.040571589,0.018840974,5.03e-06,1.27e-05,0.037611592,0.134487409,0.024626917,0.091194429,0.069452352,0.115731956,0.412338031,,-0.410027744,0.45631068,206.0,-0.27753304,227.0,-0.032904149,699.0,52.5,162127,1082,732,-1.692521548,0.704268564,-0.657553634,-1.104276783,-0.584024059,-0.68752085,-0.578030615,-0.379156023,-0.584024059,complete,COOK,Northfield Precinct 7,0,0,0,Northfield,1,0,0,572,381,254,248,186,124,0.10682,21.25992964740926,81,0.83614,32.47334573942558,124,0.05024,18.14409761779675,69,0.00152,7.785771920834724,30,0.00038,4.812057880299847,18,0.00476,11.071326252461745,42,0.00014,1.2437232422794149,5,COOK:8300007,COOK:8300007,COOK:NORTHFIELD PRECINCT 7,1.0,83.77155853,1.707231784,1.707231784,1.707231784,1.707231784,5.985050764,1.707231784,1.707231784,17.40537333862118,25.699561122940068,14.198983055778013,6.150127085858813,3.576757656422668,8.815226123981505,0.7468530223202731,21.727688963139457,33.12925665926062,18.68534256098903,7.952149572532917,4.881792870400492,11.333378975745024,1.225165128213137,15.812483121921016,24.199422471840386,15.82104211484012,6.4280404241369595,3.8709512148523517,8.737259604954444,0.8001956562285301,1.0,0.3,0.2,1.000010159,1.0000014,1.000002239,1.00000112,1.39999888,1.007816444,369.8571509,369.5933441,2.374261311,0.527613625,1.846647687,0.006419401,0.001426534,0.004992867,1848.06,381,1.0,0.0,0.0,1.0000000000000004,False
COOK:8300008,COOK:8300008,COOK:Northfield Precinct 8,,,,,TRUE,,,,,0.847813171,0.024854514,0.012908922,0.09881168,0.008818463,0.001724891,0.624,0.9138,0.0862,0.5658,0.0595,0.0,0.0142,0.3511,0.090379715,0.085806816,0.025232726,0.085804675,0.082689649,0.256436189,0.130746085,0.149572211,0.093331934,0.050823298,0.005697431,0.014487201,0.007517991,0.020308006,0.005439759,0.003632318,0.003212747,0.011322282,0.066534776,0.013097694,0.086798111,0.018670229,0.048313785,0.084728333,0.55941604,,-0.416651194,0.579545455,176.0,-0.346153846,156.0,-0.150066401,753.0,57.4,210621,1072,698,-1.720738599,1.46072968,-0.898397227,-1.477006836,-0.576619108,-0.658853245,-0.624527905,-0.344986439,-0.576619108,complete,COOK,Northfield Precinct 8,0,0,0,Northfield,1,0,0,546,364,243,201,151,101,0.11088,21.52787489405606,78,0.8371,32.5744811448086,119,0.04566,17.968817580414505,65,0.00118,7.759957749373164,28,0.00038,4.630414103328702,17,0.00474,10.964858143085673,40,6e-05,1.1458120204975977,4,COOK:8300008,COOK:8300008,COOK:NORTHFIELD PRECINCT 8,1.0,83.64543906,1.729753461,1.729753461,1.729753461,1.729753461,5.976040171,1.729753461,1.729753461,17.70900085484451,25.957913489404145,14.042262513488248,6.147682932027784,3.446822119425759,8.721280717342172,0.7383990164723008,22.076151498550587,33.39477901244049,18.435513143506093,7.930220173754974,4.701636024828572,11.185797967048348,1.210676910151618,16.116110638144345,24.457774838304463,15.664321572550355,6.425596270305931,3.741015677855443,8.64331419831511,0.7917416503805578,1.0,0.3,0.2,1.000008033,1.000000005,1.000000008,1.000000004,1.399999996,1.000037541,813.6180494,812.4474845,3.902883381,1.951545182,1.951338199,0.004796948,0.002398601,0.002398347,2080.83,23,0.710156546,0.0,0.0,0.04632774312142576,False
COOK:8300009,COOK:8300009,COOK:Northfield Precinct 9,,,,,TRUE,,,,,0.860155124,0.029654297,0.012712583,0.081941845,0.00283268,0.001413078,0.5585,0.9313,0.0687,0.6186,0.0584,0.0,0.004,0.2885,0.159669384,0.14043894,0.031746104,0.112567394,0.13755172,0.173369406,0.118395874,0.079988816,0.046272364,0.018569961,0.013217477,0.031724627,0.013220208,0.044941652,0.015859695,0.007931188,0.0,0.015859746,0.052922273,0.02643786,0.08995366,0.037007858,0.05818198,0.126929872,0.447241944,,-0.413110123,0.641025641,78.0,-0.440860215,93.0,-0.131313131,396.0,52.8,179218,548,356,-1.70565302,1.838118044,-1.230795279,-1.417346773,-0.581433483,-0.628919257,-0.701808687,-0.382192987,-0.581433483,complete,COOK,Northfield Precinct 9,0,0,0,Northfield,1,0,0,278,185,123,134,101,67,0.18508,22.097130130693078,41,0.54454,27.811314893191373,51,0.265,23.833541318973523,44,0.00096,6.038697835957932,11,0.00096,6.069851610978831,11,0.00336,8.976085261588882,17,0.0001,2.157422304535576,4,COOK:8300009,COOK:8300009,COOK:NORTHFIELD PRECINCT 9,1.0,83.72763128,1.715076055,1.715076055,1.715076055,1.715076055,5.981912386,1.715076055,1.715076055,17.406797844856584,21.30297278468572,17.797764576035615,4.551372870340151,4.371988199423866,6.81459321276307,1.547136506499901,22.55088099981658,28.41487860099949,24.381426688427563,6.1205707277578,6.1599424658550035,9.077410040100343,2.229665207323895,15.81390762815642,19.80283413358604,19.41982363509772,4.8292862086182975,4.66618175785355,6.736626693736008,1.600479140408158,1.0,0.3,0.2,1.000081117,1.000000015,1.000000025,1.000000012,1.399999988,1.000153329,226.0607415,225.6151553,1.485287395,0.742643697,0.742643697,0.006570302,0.003285151,0.003285151,1002.51,185,1.0,0.0,0.0,0.0,True
COOK:9600011,COOK:9600011,COOK:Wheeling Precinct 11,,,,,,,,,,0.647542884,0.050614126,0.018970813,0.267932746,0.007474815,0.004022085,0.4003,0.8582,0.1418,0.7294,0.0708,0.0,0.0,0.1885,0.062236284,0.105215244,0.103238503,0.059866712,0.060778303,0.210806894,0.199869708,0.118609556,0.079378798,5.79e-05,0.011592845,0.024596618,0.01303608,0.044861735,0.021690835,0.036164629,0.018811818,1.39e-05,4.03e-05,0.069463985,0.040537493,0.138919991,0.22706202,0.16497863,0.188171276,,-0.10244668,0.223300971,103.0,-0.537313433,134.0,0.022375215,581.0,57.8,133831,999,476,-0.382172622,-0.726032132,-1.569324379,-0.928415703,-1.020201385,-0.901486209,-1.153769018,-0.494429924,-1.020201385,complete,COOK,Wheeling Precinct 11,0,0,0,Wheeling,1,0,0,372,248,165,249,187,125,0.19434,22.44893893075835,56,0.5573,28.14189063164746,70,0.24384,23.54254614005815,58,0.00072,5.926313318348321,15,0.00076,5.819122215981842,14,0.00298,8.752422909716735,22,6e-05,2.1279737627420228,5,COOK:9600011,COOK:9600011,COOK:WHEELING PRECINCT 11,1.0,88.83700166,0.802674582,0.802674582,0.802674582,0.802674582,6.34695085,0.802674582,0.802674582,17.756936539525274,21.59461623974724,17.618287120702796,4.545083732152233,4.233956718710124,6.706725603241032,1.5364470889397388,22.965030871192212,28.736733308819925,24.06679952889897,6.0941210033652595,5.956150265383297,8.906663517253442,2.209276235367572,16.164046322825108,20.094477588647557,19.240346179764902,4.82299707043038,4.528150277139808,6.6287590842139705,1.5897897228479958,1.0,0.3,0.2,1.0,1.000000205,1.000000327,1.000000164,1.399999836,1.000001631,515.5162651,513.2158398,4.141370089,1.841952386,2.299417703,0.008033442,0.003573025,0.004460417,1888.45,0,0.433550983,0.0,0.0,0.0,True
COOK:9600012,COOK:9600012,COOK:Wheeling Precinct 12,,,,,,,,,,0.720900547,0.071912188,0.016634886,0.176166252,0.002250158,0.00497957,0.3541,0.9422,0.0578,0.8192,0.0132,0.0,0.0047,0.1629,0.082218038,0.111410223,0.088905564,0.169072462,0.095253325,0.140165605,0.165804637,0.076171561,0.070998584,0.016110289,0.004302247,0.006444167,0.003232991,0.012950506,0.012871315,0.011852008,0.010762893,0.02679323,0.046121049,0.07392123,0.122063544,0.136961036,0.179721407,0.248142952,0.087749138,,-0.237947613,0.2,145.0,-0.406896552,145.0,-0.096045198,708.0,52.5,127172,1129,531,-0.959430207,-0.869062202,-1.111590462,-1.305148362,-1.076523834,-1.061307808,-1.086580364,-0.647586826,-1.076523834,complete,COOK,Wheeling Precinct 12,0,0,0,Wheeling,1,0,0,416,277,185,259,195,130,0.18296,22.06039343430332,61,0.54328,27.875997245045863,77,0.26882,23.8699373313694,66,0.00104,5.9729325200373555,17,0.00076,5.983400737807616,17,0.00304,8.914692117407103,25,0.0001,2.2289785394882236,6,COOK:9600012,COOK:9600012,COOK:WHEELING PRECINCT 12,1.0,89.24149731,0.730442115,0.730442115,0.730442115,0.730442115,6.375850002,0.730442115,0.730442115,17.405417179049607,21.29968907768258,17.798857383598754,4.55025615920417,4.376518136134235,6.8151534710918735,1.5468542175427331,22.548989733235018,28.410340166035965,24.38288078032191,6.119051716507603,6.1660717796303235,9.078159841600296,2.2292807129495675,15.812526962349441,19.799550426582897,19.42091644266086,4.828169497482317,4.670711694563919,6.737186952064812,1.60019685145099,1.0,0.3,0.2,1.0,1.000000007,1.00000001,1.000000005,1.399999995,1.000000467,603.0588281,601.7337058,7.760551618,5.464172012,2.296379606,0.012868648,0.009060761,0.003807887,2801.84,277,1.0,0.0,0.0,0.0,True
COOK:9600016,COOK:9600016,COOK:Wheeling Precinct 16,,,,,,,,,,0.454557033,0.450677607,0.023931453,0.073652227,0.041902682,6.3e-06,0.1268,0.6775,0.3225,0.9267,0.0131,0.0,0.0,0.0602,0.151522416,0.091842746,0.100013505,0.162093886,0.152369671,0.151493906,0.15274425,0.031405296,0.006514322,0.066827486,0.025535293,0.035460475,0.000130478,0.181664951,0.0568126,0.090962954,0.078026093,0.034227825,0.058432608,0.094207047,0.112355853,0.088367175,0.000260956,0.038427302,0.038300901,,0.512493224,0.133333333,30.0,0.090909091,22.0,0.407407407,162.0,46.3,42730,380,182,2.237578516,-1.278287125,0.63559537,0.29649306,0.312646641,0.472844955,0.345196723,-0.324871613,0.312646641,complete,COOK,Wheeling Precinct 16,0,0,0,Wheeling,1,0,0,143,95,63,87,66,44,0.07782,18.8124841914965,18,0.57156,28.627584946115892,27,0.34724,25.760977211974268,24,0.00106,7.466369365622275,7,0.00062,6.477164493741985,6,0.00154,7.545345932135899,7,0.00016,2.4225192896579735,2,COOK:9600016,COOK:9600016,COOK:WHEELING PRECINCT 16,1.0,53.7248523,7.719682824,7.719682824,7.719682824,7.719682824,3.838366791,7.719682824,3.838366791,15.576681385989893,22.910114582431785,20.17305128426383,5.9244821719435885,4.958685404770452,6.02093857559094,1.7720176102840786,19.201326243196576,29.21730819004995,26.241489670786464,7.594167526502875,6.627506770678391,7.632382906031532,2.420593423034874,13.983791169289727,21.409975931332102,21.795110343325938,6.202395510221735,5.252878963200136,5.942972056563879,1.8253602441923356,1.0,0.3,0.2,1.0,1.000000003,1.000000005,1.000000003,1.399999997,1.000000408,150.7546704,150.1554865,2.157062056,1.198367809,0.958694247,0.014308426,0.007949126,0.0063593,928.8,95,1.0,0.0,0.0,0.0,True
COOK:9600017,COOK:9600017,COOK:Wheeling Precinct 17,,,,,,,,,True,0.472378325,0.171713979,0.02522323,0.323316003,0.015762567,0.000525979,0.3735,0.7043,0.2957,0.7231,0.0703,0.0,0.0,0.1568,0.139409742,0.111446566,0.082805081,0.220771074,0.168714144,0.09954949,0.117912694,0.052001208,0.007389999,0.036527567,0.000168671,0.047419443,0.01945834,0.015964884,0.047358892,0.007290931,0.007285935,0.040042503,0.058519412,0.041413618,0.116648186,0.18343588,0.204134853,0.070946498,0.103384384,,-0.025155048,0.084337349,83.0,-0.175,80.0,0.100257069,389.0,43.2,108436,715,376,-0.052896803,-1.57904279,-0.297685727,-0.680648977,-0.677047467,-0.652568574,-0.606070897,-0.006147819,-0.677047467,complete,COOK,Wheeling Precinct 17,0,0,0,Wheeling,1,0,0,294,196,131,168,126,84,0.157,21.510146014724217,42,0.45384,26.88593515589791,53,0.38512,25.91084709421378,51,0.00094,6.565898045849396,13,0.0012,6.165956169932348,12,0.00176,7.613551932767806,15,0.00014,2.3032829776200696,5,COOK:9600017,COOK:9600017,COOK:WHEELING PRECINCT 17,1.0,85.21773788,1.448981537,1.448981537,1.448981537,1.448981537,6.088372905,1.448981537,1.448981537,17.13458420309932,20.783778695730568,19.59229458273639,5.004996354774725,4.546868356938139,5.885866487519631,1.6523024871128034,21.956587409016343,27.40671169476086,26.504097563328838,6.658298652284777,6.326539500870741,7.735190476645704,2.347349433373406,15.541693986399153,19.283640044630886,21.214353641798496,5.282909693052872,4.841061915367823,5.80789996849257,1.7056451210210604,1.0,0.3,0.2,1.0,1.0,1.0,1.0,1.4,1.0,346.715378,345.5835202,3.622439441,0.905772534,2.716666907,0.010447876,0.002612438,0.007835438,1938.16,196,1.0,0.0,0.0,0.0,True
COOK:9600021,COOK:9600021,COOK:Wheeling Precinct 21,,,,,,,,,,0.821746624,0.029238798,0.019082113,0.121601349,0.003157559,4.18e-07,0.4059,0.9241,0.0759,0.738,0.0958,0.02,0.0132,0.1238,0.09966654,0.181481095,0.053733871,0.084313519,0.152484235,0.166137488,0.120087282,0.090631426,0.051464544,0.024149614,0.012801464,0.005712077,0.021581328,0.02359932,0.019305723,0.010270293,0.015933845,0.010232908,0.04996341,0.084899007,0.113952711,0.127500257,0.06563354,0.11869131,0.295773195,,-0.295669249,0.325842697,178.0,-0.386243386,189.0,-0.071688943,823.0,52.7,121098,1177,625,-1.205334433,-0.096592686,-1.039102495,-1.227663438,-0.875550069,-0.892173263,-0.904935916,-0.542226777,-0.875550069,complete,COOK,Wheeling Precinct 21,0,0,0,Wheeling,1,0,0,489,326,217,145,109,73,0.1827,22.11017644706993,72,0.54712,27.841095768026463,91,0.26494,23.76498985440997,77,0.00106,6.076667271650947,20,0.0009,6.068684778793224,20,0.00318,8.89584481775752,29,0.0001,2.1638766426672675,7,COOK:9600021,COOK:9600021,COOK:WHEELING PRECINCT 21,1.0,87.58451943,1.026335532,1.026335532,1.026335532,1.026335532,6.25746738,1.026335532,1.026335532,17.40618799495669,21.30154582458058,17.79815711216274,4.550972394538543,4.373894273133134,6.814786306825973,1.547004118078452,22.550083411145206,28.412956072051255,24.381993266850206,6.120036982219464,6.162532541986186,9.077683685912966,2.2294887701153905,15.813297778256523,19.801407173480897,19.420216171224848,4.82888573281669,4.668087831562818,6.736819787798912,1.600346751986709,1.0,0.3,0.2,1.0,1.0,1.0,1.0,1.4,1.0,395.0665614,394.3216564,2.482662275,1.163490954,1.319171321,0.006284162,0.00294505,0.003339112,1830.23,5,0.581645581,0.0,0.0,0.0,True
COOK:9600027,COOK:9600027,COOK:Wheeling Precinct 27,,,,,,,,,,0.736107867,0.115016505,0.027603969,0.120229865,0.009214605,0.000511491,0.4265,0.7521,0.2479,0.7608,0.0184,0.0,0.0,0.2069,0.041251,0.110414429,0.120327598,0.078449517,0.114369498,0.200435391,0.146817455,0.142008604,0.045926508,0.033329238,8.72e-06,0.029609784,0.01483477,0.065681313,0.019436144,0.007406448,0.069363751,0.030548795,0.0536905,0.062033196,0.129626182,0.103740191,0.122226843,0.069505331,0.188958791,,-0.281686937,0.319148936,188.0,-0.344978166,229.0,0.116644823,763.0,54.5,96997,1084,673,-1.145767348,-0.137681493,-0.894270855,-0.628514366,-0.676408866,-0.701558516,-0.714951334,-0.42164506,-0.676408866,complete,COOK,Wheeling Precinct 27,0,0,0,Wheeling,1,0,0,527,351,234,262,197,131,0.18528,22.058935472650642,77,0.54486,27.838768828391935,98,0.26504,23.794121719942122,84,0.00104,6.016642724533565,21,0.0008,6.041326470188313,21,0.00288,8.923035762779179,31,0.0001,2.2572995745052493,8,COOK:9600027,COOK:9600027,COOK:WHEELING PRECINCT 27,1.0,85.20863272,1.450607481,1.450607481,1.450607481,1.450607481,6.087722388,1.450607481,1.450607481,17.406155873288622,21.301512111012215,17.798018607521794,4.551115104139027,4.373827249763924,6.814700479977146,1.5469835522229562,22.550108130522172,28.412999807281718,24.38188945707328,6.120251110738748,6.162461902208101,9.077596503199558,2.22946781925709,15.813265656588456,19.801373459912533,19.4200776665839,4.829028442417174,4.668020808193607,6.736733960950085,1.6003261861312132,1.0,0.3,0.2,1.0,1.0,1.0,1.0,1.4,1.0,323.9434059,323.1238436,1.912852506,1.092434135,0.820418371,0.005904897,0.003372299,0.002532598,1536.77,351,1.0,0.0,0.0,0.0,True
COOK:9600028,COOK:9600028,COOK:Wheeling Precinct 28,,,,,,,,,,0.862018647,0.046881427,0.010559843,0.068653673,0.011219094,0.0,0.313,0.9126,0.0874,0.6817,0.0326,0.0,0.0006,0.28,0.102256218,0.147553933,0.045988222,0.109535458,0.097434047,0.149438558,0.10286489,0.143943533,0.100985142,0.046737248,2.52e-05,0.03632785,9.64e-06,0.070080913,0.01298873,5.6e-05,0.061005935,0.042844879,0.068799208,0.080508089,0.138948628,0.122109509,0.051981302,0.166161941,0.101414927,,-0.269833326,0.319148936,141.0,-0.448979592,196.0,-0.140783745,689.0,56.5,89505,1015,549,-1.0952689,-0.137681493,-1.259292466,-1.447475781,-1.001332017,-0.98492966,-1.056204578,-0.709145869,-1.001332017,complete,COOK,Wheeling Precinct 28,0,0,0,Wheeling,1,0,0,429,286,191,232,174,116,0.19172,22.320218198789725,64,0.5511,28.000326527562112,80,0.25276,23.623197522157827,68,0.00086,6.033259240840946,17,0.00048,5.987353455922049,17,0.00294,8.823562408897024,25,0.00014,2.2213752976120347,6,COOK:9600028,COOK:9600028,COOK:WHEELING PRECINCT 28,1.0,88.69189096,0.828587601,0.828587601,0.828587601,0.828587601,6.336583431,0.828587601,0.828587601,17.596031744356203,21.463153454310724,17.700317727840638,4.549330186830489,4.292613822598948,6.7561428187546975,1.5417506648024848,22.77529163275849,28.592961743207926,24.210926066720983,6.108182304723578,6.043291212353077,8.984930782113235,2.2191909884033945,16.003141527656037,19.963014803211042,19.322376786902744,4.827243525108636,4.586807381028632,6.678176299727636,1.5950932987107418,1.0,0.3,0.2,1.0,1.0,1.0,1.0,1.4,1.000000002,565.2541388,564.2857572,3.306307032,0.754371416,2.551935615,0.00584924,0.00133457,0.004514669,1855.29,286,1.0,0.0,0.0,0.0,True
COOK:9600030,COOK:9600030,COOK:Wheeling Precinct 30,,,,,,,,,,0.81861367,0.039016841,0.015589686,0.111211282,0.009915492,0.000707592,0.4574,0.9431,0.0569,0.7535,0.0333,0.013,0.0105,0.1842,0.083798189,0.135574023,0.059856006,0.087214042,0.147564341,0.18628647,0.110561316,0.128773115,0.060372499,0.044120337,3.83e-06,0.008556681,0.02279018,0.015689026,0.017107262,0.00854146,0.011417084,0.032759068,0.038476246,0.058409728,0.135316562,0.135267868,0.121070733,0.098316541,0.252157392,,-0.183368573,0.464566929,127.0,-0.422885572,201.0,-0.024203822,785.0,54.0,119741,1063,562,-0.726913986,0.754948507,-1.167708326,-1.076598301,-0.59814746,-0.554068026,-0.72087552,-0.528770709,-0.59814746,complete,COOK,Wheeling Precinct 30,0,0,0,Wheeling,1,0,0,440,293,195,248,186,124,0.1844,22.047554161473837,65,0.5438,27.79619503204106,81,0.26678,23.820147646559622,70,0.00096,6.016024546850933,18,0.00086,6.085177974722496,18,0.00312,8.969925725164238,26,8e-05,2.203714983067605,6,COOK:9600030,COOK:9600030,COOK:WHEELING PRECINCT 30,1.0,84.00740003,1.665116588,1.665116588,1.665116588,1.665116588,6.001900437,1.665116588,1.665116588,17.406358865089025,21.301936989550953,17.798080336990413,4.551050429827047,4.373395147827397,6.814752231340605,1.5470440468213937,22.55029296206055,28.413464485463656,24.3818624022385,6.120135994450145,6.161850040165806,9.077628208976403,2.229540636925609,15.813468648388858,19.80179833845127,19.42013939605252,4.828963768105194,4.667588706257081,6.7367857123135435,1.6003866807296507,1.0,0.3,0.2,1.0,1.0,1.0,1.0,1.4,1.0,483.0719028,481.9612276,2.843596462,1.329821739,1.513774723,0.005886487,0.002752844,0.003133643,2122.01,293,1.0,0.0,0.0,0.0,True
COOK:9600038,COOK:9600038,COOK:Wheeling Precinct 38,,,,,,,,,,0.75576817,0.154509015,0.013253752,0.068040724,0.027643943,0.001203585,0.2587,0.8573,0.1427,0.7536,0.0104,0.0,0.0264,0.2095,0.068373121,0.07607938,0.112262147,0.140050329,0.072551233,0.199297428,0.140670644,0.089086534,0.101629184,0.039458333,0.022550522,0.026757483,0.09997693,0.033806653,0.050691796,1.29e-06,0.05774775,0.062083082,0.081752432,0.0690717,0.165065802,0.115674932,0.049506559,0.104677533,0.021177204,,0.227546582,0.258278146,151.0,-0.364341085,129.0,0.201581028,506.0,54.3,65467,904,502,1.023656172,-0.511329157,-0.962230345,-0.358305527,-0.400640866,-0.202052214,-0.552676492,-0.567377384,-0.400640866,complete,COOK,Wheeling Precinct 38,0,0,0,Wheeling,1,0,0,393,262,175,217,163,109,0.09346,20.36032644101064,53,0.75622,31.412611057635697,82,0.14662,22.329159165868422,59,0.00082,6.437645916992343,17,0.00076,5.8258841629604525,15,0.00206,8.254899281334966,22,6e-05,2.3444468743978994,6,COOK:9600038,COOK:9600038,COOK:WHEELING PRECINCT 38,1.0,80.08915236,2.364814338,2.364814338,2.364814338,2.364814338,5.721961617,2.364814338,2.364814338,16.807280146558995,25.123582849258185,17.604338518586566,5.1423691175638595,4.370375871100701,6.6162815926797895,1.7720644611913607,20.759304979941554,32.05975055375909,22.881574600598803,6.572069200775863,5.857436610588577,8.387845832131468,2.416792952485321,15.21438992985883,23.623444198158502,19.226397577648672,5.420282455842006,4.664569429530385,6.538315073652728,1.8254070950996177,1.0,0.3,0.2,1.0,1.0,1.0,1.0,1.4,1.0,367.9112795,367.1751456,1.771787935,0.377480536,1.394307399,0.004815802,0.00102601,0.003789792,1382.62,262,0.999989123,0.0,0.0,0.0,True
COOK:9600040,COOK:9600040,COOK:Wheeling Precinct 40,,,,,,,,,,0.84392031,0.045671672,0.019683398,0.075904025,0.007515388,0.000907273,0.3556,0.9494,0.0506,0.7023,0.0812,0.0003,0.0089,0.2003,0.113010621,0.174438782,0.078541797,0.096140242,0.159831591,0.121149451,0.143290006,0.069569446,0.044028064,0.027247485,0.015624596,0.031481134,0.002609457,0.020963857,0.002976218,0.0034031,0.032286943,0.05240189,0.003232687,0.047561782,0.109045935,0.067709351,0.067713144,0.140948321,0.374794104,,-0.132629166,0.32,200.0,-0.333333333,174.0,-0.04494382,890.0,50.3,155584,1291,710,-0.510755272,-0.132457344,-0.85340011,-1.142578772,-0.694062358,-0.659797874,-0.732782806,-0.655581968,-0.694062358,complete,COOK,Wheeling Precinct 40,0,0,0,Wheeling,1,0,0,555,370,247,152,114,76,0.18478,22.08293195126916,82,0.54628,27.88470655867351,103,0.2637,23.795813304010498,88,0.0009,6.104117274393336,23,0.00096,6.087307569572728,23,0.00314,8.863166478879597,33,0.00024,2.1873744833611144,8,COOK:9600040,COOK:9600040,COOK:WHEELING PRECINCT 40,1.0,85.45641529,1.40635992,1.40635992,1.40635992,1.40635992,6.105425189,1.40635992,1.40635992,17.40684235726635,21.303114583316667,17.79759134098138,4.551550884141331,4.371697009127995,6.814491924013532,1.5471338230254819,22.550999828270562,28.415150632835573,24.381263935602565,6.120829716149229,6.1595653342977545,9.077297785952489,2.2296674971725143,15.813952140566181,19.802975932216984,19.419650400043487,4.829464222419477,4.665890567557679,6.7365254049864705,1.6004764569337389,1.0,0.3,0.2,1.0,1.0,1.0,1.0,1.4,1.0,719.5397842,718.4501797,4.692070507,3.707510218,0.984560289,0.006520933,0.005152613,0.001368319,2489.08,0,0.165420066,0.0,0.0,0.0,True
COOK:9600043,COOK:9600043,COOK:Wheeling Precinct 43,,,,,,,,,,0.514124836,0.058352424,0.034813483,0.384542509,0.004924784,0.000543862,0.6061,0.5674,0.4326,0.6874,0.025,0.0,0.0,0.199,0.03766628,0.03392368,0.203111888,0.242403296,0.159232737,0.072423126,0.111256468,0.070910388,0.069072139,0.007785581,0.005140018,0.054749003,0.014567114,2.85e-05,7.6e-06,2.87e-05,0.017981286,0.005159424,0.062501248,0.140375206,0.134464457,0.080504852,0.177949994,0.069382552,0.229374422,,0.016619763,0.296703297,91.0,-0.2,90.0,0.127272727,440.0,40.9,117767,797,425,0.125071171,-0.275461216,-0.385430103,-0.594703654,-0.333681078,-0.282630951,-0.354240909,0.298220099,-0.333681078,complete,COOK,Wheeling Precinct 43,0,0,0,Wheeling,1,0,0,332,221,147,215,162,108,0.08008,19.629488773135048,43,0.6668,30.288390352671353,67,0.25106,24.785868068818452,55,0.00072,7.024646146958832,16,0.00042,5.929028364974733,13,0.00082,6.761781675573383,15,0.0001,2.5151504006052683,6,COOK:9600043,COOK:9600043,COOK:WHEELING PRECINCT 43,1.0,78.41391901,2.663967709,2.663967709,2.663967709,2.663967709,5.602274735,2.663967709,2.663967709,16.481563334792533,24.502159622317947,19.748897704203507,5.684158155324302,4.580692130107639,5.506649558325283,1.8976291185065208,20.10537792646214,30.867762674704444,25.312710276862493,7.17741842869735,6.0522304906033035,6.871122349222196,2.548152583728768,14.888673118092365,23.002020971218265,21.370956763265614,5.962071493602449,4.874885688537323,5.428683039298222,1.9509717524147778,1.0,0.3,0.2,1.0,1.0,1.000000001,1.0,1.4,1.000000022,392.8140441,391.9679812,2.325482758,1.479627985,0.845854773,0.00592006,0.003766739,0.002153321,1362.82,221,0.999238318,0.0,0.0,0.0,True
COOK:9600044,COOK:9600044,COOK:Wheeling Precinct 44,,,,,,,,,,0.800745551,0.060572041,0.01313909,0.116054499,0.013133304,3.22e-06,0.5072,0.933,0.067,0.8272,0.0346,0.0006,0.0111,0.1209,0.112236723,0.077637875,0.088113143,0.109846422,0.127523312,0.158292975,0.150226108,0.140358202,0.03576524,0.017418428,0.006403614,0.001636162,0.02840401,0.011130716,0.012631182,1.07e-05,0.017349341,0.048875016,0.026954828,0.022140593,0.108939261,0.112199635,0.121657379,0.093321423,0.370927662,,-0.185813835,0.339449541,109.0,-0.271604938,162.0,-0.102040816,588.0,54.1,142653,859,470,-0.737331229,-0.013068791,-0.636747329,-1.324222312,-0.667784025,-0.677842415,-0.659565008,-0.572538012,-0.667784025,complete,COOK,Wheeling Precinct 44,0,0,0,Wheeling,1,0,0,368,245,163,214,161,107,0.1821,22.115280105313005,54,0.54742,27.85800670746893,68,0.26606,23.771740943322815,58,0.00088,5.9655484505175105,15,0.00082,6.0907490914515385,15,0.00266,8.867470268655714,22,6e-05,2.207284384392385,5,COOK:9600044,COOK:9600044,COOK:WHEELING PRECINCT 44,1.0,85.08460068,1.472756399,1.472756399,1.472756399,1.472756399,6.078860931,1.472756399,1.472756399,17.40630404098785,21.30179340305669,17.79817440985925,4.550953935881607,4.373628326849831,6.814805041629535,1.5470371651797474,22.550196617545218,28.413238107021474,24.381962693652635,6.119998553118385,6.162159350140389,9.077690328113569,2.2295290806889954,15.813413824287682,19.801654751957006,19.420233468921356,4.828867274159753,4.667821885279515,6.736838522602474,1.6003797990880044,1.0,0.3,0.2,1.0,1.0,1.0,1.0,1.4,1.0,365.3791801,364.5067874,1.75971011,1.441261009,0.318449101,0.00481612,0.003944562,0.000871558,1325.68,245,1.0,0.0,0.0,0.0,True
COOK:9600046,COOK:9600046,COOK:Wheeling Precinct 46,,,,,,,,,,0.88276304,0.049644723,0.004634723,0.045077357,0.012689108,0.000576349,0.4496,0.9314,0.0686,0.6421,0.0606,0.0156,0.0234,0.2473,0.109314598,0.097647337,0.056358459,0.098726648,0.130236809,0.161334248,0.153032181,0.123902163,0.069447559,0.041258097,0.025784727,0.0,0.011340703,0.012390245,0.01648427,0.069099273,0.012368804,0.003090181,0.045384687,0.057753235,0.101031016,0.164977667,0.068056079,0.133922301,0.237058715,,-0.13236835,0.387978142,183.0,-0.468926554,177.0,-0.063529412,850.0,55.7,115762,1231,677,-0.50964415,0.284817902,-1.329301816,-1.201705398,-0.770924132,-0.688958365,-0.898992822,-0.468392425,-0.770924132,complete,COOK,Wheeling Precinct 46,0,0,0,Wheeling,1,0,0,530,353,235,284,213,142,0.18554,22.198270763204956,78,0.54642,27.91894396007978,99,0.26344,23.75758261293962,84,0.0008,5.987538603685892,21,0.00082,6.023081340543621,21,0.0028,8.879930107801705,31,0.00018,2.2494605353239634,8,COOK:9600046,COOK:9600046,COOK:WHEELING PRECINCT 46,1.0,86.4456112,1.229715102,1.229715102,1.229715102,1.229715102,6.176098194,1.229715102,1.229715102,17.49559159026559,21.37884745310648,17.75201658907486,4.550697581878394,4.333473386505936,6.787186521178942,1.5447316514506557,22.65630430335508,28.499542420124712,24.301379490240127,6.115149061080472,6.103456538886531,9.03402661112257,2.2249163054711594,15.902701373565426,19.8787088020068,19.374075648136966,4.828610920156541,4.62766694493562,6.709220002151881,1.5980742853589127,1.0,0.3,0.2,1.0,1.0,1.0,1.0,1.4,1.0,448.7818538,447.2238515,3.578797041,1.682861876,1.895935165,0.007974469,0.003749844,0.004224625,1634.0,0,0.127930819,0.0,0.0,0.0,True
COOK:9600047,COOK:9600047,COOK:Wheeling Precinct 47,,TRUE,,,,,,,True,0.784177687,0.110659871,0.010529155,0.07934698,0.010835058,3.5e-06,0.3257,0.7671,0.2329,0.8443,0.0827,0.0063,0.0053,0.0541,0.1525191,0.094633743,0.090954328,0.153133793,0.107458397,0.156326936,0.114207407,0.07730916,0.053457136,0.028787658,0.01819832,0.010799592,0.009026522,0.045429709,0.026623255,0.019049427,0.027331785,0.051146238,0.057646838,0.073497921,0.167044726,0.097293867,0.083967917,0.114864811,0.169291414,,-0.211239291,0.247706422,109.0,-0.535211268,142.0,0.031690141,568.0,50.9,94824,1036,521,-0.845648101,-0.576222351,-1.561946252,-0.898781987,-1.042279488,-0.970649673,-1.160538804,-0.665687686,-1.042279488,complete,COOK,Wheeling Precinct 47,0,0,0,Wheeling,1,0,0,407,271,181,166,125,83,0.18236,22.028569405906783,60,0.54524,27.857371837392197,75,0.26748,23.78834605361827,64,0.00062,6.0099822631054,16,0.00094,6.077618108752309,16,0.00322,8.901892804999898,24,0.00014,2.225987019887972,6,COOK:9600047,COOK:9600047,COOK:WHEELING PRECINCT 47,1.0,89.0005415,0.773470593,0.773470593,0.773470593,0.773470593,6.358634938,0.773470593,0.773470593,17.406848499811453,21.3030829340807,17.797764139847292,4.551373031724468,4.3718637117510015,6.814596574034822,1.5471502497965233,22.550933762776477,28.41500898504302,24.381406637542806,6.120566107045623,6.159769177540209,9.077407842183838,2.22968221814871,15.813958283111285,19.802944282981016,19.4198231989094,4.829286370002615,4.666057270180685,6.736630055007761,1.6004928837047803,1.0,0.3,0.2,1.0,1.0,1.0,1.0,1.4,1.000000001,678.5358852,676.6090327,3.875252875,2.912996875,0.962256,0.005711198,0.004293062,0.001418136,2534.26,8,0.643647796,0.0,0.0,0.0,True
COOK:9600048,COOK:9600048,COOK:Wheeling Precinct 48,,,,,,,,,,0.636422534,0.115970782,0.027398834,0.199665284,0.019605465,6.77e-07,0.241,0.8766,0.1234,0.8865,0.0305,0.0,0.0001,0.0789,0.168579995,0.060648186,0.072319013,0.163934874,0.118886118,0.087084163,0.184915498,0.069884855,0.073747298,0.050775499,0.004844686,5.41e-05,0.036308873,0.072543306,0.012118345,2.62e-05,0.033854266,0.014539224,0.017069273,0.111241488,0.171985586,0.133128073,0.038912185,0.135569546,0.167029422,,-0.213225132,0.234042553,94.0,-0.457364341,129.0,-0.012048193,415.0,52.5,96314,637,363,-0.85410813,-0.660096286,-1.288721049,-1.037927414,-1.003674512,-0.96021322,-1.069376078,-0.685644318,-1.003674512,complete,COOK,Wheeling Precinct 48,0,0,0,Wheeling,1,0,0,284,189,126,151,114,76,0.1814,22.063638496267345,42,0.5491,27.81716893509376,53,0.26474,23.812443603141148,45,0.00064,6.056855803863649,11,0.00098,6.057383739286267,11,0.00304,8.912016653636828,17,0.0001,2.25099118267999,4,COOK:9600048,COOK:9600048,COOK:WHEELING PRECINCT 48,1.0,88.71017957,0.825321729,0.825321729,0.825321729,0.825321729,6.337890058,0.825321729,0.825321729,17.405013285377443,21.29877716425958,17.79899007942241,4.550121901564792,4.377646635752446,6.815204598208717,1.5467556705726548,22.54851485285601,28.409182829000766,24.383149156734124,6.118891908492487,6.167621601123017,9.078259842564318,2.229154539509947,15.812123068677277,19.798638513159897,19.421049138484516,4.828035239842938,4.6718401941821295,6.7372380791816555,1.6000983044809118,1.0,0.3,0.2,1.0,1.0,1.0,1.0,1.4,1.0,252.4028027,251.8258842,1.763543136,1.196581465,0.566961671,0.006987019,0.004740761,0.002246257,852.19,0,0.08487481,0.0,0.0,0.0,True
COOK:9600051,COOK:9600051,COOK:Wheeling Precinct 51,,,,,,,,,True,0.7133271,0.120605204,0.018319851,0.133565933,0.00888131,0.001772428,0.3168,0.8943,0.1057,0.7324,0.025,0.0,0.0039,0.2365,0.099658344,0.086227497,0.101319162,0.098608551,0.132007997,0.149831915,0.130384926,0.114163611,0.087797996,0.021695625,0.061408002,0.026494843,0.074662535,0.050578144,0.036124411,0.002411948,0.040945105,0.045770456,0.062664565,0.051801015,0.109647281,0.091592182,0.056638135,0.147049629,0.120516126,,-0.226788242,0.287671233,146.0,-0.238095238,126.0,-0.082311734,571.0,54.0,80801,885,448,-0.911889342,-0.330903401,-0.51913582,-1.261457884,-0.716571259,-0.755846612,-0.669229101,-0.514484413,-0.716571259,complete,COOK,Wheeling Precinct 51,0,0,0,Wheeling,1,0,0,350,233,155,218,164,109,0.18648,22.138945351594973,52,0.5409,27.77158788821974,65,0.26716,23.8371841521278,56,0.00092,6.02788801968307,14,0.0011,6.1369231064284575,14,0.00336,8.87355188705392,21,8e-05,2.238155904551653,5,COOK:9600051,COOK:9600051,COOK:WHEELING PRECINCT 51,1.0,85.76082631,1.351999981,1.351999981,1.351999981,1.351999981,6.127173805,1.351999981,1.351999981,17.40602034969811,21.301140834951585,17.798313887154816,4.550812017650555,4.374469642809502,6.814868858870842,1.5469718980295555,22.549843671111354,28.412383061914763,24.382190048311465,6.119815889500991,6.163308112297461,9.077790100052535,2.2294438470921008,15.813130132997946,19.801002183851903,19.420372946216922,4.828725355928702,4.668663201239186,6.73690233984378,1.6003145319378125,1.0,0.3,0.2,1.0,1.0,1.0,1.0,1.4,1.0,624.5776524,623.0960732,3.805105761,0.937705636,2.867400125,0.006092286,0.001501344,0.004590943,2614.73,233,1.0,0.0,0.0,0.0,True
COOK:9600052,COOK:9600052,COOK:Wheeling Precinct 52,,,,,,,,,,0.851733882,0.034907181,0.007474663,0.099002011,0.008142691,1.87e-06,0.3722,0.9035,0.0965,0.7278,0.0076,0.0,0.0,0.2433,0.136206682,0.053546851,0.094887844,0.12116976,0.128688316,0.103001852,0.142222646,0.14696129,0.073314761,4.21e-05,0.087480622,2.73e-05,0.035529766,0.057171905,0.00642012,0.031499008,0.01052379,0.031510348,0.065915612,0.030925331,0.139910153,0.133958007,0.046956911,0.171385187,0.150743846,,-0.338724642,0.356589147,258.0,-0.295154185,227.0,0.113087675,787.0,54.8,100568,1118,723,-1.38875791,0.092140517,-0.719399889,-0.639830775,-0.597026212,-0.663962014,-0.608113787,-0.651427054,-0.597026212,complete,COOK,Wheeling Precinct 52,0,0,0,Wheeling,1,0,0,566,377,251,136,102,68,0.18486,22.08758639375893,83,0.54176,27.833873749109216,105,0.2685,23.77463157172973,90,0.00086,6.0589588145661155,23,0.00096,6.114872648781495,23,0.00298,8.890785393086691,34,8e-05,2.2243995546422686,8,COOK:9600052,COOK:9600052,COOK:WHEELING PRECINCT 52,1.0,83.98889968,1.668420273,1.668420273,1.668420273,1.668420273,6.000578681,1.668420273,1.668420273,17.4065840676058,21.302434753843173,17.798047440277482,4.551083003927947,4.372809138951431,6.814748505262278,1.5471025034294497,22.550540515589915,28.41407235198308,24.381747265649377,6.120162564235538,6.161039357460972,9.077598678325131,2.229613997036672,15.813693850905633,19.80229610274349,19.42010649933959,4.828996342206094,4.667002697381115,6.736781986235217,1.6004451373377067,1.0,0.3,0.2,1.0,1.0,1.0,1.0,1.4,1.0,424.0769759,423.7705298,2.141775105,0.917498696,1.224276409,0.005050439,0.002163519,0.00288692,1374.56,377,0.999680707,0.0,0.0,0.0,True
COOK:9600053,COOK:9600053,COOK:Wheeling Precinct 53,,,,,,,,,,0.868795182,0.031576895,0.002887785,0.090994449,0.003838392,0.001911566,0.4653,0.9557,0.0443,0.7585,0.0841,0.0024,0.0,0.147,0.136203557,0.069815324,0.114667362,0.130049985,0.102281154,0.194772457,0.085717716,0.127774545,0.038717901,0.020065156,0.008071197,0.008024684,0.006027645,0.014065839,0.028029029,9.12e-06,0.008010735,0.006019705,0.010098225,0.038075396,0.098210191,0.108279084,0.120231987,0.154260595,0.37252141,,-0.266925657,0.304347826,115.0,-0.369369369,111.0,-0.150084317,593.0,52.0,158681,821,473,-1.082881723,-0.228536239,-0.979878491,-1.477063832,-0.931789748,-0.942090071,-0.939347432,-0.673421606,-0.931789748,complete,COOK,Wheeling Precinct 53,0,0,0,Wheeling,1,0,0,369,246,164,197,148,99,0.18372,22.054743750467885,54,0.54772,27.824671214480603,68,0.26346,23.837760124018068,59,0.00074,5.965116866755661,15,0.00078,6.094388184890574,15,0.00336,8.944775491408006,22,0.00022,2.2547335143470444,6,COOK:9600053,COOK:9600053,COOK:WHEELING PRECINCT 53,1.0,88.11147795,0.932234362,0.932234362,0.932234362,0.932234362,6.29511588,0.932234362,0.932234362,17.40672729232767,21.302754229659328,17.798015354876604,4.551115208386447,4.372424706417009,6.814739403012906,1.5471387274794837,22.550702634484843,28.41446911164868,24.381664667840838,6.120196450963751,6.160509258031183,9.077572772308852,2.2296598350025243,15.813837075627504,19.802615578559646,19.42007441393871,4.829028546664594,4.666618264846693,6.736772883985845,1.6004813613877407,1.0,0.3,0.2,1.0,1.0,1.0,1.0,1.4,1.0,418.0873753,417.0925239,1.992014736,1.658425536,0.333589201,0.00476459,0.003966696,0.000797894,1710.66,246,0.999360361,0.0,0.0,0.0,True
COOK:9600054,COOK:9600054,COOK:Wheeling Precinct 54,,,,,,,,,,0.858514071,0.05408516,0.008156425,0.065944377,0.013311395,0.000738314,0.3371,0.6956,0.3044,0.8399,0.0147,0.0,0.0018,0.1255,0.102095378,0.054880477,0.076206473,0.092224592,0.096007358,0.115038568,0.242815734,0.12255521,0.098176208,0.022115757,1.16e-05,0.018677603,0.032248455,0.061116285,0.018668702,0.011881022,0.044131162,0.011897258,0.040762146,0.098456635,0.162977117,0.139179816,0.062863069,0.10357519,0.171438183,,-0.219265374,0.028571429,105.0,-0.436619718,142.0,-0.173633441,622.0,61.4,96481,883,397,-0.879840613,-1.921354854,-1.215912089,-1.551981018,-1.425879291,-1.392272143,-1.39060728,-0.852370473,-1.425879291,complete,COOK,Wheeling Precinct 54,0,0,0,Wheeling,1,0,0,311,207,138,218,164,109,0.20702,23.04049916101515,48,0.5787,28.555606230597174,59,0.21076,23.04454690866074,48,0.00082,5.965178526095537,12,0.00048,5.527899337652659,11,0.00216,8.467417264149546,18,6e-05,2.1649430182701486,4,COOK:9600054,COOK:9600054,COOK:WHEELING PRECINCT 54,1.0,91.00969831,0.414687123,0.414687123,0.414687123,0.414687123,6.502178949,0.414687123,0.414687123,18.213581596699896,21.984964080623744,17.382421439433237,4.542218332983002,4.035280453551878,6.565420289589175,1.5240265443004712,23.503012698370167,29.168984808258813,23.65807824420375,6.067390957470535,5.667258758067765,8.685030614227724,2.1850186496819295,16.62069137999973,20.48482542952406,19.004480498495344,4.820131671261149,4.329474011981562,6.487453770562114,1.5773691782087282,1.0,0.3,0.2,1.0,1.0,1.0,1.0,1.4,1.0,731.0414397,729.0507247,4.339945217,2.795155792,1.544789425,0.005936661,0.003823526,0.002113135,2332.06,62,0.862145797,0.0,0.0,0.0,True
COOK:9600056,COOK:9600056,COOK:Wheeling Precinct 56,,,,,,,,,,0.679939913,0.065255404,0.014055315,0.24274532,0.009032858,7.86e-07,0.424,0.907,0.093,0.7864,0.1306,0.0,0.0,0.0829,0.134092523,0.111077562,0.025918403,0.195131242,0.095357805,0.100808564,0.165632435,0.11098892,0.060992546,0.041347919,0.013804151,0.013775195,0.025259077,0.057377729,1.4e-05,0.004622853,0.01836585,0.025265878,0.025367451,0.098765459,0.020807911,0.167689939,0.050652031,0.145063339,0.291821209,,-0.099939446,0.208333333,96.0,-0.361702128,94.0,0.09223301,412.0,54.5,123142,695,357,-0.371491369,-0.817909089,-0.9529682,-0.706176038,-0.770283857,-0.712136174,-0.818450262,-0.535340575,-0.770283857,complete,COOK,Wheeling Precinct 56,0,0,0,Wheeling,1,0,0,279,186,124,162,122,81,0.18482,22.080277527221863,41,0.54818,27.865730542744384,52,0.26224,23.790029234281302,44,0.00084,6.0392591996892415,11,0.00064,6.06784432496427,11,0.0031,8.938172073368463,17,0.00018,2.219879251319178,4,COOK:9600056,COOK:9600056,COOK:WHEELING PRECINCT 56,1.0,86.43793945,1.231085077,1.231085077,1.231085077,1.231085077,6.175550086,1.231085077,1.231085077,17.40447416978124,21.297419647949248,17.799706032654125,4.54938821405497,4.3797196728556465,6.81559779775087,1.546670142587318,22.54765512130105,28.407147244949222,24.383959786276247,6.117858617822901,6.170391149893774,9.07873722116657,2.2290255888709156,15.811583953081072,19.797280996849565,19.42176509171623,4.827301552333116,4.67391323128533,6.737631278723809,1.600012776495575,1.0,0.3,0.2,1.0,1.000000037,1.000000059,1.00000003,1.39999997,1.000000706,343.2492372,342.3657651,1.987945521,1.766877457,0.221068064,0.005791551,0.005147506,0.000644045,1166.93,186,1.0,0.0,0.0,0.0,True
COOK:9600058,COOK:9600058,COOK:Wheeling Precinct 58,,,,,,,,,,0.696415577,0.127636594,0.024096598,0.142916362,0.011609146,0.000894598,0.4312,0.8241,0.1759,0.7213,0.03,0.0208,0.0,0.2276,0.188029141,0.143205958,0.041131088,0.143295261,0.164676214,0.147775291,0.050591123,0.084039692,0.037256234,5.45e-05,1.09e-05,0.039269799,3.29e-05,0.01871589,0.052389208,2.93e-06,2.16e-05,2.65e-05,0.067331458,0.114104427,0.144129901,0.035698849,0.097410524,0.23765271,0.193147911,,-0.103782598,,,-0.2,115.0,,,47.4,132240,686,422,-0.387863866,,-0.385430103,,,,,-0.292334583,-0.292334583,demographic_only,COOK,Wheeling Precinct 58,0,0,0,Wheeling,1,0,0,330,220,147,170,128,85,0.09202,20.38292759044914,45,0.75818,31.462137637562204,69,0.1462,22.3215965368348,49,0.00092,6.400386152350121,14,0.00064,5.7057380178560875,13,0.0019,8.243235102553264,18,0.00014,2.3716291878064037,5,COOK:9600058,COOK:9600058,COOK:WHEELING PRECINCT 58,1.0,77.27779546,2.866850006,2.866850006,2.866850006,2.866850006,5.5211045,2.866850006,2.866850006,16.806135971204576,25.120900038627866,17.605096511736132,5.141595602928919,4.373974615861971,6.616656853817795,1.771817918220553,20.75786615442673,32.056308491191125,22.882599527774477,6.571084579856826,5.862090664166358,8.388345950049782,2.4164793628153878,15.21324575450441,23.620761387528184,19.22715557079824,5.419508941207066,4.6681681742916545,6.538690334790734,1.82516055212881,1.0,0.3,0.2,1.0,1.0,1.0,1.0,1.4,1.0,418.7789106,417.7809384,1.996165366,1.663095593,0.333069773,0.004766633,0.003971297,0.000795336,1612.85,139,0.943828409,0.0,0.0,0.0,True
COOK:9600006,COOK:9600006,COOK:Wheeling Precinct 6,,,,,,,,,,0.795487809,0.074299455,0.008550905,0.113130255,0.004898773,0.001218506,0.3338,0.8793,0.1207,0.5937,0.0694,0.0,0.0,0.3295,0.092374351,0.15432764,0.129705259,0.067627514,0.177633787,0.239178734,0.101586179,0.024811743,0.012754793,0.010280715,3.2e-05,0.012270858,0.032713765,3.68e-07,2.65e-07,5.53e-05,0.010235863,0.010325157,0.053337308,0.012449911,0.051474279,0.098525598,0.071794737,0.272424386,0.36407949,,-0.118674692,0.173333333,75.0,-0.223880597,67.0,0.102803738,321.0,48.3,175054,494,273,-0.451306781,-1.032752173,-0.469245627,-0.67254722,-0.658256835,-0.65646295,-0.62081337,-0.541700176,-0.658256835,complete,COOK,Wheeling Precinct 6,0,0,0,Wheeling,1,0,0,213,142,95,117,88,59,0.1859,22.132480662738192,31,0.5415,27.822764071230388,40,0.26762,23.81272185284815,34,0.00076,6.046524522823708,9,0.0008,6.069630298736942,9,0.0033,8.934061223125347,13,0.00012,2.2404228190543503,3,COOK:9600006,COOK:9600006,COOK:WHEELING PRECINCT 6,1.0,84.94527315,1.497636694,1.497636694,1.497636694,1.497636694,6.068906689,1.497636694,1.497636694,17.406374076030684,21.301937748870984,17.798204323030117,4.550922756469673,4.373488307131844,6.814828092446211,1.5470587723813356,22.550256775009572,28.413390578743442,24.381960593182015,6.119945725591034,6.161959457386736,9.077706765749653,2.2295548346182135,15.813483859330518,19.8017990977713,19.420263382092223,4.828836094747819,4.667681865561528,6.73686157341915,1.6004014062895926,1.0,0.3,0.2,1.0,1.0,1.0,1.0,1.4,1.0,211.8977385,211.2438621,1.145049588,0.163775443,0.981274146,0.005403784,0.000772898,0.004630885,1282.86,142,1.0,0.0,0.0,0.0,True
COOK:9600060,COOK:9600060,COOK:Wheeling Precinct 60,,,,,,,,,,0.883743397,0.028426524,0.011189992,0.068021547,0.006029534,6.2e-07,0.4484,0.833,0.167,0.6941,0.0752,0.0,0.0023,0.2174,0.062642158,0.081138026,0.033451099,0.143471538,0.138593201,0.174103365,0.14850152,0.154844053,0.06325504,0.065846024,0.040989494,9.18e-06,0.011206007,0.022385196,0.001283276,0.113012207,0.008724765,3.38e-05,0.055951683,0.06220689,0.118154628,0.217494874,0.047328807,0.06604199,0.169331167,,-0.378153705,,,-0.465240642,187.0,,,55.4,100023,860,475,-1.556732588,,-1.316365094,,,,,-0.58303951,-0.58303951,demographic_only,COOK,Wheeling Precinct 60,0,0,0,Wheeling,1,0,0,371,247,165,199,150,100,0.18804,22.207426702950116,55,0.54506,27.84735987480057,69,0.26208,23.73003232002392,59,0.00082,6.039391396238808,15,0.00072,6.017470185954574,15,0.00314,8.889181484740714,22,0.00014,2.215721998118837,5,COOK:9600060,COOK:9600060,COOK:WHEELING PRECINCT 60,1.0,83.75488858,1.710208606,1.710208606,1.710208606,1.710208606,5.983859781,1.710208606,1.710208606,17.457415412841492,21.34605416738896,17.7716657827682,4.550943522036457,4.350322889648575,6.798949417577616,1.545732855840569,22.610996317990143,28.462921477388484,24.335754989745645,6.117419080636561,6.128125840851956,9.05264408732863,2.2269129363392537,15.864525196141326,19.845915516289278,19.393724841830306,4.828856860314604,4.644516448078258,6.720982898550555,1.599075489748826,1.0,0.3,0.2,1.0,1.0,1.0,1.0,1.4,1.0,588.6078364,587.497888,3.69982817,1.676424854,2.023403315,0.006285727,0.002848118,0.003437609,2515.79,3,0.580706007,0.0,0.0,0.0,True
COOK:9600061,COOK:9600061,COOK:Wheeling Precinct 61,,TRUE,,,,,,,True,0.848641465,0.065831842,0.013060135,0.058300875,0.008014461,0.000531795,0.3995,0.8561,0.1439,0.7556,0.0329,0.0009,0.0006,0.2037,0.096139472,0.09277785,0.048332743,0.129829807,0.142274585,0.148943824,0.150457445,0.102224404,0.089019871,0.019253939,0.008330999,0.004949782,0.022466145,0.013823756,0.009541859,0.001980057,0.031553208,0.026762411,0.019714444,0.129594225,0.092526619,0.113688089,0.083260419,0.089218358,0.333335693,,-0.228609124,0.350318471,157.0,-0.475409836,183.0,-0.14863258,841.0,54.6,126746,1242,592,-0.919646616,0.053648764,-1.352056678,-1.472445399,-0.965865988,-0.922624982,-1.051752327,-0.671481615,-0.965865988,complete,COOK,Wheeling Precinct 61,0,0,0,Wheeling,1,0,0,462,308,205,203,153,102,0.18368,22.164334603348728,68,0.54512,27.84175313594582,86,0.26586,23.835728284925406,73,0.00086,5.9798014556132255,18,0.00092,6.082606623932587,19,0.00344,8.91643563735833,27,0.00012,2.1743166496029716,7,COOK:9600061,COOK:9600061,COOK:WHEELING PRECINCT 61,1.0,88.40516404,0.879789618,0.879789618,0.879789618,0.879789618,6.316098254,0.879789618,0.879789618,17.407136149385636,21.303784016818575,17.79747135962499,4.551672682878728,4.370851466256741,6.814440586975985,1.547203502883948,22.551355085082122,28.416013835261808,24.38104902640647,6.120981655466951,6.158407496197839,9.0772100751653,2.229757556700188,15.81424593268547,19.803645365718893,19.419530418687096,4.829586021156874,4.665045024686425,6.736474067948924,1.600546136792205,1.0,0.3,0.2,1.0,1.0,1.000000001,1.0,1.4,1.000000008,715.9542194,715.0111032,3.42333016,1.346663473,2.076666688,0.004781493,0.001880935,0.002900558,1981.17,308,1.0,0.0,0.0,0.0,True
COOK:9600063,COOK:9600063,COOK:Wheeling Precinct 63,,,,,,,,,,0.677598911,0.165824454,0.030365829,0.119197785,0.009931501,1.51e-06,0.4478,0.7528,0.2472,0.589,0.0161,0.0,0.0008,0.3626,0.079295317,0.079793601,0.102032558,0.142150263,0.109084515,0.167113522,0.171372603,0.08462965,0.06452797,0.012261857,0.01556786,0.003374533,0.054459803,0.026684296,0.025563609,0.035596368,0.014450143,0.033377519,0.086768359,0.07009876,0.177882923,0.091316782,0.078950554,0.115686125,0.157960509,,0.089803689,0.195121951,82.0,-0.235294118,68.0,0.227665706,347.0,53.2,92118,642,329,0.436847447,-0.89900549,-0.509304518,-0.275321944,-0.406311323,-0.311696126,-0.445833001,-0.073575971,-0.406311323,complete,COOK,Wheeling Precinct 63,0,0,0,Wheeling,1,0,0,257,171,114,164,123,82,0.09162,20.3619192132905,35,0.75738,31.444794603307493,54,0.1478,22.35480575875375,38,0.0007,6.4189840609185325,11,0.00052,5.773914484324971,10,0.0019,8.23920050706709,14,8e-05,2.34295230141914,4,COOK:9600063,COOK:9600063,COOK:WHEELING PRECINCT 63,1.0,80.22215185,2.341064065,2.341064065,2.341064065,2.341064065,5.731463753,2.341064065,2.341064065,16.806439349425897,25.121657682089037,17.604717724752444,5.1419836695238414,4.372833400355325,6.616450123679136,1.7718681059210437,20.758312604314227,32.05738788378182,22.882180463436463,6.5716048323696015,5.860635309178697,8.388102921739545,2.4165507154603314,15.213549132725731,23.621519030989354,19.22677678381455,5.419897007801988,4.667026958785009,6.5384836046520745,1.8252107398293007,1.0,0.3,0.2,1.0,1.0,1.0,1.0,1.4,1.0,505.6887668,505.4998589,2.041481837,0.301033917,1.74044792,0.004037032,0.000595295,0.003441737,1505.79,0,0.133923246,0.0,0.0,0.0,True
COOK:9600065,COOK:9600065,COOK:Wheeling Precinct 65,,,,,,,,,,0.812310448,0.062352905,0.009877285,0.11545265,0.009116181,2.27e-10,0.4538,0.9959,0.0041,0.7663,0.0927,0.0,0.0021,0.1389,0.081754255,0.20251869,0.034718139,0.097284002,0.179018721,0.119263219,0.173972028,0.075559672,0.035911274,3.15e-05,2.7e-05,0.004898442,4.63e-05,9.75e-05,2.96e-05,0.021240515,0.006620359,0.024504332,7.79e-05,0.026329751,0.032735587,0.163345343,0.102829314,0.192798414,0.424388106,,-0.133830132,0.193548387,124.0,-0.479289941,169.0,0.046296296,648.0,52.0,180391,983,539,-0.515871596,-0.908664615,-1.365674973,-0.852315204,-0.995611935,-0.910631597,-1.08662061,-0.652303861,-0.995611935,complete,COOK,Wheeling Precinct 65,0,0,0,Wheeling,1,0,0,422,281,187,234,176,117,0.18338,22.08407092452383,62,0.54446,27.87453550260618,78,0.26726,23.884496558253858,67,0.0006,5.969770354531807,17,0.00094,6.058085367984403,17,0.00316,8.958718403710328,25,0.0002,2.20883733695952,6,COOK:9600065,COOK:9600065,COOK:WHEELING PRECINCT 65,1.0,88.64690069,0.8366217,0.8366217,0.8366217,0.8366217,6.333369105,0.8366217,0.8366217,17.406332561171,21.301845130166985,17.798213684772758,4.550913358430266,4.373599802763924,6.814830767912655,1.5470482777973638,22.550209757517134,28.413275518123694,24.381984586637156,6.11993580950337,6.162113191783833,9.077714314152619,2.2295415525628886,15.813442344470833,19.801706479067303,19.420272743834865,4.828826696708413,4.667793361193608,6.736864248885594,1.6003909117056208,1.0,0.3,0.2,1.0,1.000000008,1.000000013,1.000000006,1.399999994,1.000000113,540.7232724,539.3661747,3.141933898,2.669963514,0.471970384,0.005810613,0.004937763,0.00087285,1951.42,281,1.0,0.0,0.0,0.0,True
COOK:9600066,COOK:9600066,COOK:Wheeling Precinct 66,,,,,,,,,,0.781291394,0.076236334,0.015684174,0.111842986,0.012106875,0.002136992,0.3652,0.9308,0.0692,0.654,0.036,0.0,0.0053,0.3009,0.159110734,0.101613208,0.122869169,0.084257396,0.123386689,0.180944266,0.106457369,0.088945038,0.032416133,0.022863654,0.020302799,0.006359366,0.011445548,1.34e-05,1.31e-05,0.035552761,0.003813101,0.003872124,0.091443591,0.083844109,0.082710627,0.17528234,0.064903769,0.181748231,0.215831524,,-0.295111584,0.258741259,143.0,-0.194244604,139.0,0.060240964,581.0,51.4,119649,878,525,-1.202958683,-0.508486396,-0.365229958,-0.80795282,-0.637384092,-0.721156964,-0.56619869,-0.497271005,-0.637384092,complete,COOK,Wheeling Precinct 66,0,0,0,Wheeling,1,0,0,410,273,182,218,164,109,0.185,22.064263068422544,60,0.54696,27.871505616891966,76,0.26282,23.783944696617894,65,0.00082,6.064027039122331,17,0.0009,6.063172305368513,17,0.00338,8.952223938294933,24,0.00012,2.214511711097377,6,COOK:9600066,COOK:9600066,COOK:WHEELING PRECINCT 66,1.0,84.6313165,1.553701235,1.553701235,1.553701235,1.553701235,6.046476088,1.553701235,1.553701235,17.40634919369254,21.301914326858324,17.798086688942814,4.551043948277685,4.3734255090095155,6.8147553700573305,1.5470419581524777,22.55028026020004,28.413433881192155,24.38187149392253,6.120127336910625,6.161891280298038,9.07763262959713,2.229537848160162,15.813458976992376,19.80177567575864,19.42014574800492,4.8289572865558315,4.667619067439199,6.736788851030269,1.6003845920607347,1.0,0.3,0.2,1.0,1.0,1.0,1.0,1.4,1.0,516.1635096,514.5715952,2.791696797,0.398122912,2.393573885,0.005408551,0.000771312,0.00463724,2138.71,273,0.998904034,0.0,0.0,0.0,True
COOK:9600067,COOK:9600067,COOK:Wheeling Precinct 67,,,,,,,,,,0.762270365,0.06805901,0.019886044,0.150812438,0.00628059,4.61e-06,0.358,0.932,0.068,0.7964,0.0412,0.0,0.0062,0.1419,0.127335745,0.128141972,0.034850793,0.19143938,0.102853294,0.083114119,0.195378017,0.103626869,0.033259811,0.038011728,0.026823974,0.006710946,0.020116842,0.026829262,0.011182656,0.008956778,0.008948878,0.01343375,0.078273149,0.07605791,0.114059985,0.098465542,0.06945148,0.252804588,0.149872532,,-0.120303605,,,-0.565217391,69.0,,,53.3,117924,616,324,-0.458246234,,-1.667260995,,,,,-0.61961039,-0.61961039,demographic_only,COOK,Wheeling Precinct 67,0,0,0,Wheeling,1,0,0,254,169,113,151,114,76,0.18594,22.11976852008805,37,0.54344,27.829885148782154,47,0.26534,23.876995718922462,40,0.001,6.009251106804116,10,0.00096,6.03537349453995,10,0.00322,8.906789998152961,15,0.0001,2.1641731167500096,4,COOK:9600067,COOK:9600067,COOK:WHEELING PRECINCT 67,1.0,84.35427222,1.603174183,1.603174183,1.603174183,1.603174183,6.026682686,1.603174183,1.603174183,17.40576247426803,21.300531737239883,17.79850178855677,4.550620122397644,4.3752986789740955,6.814963726544442,1.546917789064518,22.54949722203167,28.411550154015103,24.382448028924397,6.119556840875919,6.164431838859368,9.077919800029324,2.229370845544886,15.812872257567864,19.8003930861402,19.420560847618876,4.828533460675791,4.669492237403779,6.736997207517381,1.600260422972775,1.0,0.3,0.2,1.0,1.000000043,1.000000068,1.000000034,1.399999966,1.000001713,304.9580116,304.1305822,1.912126031,1.278893884,0.633232147,0.006270129,0.004193672,0.002076457,1459.48,169,1.0,0.0,0.0,0.0,True
COOK:9600068,COOK:9600068,COOK:Wheeling Precinct 68,,,,,,,,,,0.454275528,0.357556685,0.023627085,0.162418186,0.014768575,6.61e-07,0.2402,0.7989,0.2011,0.8378,0.0258,0.0,0.0047,0.1045,0.130850669,0.075638195,0.142135275,0.138671124,0.159210807,0.131235436,0.160191869,0.051856924,0.010209701,0.023407306,0.007116837,0.015254853,0.001033962,0.035581976,0.00102828,0.002045054,0.155417765,0.013250238,0.002083146,0.149431746,0.124048911,0.067238908,0.073292511,0.17288759,0.156880918,,0.127994262,,,-0.165048544,103.0,,,46.1,94014,1063,614,0.599545943,,-0.262758355,,,,,-0.172006367,-0.172006367,demographic_only,COOK,Wheeling Precinct 68,0,0,0,Wheeling,1,0,0,480,320,213,254,191,127,0.09094,20.319831782638147,65,0.75952,31.443633690128515,101,0.14664,22.331373221957733,71,0.00076,6.44088220718039,21,0.00048,5.712643510283056,18,0.0016,8.2804965810401,26,6e-05,2.419850490075265,8,COOK:9600068,COOK:9600068,COOK:WHEELING PRECINCT 68,1.0,73.48471662,3.544195837,3.544195837,3.544195837,3.544195837,5.250108355,3.544195837,3.544195837,16.80585801097838,25.12023257684771,17.605341003251286,5.141345587968841,4.3749123488816934,6.616784412472226,1.7717631776059701,20.757494570710747,32.05541570511827,22.88289851457426,6.570757413568752,5.863296417707366,8.388504924111736,2.4164071844895236,15.212967794278214,23.620093925748026,19.227400062313393,5.419258926246988,4.669105907311377,6.538817893445165,1.8251058115142271,1.0,0.3,0.2,1.0,1.000000001,1.000000002,1.000000001,1.399999999,1.000000011,653.3906218,651.3186085,4.307026558,3.127732654,1.179293904,0.00659181,0.004786926,0.001804883,2978.0,90,0.853707442,0.0,0.0,0.0,True
COOK:9600069,COOK:9600069,COOK:Wheeling Precinct 69,,,,,,,,,,0.887945434,0.033288266,0.006124043,0.067886069,0.006101334,2.19e-06,0.4299,0.9986,0.0014,0.8441,0.0327,0.0,0.0223,0.0992,0.038266156,0.039096678,0.132413228,0.037596502,0.083853041,0.134959158,0.183701463,0.156804962,0.193308811,0.019417474,0.019395468,2e-05,0.035577163,0.067850741,0.022620149,0.024230971,0.040427454,0.022639116,0.059806585,0.144010906,0.056692902,0.142341241,0.022797053,0.187536466,0.134636291,,-0.441936508,,,-0.365853659,246.0,,,63.4,94405,1079,654,-1.828458442,,-0.96753914,,,,,-0.811593527,-0.811593527,demographic_only,COOK,Wheeling Precinct 69,0,0,0,Wheeling,1,0,0,512,341,227,252,189,126,0.21474,23.26501728833229,79,0.58144,28.729628983471255,98,0.20068,22.905024580980758,78,0.00072,5.933550108602013,20,0.00048,5.434734228105508,19,0.00182,8.3774524683655,29,0.00012,2.174002742917655,7,COOK:9600069,COOK:9600069,COOK:WHEELING PRECINCT 69,1.0,86.91471591,1.145945126,1.145945126,1.145945126,1.145945126,6.209613334,1.145945126,1.145945126,18.465605277402666,22.19785299859278,17.25272003528792,4.539262049679553,3.930393087823025,6.4876031475919635,1.5167864681391237,23.798002132423136,29.402318565949184,23.43402044507356,6.050783455817272,5.515006363484776,8.563486339964506,2.171157427568261,16.8727150607025,20.697714347493097,18.874779094350025,4.8171753879576995,4.224586646252709,6.409636628564902,1.5701291020473807,1.0,0.3,0.2,1.0,1.000000002,1.000000004,1.000000002,1.399999998,1.000000046,382.4119158,381.5892541,2.262524476,1.439657922,0.822866554,0.005916459,0.003764679,0.002151781,998.15,341,1.0,0.0,0.0,0.0,True
COOK:9600070,COOK:9600070,COOK:Wheeling Precinct 70,,,,,,,,,True,0.790144541,0.099855954,0.019668577,0.083538604,0.007483531,3.81e-06,0.3794,0.9082,0.0918,0.8457,0.0488,0.0,0.0,0.1034,0.069650447,0.092415213,0.129503704,0.065936671,0.234571608,0.110623257,0.131944216,0.066335338,0.099019545,0.051989432,0.06385303,0.041402387,0.01899372,0.082712645,0.022518889,0.002421968,0.002440561,0.000100088,0.113498969,0.083978109,0.060547932,0.046313443,0.106362865,0.267185731,0.035680229,,-0.216535474,0.219047619,210.0,-0.247311828,186.0,0.124816446,681.0,48.2,81644,952,588,-0.868210764,-0.752140796,-0.551483977,-0.602517858,-0.66191567,-0.693588349,-0.633494796,-0.595263135,-0.66191567,complete,COOK,Wheeling Precinct 70,0,0,0,Wheeling,1,0,0,459,306,204,227,171,114,0.18252,22.11596532255707,68,0.54694,27.842292973963765,85,0.26588,23.805812543599615,73,0.0009,5.994557354620262,18,0.0008,6.0353897741698095,18,0.00284,8.88902706251595,27,0.00012,2.203006296029186,7,COOK:9600070,COOK:9600070,COOK:WHEELING PRECINCT 70,1.0,84.9990711,1.48802977,1.48802977,1.48802977,1.48802977,6.072750279,1.48802977,1.48802977,17.406732512761774,21.302851679672322,17.797684639698506,4.551455499078567,4.372064091660268,6.814540330761236,1.547111907124891,22.550846695731394,28.414783767845325,24.38138495898365,6.120699191940193,6.160061246878584,9.077361496397799,2.229637372503751,15.813842296061608,19.80271302857264,19.419743698760612,4.829368837356713,4.6662576500899515,6.736573811734175,1.600454541033148,1.0,0.3,0.2,1.0,1.0,1.0,1.0,1.4,1.0,454.4274932,452.9400845,4.751726587,1.190950729,3.560775858,0.010456512,0.002620772,0.00783574,1918.93,306,0.998832176,0.0,0.0,0.0,True
COOK:9600072,COOK:9600072,COOK:Wheeling Precinct 72,,,,,,,,,,0.706153575,0.144718807,0.027976307,0.107989393,0.022195216,0.001645345,0.2121,0.9412,0.0588,0.7342,0.0496,0.0,0.0101,0.2037,0.112084406,0.153046193,0.159592443,0.139164649,0.105521528,0.210921142,0.080707962,0.007450429,0.03151125,0.022549671,5.56e-06,3.48e-05,1.28e-05,1.07e-05,1.07e-05,1.24e-05,0.010014314,0.082601635,0.05259858,0.047655573,0.2104388,0.135347192,0.140366831,0.29301715,0.005323291,,-0.064107328,0.171171171,111.0,-0.30952381,84.0,0.14739229,441.0,44.6,113679,724,422,-0.218840303,-1.046024331,-0.76983404,-0.530696982,-0.696448288,-0.641348914,-0.722145313,-0.541869336,-0.696448288,complete,COOK,Wheeling Precinct 72,0,0,0,Wheeling,1,0,0,330,220,147,165,124,83,0.1604,21.577675817591224,47,0.46636,26.99896312487674,59,0.36944,25.633675796956357,56,0.00092,6.442520545846027,14,0.00092,6.2326811391472745,14,0.00186,7.742686838504564,17,0.0001,2.3414272316940794,5,COOK:9600072,COOK:9600072,COOK:WHEELING PRECINCT 72,1.0,85.48928717,1.400489851,1.400489851,1.400489851,1.400489851,6.107773718,1.400489851,1.400489851,17.169543187704413,20.851769982631758,19.377047425974236,4.953566196060125,4.517143072486437,5.994835626638139,1.6403499335568543,22.030141844440113,27.534038715845753,26.251690300959744,6.598356693991746,6.294960218139865,7.891348761312139,2.334238195591328,15.576652971004247,19.351631331532076,20.999106485036343,5.231479534338272,4.811336630916121,5.9168691076110775,1.6936925674651113,1.0,0.3,0.2,1.0,1.0,1.0,1.0,1.4,1.0,462.9069155,462.9055919,1.728145705,0.691980809,1.036164896,0.003733247,0.00149486,0.002238387,1348.87,220,0.999392022,0.0,0.0,0.0,True
COOK:9600075,COOK:9600075,COOK:Wheeling Precinct 75,,,,,,,,,,0.794583025,0.059179298,0.012184757,0.124480855,0.006958913,0.000872911,0.3635,0.9597,0.0403,0.7968,0.0149,0.0,0.0062,0.1603,0.123052719,0.121228239,0.033677009,0.192672507,0.123096118,0.073478421,0.192753879,0.115655455,0.024385654,0.033963401,0.026806348,0.003579657,0.012526783,0.007197104,0.008952434,0.019672483,0.003605014,0.008970139,0.09830506,0.062662536,0.089437635,0.071670527,0.093051799,0.312904091,0.146694988,,-0.269180595,0.259259259,108.0,-0.47761194,134.0,-0.049429658,526.0,52.0,139146,811,453,-1.092488152,-0.505306718,-1.359785567,-1.156849636,-1.05533726,-1.028607518,-1.12157287,-0.662202698,-1.05533726,complete,COOK,Wheeling Precinct 75,0,0,0,Wheeling,1,0,0,354,236,157,192,144,96,0.17948,22.12785149612211,52,0.54738,27.876411333202288,66,0.26764,23.824547729432652,56,0.00104,6.038439335337532,14,0.00084,6.042417929465945,14,0.00344,8.861228848708704,21,0.00018,2.2348471921114803,5,COOK:9600075,COOK:9600075,COOK:WHEELING PRECINCT 75,1.0,89.09420215,0.756745222,0.756745222,0.756745222,0.756745222,6.365326514,0.756745222,0.756745222,17.406188513808942,21.301512145664404,17.798290788744257,4.550834832570913,4.374033598201008,6.814866960838254,1.547015674193645,22.550027911637706,28.41283563744823,24.382105303467146,6.119833498961385,6.162704659946751,9.07776898433574,2.2294987344837156,15.813298297108776,19.80137349456472,19.420349847806364,4.828748170849059,4.668227156630691,6.736900441811192,1.600358308101902,1.0,0.3,0.2,1.0,1.000000012,1.00000002,1.00000001,1.39999999,1.000000426,290.1028879,289.4574713,1.710276149,1.16178859,0.548487559,0.005895412,0.004004747,0.001890666,1553.19,236,1.0,0.0,0.0,0.0,True
COOK:9600077,COOK:9600077,COOK:Wheeling Precinct 77,,,,,,,,,,0.203435339,0.556556814,0.017720622,0.21960578,0.029756111,0.001002173,0.295,0.2286,0.7714,0.7646,0.0186,0.0,0.0102,0.1721,0.132306993,0.149749655,0.160017118,0.217246005,0.133024645,0.118744079,0.07523041,0.012626739,0.001054357,0.045106766,0.014987776,0.017755005,0.013664655,0.068798327,0.022468627,0.073581551,0.069461341,0.063341325,0.144484307,0.070341409,0.15220246,0.042402567,0.125434638,0.054676876,0.021292367,,0.506344389,-0.257142857,35.0,-0.0625,32.0,0.372972973,185.0,37.6,57671,415,222,2.211383408,-3.675175945,0.097163968,0.186946272,-0.506342518,-0.294920574,-0.42792561,0.503987894,-0.506342518,complete,COOK,Wheeling Precinct 77,0,0,0,Wheeling,1,0,0,174,116,77,89,67,45,0.14488,21.237537567310746,25,0.40756,26.43078173236479,31,0.44436,26.8812603782565,31,0.00102,6.807038504033633,8,0.0008,6.244991286779292,7,0.00134,6.949378473004779,8,4e-05,2.3729448515542777,3,COOK:9600077,COOK:9600077,COOK:WHEELING PRECINCT 77,1.0,82.35945473,1.95939702,1.95939702,1.95939702,1.95939702,5.884163147,1.95939702,1.95939702,17.008622734774548,20.545029224350454,20.441466796208804,5.222797854578493,4.619369772580055,5.443856466021625,1.702878181686324,21.683255452718637,26.946288244278747,27.492296773679314,6.912832311134465,6.390362362254857,7.106532849320645,2.403206736893995,15.415732518074384,19.044890573250772,22.06352585527091,5.50071119285664,4.913563331009739,5.365889946994564,1.756220815594581,1.0,0.3,0.2,1.0,1.000000001,1.000000002,1.000000001,1.399999999,1.000000109,855.7541352,852.4792911,11.05750083,6.264003417,4.793497411,0.012921352,0.007319863,0.005601489,4889.76,116,0.998727194,0.0,0.0,0.0,True
COOK:9600079,COOK:9600079,COOK:Wheeling Precinct 79,,,,,,,,,True,0.487115801,0.16354556,0.036379798,0.302322489,0.022388715,0.000560104,0.3592,0.7412,0.2588,0.7149,0.08,0.0,0.0,0.198,0.149264061,0.107747537,0.092181312,0.207119956,0.177061088,0.110528723,0.082908377,0.040943154,0.032245791,0.038343808,0.020734342,0.055929533,0.025887696,0.039371853,0.006293715,0.007261017,0.007254366,6.52e-05,0.09322596,0.067331686,0.094323612,0.113010701,0.219524835,0.14713646,0.064305222,,-0.196982415,0.280898876,89.0,-0.247311828,93.0,0.13368984,374.0,43.1,109729,678,397,-0.784911325,-0.37247466,-0.551483977,-0.574288795,-0.547446955,-0.570789689,-0.543585812,-0.104232677,-0.547446955,complete,COOK,Wheeling Precinct 79,0,0,0,Wheeling,1,0,0,311,207,138,158,119,79,0.15678,21.501240545683913,45,0.44964,26.835333634081227,56,0.39002,25.957932121047726,54,0.0009,6.627910419510641,14,0.0007,6.236013620405005,13,0.0019,7.576885461965599,16,6e-05,2.340498123078041,5,COOK:9600079,COOK:9600079,COOK:WHEELING PRECINCT 79,1.0,83.13158583,1.821514365,1.821514365,1.821514365,1.821514365,5.939327977,1.821514365,1.821514365,17.132541798564844,20.78006754905614,19.607063634572047,5.009290695320698,4.547241242560891,5.877750199405994,1.6532282055207432,21.95205580818247,27.39932382309456,26.52143508700995,6.663442098003665,6.326479933876211,7.723645260219268,2.348392719894544,15.53965158186468,19.27992889795646,21.229122693634153,5.287204033598845,4.841434800990575,5.799783680378932,1.7065708394290002,1.0,0.3,0.2,1.0,1.0,1.0,1.0,1.4,1.0,630.3279322,628.2684794,6.587949266,1.647932273,4.940016993,0.010451622,0.002614405,0.007837217,3341.25,207,0.999746101,0.0,0.0,0.0,True
COOK:9600008,COOK:9600008,COOK:Wheeling Precinct 8,,,,,,,,,,0.81802713,0.048160661,0.015001427,0.101318551,0.016869084,0.001873221,0.427,0.6811,0.3189,0.7455,0.0124,0.0739,0.0,0.1596,0.176439265,0.068072296,0.076260807,0.215073604,0.093829879,0.110902861,0.111344895,0.082841239,0.065235154,0.044589257,0.081676272,0.02284128,0.00986731,0.065333124,0.001112217,0.006570744,2.84e-05,0.002230622,0.095802386,0.010942678,0.057878894,0.149185332,0.079472736,0.143849364,0.228619413,,-0.196319148,,,-0.373493976,166.0,,,47.6,116947,1066,626,-0.782085692,,-0.994354934,,,,,-0.336622028,-0.336622028,demographic_only,COOK,Wheeling Precinct 8,0,0,0,Wheeling,1,0,0,489,326,217,264,198,132,0.0913,20.31552834494656,66,0.76084,31.50717576469177,103,0.14492,22.3648819779546,73,0.00082,6.453865772166834,21,0.00042,5.7201242324135455,19,0.0016,8.2652704150629,27,0.0001,2.4291282982732865,8,COOK:9600008,COOK:9600008,COOK:WHEELING PRECINCT 8,1.0,78.49168666,2.650080417,2.650080417,2.650080417,2.650080417,5.607830837,2.650080417,2.650080417,16.80679032221944,25.12241967847821,17.604719293250195,5.1419800636620225,4.371975691411347,6.616476181450926,1.7719637210602461,20.758668460237363,32.058224228924196,22.88205999645376,6.571565651340971,5.859499073427708,8.388094882497178,2.4166624373994976,15.213900105519276,23.622281027378527,19.2267783523123,5.419893401940169,4.6661692498410305,6.5385096624238646,1.8253063549685031,1.0,0.3,0.2,1.0,1.0,1.0,1.0,1.4,1.0,627.5466517,627.0939105,3.169332015,1.358211764,1.811120251,0.005050353,0.00216432,0.002886033,2658.86,326,0.999784749,0.0,0.0,0.0,True
COOK:9600080,COOK:9600080,COOK:Wheeling Precinct 80,,,,,,,,,,0.533655232,0.304418839,0.040944906,0.113924756,0.023597422,0.001412798,0.1205,0.5951,0.4049,0.9387,0.009,0.0,0.0022,0.0493,0.126623455,0.1676019,0.103196515,0.16278691,0.170591031,0.12020691,0.10866861,0.038641701,0.001682969,0.060341119,0.010083186,0.012830032,0.029222605,0.08962815,0.037473212,0.07411173,0.031233988,0.054001697,0.083429656,0.166210085,0.108090611,0.126912242,0.058733402,0.043033487,0.014664799,,0.196063085,0.269230769,52.0,-0.114754098,61.0,0.363934426,305.0,43.7,61592,650,337,0.889530989,-0.444097863,-0.086236162,0.158191805,0.031770477,0.129347192,-0.011346194,-0.486396883,0.031770477,complete,COOK,Wheeling Precinct 80,0,0,0,Wheeling,1,0,0,264,176,117,169,127,85,0.08382,19.871237469300418,35,0.68108,30.512619967836947,54,0.23234,24.305559714765728,43,0.00084,6.927558861010931,12,0.00068,5.904609905051421,10,0.00118,7.012931104818048,12,6e-05,2.5620144174497574,5,COOK:9600080,COOK:9600080,COOK:WHEELING PRECINCT 80,1.0,65.45992531,5.037303767,5.037303767,5.037303767,5.037303767,4.676777929,5.037303767,4.676777929,16.54917305494083,24.632622337301196,19.320345736101977,5.579312179447293,4.528936198773048,5.725594061285151,1.8732619199844949,20.237889725213943,31.111511890544694,24.831480557339223,7.061958392308571,6.001221972577309,7.167641564170545,2.5230706281263773,14.956282838240663,23.132483686201514,20.942404795164084,5.85722551772544,4.823129757202731,5.64762754225809,1.9266045538927519,1.0,0.3,0.2,1.0,1.000000003,1.000000004,1.000000002,1.399999998,1.000000359,463.7996418,461.8955202,6.638805954,3.694244295,2.944561659,0.014313952,0.007965173,0.00634878,3336.04,176,1.0,0.0,0.0,0.0,True
LAKE:CUBA 66,LAKE:CUBA 66,LAKE:Cuba 66,,,,,,,,,,0.915433564,0.025389411,0.010865475,0.026575202,0.006046377,0.0,0.4096,0.9642,0.0358,0.7346,0.0001,0.0,0.0499,0.2155,0.058315691,0.241834615,0.097481515,0.083177603,0.13578257,0.244663695,0.096626818,0.01630888,0.025808612,0.021196999,0.012109883,2.94e-06,2.18e-05,1.33e-05,4.92e-06,0.012131996,2.71e-05,1.15e-05,0.012137177,0.015158031,0.093929957,0.054556345,0.042554665,0.321052984,0.415090395,,0.15233682,,,,,-0.195121951,410.0,50.3,186776,603,224,0.703249481,,,-1.620342741,,,,-0.683537202,-0.748995658,mc_lake_2race,LAKE,Cuba 66,0,0,0,,0,1,0,176,117,78,142,107,71,0.18346,22.12620788373164,26,0.54342,27.84165121249312,33,0.2681,23.824415597953017,28,0.0009,5.994631947660022,7,0.00086,6.008488948799068,7,0.00316,8.908685390328484,10,0.0001,2.2309108301240603,3,LAKE:CUBA 66,LAKE:CUBA 66,LAKE:CUBA 66,1.3,86.17761068,1.277573066,1.277573066,1.277573066,1.277573066,6.156950923,1.277573066,1.277573066,17.407606344051157,21.304897955997863,17.797115897751347,4.5520358002180314,4.369326332242172,6.814259859204695,1.5473010643348553,22.551992167891488,28.417544217957307,24.38056784775892,6.121473549940526,6.156341840492168,9.076965384240225,2.2298897220000424,15.81471612735099,19.80475930489818,19.419174956813453,4.829949138496178,4.663519890671855,6.7362933401776335,1.6006436982431123,1.0,0.3,0.2,1.0,1.0,1.0,1.0,1.4,1.0,339.9411601,337.9343503,3.441340896,1.720455123,1.720885773,0.010123343,0.005061038,0.005062305,844.81,117,1.0,0.0,0.0,0.0,True
LAKE:CUBA 67,LAKE:CUBA 67,LAKE:Cuba 67,,,,,,,,,,0.86283746,0.037966174,0.019083523,0.069150391,0.009058429,1.69e-09,0.4478,0.9645,0.0355,0.7352,0.0219,0.0,0.023,0.2077,0.104930597,0.183816746,0.076948867,0.08140874,0.120106268,0.181399745,0.118908895,0.076477478,0.056002664,0.030486365,0.008593428,0.010142556,0.008227695,1.41e-07,0.008330507,0.010353255,0.054747635,0.018266721,0.026448407,0.043265107,0.063786382,0.090316117,0.049123739,0.198566045,0.379345899,,-0.358459891,,,,,-0.173202614,612.0,52.9,169619,869,409,-1.472833509,,,-1.550610422,,,,-0.599344866,-1.521444079,mc_lake_2race,LAKE,Cuba 67,0,0,0,,0,1,0,320,213,142,185,139,93,0.18326,22.12486522756004,47,0.54698,27.851891239816638,59,0.26464,23.797226691382956,51,0.00072,6.055345675628474,13,0.00086,6.09772973511354,13,0.00334,8.875577044030202,19,0.0002,2.197964229308358,5,LAKE:CUBA 67,LAKE:CUBA 67,LAKE:CUBA 67,1.3,91.33140718,0.357238236,0.357238236,0.357238236,0.357238236,6.525163407,0.357238236,0.357238236,17.406943258039245,21.303352974872432,17.797517567825523,4.551626227308003,4.371372361542012,6.814454652709224,1.5471549731423544,22.551135491562007,28.4154767603743,24.381162782259327,6.1209314590240815,6.159125317792956,9.07724687664231,2.2296960426256835,15.81405304133908,19.80321432377275,19.41957662688763,4.82953956558615,4.665565919971696,6.736488133682163,1.6004976070506114,1.0,0.3,0.2,1.0,1.0,1.0,1.0,1.4,1.0,566.0990945,562.965743,5.300271116,2.699967729,2.600303387,0.009362797,0.004769426,0.004593371,2315.04,213,0.99999985,0.0,0.0,0.0,True
LAKE:CUBA 68,LAKE:CUBA 68,LAKE:Cuba 68,,,,,,,,,,0.896566851,0.029693332,0.019220395,0.038799342,0.013599104,5.08e-06,0.5181,0.9772,0.0228,0.7903,0.029,0.0,0.0282,0.1416,0.10414356,0.161496986,0.085806432,0.065076695,0.142745507,0.160856187,0.144275571,0.097030446,0.038568615,0.012786554,0.007019553,0.011246367,0.013460496,0.002121674,0.000593103,0.000820003,0.022860285,0.016140397,0.058616784,0.051561818,0.080295043,0.065544298,0.066690682,0.172035939,0.418207001,,-0.275497036,,,,,-0.076655052,574.0,53.2,176228,779,443,-1.119397291,,,-1.243462196,,,,-0.614638459,-1.196937857,mc_lake_2race,LAKE,Cuba 68,0,0,0,,0,1,0,347,231,154,178,134,89,0.1815,22.066309033692573,51,0.54736,27.851661692795748,64,0.26534,23.78679942382251,55,0.00094,6.062768067954048,14,0.00094,6.119220279208948,14,0.0038,8.917268923381213,21,0.00012,2.226798100036926,5,LAKE:CUBA 68,LAKE:CUBA 68,LAKE:CUBA 68,1.3,89.97903874,0.598736281,0.598736281,0.598736281,0.598736281,6.428543577,0.598736281,0.598736281,17.407379467232527,21.304397400114226,17.797145547487798,4.552006576899167,4.369913025619428,6.81426150732039,1.547241874970414,22.551744240767682,28.416935020567504,24.38068090575126,6.121452099627823,6.157153997977927,9.076992904282378,2.229815561306089,15.814489250532361,19.804258749014544,19.419204606549904,4.829919915177314,4.664106584049112,6.736294988293329,1.600584508878671,1.0,0.3,0.2,1.0,1.0,1.0,1.0,1.4,1.0,251.1172345,249.8085199,2.185209759,1.133456936,1.051752823,0.008701951,0.004513656,0.004188294,1115.27,231,1.0,0.0,0.0,0.0,True
LAKE:CUBA 69,LAKE:CUBA 69,LAKE:Cuba 69,,,,,,,,,,0.882606229,0.04122231,0.009269782,0.052695809,0.01107477,0.001295679,0.5531,0.9997,0.0003,0.6281,0.0654,0.0,0.0,0.3036,0.08480073,0.135668581,0.06695083,0.069184205,0.116925069,0.207879617,0.139520118,0.13051812,0.04855273,0.032007781,0.04397548,4.58e-05,0.066103509,0.008050121,6.83e-05,0.006929116,0.006858849,0.015617906,0.004335178,0.048901179,0.06182958,0.107101339,0.069586101,0.160764971,0.367824758,,-0.20713355,,,,,-0.263513514,592.0,55.3,158892,835,349,-0.828156929,,,-1.83791786,,,,-0.481785331,-1.459257511,mc_lake_2race,LAKE,Cuba 69,0,0,0,,0,1,0,273,182,121,138,104,69,0.18674,22.14266650875117,40,0.54606,27.848504140002518,51,0.26308,23.78554728192942,43,0.00058,6.018968018373781,11,0.00066,6.056378611357497,11,0.0028,8.901311838833426,16,8e-05,2.2014708250117714,4,LAKE:CUBA 69,LAKE:CUBA 69,LAKE:CUBA 69,1.3,91.12817013,0.393531119,0.393531119,0.393531119,0.393531119,6.510643156,0.393531119,0.393531119,17.44504582137059,21.33595362448834,17.777994066151887,4.551251362356733,4.354835300519857,6.802762290881137,1.5461444753791642,22.596349722046305,28.451823886834156,24.346894009098015,6.118475866533401,6.134851405211219,9.058697629119134,2.2276822114384527,15.852155604670426,19.835814973388658,19.400053125213994,4.8291647006348795,4.64902885894954,6.724795771854076,1.5994871092874212,1.0,0.3,0.2,1.0,1.0,1.0,1.0,1.4,1.0,612.8806243,611.7278164,1.155659901,1.154074524,0.001585376,0.00188562,0.001883033,2.59e-06,1635.29,182,1.0,0.0,0.0,0.0,True
LAKE:CUBA 70,LAKE:CUBA 70,LAKE:Cuba 70,,,,,,,,,,0.933925273,0.014492898,0.005442812,0.028963811,0.006335974,1.09e-07,0.5123,0.9728,0.0272,0.7849,0.0,0.0,0.0,0.2,0.040882045,0.087307716,0.027271761,0.040041835,0.045713945,0.141642977,0.216690491,0.175887811,0.224561419,0.057754398,1.14e-05,0.017332775,0.02166531,0.030310412,0.010107224,7.37e-06,0.167451985,0.007238255,0.031806309,0.086653405,0.070810994,0.147309242,0.080898137,0.109926542,0.160716258,,-0.49753386,,,,,-0.080058224,687.0,67.2,99594,909,491,-2.065312849,,,-1.254288758,,,,-0.770123759,-1.558422793,mc_lake_2race,LAKE,Cuba 70,0,0,0,,0,1,0,384,256,171,205,154,103,0.24266,24.527858267835338,63,0.6147,29.700786341139935,76,0.14066,21.844167214995068,56,0.00056,5.864749563290173,15,0.00018,4.704424508499705,12,0.00118,7.875796422831413,20,6e-05,2.078632817768549,5,LAKE:CUBA 70,LAKE:CUBA 70,LAKE:CUBA 70,1.3,91.44232853,0.337430549,0.337430549,0.337430549,0.337430549,6.533088172,0.337430549,0.337430549,19.612948564820858,23.168061622677374,16.661873940491027,4.526532526980946,3.4508582699219232,6.133155634028458,1.4839568420826914,25.126907401809746,30.454464279290217,22.424783825063493,5.977053272429615,4.826670927817993,8.01595999310884,2.1089350307607773,18.020058348120692,21.667922971577692,18.283932999553134,4.804445865259093,3.745051828351607,6.055189115001396,1.5372994759909484,1.0,0.3,0.2,1.0,1.0,1.0,1.0,1.4,1.0,123.4651675,123.2326612,0.232726919,0.232462164,0.000264756,0.00188496,0.001882816,2.14e-06,904.86,256,1.0,0.0,0.0,0.0,True
LAKE:CUBA 71,LAKE:CUBA 71,LAKE:Cuba 71,,,,,,,,,,0.892187513,0.040939353,0.008011085,0.038033377,0.011728428,0.001135103,0.5945,0.9859,0.0141,0.6676,0.0361,0.0,0.0,0.2825,0.071395392,0.104410925,0.060153367,0.055525398,0.10577067,0.204927609,0.168408802,0.159692983,0.069714853,0.027100521,0.026257887,0.010357163,0.060152335,0.023564263,0.000588635,0.007118734,0.016886706,0.014076621,0.019979876,0.059210014,0.064384921,0.125332681,0.082015769,0.161334475,0.301639398,,-0.228964906,,,,,-0.026315789,684.0,57.9,138714,863,500,-0.92116231,,,-1.083317133,,,,-0.460211826,-1.022509075,mc_lake_2race,LAKE,Cuba 71,0,0,0,,0,1,0,390,260,173,159,120,80,0.1917,22.48648860024145,58,0.56216,28.151964668466324,73,0.24172,23.5397507101921,61,0.00074,5.97214447156323,16,0.00104,5.875279183624988,15,0.00258,8.686145351447323,23,6e-05,2.220862121823818,6,LAKE:CUBA 71,LAKE:CUBA 71,LAKE:CUBA 71,1.3,88.85440648,0.79956653,0.79956653,0.79956653,0.79956653,6.348194336,0.79956653,0.79956653,17.772915666111828,21.613288228233568,17.609152917947384,4.5476428205340325,4.217655193679969,6.701478812185116,1.536777829527049,22.984516169664047,28.759558530985036,24.051967712704844,6.096951865023515,5.933546134536066,8.89871754894656,2.209516768420597,16.180025449411662,20.113149577133886,19.23121197700949,4.825556158812179,4.511848752109652,6.623512293158055,1.590120463435306,1.0,0.3,0.2,1.0,1.0,1.0,1.0,1.4,1.0,229.9146125,229.4818168,0.433024837,0.432749802,0.000275035,0.001883416,0.00188222,1.2e-06,943.12,260,1.0,0.0,0.0,0.0,True
LAKE:ELA 79,LAKE:ELA 79,LAKE:Ela 79,,,,,,,,,,0.806657077,0.07064586,0.034322656,0.080075978,0.006265452,5.78e-05,0.4991,1.0,0.0,0.6902,0.0445,0.0,0.0327,0.2325,0.115286676,0.105553071,0.090317942,0.100872277,0.124406273,0.161582454,0.173973044,0.098560953,0.029447308,0.009678811,0.001143959,0.001485563,0.011551718,0.004645002,0.011089396,0.041889288,0.002229027,0.029007611,0.015691091,0.018646713,0.072549536,0.048165509,0.130924495,0.144719342,0.456582941,,-0.252292185,,,,,-0.168421053,570.0,53.5,185000,807,364,-1.020540583,,,-1.535398769,,,,-0.422793357,-1.342326949,mc_lake_2race,LAKE,Ela 79,0,0,0,,0,1,0,285,190,127,167,126,84,0.18402,22.110000635740352,42,0.54518,27.79006167668079,53,0.26554,23.76357445589075,45,0.00106,5.982087500465237,11,0.0008,6.126466960682893,12,0.00328,8.916327911450486,17,0.00012,2.2249688870206348,4,LAKE:ELA 79,LAKE:ELA 79,LAKE:ELA 79,1.3,90.68095246,0.473392634,0.473392634,0.473392634,0.473392634,6.478691734,0.473392634,0.473392634,17.40669317731044,21.302831752069448,17.79743300504993,4.551714665321958,4.371895745828588,6.814385761989896,1.5470797183373446,22.550911356493394,28.4149120528983,24.381188961060484,6.121086240300214,6.159868029503439,9.077202379897415,2.2296057101274207,15.813802960610275,19.802693100969766,19.419492064112035,4.829628003600105,4.666089304258271,6.7364192429628345,1.6004223522456016,1.0,0.3,0.2,1.0,1.0,1.0,1.0,1.4,1.0,503.1428457,502.0198989,1.966389796,0.842938087,1.123451709,0.003908214,0.001675345,0.002232868,1679.85,190,1.0,0.0,0.0,0.0,True
LAKE:ELA 80,LAKE:ELA 80,LAKE:Ela 80,,,,,,,,,,0.863786269,0.046689463,0.007409835,0.06485296,0.012076805,0.000294133,0.5006,0.9969,0.0031,0.7074,0.0436,0.0,0.0286,0.2204,0.117620426,0.138680865,0.093775986,0.12189165,0.12061406,0.15926459,0.143296772,0.080531388,0.024324261,0.009474097,0.000140716,0.000277815,0.015248524,0.003943325,0.007956522,0.038336502,0.000485968,0.027817781,0.037133232,0.023075548,0.084181596,0.04770081,0.104903556,0.132225327,0.467098679,,-0.302526342,,,,,-0.153324288,737.0,51.2,187559,964,498,-1.234546844,,,-1.487371201,,,,-0.548010907,-1.392562067,mc_lake_2race,LAKE,Ela 80,0,0,0,,0,1,0,389,259,173,171,129,86,0.1863,22.077417765966594,57,0.54398,27.82868897666333,72,0.26446,23.778579186498828,62,0.00082,6.0187737527222325,16,0.00112,6.067118835651844,16,0.0032,8.87906938145124,23,0.00012,2.2386720660460684,6,LAKE:ELA 80,LAKE:ELA 80,LAKE:ELA 80,1.3,90.88435583,0.437070051,0.437070051,0.437070051,0.437070051,6.493223867,0.437070051,0.437070051,17.407076194124116,21.30361195315237,17.79763199406369,4.551507723299492,4.371167215647252,6.8145331716952535,1.5472009091755372,22.551225508781215,28.415713652180184,24.38120720059774,6.120743454059147,6.158820894317959,9.077314872168014,2.2297491481764045,15.814185977423952,19.803473302052687,19.419691053125796,4.829421061577639,4.665360774076936,6.736566652668192,1.6005435430837942,1.0,0.3,0.2,1.0,1.0,1.0,1.0,1.4,1.0,412.3291574,411.409267,1.609875995,0.689954299,0.919921696,0.003904347,0.00167331,0.002231037,1391.59,259,1.0,0.0,0.0,0.0,True
LAKE:ELA 81,LAKE:ELA 81,LAKE:Ela 81,,,,,,,,,,0.794238125,0.051872086,0.014005091,0.122801106,0.010734576,0.001376046,0.5109,0.973,0.027,0.822,0.037,0.0,0.0011,0.1399,0.122656099,0.167986838,0.089380579,0.131683301,0.127473857,0.172715172,0.109281173,0.06106294,0.017760041,0.009887234,2.64e-08,0.0,0.013745104,0.002872479,0.0038368,0.025921338,0.0,0.02197116,0.05419228,0.025655961,0.08490429,0.055553148,0.087869017,0.145422507,0.468168653,,-0.26649549,,,,,-0.207792208,616.0,48.2,189056,802,389,-1.081049137,,,-1.660650823,,,,-0.59813994,-1.44330019,mc_lake_2race,LAKE,Ela 81,0,0,0,,0,1,0,305,203,135,213,160,107,0.18246,22.083377694619553,45,0.54376,27.80570603078523,56,0.26824,23.84782148173077,48,0.00082,6.015093431702542,12,0.00112,6.070956392482174,12,0.0034,8.932159473903607,18,0.0002,2.221805426316138,5,LAKE:ELA 81,LAKE:ELA 81,LAKE:ELA 81,1.3,91.07239016,0.403491979,0.403491979,0.403491979,0.403491979,6.506657962,0.403491979,0.403491979,17.406201621556733,21.301552725117137,17.798244294236948,4.550882603055539,4.3739526028225315,6.814839859053416,1.5470152698439417,22.550061008471285,28.41291162570284,24.3820611717332,6.119902886900803,6.162599485053784,9.07773881284161,2.2294997395771556,15.813311404856567,19.801414074017455,19.420303353299055,4.828795941333686,4.668146161252215,6.736873340026355,1.6003579037521987,1.0,0.3,0.2,1.0,1.0,1.0,1.0,1.4,1.0,499.8338088,498.7187184,1.951430489,0.836333024,1.115097465,0.003904159,0.001673222,0.002230936,1830.47,203,0.999983965,0.0,0.0,0.0,True
LAKE:ELA 82,LAKE:ELA 82,LAKE:Ela 82,,,,,,,,,,0.740223131,0.050406859,0.025217677,0.170852729,0.008328374,0.002156117,0.4779,0.9732,0.0268,0.8101,0.0319,0.0,0.0,0.1574,0.129409831,0.188566893,0.067819557,0.11129024,0.152050078,0.184327462,0.094621692,0.052349841,0.019564404,0.011039571,0.002417734,0.0,0.003898959,0.012325523,0.004676513,0.005000891,0.0,0.015456638,0.045144622,0.01518722,0.07912995,0.059770762,0.067662247,0.144645864,0.533643506,,-0.265525768,,,,,0.007949126,629.0,48.5,206304,935,533,-1.076917952,,,-0.974309639,,,,-0.579012066,-1.012787756,mc_lake_2race,LAKE,Ela 82,0,0,0,,0,1,0,417,278,185,245,184,123,0.18412,22.083211698663494,61,0.54608,27.883582003631492,78,0.2647,23.76425637950093,66,0.00088,6.004272824814796,17,0.00084,6.04877345104984,17,0.00322,8.941853101165107,25,0.00016,2.249201553327208,6,LAKE:ELA 82,LAKE:ELA 82,LAKE:ELA 82,1.3,88.78058675,0.812748827,0.812748827,0.812748827,0.812748827,6.342920292,0.812748827,0.812748827,17.405441450183414,21.299790605556797,17.798669943656147,4.550448905325486,4.376261566590864,6.815042167492806,1.5468448144944351,22.54909349991518,28.41057318043882,24.382713971378674,6.119334428688834,6.165745207947424,9.078039290785384,2.2292751511263558,15.812551233483248,19.799651954457115,19.420729002718254,4.828362243603633,4.670455125020548,6.737075648465745,1.6001874484026921,1.0,0.3,0.2,1.0,1.0,1.0,1.0,1.4,1.0,486.4993506,485.4881131,2.398127064,1.117496585,1.280630478,0.004929353,0.002297016,0.002632337,1798.24,278,1.0,0.0,0.0,0.0,True
LAKE:ELA 83,LAKE:ELA 83,LAKE:Ela 83,,,,,,,,,,0.791599127,0.05461755,0.028297388,0.115325288,0.008068908,0.001128805,0.5606,0.9552,0.0448,0.6643,0.1634,0.0,0.0,0.1668,0.104573709,0.140390996,0.052200027,0.07533769,0.171522617,0.179080802,0.165673552,0.068480927,0.042739679,0.024320334,0.005707515,1.18e-05,0.004917181,0.024279094,0.008598627,0.004326326,5.09e-05,5.67e-05,0.040028282,0.015515345,0.103461944,0.041252177,0.079874157,0.072682206,0.574917467,,-0.156632467,,,,,-0.085814361,571.0,53.2,213031,798,434,-0.613013516,,,-1.272600845,,,,-0.431239285,-1.025255596,mc_lake_2race,LAKE,Ela 83,0,0,0,,0,1,0,339,226,151,195,147,98,0.18382,22.088023747411988,50,0.54604,27.85910644433348,63,0.26552,23.84502401336283,54,0.00082,6.0580323844678645,14,0.00064,6.079797536178341,14,0.003,8.906469284552262,20,0.00016,2.145452839036996,5,LAKE:ELA 83,LAKE:ELA 83,LAKE:ELA 83,1.3,88.87502536,0.795884532,0.795884532,0.795884532,0.795884532,6.34966745,0.795884532,0.795884532,17.406222276455733,21.301674506771306,17.797948897610368,4.5511864618279745,4.3735913432885605,6.814663190831535,1.5469956643294172,22.550206281525362,28.413233707923144,24.381805121286877,6.120350269136279,6.162144800393664,9.077549494479758,2.2294850555355943,15.813332059755567,19.801535855671624,19.420007956672475,4.829099800106121,4.667784901718244,6.736696671804474,1.6003382982376742,1.0,0.3,0.2,1.0,1.0,1.0,1.0,1.4,1.0,464.3319964,463.4719758,3.001569307,1.497701153,1.503868154,0.006464274,0.003225496,0.003238778,1353.61,218,0.997569398,0.0,0.0,0.0,True
LAKE:ELA 87,LAKE:ELA 87,LAKE:Ela 87,,,,,,,,,,0.814144641,0.053865117,0.018040705,0.098627042,0.012062194,0.001463987,0.4314,0.9745,0.0255,0.7839,0.0277,0.0,0.0,0.1875,0.109274831,0.141519676,0.047132467,0.073868426,0.18447662,0.194862021,0.146942068,0.065787592,0.036136298,0.021253709,0.005931157,0.0,0.003241093,0.037522429,0.010228532,0.002390588,0.0,7.02e-06,0.039662449,0.021092744,0.139218209,0.037611574,0.086127499,0.085490498,0.510222497,,-0.237165682,,,,,0.034591195,636.0,52.5,202004,852,457,-0.956099044,,,-0.88955282,,,,-0.718258118,-0.914507654,mc_lake_2race,LAKE,Ela 87,0,0,0,,0,1,0,357,238,159,201,151,101,0.18114,22.0600812901059,53,0.5479,27.861117095334865,66,0.26654,23.8071831642223,57,0.00074,6.011168826206502,14,0.00058,6.0420965031903835,14,0.00308,8.912373892580632,21,2e-05,2.2643846604265945,5,LAKE:ELA 87,LAKE:ELA 87,LAKE:ELA 87,1.3,87.95533142,0.960118095,0.960118095,0.960118095,0.960118095,6.283960007,0.960118095,0.960118095,17.406525154080576,21.302347283945537,17.797891873309762,4.551243423452371,4.372789770130152,6.814650471627351,1.54707319192864,22.55054457884449,28.41406288164771,24.381639540806226,6.120405452954864,6.161037872072747,9.07750162095159,2.229582783003062,15.81363493738041,19.802208632845854,19.41995093237187,4.829156761730518,4.666983328559835,6.7366839526002895,1.600415825836897,1.0,0.3,0.2,1.0,1.0,1.0,1.0,1.4,1.0,285.0223598,284.4964883,1.840550294,0.920275147,0.920275147,0.006457565,0.003228782,0.003228782,1056.68,238,1.0,0.0,0.0,0.0,True
LAKE:ELA 88,LAKE:ELA 88,LAKE:Ela 88,,,,,,,,,,0.820875327,0.055116015,0.008839011,0.097181223,0.016414028,0.000638137,0.3968,0.9714,0.0286,0.8189,0.0398,0.0,0.0,0.102,0.095898071,0.160075444,0.050011505,0.0679068,0.193588494,0.250653464,0.120184649,0.052120357,0.009561217,0.012886548,0.005955343,0.0,0.001950538,0.055955097,0.007444574,0.001950934,0.0,5.54e-06,0.023400269,0.049434718,0.236261706,0.044846835,0.124596406,0.129143074,0.306168418,,-0.145250262,,,,,0.026521061,641.0,51.6,137020,874,421,-0.56452334,,,-0.91522646,,,,-0.655519572,-0.78371279,mc_lake_2race,LAKE,Ela 88,0,0,0,,0,1,0,329,219,146,210,158,105,0.18482,22.14605482074854,48,0.54486,27.8704296559402,61,0.2651,23.79640544733534,52,0.00102,6.026385979562725,13,0.00076,6.083913962912558,13,0.0034,8.908836373039197,20,4e-05,2.1826918235870774,5,LAKE:ELA 88,LAKE:ELA 88,LAKE:ELA 88,1.3,86.5969523,1.202689494,1.202689494,1.202689494,1.202689494,6.186910744,1.202689494,1.202689494,17.40660198173125,21.30248452507979,17.79800574242147,4.551125811172801,4.37272142005218,6.814724640106643,1.5471038162393398,22.550576590977233,28.414156305462807,24.381705293325766,6.120224151377149,6.160924032526204,9.077571386031146,2.2296169705803575,15.813711765031083,19.80234587398011,19.420064801483576,4.8290391494509475,4.666914978481864,6.736758121079582,1.6004464501475968,1.0,0.3,0.2,1.0,1.0,1.0,1.0,1.4,1.0,106.8892555,106.6918759,0.690439859,0.345219929,0.345219929,0.006459394,0.003229697,0.003229697,545.43,219,0.999297042,0.0,0.0,0.0,True
LAKE:ELA 89,LAKE:ELA 89,LAKE:Ela 89,,,,,,,,,,0.719085487,0.050541443,0.007875667,0.209764516,0.011151312,0.003057677,0.4327,0.9475,0.0525,0.7895,0.0651,0.0,0.0,0.1122,0.093894224,0.151208463,0.065040244,0.084222574,0.170951847,0.226748167,0.135730154,0.053617121,0.018587207,0.011333546,0.001347623,0.0,0.009696389,0.033795659,0.003350611,0.009279405,0.0,0.000249449,0.037075477,0.042979029,0.195974814,0.045844664,0.122669019,0.108721839,0.377682477,,-0.27804616,,,,,-0.145454545,550.0,51.7,147229,806,420,-1.130257004,,,-1.462335068,,,,-0.519740068,-1.337805794,mc_lake_2race,LAKE,Ela 89,0,0,0,,0,1,0,329,219,146,193,145,97,0.18748,22.09738333714849,48,0.54176,27.839197736278248,61,0.2657,23.824390890136687,52,0.00082,5.984491340892449,13,0.00098,6.041258338415391,13,0.00308,8.928011437317132,20,0.00018,2.240284889551366,5,LAKE:ELA 89,LAKE:ELA 89,LAKE:ELA 89,1.3,90.66174754,0.476822136,0.476822136,0.476822136,0.476822136,6.47731964,0.476822136,0.476822136,17.404986693453615,21.298614693692763,17.79939221507197,4.549708237383227,4.378134695795297,6.815445213184693,1.5467827756359172,22.548318684385535,28.408748315350596,24.383497123671052,6.118282722884695,6.168235333508507,9.078517505050595,2.2291750454296824,15.812096476753448,19.79847604259308,19.421451274134075,4.827621575661373,4.672328254224981,6.737478694157632,1.6001254095441741,1.0,0.3,0.2,1.0,1.0,1.0,1.0,1.4,1.0,375.1250558,374.4044949,2.455709766,1.227854883,1.227854883,0.006546376,0.003273188,0.003273188,1623.46,219,0.99978632,0.0,0.0,0.0,True
LAKE:ELA 90,LAKE:ELA 90,LAKE:Ela 90,,,,,,,,,,0.720936692,0.040427357,0.021791438,0.20332109,0.006821473,0.001913853,0.525,0.9583,0.0417,0.7048,0.136,0.0,0.0,0.1412,0.081367592,0.153747748,0.067797682,0.075230369,0.149911499,0.185691133,0.184627491,0.06296831,0.038658177,0.016286113,0.00053236,1.44e-06,0.010078535,0.009155331,0.001122073,0.00847564,6.95e-06,7e-06,0.022486342,0.019612723,0.105132454,0.049500706,0.101287953,0.065126106,0.591188262,,-0.148676477,,,,,-0.178694158,582.0,53.6,215425,855,448,-0.579119613,,,-1.568080754,,,,-0.449132457,-1.197220326,mc_lake_2race,LAKE,Ela 90,0,0,0,,0,1,0,350,233,155,212,159,106,0.18722,22.102149444337137,51,0.54274,27.876107979197535,65,0.26558,23.80107610887719,55,0.00078,6.024441181843684,14,0.0007,6.035168766167861,14,0.00282,8.916814909561058,21,0.00016,2.1538889072289993,5,LAKE:ELA 90,LAKE:ELA 90,LAKE:ELA 90,1.3,89.98058704,0.598459795,0.598459795,0.598459795,0.598459795,6.428654195,0.598459795,0.598459795,17.40499477416534,21.298704482369082,17.799114786978656,4.54999367711242,4.3778231227787225,6.8152784816464,1.5467612837236804,22.548443362933206,28.40902173848934,24.383261055602205,6.118704061617724,6.167846929939712,9.078340136620795,2.2291574450776888,15.81210455746517,19.7985658312694,19.421173846040762,4.827907015390567,4.672016681208406,6.737311962619339,1.6001039176319374,1.0,0.3,0.2,1.0,1.0,1.0,1.0,1.4,1.0,717.2014492,715.8774883,4.632042283,2.315359027,2.316683256,0.006458495,0.003228325,0.003230171,2349.38,233,0.999713836,0.0,0.0,0.0,True
LAKE:FREMONT 115,LAKE:FREMONT 115,LAKE:Fremont 115,,,,,,,,,,0.810049286,0.051506787,0.013377824,0.100991193,0.008026446,0.000669108,0.4692,1.0,0.0,0.515,0.0,0.0,0.0,0.2657,0.085708142,0.138344976,0.061442523,0.125438085,0.082095126,0.165709755,0.176020155,0.03980538,0.125435858,1.01e-05,0.016277263,7.21e-06,1.31e-05,3.8e-07,2.68e-06,2.56e-06,1.24e-05,0.017638135,0.013593014,0.230601619,0.066505215,0.039361945,0.032580581,0.130272868,0.453120986,,-0.267504338,,,,,-0.248407643,628.0,55.7,182007,931,464,-1.085347005,,,-1.789861323,,,,0.021268446,-1.525668454,mc_lake_2race,LAKE,Fremont 115,0,0,0,,0,1,0,363,242,161,261,196,131,0.18932,22.219747744368423,54,0.54652,27.90256991857816,68,0.25938,23.731706681020885,57,0.00066,5.9950787607998945,15,0.0009,6.004536302237402,15,0.0031,8.858407492554088,21,0.00012,2.18370686385806,5,LAKE:FREMONT 115,LAKE:FREMONT 115,LAKE:FREMONT 115,1.3,91.34443794,0.354911279,0.354911279,0.354911279,0.354911279,6.526094389,0.354911279,0.354911279,17.494733237495225,21.376837908972302,17.752573391320848,4.550129479369022,4.3361606890113595,6.7874608996874475,1.5445456855703994,22.65518084743144,28.496834640620367,24.302179846174933,6.11439176452115,6.107105017066212,9.034414164651093,2.224668449815478,15.90184302079506,19.87669925787262,19.374632450382954,4.828042817647169,4.630354247441043,6.709494380660386,1.5978883194786564,1.0,0.3,0.2,1.0,1.0,1.0,1.0,1.4,1.0,550.964424,548.8509101,5.988049939,2.8178899,3.170160039,0.010868306,0.005114468,0.005753838,1788.63,242,0.999678729,0.0,0.0,0.0,True
LAKE:FREMONT 118,LAKE:FREMONT 118,LAKE:Fremont 118,,,,,,,,,,0.856712134,0.094878708,0.007928047,0.037518094,0.010391485,0.000866027,0.2887,0.8945,0.1055,0.86,0.0001,0.0,0.0,0.126,0.092255003,0.141553491,0.1326285,0.075984967,0.111836918,0.188915425,0.160473867,0.059205823,0.037146006,1.95e-05,0.008091947,4.92e-06,4.88e-06,0.036541137,0.028413199,1.48e-06,4.73e-06,0.024485991,0.021999471,0.034437517,0.036661503,0.142829758,0.068969784,0.253444105,0.344090067,,-0.224738773,,,,,-0.150887574,676.0,52.3,169242,932,468,-0.903158247,,,-1.479619246,,,,-0.914556532,-1.263446371,mc_lake_2race,LAKE,Fremont 118,0,0,0,,0,1,0,366,244,163,198,149,99,0.18062,22.07936786888562,54,0.54928,27.879509759002154,68,0.26544,23.829015578608782,58,0.00064,6.060383082119201,15,0.00112,6.090123161828479,15,0.0028,8.859839327118875,22,0.0001,2.2295637475514383,5,LAKE:FREMONT 118,LAKE:FREMONT 118,LAKE:FREMONT 118,1.3,90.32276808,0.537355106,0.537355106,0.537355106,0.537355106,6.453101286,0.537355106,0.537355106,17.407466650431232,21.30454883461175,17.79729129987435,4.551856096572604,4.369852853435941,6.814355644710111,1.5472780390690648,22.551773631265426,28.417025962774556,24.380769408463237,6.121221192967407,6.157046339247854,9.07708262855926,2.229855567002929,15.814576433731066,19.80441018351207,19.419350358936455,4.829769434850751,4.664046411865625,6.73638912568305,1.6006206729773218,1.0,0.3,0.2,1.0,1.0,1.0,1.0,1.4,1.0,718.3348342,716.5632747,4.74818438,2.362618551,2.38556583,0.006609988,0.003289021,0.003320966,1832.16,244,0.999552712,0.0,0.0,0.0,True
LAKE:VERNON 270,LAKE:VERNON 270,LAKE:Vernon 270,,,,,,,,,,0.660311252,0.041724137,0.007158876,0.287227169,0.002386397,5.28e-07,0.6326,0.9021,0.0979,0.6635,0.008,0.0,0.0127,0.3021,0.07020553,0.061581263,0.174919063,0.023774215,0.077777011,0.214891375,0.29046272,0.061553898,0.024834925,9.59e-07,0.0,2.37e-06,6.51e-06,0.008877024,0.02070633,2.85e-06,0.02662395,0.02958098,0.00591858,0.008881257,0.071010821,0.091718181,0.082843557,0.141998369,0.511828254,,-0.326660276,,,,,-0.091383812,383.0,56.3,202311,588,346,-1.337361608,,,-1.290319024,,,,-0.220184353,-1.307959993,mc_lake_2race,LAKE,Vernon 270,0,0,0,,0,1,0,270,180,120,146,110,73,0.1871,22.25092333197977,40,0.55442,27.955398622214066,50,0.25432,23.683468123593894,43,0.00062,6.019838296287299,11,0.00056,6.026521833366449,11,0.0028,8.826101399196466,16,0.00018,2.200840948155389,4,LAKE:VERNON 270,LAKE:VERNON 270,LAKE:VERNON 270,1.3,90.53104113,0.500162924,0.500162924,0.500162924,0.500162924,6.467981333,0.500162924,0.500162924,17.56770115212837,21.43436130868825,17.716006765498438,4.546845704525351,4.313621654801048,6.765340407365418,1.5418558206125421,22.741064710567805,28.55885181073311,24.237094766853936,6.106057127738311,6.07288289301089,8.999081894597595,2.219741526779029,15.974810935428204,19.934222657588567,19.338065824560545,4.824759042803498,4.607815213230732,6.687373888338357,1.5951984545207991,1.0,0.3,0.2,1.0,1.0,1.0,1.0,1.4,1.0,648.1406944,646.3395706,4.385227045,1.357595509,3.027631535,0.006765857,0.0020946,0.004671257,1113.13,180,0.999529881,0.0,0.0,0.0,True
LAKE:VERNON 275,LAKE:VERNON 275,LAKE:Vernon 275,,,,,,,,,,0.734511017,0.043536265,0.033692554,0.181239034,0.008424019,0.007018324,0.4893,0.9432,0.0568,0.7518,0.0288,0.0,0.0025,0.2018,0.138321619,0.230206917,0.035096283,0.0726596,0.198712939,0.141008699,0.087668047,0.08055396,0.015771936,0.009142715,0.00304771,0.051796575,0.015237933,6.93e-06,0.006102624,0.003047403,1.14e-05,0.003067402,0.027431599,0.012198531,0.045741893,0.045753262,0.079282751,0.146356437,0.551774779,,-0.311297952,,,,,-0.223404255,376.0,48.4,209383,510,291,-1.271915431,,,-1.710317665,,,,-0.457314311,-1.545916827,mc_lake_2race,LAKE,Vernon 275,0,0,0,,0,1,0,228,152,101,128,96,64,0.18424,22.056115912790375,34,0.54708,27.846200424315736,42,0.2638,23.74226693318708,36,0.00074,6.054017685712909,9,0.00102,6.081147220531285,9,0.00292,8.91147398345464,14,0.0002,2.1707566147751085,3,LAKE:VERNON 275,LAKE:VERNON 275,LAKE:VERNON 275,1.3,91.40560046,0.343989233,0.343989233,0.343989233,0.343989233,6.530464139,0.343989233,0.343989233,17.405240307264357,21.299352231358718,17.79867547077576,4.550444359187002,4.376759879220278,6.815031109124255,1.546790566080018,22.54888238922098,28.410051972792292,24.38279678114888,6.119346997986908,6.166438266416478,9.078050442500544,2.2292078802145823,15.81235009056419,19.799213580259035,19.420734529837866,4.828357697465148,4.6709534376499615,6.7370645900971935,1.600133199988275,1.0,0.3,0.2,1.0,1.0,1.0,1.0,1.4,1.0,926.9240604,925.2836374,2.418239601,1.640094879,0.778144722,0.002608886,0.001769395,0.000839491,2488.47,152,0.999802837,0.0,0.0,0.0,True
LAKE:VERNON 276,LAKE:VERNON 276,LAKE:Vernon 276,,,,,,,,,,0.660435981,0.027787091,0.008089247,0.293836166,0.007169172,0.001796718,0.5002,0.9084,0.0916,0.6356,0.0319,0.0,0.0,0.303,0.094194647,0.222466547,0.061238701,0.088191402,0.160650471,0.173094333,0.109303391,0.067821544,0.023038965,0.048007865,0.020310125,0.016658143,0.0424742,1.17e-05,0.022158971,0.00738769,3.69e-06,3.51e-05,0.062799952,0.044329873,0.07019532,0.029611064,0.116425122,0.186651601,0.332939598,,-0.39816733,,,,,-0.009416196,531.0,50.5,155248,743,502,-1.641994118,,,-1.029554201,,,,-0.245525487,-1.25921917,mc_lake_2race,LAKE,Vernon 276,0,0,0,,0,1,0,393,262,175,187,141,94,0.1873,22.107720186371456,58,0.54136,27.806130933102054,73,0.26608,23.80510133528357,62,0.0006,6.0247564659358055,16,0.00102,6.09213078284266,16,0.00354,8.887815297679747,23,0.0001,2.2225841526100574,6,LAKE:VERNON 276,LAKE:VERNON 276,LAKE:VERNON 276,1.3,90.30211745,0.541042774,0.541042774,0.541042774,0.541042774,6.451625904,0.541042774,0.541042774,17.403774797156096,21.295716030351894,17.80041423193571,4.548663415173786,4.382176944805694,6.815974854810905,1.5465403549813546,22.546632293908,28.404707488154855,24.384826179844048,6.116853848676986,6.17369704514706,9.079215722364442,2.228842152185281,15.810884580455928,19.79557737925221,19.422473290997818,4.826576753451933,4.676370503235378,6.738008335783844,1.5998829888896116,1.0,0.3,0.2,1.0,1.0,1.0,1.0,1.4,1.0,282.3019591,282.2954981,0.009810347,0.006381944,0.003428403,3.48e-05,2.26e-05,1.21e-05,1342.35,262,0.999567511,0.0,0.0,0.0,True
LAKE:VERNON 283,LAKE:VERNON 283,LAKE:Vernon 283,,,,,,,,,,0.645858411,0.029869755,0.019301337,0.291820076,0.014017514,0.000879473,0.4908,0.9512,0.0488,0.6044,0.0483,0.0,0.0092,0.3126,0.123768603,0.120392834,0.079199641,0.120882855,0.178706735,0.152932778,0.111389653,0.066128903,0.046597999,0.019650308,1.76e-06,0.009852502,0.029497893,0.007858007,0.015719541,1.76e-06,0.007858007,1.76e-06,0.011856759,0.017705528,0.129805675,0.078671172,0.106362397,0.179278112,0.385878808,,-0.174488354,,,,,0.200845666,473.0,48.3,168172,632,430,-0.689082706,,,-0.360644945,,,,-0.179469502,-0.483809106,mc_lake_2race,LAKE,Vernon 283,0,0,0,,0,1,0,336,224,149,162,122,81,0.1797,22.08074299503818,49,0.54776,27.878049553007102,62,0.26758,23.825937842069184,53,0.00078,6.052489001653803,14,0.00086,6.016640198033349,13,0.00322,8.904530914608467,20,0.0001,2.310550930868765,5,LAKE:VERNON 283,LAKE:VERNON 283,LAKE:VERNON 283,1.3,81.91103529,2.039473142,2.039473142,2.039473142,2.039473142,5.852125863,2.039473142,2.039473142,17.40373558274424,21.295678966034096,17.80022942269187,4.548853814478997,4.3820785867953695,6.8158605953730165,1.546513905503322,22.546669047681526,28.404775165315808,24.384686260939066,6.117139168461768,6.1735904044106675,9.07909926213675,2.228815421335102,15.810845366044072,19.795540314934414,19.422288481753977,4.826767152757144,4.676272145225053,6.737894076345955,1.599856539411579,1.0,0.3,0.2,1.0,1.0,1.0,1.0,1.4,1.0,74.02194925,73.64370142,0.536904443,0.378247836,0.158656607,0.007253314,0.005109942,0.002143372,993.16,224,0.998545448,0.0,0.0,0.0,True
LAKE:VERNON 284,LAKE:VERNON 284,LAKE:Vernon 284,,,,,,,,,,0.678323032,0.032613534,0.007125383,0.276263714,0.007090061,1.03e-05,0.5377,0.9248,0.0752,0.7438,0.0776,0.0,0.014,0.1645,0.13209604,0.162441732,0.05799528,0.167757044,0.139593472,0.170946638,0.070407671,0.086408849,0.012353273,0.010580048,4.25e-06,0.010638189,2.94e-05,1.04e-06,1.06e-05,0.047544541,1.04e-06,0.051066274,0.015892115,0.036995842,0.135662495,0.12685119,0.135708961,0.137613762,0.291400286,,-0.439968177,,,,,0.219968799,641.0,47.1,136923,896,628,-1.820073009,,,-0.299808232,,,,-0.307441776,-0.869907523,mc_lake_2race,LAKE,Vernon 284,0,0,0,,0,1,0,491,327,218,224,168,112,0.1856,22.03757352118548,72,0.54334,27.780933553210254,91,0.26614,23.820612008744348,78,0.0009,6.014104791978441,20,0.00076,6.084213678117805,20,0.00308,8.887789224270545,29,0.00018,2.224598404746864,7,LAKE:VERNON 284,LAKE:VERNON 284,LAKE:VERNON 284,1.3,87.52856338,1.036327835,1.036327835,1.036327835,1.036327835,6.253469606,1.036327835,1.036327835,17.404033699855738,21.29633063555691,17.80021374868546,4.54886825186658,4.381332160300666,6.815872472850428,1.546593669018202,22.546985080595878,28.40555448516923,24.384557238486924,6.117131934710259,6.1725534595759,9.079077954457428,2.2289145772850327,15.811143483155572,19.796191984457227,19.422272807747568,4.826781590144726,4.675525718730349,6.7379059538233665,1.599936302926459,1.0,0.3,0.2,1.0,1.0,1.0,1.0,1.4,1.0,299.9627657,299.7595389,0.406453612,0.203226806,0.203226806,0.001355014,0.000677507,0.000677507,1187.74,327,1.0,0.0,0.0,0.0,True
LAKE:VERNON 285,LAKE:VERNON 285,LAKE:Vernon 285,,,,,,,,,,0.71082227,0.021013324,0.004786025,0.249076938,0.007633155,0.001909144,0.522,0.9482,0.0518,0.7038,0.0467,0.0,0.0314,0.2181,0.080512825,0.19712054,0.057115957,0.140729488,0.137615412,0.186607275,0.110186193,0.086063347,0.004048962,0.004829375,1.99e-05,0.004816229,0.021536358,0.0,2.27e-05,0.016749567,0.0,0.019132622,0.033508022,0.016781268,0.067018347,0.059812199,0.081401063,0.286854929,0.387517429,,-0.317394124,,,,,0.20233463,514.0,50.3,180394,673,459,-1.297886186,,,-0.355908081,,,,-0.375020201,-0.709149871,mc_lake_2race,LAKE,Vernon 285,0,0,0,,0,1,0,359,239,159,169,127,85,0.18408,22.127963270526905,53,0.54386,27.842463090021415,67,0.2665,23.86544243754986,57,0.00074,6.033230758835972,14,0.00116,5.992485767426461,14,0.00364,8.889581779244516,21,2e-05,2.2499341559206236,5,LAKE:VERNON 285,LAKE:VERNON 285,LAKE:VERNON 285,1.3,85.66185819,1.369673129,1.369673129,1.369673129,1.369673129,6.120103037,1.369673129,1.369673129,17.404439417060964,21.297289564781057,17.79991569650862,4.549172658044777,4.3800252808035545,6.8157217540663915,1.546678591901262,22.547531164257727,28.40686710456291,24.38414932224459,6.117543186096399,6.170782350507579,9.07887234996491,2.229029252646566,15.811549200360798,19.797150913681374,19.421974755570727,4.827085996322924,4.674218839233238,6.73775523503933,1.600021225809519,1.0,0.3,0.2,1.0,1.0,1.0,1.0,1.4,1.0,344.3873712,344.154157,0.466428401,0.233214201,0.233214201,0.001354371,0.000677186,0.000677186,1317.3,239,1.0,0.0,0.0,0.0,True
LAKE:VERNON 288,LAKE:VERNON 288,LAKE:Vernon 288,,,,,,,,,,0.758610864,0.039318736,0.009838559,0.185973176,0.005365239,0.000892943,0.4864,0.9879,0.0121,0.7181,0.0412,0.0,0.021,0.2024,0.190638032,0.10500403,0.077888161,0.143827505,0.16848416,0.135961548,0.117669334,0.049352945,0.011174287,0.014150726,0.0,1.52e-05,0.007087964,3.11e-06,0.007074713,3.49e-05,0.018833284,3.75e-05,0.075389746,0.023590043,0.070849553,0.12731323,0.132070583,0.261680053,0.261869364,,-0.33036918,,,,,0.16254417,566.0,46.4,154500,783,518,-1.353162186,,,-0.482494076,,,,-0.371266614,-0.808994617,mc_lake_2race,LAKE,Vernon 288,0,0,0,,0,1,0,405,270,180,188,141,94,0.18656,22.095651444918303,60,0.54422,27.83706273245633,75,0.26428,23.812346978352927,64,0.00094,6.014367871764594,16,0.00078,6.029394468570488,16,0.00306,8.90559273464694,24,0.00016,2.1803979276115113,6,LAKE:VERNON 288,LAKE:VERNON 288,LAKE:VERNON 288,1.3,86.88578458,1.151111513,1.151111513,1.151111513,1.151111513,6.207546338,1.151111513,1.151111513,17.40531733106662,21.299415759190474,17.799074081057153,4.5500337347320965,4.37699052780824,6.815277011672679,1.546845558482357,22.54879525189166,28.409886560111197,24.383101523947673,6.11873236534252,6.166694110002949,9.078301929503109,2.2292629894815508,15.812427114366454,19.79927710809079,19.42113314011926,4.827947073010243,4.671184086237924,6.7373104926456175,1.600188192390614,1.0,0.3,0.2,1.0,1.0,1.0,1.0,1.4,1.0,308.8692923,307.8478332,1.787413978,1.276646814,0.510767165,0.005786959,0.004133291,0.001653668,1240.4,270,0.999472718,0.0,0.0,0.0,True
LAKE:VERNON 289,LAKE:VERNON 289,LAKE:Vernon 289,,,,,,,,,,0.732598684,0.033728493,0.020004149,0.211514432,0.003170505,0.002102848,0.4511,0.9343,0.0657,0.7321,0.0663,0.0,0.002,0.166,0.110105233,0.136427946,0.131850908,0.09955368,0.121676375,0.160027534,0.154861673,0.064326193,0.021170457,0.036241157,0.000100683,0.010323377,0.020656743,0.000114704,0.020825452,6.5e-05,4.06e-05,0.000111138,0.095795879,0.03391416,0.119250418,0.178909728,0.096413341,0.248909874,0.138327719,,-0.187988716,,,,,0.238095238,504.0,50.6,122715,661,434,-0.746596601,,,-0.242142316,,,,-0.396272758,-0.431312673,mc_lake_2race,LAKE,Vernon 289,0,0,0,,0,1,0,339,226,151,160,120,80,0.09226,20.390878142784263,46,0.75592,31.415551858590995,71,0.14876,22.367143376131285,51,0.00062,6.444838405189221,15,0.00052,5.728254510928815,13,0.0018,8.238942626659604,19,0.00012,2.3569114282067516,5,LAKE:VERNON 289,LAKE:VERNON 289,LAKE:VERNON 289,1.3,80.7928178,2.239157878,2.239157878,2.239157878,2.239157878,5.772234925,2.239157878,2.239157878,16.80517309767867,25.118575419524333,17.60599139801405,5.140680190396255,4.377273420708026,6.617127643676424,1.771632387554435,20.756561451904567,32.053170863936785,22.88367496087218,6.569881360651196,5.866327154827292,8.388926424220099,2.4162325138685596,15.212282880978503,23.61843676842465,19.228050457076158,5.418593528674402,4.67146697913771,6.539161124649363,1.824975021462692,1.0,0.3,0.2,1.0,1.0,1.0,1.0,1.4,1.0,435.6764414,434.2719369,2.310668148,1.608302199,0.702365949,0.005303633,0.003691506,0.001612127,1588.32,218,0.99461338,0.0,0.0,0.0,True
LAKE:VERNON 290,LAKE:VERNON 290,LAKE:Vernon 290,,,,,,,,,,0.664209438,0.035629097,0.024587498,0.264554884,0.000852638,1.71e-06,0.4976,0.9202,0.0798,0.7636,0.0389,0.0,0.0,0.1975,0.099926421,0.115488162,0.0680839,0.116110571,0.103663076,0.165402861,0.17910287,0.116038176,0.036183962,0.016323326,6.86e-08,0.030967074,0.00164454,2.07e-07,1.5e-05,3.43e-07,9.69e-06,3.86e-06,0.009869699,0.06521481,0.166323525,0.143567191,0.161449726,0.127383692,0.277227273,,-0.41447648,,,,,0.18907563,476.0,55.1,135229,665,457,-1.711473938,,,-0.39808914,,,,-0.426509852,-0.890608439,mc_lake_2race,LAKE,Vernon 290,0,0,0,,0,1,0,357,238,159,165,124,83,0.1862,22.121927688535077,53,0.5473,27.8363945628353,66,0.26146,23.809377764797667,57,0.00094,6.012827748905218,14,0.00104,6.00394254270057,14,0.00296,8.85725151249646,21,0.0001,2.2677219103525657,5,LAKE:VERNON 290,LAKE:VERNON 290,LAKE:VERNON 290,1.3,87.7310235,1.000173691,1.000173691,1.000173691,1.000173691,6.26793435,1.000173691,1.000173691,17.416697977914218,21.307214971465623,17.79333373504954,4.549126493621051,4.375517920879206,6.8117479499160005,1.5462151046054824,22.562177851343826,28.41791874580922,24.37283346317173,6.116883731104606,6.164099919770031,9.07265733987128,2.2282036792099786,15.82380776121405,19.80707632036594,19.415392794111646,4.827039831899198,4.66971147930889,6.733781430888939,1.5995577385137394,1.0,0.3,0.2,1.0,1.0,1.0,1.0,1.4,1.0,599.3371113,597.3542034,3.470130345,2.478607189,0.991523156,0.005789947,0.004135581,0.001654366,1887.49,238,0.999982301,0.0,0.0,0.0,True
LAKE:WAUCONDA 344,LAKE:WAUCONDA 344,LAKE:Wauconda 344,,,,,,,,,,0.813728467,0.129582832,0.010987838,0.019934476,0.02522141,0.000261067,0.1477,0.928,0.072,0.8659,0.0337,0.0,0.0001,0.1002,0.134155952,0.113170278,0.141440466,0.10553964,0.146426824,0.109209885,0.146780236,0.088137222,0.015139495,2.81e-05,0.01451843,0.004663022,0.060118728,0.043762468,0.014099697,0.006442033,0.010530054,0.085300171,0.038027671,0.08818495,0.25816869,0.1062715,0.060236216,0.172328112,0.037320172,,0.01667638,,,,,0.094412331,519.0,47.3,88007,762,363,0.125312369,,,-0.699242931,,,,-0.911906975,-0.390034693,mc_lake_2race,LAKE,Wauconda 344,0,0,0,,0,1,0,284,189,126,135,102,68,0.09262,20.336312525513065,38,0.75782,31.4375181255993,59,0.14646,22.33200005216949,42,0.0006,6.484147785916723,12,0.00038,5.756887042947277,11,0.00202,8.227696700357281,16,0.0001,2.3985895755401114,5,LAKE:WAUCONDA 344,LAKE:WAUCONDA 344,LAKE:WAUCONDA 344,1.3,79.83677064,2.409883188,2.409883188,2.409883188,2.409883188,5.70393023,2.409883188,2.409883188,16.80798664829888,25.12526184750177,17.603784349854404,5.142935371844191,4.368063146416703,6.61599793754316,1.772209341290564,20.76022487957597,32.06195670820978,22.88087038026736,6.572802723110216,5.8544556311738045,8.38748353467783,2.4169808732657247,15.215096431598715,23.625123196402086,19.22584340891651,5.420848710122337,4.662256704846387,6.538031418516098,1.825551975198821,1.0,0.3,0.2,1.0,1.0,1.0,1.0,1.4,1.0,61.82461161,61.56360651,0.828615528,0.404825459,0.423790069,0.013402681,0.006547966,0.006854715,1429.55,165,0.981934635,0.0,0.0,0.0,True
LAKE:WAUCONDA 346,LAKE:WAUCONDA 346,LAKE:Wauconda 346,,,,,,,,,,0.782743149,0.130001845,0.023075681,0.042549243,0.017629067,0.00089834,0.2692,0.7653,0.2347,0.851,0.0049,0.0,0.0004,0.1389,0.071724712,0.099079046,0.169140026,0.108897515,0.125366964,0.159230133,0.148989106,0.046460171,0.071112327,0.002478327,0.066397106,0.023479583,0.016939554,0.035040399,0.008491632,0.054223466,0.020209199,0.016959569,0.043522224,0.075322933,0.153530993,0.122429065,0.082911711,0.099502882,0.178561357,,0.046163933,,,,,0.131513648,403.0,50.1,97298,636,309,0.250934483,,,-0.581211947,,,,-0.719916893,-0.269157036,mc_lake_2race,LAKE,Wauconda 346,0,0,0,,0,1,0,242,161,107,148,111,74,0.092,20.355563667570927,33,0.75722,31.450892842182395,51,0.14802,22.370366069918262,36,0.00064,6.4283581759273565,10,0.00048,5.701818937569423,9,0.00152,8.266971750578136,13,0.00012,2.401553593878316,4,LAKE:WAUCONDA 346,LAKE:WAUCONDA 346,LAKE:WAUCONDA 346,1.3,76.60493673,2.987005183,2.987005183,2.987005183,2.987005183,5.473032174,2.987005183,2.987005183,16.807587429443657,25.124367822372463,17.60388734475981,5.14283165121286,4.369148961529391,6.616031487284217,1.7721095298594125,20.759781840068836,32.06090715714996,22.881094208251998,6.5726945617495,5.855878469681802,8.387557747573318,2.4168607458052542,15.214697212743491,23.62422917127278,19.225946403821915,5.4207449894910065,4.663342519959075,6.538064968257156,1.8254521637676695,1.0,0.3,0.2,1.0,1.0,1.0,1.0,1.4,1.0,169.1890371,168.2349707,2.023543843,0.865579837,1.157964006,0.011960254,0.005116052,0.006844202,670.75,161,0.999488913,0.0,0.0,0.0,True
LAKE:WAUCONDA 347,LAKE:WAUCONDA 347,LAKE:Wauconda 347,,,,,,,,,,0.810402597,0.114911212,0.018019415,0.036555349,0.018873315,0.000913346,0.3403,0.8716,0.1284,0.7434,0.0085,0.0,0.0001,0.2453,0.059311406,0.096925722,0.188146491,0.100526423,0.123421816,0.163862632,0.146473344,0.050449354,0.07088281,0.011049738,0.062624183,0.029203033,0.012477894,0.026844097,0.009580503,0.071457294,0.015231164,0.031920462,0.052991193,0.081476146,0.115117764,0.107297197,0.088803781,0.072837602,0.211087946,,0.00424703,,,,,0.040685225,467.0,50.0,95662,688,341,0.072361173,,,-0.87016579,,,,-0.578551308,-0.516718179,mc_lake_2race,LAKE,Wauconda 347,0,0,0,,0,1,0,267,178,119,155,117,78,0.18456,22.083916678915518,39,0.54636,27.873590703831635,50,0.2641,23.781459403345156,42,0.00072,6.05041250455907,11,0.00072,6.030779956883489,11,0.0034,8.910242527378278,16,0.00014,2.1933702233982286,4,LAKE:WAUCONDA 347,LAKE:WAUCONDA 347,LAKE:WAUCONDA 347,1.3,82.55984579,1.923612357,1.923612357,1.923612357,1.923612357,5.898480066,1.923612357,1.923612357,17.407419089857278,21.304486126088054,17.79713534964446,4.552016846061241,4.369805283757956,6.814258192235192,1.5472517833803405,22.551789644258506,28.417045986233465,24.38065694600602,6.121463484957282,6.157005629177256,9.076984894195135,2.2298281454529905,15.81452887315711,19.804347474988372,19.419194408706566,4.829930184339387,4.66399884218764,6.736291673208131,1.6005944172885975,1.0,0.3,0.2,1.0,1.0,1.0,1.0,1.4,1.0,537.3936716,534.2417828,6.302276666,2.626666935,3.675609731,0.011727486,0.004887789,0.006839697,1714.45,178,0.999877325,0.0,0.0,0.0,True
LAKE:WAUCONDA 350,LAKE:WAUCONDA 350,LAKE:Wauconda 350,,,,,,,,,,0.658499956,0.278134783,0.012604908,0.027438147,0.041552675,0.001003773,0.259,0.7469,0.2531,0.8743,0.0213,0.0,0.0239,0.0558,0.100035171,0.119671753,0.149695802,0.094329541,0.116292044,0.143539262,0.169674085,0.083811183,0.02295116,0.029808338,0.015284498,0.0260027,0.047575556,0.014436039,0.032339475,0.044927576,0.024865628,0.077222302,0.087268363,0.072891156,0.148815067,0.085040007,0.081339765,0.097051927,0.115131605,,0.120983647,,,,,-0.031847134,471.0,51.1,79599,740,365,0.569679501,,,-1.100914085,,,,-0.453778867,-0.47444149,mc_lake_2race,LAKE,Wauconda 350,0,0,0,,0,1,0,285,190,127,197,148,99,0.18484,22.08423841826623,42,0.54562,27.874075741314513,53,0.26468,23.808547891253458,45,0.00078,6.002947620102828,11,0.00086,6.050567926788078,11,0.00308,8.927973506329705,17,0.00014,2.191845608176657,4,LAKE:WAUCONDA 350,LAKE:WAUCONDA 350,LAKE:WAUCONDA 350,1.3,81.71916733,2.073735799,2.073735799,2.073735799,2.073735799,5.838417876,2.073735799,2.073735799,17.40758333050283,21.304851697230372,17.797101561934117,4.5520506830026175,4.369367603211782,6.8142495670412595,1.5472935793914293,22.55197429024018,28.417498223090217,24.380564753440304,6.121497767824157,6.156401660063015,9.076957106204478,2.2298809294183113,15.814693113802665,19.80471304613069,19.419160620996223,4.829964021280764,4.663561161641466,6.736283048014198,1.6006362132996863,1.0,0.3,0.2,1.0,1.0,1.0,1.0,1.4,1.0,194.9235684,194.6788979,0.729770001,0.353493825,0.376276175,0.003743878,0.0018135,0.001930378,1163.74,0,0.042612954,0.0,0.0,0.0,True
LAKE:WAUCONDA 353,LAKE:WAUCONDA 353,LAKE:Wauconda 353,,,,,,,,,,0.797938625,0.153130829,0.007189063,0.026417314,0.019692046,0.001857111,0.2861,0.8855,0.1145,0.7622,0.0227,0.0,0.0,0.1928,0.051834093,0.09867411,0.218981097,0.097655097,0.095204439,0.18935418,0.143164769,0.071440415,0.033691798,0.033153546,0.01548879,0.0176183,0.03712591,0.001494275,0.006586455,0.058555515,0.000575617,0.068439412,0.044836757,0.10177954,0.114020799,0.034061186,0.090044721,0.066659594,0.309559582,,-0.1082164,,,,,-0.088082902,386.0,50.1,100239,567,281,-0.406752635,,,-1.279817789,,,,-0.609477493,-0.952418356,mc_lake_2race,LAKE,Wauconda 353,0,0,0,,0,1,0,219,146,97,140,105,70,0.18526,22.13361246075974,32,0.54574,27.819945533521306,41,0.26408,23.7437166649247,35,0.00068,6.0112648090773035,9,0.00098,6.039494764260511,9,0.00318,8.898980924240098,13,8e-05,2.239321408909699,3,LAKE:WAUCONDA 353,LAKE:WAUCONDA 353,LAKE:WAUCONDA 353,1.3,88.29146233,0.900093804,0.900093804,0.900093804,0.900093804,6.307974846,0.900093804,0.900093804,17.407630994994914,21.304938325950275,17.797166510775195,4.551983577315816,4.369319206961969,6.814292146367598,1.547312092524679,22.5519965361301,28.41756136612186,24.380600766127916,6.1213939535310615,6.156323632012503,9.076996754419302,2.2299017219379396,15.814740778294748,19.804799674850592,19.4192255698373,4.829896915593963,4.663512765391653,6.736325627340537,1.600654726432936,1.0,0.3,0.2,1.0,1.0,1.0,1.0,1.4,1.0,165.1095495,164.5220924,1.295973112,0.630782993,0.665190119,0.007849171,0.003820391,0.00402878,505.15,146,0.999397877,0.0,0.0,0.0,True
LAKE:WAUCONDA 354,LAKE:WAUCONDA 354,LAKE:Wauconda 354,,,,,,,,,,0.866382488,0.084338298,0.011622055,0.014500385,0.032451874,0.001006867,0.2152,0.7102,0.2898,0.8584,0.022,0.0,0.0,0.1,0.069527415,0.116268674,0.17935497,0.090223526,0.120229715,0.167355009,0.153489149,0.081863889,0.021687651,0.028536088,0.021245068,0.031741277,0.041924257,0.001026065,0.009894787,0.065577197,0.017592024,0.084334778,0.087800321,0.103683527,0.104027311,0.050412927,0.090285019,0.077863338,0.184056016,,-0.169280498,,,,,-0.067641682,547.0,50.3,76597,732,352,-0.666896332,,,-1.214787825,,,,-0.87147544,-1.009328515,mc_lake_2race,LAKE,Wauconda 354,0,0,0,,0,1,0,275,183,122,177,133,89,0.186,22.087477716315032,40,0.54474,27.855116990177653,51,0.26418,23.80384573265848,44,0.00082,6.041441189833005,11,0.0012,6.094093998665788,11,0.0029,8.818814104607506,16,0.00016,2.1771192989443446,4,LAKE:WAUCONDA 354,LAKE:WAUCONDA 354,LAKE:WAUCONDA 354,1.3,88.75399977,0.817496574,0.817496574,0.817496574,0.817496574,6.341020788,0.817496574,0.817496574,17.40777561120337,21.30530679761862,17.79695785990921,4.552197467429297,4.368745663137911,6.814176661612942,1.5473336177777541,22.552234122128436,28.418122543611023,24.380369374690616,6.121696396258494,6.155559092977425,9.07685810212563,2.2299350984890416,15.814885394503204,19.805168146518938,19.419016918971316,4.830110805707443,4.662939221567595,6.736210142585881,1.6006762516860111,1.0,0.3,0.2,1.0,1.0,1.0,1.0,1.4,1.0,503.3720963,502.6562165,2.14354136,1.426425995,0.717115365,0.004258363,0.002833741,0.001424623,2310.83,183,0.999573605,0.0,0.0,0.0,True
MCHENRY:ALG 1,MCHENRY:ALGONQUIN ALG 01,MCHENRY:ALG 1,,,,,,,,,,0.878194034,0.073337393,0.010652173,0.013891911,0.017400601,2.15e-05,0.3115,0.933,0.067,0.7972,0.0089,0.0,0.0,0.1592,0.11181341,0.105802915,0.099006804,0.171411433,0.125792481,0.133984968,0.112246413,0.084982153,0.054959422,0.025922451,0.000120882,0.010125074,0.000746072,0.01618411,0.03655653,0.016071568,0.053258086,0.035886719,0.076043686,0.112963815,0.20330819,0.043503307,0.085393345,0.093905598,0.190010565,,-0.143690598,,,,,-0.024734982,566.0,47.9,89279,788,414,-0.557878899,,,-1.078288088,,,,-0.685449194,-0.883134642,mc_lake_2race,MCHENRY,ALG 1,0,0,0,,0,0,1,227,151,101,96,72,48,0.18716,22.100690235285082,33,0.54246,27.7964716526997,42,0.2655,23.77345774463018,36,0.00086,6.077189774180547,9,0.00084,6.031024784497528,9,0.00312,8.877028969090867,13,6e-05,2.210846820452672,3,MCHENRY:ALG 1,MCHENRY:ALGONQUIN ALG 01,MCHENRY:ALG 1,1.0,87.65882012,1.01306735,1.01306735,1.01306735,1.01306735,6.262775786,1.01306735,1.01306735,17.407790276407425,21.305336977158305,17.7969643010982,4.552190755938701,4.368716529888332,6.814181595412243,1.5473381574354694,22.55224664396342,28.418154307667326,24.380369084390015,6.121685063649351,6.155517468744106,9.076861657679853,2.2299405041865987,15.81490005970726,19.805198326058623,19.419023360160306,4.830104094216848,4.662910088318016,6.736215076385181,1.6006807913437264,1.0,0.3,0.2,1.0,1.0,1.0,1.0,1.4,1.0,558.7805264,556.7753811,5.480320063,2.780282316,2.700037748,0.009807643,0.004975625,0.004832018,1366.05,151,0.998628763,0.0,0.0,0.0,True
MCHENRY:ALG 10,MCHENRY:ALGONQUIN ALG 10,MCHENRY:ALG 10,,,,,,,,,,0.787510229,0.116991103,0.032630092,0.048375928,0.013166802,0.0,0.291,0.3788,0.6212,0.8641,0.0112,0.0,0.0011,0.0886,0.106839573,0.142799521,0.147553169,0.137896616,0.178844155,0.102798888,0.074876718,0.067000623,0.041390737,0.023440289,0.051044466,0.002804416,0.014666822,0.011452194,0.028512442,0.036326757,0.003930253,0.108413267,0.107819366,0.171476323,0.099940653,0.180632785,0.048313539,0.051330324,0.059896106,,0.000959185,,,,,0.188811189,429.0,43.8,69761,709,378,0.05835438,,,-0.39893041,,,,-0.536550389,-0.227448614,mc_lake_2race,MCHENRY,ALG 10,0,0,0,,0,0,1,86,57,38,136,102,68,0.08424,19.876156469541005,11,0.68448,30.556340599852394,17,0.22888,24.300435529337175,14,0.0007,6.895625396745681,4,0.00046,5.9111393615855565,3,0.00116,7.020628375248402,4,8e-05,2.499889994239873,1,MCHENRY:ALG 10,MCHENRY:ALGONQUIN ALG 10,MCHENRY:ALG 10,1.0,75.32612106,3.215368604,3.215368604,3.215368604,3.215368604,5.381667314,3.215368604,3.215368604,16.552444335622308,24.639288244315907,19.30448088019635,5.576138494996378,4.52440188257329,5.73313742351304,1.8725769406874317,20.243698983233003,31.122784972574202,24.813494277919215,7.05854208562168,5.995954656506617,7.177894278650053,2.5224054757758854,14.959554118922142,23.139149593216224,20.926539939258458,5.854051833274525,4.818595441002974,5.655170904485979,1.9259195745956887,1.0,0.3,0.2,1.0,1.0,1.0,1.0,1.4,1.0,117.1493952,116.6935322,1.313507516,0.412071327,0.901436189,0.011212243,0.003517486,0.007694758,1614.78,57,1.0,0.0,0.0,0.0,True
MCHENRY:ALG 11,MCHENRY:ALGONQUIN ALG 11,MCHENRY:ALG 11,,,,,,,,,,0.829040252,0.093045218,0.022757992,0.04236903,0.008517979,0.000327011,0.2776,0.9159,0.0841,0.89,0.0,0.0087,0.0,0.1013,0.053895607,0.262491602,0.053061882,0.042390499,0.238506333,0.150908543,0.121289205,0.033484509,0.04397182,0.005981713,3.88e-06,0.017381796,0.0,0.004791408,0.005381177,0.005384005,0.026955106,0.001807519,0.054479231,0.163282874,0.066367026,0.256745713,0.097388145,0.152745023,0.141305379,,-0.088170532,,,,,-0.006342495,473.0,48.3,114429,670,340,-0.321353744,,,-1.01977579,,,,-0.814010462,-0.757867523,mc_lake_2race,MCHENRY,ALG 11,0,0,0,,0,0,1,164,109,73,189,142,95,0.18422,22.069599946229356,24,0.54616,27.845505031254824,30,0.26366,23.76556484158529,26,0.00092,6.021743815587046,7,0.00094,6.05585774446339,7,0.00398,8.964263884873866,10,0.00012,2.230599220116335,2,MCHENRY:ALG 11,MCHENRY:ALGONQUIN ALG 11,MCHENRY:ALG 11,1.0,86.28735273,1.257975972,1.257975972,1.257975972,1.257975972,6.164791433,1.257975972,1.257975972,17.407306532741337,21.304240797706626,17.797138517617714,4.55201422485287,4.370084212357072,6.814252049377098,1.5472214330414797,22.55167148211202,28.416754267227113,24.380703344943754,6.121470407727821,6.157393539665621,9.076991180739476,2.2297905078648594,15.814416316041171,19.804102146606944,19.41919757667982,4.829927563131017,4.6642777707867555,6.736285530350036,1.6005640669497367,1.0,0.3,0.2,1.0,1.0,1.0,1.0,1.4,1.0,177.0971789,176.4619165,1.694348141,0.847226568,0.847121573,0.009567336,0.004783964,0.004783371,1377.71,109,0.999666954,0.0,0.0,0.0,True
MCHENRY:ALG 12,MCHENRY:ALGONQUIN ALG 12,MCHENRY:ALG 12,,,,,,,,,,0.856930305,0.079551683,0.014393593,0.040629225,0.014354221,8.23e-07,0.3294,0.9313,0.0687,0.8778,0.0131,0.0,0.0002,0.1069,0.110701089,0.153018437,0.134176494,0.10187541,0.116975326,0.241901315,0.126312774,0.012677905,0.002361251,0.002232689,0.00436906,0.002226266,0.002180759,0.019498134,0.004400934,0.002211557,0.00226063,0.013164761,0.011030164,0.05242705,0.151989935,0.085189886,0.268850222,0.186881908,0.191086044,,0.028915039,,,,,0.172866521,457.0,49.0,138652,636,346,0.177451189,,,-0.449655424,,,,-0.84492526,-0.214490444,mc_lake_2race,MCHENRY,ALG 12,0,0,0,,0,0,1,179,119,79,209,157,105,0.0914,20.371380299903297,24,0.75792,31.400080026912992,37,0.14766,22.344493276104483,27,0.00078,6.452721890994425,8,0.0005,5.795730067370646,7,0.0016,8.206740209780774,10,0.00014,2.365744450165588,3,MCHENRY:ALG 12,MCHENRY:ALGONQUIN ALG 12,MCHENRY:ALG 12,1.0,74.91048076,3.289591218,3.289591218,3.289591218,3.289591218,5.351971934,3.289591218,3.289591218,16.807667922644864,25.124516464887368,17.603988006576852,5.142727609012188,4.369057745448406,6.616097953053211,1.7721400235707812,20.7598268128834,32.06100490319443,22.881149679577184,6.572539365984821,5.855742751064776,8.387618195833316,2.416893021742744,15.214777705944698,23.624377813787685,19.22604706563896,5.420640947290335,4.66325130387809,6.53813143402615,1.8254826574790382,1.0,0.3,0.2,1.0,1.0,1.0,1.0,1.4,1.0,300.4071873,299.4301109,2.608628649,1.29520261,1.313426039,0.008683643,0.00431149,0.004372153,1057.99,119,0.998919622,0.0,0.0,0.0,True
MCHENRY:ALG 13,MCHENRY:ALGONQUIN ALG 13,MCHENRY:ALG 13,,,,,,,,,,0.845950849,0.069314211,0.01042106,0.057636589,0.013088509,0.0,0.2899,0.9285,0.0715,0.7692,0.0172,0.0,0.006,0.2012,0.112024093,0.173833644,0.087112269,0.104330385,0.180236179,0.141818745,0.140114878,0.04009023,0.020439577,0.001664646,0.003238034,0.01869384,0.001183322,0.005290627,0.026839835,0.010429297,0.028285306,0.07833434,0.044941905,0.080257018,0.180861289,0.108189598,0.130289703,0.185926546,0.095574695,,-0.076333843,,,,,0.070754717,424.0,47.4,104617,641,331,-0.270927387,,,-0.774505258,,,,-0.712967589,-0.585663556,mc_lake_2race,MCHENRY,ALG 13,0,0,0,,0,0,1,180,120,80,156,117,78,0.1836,22.119348229736204,27,0.548,27.866692243779102,33,0.26294,23.861936824106657,29,0.00108,6.019519335478095,7,0.00078,6.06298641702793,7,0.00346,8.892151620042753,11,0.00014,2.212769204976291,3,MCHENRY:ALG 13,MCHENRY:ALGONQUIN ALG 13,MCHENRY:ALG 13,1.0,83.79925096,1.702286631,1.702286631,1.702286631,1.702286631,5.987029247,1.702286631,1.702286631,17.407161778229614,21.303831978523988,17.797500974073202,4.55164206287549,4.37081986115269,6.8144602804091114,1.5472130039903207,22.551369272486838,28.41605262388404,24.38106393274857,6.120933913733206,6.158358633753643,9.077228005565068,2.2297683481093094,15.814271561529448,19.803693327424305,19.41956003313531,4.829555401153637,4.665013419582373,6.73649376138205,1.6005556378985777,1.0,0.3,0.2,1.0,1.0,1.0,1.0,1.4,1.0,328.7959737,327.7298971,2.842285382,1.420957084,1.421328299,0.008644526,0.004321699,0.004322828,1438.83,120,0.998521992,0.0,0.0,0.0,True
MCHENRY:ALG 14,MCHENRY:ALGONQUIN ALG 14,MCHENRY:ALG 14,,,,,,,,,,0.827200014,0.084554815,0.011293099,0.05749853,0.010697742,3.32e-07,0.2801,0.7989,0.2011,0.7581,0.017,0.0,0.0066,0.2042,0.111912358,0.176127726,0.080972817,0.108805789,0.197745471,0.110867893,0.137681641,0.048765984,0.027120322,0.004442512,0.00888713,0.020900741,0.002666517,0.002664494,0.032616914,0.016201599,0.030929261,0.098652463,0.061391205,0.097519674,0.178585216,0.121129263,0.085965067,0.169657802,0.067790142,,-0.075256798,,,,,0.154150198,506.0,46.8,92237,756,409,-0.266338987,,,-0.509197947,,,,-0.64257135,-0.418125837,mc_lake_2race,MCHENRY,ALG 14,0,0,0,,0,0,1,179,119,79,166,125,83,0.09168,20.332246669758398,24,0.75706,31.454438333429042,37,0.14798,22.34813763353017,27,0.00096,6.449788928497088,8,0.00054,5.78806285865339,7,0.00162,8.218225858014257,10,0.00016,2.3497786411360124,3,MCHENRY:ALG 14,MCHENRY:ALGONQUIN ALG 14,MCHENRY:ALG 14,1.0,80.49499197,2.292341873,2.292341873,2.292341873,2.292341873,5.750956788,2.292341873,2.292341873,16.807443883721202,25.12396470210013,17.6042379985953,5.142471627785368,4.369869237092649,6.616232686949387,1.7721004218021772,20.75950797765405,32.06023567129725,22.881434517274894,6.5721985123499715,5.856780493785896,8.387779201752817,2.4168383561658,15.214553667021036,23.62382605100045,19.226297057657405,5.420384966063515,4.664062795522333,6.538266167922326,1.8254430557104342,1.0,0.3,0.2,1.0,1.0,1.0,1.0,1.4,1.0,258.6853258,257.833839,2.286763693,1.102982148,1.183781545,0.008839944,0.004263799,0.004576145,1414.2,119,1.0,0.0,0.0,0.0,True
MCHENRY:ALG 15,MCHENRY:ALGONQUIN ALG 15,MCHENRY:ALG 15,,,,,,,,,,0.726983847,0.090407722,0.037677456,0.135062252,0.008142988,0.000919063,0.2829,0.7511,0.2489,0.782,0.0039,0.0,0.0,0.1978,0.104662529,0.128457723,0.15575725,0.115570249,0.160237544,0.151476073,0.081954397,0.089405221,0.012479016,4.32e-06,0.001852125,0.044550937,0.032312812,0.062491753,0.033822411,0.024288204,0.026112172,6.72e-05,0.031549889,0.090010514,0.099194113,0.066917741,0.101985813,0.25400991,0.13083008,,-0.059337281,,,,,0.006289308,477.0,45.6,120078,710,322,-0.198519071,,,-0.979590043,,,,-0.544507172,-0.686688429,mc_lake_2race,MCHENRY,ALG 15,0,0,0,,0,0,1,87,58,39,208,156,104,0.18726,22.143679729633703,13,0.5403,27.841567818867162,16,0.26748,23.85640368582091,14,0.00102,6.000977911362133,3,0.00092,6.06890295245315,4,0.00286,8.888248345383143,5,0.00016,2.1781235972251483,1,MCHENRY:ALG 15,MCHENRY:ALGONQUIN ALG 15,MCHENRY:ALG 15,1.0,85.35389919,1.424666646,1.424666646,1.424666646,1.424666646,6.098100936,1.424666646,1.424666646,17.4058809783155,21.30090536136466,17.798055499751708,4.5510787004873485,4.3745391331845145,6.814703060188851,1.546911918102986,22.549807317063394,28.41226077413287,24.382027260926847,6.1202236444733815,6.163447234636056,9.077630467447694,2.2293780316004193,15.812990761615334,19.800766710264977,19.420114558813815,4.828992038765495,4.668732691614198,6.73673654116179,1.600254552011243,1.0,0.3,0.2,1.0,1.0,1.0,1.0,1.4,1.0,310.5017297,309.7938552,1.900913334,0.347233437,1.553679898,0.00612207,0.001118298,0.005003772,1036.32,58,0.99841853,0.0,0.0,0.0,True
MCHENRY:ALG 16,MCHENRY:ALGONQUIN ALG 16,MCHENRY:ALG 16,,,,,,,,,,0.761044665,0.11581075,0.034454993,0.075635439,0.014980591,0.00519148,0.3532,0.9567,0.0433,0.7797,0.0172,0.0,0.0,0.2,0.093344025,0.134769738,0.113033318,0.136396702,0.12521985,0.175057999,0.099034954,0.104271587,0.018871827,0.015549037,0.011661778,0.06236511,0.018194956,0.038983173,0.006631458,0.009138136,0.024813891,0.000372305,0.088366519,0.04443915,0.086380279,0.130059244,0.093756636,0.223798681,0.145489646,,0.09020731,,,,,0.203463203,462.0,48.8,117896,770,414,0.438566943,,,-0.352317735,,,,-0.541434188,-0.055735981,mc_lake_2race,MCHENRY,ALG 16,0,0,0,,0,0,1,119,79,53,236,177,118,0.0934,20.3602166452527,16,0.75648,31.432965805990086,25,0.14686,22.338127336259472,18,0.00064,6.495461207312379,5,0.00064,5.7835462437489635,5,0.00182,8.21638315341446,6,0.00016,2.380531285500299,2,MCHENRY:ALG 16,MCHENRY:ALGONQUIN ALG 16,MCHENRY:ALG 16,1.0,69.06324482,4.333756408,4.333756408,4.333756408,4.333756408,4.934216737,4.333756408,4.333756408,16.80704173908437,25.12311974279525,17.604128141064784,5.142586958183014,4.370738346638467,6.616137661554182,1.771981638441725,20.75913971401035,32.059378731023564,22.881483019280658,6.572400927318632,5.85794785933288,8.387721301815631,2.4167031774989627,15.214151522384203,23.622981091695568,19.22618720012689,5.420500296461161,4.66493190506815,6.538171142527121,1.825324272349982,1.0,0.3,0.2,1.0,1.0,1.0,1.0,1.4,1.0,181.6555223,181.1564178,1.165677523,0.004401723,1.161275801,0.006416967,2.42e-05,0.006392736,1232.99,79,1.0,0.0,0.0,0.0,True
MCHENRY:ALG 17,MCHENRY:ALGONQUIN ALG 17,MCHENRY:ALG 17,,,,,,,,,,0.733359108,0.097546979,0.035137264,0.122799599,0.009180528,0.001045116,0.2755,0.7404,0.2596,0.7777,0.0043,0.0,0.0,0.2004,0.121372027,0.131458169,0.138717412,0.099478566,0.150726467,0.156687595,0.071219704,0.086078,0.044262061,0.006305585,0.005407107,0.048053139,0.036052432,0.090204408,0.016394577,0.020313303,0.031502843,0.0,0.034386663,0.053141342,0.152852233,0.07484956,0.104705034,0.182089861,0.143741912,,-0.061601977,,,,,0.189320388,412.0,47.3,101799,682,368,-0.208167071,,,-0.397310487,,,,-0.545667249,-0.326381706,mc_lake_2race,MCHENRY,ALG 17,0,0,0,,0,0,1,152,101,67,204,153,102,0.09134,20.37847608638577,21,0.7597,31.390446351987755,32,0.14556,22.314129580047386,23,0.00084,6.47577214627235,7,0.00066,5.729111455185282,6,0.00178,8.180718496183983,8,0.00012,2.3897126759371985,2,MCHENRY:ALG 17,MCHENRY:ALGONQUIN ALG 17,MCHENRY:ALG 17,1.0,78.21918065,2.698742946,2.698742946,2.698742946,2.698742946,5.588361672,2.698742946,2.698742946,16.806358442262887,25.12148824996065,17.60469345430713,5.142009104025964,4.373005975297981,6.616429697951902,1.7718440228343224,20.7582393038943,32.057217505513336,22.882188426348467,6.571648715794654,5.860867477175226,8.388089926845385,2.4165233747092953,15.213468225562721,23.621349598860967,19.226752513369238,5.41992244230411,4.667199533727665,6.53846317892484,1.8251866567425794,1.0,0.3,0.2,1.0,1.0,1.0,1.0,1.4,1.0,417.1206347,416.1280559,2.57987388,0.365340081,2.214533799,0.006184959,0.000875862,0.005309097,1412.96,101,1.0,0.0,0.0,0.0,True
MCHENRY:ALG 18,MCHENRY:ALGONQUIN ALG 18,MCHENRY:ALG 18,,,,,,,,,,0.743186574,0.061714574,0.035655088,0.144678005,0.009137996,1.86e-06,0.365,0.8565,0.1435,0.7925,0.0,0.0,0.0,0.2075,0.131813749,0.075526921,0.139384977,0.177592799,0.126958339,0.155632501,0.088808772,0.069321269,0.034960674,0.003101315,0.006453321,0.011631673,0.007727365,0.017567688,0.045177504,0.025303912,0.002597054,3.6e-06,0.002634961,0.121555429,0.103213475,0.0893649,0.073242986,0.325699902,0.164724914,,-0.025422833,,,,,0.102880658,486.0,45.1,146732,832,453,-0.054037613,,,-0.672302514,,,,-0.5616784,-0.440453176,mc_lake_2race,MCHENRY,ALG 18,0,0,0,,0,0,1,180,120,80,240,180,120,0.09146,20.3677541254565,24,0.75892,31.44518189097077,38,0.1462,22.32620744999437,27,0.00072,6.433306877630088,8,0.00068,5.808711211251554,7,0.0019,8.206814112065647,10,0.00012,2.3688845646827086,3,MCHENRY:ALG 18,MCHENRY:ALGONQUIN ALG 18,MCHENRY:ALG 18,1.0,80.99517691,2.203021773,2.203021773,2.203021773,2.203021773,5.786692452,2.203021773,2.203021773,16.806040250579123,25.120729523786128,17.6049528133831,5.141744018016389,4.374057852324386,6.616563344315809,1.7717796069368237,20.757821430577998,32.05621473496183,22.8825136900928,6.571304104845365,5.86222221388252,8.388259168229556,2.416439387690613,15.213150033878955,23.620590872686446,19.227011872445207,5.419657356294536,4.66825141075407,6.538596825288748,1.8251222408450807,1.0,0.3,0.2,1.0,1.0,1.0,1.0,1.4,1.0,623.5850041,622.8242863,3.42250091,2.281261298,1.141239612,0.005488427,0.0036583,0.001830127,1600.78,120,0.999566719,0.0,0.0,0.0,True
MCHENRY:ALG 19,MCHENRY:ALGONQUIN ALG 19,MCHENRY:ALG 19,,,,,,,,,,0.787096985,0.103962846,0.026930182,0.069706472,0.01443732,0.000602657,0.2477,0.7542,0.2458,0.8384,0.0036,0.0,0.0,0.1233,0.156129571,0.077107832,0.102733599,0.142007921,0.095981412,0.188679945,0.082743699,0.050649496,0.103966526,0.014491074,0.020644941,0.018909217,0.00400486,0.055026745,4.13e-05,0.03593464,0.015502475,3.05e-05,0.013862046,0.045723854,0.172469774,0.101907198,0.091171844,0.203404381,0.206875163,,0.01248232,,,,,0.0,366.0,51.7,125398,588,260,0.107444943,,,-0.999598314,,,,-0.735428845,-0.584457093,mc_lake_2race,MCHENRY,ALG 19,0,0,0,,0,0,1,146,97,65,214,161,107,0.18394,21.994349045945544,21,0.54172,27.821652426430134,27,0.2691,23.878719128018094,23,0.00098,6.072091657791856,6,0.00106,6.034477455545738,6,0.0031,8.938911735746775,9,0.0001,2.1820377286138424,2,MCHENRY:ALG 19,MCHENRY:ALGONQUIN ALG 19,MCHENRY:ALG 19,1.0,83.77888093,1.705924192,1.705924192,1.705924192,1.705924192,5.985573912,1.705924192,1.705924192,17.406887490007925,21.30325926343036,17.7974122145725,4.551734956882514,4.37139810366432,6.814387126724686,1.5471308052338024,22.551121771102274,28.41542962480662,24.381095994145237,6.1210976068836604,6.159178421550289,9.077181747484573,2.2296695643080207,15.813997273307757,19.803120612330677,19.419471273634606,4.829648295160661,4.665591662094004,6.7364206076976245,1.6004734391420594,1.0,0.3,0.2,1.0,1.0,1.0,1.0,1.4,1.0,217.2476196,216.9828073,1.193102699,0.794017709,0.399084991,0.005491902,0.003654897,0.001837005,1249.23,97,1.0,0.0,0.0,0.0,True
MCHENRY:ALG 2,MCHENRY:ALGONQUIN ALG 02,MCHENRY:ALG 2,,,,,,,,,,0.842105889,0.10513314,0.009878244,0.012806724,0.029006288,7.15e-07,0.3101,0.9366,0.0634,0.7488,0.0263,0.0,0.0001,0.2081,0.134965386,0.157165114,0.108051343,0.171417952,0.113486578,0.108617588,0.099898646,0.060574871,0.045822522,0.027230151,0.012723528,0.006823858,0.008935761,0.045281012,0.014269463,0.021995242,0.028119875,0.024408925,0.09071513,0.121604908,0.142984854,0.144780664,0.099124603,0.082834786,0.128167239,,-0.028280601,,,,,0.079086116,569.0,44.7,92116,773,427,-0.066212203,,,-0.748000452,,,,-0.596008356,-0.492329858,mc_lake_2race,MCHENRY,ALG 2,0,0,0,,0,0,1,255,170,113,112,84,56,0.1625,21.55916168470437,37,0.4676,27.028922210820262,46,0.36606,25.629353867839335,44,0.00078,6.426612657989401,11,0.00094,6.172178376540012,10,0.00194,7.74354089752411,13,0.00018,2.342569060488695,4,MCHENRY:ALG 2,MCHENRY:ALGONQUIN ALG 02,MCHENRY:ALG 2,1.0,82.08275671,2.008808135,2.008808135,2.008808135,2.008808135,5.864394483,2.008808135,2.008808135,17.17330073144361,20.859549856191865,19.36096105895474,4.95061769659416,4.511185162583667,6.002280193015253,1.6397783254490113,22.036997183730463,27.546995664771057,26.23255105202205,6.595009592284699,6.287526268742949,7.902026542200787,2.3336684265286594,15.580410514743445,19.359411205092183,20.983020118016846,5.228531034872307,4.8053787210133505,5.924313673988192,1.6931209593572683,1.0,0.3,0.2,1.0,1.0,1.0,1.0,1.4,1.0,214.203653,213.4330908,2.2944957,1.218630647,1.075865053,0.010711749,0.005689122,0.005022627,870.02,170,0.999834442,0.0,0.0,0.0,True
MCHENRY:ALG 20,MCHENRY:ALGONQUIN ALG 20,MCHENRY:ALG 20,,,,,,,,,,0.771791681,0.06892558,0.031339606,0.113260831,0.013144931,0.000331524,0.2708,0.8938,0.1062,0.7574,0.0052,0.0,0.0,0.2116,0.102578404,0.092544012,0.155515183,0.141169687,0.104640325,0.199467583,0.10877519,0.064340693,0.030968924,2.52e-05,0.018852011,0.01804001,0.004553941,0.011793385,0.037198774,0.034322997,0.008090368,0.0,0.013169196,0.131716537,0.060707995,0.071384704,0.073948134,0.349118646,0.167078124,,-0.037935711,,,,,0.006237006,481.0,48.3,152320,736,312,-0.107344654,,,-0.979756432,,,,-0.653668624,-0.652602015,mc_lake_2race,MCHENRY,ALG 20,0,0,0,,0,0,1,92,61,41,223,168,112,0.1823,22.04954020424862,13,0.54634,27.82151252635165,17,0.26626,23.770879687723024,15,0.00082,6.027390753263651,4,0.00088,6.0457961467850305,4,0.00334,8.927107327718357,5,6e-05,2.1788872453961328,1,MCHENRY:ALG 20,MCHENRY:ALGONQUIN ALG 20,MCHENRY:ALG 20,1.0,84.86140822,1.512612802,1.512612802,1.512612802,1.512612802,6.062914968,1.512612802,1.512612802,17.406233486526517,21.30171673182432,17.797880250982853,4.551257038578392,4.373491695701046,6.814622593898537,1.5469928520993073,22.55024669530469,28.413325005883028,24.38174312679534,6.120453567373242,6.162017279149911,9.077505255951817,2.2294837998226638,15.813343269826351,19.80157808072464,19.41993931004496,4.829170376856538,4.667685254130729,6.736656074871476,1.6003354860075643,1.0,0.3,0.2,1.0,1.0,1.0,1.0,1.4,1.0,212.5896748,212.3304191,1.166650655,0.777767103,0.388883552,0.005487805,0.003658537,0.001829268,870.87,61,1.0,0.0,0.0,0.0,True
MCHENRY:ALG 21,MCHENRY:ALGONQUIN ALG 21,MCHENRY:ALG 21,,,,,,,,,,0.867979193,0.069549371,0.018282627,0.030690983,0.013068859,0.000926348,0.2899,0.952,0.048,0.784,0.0048,0.0,0.0097,0.1774,0.108640854,0.09953412,0.146052357,0.110969577,0.115839455,0.198138929,0.128612373,0.054860209,0.037352127,0.004663228,0.017354082,0.020604832,0.003161841,0.017018413,0.015111899,0.050514385,0.013442667,0.004571309,0.028870807,0.074236088,0.050503074,0.121164366,0.110078979,0.311977618,0.15672641,,-0.005552752,,,,,-0.034602076,578.0,50.6,142892,817,399,0.030612394,,,-1.109678424,,,,-0.765875855,-0.682069367,mc_lake_2race,MCHENRY,ALG 21,0,0,0,,0,0,1,243,162,108,183,138,92,0.18456,22.117691871470463,36,0.54572,27.813256507083377,45,0.26476,23.798570235721094,39,0.0008,6.039682639954746,10,0.00092,6.097810503399363,10,0.00318,8.924049407196074,14,6e-05,2.20665216865696,4,MCHENRY:ALG 21,MCHENRY:ALGONQUIN ALG 21,MCHENRY:ALG 21,1.0,85.28896627,1.436261986,1.436261986,1.436261986,1.436261986,6.093461811,1.436261986,1.436261986,17.40750193214611,21.304685678201142,17.797060085129754,4.552093826385,4.369523283910373,6.814218729459366,1.5472678933846555,22.55190718820996,28.41732713268027,24.38056155778325,6.121569381648188,6.156625246790609,9.07693371718625,2.2298505059821334,15.814611715445945,19.80454702710146,19.41911914419186,4.830007164663146,4.663716842340056,6.736252210432305,1.6006105272929125,1.0,0.3,0.2,1.0,1.0,1.0,1.0,1.4,1.0,491.5515786,491.0590724,2.907852149,1.198913428,1.708938721,0.00591566,0.002439039,0.003476621,2381.84,162,0.999110043,0.0,0.0,0.0,True
MCHENRY:ALG 22,MCHENRY:ALGONQUIN ALG 22,MCHENRY:ALG 22,,,,,,,,,,0.79703848,0.121374458,0.027778861,0.03715155,0.017565813,0.000729184,0.2745,0.8781,0.1219,0.848,0.005,0.0,0.0129,0.1339,0.118375437,0.093745906,0.084174202,0.131393931,0.142612507,0.170971475,0.160444816,0.056361307,0.041920419,0.007595679,0.006678682,0.008440898,0.062177067,0.020930032,0.029329281,0.033336741,0.00814039,0.001821455,0.02234241,0.039776857,0.141768127,0.152614103,0.14220993,0.197803566,0.125034783,,-0.062804153,,,,,0.123505976,502.0,51.4,119274,753,373,-0.21328855,,,-0.606686876,,,,-0.747232446,-0.459162504,mc_lake_2race,MCHENRY,ALG 22,0,0,0,,0,0,1,141,94,63,208,156,104,0.18494,22.11909365036801,21,0.54438,27.788338161259606,26,0.26574,23.817229185575858,22,0.00104,6.0376577912053175,6,0.00086,6.071384909784351,6,0.00292,8.909655333221316,8,0.00012,2.2618585079753797,2,MCHENRY:ALG 22,MCHENRY:ALGONQUIN ALG 22,MCHENRY:ALG 22,1.0,81.39917839,2.130877553,2.130877553,2.130877553,2.130877553,5.815556298,2.130877553,2.130877553,17.407351101446935,21.3043728587226,17.797003150699144,4.552153270374063,4.369832712353944,6.814173601948651,1.5472219985328157,22.55177449574285,28.416991952620812,24.380572363846,6.12167176444686,6.157065470930755,9.076903092619613,2.229795590073787,15.81446088474677,19.80423420762292,19.41906220976125,4.83006660865221,4.664026270783628,6.73620708292159,1.6005646324410727,1.0,0.3,0.2,1.0,1.0,1.0,1.0,1.4,1.0,196.3715052,195.8859555,1.641532764,0.581338914,1.06019385,0.008359323,0.002960404,0.005398919,964.13,94,1.0,0.0,0.0,0.0,True
MCHENRY:ALG 23,MCHENRY:ALGONQUIN ALG 23,MCHENRY:ALG 23,,,,,,,,,,0.771639676,0.077821132,0.027420177,0.104432961,0.012881461,0.000124168,0.2316,0.6245,0.3755,0.9088,0.0,0.0,0.0,0.0512,0.182263604,0.067242578,0.088592118,0.152000297,0.089672954,0.175635386,0.065478904,0.052025485,0.127088674,0.020489491,0.018663601,0.011103368,0.008045238,0.074097786,3.41e-05,0.018733604,0.010435123,9.04e-06,0.002938391,0.032184299,0.239513573,0.116752456,0.07437939,0.159218656,0.213401861,,-0.013510769,,,,,0.035897436,390.0,52.0,113651,581,266,-0.003290145,,,-0.885397255,,,,-0.804237171,-0.554607089,mc_lake_2race,MCHENRY,ALG 23,0,0,0,,0,0,1,135,90,60,234,176,117,0.18314,22.09304220295895,20,0.5459,27.80980564978134,25,0.26652,23.813926646593472,21,0.00058,6.065879460585226,5,0.00074,6.084555931699602,5,0.00294,8.890464354631805,8,0.00018,2.2005052707850887,2,MCHENRY:ALG 23,MCHENRY:ALGONQUIN ALG 23,MCHENRY:ALG 23,1.0,83.2602614,1.798536236,1.798536236,1.798536236,1.798536236,5.94852119,1.798536236,1.798536236,17.406384460738206,21.30205812930814,17.79782862548384,4.551309306669504,4.3730677370381805,6.814602261991815,1.5470295158014469,22.55042505157739,28.413759456028185,24.381641110130147,6.120516381983052,6.161435331188322,9.077466584688576,2.22953081468502,15.81349424403804,19.801919478208458,19.419887684545948,4.8292226449476505,4.667261295467864,6.736635742964753,1.6003721497097039,1.0,0.3,0.2,1.0,1.0,1.0,1.0,1.4,1.0,215.630413,215.3674395,1.184169066,0.787932226,0.39623684,0.005491661,0.003654087,0.001837574,1375.3,90,1.0,0.0,0.0,0.0,True
MCHENRY:ALG 24,MCHENRY:ALGONQUIN ALG 24,MCHENRY:ALG 24,,,,,,,,,,0.700055498,0.202872111,0.017580064,0.05754578,0.021341974,0.000105635,0.1121,0.7759,0.2241,0.892,0.0,0.0,0.0,0.0848,0.115742065,0.16493702,0.11399735,0.175489971,0.152359582,0.109593351,0.061891977,0.069944371,0.036044313,0.01650578,0.013745339,0.011567995,0.022775942,0.019686487,0.028270494,0.017430871,0.043035527,0.001366212,0.08482871,0.147620933,0.314276647,0.097564524,0.055136914,0.084747911,0.041439714,,0.243804419,,,,,0.167785235,298.0,43.2,82411,508,265,1.09291739,,,-0.465820597,,,,-0.7079659,0.118706148,mc_lake_2race,MCHENRY,ALG 24,0,0,0,,0,0,1,113,75,50,186,140,93,0.08524,19.784803584790414,15,0.67616,30.413322178129643,23,0.23614,24.387787984027604,18,0.00098,6.977703512092168,5,0.00024,5.9408419983286995,4,0.0012,7.021501819686331,5,4e-05,2.529138506714865,2,MCHENRY:ALG 24,MCHENRY:ALGONQUIN ALG 24,MCHENRY:ALG 24,1.0,62.01593579,5.824523867,5.824523867,5.824523867,5.824523867,4.430722436,5.824523867,4.430722436,16.538743129651913,24.613144506943062,19.395914494026183,5.599011563542357,4.533146866970626,5.686036427456676,1.8779784058831273,20.21618152240984,31.07267239579411,24.916226682770624,7.083826919342838,6.003892938551568,7.113961907401928,2.5280123640097614,14.945852912951745,23.11300585584338,21.01797355308829,5.876924901820503,4.82734042540031,5.608069908429615,1.9313210397913843,1.0,0.3,0.2,1.0,1.0,1.0,1.0,1.4,1.0,273.0918533,272.5295564,1.861472791,0.193922378,1.667550413,0.006816288,0.000710099,0.006106189,1083.21,75,1.0,0.0,0.0,0.0,True
MCHENRY:ALG 25,MCHENRY:ALGONQUIN ALG 25,MCHENRY:ALG 25,,,,,,,,,,0.721850891,0.190851091,0.021968114,0.045892272,0.022978591,7.24e-05,0.1135,0.897,0.103,0.9698,0.0022,0.0,0.0,0.028,0.109497509,0.165219566,0.118731957,0.185160338,0.138188771,0.119809947,0.072236077,0.061341777,0.029814056,0.018563769,0.012876316,0.006666754,0.008491624,0.011339224,0.031442107,0.017055155,0.042054143,0.01818738,0.088983559,0.15001352,0.290856342,0.101114605,0.057010607,0.079113993,0.066230901,,0.176975422,,,,,0.118918919,370.0,42.8,83108,654,288,0.808214219,,,-0.62127975,,,,-0.853365803,-0.085219512,mc_lake_2race,MCHENRY,ALG 25,0,0,0,,0,0,1,140,93,62,144,108,72,0.08468,19.745820720331466,18,0.67726,30.45492668463261,28,0.23572,24.390802268560012,23,0.0007,6.969814792279713,6,0.00056,5.941715506751884,6,0.001,6.968949751571288,6,8e-05,2.5469332242060485,2,MCHENRY:ALG 25,MCHENRY:ALGONQUIN ALG 25,MCHENRY:ALG 25,1.0,70.25871015,4.120277202,4.120277202,4.120277202,4.120277202,5.019626639,4.120277202,4.120277202,16.529777046379877,24.596190470831772,19.456447519750267,5.6146943162047345,4.538120779399018,5.654392857978999,1.8815890045282864,20.19817108200353,31.040077056817807,24.984262282500797,7.101263808139699,6.008121395764325,7.071106328366081,2.531772776688431,14.936886829679711,23.09605181973209,21.078506578812373,5.892607654482881,4.832314337828702,5.576426338951937,1.9349316384365434,1.0,0.3,0.2,1.0,1.0,1.0,1.0,1.4,1.0,350.5757938,350.2475393,2.626035909,0.656508977,1.969526932,0.007490637,0.001872659,0.005617978,1713.81,93,1.0,0.0,0.0,0.0,True
MCHENRY:ALG 26,MCHENRY:ALGONQUIN ALG 26,MCHENRY:ALG 26,,,,,,,,,,0.764390351,0.176187873,0.007394841,0.02833127,0.032843244,0.000910422,0.0878,0.8921,0.1079,0.9264,0.0011,0.0,0.0,0.0725,0.206598565,0.04971113,0.188184021,0.214667063,0.070636207,0.076284257,0.113600438,0.054700555,0.025617764,0.005519641,0.001858707,0.005508704,6.93e-05,0.029333414,0.07665477,0.040170614,0.083972505,0.043827052,0.069808934,0.08283802,0.220136695,0.159044003,0.124097213,0.014944981,0.04221544,,0.052968777,,,,,0.112709832,417.0,37.5,81864,644,306,0.279924304,,,-0.641032813,,,,-0.865371629,-0.295673894,mc_lake_2race,MCHENRY,ALG 26,0,0,0,,0,0,1,162,108,72,153,115,77,0.07952,19.586799964633688,21,0.63734,29.999209207922018,32,0.28062,25.251070344240734,27,0.00094,7.171160348879341,8,0.0006,5.9479608608926355,6,0.00094,6.450113285480966,7,4e-05,2.54971799708707,3,MCHENRY:ALG 26,MCHENRY:ALGONQUIN ALG 26,MCHENRY:ALG 26,1.0,77.37257301,2.849925186,2.849925186,2.849925186,2.849925186,5.527875873,2.849925186,2.849925186,16.409448487944637,24.367525357306725,20.261217810830956,5.8197131188495685,4.6106141713903925,5.2366391822890535,1.9292449775156162,19.958205736407727,30.604288736257526,25.88396292749085,7.32741920454891,6.072065504881111,6.507785518513236,2.581047102181313,14.81655827124447,22.867386706207043,21.883276869893063,6.097626457127715,4.904807729820076,5.158672663261992,1.9825876114238732,1.0,0.3,0.2,1.0,1.0,1.0,1.0,1.4,1.0,229.4902508,229.1909687,1.855913133,0.45455783,1.401355303,0.008087111,0.001980728,0.006106383,1189.82,108,1.0,0.0,0.0,0.0,True
MCHENRY:ALG 27,MCHENRY:ALGONQUIN ALG 27,MCHENRY:ALG 27,,,,,,,,,,0.683217414,0.231870002,0.026911503,0.044695645,0.033249002,0.001851027,0.1566,0.6335,0.3665,0.8925,0.0033,0.0001,0.0,0.0933,0.110595028,0.144110217,0.142274151,0.117627838,0.140729583,0.119165733,0.098305355,0.094615651,0.032576443,0.051075741,0.038067695,0.013904604,0.012359823,0.041842594,0.0272145,0.012228806,0.016293297,0.035308372,0.088112137,0.101787658,0.258009987,0.122604697,0.031817739,0.080869922,0.068502428,,-0.033843605,,,,,0.280353201,453.0,46.3,80989,689,340,-0.089911569,,,-0.107706416,,,,-0.647758703,-0.101033349,mc_lake_2race,MCHENRY,ALG 27,0,0,0,,0,0,1,372,248,165,164,123,82,0.09162,20.35775973410712,50,0.75894,31.455395437165613,78,0.14596,22.326257218601775,55,0.0008,6.45819282178246,16,0.0005,5.765761433980588,14,0.002,8.243232348615791,20,0.00018,2.4351228975697436,6,MCHENRY:ALG 27,MCHENRY:ALGONQUIN ALG 27,MCHENRY:ALG 27,1.0,70.87881948,4.009541706,4.009541706,4.009541706,4.009541706,5.063930289,4.009541706,4.009541706,16.807533174447514,25.12425742488861,17.603858699231015,5.142861436612401,4.3692516769781475,6.616010330000697,1.7720923238239323,20.75973720624878,32.06080450867667,22.881089298354443,6.572742022227015,5.856018753011082,8.387541350453208,2.4168415913094785,15.214642957747348,23.62411877378893,19.22591775829312,5.420774774890548,4.663445235407831,6.538043810973636,1.8254349577321893,1.0,0.3,0.2,1.0,1.0,1.0,1.0,1.4,1.0,928.775505,924.0718493,11.31874982,3.052039784,8.266710039,0.012186745,0.00328609,0.008900655,3358.19,248,1.0,0.0,0.0,0.0,True
MCHENRY:ALG 28,MCHENRY:ALGONQUIN ALG 28,MCHENRY:ALG 28,,,,,,,,,,0.854526307,0.075353244,0.015574487,0.031466345,0.021482896,0.000595773,0.3515,0.6225,0.3775,0.7652,0.0413,0.0028,0.0097,0.1438,0.116045408,0.151886724,0.082453347,0.165725681,0.136707689,0.162968864,0.095636398,0.05419348,0.034382409,0.013398263,0.035780449,0.071046312,0.0312668,0.072697818,0.00440216,0.012788681,0.001114198,0.04125417,0.054616998,0.052810844,0.119323846,0.10511535,0.098696351,0.121399387,0.164288374,,-0.008509273,,,,,0.245714286,525.0,46.8,97800,798,506,0.018017099,,,-0.217903723,,,,-0.535327828,-0.129433414,mc_lake_2race,MCHENRY,ALG 28,0,0,0,,0,0,1,309,206,137,176,132,88,0.09196,20.34640776954328,42,0.7572,31.378358588129828,65,0.14808,22.285715302995612,46,0.00058,6.425106342344276,13,0.0006,5.7765232081593725,12,0.00142,8.293036632465116,17,0.00016,2.4225219669184823,5,MCHENRY:ALG 28,MCHENRY:ALGONQUIN ALG 28,MCHENRY:ALG 28,1.0,71.9560031,3.817184555,3.817184555,3.817184555,3.817184555,5.140889568,3.817184555,3.817184555,16.807792676437067,25.12482094615289,17.60385940970808,5.142859232798134,4.36861703232063,6.616029325652059,1.7721629813092938,20.76000047823037,32.061423294617526,22.88099985930528,6.572713703257221,5.855178099881716,8.387535129487386,2.4169241655011753,15.214902459736901,23.62468229505321,19.225918468770185,5.420772571076281,4.662810590750314,6.538062806624998,1.8255056152175508,1.0,0.3,0.2,1.0,1.0,1.0,1.0,1.4,1.0,492.4309172,490.6083115,6.235029822,3.564316389,2.670713433,0.012661735,0.007238206,0.005423529,2069.21,206,0.999729646,0.0,0.0,0.0,True
MCHENRY:ALG 29,MCHENRY:ALGONQUIN ALG 29,MCHENRY:ALG 29,,,,,,,,,,0.746336925,0.149671289,0.046187074,0.047834847,0.017212336,0.001403444,0.197,0.7926,0.2074,0.8793,0.0251,0.0,0.0,0.0956,0.072232397,0.182637083,0.153017281,0.171509179,0.136919669,0.156604593,0.08563983,0.032324058,0.009115909,0.013136352,0.002239522,0.00410065,0.015364507,0.004172907,0.008204555,0.032664382,0.097526668,0.020334861,0.068151262,0.116935218,0.163252862,0.161714896,0.076973951,0.12620166,0.08902575,,0.047078283,,,,,0.21038961,385.0,42.0,92943,696,312,0.254829773,,,-0.330282651,,,,-0.674929139,-0.110865492,mc_lake_2race,MCHENRY,ALG 29,0,0,0,,0,0,1,144,96,64,146,110,73,0.08388,19.762214888994485,19,0.67206,30.35178540515392,29,0.24168,24.519461370781894,24,0.0008,6.98433223326165,7,0.00062,5.932229074147364,6,0.00084,6.845222857789929,7,0.00012,2.5742124724888704,2,MCHENRY:ALG 29,MCHENRY:ALGONQUIN ALG 29,MCHENRY:ALG 29,1.0,71.25701623,3.942005541,3.942005541,3.942005541,3.942005541,5.09095052,3.942005541,3.942005541,16.511387299456487,24.56126571591827,19.577600746798502,5.645972710860265,4.549280679760786,5.591125552825677,1.8886931624440049,20.161693122366003,30.973789254222275,25.12043146369004,7.136026022173464,6.018144743803232,6.985541927988944,2.5391481960367277,14.918497082756321,23.06112706481859,21.19965980586061,5.923886049138412,4.84347423819047,5.513159033798615,1.9420357963522619,1.0,0.3,0.2,1.0,1.0,1.0,1.0,1.4,1.0,236.27499,235.5864074,2.333600564,0.789191077,1.544409486,0.00987663,0.003340138,0.006536492,665.46,96,1.0,0.0,0.0,0.0,True
MCHENRY:ALG 3,MCHENRY:ALGONQUIN ALG 03,MCHENRY:ALG 3,,,,,,,,,,0.885550982,0.063047531,0.007852765,0.011900571,0.024818151,0.002399854,0.1647,0.8806,0.1194,0.7952,0.0,0.0,0.0,0.2043,0.198973587,0.171829748,0.065243481,0.226713332,0.05060203,0.078330558,0.089111297,0.075464236,0.043731732,0.062431221,0.000476239,0.020436782,0.023214117,0.023418102,0.033374615,0.025426918,0.005915123,0.045075884,0.063523875,0.13697168,0.128053567,0.162146466,0.152506622,0.056377281,0.060651507,,-0.092149029,,,,,0.067961165,515.0,41.0,86662,729,432,-0.338302835,,,-0.783392427,,,,-0.87575696,-0.61648383,mc_lake_2race,MCHENRY,ALG 3,0,0,0,,0,0,1,207,138,92,123,93,62,0.1537,21.40613488804166,30,0.43316,26.65184565366303,37,0.4095,26.27640921362189,36,0.00086,6.616494385356156,9,0.0009,6.210041008068082,9,0.00172,7.42274517121429,10,0.00016,2.3444861715665377,3,MCHENRY:ALG 3,MCHENRY:ALGONQUIN ALG 03,MCHENRY:ALG 3,1.0,84.30459163,1.612045852,1.612045852,1.612045852,1.612045852,6.023133261,1.612045852,1.612045852,17.08908469436906,20.69944712770998,19.92280381385469,5.093722615579021,4.562338610931778,5.710638847688714,1.6729914988559818,21.8542444143471,27.238135309826152,26.889431866638958,6.762843368569493,6.334301189737639,7.4853566829119735,2.3704618982493706,15.496194477668894,19.199308476610298,21.544862872916795,5.371635953857168,4.856532169361461,5.632672328661653,1.7263341327642387,1.0,0.3,0.2,1.0,1.0,1.0,1.0,1.4,1.0,381.4716708,380.1027591,3.650403901,1.82507911,1.82532479,0.009569266,0.004784311,0.004784955,1941.88,138,1.0,0.0,0.0,0.0,True
MCHENRY:ALG 30,MCHENRY:ALGONQUIN ALG 30,MCHENRY:ALG 30,,,,,,,,,,0.734137973,0.176897587,0.03352257,0.04380322,0.016168102,0.001233582,0.1802,0.7548,0.2452,0.8705,0.0316,0.0,0.0,0.0978,0.105147119,0.150848491,0.149177884,0.204615165,0.124471426,0.135932091,0.083105509,0.036264181,0.010438134,0.016165383,8.26e-05,0.013072159,0.011919057,0.017855797,0.016923239,0.051855592,0.115238019,0.036532445,0.074083591,0.101273393,0.155880997,0.143272534,0.079307853,0.097276165,0.069261193,,0.248361018,,,,,0.106382979,376.0,40.2,82217,669,345,1.112329296,,,-0.661160527,,,,-0.646895873,0.003898157,mc_lake_2race,MCHENRY,ALG 30,0,0,0,,0,0,1,78,52,35,216,162,108,0.08142,19.608385367175586,10,0.65682,30.27857155410778,16,0.2594,24.847542841126252,13,0.00074,7.040452486159287,4,0.00046,5.908993559597686,3,0.001,6.638330071249056,3,0.00016,2.6032615679796485,1,MCHENRY:ALG 30,MCHENRY:ALGONQUIN ALG 30,MCHENRY:ALG 30,1.0,66.51591589,4.795927593,4.795927593,4.795927593,4.795927593,4.752223072,4.795927593,4.752223072,16.47054012947023,24.483612585446256,19.851052774542193,5.715463927432414,4.573994971869595,5.449329015705904,1.90489484176231,20.080035438478767,30.825462110817273,25.42659161588065,7.212763495976739,6.03999999176807,6.793996933900855,2.5559251434583175,14.877649912770064,22.983473934346573,21.4731118336043,5.993377265710561,4.868188530299279,5.3713624966788425,1.958237475670567,1.0,0.3,0.2,1.0,1.0,1.0,1.0,1.4,1.0,301.3173053,300.813632,2.619831625,0.631552987,1.988278638,0.008694594,0.002095973,0.006598621,711.55,52,1.0,0.0,0.0,0.0,True
MCHENRY:ALG 31,MCHENRY:ALGONQUIN ALG 31,MCHENRY:ALG 31,,,,,,,,,,0.679587304,0.23748276,0.026589912,0.044578278,0.027207116,0.00179923,0.1981,0.765,0.235,0.889,0.0119,0.0,0.0014,0.0978,0.101599065,0.141306539,0.143071433,0.144635523,0.1350927,0.13205979,0.100395681,0.081321314,0.020517955,0.048399227,0.022395325,0.014305686,0.009222756,0.031668512,0.025059776,0.027535519,0.070063074,0.026773964,0.066531252,0.073812369,0.242614088,0.120996772,0.056585267,0.093596206,0.070440207,,0.093983397,,,,,0.293103448,464.0,45.1,83680,806,418,0.454653732,,,-0.067143862,,,,-0.604685823,0.128530236,mc_lake_2race,MCHENRY,ALG 31,0,0,0,,0,0,1,165,110,73,209,157,105,0.09104,20.34151046842845,22,0.7589,31.437000311082798,35,0.14714,22.403755859743068,25,0.00076,6.465602134146511,7,0.00036,5.78599456795335,6,0.00168,8.231877548065333,9,0.00012,2.3697980670856795,3,MCHENRY:ALG 31,MCHENRY:ALGONQUIN ALG 31,MCHENRY:ALG 31,1.0,61.61379064,5.916445385,5.916445385,5.916445385,5.916445385,4.401991215,5.916445385,4.401991215,16.807536821928775,25.124264524166374,17.6038618639256,5.1428581593040095,4.369246074596615,6.6160124995208145,1.7720935863522034,20.75973975436522,32.060810247783714,22.8810906548483,6.572737025596743,5.856010864249564,8.387543222214596,2.4168429612225353,15.214646605228609,23.624125873066692,19.225920922987708,5.420771497582156,4.663439633026298,6.538045980493753,1.8254362202604604,1.0,0.3,0.2,1.0,1.0,1.0,1.0,1.4,1.0,467.0032459,463.3256314,6.58197747,3.092215124,3.489762347,0.014094072,0.0066214,0.007472673,1808.12,110,1.0,0.0,0.0,0.0,True
MCHENRY:ALG 32,MCHENRY:ALGONQUIN ALG 32,MCHENRY:ALG 32,,,,,,,,,,0.625163027,0.296570847,0.020689133,0.045887646,0.038877566,0.002437765,0.1608,0.7936,0.2064,0.9404,0.0385,0.0001,0.0004,0.0206,0.095051101,0.134118001,0.137971712,0.077836732,0.147100804,0.130129995,0.119326225,0.127760456,0.030704974,0.082112994,0.045930491,0.014832432,0.007088857,0.045059924,0.032489245,0.00051778,0.021521413,0.015087592,0.057658834,0.045176108,0.331260729,0.100554253,0.033536039,0.092953213,0.074220096,,-0.093152861,,,,,0.202279202,351.0,50.6,85002,603,318,-0.342579334,,,-0.356084415,,,,-0.676185637,-0.35102001,mc_lake_2race,MCHENRY,ALG 32,0,0,0,,0,0,1,72,48,32,193,145,97,0.09094,20.30811953433971,10,0.75976,31.44284415736195,15,0.14594,22.385149455677674,11,0.0008,6.440225260802973,3,0.0006,5.764972993667458,3,0.00192,8.232888212020045,4,4e-05,2.391588443265836,1,MCHENRY:ALG 32,MCHENRY:ALGONQUIN ALG 32,MCHENRY:ALG 32,1.0,78.86672952,2.583107457,2.583107457,2.583107457,2.583107457,5.634625737,2.583107457,2.583107457,16.80755388418461,25.12427547473952,17.603962154444158,5.14275485916326,4.369309778983471,6.616074202930701,1.7721067921399787,20.759720447040667,32.06075692752999,22.88116782447757,6.5725890395761715,5.856080382883489,8.387605068518607,2.4168550402541693,15.214663667484444,23.624136823639837,19.226021213506264,5.420668197441406,4.663503337413155,6.53810768390364,1.8254494260482357,1.0,0.3,0.2,1.0,1.0,1.0,1.0,1.4,1.0,96.40123348,95.10021697,1.345026939,0.784313983,0.560712956,0.013952383,0.008135933,0.00581645,571.33,48,1.0,0.0,0.0,0.0,True
MCHENRY:ALG 33,MCHENRY:ALGONQUIN ALG 33,MCHENRY:ALG 33,,,,,,,,,,0.866703016,0.064359617,0.013347107,0.042151448,0.014853828,0.000203025,0.2599,0.7065,0.2935,0.7468,0.0402,0.0061,0.0013,0.2056,0.156464543,0.141604245,0.080900129,0.107623202,0.15328685,0.14806342,0.122275413,0.057547828,0.032234369,0.009464199,0.008748858,0.119696239,0.030018194,0.076014853,0.011727114,0.012339941,0.003540788,0.056372057,0.074452944,0.046783509,0.028978546,0.114022531,0.124655343,0.14507086,0.138114023,,-0.048720473,,,,,0.062706271,606.0,48.7,104794,857,461,-0.153289619,,,-0.800109901,,,,-0.757095173,-0.557552296,mc_lake_2race,MCHENRY,ALG 33,0,0,0,,0,0,1,104,69,46,199,150,100,0.18272,22.031810087245386,15,0.54658,27.88416015238137,19,0.26556,23.81577306458857,16,0.00084,6.044330275147646,4,0.00078,6.084673080030209,4,0.00338,8.887050538371886,6,0.00014,2.189492919625195,2,MCHENRY:ALG 33,MCHENRY:ALGONQUIN ALG 33,MCHENRY:ALG 33,1.0,83.31270267,1.789171581,1.789171581,1.789171581,1.789171581,5.952267852,1.789171581,1.789171581,17.40736694759203,21.304337708281206,17.79727035184516,4.551878218831398,4.370074944064305,6.814335877828973,1.5472491263784094,22.551678922547985,28.416789199363738,24.380790563262654,6.12126347459311,6.157359046115895,9.077073036005888,2.2298204883914274,15.814476730891865,19.804199057181524,19.419329410907267,4.829791557109544,4.6642685024939885,6.736369358801912,1.6005917602866664,1.0,0.3,0.2,1.0,1.0,1.0,1.0,1.4,1.0,224.7772256,224.0271934,2.641071803,1.430870632,1.210201171,0.01174973,0.006365728,0.005384003,586.35,69,0.999060052,0.0,0.0,0.0,True
MCHENRY:ALG 34,MCHENRY:ALGONQUIN ALG 34,MCHENRY:ALG 34,,,,,,,,,,0.864865241,0.071083379,0.011881058,0.036109465,0.020637636,0.001172021,0.2691,0.8816,0.1184,0.7578,0.065,0.001,0.0055,0.1706,0.1031209,0.140445806,0.132091131,0.120808643,0.103297127,0.149920448,0.124623597,0.09673099,0.028961358,0.0435371,0.041496067,0.030153898,0.07104321,0.06073623,0.027889439,0.016311385,0.015855921,0.04256218,0.100544204,0.047605296,0.086221489,0.090421276,0.114897341,0.080218151,0.130506813,,-0.043195982,,,,,-0.105360444,541.0,50.5,75657,748,364,-0.129754325,,,-1.334783095,,,,-0.749701366,-0.882897306,mc_lake_2race,MCHENRY,ALG 34,0,0,0,,0,0,1,227,151,101,161,121,81,0.18562,22.15395626603395,33,0.54254,27.807967091511298,42,0.2667,23.789897598981028,36,0.00078,6.079887727494312,9,0.00072,6.047348085400098,9,0.00356,8.833922166637203,13,8e-05,2.2006254263849763,3,MCHENRY:ALG 34,MCHENRY:ALGONQUIN ALG 34,MCHENRY:ALG 34,1.0,87.65651086,1.013479723,1.013479723,1.013479723,1.013479723,6.262610801,1.013479723,1.013479723,17.40746287308067,21.30455980998533,17.797217633852892,4.551931923553218,4.369784623433655,6.814310948371219,1.5472707209333738,22.55180059412368,28.417083378339566,24.38070902249458,6.121333694020133,6.156963385692983,9.0770357538978,2.229848901711943,15.814572656380506,19.80442115888565,19.419276692915,4.829845261831364,4.663978181863339,6.7363444293441574,1.6006133548416308,1.0,0.3,0.2,1.0,1.0,1.0,1.0,1.4,1.0,486.1312483,485.2454823,3.322040769,0.801474665,2.520566104,0.006833629,0.00164868,0.00518495,1848.1,151,0.999517452,0.0,0.0,0.0,True
MCHENRY:ALG 35,MCHENRY:ALGONQUIN ALG 35,MCHENRY:ALG 35,,,,,,,,,,0.84193781,0.088194535,0.013701581,0.037162217,0.014942158,0.001833817,0.3234,0.9106,0.0894,0.8172,0.0346,0.0,0.0021,0.146,0.108398025,0.147308177,0.136023867,0.132649755,0.117934752,0.159049604,0.11549944,0.069652061,0.013484318,0.070329896,0.024679667,0.004491764,0.042049059,0.033197545,0.014170964,0.045266769,0.030190335,0.043642013,0.071520768,0.049336563,0.116246721,0.103412381,0.092631058,0.112942472,0.145892025,,0.089955535,,,,,0.222797927,386.0,46.8,90296,756,375,0.437494338,,,-0.290807884,,,,-0.698501338,-0.017694551,mc_lake_2race,MCHENRY,ALG 35,0,0,0,,0,0,1,183,122,81,181,136,91,0.08976,20.34526156563219,25,0.76242,31.448902080041396,38,0.1441,22.388067678220285,27,0.00078,6.414364184497778,8,0.00066,5.728338952351585,7,0.00212,8.258507947319085,10,0.00016,2.4386126547945275,3,MCHENRY:ALG 35,MCHENRY:ALGONQUIN ALG 35,MCHENRY:ALG 35,1.0,67.44425801,4.622865602,4.622865602,4.622865602,4.622865602,4.818548383,4.622865602,4.622865602,16.807722058205513,25.12464249328363,17.60395562329639,5.142760625592571,4.368891134869481,6.6160822968948505,1.7721519857182504,20.759893618072347,32.06116449695941,22.881104069690455,6.572580878929181,5.855526882083323,8.387596694756684,2.416908089789272,15.21483184150535,23.624503842183948,19.226014682358496,5.420673963870717,4.663084693299165,6.538115777867789,1.8254946196265074,1.0,0.3,0.2,1.0,1.0,1.0,1.0,1.4,1.0,318.3988963,317.5083136,2.48444551,0.878735373,1.605710136,0.007802934,0.002759857,0.005043077,1337.39,122,1.0,0.0,0.0,0.0,True
MCHENRY:ALG 36,MCHENRY:ALGONQUIN ALG 36,MCHENRY:ALG 36,,,,,,,,,,0.768639014,0.161546734,0.011971805,0.039496712,0.023137531,2.49e-05,0.3217,0.8974,0.1026,0.8945,0.0,0.0,0.0,0.103,0.099060077,0.155930677,0.070766491,0.230166043,0.089147057,0.135067873,0.143011579,0.046159659,0.030690544,0.021418569,0.009002141,0.01603196,0.027049889,0.021456612,0.009143123,0.040765219,8.77e-05,0.000215054,0.01136061,0.03375269,0.156229196,0.181264553,0.134285912,0.215645123,0.122291606,,0.059993061,,,,,0.125603865,414.0,45.7,121169,621,309,0.309848978,,,-0.60001283,,,,-0.680662509,-0.258814652,mc_lake_2race,MCHENRY,ALG 36,0,0,0,,0,0,1,167,111,74,155,117,78,0.0906,20.349186760340995,23,0.75984,31.352516615693737,35,0.14656,22.332986718349268,25,0.00072,6.472408824758599,7,0.00058,5.767009981471394,6,0.0016,8.217279818788167,9,0.0001,2.459674009797447,3,MCHENRY:ALG 36,MCHENRY:ALGONQUIN ALG 36,MCHENRY:ALG 36,1.0,76.29608769,3.042157638,3.042157638,3.042157638,3.042157638,5.450966484,3.042157638,3.042157638,16.807698971187115,25.124578494580522,17.60400880686471,5.142706028406366,4.369003599818243,6.616112718669724,1.7721502464292218,20.759850745432963,32.061059512490374,22.881156140668026,6.572505781585594,5.855667958106681,8.38763031642064,2.416904275576383,15.214808754486949,23.62443984348084,19.226067865926815,5.420619366684512,4.663197158247927,6.538146199642663,1.8254928803374788,1.0,0.3,0.2,1.0,1.0,1.0,1.0,1.4,1.0,211.7834143,211.7547561,0.840489018,0.362928121,0.477560897,0.003968625,0.001713676,0.002254949,1469.18,111,0.99840471,0.0,0.0,0.0,True
MCHENRY:ALG 37,MCHENRY:ALGONQUIN ALG 37,MCHENRY:ALG 37,,,,,,,,,,0.89533344,0.0449276,0.003162029,0.03084038,0.013819137,5.3e-07,0.4069,0.9621,0.0379,0.7626,0.0354,0.0,0.0,0.1929,0.054549586,0.227290075,0.064368689,0.101907563,0.189275742,0.160599131,0.149940354,0.045322717,0.006746144,3.63e-05,1.27e-05,1.9e-05,0.019003207,2.19e-05,0.011139049,0.009517451,0.012732573,4.69e-05,0.030137061,0.015807856,0.047598223,0.0452399,0.155142248,0.196825211,0.456720368,,-0.178721464,,,,,-0.146025878,541.0,48.1,189006,719,319,-0.707116492,,,-1.464152658,,,,-0.764172227,-1.180264096,mc_lake_2race,MCHENRY,ALG 37,0,0,0,,0,0,1,207,138,92,142,107,71,0.18236,22.059027671381347,30,0.54442,27.81232960347344,38,0.26788,23.849475044624942,33,0.00096,6.064065919685271,8,0.00092,6.068992926079899,8,0.00328,8.894398617139448,12,0.00018,2.203410502807198,3,MCHENRY:ALG 37,MCHENRY:ALGONQUIN ALG 37,MCHENRY:ALG 37,1.0,89.88623575,0.615308496,0.615308496,0.615308496,0.615308496,6.421913276,0.615308496,0.615308496,17.40759181628448,21.304824193409136,17.797277989065375,4.551869083644602,4.369532384467372,6.814356572832429,1.5473109534599025,22.551909132656395,28.417359274728117,24.38070959361433,6.121228390726706,6.156602244386656,9.077069390472552,2.2298967036959234,15.814701599584316,19.804685542309453,19.41933704812748,4.829782421922749,4.663725942897056,6.736390053805367,1.6006535873681595,1.0,0.3,0.2,1.0,1.0,1.0,1.0,1.4,1.0,847.0287342,847.0244476,3.249104187,1.62341772,1.625686467,0.003835884,0.001916603,0.001919281,1712.57,138,0.999491689,0.0,0.0,0.0,True
MCHENRY:ALG 38,MCHENRY:ALGONQUIN ALG 38,MCHENRY:ALG 38,,,,,,,,,,0.889756542,0.034792783,0.005266865,0.052106112,0.012414171,0.0,0.4047,0.9743,0.0257,0.7224,0.0114,0.0,0.0,0.2526,0.097181029,0.221433798,0.085257068,0.130998324,0.164856885,0.173465381,0.095836952,0.021800333,0.00917023,0.005849841,4.44e-07,0.005849574,0.011114004,0.004680086,0.025037462,0.011114715,0.0,0.0,0.028546816,0.027035618,0.028081937,0.072834732,0.04855149,0.25398596,0.47731732,,-0.134507321,,,,,-0.087344029,561.0,45.6,195535,828,393,-0.518756539,,,-1.277467201,,,,-0.695365711,-0.992950703,mc_lake_2race,MCHENRY,ALG 38,0,0,0,,0,0,1,89,59,39,193,145,97,0.18408,22.055133380546227,13,0.54632,27.85485282662281,16,0.26502,23.833246102850463,14,0.00078,5.9981764036598895,4,0.00078,6.052810504543016,4,0.00282,8.879051150927332,5,0.0002,2.2712028038265504,1,MCHENRY:ALG 38,MCHENRY:ALGONQUIN ALG 38,MCHENRY:ALG 38,1.0,88.6258077,0.840388364,0.840388364,0.840388364,0.840388364,6.331862118,0.840388364,0.840388364,17.407272787092843,21.304071498131172,17.797507198579677,4.551635027599742,4.370554602078361,6.814471976852425,1.5472437351775052,22.551481889821318,28.416331813334605,24.38102602146068,6.120912859749279,6.157988221366887,9.077227772104116,2.229806152443789,15.814382570392675,19.80393284703149,19.419566257641783,4.829548365877889,4.6647481605080445,6.736505457825364,1.6005863690857622,1.0,0.3,0.2,1.0,1.0,1.0,1.0,1.4,1.0,180.533913,180.533913,0.691259399,0.345629699,0.345629699,0.003828973,0.001914486,0.001914486,489.38,59,1.0,0.0,0.0,0.0,True
MCHENRY:ALG 39,MCHENRY:ALGONQUIN ALG 39,MCHENRY:ALG 39,,,,,,,,,,0.896934906,0.061424614,0.007792212,0.019361142,0.014606938,1.85e-05,0.3421,0.9048,0.0952,0.9427,0.0091,0.0,0.0,0.0481,0.080184561,0.182243127,0.058551929,0.194567056,0.125350432,0.135492765,0.146778187,0.048440991,0.028390952,0.018157532,6.58e-05,0.018683754,0.034472933,0.014546754,4.14e-05,0.034389318,1.83e-05,4.37e-05,0.011580176,0.021907751,0.089330508,0.15761268,0.150851731,0.232265049,0.216032658,,-0.050898662,,,,,-0.123434705,559.0,47.0,141432,742,389,-0.162569084,,,-1.392283017,,,,-0.946332068,-0.931140292,mc_lake_2race,MCHENRY,ALG 39,0,0,0,,0,0,1,144,96,64,229,172,115,0.18452,22.08386532084147,21,0.54412,27.826486819545625,27,0.26604,23.848564560988606,23,0.00074,6.0049898579894805,6,0.00096,6.056051132243676,6,0.0035,8.900263247483611,9,0.00012,2.16745003140451,2,MCHENRY:ALG 39,MCHENRY:ALGONQUIN ALG 39,MCHENRY:ALG 39,1.0,88.10569958,0.933266229,0.933266229,0.933266229,0.933266229,6.294703045,0.933266229,0.933266229,17.40772892967369,21.305175711183438,17.797071856902395,4.55208042448235,4.368979860400718,6.814242070221076,1.5473306526693162,22.55213787432463,28.417898903550803,24.380483233125695,6.12152778243559,6.155866566117954,9.076932630387716,2.2299277403382947,15.814838712973526,19.805037060083755,19.4191309159645,4.8299937627604965,4.663173418830402,6.736275551194015,1.6006732865775732,1.0,0.3,0.2,1.0,1.0,1.0,1.0,1.4,1.0,211.2882833,211.2880063,0.809230407,0.404149698,0.405080708,0.003829982,0.001912788,0.001917194,1103.23,96,1.0,0.0,0.0,0.0,True
MCHENRY:ALG 4,MCHENRY:ALGONQUIN ALG 04,MCHENRY:ALG 4,,,,,,,,,,0.687273204,0.228900902,0.021420913,0.024217901,0.042229911,9.07e-05,0.1414,0.6407,0.3593,0.8655,0.0407,0.0,0.017,0.0768,0.150372132,0.110135576,0.118739999,0.167734459,0.144978378,0.095009139,0.134191657,0.043451794,0.035386868,0.096929382,0.020783664,0.000237074,0.007580556,0.034329107,0.018077619,0.004271333,0.036589522,0.053827797,0.119783091,0.16399013,0.140419816,0.07279344,0.096277591,0.109205273,0.024904606,,0.047191761,,,,,0.115124153,443.0,44.5,69841,680,376,0.255313209,,,-0.633352097,,,,-0.623614899,-0.300102607,mc_lake_2race,MCHENRY,ALG 4,0,0,0,,0,0,1,156,104,69,125,94,63,0.08482,19.875397802217332,21,0.69092,30.526018871546857,32,0.2216,24.131602641141797,25,0.00092,6.951398010777762,7,0.00054,5.905408522148335,6,0.0011,7.124473013844224,7,0.0001,2.471450294968105,3,MCHENRY:ALG 4,MCHENRY:ALGONQUIN ALG 04,MCHENRY:ALG 4,1.0,77.49744008,2.827627155,2.827627155,2.827627155,2.827627155,5.536796988,2.827627155,2.827627155,16.568797993347324,24.67052634603982,19.198055322615172,5.549196989305798,4.513555880444817,5.788263935774341,1.8663966855104221,20.276125389270852,31.18196897261552,24.6935614316879,7.02860981802218,5.985800614337354,7.252720346008495,2.515988158338384,14.975907776647158,23.17038769494014,20.82011438167728,5.827110327583945,4.807749438874501,5.71029741674728,1.9197393194186791,1.0,0.3,0.2,1.0,1.0,1.0,1.0,1.4,1.0,275.0623973,274.1089349,2.38385082,0.477705597,1.906145224,0.008666582,0.001736717,0.006929865,1663.82,104,1.0,0.0,0.0,0.0,True
MCHENRY:ALG 40,MCHENRY:ALGONQUIN ALG 40,MCHENRY:ALG 40,,,,,,,,,,0.847596726,0.073839543,0.00972279,0.04939463,0.008996065,0.002426626,0.3743,0.9515,0.0485,0.8139,0.0411,0.0,0.0,0.145,0.125175952,0.150431837,0.127594943,0.146722586,0.137962254,0.166931,0.110468538,0.03465329,5.96e-05,0.082433272,0.0,0.0,0.004365042,0.008714624,0.0,0.073813636,0.043409717,0.052071995,0.03524704,0.047897639,0.126183737,0.123832053,0.086979602,0.15663121,0.158420435,,0.071528475,,,,,0.056521739,460.0,44.8,105221,699,363,0.358991851,,,-0.819784847,,,,-0.663468339,-0.377743585,mc_lake_2race,MCHENRY,ALG 40,0,0,0,,0,0,1,81,54,36,212,159,106,0.08482,19.816045566048572,11,0.69206,30.6020778352946,17,0.22034,24.092319669626207,13,0.00088,6.814374980025378,4,0.00056,5.913408903233902,3,0.00124,7.213071583292069,4,0.0001,2.4628928750562133,1,MCHENRY:ALG 40,MCHENRY:ALGONQUIN ALG 40,MCHENRY:ALG 40,1.0,79.53831668,2.463179351,2.463179351,2.463179351,2.463179351,5.682607216,2.463179351,2.463179351,16.57533704760411,24.682755437526254,19.152976103788273,5.537106117201036,4.51061680553989,5.812176655599409,1.8636656420926163,20.2893704466168,31.205753627404857,24.642709364764904,7.015049788291383,5.983610332061023,7.285159088711287,2.513122082430407,14.982446830903942,23.18261678642657,20.77503516285038,5.815019455479183,4.804810363969573,5.734210136572348,1.9170082760008733,1.0,0.3,0.2,1.0,1.0,1.0,1.0,1.4,1.0,143.4133997,143.0605992,1.234801719,0.529200737,0.705600982,0.008610086,0.003690037,0.004920049,612.49,54,1.0,0.0,0.0,0.0,True
MCHENRY:ALG 41,MCHENRY:ALGONQUIN ALG 41,MCHENRY:ALG 41,,,,,,,,,,0.850707208,0.093678872,0.016027039,0.017256584,0.018137779,0.002137552,0.2528,0.8946,0.1054,0.7752,0.0504,0.0,0.0046,0.1699,0.09352621,0.131999962,0.138969136,0.136193332,0.083341117,0.151088181,0.139112496,0.10028001,0.025489555,0.043076519,0.047245124,0.006559694,0.071244921,0.055312592,0.030638894,0.013838301,0.013738945,0.029599072,0.098071649,0.047433647,0.143904097,0.093770027,0.127072655,0.06077573,0.117718133,,0.001464745,,,,,0.155642023,514.0,50.9,82512,781,407,0.060508154,,,-0.504451981,,,,-0.766642334,-0.292591931,mc_lake_2race,MCHENRY,ALG 41,0,0,0,,0,0,1,155,103,69,120,90,60,0.09334,20.338682046463642,21,0.75808,31.38738685881482,32,0.14586,22.333462560227087,23,0.0005,6.494734710128269,7,0.00056,5.82137637950234,6,0.00158,8.1914917450997,8,8e-05,2.4091563288951323,2,MCHENRY:ALG 41,MCHENRY:ALGONQUIN ALG 41,MCHENRY:ALG 41,1.0,77.28511881,2.865542246,2.865542246,2.865542246,2.865542246,5.521627716,2.865542246,2.865542246,16.807994536426378,25.125306234488292,17.60367968565629,5.143043031095469,4.367933750837939,6.61593538166227,1.7722025497082974,20.760271123211837,32.06207369069443,22.8807809308531,6.572954461344804,5.854299753529885,8.387418331535056,2.4169764391115574,15.215104319726214,23.62516758338861,19.225738744718395,5.420956369373616,4.662127309267623,6.537968862635209,1.8255451836165544,1.0,0.3,0.2,1.0,1.0,1.0,1.0,1.4,1.0,245.9486977,245.631454,1.266527822,0.008946763,1.257581059,0.005149561,3.64e-05,0.005113184,1283.34,103,0.999681708,0.0,0.0,0.0,True
MCHENRY:ALG 42,MCHENRY:ALGONQUIN ALG 42,MCHENRY:ALG 42,,,,,,,,,,0.837460449,0.106395058,0.019075106,0.023317652,0.012135438,0.001187734,0.2708,0.8493,0.1507,0.833,0.0025,0.0,0.0017,0.1628,0.122205725,0.099315774,0.117850348,0.131880237,0.157903716,0.148800138,0.145162813,0.055649989,0.021231261,0.007662984,2.23e-06,0.009169207,0.033133536,0.012270195,0.023591231,0.042050001,0.019586264,0.006348227,0.030865042,0.039410903,0.093373423,0.183694005,0.138362852,0.249278878,0.111201026,,0.036704222,,,,,0.048148148,540.0,47.4,124843,754,379,0.210634466,,,-0.846423879,,,,-0.789972354,-0.450027,mc_lake_2race,MCHENRY,ALG 42,0,0,0,,0,0,1,167,111,74,171,129,86,0.18238,22.07885890381427,25,0.54458,27.83369281488649,31,0.26832,23.803685640420476,26,0.00102,6.028308608274107,7,0.0007,6.061508459282834,7,0.0028,8.892794235157993,10,0.0002,2.183774187817143,2,MCHENRY:ALG 42,MCHENRY:ALGONQUIN ALG 42,MCHENRY:ALG 42,1.0,81.20360553,2.16580181,2.16580181,2.16580181,2.16580181,5.801583614,2.16580181,2.16580181,17.40760328137514,21.30493219209498,17.79695885856114,4.552197417763769,4.369168663917254,6.814164933798621,1.547286821190268,22.55205482677943,28.41767942116251,24.380437178589425,6.121712857476489,6.156147985896512,9.07686526840212,2.229877191974182,15.814713064674972,19.8047935409953,19.419017917623247,4.830110756041916,4.6633622223469375,6.73619841477156,1.600629455098525,1.0,0.3,0.2,1.0,1.0,1.0,1.0,1.4,1.0,346.1182462,345.529925,2.522521739,0.822086263,1.700435476,0.007288035,0.00237516,0.004912874,1588.04,111,0.998808479,0.0,0.0,0.0,True
MCHENRY:ALG 43,MCHENRY:ALGONQUIN ALG 43,MCHENRY:ALG 43,,,,,,,,,,0.783880305,0.141642614,0.016343543,0.044432156,0.011915674,0.002270608,0.2388,0.787,0.213,0.8485,0.0023,0.0,0.001,0.1411,0.078910012,0.134618157,0.141260173,0.103927989,0.144254066,0.19157416,0.116567057,0.071935828,0.01695256,0.016001405,0.006382572,0.000395298,0.030019368,0.005285833,0.025556297,0.011630571,0.037691813,0.00686888,0.024520466,0.081232126,0.188168697,0.188756723,0.082827858,0.193864579,0.100797514,,0.093667229,,,,,0.089700997,301.0,48.4,108774,491,222,0.453306801,,,-0.714231169,,,,-0.74783401,-0.27640443,mc_lake_2race,MCHENRY,ALG 43,0,0,0,,0,0,1,239,159,106,166,125,83,0.09032,20.302972707262523,32,0.75974,31.526038545636116,50,0.14658,22.346399422264284,36,0.00092,6.499185890610261,10,0.00072,5.7536559523438635,9,0.00166,8.1765305891423,13,6e-05,2.4088425202128083,4,MCHENRY:ALG 43,MCHENRY:ALGONQUIN ALG 43,MCHENRY:ALG 43,1.0,76.81817796,2.948925812,2.948925812,2.948925812,2.948925812,5.488267172,2.948925812,2.948925812,16.80760129317295,25.12436691066507,17.60400650901561,5.142708947326658,4.369240348137814,6.616104344104588,1.772123477170212,20.75975239021336,32.06082850242109,22.881188123950494,6.572519400384418,5.855981856546361,8.387631397180833,2.4168730595841326,15.214711076472787,23.62422825956539,19.226065568077715,5.4206222856048045,4.663433906567498,6.538137825077527,1.825466111078469,1.0,0.3,0.2,1.0,1.0,1.0,1.0,1.4,1.0,395.4899045,392.3230511,6.335528502,2.815607556,3.519920946,0.016019444,0.007119291,0.008900154,1684.69,159,1.0,0.0,0.0,0.0,True
MCHENRY:ALG 44,MCHENRY:ALGONQUIN ALG 44,MCHENRY:ALG 44,,,,,,,,,,0.820188956,0.110186275,0.017765807,0.029822504,0.011416511,0.001115552,0.3024,0.879,0.121,0.7947,0.0025,0.0,0.0,0.1845,0.044427397,0.131589198,0.1350308,0.101666624,0.146517349,0.20405775,0.15113173,0.074553863,0.011025288,0.029974223,0.011959084,1.3e-05,0.023265696,0.010812591,0.026368786,0.003183249,0.038171546,0.003170639,0.010783616,0.123915429,0.238958142,0.148389884,0.045604721,0.180289525,0.105139908,,0.042603308,,,,,-0.075675676,370.0,50.7,97847,671,277,0.2357656,,,-1.240346492,,,,-0.666366146,-0.686804457,mc_lake_2race,MCHENRY,ALG 44,0,0,0,,0,0,1,137,91,61,149,112,75,0.18338,22.100559056753163,20,0.54664,27.889380119131236,25,0.26502,23.77114499351705,22,0.0008,6.03868222779801,5,0.00088,6.030573714448419,5,0.00314,8.947233772893018,8,0.00014,2.2406528158471994,2,MCHENRY:ALG 44,MCHENRY:ALGONQUIN ALG 44,MCHENRY:ALG 44,1.0,85.35552312,1.424376653,1.424376653,1.424376653,1.424376653,6.098216958,1.424376653,1.424376653,17.40751758363457,21.304720511448732,17.79705688160274,4.55209703412986,4.369481591826555,6.814217917347848,1.5472718777730277,22.55192477742169,28.417370214252536,24.38055278588727,6.121572623839089,6.156567712080708,9.076931079512896,2.2298555372864906,15.814627366934403,19.80458186034905,19.419115940664845,4.830010372408006,4.663675150256239,6.736251398320786,1.6006145116812847,1.0,0.3,0.2,1.0,1.0,1.0,1.0,1.4,1.0,269.6788608,268.7736168,2.629922043,1.376045834,1.253876209,0.009752051,0.005102535,0.004649516,872.31,91,1.0,0.0,0.0,0.0,True
MCHENRY:ALG 45,MCHENRY:ALGONQUIN ALG 45,MCHENRY:ALG 45,,,,,,,,,,0.763697976,0.163252337,0.01438046,0.028381864,0.030567155,0.000985937,0.2096,0.9065,0.0935,0.7608,0.0098,0.0,0.0327,0.1957,0.062111514,0.134916805,0.165887874,0.101872844,0.112368751,0.180354251,0.110170875,0.089020007,0.043297079,0.019192421,0.013222793,0.006056515,0.029042765,0.013278754,0.019487011,0.000343506,0.060148698,0.022862053,0.121560857,0.091960781,0.09396827,0.097460833,0.114865174,0.195338405,0.101211163,,0.008517873,,,,,0.076923077,468.0,50.4,102277,721,354,0.090555708,,,-0.75488176,,,,-0.632411154,-0.43784271,mc_lake_2race,MCHENRY,ALG 45,0,0,0,,0,0,1,221,147,98,126,95,63,0.09218,20.351849703622023,30,0.75926,31.446556518971324,46,0.14552,22.350082204377614,33,0.00082,6.446194624038572,9,0.00034,5.7179459372705566,8,0.00182,8.283217919277295,12,6e-05,2.400188266423845,4,MCHENRY:ALG 45,MCHENRY:ALGONQUIN ALG 45,MCHENRY:ALG 45,1.0,80.93772187,2.213281758,2.213281758,2.213281758,2.213281758,5.782587582,2.213281758,2.213281758,16.807844359413178,25.12493856453355,17.603838864597787,5.142880081304634,4.36846887780314,6.616020633307269,1.772175287127406,20.760060468419468,32.06156593231522,22.880964908002326,6.572738217745143,5.854984921605526,8.387521043335738,2.416939238857225,15.214954142713012,23.62479991343387,19.225897923659893,5.420793419582781,4.662662436232824,6.538054114280207,1.825517921035663,1.0,0.3,0.2,1.0,1.0,1.0,1.0,1.4,1.0,471.6057692,471.1755479,3.238147101,1.08799206,2.150155041,0.006866216,0.002306995,0.004559221,2058.64,147,0.999795424,0.0,0.0,0.0,True
MCHENRY:ALG 46,MCHENRY:ALGONQUIN ALG 46,MCHENRY:ALG 46,,,,,,,,,,0.832261201,0.093900363,0.027158583,0.036855812,0.012049801,0.001261594,0.1768,0.8002,0.1998,0.7766,0.0203,0.0,0.022,0.1729,0.073396148,0.150333307,0.130032569,0.094240634,0.125280488,0.17887358,0.128508491,0.081912755,0.037422026,0.018848413,0.026197833,0.010827573,0.009302586,0.016221795,0.023456894,0.003112645,0.054136951,0.014141859,0.080084364,0.117273535,0.148684966,0.080120932,0.146737982,0.134514171,0.1163375,,0.02515725,,,,,0.066945607,478.0,51.2,96252,797,417,0.161442353,,,-0.786623237,,,,-0.778505491,-0.431098641,mc_lake_2race,MCHENRY,ALG 46,0,0,0,,0,0,1,203,135,90,137,103,69,0.0922,20.287131556323434,27,0.75832,31.502312600351246,43,0.1464,22.342476874886263,30,0.00052,6.452242392583985,9,0.0006,5.810690337019288,8,0.00188,8.26512273883811,11,8e-05,2.3951816727974,3,MCHENRY:ALG 46,MCHENRY:ALGONQUIN ALG 46,MCHENRY:ALG 46,1.0,80.78803965,2.240011134,2.240011134,2.240011134,2.240011134,5.77189355,2.240011134,2.240011134,16.8076445608192,25.124525193706056,17.60375957877265,5.14296280375013,4.368874696110804,6.615958522630917,1.7721141620529104,20.75988652987555,32.06116335029261,22.88096853570747,6.572874798254007,5.8555341438150865,8.387476932963953,2.4168704393719906,15.214754344119035,23.624386542606373,19.225818637834756,5.420876142028277,4.663068254540487,6.537992003603856,1.8254567959611674,1.0,0.3,0.2,1.0,1.0,1.0,1.0,1.4,1.0,348.5639522,348.3405214,2.2658113,1.06198758,1.20382372,0.006500418,0.003046751,0.003453667,1481.01,135,1.0,0.0,0.0,0.0,True
MCHENRY:ALG 47,MCHENRY:ALGONQUIN ALG 47,MCHENRY:ALG 47,,,,,,,,,,0.775342919,0.158806088,0.024552285,0.036246749,0.011793361,0.000936113,0.2155,0.7416,0.2584,0.7429,0.0351,0.0,0.0131,0.2035,0.093164737,0.155316272,0.113667475,0.106032861,0.116262052,0.192310198,0.105444726,0.0740289,0.043772779,0.01147869,0.04411765,0.012663242,6.01e-05,0.029431851,0.009164382,0.001378026,0.078901684,0.009776879,0.072188735,0.112654073,0.161226919,0.079740297,0.202493446,0.076085426,0.098638578,,0.104364069,,,,,0.151376147,436.0,51.1,93326,740,363,0.498877203,,,-0.518023078,,,,-0.620483619,-0.136685472,mc_lake_2race,MCHENRY,ALG 47,0,0,0,,0,0,1,141,94,63,116,87,58,0.09128,20.325717914528116,19,0.75706,31.40403502871849,30,0.14812,22.377506776688076,21,0.00092,6.482946194610892,6,0.00068,5.781216749201872,5,0.00182,8.248000697130898,8,0.00012,2.4314641597857114,2,MCHENRY:ALG 47,MCHENRY:ALGONQUIN ALG 47,MCHENRY:ALG 47,1.0,72.22363969,3.769391578,3.769391578,3.769391578,3.769391578,5.160010838,3.769391578,3.769391578,16.807669194969677,25.124570941320734,17.60378939814112,5.142931978520015,4.368845742045356,6.615978268476545,1.77212341005423,20.759900653923687,32.061194190143375,22.880984694465248,6.572828740795882,5.855491379691104,8.38749481961528,2.416880251646099,15.21477897826951,23.62443229022105,19.225848457203227,5.420845316798162,4.66303930047504,6.538011749449484,1.825466043962487,1.0,0.3,0.2,1.0,1.0,1.0,1.0,1.4,1.0,291.6289173,291.3540403,2.200395267,0.825780349,1.374614918,0.007545189,0.002831613,0.004713575,1389.16,94,1.0,0.0,0.0,0.0,True
MCHENRY:ALG 48,MCHENRY:ALGONQUIN ALG 48,MCHENRY:ALG 48,,,,,,,,,,0.80677623,0.133295469,0.012329103,0.020993357,0.029838296,0.000545916,0.2085,0.7729,0.2271,0.9258,0.0133,0.0,0.0,0.0609,0.115147837,0.108340533,0.113911032,0.163318492,0.142565368,0.121710283,0.173560344,0.040172674,0.021273437,0.018209691,0.030667954,0.00847543,0.000235936,0.026692822,0.006740467,0.027297712,0.019339167,0.025669676,0.157040088,0.07329448,0.13122891,0.12059803,0.079399981,0.120523771,0.154585886,,-0.00192518,,,,,0.030425963,493.0,46.3,95258,710,385,0.046066483,,,-0.902803736,,,,-0.880861713,-0.546977404,mc_lake_2race,MCHENRY,ALG 48,0,0,0,,0,0,1,201,134,89,123,93,62,0.18496,22.12558007332725,30,0.54366,27.800515125163482,37,0.26634,23.83446712452249,32,0.0009,6.020721015605969,8,0.00096,6.049528469134986,8,0.00306,8.873445654062175,12,0.00012,2.2414693935820034,3,MCHENRY:ALG 48,MCHENRY:ALGONQUIN ALG 48,MCHENRY:ALG 48,1.0,83.12308846,1.823031776,1.823031776,1.823031776,1.823031776,5.938720883,1.823031776,1.823031776,17.407677811517384,21.305076368739442,17.797026923298585,4.5521269532184,4.36905776416032,6.814211314459445,1.5473129091249895,22.552103652513708,28.417808664890945,24.38046536821192,6.121601497479188,6.155982407833127,9.07690588780294,2.2299072515488536,15.814787594817219,19.80493771763976,19.41908598236069,4.830040291496546,4.663251322590003,6.736244795432384,1.6006555430332465,1.0,0.3,0.2,1.0,1.0,1.0,1.0,1.4,1.0,165.6675845,165.5001261,1.105230598,0.683792876,0.421437722,0.006671375,0.0041275,0.002543876,1760.18,134,1.0,0.0,0.0,0.0,True
MCHENRY:ALG 49,MCHENRY:ALGONQUIN ALG 49,MCHENRY:ALG 49,,,,,,,,,,0.840486122,0.092331075,0.011335886,0.040417819,0.009688446,0.002535412,0.251,0.979,0.021,0.743,0.018,0.0,0.0068,0.2321,0.060815953,0.135879126,0.141518663,0.087288762,0.136263133,0.22079792,0.108109302,0.087397525,0.021929617,0.024555581,0.010414047,3.78e-05,0.026805751,0.005340252,0.028796275,0.003697501,0.016131314,0.008794276,0.010962078,0.097796869,0.230054922,0.158213845,0.069998475,0.18522697,0.123174093,,-0.000126008,,,,,-0.015564202,514.0,50.9,105785,696,352,0.053731269,,,-1.049112946,,,,-0.755759366,-0.635546366,mc_lake_2race,MCHENRY,ALG 49,0,0,0,,0,0,1,231,154,103,199,150,100,0.18258,22.05144877341743,34,0.54502,27.820585085474182,43,0.2672,23.81468801164781,37,0.00094,6.01677110314474,9,0.00092,6.124987987697467,9,0.00316,8.884833601725084,14,0.00018,2.1947543874862356,3,MCHENRY:ALG 49,MCHENRY:ALGONQUIN ALG 49,MCHENRY:ALG 49,1.0,84.60309049,1.558741671,1.558741671,1.558741671,1.558741671,6.044459483,1.558741671,1.558741671,17.407404152929868,21.304416548190204,17.79727795559677,4.551870183095504,4.369991843920534,6.814343125470105,1.5472598972926992,22.551714353716505,28.416877744921653,24.380782490012855,6.121248021215419,6.157242078137465,9.077076479472577,2.229833562804199,15.814513936229702,19.80427789709052,19.419337014658876,4.829783521373651,4.664185402350218,6.736376606443043,1.6006025312009562,1.0,0.3,0.2,1.0,1.0,1.0,1.0,1.4,1.0,741.9724364,740.1455266,6.38923931,2.738668547,3.650570763,0.008611155,0.003691065,0.004920089,2175.83,154,1.0,0.0,0.0,0.0,True
MCHENRY:ALG 5,MCHENRY:ALGONQUIN ALG 05,MCHENRY:ALG 5,,,,,,,,,,0.669484118,0.261827085,0.018535907,0.036800378,0.029340839,0.002052008,0.175,0.6886,0.3114,0.8713,0.0504,0.0,0.0109,0.0672,0.097747486,0.159602885,0.14166654,0.099466671,0.146644739,0.120585492,0.107466616,0.097105842,0.029713728,0.065776241,0.043960147,0.016141521,0.008985835,0.071355622,0.023592729,0.011217029,0.01684596,0.01997158,0.084229263,0.062918252,0.252482976,0.126412234,0.052193232,0.080270343,0.063647038,,0.021341361,,,,,0.212962963,432.0,47.0,82427,715,442,0.145186001,,,-0.322096004,,,,-0.600475538,-0.146865252,mc_lake_2race,MCHENRY,ALG 5,0,0,0,,0,0,1,267,178,119,145,109,73,0.09306,20.380159614447496,36,0.75732,31.44244300797413,56,0.14648,22.401211166436454,40,0.0008,6.41286957475676,11,0.00066,5.782862345843445,10,0.00166,8.272143634464772,15,2e-05,2.3825891340750074,4,MCHENRY:ALG 5,MCHENRY:ALGONQUIN ALG 05,MCHENRY:ALG 5,1.0,72.59428245,3.703204363,3.703204363,3.703204363,3.703204363,5.186491373,3.703204363,3.703204363,16.80769784317117,25.124609028709965,17.603882126061773,5.142836394870294,4.36887312416025,6.616036240045331,1.7721391219789442,20.75989587463128,32.061175617652495,22.881051579354455,6.572690560437368,5.855513912829551,8.387551671878505,2.4168955134970296,15.214807626471003,23.624470377610283,19.22594118512388,5.42074973314844,4.663066682589934,6.53806972101827,1.8254817558872012,1.0,0.3,0.2,1.0,1.0,1.0,1.0,1.4,1.0,444.1807883,441.256268,5.371637001,2.671001584,2.700635416,0.012093357,0.006013321,0.006080037,2670.24,178,1.0,0.0,0.0,0.0,True
MCHENRY:ALG 50,MCHENRY:ALGONQUIN ALG 50,MCHENRY:ALG 50,,,,,,,,,,0.870020974,0.059203226,0.007655369,0.047638651,0.013634733,0.002851732,0.368,0.9777,0.0223,0.798,0.0648,0.0,0.0,0.1372,0.089658023,0.135897738,0.126175132,0.131606364,0.135990634,0.177709183,0.138704759,0.057592209,0.006665958,0.057031347,0.002725497,0.0,0.020829338,0.016738697,0.008721592,0.035834227,0.02263433,0.026697461,0.021199071,0.070409447,0.159079284,0.103124473,0.112380885,0.203569439,0.139024912,,-0.027918905,,,,,0.159519726,583.0,47.7,114085,797,436,-0.064671315,,,-0.492115786,,,,-0.730595454,-0.331824109,mc_lake_2race,MCHENRY,ALG 50,0,0,0,,0,0,1,195,130,87,210,158,105,0.0933,20.363182056869327,26,0.75752,31.43907268788919,41,0.14612,22.333959118262452,29,0.00056,6.370637419839239,8,0.00068,5.792804332456086,8,0.00174,8.247826309802289,11,8e-05,2.392760928138708,3,MCHENRY:ALG 50,MCHENRY:ALGONQUIN ALG 50,MCHENRY:ALG 50,1.0,78.3646105,2.672772934,2.672772934,2.672772934,2.672772934,5.598751893,2.672772934,2.672772934,16.807608003793955,25.124338980328286,17.60416976436727,5.142540912377621,4.369395622351973,6.6162032793247,1.7721392435412746,20.759699570646625,32.06069142607212,22.881321049180837,6.572280721501262,5.856163327494015,8.38773261213089,2.4168860232549356,15.21471778709379,23.624200329228604,19.226228823429377,5.420454250655768,4.663589180781657,6.538236760297639,1.8254818774495316,1.0,0.3,0.2,1.0,1.0,1.0,1.0,1.4,1.0,151.3606665,150.9883156,1.303228371,0.558526445,0.744701926,0.008610086,0.003690037,0.004920049,691.97,130,1.0,0.0,0.0,0.0,True
MCHENRY:ALG 51,MCHENRY:ALGONQUIN ALG 51,MCHENRY:ALG 51,,,,,,,,,,0.879160773,0.064039097,0.003698831,0.035671681,0.008987372,0.003151963,0.2927,0.9911,0.0089,0.7581,0.0481,0.0,0.0041,0.1897,0.0688341,0.129530364,0.1351839,0.098598108,0.13399816,0.210525301,0.120225779,0.082745877,0.020358412,0.028252014,0.008440535,1.54e-05,0.032530807,0.009985285,0.026626314,0.009357739,0.006954449,0.012937096,0.012476592,0.082049235,0.202605052,0.133012169,0.099226604,0.202770228,0.132760443,,-0.050842927,,,,,0.154362416,596.0,50.9,112737,837,453,-0.162331643,,,-0.508522815,,,,-0.81030605,-0.378701125,mc_lake_2race,MCHENRY,ALG 51,0,0,0,,0,0,1,161,107,71,198,149,99,0.0913,20.334200743196217,22,0.75718,31.419111172934063,34,0.14842,22.351566143391732,24,0.00066,6.419407032044955,7,0.00054,5.7699783090264285,6,0.00186,8.253769254102309,9,4e-05,2.4324309278459144,3,MCHENRY:ALG 51,MCHENRY:ALGONQUIN ALG 51,MCHENRY:ALG 51,1.0,79.56180075,2.458985704,2.458985704,2.458985704,2.458985704,5.684285033,2.458985704,2.458985704,16.807804405594617,25.12478888604059,17.604080394750746,5.142631763002571,4.3688207363160965,6.6161634352283265,1.772185042635995,20.7599316664829,32.0612440585997,22.88117887184081,6.572390345111455,5.8554151658073685,8.387672068004445,2.416942554433989,15.21491418889445,23.62465023494091,19.226139453812852,5.420545101280718,4.66301429474578,6.538196916201265,1.825527676544252,1.0,0.3,0.2,1.0,1.0,1.0,1.0,1.4,1.0,219.0515976,218.5129992,1.88568668,0.808391163,1.077295516,0.008608413,0.003690414,0.004917999,763.86,107,1.0,0.0,0.0,0.0,True
MCHENRY:ALG 52,MCHENRY:ALGONQUIN ALG 52,MCHENRY:ALG 52,,,,,,,,,,0.679095884,0.254811047,0.018735653,0.029295724,0.025230021,0.001403793,0.2386,0.7698,0.2302,0.8931,0.0216,0.0,0.0114,0.0738,0.209166012,0.085023225,0.121265246,0.112709598,0.145823137,0.160911519,0.09417483,0.065592348,0.005334084,0.012309587,0.026734397,0.027200766,0.000321017,0.020174769,3.74e-05,0.005141126,0.001839576,0.007915227,0.063001866,0.212426489,0.153614071,0.204409482,0.044069792,0.062370656,0.158433772,,0.256363062,,,,,0.193205945,471.0,46.8,95001,756,426,1.146419398,,,-0.384949306,,,,-0.57379052,0.189313958,mc_lake_2race,MCHENRY,ALG 52,0,0,0,,0,0,1,206,137,91,127,96,64,0.09078,20.334218069592374,28,0.75996,31.492635350310948,43,0.14606,22.329867510302652,31,0.00068,6.411746548318667,9,0.00048,5.763849770894422,8,0.00202,8.262885260155105,11,2e-05,2.4136321340234286,3,MCHENRY:ALG 52,MCHENRY:ALGONQUIN ALG 52,MCHENRY:ALG 52,1.0,59.07573073,6.496589945,6.496589945,6.496589945,6.496589945,4.220659774,6.496589945,4.220659774,16.807804691217193,25.124865698878594,17.603787768805955,5.14293288622069,4.368512265144545,6.615986980525867,1.7721601323099225,20.760038849169973,32.061519158206984,22.88093633772954,6.5728168699788885,5.855049951792367,8.387490329220629,2.416923234182296,15.214914474517025,23.62472704777891,19.22584682786806,5.4208462244988365,4.662705823574229,6.538020461498806,1.8255027662181795,1.0,0.3,0.2,1.0,1.0,1.0,1.0,1.4,1.0,181.30525,181.2020224,0.673749482,0.305225008,0.368524475,0.003716106,0.001683487,0.002032619,1856.9,137,1.0,0.0,0.0,0.0,True
MCHENRY:ALG 53,MCHENRY:ALGONQUIN ALG 53,MCHENRY:ALG 53,,,,,,,,,,0.907055465,0.05339254,0.005743521,0.023533986,0.011741913,1.97e-07,0.288,0.9883,0.0117,0.7653,0.0358,0.0,0.0,0.1989,0.070153757,0.190346718,0.107106679,0.070819375,0.131309312,0.212608028,0.139546899,0.065758115,0.012351116,0.004949262,0.008527071,0.001791606,0.015073493,0.044402003,0.01074379,0.042721557,0.005123966,0.020791834,0.030766544,0.03065737,0.143304547,0.069622388,0.122535715,0.17741265,0.271576205,,-0.069245253,,,,,-0.19205298,604.0,51.8,139593,853,356,-0.240728758,,,-1.610579377,,,,-0.898295613,-1.096885395,mc_lake_2race,MCHENRY,ALG 53,0,0,0,,0,0,1,314,209,139,200,150,100,0.18552,22.059749199237054,46,0.5462,27.87505693400767,58,0.26318,23.826136091875743,50,0.00092,6.051105247044791,13,0.00088,6.053218858338938,13,0.00312,8.860257445226411,19,0.00018,2.2427729611482707,5,MCHENRY:ALG 53,MCHENRY:ALGONQUIN ALG 53,MCHENRY:ALG 53,1.0,89.37779621,0.706102655,0.706102655,0.706102655,0.706102655,6.385587864,0.706102655,0.706102655,17.40768131236316,21.30505140340865,17.79715201258318,4.551998211030076,4.369180756039786,6.81428700305456,1.5473245431936622,22.552054843253458,28.41770369219873,24.380569039850265,6.121410767383064,6.156133203866684,9.07698559444172,2.2299175892867424,15.814791095662992,19.80491275230897,19.419211071645286,4.829911549308223,4.66337431446947,6.736320484027499,1.6006671771019192,1.0,0.3,0.2,1.0,1.0,1.0,1.0,1.4,1.0,810.4318785,808.4377286,2.662657611,0.667512391,1.995145219,0.00328548,0.00082365,0.00246183,2195.82,209,1.0,0.0,0.0,0.0,True
MCHENRY:ALG 54,MCHENRY:ALGONQUIN ALG 54,MCHENRY:ALG 54,,,,,,,,,,0.849811446,0.103484463,0.008444858,0.020301793,0.016224541,0.000916335,0.3468,0.7409,0.2591,0.7574,0.0356,0.0,0.0,0.1805,0.104747553,0.081941641,0.149866967,0.140734635,0.129591475,0.137074568,0.188906129,0.046325267,0.020811764,0.017553823,0.016650531,0.036995215,0.004189917,0.014428492,0.014067422,0.012750782,0.042152161,0.019694407,0.165185393,0.033529153,0.100178426,0.128460227,0.087045978,0.122195915,0.184922157,,0.082595099,,,,,0.053864169,427.0,47.5,104403,682,326,0.406137598,,,-0.828239415,,,,-0.584743419,-0.365348035,mc_lake_2race,MCHENRY,ALG 54,0,0,0,,0,0,1,228,152,101,158,119,79,0.09252,20.294567352617047,31,0.75916,31.478340991273523,48,0.14516,22.302395452256896,34,0.00062,6.452098833899739,10,0.0005,5.759432327787865,9,0.0019,8.233382385270165,13,0.00014,2.4222539490452464,4,MCHENRY:ALG 54,MCHENRY:ALGONQUIN ALG 54,MCHENRY:ALG 54,1.0,79.23071484,2.518109087,2.518109087,2.518109087,2.518109087,5.660630633,2.518109087,2.518109087,16.807996837588092,25.125273352985968,17.603825169179675,5.14289330915574,4.368081129963671,6.616023283658769,1.7722155989189592,20.760220316030548,32.06194275080321,22.880900663549905,6.572742150219092,5.8544734048999825,8.387508623455606,2.416986821322334,15.215106620887926,23.625134701886285,19.22588422824178,5.420806647433887,4.662274688393355,6.538056764631707,1.8255582328272162,1.0,0.3,0.2,1.0,1.0,1.0,1.0,1.4,1.0,294.3091619,294.1932764,1.469928607,1.134652452,0.335276155,0.004994505,0.003855308,0.001139197,1527.75,152,1.0,0.0,0.0,0.0,True
MCHENRY:ALG 55,MCHENRY:ALGONQUIN ALG 55,MCHENRY:ALG 55,,,,,,,,,,0.87835032,0.050296896,0.011414688,0.035479658,0.017600078,5.13e-05,0.3532,0.9219,0.0781,0.5502,0.0525,0.0,0.0,0.3949,0.103968406,0.119287189,0.093456545,0.096755277,0.167266661,0.153922443,0.174705298,0.083674155,0.006964026,0.000800259,0.04647483,0.0,0.025956201,0.0,0.055261226,0.000355758,0.026460085,0.020712224,0.040052705,0.022690771,0.095608973,0.110373113,0.146304172,0.200378383,0.208571299,,-0.026452407,,,,,0.029457364,645.0,51.1,134442,828,477,-0.058423778,,,-0.905885154,,,,-0.556149786,-0.588087138,mc_lake_2race,MCHENRY,ALG 55,0,0,0,,0,0,1,147,98,65,160,120,80,0.18532,22.094900907662662,22,0.5449,27.82974634260156,27,0.26482,23.778091321569843,23,0.00098,5.978910390777183,6,0.0007,6.049966090947294,6,0.00324,8.931597291011101,9,4e-05,2.2473676189739624,2,MCHENRY:ALG 55,MCHENRY:ALGONQUIN ALG 55,MCHENRY:ALG 55,1.0,83.84003476,1.6950037,1.6950037,1.6950037,1.6950037,5.989943041,1.6950037,1.6950037,17.407474780716182,21.30458594061279,17.797216619445912,4.551932899845026,4.369754400617915,6.814311188591376,1.5472738737508465,22.55181337944905,28.417114858520844,24.38070354353002,6.121333995391214,6.1569214644007975,9.077034655283764,2.2298528337049826,15.814584564016016,19.804447289513107,19.41927567850802,4.829846238123173,4.663947959047599,6.736344669564315,1.6006165076591035,1.0,0.3,0.2,1.0,1.0,1.0,1.0,1.4,1.0,69.60832993,69.47403733,0.760991388,0.358113594,0.402877794,0.010932476,0.005144695,0.005787781,525.95,98,1.0,0.0,0.0,0.0,True
MCHENRY:ALG 56,MCHENRY:ALGONQUIN ALG 56,MCHENRY:ALG 56,,,,,,,,,,0.869336153,0.083123656,0.012725182,0.019044591,0.011919511,0.000261743,0.2552,0.6819,0.3181,0.8461,0.0336,0.0,0.0,0.1202,0.122882525,0.147811888,0.142631598,0.116220721,0.117291871,0.159057972,0.126732535,0.055184423,0.012186468,0.024489364,0.044808023,0.007720892,0.014102907,0.036700246,0.014078328,0.017794314,0.009471467,0.017438026,0.062534311,0.073651866,0.143926868,0.087220533,0.060127265,0.141458046,0.244477545,,-0.062276597,,,,,-0.094619666,539.0,47.0,109540,696,379,-0.211041069,,,-1.300613295,,,,-0.859206432,-0.892023711,mc_lake_2race,MCHENRY,ALG 56,0,0,0,,0,0,1,93,62,41,172,129,86,0.18432,22.101196329361915,14,0.5468,27.81059595904204,17,0.2638,23.776886191596162,15,0.00086,6.04868761251387,4,0.00094,6.073535735189345,4,0.0031,8.923736487767114,6,0.00018,2.190408937648269,1,MCHENRY:ALG 56,MCHENRY:ALGONQUIN ALG 56,MCHENRY:ALG 56,1.0,87.7445843,0.997752084,0.997752084,0.997752084,0.997752084,6.268903199,0.997752084,0.997752084,17.407703462089284,21.30513974901287,17.796997502173806,4.552157083267059,4.368964014689958,6.814195406620069,1.5473173749536866,22.55214261224589,28.417901289028897,24.380430696980262,6.121643595240953,6.1558566719768155,9.07688613766399,2.229913727143853,15.814813245389118,19.805001097913188,19.419056561235912,4.830070421545206,4.6631575731196415,6.736228887593008,1.6006600088619436,1.0,0.3,0.2,1.0,1.0,1.0,1.0,1.4,1.0,127.2723462,126.9591247,0.4176287,0.104407175,0.313221525,0.003281378,0.000820345,0.002461034,812.85,62,1.0,0.0,0.0,0.0,True
MCHENRY:ALG 57,MCHENRY:ALGONQUIN ALG 57,MCHENRY:ALG 57,,,,,,,,,,0.84964867,0.100314134,0.012776689,0.022651356,0.015236978,8.57e-07,0.2458,0.6644,0.3356,0.8512,0.0338,0.0,0.0,0.1149,0.126812357,0.147595407,0.141470314,0.109362411,0.123133685,0.16205102,0.124303837,0.05388663,0.011384339,0.029199689,0.066393082,8.81e-05,0.009333,0.060787903,0.006629709,0.017487267,0.000728198,0.025191536,0.03219946,0.086958662,0.142329345,0.072893961,0.070257198,0.135868876,0.243653985,,0.017299078,,,,,0.010416667,576.0,47.1,107776,775,419,0.127965171,,,-0.966459613,,,,-0.842444359,-0.556050319,mc_lake_2race,MCHENRY,ALG 57,0,0,0,,0,0,1,189,126,84,168,126,84,0.18574,22.13832492433967,28,0.5436,27.812079841399772,35,0.26532,23.832191102390205,30,0.00084,6.018689899925139,8,0.00094,6.050294582334023,8,0.00338,8.889429537289349,11,0.00018,2.156160734892759,3,MCHENRY:ALG 57,MCHENRY:ALGONQUIN ALG 57,MCHENRY:ALG 57,1.0,83.28599434,1.793940997,1.793940997,1.793940997,1.793940997,5.950359678,1.793940997,1.793940997,17.40765121268452,21.305014990893483,17.797040742682427,4.552112883421995,4.369137426188801,6.814217745445013,1.5473068530545018,22.552070249472603,28.417727820641865,24.38048730778772,6.121583241945272,6.156091080086659,9.076915715900018,2.22989931444653,15.814760995984352,19.8048763397938,19.419099801744533,4.830026221700142,4.663330984618485,6.736251226417951,1.6006494869627588,1.0,0.3,0.2,1.0,1.0,1.0,1.0,1.4,1.0,192.3850429,191.9123081,0.631450805,0.158147155,0.473303649,0.003282224,0.000822035,0.002460189,1333.4,126,1.0,0.0,0.0,0.0,True
MCHENRY:ALG 58,MCHENRY:ALGONQUIN ALG 58,MCHENRY:ALG 58,,,,,,,,,,0.851139928,0.077848077,0.013541753,0.035218916,0.015609785,0.000301005,0.302,0.8156,0.1844,0.7114,0.0842,0.0,0.0,0.2015,0.110951495,0.105440703,0.107222008,0.100626853,0.165655276,0.143807495,0.182731148,0.068755751,0.014809272,0.004700198,0.011296396,0.000145372,0.036336884,6.14e-05,0.058147944,0.002135813,0.024433028,0.045015326,0.073983073,0.04806036,0.142804344,0.133379667,0.151804438,0.142194556,0.125501243,,0.082058698,,,,,0.072512648,593.0,50.5,109912,789,419,0.403852436,,,-0.768912725,,,,-0.694022853,-0.32912579,mc_lake_2race,MCHENRY,ALG 58,0,0,0,,0,0,1,188,125,83,152,114,76,0.08924,20.324435612928625,25,0.7604,31.480896887337202,39,0.14728,22.386256952358945,28,0.00076,6.489659870410752,8,0.00062,5.718264618030525,7,0.00164,8.21859448613171,10,6e-05,2.4240475402034725,3,MCHENRY:ALG 58,MCHENRY:ALGONQUIN ALG 58,MCHENRY:ALG 58,1.0,78.29267821,2.685618182,2.685618182,2.685618182,2.685618182,5.593612698,2.685618182,2.685618182,16.807751013754043,25.12471096700199,17.603934213048003,5.142782493344497,4.368797718654754,6.61607145667653,1.7721580347248058,20.759930844022836,32.061253693941474,22.88107628632172,6.572609043990468,5.855406329213638,8.387582654806057,2.416915877984455,15.214860797053877,23.62457231590231,19.22599327211011,5.420695831622644,4.662991277084438,6.538104937649469,1.8255006686330628,1.0,0.3,0.2,1.0,1.0,1.0,1.0,1.4,1.0,89.13167928,88.96059269,0.969912255,0.457259671,0.512652584,0.01088179,0.005130159,0.005751632,1167.58,125,1.0,0.0,0.0,0.0,True
MCHENRY:ALG 59,MCHENRY:ALGONQUIN ALG 59,MCHENRY:ALG 59,,,,,,,,,,0.834746448,0.103192364,0.009545933,0.031162691,0.011476404,0.001027289,0.3276,0.7182,0.2818,0.8312,0.0306,0.0,0.0,0.1381,0.094226981,0.134658032,0.130429438,0.123659253,0.175929225,0.199272185,0.11024932,0.030815445,0.000760122,0.000211603,0.022606756,9.33e-05,0.024347149,7.17e-05,0.002969355,0.000205488,0.019492772,0.049595277,0.046819827,0.023141484,0.238682914,0.144386677,0.117412429,0.177226431,0.132736806,,-0.007530083,,,,,-0.036521739,575.0,46.0,112425,813,425,0.022188619,,,-1.115785477,,,,-0.713794848,-0.689045191,mc_lake_2race,MCHENRY,ALG 59,0,0,0,,0,0,1,228,152,101,137,103,69,0.18198,22.044437848331512,34,0.54708,27.830600804347572,42,0.2655,23.82509725261346,36,0.00096,6.051260936333932,9,0.00098,6.132967690082531,9,0.00338,8.893813634429046,14,0.00012,2.226145649882478,3,MCHENRY:ALG 59,MCHENRY:ALGONQUIN ALG 59,MCHENRY:ALG 59,1.0,85.38681635,1.418788491,1.418788491,1.418788491,1.418788491,6.1004527,1.418788491,1.418788491,17.40754831787545,21.304752434168307,17.797190689142578,4.5519591659247505,4.36954707210211,6.814300812227064,1.547291665086009,22.55190058149265,28.41732718351388,24.38065319513706,6.121365784364394,6.1566369907351035,9.077015318893697,2.2298756761438834,15.814658101175283,19.804613783068625,19.419249748204685,4.829872504202897,4.663740630531794,6.736334293200002,1.600634298994266,1.0,0.3,0.2,1.0,1.0,1.0,1.0,1.4,1.0,147.9027612,147.6138715,1.611744423,0.758382573,0.853361851,0.010897325,0.005127575,0.005769749,1614.73,144,0.994840798,0.0,0.0,0.0,True
MCHENRY:ALG 6,MCHENRY:ALGONQUIN ALG 06,MCHENRY:ALG 6,,,,,,,,,,0.677308596,0.251779306,0.030471018,0.022243386,0.028949787,0.000726734,0.1632,0.6341,0.3659,0.9196,0.0219,0.0,0.01,0.0484,0.12939721,0.144260365,0.095935541,0.173787566,0.149822626,0.122157967,0.110710134,0.051467484,0.02246111,0.042425243,0.007644593,0.0034019,0.000341823,0.039253471,0.004305359,0.013120694,0.07193951,0.045441537,0.169780116,0.132159254,0.101805111,0.129057336,0.081075263,0.103209819,0.055038973,,0.123810132,,,,,0.130434783,506.0,44.7,71616,695,363,0.58172082,,,-0.584644157,,,,-0.620345595,-0.147257291,mc_lake_2race,MCHENRY,ALG 6,0,0,0,,0,0,1,185,123,82,135,102,68,0.08608,19.906046869420383,24,0.6884,30.601072222415453,38,0.22262,24.111498856081937,30,0.00098,6.927950091716609,9,0.00064,5.880571536347014,7,0.00126,7.1633568165950265,9,2e-05,2.487570604265903,3,MCHENRY:ALG 6,MCHENRY:ALGONQUIN ALG 06,MCHENRY:ALG 6,1.0,72.60843926,3.700676322,3.700676322,3.700676322,3.700676322,5.187502805,3.700676322,3.700676322,16.57332492968851,24.679165319946538,19.167533005091876,5.5416185980023,4.510692403101899,5.803934591972986,1.8645814838524373,20.285290375309792,31.19865109399431,24.659231194339092,7.020234260152633,5.983223562255464,7.274044066811925,2.514100177417465,14.980434712988346,23.179026668846856,20.789592064153982,5.8195319362804465,4.804885961531583,5.725968072945925,1.9179241177606943,1.0,0.3,0.2,1.0,1.0,1.0,1.0,1.4,1.0,373.6380903,372.339009,3.257313815,0.652991025,2.604322789,0.008717831,0.001747656,0.006970175,1653.21,123,1.0,0.0,0.0,0.0,True
MCHENRY:ALG 60,MCHENRY:ALGONQUIN ALG 60,MCHENRY:ALG 60,,,,,,,,,,0.873341113,0.042871505,0.008433411,0.063346401,0.00945959,2.69e-05,0.3781,0.9286,0.0714,0.7077,0.0243,0.0,0.0,0.2269,0.122521874,0.116235845,0.117909459,0.086083146,0.109975563,0.220825076,0.130767612,0.084395465,0.011285959,0.002701593,0.005969791,8.64e-06,0.000855509,5.75e-06,0.009238098,0.00246789,0.024924322,0.008131682,0.086501874,0.021661558,0.062194669,0.095021724,0.074300388,0.239193111,0.366823394,,-0.268061067,,,,,-0.24025974,616.0,52.2,172161,845,380,-1.087718768,,,-1.763940275,,,,-0.662788688,-1.51035721,mc_lake_2race,MCHENRY,ALG 60,0,0,0,,0,0,1,345,230,153,154,116,77,0.18426,22.07903798184427,51,0.54452,27.902113267529682,64,0.26566,23.81830931346485,55,0.00088,5.993595855491635,14,0.00096,6.001704174955865,14,0.00358,8.927692156149032,21,0.00014,2.2285081010385306,5,MCHENRY:ALG 60,MCHENRY:ALGONQUIN ALG 60,MCHENRY:ALG 60,1.0,91.29675377,0.363426438,0.363426438,0.363426438,0.363426438,6.522687598,0.363426438,0.363426438,17.407091657680603,21.30365413554786,17.79759899737512,4.551541590571423,4.371094648505039,6.814514378652198,1.547202298328239,22.551255393098042,28.415783391849605,24.381173486086016,6.120792055656177,6.158725243021282,9.077293226073834,2.229751934495722,15.814201440980435,19.803515484448177,19.419658056437225,4.82945492884957,4.665288206934723,6.736547859625136,1.600544932236496,1.0,0.3,0.2,1.0,1.0,1.0,1.0,1.4,1.0,1216.087248,1213.742416,13.29009535,6.254033349,7.036062004,0.010928571,0.005142751,0.00578582,2220.13,230,0.9998545,0.0,0.0,0.0,True
MCHENRY:ALG 61,MCHENRY:ALGONQUIN ALG 61,MCHENRY:ALG 61,,,,,,,,,,0.793686626,0.099079935,0.034258627,0.068685706,0.009570416,1.84e-06,0.3895,0.9531,0.0469,0.742,0.0162,0.0,0.013,0.228,0.111217368,0.074144696,0.110097674,0.169977882,0.131366663,0.179380207,0.123714697,0.087833826,0.012266986,0.008544752,0.002288551,0.001127195,1.7e-06,0.017582106,0.011864576,0.00852798,0.05114958,2.45e-05,0.022147146,0.033519136,0.091565686,0.153497573,0.169335102,0.146158058,0.282666312,,0.041232936,,,,,0.050709939,493.0,48.2,139492,707,338,0.229927577,,,-0.838274015,,,,-0.499555781,-0.437698418,mc_lake_2race,MCHENRY,ALG 61,0,0,0,,0,0,1,170,113,75,128,96,64,0.09034,20.330585403785967,23,0.76056,31.505738389529352,36,0.14576,22.346360050234633,25,0.00084,6.498757776236921,7,0.00072,5.795373125791845,7,0.0017,8.198544728741064,9,8e-05,2.4157046122114565,3,MCHENRY:ALG 61,MCHENRY:ALGONQUIN ALG 61,MCHENRY:ALG 61,1.0,80.93453824,2.213850272,2.213850272,2.213850272,2.213850272,5.782360128,2.213850272,2.213850272,16.80714300753926,25.12336105702809,17.60404621052812,5.142670693563101,4.37040421918674,6.616095497051882,1.7720021920072444,20.759272483504404,32.059697300441684,22.881380008258834,6.572509709682613,5.857517460553748,8.387667819656372,2.4167299481830127,15.214252790839092,23.62322240592841,19.226105269590228,5.420584031841248,4.664597777616423,6.538128978024821,1.8253448259155014,1.0,0.3,0.2,1.0,1.0,1.0,1.0,1.4,1.0,259.4021245,259.1573572,1.957798303,0.734194773,1.22360353,0.007547349,0.002830334,0.004717014,923.86,113,0.999921503,0.0,0.0,0.0,True
MCHENRY:ALG 62,MCHENRY:ALGONQUIN ALG 62,MCHENRY:ALG 62,,,,,,,,,,0.873815876,0.059767064,0.015851193,0.03937703,0.008562155,0.000450353,0.3349,0.9125,0.0875,0.8036,0.0135,0.0,0.0042,0.1574,0.088583223,0.12274575,0.098079848,0.094897473,0.140582426,0.162831736,0.170240363,0.097349656,0.024689524,0.010263874,0.005789477,0.001900752,0.006226229,0.003745715,0.029324731,0.004896834,0.039963794,0.019146314,0.098283092,0.064011278,0.11287682,0.118244445,0.099864963,0.163686099,0.221775583,,-0.078584429,,,,,-0.109243697,595.0,52.7,121898,806,352,-0.280515275,,,-1.347136947,,,,-0.759542024,-0.94715382,mc_lake_2race,MCHENRY,ALG 62,0,0,0,,0,0,1,189,126,84,167,126,84,0.1858,22.089125475085712,28,0.54534,27.817324459441796,35,0.26406,23.751110804942655,30,0.00078,6.05579724788795,8,0.00092,6.07961598732169,8,0.00288,8.890934637776326,11,0.00022,2.2001527223517954,3,MCHENRY:ALG 62,MCHENRY:ALGONQUIN ALG 62,MCHENRY:ALG 62,1.0,88.24617745,0.908180513,0.908180513,0.908180513,0.908180513,6.304739472,0.908180513,0.908180513,17.4073916562799,21.30440950743491,17.79720073903055,4.5519497132242694,4.369941228850454,6.814295664029887,1.547249903905627,22.551733754454585,28.416916020246727,24.380722511025176,6.121366835507707,6.157184236211602,9.077027668944591,2.2298237038902973,15.814501439579733,19.80427085633523,19.419259798092657,4.829863051502416,4.664134787280138,6.736329145002825,1.600592537813884,1.0,0.3,0.2,1.0,1.0,1.0,1.0,1.4,1.0,435.0473324,434.8709373,2.767220319,1.766704602,1.000515717,0.006360734,0.004060948,0.002299786,1226.84,126,1.0,0.0,0.0,0.0,True
MCHENRY:ALG 63,MCHENRY:ALGONQUIN ALG 63,MCHENRY:ALG 63,,,,,,,,,,0.868466945,0.076324719,0.010053086,0.021384637,0.013117939,0.000731251,0.3473,0.8908,0.1092,0.8266,0.025,0.0,0.0,0.1323,0.085165828,0.102004535,0.115500271,0.104371871,0.118196038,0.148000353,0.223361448,0.083363892,0.020035764,0.01419905,0.02949392,0.013911792,0.007228848,0.024998992,0.022634915,0.002430369,0.019304225,0.022462398,0.052368005,0.057727215,0.136884879,0.131519345,0.1074932,0.121291368,0.236051479,,-0.06400606,,,,,-0.037398374,615.0,53.5,118316,779,409,-0.218408883,,,-1.118574329,,,,-0.787308742,-0.781012287,mc_lake_2race,MCHENRY,ALG 63,0,0,0,,0,0,1,224,149,99,176,132,88,0.1833,22.067575995776643,33,0.54776,27.886626251723577,42,0.26406,23.821694257978837,35,0.001,6.011533331859704,9,0.00074,5.985965268724586,9,0.00304,8.865933480019395,13,0.0001,2.163686719355494,3,MCHENRY:ALG 63,MCHENRY:ALGONQUIN ALG 63,MCHENRY:ALG 63,1.0,86.56529266,1.208343085,1.208343085,1.208343085,1.208343085,6.184648824,1.208343085,1.208343085,17.407686030810837,21.305084512147097,17.79706421973943,4.552088526911366,4.369076866028046,6.814234395062794,1.5473183299938325,22.552096547664952,28.417795779198478,24.380493490538132,6.121543880892516,6.156002902785701,9.076929381204785,2.2299127479961016,15.81479581411067,19.804945861047415,19.419123278801536,4.830001865189512,4.66327042445773,6.736267876035733,1.6006609639020895,1.0,0.3,0.2,1.0,1.0,1.0,1.0,1.4,1.0,268.7511891,268.7511693,1.429553987,1.191267048,0.238286939,0.005319247,0.004432602,0.000886645,1287.42,149,1.0,0.0,0.0,0.0,True
MCHENRY:ALG 7,MCHENRY:ALGONQUIN ALG 07,MCHENRY:ALG 7,,,,,,,,,,0.669777088,0.252064152,0.020675792,0.029740619,0.037132273,0.000372288,0.2029,0.7222,0.2778,0.9254,0.0101,0.0,0.0387,0.0257,0.184097207,0.102211046,0.119416749,0.210406471,0.099198123,0.105861039,0.111542807,0.044837173,0.022429386,0.047969938,0.012691334,0.005338614,0.006561546,0.101042345,0.025289167,0.01219501,0.072560581,0.037103773,0.113642865,0.129661694,0.101818483,0.111676016,0.132447084,0.03621635,0.0537852,,0.078280635,,,,,0.175644028,427.0,41.5,67590,713,367,0.38775723,,,-0.440819299,,,,-0.501274847,-0.130103101,mc_lake_2race,MCHENRY,ALG 7,0,0,0,,0,0,1,204,136,91,116,87,58,0.08316,19.688996534145257,27,0.66844,30.38684643032899,41,0.24584,24.590727186806767,33,0.00074,7.0125569289525345,10,0.00048,5.954867747453014,8,0.00128,6.837567715311982,9,6e-05,2.5187223770351417,3,MCHENRY:ALG 7,MCHENRY:ALGONQUIN ALG 07,MCHENRY:ALG 7,1.0,71.9808436,3.812748685,3.812748685,3.812748685,3.812748685,5.142664294,3.812748685,3.812748685,16.500419154806394,24.540489203015156,19.653666977013575,5.665163228760761,4.5553324014401415,5.551829422459901,1.893305707565823,20.139330602656052,30.933340919920525,25.205513566605454,7.15716795153399,6.023140965464197,6.932341953643473,2.5439387704569785,14.907528938106228,23.040350551915473,21.27572603607568,5.943076567038908,4.849525959869825,5.47386290343284,1.94664834147408,1.0,0.3,0.2,1.0,1.0,1.0,1.0,1.4,1.0,390.0222155,388.6566036,3.434499714,0.693296392,2.741203322,0.008805908,0.001777582,0.007028326,1367.69,136,1.0,0.0,0.0,0.0,True
MCHENRY:ALG 8,MCHENRY:ALGONQUIN ALG 08,MCHENRY:ALG 8,,,,,,,,,,0.839598636,0.097513052,0.02715744,0.026172368,0.010184723,0.00093912,0.2816,0.9274,0.0726,0.8378,0.0,0.0059,0.0,0.1563,0.06277105,0.188956555,0.062748437,0.10906714,0.169305866,0.124611222,0.143399668,0.07981094,0.059329121,0.037696367,2e-06,0.03250601,0.000280481,0.030206672,0.032935604,0.031083228,0.016113921,0.015528045,0.068226476,0.177851533,0.065943584,0.15552532,0.097440456,0.114302222,0.12435808,,-0.097107182,,,,,0.044722719,559.0,51.0,96825,824,474,-0.35942543,,,-0.857321249,,,,-0.766473255,-0.670610317,mc_lake_2race,MCHENRY,ALG 8,0,0,0,,0,0,1,201,134,89,186,140,93,0.1823,22.062194194572292,30,0.54746,27.894653269443527,37,0.26516,23.809376399107347,32,0.00068,5.944564193693575,8,0.00084,6.034414998283465,8,0.00338,8.900398533028786,12,0.00018,2.2242432698148877,3,MCHENRY:ALG 8,MCHENRY:ALGONQUIN ALG 08,MCHENRY:ALG 8,1.0,85.12546313,1.465459421,1.465459421,1.465459421,1.465459421,6.081780345,1.465459421,1.465459421,17.40751297947342,21.304757043501095,17.79687816417501,4.552280968274049,4.369304897565138,6.8141098080652736,1.5472553641150488,22.551994924724948,28.41752121048497,24.380404512929868,6.121845084093424,6.156350911754124,9.076817185268641,2.229840901024708,15.814622762773254,19.804618392401412,19.418937223237116,4.830194306552196,4.663498455994822,6.736143289038212,1.6005979980233058,1.0,0.3,0.2,1.0,1.0,1.0,1.0,1.4,1.0,217.9491258,217.1670594,2.085545227,1.042695026,1.042850201,0.009568954,0.004784121,0.004784833,1004.06,134,0.999953439,0.0,0.0,0.0,True
MCHENRY:ALG 9,MCHENRY:ALGONQUIN ALG 09,MCHENRY:ALG 9,,,,,,,,,,0.843957266,0.098659168,0.018934282,0.030723735,0.011296408,0.000759882,0.2789,0.9196,0.0804,0.8767,0.0,0.008,0.0,0.1153,0.063664976,0.166802583,0.065171967,0.126872096,0.150170047,0.118703541,0.153141999,0.092773556,0.062699234,0.044391439,1.76e-05,0.035881119,4.8e-06,0.036039122,0.038887296,0.036234665,0.013541629,0.01919442,0.069203172,0.183115339,0.064966887,0.133144985,0.095842312,0.106532823,0.123002432,,-0.116451349,,,,,0.152941176,510.0,52.0,84039,729,402,-0.441834952,,,-0.513044227,,,,-0.814474093,-0.486340749,mc_lake_2race,MCHENRY,ALG 9,0,0,0,,0,0,1,191,127,85,161,121,81,0.18468,22.050034620505656,28,0.5427,27.85866496995085,35,0.2675,23.867725275974784,30,0.00082,6.024219068727963,8,0.00076,6.054657474757593,8,0.00344,8.890437377808148,11,0.0001,2.215994359494521,3,MCHENRY:ALG 9,MCHENRY:ALGONQUIN ALG 09,MCHENRY:ALG 9,1.0,81.96233314,2.03031267,2.03031267,2.03031267,2.03031267,5.855790834,2.03031267,2.03031267,17.407497494066085,21.30467835830126,17.797051171929652,4.552103023642603,4.3695247760374025,6.814213036597488,1.5472659248974967,22.551906318307765,28.417323864008967,24.380555798338857,6.121583409159572,6.156628783973781,9.076928196386692,2.2298483601050294,15.814607277365917,19.804539707201577,19.41911023099176,4.83001636192075,4.663718334467086,6.736246517570427,1.6006085588057537,1.0,0.3,0.2,1.0,1.0,1.0,1.0,1.4,1.0,232.6173006,231.7825323,2.22607159,1.112872817,1.113198774,0.009569673,0.004784136,0.004785537,1520.16,127,1.0,0.0,0.0,0.0,True
