JoinField,JoinField2,JoinFieldAlt,Spanish,Polish,Indian_langs,Tagalog,Chinese,Ukranian,Arabic,Korean,Russian,V_20_VAP_White_pct,V_20_VAP_Hispanic_pct,V_20_VAP_Black_pct,V_20_VAP_Asian_pct,V_20_VAP_Native_pct,V_20_VAP_Pacific_pct,bach_pct,owner_pct,renter_pct,drive_pct,transit_pct,walk_pct,bike_pct,wfh_pct,X_22_2022_Age_Age_0_9_pct,X_22_2022_Age_Age_10_19_pct,X_22_2022_Age_Age_20_29_pct,X_22_2022_Age_Age_30_39_pct,X_22_2022_Age_Age_40_49_pct,X_22_2022_Age_Age_50_59_pct,X_22_2022_Age_Age_60_69_pct,X_22_2022_Age_Age_70_79_pct,X_22_2022_Age_Age_O79_pct,X_22_2022_Household_Income_U10K_pct,X_22_2022_Household_Income_10_15K_pct,X_22_2022_Household_Income_15_20K_pct,X_22_2022_Household_Income_20_25K_pct,X_22_2022_Household_Income_25_30K_pct,X_22_2022_Household_Income_30_35K_pct,X_22_2022_Household_Income_35_40K_pct,X_22_2022_Household_Income_40_45K_pct,X_22_2022_Household_Income_45_50K_pct,X_22_2022_Household_Income_50_60K_pct,X_22_2022_Household_Income_60_75K_pct,X_22_2022_Household_Income_75_100K_pct,X_22_2022_Household_Income_100_125K_pct,X_22_2022_Household_Income_125_150K_pct,X_22_2022_Household_Income_150_200K_pct,X_22_2022_Household_Income_O200K_pct,ward_preci,20Primary,Kaegi_margin,Assessor_tot_vote,Harris3_margin,SA_tot_vote,yes_margin,tot_union,median_voting_age,median_household_income,Pres_tot,20Primary_std,Kaegi_margin_std,Harris3_margin_std,yes_margin_std,prog_score_v1_recency,prog_score_v2_equal,prog_score_v3_recent_heavy,prog_score_predicted,prog_score_imputed,imputation_method,jurisdiction,precinct_name,in_chicago,in_evanston,in_skokie,township,in_cook,in_lake,in_mchenry,estimated_turnout_high,estimated_turnout,estimated_turnout_low,estimated_turnout_high_old,estimated_turnout_old,estimated_turnout_low_old,win_prob_Fine,median_pct_Fine,median_votes_Fine,win_prob_Biss,median_pct_Biss,median_votes_Biss,win_prob_Abughazaleh,median_pct_Abughazaleh,median_votes_Abughazaleh,win_prob_Simmons,median_pct_Simmons,median_votes_Simmons,win_prob_Amiwala,median_pct_Amiwala,median_votes_Amiwala,win_prob_Andrew,median_pct_Andrew,median_votes_Andrew,win_prob_Huynh,median_pct_Huynh,median_votes_Huynh,JoinField_norm,JoinField2_norm,JoinFieldAlt_norm,border_uncertainty_mult,exp_Fine,exp_Biss,exp_Abughazaleh,exp_Simmons,exp_Amiwala,exp_Andrew,exp_Huynh,exp_Others,adjusted_Fine,adjusted_Biss,adjusted_Abughazaleh,adjusted_Simmons,adjusted_Amiwala,adjusted_Andrew,adjusted_Huynh,final_Fine,final_Biss,final_Abughazaleh,final_Simmons,final_Amiwala,final_Andrew,final_Huynh,raw_Fine,raw_Biss,raw_Abughazaleh,raw_Simmons,raw_Amiwala,raw_Andrew,raw_Huynh,outside_chicago_weight,evanston_weight,chicago_weight,geo_boost_Biss_evanston,geo_boost_Abughazaleh_chicago,geo_boost_Simmons_chicago,geo_boost_Huynh_chicago,geo_boost_Fine_outside_chicago,geo_boost_Amiwala_niles,tot_cohabitating_couples,straight_cohabitating,lgbt_cohabitating,mlm_cohabitating,wlw_cohabitating,lgbt_pct,mlm_pct,wlw_pct,tot_pop,original_estimated_turnout,area_adjustment_factor
CITY OF CHICAGO:WARD 46 PRECINCT 20,CITY OF CHICAGO:WARD 46 PRECINCT 20,CITY OF CHICAGO:Ward 46 Precinct 20,TRUE, ,,TRUE,TRUE,,,TRUE,,0.324850263,0.104743956,0.335078528,0.223833058,0.023909739,0.001726258,0.3083,0.2236,0.7764,0.4179,0.3305,0.0344,0.0427,0.1574,0.137071736,0.067933505,0.234349959,0.172367622,0.117050832,0.094294464,0.061823014,0.074310967,0.040797902,0.185706639,0.084621839,0.018067269,0.084787465,0.036537449,0.002804025,0.01255697,0.011163306,0.062313416,0.104470857,0.096561366,0.106224755,0.028540758,0.062093387,0.070925676,0.032624822,46020,0.244589254,0.25388601,193,0.214285714,280,0.813114754,610,38.2,50138,312.3410185,1.096260924,-0.538289729,1.068619564,1.587176007,0.800677556,0.803441692,0.85371313,1.058303414,0.800677556,complete,CITY OF CHICAGO,Ward 46 Precinct 20,1,0,0,,0,0,0,624,416,277,149,112,75,0.08868,18.39378501,77,0.4724,26.82547028,112,0.42866,26.18599695,109,0.00756,11.13439756,46,0.00066,5.137231921,21,0.00174,6.301530061,26,0.0003,3.047245964,13,CITY OF CHICAGO:WARD 46 PRECINCT 20,CITY OF CHICAGO:WARD 46 PRECINCT 20,CITY OF CHICAGO:WARD 46 PRECINCT 20,1.2,32.89816372,12.48020483,12.48020483,12.48020483,12.48020483,2.350406073,12.48020483,2.350406073,15.58339482,22.62913796,22.60322905,10.45747142,4.474169836,5.581081022,2.586728671,18.19334755,26.45334786,25.89863425,11.01182915,5.047513464,6.243501223,2.965149698,13.26418029,24.51554923,26.02747378,13.74647421,4.186433096,0.01432635,0.017289673,0.2,0.3,1,1.000088439,1.5,1.8,1.4,1,1.000039806,433.3594056,403.5798841,52.95711223,37.32405943,15.6330528,0.122201368,0.086127263,0.036074105,3677.787281,416,1
CITY OF CHICAGO:WARD 40 PRECINCT 02,CITY OF CHICAGO:WARD 40 PRECINCT 02,CITY OF CHICAGO:Ward 40 Precinct 02,TRUE, ,TRUE, , ,,, ,,0.266333634,0.191068365,0.267741503,0.269222408,0.022033998,0.003098746,0.2581,0.4522,0.5478,0.7351,0.1342,0,0.0206,0.1085,0.176613636,0.089263126,0.116447455,0.13072505,0.156894366,0.133540872,0.118406933,0.056079991,0.022028571,0.108803931,0.074605268,0.035626311,0.029319274,0.131279951,0.041262285,0.002114819,0.067915237,0.008707989,0.039832502,0.10940676,0.133679716,0.09723915,0.037197014,0.025949506,0.057060288,40002,-0.064672003,0.306358382,173,0.136986301,292,0.752122241,589,46.4,50092,294.8071269,-0.221245916,-0.216194695,0.797316012,1.393139599,0.540109943,0.43825375,0.611922395,0.459111855,0.540109943,complete,CITY OF CHICAGO,Ward 40 Precinct 02,1,0,0,,0,0,0,725,483,322,148,111,74,0.10874,18.87147201,91,0.53276,27.18364309,131,0.34164,24.49993767,118,0.01352,12.09174369,58,0.00078,4.999675075,24,0.00214,6.349132951,31,0.00042,3.100840234,15,CITY OF CHICAGO:WARD 40 PRECINCT 02,CITY OF CHICAGO:WARD 40 PRECINCT 02,CITY OF CHICAGO:WARD 40 PRECINCT 02,1.2,43.65349663,10.02177276,10.02177276,10.02177276,10.02177276,3.118819775,10.02177276,3.118819775,15.58296471,22.23335144,20.5666918,10.98387055,4.253295092,5.580216514,2.587620274,18.71489523,26.79234722,24.18755376,11.929002,4.913932284,6.27609406,2.999498646,13.26375019,24.11976271,23.99093652,14.27287334,3.965558352,0.013461841,0.018181276,0.2,0.3,1,1.103213405,1.5,1.8,1.4,1,1.019094305,960.6962444,943.6882152,37.54193916,26.0449195,11.49701967,0.039077845,0.027110462,0.011967383,2794.717841,483,1
CITY OF CHICAGO:WARD 40 PRECINCT 03,CITY OF CHICAGO:WARD 40 PRECINCT 03,CITY OF CHICAGO:Ward 40 Precinct 03,TRUE, ,TRUE, , ,,, ,,0.367977893,0.210377527,0.170029032,0.243593412,0.027621658,0.001735153,0.2393,0.2815,0.7185,0.4472,0.3287,0.0101,0.0412,0.139,0.134424762,0.089150124,0.123431815,0.157000987,0.150191225,0.122197187,0.117982968,0.062685825,0.042935107,0.075163822,0.050790335,0.022630867,0.081730145,0.077763644,0.041639156,0.049845048,0.046864602,0.0417723,0.095454721,0.087377403,0.113960625,0.085528867,0.0340353,0.031679919,0.063763246,40003,0.304792622,0.476923077,260,0.163265306,294,0.666666667,546,45.9,51236,288.2690656,1.352737762,0.830795162,0.889549409,1.121278483,1.002271369,1.048590204,0.97046321,0.591217516,1.002271369,complete,CITY OF CHICAGO,Ward 40 Precinct 03,1,0,0,,0,0,0,875,583,389,132,99,66,0.10944,18.88961555,110,0.53656,27.14756869,158,0.33798,24.50304825,143,0.01274,12.08438515,70,0.00102,4.974740661,29,0.00192,6.361764549,37,0.00034,3.088220805,18,CITY OF CHICAGO:WARD 40 PRECINCT 03,CITY OF CHICAGO:WARD 40 PRECINCT 03,CITY OF CHICAGO:WARD 40 PRECINCT 03,1.2,25.77782197,14.10775802,14.10775802,14.10775802,14.10775802,1.841693957,14.10775802,1.841693957,15.58320757,22.23378532,20.56704586,10.97627567,4.253340747,5.576922503,2.584493717,18.7180757,26.79737923,24.19173419,11.92194142,4.914652794,6.27298391,2.996555951,13.26399305,24.12019659,23.99129059,14.26527846,3.965604007,0.01016783,0.015054719,0.2,0.3,1,1.038371389,1.5,1.8,1.4,1,1.006186241,992.1537101,946.7043098,91.04451547,54.06712064,36.97739483,0.091764527,0.054494702,0.037269825,4844.672301,583,1
CITY OF CHICAGO:WARD 40 PRECINCT 04,CITY OF CHICAGO:WARD 40 PRECINCT 04,CITY OF CHICAGO:Ward 40 Precinct 04,TRUE, ,TRUE, , ,,, ,,0.415440296,0.214092066,0.074220137,0.294086665,0.018173934,0.000933405,0.274,0.5715,0.4285,0.7033,0.1102,0,0.0528,0.1279,0.115898108,0.133058607,0.107242665,0.111444042,0.145032086,0.147212565,0.139942184,0.076898511,0.023271231,0.016200358,0.063853144,0.006650746,0.01607188,0.02280534,0.048250257,0.035973597,0.040582535,0.060356119,0.116793865,0.05230579,0.141925281,0.107017446,0.084700808,0.05532377,0.131189065,40004,0.228287325,0.447619048,105,-0.192488263,213,0.576086957,552,48.9,78551,281.1366351,1.026811866,0.650916078,-0.359065596,0.833115875,0.39935681,0.537944556,0.219954779,0.066123388,0.39935681,complete,CITY OF CHICAGO,Ward 40 Precinct 04,1,0,0,,0,0,0,644,429,286,150,113,75,0.11128,18.91577125,0,0.535,27.22172146,0,0.33858,24.4870707,0,0.0119,12.01704512,0,0.00098,4.983028875,0,0.00188,6.373575634,0,0.00038,2.975774659,0,CITY OF CHICAGO:WARD 40 PRECINCT 04,CITY OF CHICAGO:WARD 40 PRECINCT 04,CITY OF CHICAGO:WARD 40 PRECINCT 04,1.21547,49.87682585,8.599256863,8.599256863,8.599256863,8.599256863,3.563444919,8.599256863,3.563444919,15.5827291,22.2329305,20.56634829,10.96822512,4.253250799,5.575378416,2.585081677,18.72009121,26.80043344,24.1943342,11.9142042,4.915339446,6.271608309,2.997312397,13.26351458,24.11934177,23.99059302,14.25722791,3.965514059,0.008623743,0.015642679,0.2,0.3,1,1.005740232,1.5,1.8,1.4,1,1.056804025,674.0657063,663.4844646,30.50494591,17.62760551,12.8773404,0.045255152,0.026151168,0.019103984,4283.173001,0,0.167558691
CITY OF CHICAGO:WARD 40 PRECINCT 05,CITY OF CHICAGO:WARD 40 PRECINCT 05,CITY OF CHICAGO:Ward 40 Precinct 05,TRUE, ,TRUE, , ,,, ,,0.279423686,0.238417167,0.15771448,0.325280181,0.022841212,0.001458378,0.2342,0.4216,0.5784,0.6759,0.0855,0,0.006,0.2119,0.114685521,0.165558422,0.124695096,0.090374031,0.160838613,0.1799866,0.098660033,0.026504625,0.038697059,0.01883403,0.048667355,0.052628389,0.00968482,0.046433633,0.060286321,0.021217471,0.033109628,0.029333473,0.09317498,0.073918864,0.145180981,0.077202902,0.144261622,0.068983653,0.077081877,40005,0.370000134,0.471861472,231,0.081967213,183,0.678733032,442,47.2,77189,233.5870985,1.630533125,0.799725139,0.604211389,1.159665393,0.945901588,1.048533762,0.857037114,0.299617665,0.945901588,complete,CITY OF CHICAGO,Ward 40 Precinct 05,1,0,0,,0,0,0,485,323,215,102,77,51,0.11166,18.96974554,61,0.53712,27.17797091,88,0.33528,24.40985347,79,0.0131,12.09372882,39,0.00076,4.985197972,16,0.0018,6.360963129,21,0.00028,3.115056515,10,CITY OF CHICAGO:WARD 40 PRECINCT 05,CITY OF CHICAGO:WARD 40 PRECINCT 05,CITY OF CHICAGO:WARD 40 PRECINCT 05,1.2,27.64550323,13.68084725,13.68084725,13.68084725,13.68084725,1.975130261,13.68084725,1.975130261,15.58243351,22.23240242,20.56591735,10.97464069,4.253195231,5.578400289,2.588202304,18.71723759,26.79590203,24.19057734,11.920139,4.914721198,6.274471598,3.00027444,13.26321899,24.11881369,23.99016208,14.26364348,3.965458491,0.011645616,0.018763307,0.2,0.3,1,1.012574921,1.5,1.8,1.4,1,1.033604447,794.5993904,785.3470594,27.14535709,14.86266971,12.28268738,0.034162318,0.018704607,0.015457711,4265.4384,323,0.999999983
CITY OF CHICAGO:WARD 40 PRECINCT 06,CITY OF CHICAGO:WARD 40 PRECINCT 06,CITY OF CHICAGO:Ward 40 Precinct 06,TRUE, ,TRUE, , ,,, ,,0.284697117,0.203927552,0.216503133,0.292759606,0.021602321,0.00071651,0.2276,0.4362,0.5638,0.6125,0.1413,0,0.064,0.1164,0.115210709,0.120910573,0.125048961,0.122623324,0.124157867,0.145168942,0.140804685,0.058872039,0.047202899,0.058901925,0.092231022,0.065448075,0.053444382,0.044462353,0.039045314,0.053698862,0.048082373,0.063964759,0.132283929,0.069588512,0.086740237,0.076367353,0.029174134,0.03820393,0.048362838,40006,0.229757004,0.422053232,263,0.15625,256,0.697959184,490,48.9,48493,251.1209901,1.033072955,0.493983543,0.864927263,1.220829843,0.886388832,0.903203401,0.878733604,0.643507695,0.886388832,complete,CITY OF CHICAGO,Ward 40 Precinct 06,1,0,0,,0,0,0,381,254,169,124,93,62,0.1103,18.91399812,48,0.53656,27.16291326,69,0.33576,24.39183174,62,0.01392,12.12652115,31,0.00104,4.977854641,13,0.00204,6.380578268,16,0.00038,3.071082054,8,CITY OF CHICAGO:WARD 40 PRECINCT 06,CITY OF CHICAGO:WARD 40 PRECINCT 06,CITY OF CHICAGO:WARD 40 PRECINCT 06,1.2,29.72295187,13.20598828,13.20598828,13.20598828,13.20598828,2.123553374,13.20598828,2.123553374,15.58274167,22.23295297,20.56636663,10.97959281,4.253253163,5.579313467,2.587767236,18.71602346,26.79406644,24.18901266,11.92490245,4.914300309,6.275281642,2.999736239,13.26352715,24.11936424,23.99061136,14.26859559,3.965516423,0.012558794,0.018328239,0.2,0.3,1,1.012530389,1.5,1.8,1.4,1,1.009030507,324.9087449,315.0921303,13.397214,7.116085057,6.281128947,0.041233775,0.021901796,0.019331979,2396.762117,254,0.999999982
CITY OF CHICAGO:WARD 48 PRECINCT 08,CITY OF CHICAGO:WARD 48 PRECINCT 08,CITY OF CHICAGO:Ward 48 Precinct 08,TRUE, ,TRUE, , ,,, ,,0.709058479,0.082826848,0.077405955,0.120105514,0.003690528,0.001376767,0.4169,0.4691,0.5309,0.5418,0.2504,0,0.0069,0.1887,0.009712954,0.035514243,0.217438167,0.10622823,0.178900853,0.142815539,0.105726251,0.121508722,0.082154918,0.047911574,0.093863632,0.034689121,0.012498676,0.057250287,0.028051402,0.127440586,0.018500865,0.01299297,0.066500721,0.13541996,0.117854729,0.076616168,0.044610379,0.022561173,0.103237636,48008,0.218744169,0.450381679,131,0.032520325,246,0.578723404,470,47.6,60033,187.5234849,0.986156359,0.66787414,0.430663935,0.841503244,0.676000177,0.731549419,0.61582308,-0.026915648,0.676000177,complete,CITY OF CHICAGO,Ward 48 Precinct 08,1,0,0,,0,0,0,461,307,205,78,59,39,0.11012,18.95290429,58,0.53548,27.13968043,83,0.33892,24.46065148,75,0.01234,12.01899592,37,0.00078,4.998791831,15,0.00208,6.351836868,20,0.00028,3.100036182,10,CITY OF CHICAGO:WARD 48 PRECINCT 08,CITY OF CHICAGO:WARD 48 PRECINCT 08,CITY OF CHICAGO:WARD 48 PRECINCT 08,1.2,37.86637598,11.344581,11.344581,11.344581,11.344581,2.70535951,11.344581,2.70535951,15.58437773,22.23587589,20.56875186,10.96986814,4.253560727,5.571588881,2.576737611,18.72253828,26.8046163,24.19766425,11.91631288,4.915361747,6.267840086,2.988989644,13.26516321,24.12228716,23.99299659,14.25887093,3.965823987,0.004834208,0.007298614,0.2,0.3,1,1.003716995,1.5,1.8,1.4,1,1.00026038,84.33170631,79.23976377,11.60519755,8.948995787,2.656201761,0.137613693,0.106116622,0.031497071,296.6954233,307,0.999999878
CITY OF CHICAGO:WARD 48 PRECINCT 16,CITY OF CHICAGO:WARD 48 PRECINCT 16,CITY OF CHICAGO:Ward 48 Precinct 16,TRUE,TRUE,TRUE, , ,,, ,,0.410933966,0.149698008,0.231391529,0.195388687,0.020471656,0.002589781,0.2924,0.1856,0.8144,0.3308,0.4635,0.0267,0.0364,0.1426,0.136131465,0.083164237,0.210226728,0.215535351,0.096448677,0.084152671,0.079162181,0.071694313,0.023484377,0.082194963,0.078913007,0.058946548,0.087796964,0.084449794,0.006138599,0.072265886,0.022712813,0.041891888,0.126379821,0.06708721,0.110699322,0.065047999,0.03635312,0.043267043,0.015855023,48016,0.285883844,0.232876712,219,0.231527094,203,0.796437659,393,37.2,45786,182.4713467,1.272183073,-0.667252654,1.12913293,1.534120912,0.802741051,0.817046065,0.865158424,0.831879568,0.802741051,complete,CITY OF CHICAGO,Ward 48 Precinct 16,1,0,0,,0,0,0,561,374,249,188,141,94,0.08788,18.36482567,69,0.46824,26.8318257,100,0.43312,26.27465967,98,0.00816,10.99302355,41,0.00066,5.153995935,19,0.00158,6.297510902,24,0.00036,3.011900612,11,CITY OF CHICAGO:WARD 48 PRECINCT 16,CITY OF CHICAGO:WARD 48 PRECINCT 16,CITY OF CHICAGO:WARD 48 PRECINCT 16,1.2,32.81928535,12.49823468,12.49823468,12.49823468,12.49823468,2.344770616,12.49823468,2.344770616,15.58366435,22.65313249,22.72480714,10.41774734,4.487363,5.577557776,2.583350633,18.16648638,26.43903333,26.00278043,10.95071505,5.056043872,6.238235219,2.960028903,13.26444983,24.53954376,26.14905187,13.70675013,4.19962626,0.010803103,0.013911636,0.2,0.3,1,1.00574553,1.5,1.8,1.4,1,1.000483621,318.4338355,299.1766254,45.21120455,35.82491922,9.38628533,0.141979901,0.112503494,0.029476407,1817.290579,374,1
CITY OF CHICAGO:WARD 48 PRECINCT 18,CITY OF CHICAGO:WARD 48 PRECINCT 18,CITY OF CHICAGO:Ward 48 Precinct 18,TRUE,TRUE,TRUE, , ,,, ,,0.426426209,0.141125548,0.239467617,0.18227056,0.017540259,0.002527608,0.3298,0.1206,0.8794,0.306,0.3601,0,0.1282,0.1561,0.111560322,0.070246275,0.209276836,0.201659193,0.111845165,0.090472411,0.086413144,0.087635179,0.030891474,0.080367818,0.080462037,0.065016719,0.08277143,0.077115866,0.020119672,0.076137569,0.02545568,0.042313815,0.12025228,0.073873634,0.105563547,0.05614917,0.031498699,0.038704464,0.024197603,48018,0.273155245,0.046357616,151,0.211594203,345,0.773529412,680,38.6,43537,305.8029572,1.217957023,-1.812176589,1.059172966,1.461242557,0.465670584,0.481548989,0.581195379,1.114444343,0.465670584,complete,CITY OF CHICAGO,Ward 48 Precinct 18,1,0,0,,0,0,0,564,376,251,178,134,89,0.08852,18.4482351,69,0.47446,26.82325584,101,0.4256,26.15182453,98,0.00828,11.04779589,42,0.00068,5.128765303,19,0.00212,6.32088115,24,0.00034,3.074175643,12,CITY OF CHICAGO:WARD 48 PRECINCT 18,CITY OF CHICAGO:WARD 48 PRECINCT 18,CITY OF CHICAGO:WARD 48 PRECINCT 18,1.2,46.92983996,9.272872886,9.272872886,9.272872886,9.272872886,3.352897803,9.272872886,3.352897803,15.58378866,22.6204364,22.55532919,10.46284138,4.468986878,5.577490388,2.582872925,18.20866738,26.46642126,25.86333414,11.02665047,5.045144723,6.240860926,2.962244289,13.26457414,24.50684766,25.97957392,13.75184417,4.181250138,0.010735716,0.013433927,0.2,0.3,1,1.005117199,1.5,1.8,1.4,1,1.00034776,245.751363,230.8936379,34.8887355,27.64351942,7.245216079,0.141967617,0.112485722,0.029481896,3460.302455,376,1
CITY OF CHICAGO:WARD 48 PRECINCT 22,CITY OF CHICAGO:WARD 48 PRECINCT 22,CITY OF CHICAGO:Ward 48 Precinct 22,TRUE,TRUE,TRUE, , ,,, ,,0.62149366,0.090077088,0.119764469,0.158553577,0.008995602,0.00019183,0.447,0.8933,0.1067,0.3442,0.4675,0,0.0779,0.1104,0.019136647,0.00970025,0.117076466,0.090232409,0.040002366,0.218738067,0.173021134,0.232160072,0.099932589,0.031055446,0.031482924,5.69E-09,0.068578428,0.018547778,0.053264452,1.03E-08,0.037095521,1.72E-08,0.062538362,0.164978528,0.140390678,0.052836978,0.124649185,0.152470824,0.062110865,48022,0.31711491,0.191304348,230,-0.1796875,256,0.556195965,347,61,80780,149.4838557,1.405232856,-0.922439365,-0.314137797,0.76983636,0.062685948,0.234623013,-0.047066214,0.293271071,0.062685948,complete,CITY OF CHICAGO,Ward 48 Precinct 22,1,0,0,,0,0,0,476,317,211,117,88,59,0.1252,22.02512485,70,0.81152,32.71941844,104,0.05866,18.7474783,59,0.00352,9.845136304,31,0.00028,3.713872643,12,0.00066,6.471154819,21,0.00016,3.128231903,10,CITY OF CHICAGO:WARD 48 PRECINCT 22,CITY OF CHICAGO:WARD 48 PRECINCT 22,CITY OF CHICAGO:WARD 48 PRECINCT 22,1.2,64.2601632,5.311542942,5.311542942,5.311542942,5.311542942,4.591061043,5.311542942,4.591061043,17.11838579,25.20995323,15.07043239,8.673523446,3.075163617,5.573626242,2.579413765,21.8950449,32.4022524,18.66478038,9.804219601,3.647060374,6.339088598,3.060876948,14.79917127,27.0963645,18.49467711,11.96252623,2.787426877,0.006871569,0.009974768,0.2,0.3,1,1.006867829,1.5,1.8,1.4,1,1.000299022,14.14588037,13.18864034,2.084656083,1.701760141,0.382895942,0.147368423,0.120300759,0.027067664,33.98408025,317,1
CITY OF CHICAGO:WARD 48 PRECINCT 33,CITY OF CHICAGO:WARD 48 PRECINCT 33,CITY OF CHICAGO:Ward 48 Precinct 33,TRUE,TRUE,TRUE, ,TRUE,,, ,,0.676982537,0.090909088,0.087040622,0.135396509,0.011605415,0.001934236,0.447,0.8933,0.1067,0.3442,0.4675,0,0.0779,0.1104,0.018617026,0.0106383,0.11702128,0.090425534,0.037234052,0.218085081,0.175531893,0.231382952,0.101063819,0.030172413,0.034482759,5.48E-09,0.068965516,0.017241384,0.056034475,9.61E-09,0.034482757,1.65E-09,0.064655174,0.163793086,0.142241368,0.051724133,0.124999983,0.150862047,0.060344822,48033,0.46012016,0.420289855,138,-0.081632653,196,0.565217391,253,61.1,80303,104.6089805,2.014460138,0.483159275,0.030012659,0.79853636,0.63309736,0.831542108,0.472791471,0.184960134,0.63309736,complete,CITY OF CHICAGO,Ward 48 Precinct 33,1,0,0,,0,0,0,306,204,136,82,62,41,0.12758,20.02675656,41,0.58556,28.13020054,57,0.2755,23.72855663,48,0.00832,10.86498019,22,0.00088,4.762183701,10,0.00184,6.309169578,13,0.00032,3.104689832,6,CITY OF CHICAGO:WARD 48 PRECINCT 33,CITY OF CHICAGO:WARD 48 PRECINCT 33,CITY OF CHICAGO:WARD 48 PRECINCT 33,1.2,39.65821749,10.93500552,10.93500552,10.93500552,10.93500552,2.83337745,10.93500552,2.83337745,16.18079194,22.67819854,19.78411293,9.792069558,4.074087685,5.572198205,2.577662566,19.75063167,27.75612894,23.57134998,10.69063537,4.753940777,6.284585635,3.006050823,13.86157741,24.56460981,23.20835766,13.08107234,3.786350945,0.005443532,0.008223569,0.2,0.3,1,1.005725631,1.5,1.8,1.4,1,1.000292469,48.14782026,44.8896971,7.095468234,5.792218957,1.303249277,0.147368421,0.120300751,0.027067669,115.6703816,204,0.999999936
CITY OF CHICAGO:WARD 50 PRECINCT 01,CITY OF CHICAGO:WARD 50 PRECINCT 01,CITY OF CHICAGO:Ward 50 Precinct 01,TRUE, ,TRUE, , ,,, ,,0.688563181,0.107836941,0.054645599,0.136293979,0.008689145,0.000698883,0.3525,0.9601,0.0399,0.5371,0.0807,0,0.0849,0.2675,0.231180876,0.151010147,0.08407101,0.094198673,0.149042239,0.077121846,0.120667897,0.062527885,0.030179427,0.027261821,0.047579221,0.013077922,0.009616128,0.008221799,0.005817768,0.028763303,0.035227805,0.01365494,0.005192692,0.106649798,0.150431799,0.119883091,0.137957448,0.152247779,0.138416686,50001,0.157462502,0.286713287,143,-0.373015873,252,0.009259259,432,47,110115,246.0688519,0.72508578,-0.336783632,-0.9926769,-0.970141693,-0.565405379,-0.393629111,-0.685214937,0.03995022,-0.565405379,complete,CITY OF CHICAGO,Ward 50 Precinct 01,1,0,0,,0,0,0,471,314,209,115,87,58,0.38836,26.65259816,84,0.54856,28.83562335,91,0.05618,17.45539807,55,0.00458,9.300151841,29,0.0009,4.950979255,16,0.00112,6.49182728,20,0.0003,3.201592037,10,CITY OF CHICAGO:WARD 50 PRECINCT 01,CITY OF CHICAGO:WARD 50 PRECINCT 01,CITY OF CHICAGO:WARD 50 PRECINCT 01,1.5,83.45115717,1.764447186,1.764447186,1.764447186,1.764447186,5.96215972,1.764447186,1.764447186,18.90079966,20.43050501,12.88781502,7.587135699,3.780402128,5.571315542,2.577079879,26.31138968,28.42537043,17.32013911,9.231588015,4.92599318,6.438538811,3.160303975,16.58158514,22.31691627,16.31205975,10.87613849,3.492665388,0.004560869,0.007640882,0.2,0.3,1,1.722757668,1.5,1.8,1.4,1,1.307720928,341.0277284,338.2955325,6.209536174,3.228958809,2.980577365,0.018208303,0.009468317,0.008739985,1441.000045,314,1
CITY OF CHICAGO:WARD 50 PRECINCT 02,CITY OF CHICAGO:WARD 50 PRECINCT 02,CITY OF CHICAGO:Ward 50 Precinct 02,TRUE, ,TRUE, , ,,, ,,0.535663463,0.139107497,0.077320887,0.235015398,0.014948847,0.002833743,0.3445,0.8479,0.1521,0.9317,0,0,0.0231,0.0452,0.189046616,0.165243719,0.082852261,0.094459096,0.176364422,0.056222037,0.129746597,0.086105643,0.01995961,0.120736892,0.009078554,0.023211381,0.022785514,0.023937252,0.020994977,0.00507161,0.005071611,0.054309134,0.000638801,0.096502941,0.029450417,0.086162473,0.159649633,0.086063022,0.25633579,50002,-0.062020018,0.209302326,86,-0.381642512,207,0.222453222,481,46.6,125321,227.6434065,-0.209947998,-0.811961048,-1.022954462,-0.291904499,-0.665492648,-0.584192002,-0.75324514,-0.3457029,-0.665492648,complete,CITY OF CHICAGO,Ward 50 Precinct 02,1,0,0,,0,0,0,492,328,219,101,76,51,0.3859,26.65228218,87,0.55208,28.80440899,94,0.0562,17.43941557,57,0.00402,9.327196278,31,0.0006,4.963152152,16,0.0009,6.534319659,21,0.0003,3.270921329,11,CITY OF CHICAGO:WARD 50 PRECINCT 02,CITY OF CHICAGO:WARD 50 PRECINCT 02,CITY OF CHICAGO:WARD 50 PRECINCT 02,1.8,85.0513149,1.478700377,1.478700377,1.478700377,1.478700377,6.076482832,1.478700377,1.478700377,18.89986418,20.42883372,12.88645117,7.588157652,3.780226267,5.574148028,2.582287662,26.30888605,28.42171004,17.3175041,9.232475365,4.925978969,6.441314104,3.165454565,16.58064966,22.31524498,16.3106959,10.87716044,3.492489527,0.007393355,0.012848665,0.2,0.3,1,2.425456198,1.5,1.8,1.4,1,1.304866349,335.8399051,333.1492722,6.115074784,3.179838874,2.935235909,0.018208303,0.009468318,0.008739986,2510.999891,328,1
CITY OF CHICAGO:WARD 50 PRECINCT 03,CITY OF CHICAGO:WARD 50 PRECINCT 03,CITY OF CHICAGO:Ward 50 Precinct 03,TRUE, ,TRUE, , ,,, ,,0.475569515,0.143770666,0.129174508,0.242442599,0.020238796,0.000694491,0.3261,0.8229,0.1771,0.6721,0.2339,0,0.0115,0.042,0.226818427,0.161728817,0.08008675,0.084172723,0.18556689,0.158695843,0.057504015,0.036588157,0.008838379,1.79E-09,0.01350081,6.20E-10,0.008556699,1.05E-09,8.41E-10,0.007269667,0.062617996,0.017113398,1.34E-09,0.05976016,0.205440486,0.098010477,0.196949589,0.098085949,0.232694763,50003,0.026329458,0.387755102,147,-0.255813953,215,0.194594595,370,46.1,128520,181.8769775,0.166436164,0.2834488,-0.581324524,-0.380531572,-0.202768852,-0.127992783,-0.2934352,0.07466451,-0.202768852,complete,CITY OF CHICAGO,Ward 50 Precinct 03,1,0,0,,0,0,0,426,284,189,134,101,67,0.11624,21.02826213,60,0.79104,31.70724336,90,0.084,19.51189951,55,0.00686,11.08946257,31,0.00024,3.875738148,11,0.0013,6.341339734,18,0.00032,3.140434915,9,CITY OF CHICAGO:WARD 50 PRECINCT 03,CITY OF CHICAGO:WARD 50 PRECINCT 03,CITY OF CHICAGO:WARD 50 PRECINCT 03,1.8,74.52683829,3.358099846,3.358099846,3.358099846,3.358099846,5.324562635,3.358099846,3.358099846,16.53081143,24.77320696,15.84084167,9.832731748,3.251518246,5.575758462,2.583648587,20.81415515,31.37722094,19.36402897,11.05633232,3.828679564,6.324507647,3.048398599,14.2115969,26.65961823,19.2650864,13.12173453,2.963781506,0.009003789,0.01420959,0.2,0.3,1,2.077168939,1.5,1.8,1.4,1,1.121744494,282.8265735,280.560665,5.149792108,2.677891955,2.471900153,0.018208304,0.009468318,0.008739986,1478.863664,284,1
CITY OF CHICAGO:WARD 50 PRECINCT 04,CITY OF CHICAGO:WARD 50 PRECINCT 04,CITY OF CHICAGO:Ward 50 Precinct 04,TRUE, ,TRUE, , ,,, ,,0.393122979,0.198577613,0.175185445,0.225753506,0.017993963,0.000963096,0.2143,0.4753,0.5247,0.7072,0.2179,0,0.0232,0.032,0.090252139,0.216265792,0.128880349,0.149358692,0.13484663,0.160299214,0.058071586,0.039796901,0.022228698,0.004998703,1.64E-09,0.008331171,0.0439033,1.33E-09,0.002777058,0.009164289,0.160678724,0.079197723,0.00722035,0.024403307,0.148095588,0.269889131,0.069198845,0.031142369,0.140999439,50004,0.153758275,0.329545455,176,-0.023474178,213,0.569230769,390,43.1,101040,197.0333923,0.709305127,-0.073863773,0.234135825,0.81130418,0.372703409,0.42022034,0.335486506,0.161219261,0.372703409,complete,CITY OF CHICAGO,Ward 50 Precinct 04,1,0,0,,0,0,0,449,299,199,116,87,58,0.09598,18.61118174,56,0.49234,26.89199425,80,0.3996,25.61873742,77,0.00928,11.35533503,34,0.00076,5.127105931,15,0.00192,6.418939501,19,0.00012,3.037803905,9,CITY OF CHICAGO:WARD 50 PRECINCT 04,CITY OF CHICAGO:WARD 50 PRECINCT 04,CITY OF CHICAGO:WARD 50 PRECINCT 04,1.5,51.06261278,8.328212103,8.328212103,8.328212103,8.328212103,3.64816335,8.328212103,3.64816335,15.58337662,22.51389184,22.00939538,10.59989977,4.409768198,5.576668505,2.583731459,18.3467571,26.55705489,25.41333458,11.26489191,5.010378903,6.248921014,2.971984795,13.2641621,24.4003031,25.43364011,13.88890256,4.122031458,0.009913832,0.014292461,0.2,0.3,1,1.976456266,1.5,1.8,1.4,1,1.065929615,413.305789,409.9945261,7.525597609,3.913310926,3.612286683,0.018208304,0.009468319,0.008739986,1772.136416,299,1
CITY OF CHICAGO:WARD 50 PRECINCT 08,CITY OF CHICAGO:WARD 50 PRECINCT 08,CITY OF CHICAGO:Ward 50 Precinct 08,TRUE, ,TRUE, , ,,, ,,0.21743713,0.199092468,0.254440551,0.324250489,0.019505159,0.003106812,0.1949,0.2437,0.7563,0.5714,0.1995,0.046,0.0697,0.0688,0.161107355,0.107143869,0.123613437,0.12950619,0.152395161,0.144448684,0.109411026,0.048996546,0.023377734,0.095990603,0.075134823,0.05333325,0.052250257,0.113074813,0.02329761,0.002010411,0.057983907,0.05888611,0.048618846,0.100495385,0.152863129,0.066809121,0.046174739,0.009529835,0.04354716,50008,0.090871364,0.221374046,131,0,210,0.750519751,481,46,47286,267.763328,0.441395929,-0.737860318,0.316524909,1.388041573,0.339538421,0.352025523,0.332438299,0.884120024,0.339538421,complete,CITY OF CHICAGO,Ward 50 Precinct 08,1,0,0,,0,0,0,278,185,123,151,114,76,0.10832,18.94178684,35,0.53716,27.18781649,50,0.33904,24.47651593,45,0.01244,12.00000132,22,0.0008,4.926532186,9,0.00202,6.426405173,12,0.00022,3.107650659,6,CITY OF CHICAGO:WARD 50 PRECINCT 08,CITY OF CHICAGO:WARD 50 PRECINCT 08,CITY OF CHICAGO:WARD 50 PRECINCT 08,1.2,52.53526314,7.991596688,7.991596688,7.991596688,7.991596688,3.75337671,7.991596688,3.75337671,15.58244327,22.23241985,20.56593158,10.98236963,4.253197065,5.581072551,2.590021825,18.7144744,26.79157723,24.18696253,11.92741217,4.914014813,6.276965973,3.001916074,13.26322875,24.11883112,23.99017631,14.27137241,3.965460325,0.014317878,0.020582828,0.2,0.3,1,1.04367862,1.5,1.8,1.4,1,1.016454508,345.3018016,338.3560756,12.56845674,8.930218989,3.638237755,0.036398468,0.025862069,0.0105364,5187.09212,185,1
CITY OF CHICAGO:WARD 50 PRECINCT 13,CITY OF CHICAGO:WARD 50 PRECINCT 13,CITY OF CHICAGO:Ward 50 Precinct 13,TRUE, ,TRUE, , ,,, ,,0.340675811,0.226174387,0.08951552,0.340396073,0.014160971,0.001019559,0.4257,0.6467,0.3533,0.7501,0.0796,0,0.0441,0.1153,0.138982606,0.165732634,0.096299843,0.1535561,0.141616982,0.094212024,0.134115914,0.061675597,0.0138083,0.058430554,0.019533916,0.029079947,0.033126744,0.041816954,0.030472241,0.015202186,0.026611697,0.033659615,0.084079405,0.063356291,0.119494292,0.09543524,0.115278801,0.058715566,0.175706551,50013,-0.043390965,0.178294574,129,0.088709677,248,0.597785978,542,45.2,88522,275.4901277,-0.130584987,-1.002298221,0.627875921,0.902147301,0.175131094,0.099285004,0.280849278,0.319893587,0.175131094,complete,CITY OF CHICAGO,Ward 50 Precinct 13,1,0,0,,0,0,0,546,364,243,120,90,60,0.11784,20.93576745,76,0.79156,31.66346627,115,0.08138,19.51952214,71,0.00754,11.14002176,41,0.00032,3.921022206,14,0.0011,6.446636101,23,0.00026,3.170907135,12,CITY OF CHICAGO:WARD 50 PRECINCT 13,CITY OF CHICAGO:WARD 50 PRECINCT 13,CITY OF CHICAGO:WARD 50 PRECINCT 13,1.298350287,59.6751206,6.35958263,6.35958263,6.35958263,6.35958263,4.263483125,6.35958263,4.263483125,16.52988323,24.77154867,15.83948843,9.828784281,3.251343753,5.576836921,2.587614634,20.81396717,31.37678298,19.36337797,11.05216899,3.828948538,6.3256495,3.05242804,14.2106687,26.65795994,19.26373316,13.11778707,2.963607013,0.010082248,0.018175637,0.2,0.3,1,1.068405152,1.5,1.8,1.4,1,1.112873517,589.230008,585.3453024,14.87022677,9.488064492,5.382162278,0.02523671,0.01610248,0.00913423,3148.764387,364,1
CITY OF CHICAGO:WARD 50 PRECINCT 15,CITY OF CHICAGO:WARD 50 PRECINCT 15,CITY OF CHICAGO:Ward 50 Precinct 15,TRUE, ,TRUE, , ,,, ,,0.321204433,0.247203577,0.122900509,0.298492477,0.024208046,0.002973283,0.2785,0.5052,0.4948,0.7077,0.1157,0.0079,0.043,0.1059,0.15075442,0.156560977,0.10567714,0.143401037,0.132512709,0.108781216,0.136623526,0.05099172,0.014697256,0.036538775,0.02364304,0.041443955,0.027084281,0.030950137,0.028677895,0.009662567,0.04059102,0.020204486,0.078143587,0.13016832,0.152933707,0.07641858,0.062328967,0.058832818,0.182377866,50015,0.182560849,0.486956522,230,-0.04379562,274,0.632495164,517,45.5,80377,248.7435133,0.832009111,0.892384198,0.162812134,1.012568161,0.658023704,0.724943401,0.54559745,0.32105569,0.658023704,complete,CITY OF CHICAGO,Ward 50 Precinct 15,1,0,0,,0,0,0,537,358,239,119,90,60,0.10952,18.92251612,68,0.53568,27.20438875,97,0.33766,24.44278534,88,0.01398,12.08170184,43,0.00116,5.011373032,18,0.00168,6.363723848,23,0.00032,3.049607377,11,CITY OF CHICAGO:WARD 50 PRECINCT 15,CITY OF CHICAGO:WARD 50 PRECINCT 15,CITY OF CHICAGO:WARD 50 PRECINCT 15,1.216344769,38.61262502,11.17400492,11.17400492,11.17400492,11.17400492,2.758675199,11.17400492,2.758675199,15.58268735,22.23285592,20.56628743,10.97207565,4.25324295,5.576833079,2.586235304,18.71862848,26.79813406,24.19241702,11.91781264,4.914982615,6.272972663,2.998375715,13.26347283,24.11926718,23.99053216,14.26107843,3.96550621,0.010078406,0.016796307,0.2,0.3,1,1.069004535,1.5,1.8,1.4,1,1.057217204,543.3060701,536.5580059,22.30002246,14.23375637,8.066266097,0.041045046,0.026198412,0.014846633,3459.170854,358,1
CITY OF CHICAGO:WARD 50 PRECINCT 17,CITY OF CHICAGO:WARD 50 PRECINCT 17,CITY OF CHICAGO:Ward 50 Precinct 17,TRUE,TRUE,TRUE, , ,,, ,,0.354379443,0.172899619,0.107608209,0.357421498,0.01629125,0.00083226,0.0904,0.3657,0.6343,0.7717,0.071,0,0.1048,0.0524,0.208865394,0.173772743,0.068563051,0.177260642,0.105657914,0.082045095,0.098327754,0.058099265,0.027408143,0.085550322,0.014110373,0.009292423,0.012518317,0.13890826,0.043076862,0.089077917,0.007742149,0.056181571,0.08788813,0.029351755,0.14825947,0.117885058,0.057430148,0.056181575,0.046545671,50017,-0.139915365,-0.0625,96,0,90,0.603375527,237,43.9,54954,149.7810403,-0.541795749,-2.480385329,0.316524909,0.919929418,-0.360599622,-0.446431688,-0.208008302,0.043152723,-0.360599622,complete,CITY OF CHICAGO,Ward 50 Precinct 17,1,0,0,,0,0,0,231,154,103,148,111,74,0.11026,20.6425555,32,0.77082,31.3790218,48,0.1115,20.76851125,32,0.00564,10.53222697,16,0.00028,3.991274357,6,0.00116,6.300992933,10,0.00034,3.087079229,5,CITY OF CHICAGO:WARD 50 PRECINCT 17,CITY OF CHICAGO:WARD 50 PRECINCT 17,CITY OF CHICAGO:WARD 50 PRECINCT 17,1.5,79.11109678,2.539469781,2.539469781,2.539469781,2.539469781,5.652084532,2.539469781,2.539469781,16.52972189,25.03225455,17.18440817,9.478502491,3.3971951,5.577720586,2.58878684,20.41559091,31.06534042,20.6256736,10.43081039,3.943406189,6.302717304,3.029784385,14.21050737,26.91866582,20.6086529,12.76750528,3.10945836,0.010965913,0.019347842,0.2,0.3,1,1.024981016,1.5,1.8,1.4,1,1.207343385,303.9886839,301.7234925,7.928169816,4.077344547,3.850825269,0.026080477,0.013412817,0.01266766,2874.99996,154,1
CITY OF CHICAGO:WARD 50 PRECINCT 19,CITY OF CHICAGO:WARD 50 PRECINCT 19,CITY OF CHICAGO:Ward 50 Precinct 19,TRUE, ,TRUE, , ,,, ,,0.183749338,0.183749339,0.137546466,0.492830585,0.013276686,0.002655337,0.1044,0.0699,0.9301,0.714,0.0288,0,0.0459,0.1057,0.120377982,0.204190636,0.070254729,0.144207066,0.161462611,0.086277733,0.172555456,0.008216929,0.03245686,0.027972031,5.16E-09,0.087412581,3.91E-09,2.26E-09,3.05E-09,0.124125868,2.26E-09,4.63E-09,0.262237752,2.34E-09,0.277972022,0.045454544,0.012237766,0.122377615,0.040209794,50019,0.266335588,0.157894737,76,-0.024390244,82,0.806763285,207,45.7,59933,129.8696718,1.188904096,-1.127520046,0.230920639,1.566969982,0.369020322,0.464818668,0.322240716,0.424316638,0.369020322,complete,CITY OF CHICAGO,Ward 50 Precinct 19,1,0,0,,0,0,0,183,122,81,133,100,67,0.11164,18.94856049,23,0.53386,27.12244748,33,0.33926,24.48369467,30,0.01218,12.05386944,15,0.0007,5.049216675,6,0.00172,6.347866033,8,0.00064,3.120234944,4,CITY OF CHICAGO:WARD 50 PRECINCT 19,CITY OF CHICAGO:WARD 50 PRECINCT 19,CITY OF CHICAGO:WARD 50 PRECINCT 19,1.292952351,51.22636234,8.290782564,8.290782564,8.290782564,8.290782564,3.659862421,8.290782564,3.659862421,15.58084582,22.2295659,20.56360263,10.97169348,4.252896759,5.581573274,2.595907491,18.71537228,26.79264311,24.18801315,11.91682422,4.914824349,6.277655524,3.007990567,13.26163129,24.11597717,23.98784735,14.26069626,3.965160019,0.014818601,0.026468493,0.2,0.3,1,1.024826837,1.5,1.8,1.4,1,1.107936828,325.9667632,321.2062956,11.77589374,8.2681807,3.507713044,0.036126057,0.025365104,0.010760953,2433.999949,122,1
CITY OF CHICAGO:WARD 50 PRECINCT 20,CITY OF CHICAGO:WARD 50 PRECINCT 20,CITY OF CHICAGO:Ward 50 Precinct 20,TRUE, ,TRUE, , ,,, ,,0.18921233,0.222602743,0.096746581,0.47431506,0.02140411,0.002568493,0.1429,0.3456,0.6544,0.6375,0.1301,0,0.1318,0.0049,0.152953049,0.342756165,0.106511866,0.124684501,0.177688035,0.036850089,0.027258968,0.007067141,0.024230187,0.146718134,0.16795365,6.03E-09,0.127413117,0.009652514,0.090733586,1.80E-09,2.62E-09,0.036679539,0.036679544,0.02509653,0.208494206,6.16E-09,0.00579152,7.68E-09,0.144787636,50020,0.304149335,0.3875,160,0.140350877,114,0.666666667,204,38,32660,112.6329648,1.349997247,0.281882888,0.809124917,1.121278483,0.836483651,0.890570884,0.820194458,0.728716606,0.836483651,complete,CITY OF CHICAGO,Ward 50 Precinct 20,1,0,0,,0,0,0,221,147,98,100,75,50,0.08686,18.43005112,27,0.4735,26.82944953,39,0.42956,26.17558649,38,0.0077,11.07757597,16,0.00066,5.157263027,8,0.00156,6.307582292,9,0.00016,3.008772647,4,CITY OF CHICAGO:WARD 50 PRECINCT 20,CITY OF CHICAGO:WARD 50 PRECINCT 20,CITY OF CHICAGO:WARD 50 PRECINCT 20,1.212604775,31.54619658,12.78923472,12.78923472,12.78923472,12.78923472,2.253814913,12.78923472,2.253814913,15.58102127,22.62960006,22.62400564,10.43011334,4.476352129,5.58002367,2.594224468,18.19029044,26.45373573,25.92290728,10.98064441,5.050669727,6.242436992,2.972638617,13.26180674,24.51601133,26.04825037,13.71911613,4.188615389,0.013268997,0.02478547,0.2,0.3,1,1.024667484,1.5,1.8,1.4,1,1.055471473,328.9694823,324.1651625,11.88437022,8.344344858,3.540025358,0.036126057,0.025365103,0.010760954,1981.000115,147,1
CITY OF CHICAGO:WARD 50 PRECINCT 21,CITY OF CHICAGO:WARD 50 PRECINCT 21,CITY OF CHICAGO:Ward 50 Precinct 21,TRUE, ,TRUE, , ,,, ,,0.183964306,0.212058601,0.239535464,0.360699808,0.021593191,0.002451587,0.2326,0.3538,0.6462,0.6296,0.1438,0.0165,0.0453,0.1546,0.091081197,0.160617706,0.155583495,0.130965647,0.146583804,0.160342106,0.102235738,0.034056924,0.018533383,0.034899111,0.06455034,0.089244339,0.082718923,0.031025873,0.037714779,7.02E-10,0.025164325,0.137991587,0.06767978,0.077387811,0.170859124,0.056990804,0.058408712,0.023939963,0.041424528,50021,0.321836818,0.205882353,136,0.035714286,168,0.842592593,432,44.4,49880,247.2575903,1.425349006,-0.832954121,0.44187402,1.680954304,0.580458304,0.678805802,0.533071947,0.708243016,0.580458304,complete,CITY OF CHICAGO,Ward 50 Precinct 21,1,0,0,,0,0,0,438,292,195,159,120,80,0.10128,18.63990792,54,0.49332,26.8931435,79,0.39258,25.50361713,74,0.00996,11.42225518,33,0.0006,5.069918314,15,0.00194,6.418094064,19,0.00032,3.051934758,9,CITY OF CHICAGO:WARD 50 PRECINCT 21,CITY OF CHICAGO:WARD 50 PRECINCT 21,CITY OF CHICAGO:WARD 50 PRECINCT 21,1.2,41.90347115,10.42179002,10.42179002,10.42179002,10.42179002,2.993789377,10.42179002,2.993789377,15.58209788,22.48104041,21.84999041,10.64513629,4.392442565,5.58146974,2.591494771,18.38291459,26.57675018,25.27665596,11.33912947,4.999562466,6.256142331,2.982168189,13.26288335,24.36745167,25.27423514,13.93413908,4.104705825,0.014715068,0.022055774,0.2,0.3,1,1.024984989,1.5,1.8,1.4,1,1.023968852,470.4557234,466.4261239,15.1109976,5.54069925,9.570298351,0.032119914,0.011777302,0.020342612,3897.677311,292,1
CITY OF CHICAGO:WARD 50 PRECINCT 23,CITY OF CHICAGO:WARD 50 PRECINCT 23,CITY OF CHICAGO:Ward 50 Precinct 23,TRUE,TRUE,TRUE, , ,,, ,,0.37553525,0.181461505,0.080091619,0.351983203,0.012219934,0.001077157,0.2243,0.5031,0.4969,0.7973,0.0491,0,0.0536,0.0436,0.116605719,0.256752514,0.14788291,0.102381181,0.163206847,0.077585481,0.066416456,0.056106749,0.013062143,0.090115807,0.005917761,0.048402469,0.005417809,0.060530142,0.018028755,0.08476721,0.011650099,0.035797126,0.062268468,0.067701393,0.239688498,0.060733115,0.034399976,0.027034043,0.147547329,50023,0.035021481,0.079365079,63,-0.289855072,138,0.451697128,383,42.1,75981,245.7716673,0.203465696,-1.609564442,-0.700801194,0.437392622,-0.507803519,-0.41737683,-0.564488392,0.113289917,-0.507803519,complete,CITY OF CHICAGO,Ward 50 Precinct 23,1,0,0,,0,0,0,452,301,201,127,96,64,0.3595,26.03252482,78,0.54706,28.46537817,86,0.08818,19.0855275,57,0.00316,8.582842744,26,0.00076,5.037204946,15,0.00114,6.474176215,19,0.0002,3.19194577,10,CITY OF CHICAGO:WARD 50 PRECINCT 23,CITY OF CHICAGO:WARD 50 PRECINCT 23,CITY OF CHICAGO:WARD 50 PRECINCT 23,1.5,82.38790102,1.954317249,1.954317249,1.954317249,1.954317249,5.886195489,1.954317249,1.954317249,18.89875581,20.73017101,14.44812344,7.178840508,3.949556066,5.576832624,2.587992328,25.68004542,28.11180677,18.93647517,8.486579884,5.047568209,6.411843604,3.139004134,16.57954128,22.61658227,17.87236816,10.46784329,3.661819326,0.010077951,0.018553331,0.2,0.3,1,1.013004638,1.5,1.8,1.4,1,1.176268814,707.0906507,701.2484373,19.24641727,10.44205608,8.80436118,0.027219165,0.014767634,0.012451531,4608.196845,301,0.999999975
CITY OF CHICAGO:WARD 50 PRECINCT 26,CITY OF CHICAGO:WARD 50 PRECINCT 26,CITY OF CHICAGO:Ward 50 Precinct 26,TRUE,TRUE,TRUE, , ,,, ,,0.442234308,0.121901369,0.06070353,0.363775011,0.0218424,1.29E-10,0.2337,0.2739,0.7261,0.8015,0.0291,0,0,0.1694,0.135464181,0.169182169,0.073446733,0.109793604,0.182885651,0.130035496,0.116125391,0.064230403,0.018836372,0.031110388,0.001253777,0.00062689,0.017881334,0.133048365,0.003761329,0.049953519,0.117176509,0.080701081,0.018600538,0.14011589,0.027419912,0.148578871,0.044916948,0.12599588,0.058858771,50026,-0.157986337,0.188118812,101,-0.272727273,66,0.321888412,233,47.3,64912,135.2189947,-0.618781238,-0.941993376,-0.640686472,0.024430182,-0.54644825,-0.544257726,-0.565733999,-0.263554451,-0.54644825,complete,CITY OF CHICAGO,Ward 50 Precinct 26,1,0,0,,0,0,0,180,120,80,99,75,50,0.38758,26.60842004,32,0.55096,28.76514077,35,0.05514,17.45707091,21,0.0045,9.316475068,11,0.00062,5.004746782,6,0.00084,6.614217219,8,0.00036,3.257783447,4,CITY OF CHICAGO:WARD 50 PRECINCT 26,CITY OF CHICAGO:WARD 50 PRECINCT 26,CITY OF CHICAGO:WARD 50 PRECINCT 26,1.8,83.11350372,1.824743363,1.824743363,1.824743363,1.824743363,5.938036103,1.824743363,1.824743363,18.89864407,20.4266539,12.88467235,7.585803482,3.779996896,5.576555244,2.588187349,26.30757227,28.41919771,17.31545617,9.229660509,4.926310062,6.443746772,3.171379704,16.57942954,22.31306517,16.30891707,10.87480627,3.492260156,0.009800571,0.018748351,0.2,0.3,1,1.025137143,1.5,1.8,1.4,1,1.394978052,374.5393716,371.7484672,9.768165319,5.023627894,4.744537425,0.026080477,0.013412817,0.01266766,1484.411587,120,1
CITY OF CHICAGO:WARD 40 PRECINCT 01,CITY OF CHICAGO:WARD 40 PRECINCT 01,CITY OF CHICAGO:Ward 40 Precinct 01,TRUE, ,, , ,,, ,,0.522121826,0.184541308,0.115251215,0.161948791,0.025169868,0.001303683,0.3757,0.584,0.416,0.6807,0.1432,0.0145,0.0495,0.1115,0.091649622,0.104334907,0.116918077,0.136791769,0.10561182,0.167713137,0.168373555,0.074972501,0.033634611,0.031344157,0.038687082,0.03629209,0.013139437,0.028241764,0.091972143,0.024599096,0.055971368,0.006854594,0.053902851,0.096234348,0.097143061,0.095804401,0.056270109,0.115820095,0.157723403,40001,0.058657426,0.380952381,126,-0.126934985,323,0.607142857,560,51.7,80858,228.2377757,0.30415894,0.241691155,-0.128988336,0.931914482,0.293879333,0.33719406,0.200642854,0.14178002,0.293879333,complete,CITY OF CHICAGO,Ward 40 Precinct 01,1,0,0,,0,0,0,564,376,251,139,105,70,0.10834,18.93027156,71,0.5352,27.18302481,102,0.34008,24.45729995,92,0.01292,12.0681946,45,0.00078,4.97403434,19,0.00236,6.358111315,24,0.00032,3.026326074,11,CITY OF CHICAGO:WARD 40 PRECINCT 01,CITY OF CHICAGO:WARD 40 PRECINCT 01,CITY OF CHICAGO:WARD 40 PRECINCT 01,1.208996067,54.55159005,7.530708794,7.530708794,7.530708794,7.530708794,3.897432988,7.530708794,3.897432988,15.58398123,22.23516751,20.56817379,10.97255497,4.253486188,5.573576167,2.579490579,18.7208405,26.80187334,24.19541198,11.91870541,4.915074384,6.269751168,2.991666407,13.26476671,24.12157878,23.99241852,14.26155776,3.965749448,0.006821495,0.010051582,0.2,0.3,1,1.179458441,1.5,1.8,1.4,1,1.045235975,388.3669525,384.0270519,16.81708679,12.20598434,4.611102451,0.043302054,0.031428998,0.011873056,1836.271782,376,1
CITY OF CHICAGO:WARD 40 PRECINCT 07,CITY OF CHICAGO:WARD 40 PRECINCT 07,CITY OF CHICAGO:Ward 40 Precinct 07,TRUE, ,, , ,,, ,,0.429447738,0.284001125,0.149252379,0.129871632,0.03603004,3.97E-05,0.2953,0.3647,0.6353,0.4495,0.3634,0.0099,0.0352,0.1314,0.109402394,0.093445641,0.212762547,0.164885176,0.126158677,0.071652152,0.1070646,0.05834701,0.056281805,0.042102788,0.048592159,0.045252079,0.05236975,0.009276873,0.065568495,0.050655329,0.051327082,0.033266737,0.104352946,0.042275708,0.065624208,0.073245887,0.124075322,0.092056453,0.099958185,40007,0.410539868,0.559322034,236,0.02739726,292,0.722627737,548,40.8,59735,273.4098354,1.803239455,1.336590762,0.412683129,1.299308285,1.073899775,1.212955408,0.91384532,0.586905455,1.073899775,complete,CITY OF CHICAGO,Ward 40 Precinct 07,1,0,0,,0,0,0,596,397,265,178,134,89,0.09306,18.55537099,74,0.48684,26.87629681,107,0.40826,25.90975078,103,0.009,11.25586962,45,0.0007,5.162540547,20,0.0018,6.314669306,25,0.00034,2.98663406,12,CITY OF CHICAGO:WARD 40 PRECINCT 07,CITY OF CHICAGO:WARD 40 PRECINCT 07,CITY OF CHICAGO:WARD 40 PRECINCT 07,1.2,23.54726277,14.6176147,14.6176147,14.6176147,14.6176147,1.682331874,14.6176147,1.682331874,15.58428519,22.56959491,22.2894458,10.52574312,4.440166735,5.573808541,2.578597906,18.27863484,26.51499978,25.64778776,11.13917237,5.028692487,6.241622881,2.962413073,13.26507067,24.45600618,25.71369052,13.81474591,4.152429995,0.007053868,0.009158909,0.2,0.3,1,1.015254262,1.5,1.8,1.4,1,1.003559489,414.9516958,396.4432434,40.84329333,31.56743141,9.27586192,0.098429031,0.076074955,0.022354076,2698.723029,397,0.999999998
CITY OF CHICAGO:WARD 40 PRECINCT 10,CITY OF CHICAGO:WARD 40 PRECINCT 10,CITY OF CHICAGO:Ward 40 Precinct 10,TRUE, ,, , ,,, ,,0.562544434,0.231667934,0.086952523,0.118889771,0.014858729,0.000446238,0.4324,0.3368,0.6632,0.4898,0.1693,0.0086,0.0678,0.2475,0.133629057,0.055223591,0.089637724,0.246653769,0.177055938,0.145628253,0.100622239,0.041365627,0.010183803,0.035187046,0.059772375,0.009224719,0.063319455,0.009865717,0.085696085,0.008731604,0.008928897,0.000697384,0.03593385,0.023496757,0.166683617,0.115406249,0.11948169,0.122809942,0.134764612,40010,0.197215708,0.278195489,133,0.076660988,587,0.615615616,999,43.2,98869,435.9698137,0.894441364,-0.38906906,0.585587733,0.958868999,0.481571896,0.512457259,0.496197991,0.470882451,0.481571896,complete,CITY OF CHICAGO,Ward 40 Precinct 10,1,0,0,,0,0,0,824,549,366,152,114,76,0.09724,18.61015857,102,0.49142,26.96170747,148,0.39954,25.71952735,141,0.0087,11.36509376,62,0.00092,5.120362052,28,0.00194,6.255031607,34,0.00024,2.998793378,16,CITY OF CHICAGO:WARD 40 PRECINCT 10,CITY OF CHICAGO:WARD 40 PRECINCT 10,CITY OF CHICAGO:WARD 40 PRECINCT 10,1.2,46.22603256,9.433747748,9.433747748,9.433747748,9.433747748,3.302614352,9.433747748,3.302614352,15.58438925,22.51334967,21.9987532,10.59687745,4.408644314,5.571827789,2.576863366,18.35383291,26.56558955,25.40878334,11.26487778,5.010298601,6.244452309,2.965488712,13.26517473,24.39976094,25.42299793,13.88588024,4.120907574,0.005073117,0.007424368,0.2,0.3,1,1.004923975,1.5,1.8,1.4,1,1.002475231,546.8938401,488.6592269,147.9958589,101.0753923,46.92046664,0.270611676,0.184817207,0.085794469,2695.692862,549,0.999999991
CITY OF CHICAGO:WARD 40 PRECINCT 14,CITY OF CHICAGO:WARD 40 PRECINCT 14,CITY OF CHICAGO:Ward 40 Precinct 14,TRUE, ,, , ,,, ,,0.656676506,0.193973958,0.059795524,0.079194118,0.016844374,0.000239027,0.5739,0.3722,0.6278,0.5087,0.2568,0.0109,0.0303,0.1781,0.102635485,0.045588608,0.198957229,0.301920891,0.109881312,0.099601383,0.061364025,0.045983226,0.034067841,0.012904046,0.013663045,0.030881148,0.002660987,0.013119679,0.097860523,0.016969056,0.038372914,0.036509377,0.085895895,0.093046125,0.103089556,0.083325808,0.094126033,0.082590079,0.194985729,40014,0.315749624,0.333333333,141,0.18762089,517,0.748099891,921,36.6,89094,387.2315387,1.399416499,-0.050612362,0.97503203,1.380343236,0.883606404,0.926044851,0.89340384,0.442295031,0.883606404,complete,CITY OF CHICAGO,Ward 40 Precinct 14,1,0,0,,0,0,0,329,219,146,166,125,83,0.08544,18.36839326,40,0.47354,26.89450432,59,0.43076,26.3620215,58,0.00732,10.9796803,24,0.0009,5.113458262,11,0.0018,6.245497197,14,0.00024,2.923761564,6,CITY OF CHICAGO:WARD 40 PRECINCT 14,CITY OF CHICAGO:WARD 40 PRECINCT 14,CITY OF CHICAGO:WARD 40 PRECINCT 14,1.2,29.8226849,13.1831915,13.1831915,13.1831915,13.1831915,2.130678791,13.1831915,2.130678791,15.58476541,22.65980219,22.75064941,10.39864298,4.490198487,5.570186198,2.574420711,18.16687096,26.44552166,26.03172193,10.92843073,5.058941074,6.230800749,2.951036089,13.26555088,24.54621345,26.17489414,13.68764577,4.202461747,0.003431526,0.004981714,0.2,0.3,1,1.000991148,1.5,1.8,1.4,1,1.00210322,280.4721431,267.2374128,29.87839569,17.04357164,12.83482405,0.106528924,0.060767431,0.045761493,1374.014008,219,0.999999973
CITY OF CHICAGO:WARD 40 PRECINCT 21,CITY OF CHICAGO:WARD 40 PRECINCT 21,CITY OF CHICAGO:Ward 40 Precinct 21,TRUE, ,, , ,,, ,,0.6852705,0.169663785,0.049203852,0.084590246,0.014359655,0.000915403,0.5457,0.5365,0.4635,0.4507,0.3403,0.0054,0.0759,0.1223,0.110489192,0.022098235,0.269610832,0.332979773,0.11089515,0.082149213,0.037370348,0.026979085,0.007428171,0.010396953,2.01E-10,0.019737694,6.17E-10,0.007589732,0.042335635,0.016818332,0.004252887,0.025492311,0.056262645,0.11872238,0.104633253,0.140993029,0.06638533,0.135481606,0.250898212,40021,0.415665259,0.496551724,290,0.178217822,404,0.702741703,693,34.4,116625,293.6183885,1.825074514,0.951283135,0.942029377,1.236044543,1.150303378,1.238607892,1.090987675,0.433367188,1.150303378,complete,CITY OF CHICAGO,Ward 40 Precinct 21,1,0,0,,0,0,0,639,426,284,177,133,89,0.08604,18.36820753,78,0.46844,26.76917445,114,0.43446,26.28164629,112,0.00792,11.01904594,47,0.00076,5.191698943,22,0.00206,6.318183413,27,0.00032,3.01351429,13,CITY OF CHICAGO:WARD 40 PRECINCT 21,CITY OF CHICAGO:WARD 40 PRECINCT 21,CITY OF CHICAGO:WARD 40 PRECINCT 21,1.2,21.34388477,15.12125835,15.12125835,15.12125835,15.12125835,1.524911749,15.12125835,1.524911749,15.58471427,22.65971083,22.75057486,10.39775448,4.490188874,5.570011356,2.574476729,18.16708526,26.44585392,26.03203085,10.92758345,5.059016099,6.230643703,2.951109903,13.26549975,24.5461221,26.17481959,13.68675727,4.202452134,0.003256683,0.005037732,0.2,0.3,1,1.000497386,1.5,1.8,1.4,1,1.000844583,419.375997,392.9901072,57.66230636,40.45657234,17.20573402,0.137495486,0.096468498,0.041026988,1696.14624,426,0.999999994
CITY OF CHICAGO:WARD 46 PRECINCT 11,CITY OF CHICAGO:WARD 46 PRECINCT 11,CITY OF CHICAGO:Ward 46 Precinct 11,TRUE, ,, , ,,, ,,0.581125579,0.129096514,0.17988734,0.100050393,0.021601067,0.002369987,0.6305,0.2361,0.7639,0.2517,0.4814,0.0296,0.0103,0.2164,0.012369413,0.018363203,0.34575512,0.249358491,0.114615642,0.100594591,0.113361916,0.018251506,0.027330118,0.029282447,0.080761402,0.011367041,0.016789282,0.034185407,0.054789136,0.069891147,0.004187251,0.073095623,0.046014496,0.081112213,0.198079046,0.088632808,0.094704113,0.040416206,0.076692381,46011,0.274882326,0.282608696,184,0.144032922,486,0.681818182,924,34.9,74727,401.199215,1.225314689,-0.361979146,0.822048067,1.169480228,0.673389297,0.71371596,0.695055719,1.008171423,0.673389297,complete,CITY OF CHICAGO,Ward 46 Precinct 11,1,0,0,,0,0,0,879,586,391,170,128,85,0.08626,18.41974255,108,0.46882,26.78924382,157,0.43492,26.33410438,154,0.0073,11.04970336,65,0.0005,5.099909735,30,0.00188,6.338578608,37,0.00032,3.007915307,18,CITY OF CHICAGO:WARD 46 PRECINCT 11,CITY OF CHICAGO:WARD 46 PRECINCT 11,CITY OF CHICAGO:WARD 46 PRECINCT 11,1.2,37.97433744,11.31990339,11.31990339,11.31990339,11.31990339,2.713072805,11.31990339,2.713072805,15.58456777,22.6594491,22.75036128,10.40806229,4.490161333,5.573997405,2.577749171,18.16326111,26.43973427,26.02658097,10.93716587,5.058035664,6.23439636,2.954148953,13.26535325,24.54586037,26.174606,13.69706508,4.202424594,0.007242732,0.008310174,0.2,0.3,1,1.000022824,1.5,1.8,1.4,1,1.000018777,499.7652912,461.7781149,71.85943664,56.83484736,15.02458928,0.143786369,0.113723078,0.030063291,2034.675218,586,1
CITY OF CHICAGO:WARD 46 PRECINCT 13,CITY OF CHICAGO:WARD 46 PRECINCT 13,CITY OF CHICAGO:Ward 46 Precinct 13,TRUE, ,, , ,,, ,,0.654059431,0.14684,0.11709939,0.068062709,0.019250271,0.000766551,0.3358,0.2027,0.7973,0.2277,0.3,0.0007,0.0284,0.4418,0.062040413,0.065145583,0.22371666,0.327088816,0.061485469,0.106428845,0.086350036,0.016378549,0.051365629,0.091829708,0.087468422,0.031157602,0.057102969,0.019857996,0.025921228,0.014668975,0.006793898,0.015481388,0.045801586,0.123344195,0.052151012,0.105148898,0.030112092,0.209744821,0.083415209,46013,0.252537377,0.232758621,232,0.150515464,485,0.760736196,978,35.7,72637,420.2190297,1.130121313,-0.667977541,0.844800331,1.420543305,0.653339754,0.681871852,0.68592545,0.482537965,0.653339754,complete,CITY OF CHICAGO,Ward 46 Precinct 13,1,0,0,,0,0,0,408,272,181,197,148,99,0.08698,18.35687577,50,0.4688,26.7809144,73,0.43346,26.24636284,71,0.00806,11.02844147,30,0.0009,5.130050346,14,0.00156,6.36445201,17,0.00024,3.056234667,8,CITY OF CHICAGO:WARD 46 PRECINCT 13,CITY OF CHICAGO:WARD 46 PRECINCT 13,CITY OF CHICAGO:WARD 46 PRECINCT 13,1.2,38.80816518,11.12930875,11.12930875,11.12930875,11.12930875,2.772645546,11.12930875,2.772645546,15.58487089,22.65999063,22.75080319,10.40330586,4.490218316,5.571534801,2.574990334,18.1654517,26.44327924,26.02968987,10.93282283,5.058523141,6.232050027,2.951506387,13.26565636,24.5464019,26.17504792,13.69230864,4.202481576,0.004780128,0.005551337,0.2,0.3,1,1.000011991,1.5,1.8,1.4,1,1.000012353,487.2903388,450.1134772,70.28934087,55.63978937,14.6495515,0.1442453,0.114182008,0.030063292,2350.276627,272,1
CITY OF CHICAGO:WARD 46 PRECINCT 14,CITY OF CHICAGO:WARD 46 PRECINCT 14,CITY OF CHICAGO:Ward 46 Precinct 14,TRUE, ,, , ,,, ,,0.563675589,0.149484795,0.199547075,0.076455683,0.013631798,0.000640233,0.4298,0.2977,0.7023,0.3865,0.3026,0,0.0288,0.282,0.064527588,0.036080565,0.236382432,0.289142561,0.126181695,0.137045765,0.062994681,0.026263919,0.021380795,0.056528189,0.115086558,0.013696665,0.031062916,0.014523265,0.136611341,0.002108695,0.011556567,0.013355047,0.0461438,0.103903019,0.061509378,0.077703445,0.050981615,0.137215941,0.128013559,46014,0.205406933,0.094594595,148,0.16,250,0.772893773,546,36.5,68565,248.7435133,0.92933741,-1.51607998,0.878088919,1.459220389,0.432516835,0.437641684,0.520606282,0.65410502,0.432516835,complete,CITY OF CHICAGO,Ward 46 Precinct 14,1,0,0,,0,0,0,255,170,113,188,141,94,0.08754,18.36941088,31,0.46618,26.78466514,46,0.4359,26.31021393,45,0.00774,11.00313563,19,0.00072,5.113645932,9,0.00164,6.321965929,11,0.00028,3.064419863,5,CITY OF CHICAGO:WARD 46 PRECINCT 14,CITY OF CHICAGO:WARD 46 PRECINCT 14,CITY OF CHICAGO:WARD 46 PRECINCT 14,1.2,48.40160649,8.936459495,8.936459495,8.936459495,8.936459495,3.458048017,8.936459495,3.458048017,15.58479135,22.65984855,22.75068724,10.40981987,4.490203365,5.57401925,2.576989161,18.16305876,26.43945209,26.02627893,10.93888218,5.05790556,6.234387469,2.953358207,13.26557683,24.54625981,26.17493197,13.69882266,4.202466625,0.007264577,0.007550164,0.2,0.3,1,1.000011892,1.5,1.8,1.4,1,1.000009492,214.8189662,198.6735534,30.59130843,24.13314326,6.458165161,0.142405063,0.112341772,0.030063291,2542.25187,170,1
CITY OF CHICAGO:WARD 46 PRECINCT 16,CITY OF CHICAGO:WARD 46 PRECINCT 16,CITY OF CHICAGO:Ward 46 Precinct 16,TRUE, ,, , ,,, ,,0.551756769,0.101140536,0.200308539,0.138017533,0.025879564,0.001797239,0.536,0.2589,0.7411,0.2724,0.4497,0.0436,0.0014,0.2261,0.037185925,0.011205884,0.082867838,0.303522775,0.168657264,0.073887564,0.154074407,0.075734876,0.092863429,0.047226989,0.013016482,0.004277733,0.002233541,0.077209069,0.00683607,0.064301508,0.037118841,0.041637671,0.185642327,0.040016785,0.070750747,0.058199912,0.045156984,0.084005867,0.22236944,46016,-0.149099755,0.331034483,290,0.369863014,365,0.802968961,741,44.7,67684,401.7935842,-0.580922851,-0.064723563,1.614660892,1.554899042,0.850536754,0.63097838,1.047273257,0.848401999,0.850536754,complete,CITY OF CHICAGO,Ward 46 Precinct 16,1,0,0,,0,0,0,986,657,438,135,102,68,0.09492,18.66323058,123,0.50058,26.96924296,177,0.39184,25.5278011,168,0.00968,11.44288865,75,0.00084,5.093219063,33,0.00182,6.342484922,42,0.00032,3.039322259,20,CITY OF CHICAGO:WARD 46 PRECINCT 16,CITY OF CHICAGO:WARD 46 PRECINCT 16,CITY OF CHICAGO:WARD 46 PRECINCT 16,1.2,31.02546607,12.90826224,12.90826224,12.90826224,12.90826224,2.216611374,12.90826224,2.216611374,15.584208,22.47775638,21.81671125,10.65328507,4.3888965,5.575412776,2.579978143,18.39646947,26.58998171,25.25219188,11.35495913,4.997586907,6.250783952,2.971350147,13.26499348,24.36416764,25.24095598,13.94228786,4.10115976,0.008658103,0.010539146,0.2,0.3,1,1.000027248,1.5,1.8,1.4,1,1.000009121,960.4714362,890.636884,148.155501,124.4914374,23.66406364,0.154252896,0.129614929,0.024637967,3125.040344,657,0.999999964
CITY OF CHICAGO:WARD 46 PRECINCT 19,CITY OF CHICAGO:WARD 46 PRECINCT 19,CITY OF CHICAGO:Ward 46 Precinct 19,TRUE, ,, , ,,, ,,0.431475888,0.119318094,0.306514016,0.129036389,0.027850273,0.001684754,0.3102,0.3233,0.6767,0.4139,0.2679,0.036,0.039,0.2348,0.088089717,0.098379678,0.186058085,0.19756608,0.146035501,0.175724724,0.078107199,0.018100308,0.011938708,0.095841893,0.072486125,0.049904449,0.039566537,0.026433507,0.048043093,0.017387674,0.014142947,0.037241563,0.0580786,0.139556391,0.098920899,0.055128964,0.025913016,0.11589352,0.105460824,46019,-0.040562001,0.348314607,178,0.20855615,374,0.757062147,708,40.8,64393,367.6173548,-0.118533107,0.041348298,1.048510084,1.408854997,0.711749387,0.595045068,0.80244239,0.86794259,0.711749387,complete,CITY OF CHICAGO,Ward 46 Precinct 19,1,0,0,,0,0,0,699,466,311,134,101,67,0.09134,18.45642563,86,0.48426,26.89454797,125,0.41272,25.88817159,121,0.00876,11.25778529,52,0.0008,5.097336896,24,0.00176,6.325289846,29,0.00036,3.034282808,14,CITY OF CHICAGO:WARD 46 PRECINCT 19,CITY OF CHICAGO:WARD 46 PRECINCT 19,CITY OF CHICAGO:WARD 46 PRECINCT 19,1.2,36.40327737,11.6790131,11.6790131,11.6790131,11.6790131,2.600828573,11.6790131,2.600828573,15.5842931,22.56960905,22.28945734,10.53830249,4.440168223,5.578171926,2.581596695,18.27427574,26.50808087,25.64167482,11.15092404,5.027529514,6.24570631,2.965131905,13.26507858,24.45602032,25.71370206,13.82730527,4.152431483,0.011417253,0.012157697,0.2,0.3,1,1.000080349,1.5,1.8,1.4,1,1.000054181,131.3412183,117.6252064,24.93820399,20.98965477,3.948549224,0.189873402,0.159810112,0.030063291,2183.372932,466,1
CITY OF CHICAGO:WARD 46 PRECINCT 22,CITY OF CHICAGO:WARD 46 PRECINCT 22,CITY OF CHICAGO:Ward 46 Precinct 22,TRUE, ,, , ,,, ,,0.409362527,0.118307738,0.371541553,0.094522614,0.013836048,0.003061623,0.2592,0.0433,0.9567,0.2758,0.4609,0.0156,0.031,0.1974,0.103258455,0.064793748,0.213393323,0.167857527,0.146141694,0.096788815,0.099345987,0.045980522,0.062439929,0.201775963,0.108245198,0.070733223,0.056280304,0.053276292,0.012100219,0.000377198,0.030083698,0.072478376,0.092403442,0.08114738,0.101552451,0.05267001,0.014737842,0.039239774,0.012898629,46022,0.399190531,0.182481752,137,0.385214008,257,0.824620573,593,41.7,34004,315.3128646,1.754889302,-0.976595757,1.668539428,1.623779644,1.009018167,1.017653154,1.139195422,1.049147014,1.009018167,complete,CITY OF CHICAGO,Ward 46 Precinct 22,1,0,0,,0,0,0,618,412,275,138,104,69,0.09496,18.53608592,76,0.48586,26.87928304,111,0.40672,25.83814505,106,0.00956,11.34114014,47,0.00062,5.084052865,21,0.00194,6.304461526,26,0.00034,3.031786183,12,CITY OF CHICAGO:WARD 46 PRECINCT 22,CITY OF CHICAGO:WARD 46 PRECINCT 22,CITY OF CHICAGO:WARD 46 PRECINCT 22,1.2,25.56089214,14.1573434,14.1573434,14.1573434,14.1573434,1.826195426,14.1573434,1.826195426,15.58462015,22.54903167,22.18086753,10.57227581,4.428401462,5.579214515,2.581185897,18.30037756,26.52384978,25.54941756,11.20490063,5.020014978,6.248395241,2.966367449,13.26540563,24.43544293,25.60511226,13.86127859,4.140664722,0.012459842,0.0117469,0.2,0.3,1,1.000058227,1.5,1.8,1.4,1,1.000030998,334.345354,309.572613,44.27880805,35.90772258,8.371085469,0.132434345,0.107397103,0.025037242,3115.633376,412,1
CITY OF CHICAGO:WARD 46 PRECINCT 23,CITY OF CHICAGO:WARD 46 PRECINCT 23,CITY OF CHICAGO:Ward 46 Precinct 23,TRUE, ,, , ,,, ,,0.417018258,0.124110684,0.238459171,0.211959888,0.026052651,0.00270143,0.362,0.3005,0.6995,0.3647,0.3188,0.0022,0.1229,0.182,0.071614346,0.056961671,0.196514866,0.199237689,0.123650962,0.195196243,0.090956782,0.034516818,0.031350623,0.062083385,0.113818881,0.037802164,0.098078328,0.032887119,0.028514709,0.016231207,0.025173919,0.03051708,0.066736141,0.12103643,0.120568105,0.061114181,0.035805171,0.090810361,0.05882282,46023,0.181529204,0.159574468,188,0.309904153,313,0.800362976,551,42.5,58225,252.3097286,0.827614124,-1.117209229,1.404218777,1.546608582,0.722968529,0.665308063,0.870750672,0.948341864,0.722968529,complete,CITY OF CHICAGO,Ward 46 Precinct 23,1,0,0,,0,0,0,575,383,255,145,109,73,0.0945,18.57030037,71,0.48826,26.87800477,103,0.40428,25.67111874,98,0.00954,11.41897679,44,0.00096,5.106938556,20,0.00204,6.318126273,24,0.00042,3.023205534,12,CITY OF CHICAGO:WARD 46 PRECINCT 23,CITY OF CHICAGO:WARD 46 PRECINCT 23,CITY OF CHICAGO:WARD 46 PRECINCT 23,1.2,35.95017263,11.78258285,11.78258285,11.78258285,11.78258285,2.568456549,11.78258285,2.568456549,15.58350733,22.52823314,22.08229702,10.58605554,4.417678266,5.578124109,2.58428783,18.32682296,26.54268217,25.47169188,11.237139,5.014645239,6.249088697,2.971253245,13.2642928,24.41464441,25.50654174,13.87505833,4.129941526,0.011369436,0.014848833,0.2,0.3,1,1.000168813,1.5,1.8,1.4,1,1.000098028,302.7640509,278.4751391,57.24284396,43.94275838,13.30008558,0.189067506,0.145138626,0.04392888,1964.860658,383,1
CITY OF CHICAGO:WARD 47 PRECINCT 03,CITY OF CHICAGO:WARD 47 PRECINCT 03,CITY OF CHICAGO:Ward 47 Precinct 03,TRUE, ,, , ,,, ,,0.731094879,0.124165454,0.041005726,0.084543504,0.021216113,0.000378031,0.7011,0.2959,0.7041,0.4131,0.1987,0.0274,0.0027,0.3316,0.077021791,0.013870645,0.182865273,0.364550307,0.149957861,0.125052888,0.045796121,0.036759092,0.004126021,0.00719666,3.64E-10,5.95E-10,2.89E-10,0.020906423,0.033589168,0.028636697,0.0018421,0.005233934,0.114638103,0.106845827,0.166798189,0.109261749,0.130482326,0.142167362,0.132401462,47003,0.304662682,0.218604651,215,0.205333333,375,0.670454545,704,36.7,103275,285.5944042,1.352184195,-0.7548599,1.037198721,1.133328917,0.660464436,0.691962983,0.729511583,0.535229874,0.660464436,complete,CITY OF CHICAGO,Ward 47 Precinct 03,1,0,0,,0,0,0,641,427,285,202,152,101,0.08588,18.36843943,0,0.46752,26.7959708,0,0.43634,26.33728697,0,0.00734,11.05457033,0,0.00076,5.18254411,0,0.00188,6.35383154,0,0.00028,3.013073464,0,CITY OF CHICAGO:WARD 47 PRECINCT 03,CITY OF CHICAGO:WARD 47 PRECINCT 03,CITY OF CHICAGO:WARD 47 PRECINCT 03,1.2,38.51090925,11.1972549,11.1972549,11.1972549,11.1972549,2.751408125,11.1972549,2.751408125,15.58471471,22.65971163,22.75057551,10.39710048,4.490188957,5.569781878,2.574316039,18.16731191,26.44621512,26.03235433,10.92697243,5.059076991,6.230428712,2.9509637,13.26550019,24.54612289,26.17482023,13.68610326,4.202452217,0.003027205,0.004877041,0.2,0.3,1,1.000249092,1.5,1.8,1.4,1,1.000619793,288.5662744,272.0620456,34.91203412,23.52744768,11.38458644,0.120984457,0.081532216,0.039452242,1561.388587,0,0.434735475
CITY OF CHICAGO:WARD 47 PRECINCT 04,CITY OF CHICAGO:WARD 47 PRECINCT 04,CITY OF CHICAGO:Ward 47 Precinct 04,TRUE, ,, , ,,, ,,0.667433886,0.151569221,0.065387616,0.092218337,0.020887302,0.001364924,0.7329,0.4705,0.5295,0.4608,0.1663,0.0237,0,0.3366,0.048307231,0.018339263,0.185388646,0.271036741,0.182828043,0.158263561,0.048024755,0.058541172,0.029270585,0.011904387,2.49E-09,0.018314439,1.21E-09,0.013732708,0.032691704,0.038833711,0.012280898,0.021977326,0.070708798,0.096355255,0.098550733,0.089351758,0.152795249,0.177899373,0.164603656,47004,0.315362468,0.258333333,240,0.147679325,474,0.67251462,855,40.4,123684,346.8144325,1.397767147,-0.510990398,0.834846121,1.139882665,0.659084281,0.715376384,0.682978229,0.541831426,0.659084281,complete,CITY OF CHICAGO,Ward 47 Precinct 04,1,0,0,,0,0,0,867,578,385,194,146,97,0.09422,18.52551821,107,0.47886,26.85730406,155,0.41524,25.96106628,150,0.00888,11.25844842,65,0.00084,5.1082656,30,0.0017,6.297292433,36,0.00026,2.975760517,17,CITY OF CHICAGO:WARD 47 PRECINCT 04,CITY OF CHICAGO:WARD 47 PRECINCT 04,CITY OF CHICAGO:WARD 47 PRECINCT 04,1.2,38.56841124,11.18411121,11.18411121,11.18411121,11.18411121,2.755516349,11.18411121,2.755516349,15.58464199,22.57963755,22.33844003,10.50667964,4.445490808,5.570632349,2.575158026,18.26934342,26.51173251,25.69193175,11.11167944,5.032464023,6.237822771,2.958349275,13.26542747,24.46604882,25.76268476,13.79568243,4.157754068,0.003877676,0.005719029,0.2,0.3,1,1.000255043,1.5,1.8,1.4,1,1.000411194,451.3639926,419.6713905,71.56393994,52.13944185,19.42449808,0.158550396,0.115515289,0.043035108,1728.23374,578,0.999999973
CITY OF CHICAGO:WARD 48 PRECINCT 01,CITY OF CHICAGO:WARD 48 PRECINCT 01,CITY OF CHICAGO:Ward 48 Precinct 01,TRUE, ,, , ,,, ,,0.661027311,0.158000107,0.088808169,0.07044014,0.025884462,0.000934675,0.5865,0.5296,0.4704,0.3665,0.3035,0.0505,0.0054,0.2573,0.10626028,0.034698587,0.135801347,0.272316539,0.143684114,0.165724174,0.119292032,0.01400518,0.008217748,0.015713785,0.038312434,0.006355261,0.012074997,0.007626314,0.012307484,0.002470407,0.069796109,0.049314641,0.086106424,0.027783902,0.146437522,0.08890329,0.190050984,0.10284873,0.143897713,48001,-0.222361586,0.498007968,251,0.276752768,542,0.739726027,876,41.1,107227,334.9270484,-0.893031016,0.960222105,1.287864873,1.353703335,0.895279413,0.677189824,1.017414423,0.596236096,0.895279413,complete,CITY OF CHICAGO,Ward 48 Precinct 01,1,0,0,,0,0,0,840,560,373,134,101,67,0.09202,18.47855021,103,0.48606,26.93252657,151,0.41092,25.88248626,145,0.00864,11.23763349,63,0.00056,5.094800614,29,0.00148,6.333383481,35,0.00032,2.999760872,17,CITY OF CHICAGO:WARD 48 PRECINCT 01,CITY OF CHICAGO:WARD 48 PRECINCT 01,CITY OF CHICAGO:WARD 48 PRECINCT 01,1.2,29.40582243,13.27847708,13.27847708,13.27847708,13.27847708,2.100896093,13.27847708,2.100896093,15.58484836,22.56354716,22.25391131,10.53089526,4.436329858,5.570799479,2.574558457,18.29030685,26.52506294,25.62120846,11.15152704,5.026824835,6.239316633,2.959076437,13.26563384,24.44995842,25.67815604,13.81989805,4.148593118,0.004044806,0.00511946,0.2,0.3,1,1.005338659,1.5,1.8,1.4,1,1.000740114,433.4562437,388.591458,102.1735099,76.78119163,25.3923183,0.235718164,0.177137122,0.058581042,2225.907351,560,1
CITY OF CHICAGO:WARD 48 PRECINCT 07,CITY OF CHICAGO:WARD 48 PRECINCT 07,CITY OF CHICAGO:Ward 48 Precinct 07,TRUE, ,, , ,,, ,,0.686641516,0.140686267,0.059995548,0.091558263,0.014118535,0.001303392,0.5362,0.4349,0.5651,0.3451,0.3902,0.0043,0.0262,0.2233,0.09422136,0.04297043,0.140172013,0.257687762,0.165110405,0.106758547,0.100310864,0.055689266,0.037079353,0.030965618,0.015579042,0.019227315,0.009625173,0.005920192,0.02944728,0.023887863,0.042392505,0.023081552,0.06579388,0.053746401,0.195509109,0.146635899,0.055702398,0.10528036,0.177205412,48007,0.286910855,0.434628975,283,0.301204819,415,0.690751445,692,41.6,98059,269.249251,1.276558319,0.571178154,1.373686072,1.197899753,1.11454335,1.104830574,1.168314449,0.383283689,1.11454335,complete,CITY OF CHICAGO,Ward 48 Precinct 07,1,0,0,,0,0,0,723,482,321,161,121,81,0.09288,18.53639707,89,0.48734,26.8869144,130,0.40832,25.810883,124,0.00876,11.27974742,54,0.00086,5.107552337,25,0.0017,6.363615304,31,0.00014,3.044943095,15,CITY OF CHICAGO:WARD 48 PRECINCT 07,CITY OF CHICAGO:WARD 48 PRECINCT 07,CITY OF CHICAGO:WARD 48 PRECINCT 07,1.2,22.35268963,14.89066779,14.89066779,14.89066779,14.89066779,1.596985713,14.89066779,1.596985713,15.58464824,22.55143315,22.19302699,10.54426425,4.429720992,5.570467388,2.575021932,18.30604658,26.53570707,25.57165299,11.17623837,5.023104581,6.240009113,2.960564483,13.26543372,24.43784442,25.61727172,13.83326703,4.141984252,0.003712715,0.005582934,0.2,0.3,1,1.002242445,1.5,1.8,1.4,1,1.00094994,314.1051123,278.9273463,75.66168973,57.25082653,18.4108632,0.24088016,0.182266459,0.058613701,1605.586381,482,1
CITY OF CHICAGO:WARD 48 PRECINCT 21,CITY OF CHICAGO:WARD 48 PRECINCT 21,CITY OF CHICAGO:Ward 48 Precinct 21,TRUE, ,, , ,,, ,,0.364733985,0.132803925,0.31281453,0.188943297,0.029036808,0.000595829,0.2734,0.099,0.901,0.368,0.4353,0.0156,0.091,0.084,0.066983324,0.10089024,0.131368015,0.210661076,0.101768781,0.193834017,0.129381505,0.039585445,0.025527596,0.135768922,0.239984387,0.115334138,0.085577353,0.04018448,0.031426991,0.039858769,0.016732678,0.029163296,0.059130537,0.078337703,0.02879899,0.036446413,0.014426701,0.034007715,0.014820925,48021,0.399011289,0.192,250,0.358600583,343,0.790378007,582,45.7,20521,299.5620806,1.7541257,-0.918169193,1.575132293,1.514843249,0.963583671,0.981483012,1.082313528,0.997704572,0.963583671,complete,CITY OF CHICAGO,Ward 48 Precinct 21,1,0,0,,0,0,0,737,491,327,162,122,81,0.1125,18.94705507,93,0.53126,27.14753884,133,0.3391,24.43734604,120,0.01358,11.99330705,59,0.00096,5.009504518,25,0.00224,6.390726124,31,0.00036,3.029554542,15,CITY OF CHICAGO:WARD 48 PRECINCT 21,CITY OF CHICAGO:WARD 48 PRECINCT 21,CITY OF CHICAGO:WARD 48 PRECINCT 21,1.2,27.04906865,13.81717905,13.81717905,13.81717905,13.81717905,1.932518051,13.81717905,1.932518051,15.58372543,22.23471051,20.56780086,10.98810909,4.2534381,5.579682903,2.584612765,18.71477195,26.79231615,24.18745169,11.93324812,4.913624483,6.275490048,2.996420737,13.26451091,24.12112178,23.99204559,14.27711188,3.96570136,0.01292823,0.015173768,0.2,0.3,1,1.000315601,1.5,1.8,1.4,1,1.000138115,454.3331971,421.1422597,81.86084284,63.65583377,18.20500907,0.180177991,0.14010826,0.040069731,3762.619828,491,1
CITY OF CHICAGO:WARD 48 PRECINCT 25,CITY OF CHICAGO:WARD 48 PRECINCT 25,CITY OF CHICAGO:Ward 48 Precinct 25,TRUE, ,, , ,,, ,,0.691542659,0.118714084,0.08449691,0.095348151,0.022530404,0.00129684,0.4469,0.3575,0.6425,0.4162,0.3447,0.0491,0.0139,0.1473,0.057347736,0.067235842,0.275038723,0.155859867,0.209292321,0.052864343,0.127147666,0.034116912,0.02109659,0.01810897,0.016788917,0.015468861,1.71E-09,0.057283096,0.078348259,0.023547228,3.21E-09,0.131039015,0.080988369,0.118684399,0.148144017,0.022227182,0.015468861,0.107649835,0.166252987,48025,0.087031517,0.422018349,218,0.228235294,425,0.674351585,694,40,69912,285.8915888,0.425037512,0.493769418,1.117579453,1.145726629,0.864782447,0.795528253,0.929192687,0.412743007,0.864782447,complete,CITY OF CHICAGO,Ward 48 Precinct 25,1,0,0,,0,0,0,762,508,339,119,90,60,0.091,18.50759872,94,0.47994,26.87495079,137,0.41734,25.96276624,132,0.00896,11.21261221,57,0.00092,5.102721214,26,0.0016,6.259744562,32,0.00024,2.984892862,15,CITY OF CHICAGO:WARD 48 PRECINCT 25,CITY OF CHICAGO:WARD 48 PRECINCT 25,CITY OF CHICAGO:WARD 48 PRECINCT 25,1.2,30.50341284,13.0275921,13.0275921,13.0275921,13.0275921,2.179313331,13.0275921,2.179313331,15.58461233,22.58898976,22.38687085,10.49551006,4.45074223,5.571234586,2.575678533,18.25661667,26.50292375,25.73120333,11.09146545,5.035445424,6.237611895,2.958056669,13.26539781,24.47540103,25.81111557,13.78451285,4.16300549,0.004479914,0.006239535,0.2,0.3,1,1.021779331,1.5,1.8,1.4,1,1.000969012,301.2435699,279.2192636,50.65590452,34.50474659,16.15115793,0.168155969,0.114541023,0.053614947,1375.99997,508,1
CITY OF CHICAGO:WARD 48 PRECINCT 28,CITY OF CHICAGO:WARD 48 PRECINCT 28,CITY OF CHICAGO:Ward 48 Precinct 28,TRUE, ,, , ,,, ,,0.605953354,0.194380082,0.0966877,0.091581316,0.021263417,0.00038292,0.6136,0.4741,0.5259,0.4184,0.2853,0.0313,0.0148,0.247,0.062323363,0.039151743,0.184195469,0.271056201,0.158818646,0.12734517,0.103000668,0.033730133,0.020378607,0.005984441,5.35E-10,0.022940357,0.008322788,0.037152512,1.08E-09,5.54E-11,0.018114777,0.010607315,0.026619643,0.05142655,0.223456818,0.193931962,0.110373124,0.127349668,0.163720042,48028,0.288988266,-0.068376068,234,0.193650794,315,0.874782609,575,38.7,112295,232.9927293,1.285408451,-2.516454831,0.996195637,1.783360891,0.358206256,0.387127537,0.480019876,0.634031683,0.358206256,complete,CITY OF CHICAGO,Ward 48 Precinct 28,1,0,0,,0,0,0,509,339,226,159,120,80,0.09036,18.38396954,62,0.47334,26.80530595,91,0.42556,26.09369024,88,0.0081,11.20150551,38,0.00072,5.118274052,17,0.00174,6.33665344,21,0.00018,3.044814001,10,CITY OF CHICAGO:WARD 48 PRECINCT 28,CITY OF CHICAGO:WARD 48 PRECINCT 28,CITY OF CHICAGO:WARD 48 PRECINCT 28,1.2,51.70690196,8.180941798,8.180941798,8.180941798,8.180941798,3.694194527,8.180941798,3.694194527,15.58464803,22.61962041,22.54446356,10.45533599,4.467834181,5.571490307,2.575732136,18.21694606,26.47690293,25.86076149,11.02234077,5.04548365,6.235322817,2.955565472,13.2654335,24.50603168,25.96870828,13.74433877,4.180097441,0.004735634,0.006293138,0.2,0.3,1,1.004636212,1.5,1.8,1.4,1,1.001353568,274.5621694,245.7362082,65.62506068,49.47434477,16.15071592,0.239017126,0.180193596,0.05882353,1187.157943,339,1
CITY OF CHICAGO:WARD 48 PRECINCT 30,CITY OF CHICAGO:WARD 48 PRECINCT 30,CITY OF CHICAGO:Ward 48 Precinct 30,TRUE, ,, , ,,, ,,0.756118092,0.099253241,0.054272242,0.074274914,0.010773761,7.41E-11,0.376,0.4469,0.5531,0.4209,0.3799,0,0.0356,0.1359,0.094899894,0.031285214,0.247995042,0.157513566,0.071467048,0.107618111,0.231437132,0.024563604,0.03322039,0.028868639,0.070227941,9.24E-10,8.56E-10,2.33E-09,0.045246608,0.016123092,0.133286409,0.116908445,0.089935771,0.04284089,0.140408198,0.092596366,0.053659221,0.059840431,0.110057984,48030,-0.041161349,0.324561404,228,0.083900227,441,0.667721519,632,43.6,59934,243.3941904,-0.121086434,-0.104457742,0.610995834,1.1246343,0.450729716,0.37752149,0.497424585,0.083004897,0.450729716,complete,CITY OF CHICAGO,Ward 48 Precinct 30,1,0,0,,0,0,0,770,513,342,122,92,61,0.09402,18.55126854,95,0.4969,26.94603898,138,0.39716,25.61338087,131,0.00904,11.44485535,59,0.00072,5.125334418,26,0.0019,6.321937865,32,0.00026,3.039413706,16,CITY OF CHICAGO:WARD 48 PRECINCT 30,CITY OF CHICAGO:WARD 48 PRECINCT 30,CITY OF CHICAGO:WARD 48 PRECINCT 30,1.2,47.59249377,9.121404831,9.121404831,9.121404831,9.121404831,3.400241038,9.121404831,3.400241038,15.58481202,22.50469978,21.9508955,10.60729493,4.403466793,5.569922639,2.574076308,18.36766316,26.57609937,25.37050873,11.28469415,5.007404597,6.243399348,2.963553844,13.2655975,24.39111105,25.37514023,13.89629771,4.115730053,0.003167966,0.004637311,0.2,0.3,1,1.011357243,1.5,1.8,1.4,1,1.000901793,301.613181,279.5618517,50.71805739,34.54708279,16.1709746,0.168155971,0.114541025,0.053614947,1179.110627,513,1
CITY OF CHICAGO:WARD 48 PRECINCT 31,CITY OF CHICAGO:WARD 48 PRECINCT 31,CITY OF CHICAGO:Ward 48 Precinct 31,TRUE, ,, , ,,, ,,0.629137565,0.155579539,0.103789664,0.095104353,0.031600481,0.000454296,0.481,0.521,0.479,0.3258,0.3583,0.0066,0.0262,0.268,0.109232203,0.038991888,0.160433286,0.276603945,0.165434133,0.135103784,0.089168813,0.015602293,0.009429656,0.00631461,3.21E-09,0.033460806,0.02541726,0.016337876,0.011802365,3.59E-09,0.070764024,2.85E-09,0.062553293,0.070646995,0.192729657,0.141218753,0.110597954,0.14764203,0.110514367,48031,0.130147696,0.009174312,218,0.205633803,355,0.776377953,635,38.5,101766,240.1251598,0.608719947,-2.040421609,1.038253303,1.470304664,0.312167412,0.269214076,0.465975257,0.51934322,0.312167412,complete,CITY OF CHICAGO,Ward 48 Precinct 31,1,0,0,,0,0,0,591,394,263,166,125,83,0.08918,18.40269222,73,0.47128,26.82615904,106,0.42846,26.19558622,103,0.00836,11.14589661,44,0.00058,5.080972047,20,0.00182,6.297516349,25,0.00032,2.988569415,12,CITY OF CHICAGO:WARD 48 PRECINCT 31,CITY OF CHICAGO:WARD 48 PRECINCT 31,CITY OF CHICAGO:WARD 48 PRECINCT 31,1.2,53.74600242,7.714848371,7.714848371,7.714848371,7.714848371,3.83987786,7.714848371,3.83987786,15.58461464,22.62426336,22.56865191,10.44953979,4.470456404,5.571766733,2.576039594,18.21065331,26.472577,25.8803661,11.01207302,5.046982706,6.235198687,2.955472375,13.26540012,24.51067463,25.99289664,13.73854258,4.182719664,0.00501206,0.006600597,0.2,0.3,1,1.00289843,1.5,1.8,1.4,1,1.000659055,275.8660018,246.903153,65.93669832,49.70928663,16.22741169,0.239017124,0.180193595,0.058823529,1248.803596,394,1
CITY OF CHICAGO:WARD 48 PRECINCT 34,CITY OF CHICAGO:WARD 48 PRECINCT 34,CITY OF CHICAGO:Ward 48 Precinct 34,TRUE, ,, , ,,, ,,0.641613194,0.192483961,0.08890926,0.065994503,0.012832265,1.60E-10,0.5774,0.5315,0.4685,0.6767,0.1772,0.0109,0.042,0.0814,0.092419523,0.043613709,0.125649019,0.389408083,0.092938739,0.099688476,0.132398751,0.010903429,0.012980271,3.21E-09,0.040682415,2.52E-09,0.023622048,0.015748032,0.013123362,0.032808399,0.014435696,4.13E-09,0.05511811,0.08136483,0.018372712,0.297900243,0.073490811,0.124671913,0.208661418,48034,0.162779445,0.401960784,204,0.182432432,296,0.780991736,484,37,117181,187.8206696,0.747736883,0.370648586,0.95682171,1.484982562,0.910955918,0.890047435,0.924310773,0.324333942,0.910955918,complete,CITY OF CHICAGO,Ward 48 Precinct 34,1,0,0,,0,0,0,570,380,253,156,117,78,0.0868,18.42191081,70,0.47078,26.83058863,102,0.43158,26.26941681,100,0.00792,11.03838487,42,0.0007,5.160153653,20,0.0021,6.352459705,24,0.00012,2.983499808,11,CITY OF CHICAGO:WARD 48 PRECINCT 34,CITY OF CHICAGO:WARD 48 PRECINCT 34,CITY OF CHICAGO:WARD 48 PRECINCT 34,1.2,28.85240016,13.40497721,13.40497721,13.40497721,13.40497721,2.061356893,13.40497721,2.061356893,15.58489048,22.66002565,22.75083176,10.40107222,4.490222,5.570703196,2.574345626,18.16625842,26.44456816,26.0308402,10.93074228,5.058733775,6.231268555,2.950911812,13.26567596,24.54643692,26.17507649,13.690075,4.20248526,0.003948523,0.004906629,0.2,0.3,1,1.025538087,1.5,1.8,1.4,1,1.00191008,306.4543816,284.0491061,51.53213351,35.10159815,16.43053536,0.168155969,0.114541022,0.053614947,1925.999912,380,1
CITY OF CHICAGO:WARD 48 PRECINCT 35,CITY OF CHICAGO:WARD 48 PRECINCT 35,CITY OF CHICAGO:Ward 48 Precinct 35,TRUE, ,, , ,,, ,,0.644500099,0.156435465,0.081521572,0.101358034,0.025378525,0.001747784,0.6622,0.5497,0.4503,0.4047,0.2159,0.0792,0.0358,0.2521,0.120447027,0.036046022,0.135050859,0.23414911,0.132023875,0.206259979,0.079083747,0.0249251,0.032014281,0.020920235,3.32E-09,6.67E-10,0.022311843,0.023152552,2.05E-09,1.56E-09,0.00750894,0.00625745,0.037152176,0.038300969,0.153521529,0.096149719,0.076228582,0.111914299,0.406581699,48035,0.480195117,0.111111111,126,0.03777336,503,0.615384615,780,43.3,158263,282.6225581,2.099982953,-1.414695431,0.449100906,0.958134112,0.35804243,0.523130635,0.343236485,0.703563083,0.35804243,complete,CITY OF CHICAGO,Ward 48 Precinct 35,1,0,0,,0,0,0,953,635,423,154,116,77,0.09538,18.59974243,118,0.48928,26.88346088,171,0.40344,25.71209439,163,0.0091,11.39229477,72,0.0008,5.058111893,32,0.0017,6.307252474,40,0.0003,2.984119896,19,CITY OF CHICAGO:WARD 48 PRECINCT 35,CITY OF CHICAGO:WARD 48 PRECINCT 35,CITY OF CHICAGO:WARD 48 PRECINCT 35,1.2,51.71417851,8.179278538,8.179278538,8.179278538,8.179278538,3.6947144,8.179278538,3.6947144,15.58455538,22.51129517,21.98687689,10.59975137,4.407361296,5.57128565,2.575911391,18.35730449,26.56825228,25.39923998,11.27010262,5.009558743,6.244119259,2.964745828,13.26534086,24.39770644,25.41112162,13.88875416,4.119624556,0.004530977,0.006472394,0.2,0.3,1,1.010435087,1.5,1.8,1.4,1,1.001655113,525.6416396,480.0665093,104.2720646,74.92240367,29.34966089,0.198371013,0.142535138,0.055835875,1830.164575,635,1
CITY OF CHICAGO:WARD 49 PRECINCT 02,CITY OF CHICAGO:WARD 49 PRECINCT 02,CITY OF CHICAGO:Ward 49 Precinct 02,TRUE, ,, , ,,, ,,0.509879982,0.123193231,0.2996313,0.063365632,0.028604525,0.001669104,0.4251,0.3625,0.6375,0.5174,0.2491,0.0105,0.0137,0.1966,0.059408297,0.048631021,0.13744029,0.176816427,0.122008391,0.213320607,0.076193514,0.108430638,0.057750774,0.030943097,0.022021916,0.046711282,0.024013021,0.105615043,0.00111581,0.030372574,0.0150005,0.046006395,0.074592499,0.102303117,0.173561536,0.098994301,0.069606854,0.080416286,0.078725728,49002,0.217901146,0.436619718,142,0.105413105,351,0.798192771,664,50.2,75188,300.4536344,0.982564934,0.583398079,0.686501196,1.539704476,0.918435798,0.948042171,0.866127603,0.613481345,0.918435798,complete,CITY OF CHICAGO,Ward 49 Precinct 02,1,0,0,,0,0,0,798,532,355,140,105,70,0.11006,18.93442766,101,0.53822,27.16256689,145,0.33398,24.40801373,130,0.01394,12.05049628,64,0.00092,4.977989278,26,0.00248,6.379836206,34,0.0004,3.039244615,16,CITY OF CHICAGO:WARD 49 PRECINCT 02,CITY OF CHICAGO:WARD 49 PRECINCT 02,CITY OF CHICAGO:WARD 49 PRECINCT 02,1.5,28.5909495,13.46473907,13.46473907,13.46473907,13.46473907,2.042677577,13.46473907,2.042677577,15.58491539,22.23683646,20.56953573,10.98805917,4.253661803,5.576516241,2.578290902,18.71698268,26.79603128,24.19043697,11.93360805,4.913754155,6.272367286,2.990142773,13.26570087,24.12324773,23.99378046,14.27706196,3.965925063,0.009761568,0.008851904,0.2,0.3,1,2.033115494,1.5,1.8,1.4,1,1.001493365,330.8441175,311.1074743,42.94726713,31.26148793,11.68577919,0.129811186,0.094490082,0.035321103,3166.772518,532,0.999999961
CITY OF CHICAGO:WARD 49 PRECINCT 03,CITY OF CHICAGO:WARD 49 PRECINCT 03,CITY OF CHICAGO:Ward 49 Precinct 03,TRUE, ,, , ,,, ,,0.476728993,0.162883737,0.310970206,0.063846038,0.01457074,0.002568709,0.4627,0.3632,0.6368,0.4345,0.3277,0.0641,0.0113,0.1624,0.048118292,0.038204195,0.125577197,0.14942784,0.076821527,0.203955857,0.159802489,0.112187626,0.085904968,0.004578753,0.07579737,0.020695851,0.13057108,0.018593307,0.039697234,0.016567254,0.051712957,0.048670288,0.10720374,0.086377072,0.119196454,0.06602583,0.052464302,0.068224619,0.093623882,49003,0.36246187,0.300411523,243,0.188405797,483,0.759116022,905,54.5,58686,395.255523,1.598418807,-0.252698739,0.977786877,1.415389021,0.872660799,0.934723991,0.881273376,0.900925308,0.872660799,complete,CITY OF CHICAGO,Ward 49 Precinct 03,1,0,0,,0,0,0,1139,759,506,149,112,75,0.11178,18.96160552,144,0.53476,27.19500721,206,0.33618,24.45780266,186,0.01366,12.01387775,91,0.00096,5.025623016,38,0.00232,6.393007401,49,0.00034,3.033886865,23,CITY OF CHICAGO:WARD 49 PRECINCT 03,CITY OF CHICAGO:WARD 49 PRECINCT 03,CITY OF CHICAGO:WARD 49 PRECINCT 03,1.331691232,30.21724061,13.09300476,13.09300476,13.09300476,13.09300476,2.158867785,13.09300476,2.158867785,15.58491084,22.23682833,20.56952909,10.98896041,4.253660947,5.576842902,2.57853324,18.71665001,26.79550938,24.19000134,11.93445403,4.913671257,6.272673005,2.99036417,13.26569632,24.1232396,23.99377382,14.2779632,3.965924207,0.010088229,0.009094243,0.2,0.3,1,1.495947163,1.5,1.8,1.4,1,1.001368314,475.3112545,448.8217734,58.97658047,44.48233602,14.49424445,0.124079916,0.093585699,0.030494217,2606.220653,759,0.999999992
CITY OF CHICAGO:WARD 49 PRECINCT 08,CITY OF CHICAGO:WARD 49 PRECINCT 08,CITY OF CHICAGO:Ward 49 Precinct 08,TRUE, ,, , ,,, ,,0.447309086,0.278283138,0.179956168,0.083872854,0.035819997,0.003645006,0.432,0.3485,0.6515,0.3457,0.3028,0.0661,0.0582,0.2092,0.122110578,0.085004715,0.188592523,0.18961683,0.187335545,0.112512545,0.072392928,0.031801367,0.010632969,0.047755731,0.063931415,0.052652497,0.03365627,0.035617255,0.036187417,0.05659668,0.030413861,0.052849712,0.071178315,0.125689549,0.125810375,0.089471941,0.039776967,0.05158533,0.086826685,49008,0.358688541,0.303797468,158,0.367601246,642,0.817658349,1042,40.5,62287,435.3754445,1.582343768,-0.231914543,1.606722595,1.601630615,1.142133492,1.139695609,1.235538889,1.095741887,1.142133492,complete,CITY OF CHICAGO,Ward 49 Precinct 08,1,0,0,,0,0,0,978,652,435,161,121,81,0.0894,18.42235591,120,0.48524,26.95941256,176,0.41346,25.94070576,169,0.0089,11.18353107,73,0.00062,5.151038054,34,0.0021,6.301523964,41,0.00028,2.957983514,19,CITY OF CHICAGO:WARD 49 PRECINCT 08,CITY OF CHICAGO:WARD 49 PRECINCT 08,CITY OF CHICAGO:WARD 49 PRECINCT 08,1.2,21.57089776,15.06936818,15.06936818,15.06936818,15.06936818,1.54113067,15.06936818,1.54113067,15.58472107,22.57742754,22.32643681,10.51905865,4.444191425,5.573638701,2.576968908,18.26932117,26.50885768,25.67760184,11.12572948,5.030839241,6.240821371,2.960152405,13.26550655,24.46383881,25.75068154,13.80806143,4.156454685,0.006884028,0.007529911,0.2,0.3,1,1.061157724,1.5,1.8,1.4,1,1.002127207,492.1447306,461.6965716,64.49685546,40.90484113,23.59201433,0.131052618,0.083115471,0.047937147,3632.161615,652,1
CITY OF CHICAGO:WARD 49 PRECINCT 09,CITY OF CHICAGO:WARD 49 PRECINCT 09,CITY OF CHICAGO:Ward 49 Precinct 09,TRUE, ,, , ,,, ,,0.360912359,0.321301878,0.232088829,0.075808071,0.037403019,0.002381731,0.2933,0.2226,0.7774,0.4352,0.3239,0.0195,0.0391,0.1347,0.158788475,0.112936485,0.147843562,0.205275308,0.174202592,0.092427781,0.080139389,0.027192622,0.001193786,0.050933719,0.040956051,0.02701408,0.031768385,0.057186734,0.063971475,0.045968894,0.060982928,0.047437412,0.115699879,0.097749296,0.133229022,0.085158805,0.049352935,0.034456902,0.058133484,49009,0.471287647,0.346341463,205,0.406504065,492,0.829834254,905,39,56377,404.7654303,2.062035578,0.029236402,1.743262739,1.640366007,1.336847898,1.368725182,1.411755409,0.970119003,1.336847898,complete,CITY OF CHICAGO,Ward 49 Precinct 09,1,0,0,,0,0,0,894,596,397,192,144,96,0.08842,18.40206382,110,0.47196,26.83430834,160,0.4286,26.16866338,156,0.00846,11.21321065,67,0.0006,5.085192178,30,0.00168,6.355288913,38,0.00028,3.013663798,18,CITY OF CHICAGO:WARD 49 PRECINCT 09,CITY OF CHICAGO:WARD 49 PRECINCT 09,CITY OF CHICAGO:WARD 49 PRECINCT 09,1.208209701,16.70030265,16.18267888,16.18267888,16.18267888,16.18267888,1.193151481,16.18267888,1.193151481,15.58479749,22.61283354,22.50832592,10.4757721,4.463919532,5.574911571,2.577586755,18.22250016,26.47722449,25.8258251,11.048764,5.042157349,6.239088044,2.957764055,13.26558297,24.49924481,25.93257065,13.76477489,4.176182792,0.008156898,0.008147757,0.2,0.3,1,1.178293066,1.5,1.8,1.4,1,1.004093175,621.0448544,579.1458045,80.9491157,49.08037446,31.86874124,0.130343429,0.079028711,0.051314717,4034.25927,596,1
CITY OF CHICAGO:WARD 49 PRECINCT 10,CITY OF CHICAGO:WARD 49 PRECINCT 10,CITY OF CHICAGO:Ward 49 Precinct 10,TRUE, ,, , ,,, ,,0.354837097,0.309683352,0.262230276,0.067017506,0.048998773,0.001745009,0.344,0.483,0.517,0.5695,0.0913,0.0157,0.0421,0.2695,0.127852535,0.118097896,0.148873194,0.165636331,0.144238893,0.120108071,0.105416022,0.069443875,0.000333183,0.033922193,0.012969253,0.01722617,0.029668657,0.054717713,0.117581476,0.02831692,0.068742337,0.035834339,0.084884093,0.094956354,0.168840138,0.059241752,0.0494675,0.045775855,0.09785525,49010,0.491310638,0.452054795,219,0.121661721,337,0.736334405,622,43.2,62549,277.2732353,2.147337009,0.678144351,0.743530184,1.342913516,1.087600583,1.227981265,0.990710366,0.844291141,1.087600583,complete,CITY OF CHICAGO,Ward 49 Precinct 10,1,0,0,,0,0,0,726,484,323,172,129,86,0.09744,18.54869322,90,0.49192,26.88977081,130,0.39856,25.62116787,124,0.00918,11.37758343,55,0.00078,5.064576795,25,0.00178,6.287635562,30,0.00034,3.047576018,15,CITY OF CHICAGO:WARD 49 PRECINCT 10,CITY OF CHICAGO:WARD 49 PRECINCT 10,CITY OF CHICAGO:WARD 49 PRECINCT 10,1.232637715,23.13884272,14.71097052,14.71097052,14.71097052,14.71097052,1.653152343,14.71097052,1.653152343,15.58488079,22.51422784,21.99946982,10.61128225,4.408736719,5.575555489,2.577744547,18.34968366,26.55911144,25.40302438,11.27853234,5.009032241,6.247874625,2.966064509,13.26566627,24.4006391,25.42371455,13.90028503,4.120999979,0.008800816,0.00830555,0.2,0.3,1,1.218287718,1.5,1.8,1.4,1,1.00821719,504.4294818,488.7926535,55.75593317,39.12139041,16.63454276,0.110532662,0.077555718,0.032976944,2316.066795,484,1
CITY OF CHICAGO:WARD 49 PRECINCT 11,CITY OF CHICAGO:WARD 49 PRECINCT 11,CITY OF CHICAGO:Ward 49 Precinct 11,TRUE, ,, , ,,, ,,0.313048503,0.262384607,0.325841673,0.089591897,0.030076546,0.002177413,0.2601,0.4533,0.5467,0.6307,0.1698,0.0146,0.0551,0.1169,0.135191698,0.126839496,0.142315389,0.140610535,0.169985654,0.136469792,0.089210716,0.037488399,0.021888322,0.045138839,0.018825562,0.053444345,0.031961057,0.022826888,0.040029833,0.074028608,0.046405178,0.032434569,0.073044332,0.101776848,0.147954694,0.067190675,0.114843909,0.055326218,0.074768443,49011,0.422433108,0.441048035,229,0.147632312,359,0.778097983,694,43.9,69117,321.5537412,1.85390673,0.610580744,0.834681116,1.475776622,1.091813742,1.193736303,1.020002704,0.799622046,1.091813742,complete,CITY OF CHICAGO,Ward 49 Precinct 11,1,0,0,,0,0,0,720,480,320,138,104,69,0.09706,18.59614839,89,0.49464,26.89829882,129,0.3967,25.57075155,123,0.00872,11.47403339,55,0.00074,5.076418948,24,0.00192,6.370009992,31,0.00022,3.028998169,15,CITY OF CHICAGO:WARD 49 PRECINCT 11,CITY OF CHICAGO:WARD 49 PRECINCT 11,CITY OF CHICAGO:WARD 49 PRECINCT 11,1.5,23.01442271,14.73941019,14.73941019,14.73941019,14.73941019,1.644263168,14.73941019,1.644263168,15.58466688,22.49738658,21.91432836,10.63835189,4.39949676,5.577831201,2.580064509,18.36905261,26.56966314,25.32934713,11.32118774,5.003021195,6.25140862,2.969642755,13.26545235,24.38379784,25.33857309,13.92735468,4.11176002,0.011076529,0.010625512,0.2,0.3,1,1.631871465,1.5,1.8,1.4,1,1.017510099,466.0240678,452.3043753,35.8200504,24.45079022,11.36926018,0.076863091,0.052466797,0.024396294,3337.576457,480,1
CITY OF CHICAGO:WARD 49 PRECINCT 12,CITY OF CHICAGO:WARD 49 PRECINCT 12,CITY OF CHICAGO:Ward 49 Precinct 12,TRUE, ,, , ,,, ,,0.247475877,0.265864487,0.388515848,0.097201073,0.027612441,0.002226784,0.184,0.2808,0.7192,0.7202,0.1287,0.0031,0.0619,0.0754,0.1503474,0.083378734,0.206049574,0.091142525,0.152716374,0.130025475,0.129062076,0.049822791,0.007455051,0.076060067,0.025876715,0.089867126,0.052858704,0.045034962,0.040154032,0.071889275,0.08222919,0.06014408,0.05577861,0.11600633,0.176788598,0.012375138,0.046796711,0.033407701,0.01473276,49012,0.63011176,0.345454545,220,0.296551724,290,0.810897436,624,44.6,46333,323.0396642,2.738653973,0.023792168,1.357354755,1.58012202,1.286850807,1.424980729,1.273325612,0.806309068,1.286850807,complete,CITY OF CHICAGO,Ward 49 Precinct 12,1,0,0,,0,0,0,650,433,289,112,84,56,0.09758,18.63303239,81,0.49596,26.88452397,116,0.39446,25.50667626,110,0.00918,11.48549518,50,0.00064,5.090051381,22,0.00192,6.367603069,28,0.00026,3.010840334,13,CITY OF CHICAGO:WARD 49 PRECINCT 12,CITY OF CHICAGO:WARD 49 PRECINCT 12,CITY OF CHICAGO:WARD 49 PRECINCT 12,1.8,17.84608022,15.92077938,15.92077938,15.92077938,15.92077938,1.275011447,15.92077938,1.275011447,15.58459477,22.48079867,21.82939365,10.66546618,4.39028346,5.579747201,2.581643337,18.38870484,26.58064845,25.25587818,11.36400266,4.997012766,6.25458967,2.972486633,13.26538025,24.36720994,25.25363838,13.95446897,4.10254672,0.012992528,0.01220434,0.2,0.3,1,2.401659801,1.5,1.8,1.4,1,1.020650278,622.1519721,603.2556245,45.44450848,29.80546556,15.63904291,0.073044064,0.04790705,0.025137014,4397.823751,433,1
CITY OF CHICAGO:WARD 49 PRECINCT 13,CITY OF CHICAGO:WARD 49 PRECINCT 13,CITY OF CHICAGO:Ward 49 Precinct 13,TRUE, ,, , ,,, ,,0.306333203,0.296968784,0.330231122,0.063250637,0.030350173,0.00553434,0.2559,0.2688,0.7312,0.5447,0.2695,0.0172,0.0455,0.1168,0.15013346,0.162728797,0.160057732,0.144449021,0.168972408,0.098381105,0.081266357,0.026888971,0.007122149,0.051556524,0.010135053,0.025147957,0.028139966,0.048973744,0.091304089,0.119666495,0.061903882,0.013418181,0.053448688,0.142741239,0.148766795,0.038101327,0.07830237,0.044636786,0.043756904,49013,0.474698468,0.278688525,244,0.234866828,413,0.799227799,777,41.2,59309,377.7216313,2.07656627,-0.386042621,1.140854645,1.542997226,1.000022718,1.09359388,1.009474871,0.927055238,1.000022718,complete,CITY OF CHICAGO,Ward 49 Precinct 13,1,0,0,,0,0,0,948,632,421,142,107,71,0.09194,18.53998206,117,0.48784,26.90673161,170,0.40858,25.82344915,163,0.0089,11.2367169,71,0.00082,5.137913998,32,0.0017,6.27323697,40,0.00022,3.04926822,19,CITY OF CHICAGO:WARD 49 PRECINCT 13,CITY OF CHICAGO:WARD 49 PRECINCT 13,CITY OF CHICAGO:WARD 49 PRECINCT 13,1.5,25.85043794,14.09115961,14.09115961,14.09115961,14.09115961,1.846881997,14.09115961,1.846881997,15.58491648,22.56131757,22.24189212,10.55339061,4.435028416,5.577366324,2.578876699,18.2867403,26.51655836,25.601905,11.17504934,5.02426001,6.245649494,2.963160696,13.26570196,24.44772884,25.66613685,13.8423934,4.147291676,0.010611651,0.009437702,0.2,0.3,1,1.802198744,1.5,1.8,1.4,1,1.007594169,928.7487984,893.6989461,92.32215432,59.65231452,32.6698398,0.099404871,0.064228686,0.035176185,5963.172894,632,1
CITY OF CHICAGO:WARD 49 PRECINCT 14,CITY OF CHICAGO:WARD 49 PRECINCT 14,CITY OF CHICAGO:Ward 49 Precinct 14,TRUE, ,, , ,,, ,,0.397826038,0.230883268,0.312549257,0.060397013,0.02581176,0.003683935,0.3742,0.2952,0.7048,0.5563,0.259,0.0087,0.0138,0.1569,0.086887719,0.075270329,0.196010453,0.137551171,0.142457764,0.163773075,0.095708628,0.061834356,0.040506505,0.052228539,0.075911381,0.01945812,0.048660862,0.068142515,0.021766429,0.035746655,0.0460893,0.052017671,0.053447131,0.10299111,0.202520393,0.072014409,0.037444328,0.04419114,0.067370016,49014,0.469932356,0.234042553,141,0.234848485,528,0.81256656,939,44.9,63864,426.1627217,2.056261803,-0.660096286,1.140790265,1.585432029,0.939049799,1.030596953,0.961088462,0.766006993,0.939049799,complete,CITY OF CHICAGO,Ward 49 Precinct 14,1,0,0,,0,0,0,1223,815,543,162,122,81,0.0981,18.59713608,152,0.49898,26.94788345,220,0.39002,25.52045426,208,0.00986,11.49027717,94,0.00084,5.064276579,41,0.00188,6.311704656,51,0.00032,3.049077489,25,CITY OF CHICAGO:WARD 49 PRECINCT 14,CITY OF CHICAGO:WARD 49 PRECINCT 14,CITY OF CHICAGO:WARD 49 PRECINCT 14,1.8,27.87920367,13.62742848,13.62742848,13.62742848,13.62742848,1.991826966,13.62742848,1.991826966,15.58494353,22.47436784,21.79354656,10.6691987,4.386406274,5.576810017,2.578397122,18.40060425,26.5909155,25.22911712,11.3751131,4.995211608,6.252386841,2.969974772,13.265729,24.36077911,25.21779129,13.95820149,4.098669534,0.010055345,0.008958125,0.2,0.3,1,2.129500586,1.5,1.8,1.4,1,1.003513767,569.7705552,539.8140963,71.58544859,51.66337858,19.92207001,0.12563908,0.090674006,0.034965075,3876.739126,815,1
CITY OF CHICAGO:WARD 49 PRECINCT 15,CITY OF CHICAGO:WARD 49 PRECINCT 15,CITY OF CHICAGO:Ward 49 Precinct 15,TRUE, ,, , ,,, ,,0.406823555,0.209923868,0.294443306,0.080142696,0.031233967,0.002786761,0.3318,0.4109,0.5891,0.5077,0.2912,0.0313,0.0284,0.1057,0.117448041,0.155182393,0.15774874,0.144853505,0.11585868,0.129565995,0.10540833,0.054985088,0.018949229,0.045592501,0.072116238,0.015127493,0.018988665,0.042786578,0.049525428,0.055712344,0.056740828,0.020199492,0.101667257,0.093338996,0.157919052,0.099334405,0.028296119,0.099189022,0.04346558,49015,0.198243001,0.223021583,139,0.323017408,517,0.820330969,846,43.5,63462,389.6090155,0.898817811,-0.72774712,1.450243353,1.610133062,0.863004331,0.807861776,0.991480646,0.859310601,0.863004331,complete,CITY OF CHICAGO,Ward 49 Precinct 15,1,0,0,,0,0,0,1032,688,459,189,142,95,0.09482,18.54055765,128,0.49468,26.9266708,185,0.39828,25.68067615,177,0.00918,11.45322162,79,0.0009,5.046167786,35,0.00184,6.309903873,43,0.0003,2.978335318,20,CITY OF CHICAGO:WARD 49 PRECINCT 15,CITY OF CHICAGO:WARD 49 PRECINCT 15,CITY OF CHICAGO:WARD 49 PRECINCT 15,1.306990804,30.56825208,13.01277128,13.01277128,13.01277128,13.01277128,2.183945765,13.01277128,2.183945765,15.58475642,22.50695174,21.96293295,10.62325117,4.40477059,5.576745667,2.5790012,18.35779135,26.5633264,25.37120338,11.29713792,5.006419173,6.249594306,2.967850665,13.26554189,24.39336301,25.38717768,13.91225396,4.11703385,0.009990994,0.009562202,0.2,0.3,1,1.404166572,1.5,1.8,1.4,1,1.002435033,557.6965642,520.4310402,71.30712235,49.5307216,21.77640075,0.127860071,0.08881303,0.039047041,3124.403268,688,1
CITY OF CHICAGO:WARD 50 PRECINCT 07,CITY OF CHICAGO:WARD 50 PRECINCT 07,CITY OF CHICAGO:Ward 50 Precinct 07,TRUE, ,, , ,,, ,,0.415819364,0.221593836,0.246030546,0.113576778,0.028187662,0.000377632,0.3308,0.3725,0.6275,0.7223,0.1082,0.0064,0.0492,0.1043,0.124451323,0.122271332,0.150895643,0.12877699,0.152303824,0.129601165,0.1366996,0.03717271,0.017827414,0.02682907,0.023542269,0.019323226,0.021751025,0.008074519,0.020354444,0.069009541,0.038714692,0.029662839,0.109265455,0.083941192,0.116606224,0.086602124,0.072994353,0.097703324,0.175625702,50007,0.067071469,0.445454545,220,0.018469657,379,0.697547684,734,45,85619,315.3128646,0.340004229,0.63762955,0.381349251,1.219520732,0.648760442,0.64462594,0.596105105,0.46975052,0.648760442,complete,CITY OF CHICAGO,Ward 50 Precinct 07,1,0,0,,0,0,0,761,507,338,133,100,67,0.11284,18.96742898,96,0.53194,27.15748619,138,0.33892,24.44349989,124,0.01324,12.07639314,61,0.00086,5.012553871,25,0.00196,6.375952143,32,0.00024,3.058910789,16,CITY OF CHICAGO:WARD 50 PRECINCT 07,CITY OF CHICAGO:WARD 50 PRECINCT 07,CITY OF CHICAGO:WARD 50 PRECINCT 07,1.322865613,38.99976398,11.08551348,11.08551348,11.08551348,11.08551348,2.786334303,11.08551348,2.786334303,15.5844396,22.23598642,20.56884206,10.98337994,4.253572357,5.576141971,2.579680921,18.71778962,26.79719357,24.19145575,11.92904471,4.914132141,6.272083811,2.991623588,13.26522508,24.12239769,23.99308678,14.27238273,3.965835617,0.009387298,0.010241924,0.2,0.3,1,1.460977582,1.5,1.8,1.4,1,1.028961243,668.3803969,657.6348806,31.99001661,21.98441044,10.00560616,0.047861991,0.032892063,0.014969928,3071.171124,507,1
CITY OF CHICAGO:WARD 50 PRECINCT 24,CITY OF CHICAGO:WARD 50 PRECINCT 24,CITY OF CHICAGO:Ward 50 Precinct 24, , ,, , ,,,TRUE,,0.614311404,0.075451945,0.023885931,0.267133925,0.003351244,0.000998702,0.3894,0.744,0.256,0.7474,0.0857,0.0164,0,0.0775,0.124698898,0.143815851,0.09402236,0.073280347,0.123042014,0.098350868,0.131398271,0.094530264,0.116861128,0.098764659,0.031193702,0.063770903,0.022540449,0.05057966,0.003767183,0.011946902,0.001403311,0.033577383,0.061538369,0.171762471,0.051935532,0.055232338,0.049734216,0.105767716,0.186485206,50024,0.067739019,0.185185185,81,-0.656716418,268,-0.115789474,475,55.6,70560,322.7424796,0.342848109,-0.960001075,-1.988401998,-1.367961127,-1.226504033,-0.993379023,-1.425508628,-0.206410627,-1.226504033,complete,CITY OF CHICAGO,Ward 50 Precinct 24,1,0,0,,0,0,0,501,334,223,130,98,65,0.38768,26.78564488,0,0.55262,28.94629385,0,0.05366,17.34673977,0,0.00404,9.157669805,0,0.00082,4.977169255,0,0.00084,6.594920948,0,0.00034,3.231974855,0,CITY OF CHICAGO:WARD 50 PRECINCT 24,CITY OF CHICAGO:WARD 50 PRECINCT 24,CITY OF CHICAGO:WARD 50 PRECINCT 24,1.8,90.13691038,0.570544486,0.570544486,0.570544486,0.570544486,6.439822701,0.570544486,0.570544486,18.95823778,20.47182258,12.80885063,7.467723399,3.762518644,5.573375065,2.582806768,26.43419106,28.52738072,17.2400647,9.09321032,4.908007749,6.442518056,3.167950586,16.63902325,22.35823385,16.23309536,10.75672619,3.474781904,0.006620392,0.013367771,0.2,0.3,1,1.015924493,1.5,1.8,1.4,1,1.328917027,308.416185,306.1789692,4.474431751,3.515624927,0.958806824,0.014507772,0.011398964,0.003108808,2083.396355,2,0.533199975
CITY OF CHICAGO:WARD 50 PRECINCT 25,CITY OF CHICAGO:WARD 50 PRECINCT 25,CITY OF CHICAGO:Ward 50 Precinct 25, , ,, , ,,,TRUE,,0.565565561,0.091091093,0.031031032,0.296296298,0.002002003,0.001001001,0.4335,0.8182,0.1818,0.7447,0.083,0.0186,0,0.0607,0.100393701,0.170603675,0.078083992,0.076115486,0.140419949,0.106955383,0.137139107,0.075459318,0.114829393,0.093607304,0.018264841,0.00913242,0.006849316,0.052511417,7.87E-10,3.36E-09,1.80E-09,0.0456621,0.066210044,0.232876708,0.038812786,0.052511418,0.045662102,0.116438354,0.221461183,50025,0.032432805,0.225225225,111,-0.333333333,48,0.62962963,135,54.4,73382,63.00313599,0.192437485,-0.714220342,-0.85340011,1.003451994,-0.197516503,-0.092932743,-0.349609976,-0.030339655,-0.197516503,complete,CITY OF CHICAGO,Ward 50 Precinct 25,1,0,0,,0,0,0,125,83,55,141,106,71,0.11808,20.98534387,17,0.78958,31.68917897,26,0.08386,19.52911781,16,0.00686,11.15292588,9,0.00034,3.887384739,3,0.00116,6.411934579,5,0.00012,3.09872365,3,CITY OF CHICAGO:WARD 50 PRECINCT 25,CITY OF CHICAGO:WARD 50 PRECINCT 25,CITY OF CHICAGO:WARD 50 PRECINCT 25,1.5,74.35254455,3.389224202,3.389224202,3.389224202,3.389224202,5.312110236,3.389224202,3.389224202,16.53030111,24.77229525,15.84009767,9.824468029,3.251422312,5.574224233,2.584353786,20.81651672,31.38096188,19.36608824,11.04804973,3.829264837,6.323155703,3.049286082,14.21108659,26.65870652,19.2643424,13.11347082,2.963685572,0.00746956,0.014914788,0.2,0.3,1,1.015701033,1.5,1.8,1.4,1,1.276480302,115.8176965,114.977568,1.6802569,1.320201803,0.360055097,0.014507773,0.011398964,0.003108809,770.4693795,83,0.999999979
CITY OF CHICAGO:WARD 49 PRECINCT 07,CITY OF CHICAGO:WARD 49 PRECINCT 07,CITY OF CHICAGO:Ward 49 Precinct 07, , ,TRUE, , ,,, ,,0.561867757,0.115617145,0.16204005,0.143278132,0.021694456,0.00128147,0.2882,0.1829,0.8171,0.3471,0.3294,0.0141,0.1118,0.1804,0.075463443,0.124167098,0.31500456,0.15869796,0.086862262,0.090750639,0.081905657,0.047094345,0.020054036,0.158018645,0.105325108,0.110685853,0.060497733,0.031917386,0.019537412,0.022684397,0.025170544,0.041887283,0.038898899,0.10088208,0.113790892,0.064470735,0.024165463,0.039420277,0.042647294,49007,0.342753485,0.449101796,167,0.176699029,515,0.755529686,859,34.1,38090,411.6006762,1.514457652,0.66001774,0.936698755,1.403979756,1.071012586,1.128788476,1.032594642,0.731235753,1.071012586,complete,CITY OF CHICAGO,Ward 49 Precinct 07,1,0,0,,0,0,0,1040,693,462,157,118,79,0.087,18.39336293,127,0.46838,26.82751117,186,0.43392,26.28510815,182,0.00806,11.0467787,77,0.00076,5.054853544,35,0.00166,6.344302236,44,0.00022,3.042453629,21,CITY OF CHICAGO:WARD 49 PRECINCT 07,CITY OF CHICAGO:WARD 49 PRECINCT 07,CITY OF CHICAGO:WARD 49 PRECINCT 07,1.2,23.63407536,14.59777125,14.59777125,14.59777125,14.59777125,1.688534191,14.59777125,1.688534191,15.58415815,22.65871729,22.74976408,10.40629267,4.490084328,5.574463713,2.579492747,18.16313108,26.43945336,26.02641957,10.93537636,5.058139178,6.234886894,2.955916755,13.26494363,24.54512855,26.17400881,13.69529545,4.202347588,0.007709041,0.01005375,0.2,0.3,1,1.053520167,1.5,1.8,1.4,1,1.000980571,572.5180584,547.0169955,57.14020335,38.38077641,18.75942694,0.099805067,0.067038543,0.032766524,4184.528418,693,1
CITY OF CHICAGO:WARD 48 PRECINCT 12,CITY OF CHICAGO:WARD 48 PRECINCT 12,CITY OF CHICAGO:Ward 48 Precinct 12, ,TRUE,, , ,,, ,,0.575612395,0.119368591,0.195688902,0.103898603,0.015703114,0.000112462,0.476,0.2334,0.7666,0.2531,0.4684,0.0316,0.0289,0.1815,0.024679862,0.01306792,0.246483365,0.20329445,0.142732349,0.097297233,0.088657801,0.072547988,0.111239032,0.066781272,0.150100974,0.058430486,0.022678924,0.017657338,0.034768977,0.033349782,0.058757873,0.01337279,0.030538765,0.116778428,0.09991261,0.116259692,0.039299066,0.104906679,0.036406342,48012,0.205970712,0.404255319,282,0.242718447,412,0.69121813,706,41.9,61742,317.3931568,0.931739206,0.3847333,1.168412062,1.199384425,0.944734534,0.921067248,0.994203496,0.89639415,0.944734534,complete,CITY OF CHICAGO,Ward 48 Precinct 12,1,0,0,,0,0,0,789,526,351,186,140,93,0.09228,18.50193471,97,0.48532,26.93495724,142,0.41072,25.85348783,136,0.00914,11.3136982,60,0.00066,5.078588055,27,0.0016,6.347746965,33,0.00028,3.02254067,16,CITY OF CHICAGO:WARD 48 PRECINCT 12,CITY OF CHICAGO:WARD 48 PRECINCT 12,CITY OF CHICAGO:WARD 48 PRECINCT 12,1.2,27.68520736,13.67177176,13.67177176,13.67177176,13.67177176,1.977966918,13.67177176,1.977966918,15.58453131,22.54417034,22.15650097,10.56449928,4.425756261,5.574523489,2.578240463,18.31124366,26.53534755,25.53594472,11.20251546,5.019738794,6.244407601,2.964125402,13.26531679,24.43058161,25.5807457,13.85350207,4.138019521,0.007768816,0.008801466,0.2,0.3,1,1.000677865,1.5,1.8,1.4,1,1.000202248,382.3810386,340.0137033,85.27202524,57.62904257,27.64298267,0.223002755,0.150711036,0.072291719,1825.204708,526,1
CITY OF CHICAGO:WARD 48 PRECINCT 13,CITY OF CHICAGO:WARD 48 PRECINCT 13,CITY OF CHICAGO:Ward 48 Precinct 13, , ,, ,TRUE,,, ,,0.520830179,0.075144659,0.087452839,0.141220137,0.011012579,3.56E-10,0.5818,0.6725,0.3275,0.3756,0.3325,0,0.0517,0.2403,5.88E-09,0.121124838,0.108239212,0.099219241,0.13143327,0.128856145,0.126279022,0.066360939,0.048965337,0.059785739,0.047828574,0.009783121,0.011957154,0.052176622,0.006522081,0.022827275,0.016305196,0.045654551,0.083700002,0.153268841,0.141311691,0.03369741,0.036958446,0.050002602,0.058698704,48013,0.300782925,0.273972603,292,-0.161676647,334,0.548387097,558,50.3,65745,251.1209901,1.335655754,-0.414990713,-0.250923755,0.74499389,0.195025843,0.353683794,0.074104333,0.492613897,0.195025843,complete,CITY OF CHICAGO,Ward 48 Precinct 13,1,0,0,,0,0,0,587,391,261,163,123,82,0.11594,20.97007798,15,0.78962,31.76210144,23,0.08552,19.51192463,14,0.00708,11.09638083,8,0.00036,3.925506239,3,0.0012,6.41045328,5,0.00028,3.081229267,2,CITY OF CHICAGO:WARD 48 PRECINCT 13,CITY OF CHICAGO:WARD 48 PRECINCT 13,CITY OF CHICAGO:WARD 48 PRECINCT 13,1.2,58.83321004,6.552024829,6.552024829,6.552024829,6.552024829,4.203332907,6.552024829,4.203332907,16.5317706,24.77492059,15.84224007,9.830209468,3.251698563,5.572339508,2.577951892,20.81701971,31.38198703,19.36732032,11.05414178,3.828875347,6.321182895,3.042796105,14.21255608,26.66133186,19.2664848,13.11921225,2.963961823,0.005584836,0.008512894,0.2,0.3,1,1.008536959,1.5,1.8,1.4,1,1.000310848,56.27918184,52.28990167,8.637550588,7.936187162,0.701363426,0.153476833,0.141014615,0.012462218,195.9762063,88,0.830479832
CITY OF CHICAGO:WARD 48 PRECINCT 14,CITY OF CHICAGO:WARD 48 PRECINCT 14,CITY OF CHICAGO:Ward 48 Precinct 14, ,TRUE,, , ,,, ,,0.490780659,0.124218627,0.225803497,0.149944743,0.01444612,0.001712089,0.5414,0.4,0.6,0.3411,0.4322,0,0.034,0.1875,0.026451525,0.032357343,0.306400792,0.132147116,0.125131085,0.155771853,0.102704852,0.060694191,0.058341243,0.038401391,0.060638605,0.0332674,0.011706666,0.06250443,0.042372385,0.040890644,0.029459751,0.019460595,0.050665758,0.073003393,0.223177006,0.098772521,0.075305265,0.055053062,0.085321129,48014,-0.009164544,0.176470588,119,0.181538462,325,0.758064516,620,42.1,79215,286.1887734,0.015225531,-1.013494529,0.953684076,1.412043849,0.435710586,0.341864732,0.558074455,0.862810186,0.435710586,complete,CITY OF CHICAGO,Ward 48 Precinct 14,1,0,0,,0,0,0,503,335,223,185,139,93,0.09226,18.53562309,62,0.48826,26.87658134,90,0.40814,25.7944097,86,0.0085,11.34054725,38,0.00088,5.096043545,17,0.00164,6.328680486,21,0.00032,3.051948167,10,CITY OF CHICAGO:WARD 48 PRECINCT 14,CITY OF CHICAGO:WARD 48 PRECINCT 14,CITY OF CHICAGO:WARD 48 PRECINCT 14,1.2,48.25963824,8.968910307,8.968910307,8.968910307,8.968910307,3.44790511,8.968910307,3.44790511,15.58409498,22.53868821,22.13162781,10.57287046,4.423045736,5.576389054,2.581047088,18.31584662,26.53684215,25.5137214,11.21512906,5.017918884,6.246603112,2.967261973,13.26488046,24.42509948,25.55587254,13.86187325,4.135308996,0.009634381,0.01160809,0.2,0.3,1,1.000963755,1.5,1.8,1.4,1,1.000201177,136.3020692,121.5078481,29.45392985,20.21636013,9.23756972,0.21609305,0.148320273,0.067772777,1299.8374,335,1
CITY OF CHICAGO:WARD 48 PRECINCT 32,CITY OF CHICAGO:WARD 48 PRECINCT 32,CITY OF CHICAGO:Ward 48 Precinct 32, , ,, ,TRUE,,, ,,0.46815271,0.158667631,0.219818585,0.144360212,0.026939241,0.002452948,0.3527,0.3023,0.6977,0.3844,0.3474,0.0082,0.0818,0.1631,0.020120971,0.083106963,0.217405646,0.182325797,0.137616235,0.142923154,0.090674569,0.121329972,0.004496693,0.181603602,0.057084434,0.031721626,0.027026715,0.041784488,0.010976609,0.056708188,0.008025055,0.149043018,0.136741369,0.108312491,0.070893415,0.01534435,0.027192633,0.040786614,0.036755393,48032,0.326169155,0.223404255,188,0.217054264,258,0.822975518,531,42.6,47854,229.1293295,1.443805517,-0.725398136,1.078336552,1.618546206,0.817275638,0.853822535,0.862178442,0.814643985,0.817275638,complete,CITY OF CHICAGO,Ward 48 Precinct 32,1,0,0,,0,0,0,467,311,207,156,117,78,0.09726,18.57650644,58,0.48664,26.85747535,84,0.40368,25.74912488,80,0.00928,11.39994407,35,0.00084,5.089082026,16,0.00182,6.33338843,20,0.00048,2.988471319,9,CITY OF CHICAGO:WARD 48 PRECINCT 32,CITY OF CHICAGO:WARD 48 PRECINCT 32,CITY OF CHICAGO:WARD 48 PRECINCT 32,1.2,32.26700938,12.6244728,12.6244728,12.6244728,12.6244728,2.305313313,12.6244728,2.305313313,15.5841479,22.52702626,22.0711124,10.58827471,4.416484438,5.5760978,2.580661619,18.33137856,26.54716049,25.46367985,11.24190102,5.014032877,6.247302879,2.967867525,13.26493337,24.41343753,25.49535713,13.87727749,4.128747698,0.009343127,0.011222622,0.2,0.3,1,1.010294807,1.5,1.8,1.4,1,1.000470578,282.4138608,262.6932181,43.47159419,40.30308829,3.168505896,0.153928685,0.142709314,0.011219371,2167.709131,311,1
CITY OF CHICAGO:WARD 50 PRECINCT 09,CITY OF CHICAGO:WARD 50 PRECINCT 09,CITY OF CHICAGO:Ward 50 Precinct 09, ,TRUE,, , ,,, ,,0.74966352,0.036339168,0.025572006,0.165545088,2.46E-10,4.28E-11,0.4456,0.8191,0.1809,0.7769,0.1172,0,0.0099,0.096,0.027874564,0.034843207,0.063879209,0.075493612,0.170731706,0.109175375,0.205574911,0.164924506,0.147502904,0.019267823,0.069364161,0.071290943,0.036608863,0.030828516,0.017341041,0.057803467,0.05202312,0.019267823,0.040462428,0.219653176,0.177263968,0.069364162,0.053949904,0.036608864,0.028901735,50009,0.228199998,0.262295082,122,-0.341176471,85,0.424657534,146,62,65855,69.83838187,1.026439838,-0.486671702,-0.880927761,0.351371151,-0.188183878,0.002552882,-0.364880007,-0.550770734,-0.188183878,complete,CITY OF CHICAGO,Ward 50 Precinct 09,1,0,0,,0,0,0,179,119,79,53,40,27,0.12606,22.2434238,26,0.8161,32.82950663,39,0.05336,18.67298565,22,0.0032,9.657067534,11,0.0003,3.709340689,4,0.00076,6.413748071,8,0.00022,3.138139337,4,CITY OF CHICAGO:WARD 50 PRECINCT 09,CITY OF CHICAGO:WARD 50 PRECINCT 09,CITY OF CHICAGO:WARD 50 PRECINCT 09,1.8,74.03917547,3.445183819,3.445183819,3.445183819,3.445183819,5.289721613,3.445183819,3.445183819,17.21611612,25.28238921,14.94174109,8.472761356,3.045733817,5.571157476,2.577931244,22.08066995,32.57956135,18.54886478,9.585455252,3.6167869,6.339605182,3.062379777,14.89690159,27.16880048,18.36598582,11.76176414,2.757997077,0.004402803,0.008492246,0.2,0.3,1,1.310388272,1.5,1.8,1.4,1,1.515921344,39.81163902,39.60913832,0.60750212,0.32400113,0.28350099,0.01525941,0.008138352,0.007121058,298.0216897,119,1
CITY OF CHICAGO:WARD 50 PRECINCT 11,CITY OF CHICAGO:WARD 50 PRECINCT 11,CITY OF CHICAGO:Ward 50 Precinct 11, ,TRUE,, , ,,, ,,0.750659992,0.100818733,0.044239761,0.0750849,0.015743841,9.99E-11,0.2576,0.6333,0.3667,0.7426,0.1347,0,0.0507,0.048,0.219544978,0.239110714,0.077978201,0.186029604,0.084629532,0.026217072,0.059085469,0.085276504,0.022127925,0.189219621,2.58E-09,1.41E-09,7.58E-10,0.033774709,0.041506251,1.61E-09,0.020753126,3.74E-10,0.064231387,0.056812839,0.111653667,0.090744045,0.071806433,0.213603778,0.105894138,50011,0.266070237,0.160493827,81,-0.628070175,285,-0.218683652,471,38.2,95981,251.7153594,1.187773655,-1.11156586,-1.887860128,-1.695299939,-1.184301447,-0.876738068,-1.386525859,-0.341150357,-1.184301447,complete,CITY OF CHICAGO,Ward 50 Precinct 11,1,0,0,,0,0,0,491,327,218,102,77,51,0.3511,25.80633423,84,0.54446,28.3975492,93,0.09892,19.61332655,64,0.0033,8.329194224,27,0.00082,5.175524864,17,0.00086,6.439863013,21,0.00054,3.179205389,10,CITY OF CHICAGO:WARD 50 PRECINCT 11,CITY OF CHICAGO:WARD 50 PRECINCT 11,CITY OF CHICAGO:WARD 50 PRECINCT 11,1.5,89.90896324,0.611249953,0.611249953,0.611249953,0.611249953,6.42353704,0.611249953,0.611249953,18.90137967,20.82655935,14.92457082,7.054657369,4.001305053,5.569661145,2.57392156,25.50163573,28.03029413,19.42073328,8.266619196,5.083114818,6.395332401,3.115593642,16.58216515,22.71297062,18.34881555,10.34366016,3.713568314,0.002906473,0.004482562,0.2,0.3,1,1.264134628,1.5,1.8,1.4,1,1.224702533,375.5135691,373.6035306,5.730115678,3.056061785,2.674053893,0.01525941,0.008138352,0.007121058,1937.000042,327,1
CITY OF CHICAGO:WARD 50 PRECINCT 12,CITY OF CHICAGO:WARD 50 PRECINCT 12,CITY OF CHICAGO:Ward 50 Precinct 12, ,TRUE,, , ,,, ,,0.606921778,0.105759298,0.041899782,0.067161473,0.016349581,0,0.4456,0.8191,0.1809,0.7769,0.1172,0,0.0099,0.096,0.185279077,0.186616596,0.067325868,0.144349872,0.079019697,0.026286398,0.058093034,0.071074129,0.02097692,0.135671018,0.009577816,0.003380408,0.002253605,0.020508377,0.028009907,0.00619741,0.019638962,0.002253604,0.044703172,0.060043692,0.10162384,0.08324037,0.064728211,0.169958397,0.087232801,50012,0.194143995,0.566666667,60,-0.25,80,0.264516129,155,40.4,96470,84.40042746,0.881355331,1.381674865,-0.560918856,-0.158089134,0.241778133,0.386005552,0.052393251,-0.215899826,0.241778133,complete,CITY OF CHICAGO,Ward 50 Precinct 12,1,0,0,,0,0,0,287,191,127,96,72,48,0.09068,18.50850419,35,0.48142,26.91700862,51,0.4172,26.02706443,50,0.00786,11.21574296,21,0.0006,5.090055945,10,0.00202,6.332743158,12,0.00022,2.994578838,6,CITY OF CHICAGO:WARD 50 PRECINCT 12,CITY OF CHICAGO:WARD 50 PRECINCT 12,CITY OF CHICAGO:WARD 50 PRECINCT 12,1.8,56.82620531,7.010781878,7.010781878,7.010781878,7.010781878,4.059942652,7.010781878,4.059942652,15.58487943,22.58006175,22.3387862,10.50500484,4.445535444,5.569419318,2.573493531,18.27035731,26.51338692,25.69334811,11.11019167,5.032652717,6.236655712,2.956730752,13.2656649,24.46647302,25.76303092,13.79400762,4.157798704,0.002664645,0.004054533,0.2,0.3,1,1.368806277,1.5,1.8,1.4,1,1.373408651,102.1761487,101.6564328,1.559147749,0.831545466,0.727602283,0.01525941,0.008138352,0.007121058,764.8703161,191,1
CITY OF CHICAGO:WARD 50 PRECINCT 14,CITY OF CHICAGO:WARD 50 PRECINCT 14,CITY OF CHICAGO:Ward 50 Precinct 14, ,TRUE,, , ,,, ,,0.721407627,0.032258068,0.038123167,0.214076237,0.005865103,0.002932551,0.4222,0.5719,0.4281,0.9237,0.0176,0.0191,0.0294,0.0103,0.291111102,0.057777784,0.057777777,0.264444436,0.022222226,0.091111108,0.066666671,0.057777782,0.091111113,0.087499996,0.081249997,0.074999997,0.018750001,0.01875,0.05,0.012500002,0.018750001,9.35E-10,0.0375,0.074999999,0.062500004,0.112500003,0.099999998,0.249999991,1.20E-08,50014,0.562963891,0.565217391,46,-0.384615385,52,0.193277311,119,38.9,85000,60.32847456,2.452592352,1.372778667,-1.033388578,-0.384722268,0.25321695,0.601815043,-0.073823774,-0.371435095,0.25321695,complete,CITY OF CHICAGO,Ward 50 Precinct 14,1,0,0,,0,0,0,104,69,46,46,35,23,0.09016,18.46311215,13,0.47364,26.7992451,18,0.42498,26.05938808,18,0.00862,11.20152314,8,0.00062,5.093075532,4,0.00182,6.345743415,4,0.00016,3.016069971,2,CITY OF CHICAGO:WARD 50 PRECINCT 14,CITY OF CHICAGO:WARD 50 PRECINCT 14,CITY OF CHICAGO:WARD 50 PRECINCT 14,1.8,56.3298316,7.124241967,7.124241967,7.124241967,7.124241967,4.024479281,7.124241967,4.024479281,15.58348727,22.61284405,22.51853425,10.45601853,4.464987472,5.57258904,2.580518508,18.22285152,26.48039012,25.84064631,11.02743379,5.044286058,6.236892548,2.960822843,13.26427275,24.49925532,25.94277898,13.74502132,4.177250732,0.005834367,0.01107951,0.2,0.3,1,1.163247065,1.5,1.8,1.4,1,1.483391361,70.55941729,70.20051893,1.076695071,0.57423737,0.502457701,0.01525941,0.008138352,0.007121058,327.8220572,69,1
CITY OF CHICAGO:WARD 50 PRECINCT 16,CITY OF CHICAGO:WARD 50 PRECINCT 16,CITY OF CHICAGO:Ward 50 Precinct 16, ,TRUE,, , ,,, ,,0.795454515,0.012987032,0.03571429,0.14285714,0.003246752,1.73E-10,0.4456,0.8191,0.1809,0.7769,0.1172,0,0.0099,0.096,0.027932999,0.036312875,0.064245813,0.075418997,0.170391051,0.106145237,0.20670389,0.164804451,0.148044675,0.018604653,0.069767438,0.069767429,0.037209298,0.032558135,0.018604652,0.055813946,0.051162786,0.018604651,0.041860458,0.218604624,0.176744177,0.069767454,0.055813964,0.037209329,0.027906994,50016,0.133812196,0.438596491,57,-0.413793103,58,0.125,112,62.1,65904,53.19604407,0.624331355,0.59553225,-1.135795805,-0.601933915,-0.305479244,-0.129466528,-0.5067451,-0.591059295,-0.305479244,complete,CITY OF CHICAGO,Ward 50 Precinct 16,1,0,0,,0,0,0,128,85,57,45,34,23,0.12408,22.2668848,19,0.8184,32.82522746,28,0.05326,18.62495372,16,0.0032,9.62970204,8,0.00018,3.680781779,3,0.00058,6.424820786,5,0.0003,3.106497016,3,CITY OF CHICAGO:WARD 50 PRECINCT 16,CITY OF CHICAGO:WARD 50 PRECINCT 16,CITY OF CHICAGO:WARD 50 PRECINCT 16,1.8,77.64776844,2.800782395,2.800782395,2.800782395,2.800782395,5.547537183,2.800782395,2.800782395,17.22611076,25.29002874,14.92919506,8.454433234,3.042832499,5.570934335,2.577031114,22.09895902,32.59687329,18.53709918,9.565373114,3.613629877,6.339645548,3.061743153,14.90689624,27.17644001,18.35343979,11.74343602,2.755095759,0.004179662,0.007592116,0.2,0.3,1,1.43232667,1.5,1.8,1.4,1,1.519159543,42.56921883,42.35269177,0.649581165,0.346443285,0.303137879,0.01525941,0.008138352,0.007121058,318.6643507,85,1
CITY OF CHICAGO:WARD 50 PRECINCT 18,CITY OF CHICAGO:WARD 50 PRECINCT 18,CITY OF CHICAGO:Ward 50 Precinct 18, ,TRUE,, , ,,, ,,0.907692257,0.01538463,0.025641029,3.74E-08,2.32E-09,2.43E-10,0.4279,0.6584,0.3416,0.8876,0.042,0.0144,0.0246,0.0313,0.292096193,0.054982835,0.058419246,0.261168364,0.024054998,0.089347074,0.065292105,0.061855678,0.092783501,0.085714291,0.085714276,0.076190468,0.019047618,0.019047621,0.047619045,0.019047619,0.019047621,1.26E-09,0.03809524,0.076190483,0.066666678,0.104761902,0.09523809,0.247619029,1.29E-08,50018,0.228200041,0.391304348,23,-0.5,36,0.24137931,58,40.5,80357,38.63399848,1.026440021,0.305235398,-1.438362622,-0.231694648,-0.331075727,-0.084595463,-0.601829159,-0.58840546,-0.331075727,complete,CITY OF CHICAGO,Ward 50 Precinct 18,1,0,0,,0,0,0,122,81,54,25,19,13,0.10424,20.48621944,17,0.76442,31.33942316,25,0.12442,21.17235276,17,0.00488,10.30497318,8,0.00046,3.96162835,3,0.00128,6.31456265,5,0.0003,3.077058104,2,CITY OF CHICAGO:WARD 50 PRECINCT 18,CITY OF CHICAGO:WARD 50 PRECINCT 18,CITY OF CHICAGO:WARD 50 PRECINCT 18,1.8,78.34469366,2.676329567,2.676329567,2.676329567,2.676329567,5.597328937,2.676329567,2.676329567,16.53310879,25.11824961,17.60137543,9.367118536,3.442516284,5.567469146,2.569934522,20.3044657,30.98567027,21.01439351,10.24113699,3.978082749,6.285553884,3.004020087,14.21389427,27.00466087,21.02562016,12.65612132,3.154779544,0.000714473,0.000495525,0.2,0.3,1,1.195214148,1.5,1.8,1.4,1,1.359256999,77.14981646,76.75739624,1.177260678,0.627872362,0.549388317,0.01525941,0.008138352,0.007121058,394.9019089,81,1
CITY OF CHICAGO:WARD 50 PRECINCT 27,CITY OF CHICAGO:WARD 50 PRECINCT 27,CITY OF CHICAGO:Ward 50 Precinct 27, ,TRUE,, , ,,, ,,0.706552709,0.074074065,0.025641028,0.188034195,1.16E-09,6.15E-10,0.4456,0.8191,0.1809,0.7769,0.1172,0,0.0099,0.096,0.025229408,0.034403677,0.061926605,0.077981685,0.17201832,0.110091738,0.208715567,0.165137596,0.144495405,0.019157101,0.068965519,0.072796934,0.038314173,0.030651339,0.015325678,0.057471254,0.049808423,0.019157085,0.042145593,0.222222192,0.180076605,0.068965525,0.053639856,0.034482801,0.02681992,50027,0.40697096,0.181818182,44,-0.191489362,47,0.252747253,91,61.9,65819,60.62565916,1.788035285,-0.980668998,-0.355559678,-0.195529638,-0.150290253,0.064069243,-0.234216038,-0.477286647,-0.150290253,complete,CITY OF CHICAGO,Ward 50 Precinct 27,1,0,0,,0,0,0,102,68,45,47,36,24,0.12696,22.265411,15,0.81458,32.86392464,22,0.05428,18.66323597,13,0.00298,9.69275386,7,0.00032,3.658563524,2,0.00072,6.369417051,4,0.00016,3.07866096,2,CITY OF CHICAGO:WARD 50 PRECINCT 27,CITY OF CHICAGO:WARD 50 PRECINCT 27,CITY OF CHICAGO:WARD 50 PRECINCT 27,1.8,72.71766903,3.68117071,3.68117071,3.68117071,3.68117071,5.195306715,3.68117071,3.68117071,17.20612335,25.27475305,14.95428988,8.491906136,3.04863549,5.571660715,2.579019104,22.06204044,32.56170929,18.56031637,9.606360945,3.619886978,6.339824978,3.063184193,14.88690883,27.16116432,18.3785346,11.78090892,2.76089875,0.004906043,0.009580107,0.2,0.3,1,1.229592428,1.5,1.8,1.4,1,1.512172583,39.45230639,39.25163342,0.602018915,0.321076754,0.280942161,0.01525941,0.008138352,0.007121058,295.3317808,68,1
COOK:8200007,COOK:8200007,COOK:Niles Precinct 7,,,TRUE,,,,,TRUE,,0.522771413,0.083520746,0.067549829,0.324468598,0.013012827,2.69E-06,0.3107,0.6366,0.3634,0.7237,0.0522,0.0774,0.0107,0.1159,0.093529137,0.195945804,0.111155215,0.089269126,0.143808553,0.092408578,0.163102072,0.085070079,0.025711436,0.055323576,0.010740555,0.00660951,0.028894338,0.029731102,0.011598854,0.013217197,0.018179746,5.90E-06,0.17666721,0.179125397,0.101648265,0.081861003,0.114804139,0.100863484,0.070729726,,-0.113144484,0.357512953,193,-0.151162791,172,0.456628478,611,48.5,72480,334.0354946,-0.427747131,0.097811184,-0.214022485,0.453080801,-0.001346943,-0.022719408,-0.039607559,0.038896412,-0.001346943,complete,COOK,Niles Precinct 7,0,0,1,Niles,1,0,0,575,383,255,285,214,143,0.17478,24.60003633,94,0.7885,33.36860922,128,0.03472,17.62275257,67,0.00108,7.396099402,28,0.00024,4.066700183,16,0.00052,6.43306135,25,0.00016,3.10182602,12,COOK:8200007,COOK:8200007,COOK:NILES PRECINCT 7,1,66.72182819,4.751872893,4.751872893,4.751872893,4.751872893,4.766934455,4.751872893,4.751872893,19.03782585,24.77181831,12.97060906,5.455104473,3.251372126,5.575869812,2.580760084,24.39582799,33.11181254,17.5476241,7.239821402,4.01951772,6.388914173,3.109805272,16.71861133,26.65822958,16.39485379,8.74410726,2.963635386,0.009115139,0.011321086,1,0.3,0.2,1.098683647,1.000023076,1.000036922,1.000018461,1.399981539,1.6,740.6038422,734.442896,9.398783005,6.748332926,2.650450079,0.012690702,0.009111933,0.003578769,3160.47,383,1
COOK:8200002,COOK:8200002,COOK:Niles Precinct 2,,,,,,,,TRUE,,0.608826056,0.088646262,0.031417533,0.264079974,0.009848961,7.65E-07,0.2553,0.7197,0.2803,0.8584,0.0484,0.0118,0.0307,0.0425,0.072189062,0.101695263,0.107757572,0.105483997,0.051111139,0.256726506,0.10733046,0.082473716,0.115232285,0.034442017,0.013772391,0.077085841,0.067466568,0.022033654,0.026193571,0.033047867,0.067449635,0.044056113,0.027573702,0.123943625,0.136357091,0.046872152,0.077120177,0.144617925,0.057967668,,0.072142555,0.286956522,115,-0.503759398,133,0.276315789,456,54.9,70514,251.1209901,0.361607939,-0.335290565,-1.451557263,-0.120550696,-0.567764166,-0.386447646,-0.78078609,-0.513106063,-0.567764166,complete,COOK,Niles Precinct 2,0,0,1,Niles,1,0,0,342,228,152,225,169,113,0.51916,30.44809337,37,0.4589,29.75706359,37,0.02064,15.55428843,19,0.0005,6.024661882,7,0.00036,5.08937754,6,0.00032,6.579395685,8,0.00012,3.266321044,4,COOK:8200002,COOK:8200002,COOK:NILES PRECINCT 2,1,83.49235642,1.757090063,1.757090063,1.757090063,1.757090063,5.965103197,1.757090063,1.757090063,21.82553717,20.42834167,10.45685686,3.959840159,3.780174491,5.573516851,2.578349514,30.12514727,29.45329106,15.52162506,5.934095574,5.085638451,6.486346144,3.207179634,19.50632264,22.31475294,13.88110159,7.248842945,3.492437751,0.006762179,0.008910517,1,0.3,0.2,1.000043383,1.031673159,1.050677054,1.025338527,1.374661473,1.6,913.8157554,912.8121204,4.421621085,1.475471437,2.946149648,0.004838635,0.001614627,0.003224008,2536.73,132,0.933878355
COOK:8200026,COOK:8200026,COOK:Niles Precinct 26,,,,,,,,TRUE,,0.597709288,0.102954059,0.02211904,0.281385559,0.004889029,0.002980923,0.372,0.9297,0.0703,0.7539,0.0552,0,0.042,0.1457,0.130455901,0.13694335,0.092147644,0.104934843,0.136734535,0.129639609,0.140480777,0.091129724,0.037533617,0.052358805,0.013799329,0.011876476,0.04741959,0.006178124,3.23E-05,0.019020119,0.008272376,0.007548515,0.021988493,0.031939657,0.113219177,0.112184012,0.060291759,0.211730766,0.282140529,,0.106855302,0.229813665,161,-0.15625,128,0.20950324,463,51.3,147459,278.7591583,0.50949029,-0.686054782,-0.231877444,-0.333102473,-0.259522876,-0.185386102,-0.268821144,-0.345551152,-0.259522876,complete,COOK,Niles Precinct 26,0,0,1,Niles,1,0,0,365,243,162,231,174,116,0.17726,24.60856012,27,0.78582,33.4365107,37,0.03506,17.68480548,20,0.00106,7.282731421,8,0.00026,4.069966526,5,0.00042,6.432334069,7,0.00012,3.127519233,3,COOK:8200026,COOK:8200026,COOK:NILES PRECINCT 26,1,76.31740855,3.038350284,3.038350284,3.038350284,3.038350284,5.452489751,3.038350284,3.038350284,19.03830615,24.77254768,12.97111561,5.452916197,3.251448873,5.573643522,2.578787111,24.39758861,33.1145969,17.54939888,7.237431737,4.019654242,6.386754207,3.107898623,16.71909163,26.65895895,16.39536034,8.741918983,2.963712133,0.00688885,0.009348114,1,0.3,0.2,1.000893101,1.001512364,1.002419782,1.001209891,1.398790109,1.6,610.2076325,608.167818,8.751722889,3.732128455,5.019594434,0.014342205,0.006116162,0.008226043,2550.47,121,0.915779827
COOK:8200053,COOK:8200053,COOK:Niles Precinct 53,,,,,,,,TRUE,,0.52383997,0.061480265,0.035265486,0.375667828,0.008549417,0.000537505,0.4863,0.6561,0.3439,0.7176,0.0238,0,0.0442,0.1966,0.084820234,0.101543511,0.037219728,0.243948507,0.096964695,0.161699885,0.07612575,0.110341228,0.087336461,0.043382411,5.51E-06,0.011752621,0.019013764,0.043394641,0.050654686,0.028926444,0.013605392,0.01355541,0.129244021,0.10756507,0.125677116,0.031693076,0.031704751,0.104009301,0.245815789,,-0.201578159,0.287356322,261,-0.290322581,248,0.380239521,668,51,82738,314.7184953,-0.804489996,-0.332836443,-0.702442046,0.210063451,-0.397221463,-0.407426258,-0.456224621,0.012548274,-0.397221463,complete,COOK,Niles Precinct 53,0,0,1,Niles,1,0,0,545,363,242,272,204,136,0.17282,24.62283066,89,0.79106,33.41704065,121,0.03446,17.64773189,64,0.00078,7.327573187,27,0.00026,4.046119094,15,0.00042,6.435609669,23,0.0002,3.162756298,11,COOK:8200053,COOK:8200053,COOK:NILES PRECINCT 53,1,80.00830218,2.37925209,2.37925209,2.37925209,2.37925209,5.716185284,2.37925209,2.37925209,19.03725508,24.77095154,12.97000708,5.453114057,3.25128092,5.576111537,2.58199322,24.39594252,33.11206846,17.54767907,7.237585342,4.019747125,6.389209078,3.111091589,16.71804055,26.65736281,16.39425181,8.742116843,2.96354418,0.009356864,0.012554223,1,0.3,0.2,1.000205559,1.012293777,1.019670043,1.009835022,1.390164978,1.6,737.5214156,732.4074396,12.27383455,6.136836134,6.136998415,0.016642004,0.008320892,0.008321112,3048.19,363,1
COOK:8200059,COOK:8200059,COOK:Niles Precinct 59,,,,,,,,TRUE,,0.575022542,0.075403271,0.025132739,0.318299371,0.010605298,0.000558563,0.3969,0.9592,0.0408,0.767,0.0748,0,0.007,0.1506,0.151011427,0.144104641,0.072623965,0.155617938,0.114916695,0.14987753,0.119160775,0.023902049,0.06878498,0.002427017,0.032346654,0.025163443,0.013197327,8.97E-06,0.002416579,0.0167927,0.023973863,0.025171173,0.018005244,0.04316517,0.151040115,0.099534933,0.107904284,0.197784846,0.241067687,,0.031958344,0.404255319,235,-0.051020408,196,0.285294118,680,48.6,135833,336.4129714,0.190416199,0.3847333,0.137454754,-0.091987802,0.149857968,0.155154113,0.146318096,-0.36517713,0.149857968,complete,COOK,Niles Precinct 59,0,0,1,Niles,1,0,0,534,356,237,282,212,141,0.1724,24.57390298,87,0.79092,33.45507571,119,0.0348,17.62237892,63,0.00098,7.322013022,26,0.00016,4.088945891,15,0.0006,6.405478248,23,0.00014,3.150823142,11,COOK:8200059,COOK:8200059,COOK:NILES PRECINCT 59,1,60.73266932,6.117850301,6.117850301,6.117850301,6.117850301,4.339039589,6.117850301,4.339039589,19.03789463,24.77192275,12.97068159,5.452880135,3.251383116,5.574550363,2.580014895,24.3969987,33.11369511,17.54877905,7.237366351,4.019700296,6.387659166,3.109124525,16.71868011,26.65833402,16.39492632,8.741882921,2.963646376,0.00779569,0.010575898,1,0.3,0.2,1.007284279,1.000220373,1.000352597,1.000176299,1.399823701,1.6,458.4577968,455.7560789,4.502985773,2.251257648,2.251728125,0.009822029,0.004910501,0.004911528,1937.19,356,1
COOK:8300027,COOK:8300027,COOK:Northfield Precinct 27,,,,,,,,TRUE,,0.437793071,0.089391292,0.065904886,0.395352981,0.013961799,0.001194928,0.2952,0.27,0.73,0.7813,0.101,0,0.0098,0.0993,0.159125692,0.077494058,0.114553367,0.082758559,0.135310736,0.111662098,0.116523921,0.081204053,0.121367516,0.040131663,0.071967418,0.03112693,0.047449501,0.069469157,0.070987714,0.027853365,0.000151877,0.067740594,0.069285791,0.062623925,0.176786838,0.067013183,0.056500485,0.103531315,0.037380242,,-0.02592563,0.180952381,105,-0.178294574,129,0.24742268,388,53.3,60919,231.2096217,-0.056179616,-0.985983608,-0.30924894,-0.212468783,-0.416277169,-0.390970237,-0.39993291,-0.204775457,-0.416277169,complete,COOK,Northfield Precinct 27,0,0,0,Northfield,1,0,0,357,238,159,200,150,100,0.17378,24.56709825,58,0.79072,33.4363018,80,0.03348,17.64048281,42,0.00104,7.273431986,17,0.00026,3.988811828,9,0.00058,6.377113707,15,0.00014,3.15676198,8,COOK:8300027,COOK:8300027,COOK:NORTHFIELD PRECINCT 27,1,80.4526771,2.299898216,2.299898216,2.299898216,2.299898216,5.747933606,2.299898216,2.299898216,19.03703562,24.77061829,12.96977563,5.454639738,3.251245853,5.577404098,2.583022005,24.39488532,33.11038797,17.5466203,7.239258578,4.019639852,6.390456215,3.112074949,16.7178211,26.65702955,16.39402036,8.743642525,2.963509113,0.010649425,0.013583007,1,0.3,0.2,1.000000002,1.000000028,1.000000045,1.000000023,1.399999977,1.000005417,399.3976497,398.8912727,4.500695499,2.983373997,1.517321503,0.011268708,0.007469683,0.003799025,2931.14,238,0.999685576
COOK:8300033,COOK:8300033,COOK:Northfield Precinct 33,,,,,,,,TRUE,,0.481759525,0.073461187,0.029387786,0.410908563,0.002564887,1.50E-07,0.4861,0.7301,0.2699,0.8704,0.0058,0,0.0008,0.1161,0.051069087,0.095748967,0.054061192,0.183091192,0.108188449,0.174823201,0.141560858,0.099876042,0.091581011,0.027993994,0.020490763,0.038748187,0.059183125,0.023690731,0.033382859,0.171094367,0.100072757,0.015101947,0.052977367,0.058118552,0.085121179,0.076548852,0.062548764,0.072244476,0.10268208,,0.177601482,0.25,48,-0.344262295,61,0.216117216,273,53.7,51933,158.3993938,0.810881344,-0.562143511,-0.891758309,-0.312061331,-0.409034417,-0.238770452,-0.539631989,-0.201438124,-0.409034417,complete,COOK,Northfield Precinct 33,0,0,0,Northfield,1,0,0,206,137,91,136,102,68,0.17516,24.61274414,9,0.78746,33.38371876,12,0.03564,17.64130035,7,0.00078,7.221390275,3,0.00022,4.123664087,2,0.00052,6.420538585,2,0.00022,3.154761009,1,COOK:8300033,COOK:8300033,COOK:NORTHFIELD PRECINCT 33,1,80.28554724,2.329743288,2.329743288,2.329743288,2.329743288,5.73599303,2.329743288,2.329743288,19.03686221,24.77035494,12.96959274,5.452613754,3.251218143,5.576733328,2.583052563,24.39560329,33.1115693,17.54730695,7.237007808,4.019830842,6.389842469,3.11216253,16.71764768,26.65676621,16.39383747,8.741616541,2.963481403,0.009978655,0.013613565,1,0.3,0.2,1.000000034,1.000003875,1.000006199,1.0000031,1.3999969,1.000228011,426.4016665,425.9263992,1.725375387,0.439633453,1.285741934,0.004046362,0.001031031,0.00301533,1082.19,43,0.865413964
COOK:8300043,COOK:8300043,COOK:Northfield Precinct 43,,,,,,,,TRUE,,0.657690264,0.011790302,0.010915841,0.310326666,0.004199327,9.62E-07,0.4503,0.8579,0.1421,0.7455,0.11,0.0001,0.0002,0.1209,0.113029634,0.070981225,0.047935287,0.122266951,0.109551205,0.155897933,0.072198007,0.147076887,0.161062873,0.015981025,0.014443229,0.013031587,0.015918284,0.014449827,0.01446445,0.004384193,0.001564894,6.32E-05,0.053565045,0.099806572,0.143108311,0.086722563,0.094017922,0.088368798,0.340110064,,-0.427180367,0.5,168,-0.102564103,156,0.193162393,585,57,130982,232.6955447,-1.765594711,0.972449942,-0.043452022,-0.385087858,-0.133206893,-0.305421162,-0.080813065,-0.471224087,-0.133206893,complete,COOK,Northfield Precinct 43,0,0,0,Northfield,1,0,0,444,296,197,197,148,99,0.17692,24.91195083,0,0.7929,33.63697285,0,0.02844,17.29736012,0,0.0009,6.982202395,0,0.00016,4.035253656,0,0.00054,6.40498422,0,0.00014,3.207777459,0,COOK:8300043,COOK:8300043,COOK:NORTHFIELD PRECINCT 43,1,72.0956372,3.792249514,3.792249514,3.792249514,3.792249514,5.150865712,3.792249514,3.792249514,19.26809309,24.91716642,12.75189073,5.194582296,3.192562629,5.573976493,2.579574937,24.75957267,33.39187426,17.29976435,6.911962156,3.948458175,6.390046158,3.111645429,16.94887857,26.80357769,16.17613546,8.483585082,2.904825889,0.007221821,0.01013594,1,0.3,0.2,1.000000076,1.000000023,1.000000037,1.000000019,1.399999981,1.000046327,233.1007269,232.8893167,0.842641354,0.164729332,0.677912022,0.003614924,0.000706687,0.002908236,991.46,0,0.057568774
COOK:8300049,COOK:8300049,COOK:Northfield Precinct 49,,,,,,,,TRUE,,0.52831508,0.048237719,0.03534653,0.388902766,0.00401713,0,0.4813,0.7423,0.2577,0.6716,0.1161,0,0.0002,0.2014,0.116666557,0.172585758,0.06451288,0.088709529,0.182261918,0.122041466,0.147849705,0.074728442,0.030643746,0.014679165,0.016311465,0.013046866,0.011419179,0.011416873,0,0.078306559,0.013049172,0,0.06525047,0.047311318,0.115826386,0.009782267,0.086456527,0.057093585,0.46005017,,-0.269352965,,,-0.203703704,108,,,50.2,165014,198.8164999,-1.093222478,,-0.398429271,,,,,-0.16662278,-0.16662278,demographic_only,COOK,Northfield Precinct 49,0,0,0,Northfield,1,0,0,299,199,133,170,128,85,0.17264,24.59764233,49,0.79234,33.49012725,67,0.03332,17.59318238,35,0.00098,7.275975382,14,0.00016,4.152656575,8,0.00048,6.433088904,13,8.00E-05,3.202521261,6,COOK:8300049,COOK:8300049,COOK:NORTHFIELD PRECINCT 49,1,73.29700725,3.577715879,3.577715879,3.577715879,3.577715879,5.236697477,3.577715879,3.577715879,19.03710753,24.77072748,12.96985147,5.453047941,3.251257343,5.576408822,2.582420548,24.39575658,33.11178644,17.54748191,7.237503092,4.019768173,6.389507218,3.111519771,16.71789301,26.65713875,16.3940962,8.742050728,2.963520604,0.009654149,0.012981551,1,0.3,0.2,1.000000021,1.000000336,1.000000537,1.000000269,1.399999731,1.000079597,304.3368166,304.1108798,0.677810282,0,0.677810282,0.002227171,0,0.002227171,1597.98,199,1
COOK:8300051,COOK:8300051,COOK:Northfield Precinct 51,,,,,,,,TRUE,,0.669932263,0.045271922,0.01841806,0.25326262,0.007179084,0.001560917,0.4967,0.5251,0.4749,0.6186,0.1288,0,0,0.2526,0.078802891,0.145784984,0.033276447,0.047230771,0.109341923,0.210536425,0.088267441,0.145019132,0.141739986,0.074022154,0.036007526,0.017024795,0.048495766,0.032506801,0.102003296,0.048493306,0,0.015538605,0.013518004,0.026041551,0.040616581,0.114056491,0.053556611,0.065665444,0.312453074,,-0.395697855,0.510703364,327,-0.259475219,343,-0.045630317,1293,57.8,110024,585.7508539,-1.631473724,1.038151192,-0.594174744,-1.144762735,-0.479335105,-0.583065003,-0.481557053,-0.283909151,-0.479335105,complete,COOK,Northfield Precinct 51,0,0,0,Northfield,1,0,0,993,662,441,487,366,244,0.52814,30.97002336,205,0.45574,30.08935161,199,0.01482,15.17894347,100,0.00046,5.596044601,37,0.0003,5.009595358,33,0.00034,6.568217799,43,0.0002,3.23496038,21,COOK:8300051,COOK:8300051,COOK:NORTHFIELD PRECINCT 51,1,81.81980374,2.055764738,2.055764738,2.055764738,2.055764738,5.845607834,2.055764738,2.055764738,22.14781118,20.63167698,10.15054561,3.598588748,3.697825196,5.572913493,2.577833618,30.68917806,29.85949691,15.1401308,5.440678564,4.981895422,6.490511239,3.211432191,19.82859666,22.51808824,13.57479034,6.887591534,3.410088456,0.006158821,0.008394621,1,0.3,0.2,1.000002221,1.000001079,1.000001727,1.000000863,1.399999137,1.003164534,755.6133524,755.0740467,4.849174393,1.077980119,3.771194273,0.006417534,0.001426629,0.004990905,2880.99,662,1
COOK:8300053,COOK:8300053,COOK:Northfield Precinct 53,,,,,,,,TRUE,,0.677387491,0.016466326,0.010968177,0.288771029,0.000919245,0.000913098,0.5002,0.666,0.334,0.6394,0.1218,0,0,0.2302,0.135009569,0.124270733,0.031329374,0.06980691,0.15913233,0.118119582,0.165367521,0.125266341,0.071697642,0.026571614,0.012080275,0.024145265,0.004848554,0.012079515,0.009665958,1.21E-05,1.71E-05,0.007240861,0.02419845,0.048359145,0.111152126,0.058004027,0.077310963,0.161747618,0.422566502,,-0.482417313,0.54973822,191,-0.283236994,173,0.143369176,558,57.4,176063,229.4265141,-2.000913725,1.27776173,-0.677573229,-0.543495776,-0.353721201,-0.48605525,-0.392024796,-0.401592789,-0.353721201,complete,COOK,Northfield Precinct 53,0,0,0,Northfield,1,0,0,414,276,184,183,138,92,0.17884,25.02049396,69,0.7901,33.69052621,93,0.02968,17.29114895,48,0.00066,6.854964179,19,0.00022,4.011630733,11,0.00038,6.463042164,18,0.00012,3.165428072,9,COOK:8300053,COOK:8300053,COOK:NORTHFIELD PRECINCT 53,1,78.93604899,2.570728793,2.570728793,2.570728793,2.570728793,5.63957826,2.570728793,2.570728793,19.31435532,24.94655308,12.70836725,5.143183039,3.18083409,5.573497444,2.578881327,24.83247847,33.44795551,17.25005374,6.847014567,3.934126498,6.390154848,3.111539558,16.99514079,26.83296435,16.13261198,8.432185826,2.89309735,0.006742771,0.009442329,1,0.3,0.2,1.000000826,1.000000071,1.000000114,1.000000057,1.399999943,1.0002895,460.7456873,460.3405834,2.505402954,0.468048104,2.03735485,0.005437713,0.001015849,0.004421864,1749.24,276,0.999265012
COOK:8000011,COOK:8000011,COOK:Maine Precinct 11,,,TRUE,,,,,,,0.645315084,0.0901276,0.020678019,0.249284021,0.013033045,0.005422739,0.3173,0.8016,0.1984,0.868,0.0219,0,0.0047,0.1055,0.142596436,0.135062772,0.054932877,0.168190618,0.151973851,0.146762134,0.058653129,0.061569932,0.080258252,0.00544645,0,0.045474623,0.010738485,0.021422669,0.045492175,0.051040081,1.90E-05,0.00537135,0.019000292,0.125750458,0.085835011,0.056386589,0.219442,0.174156314,0.134424466,,-0.13320307,,,-0.31147541,61,,,47.4,128193,138.4880253,-0.513200203,,-0.776683717,,,,,-0.593924937,-0.593924937,demographic_only,COOK,Maine Precinct 11,0,0,0,Maine,1,0,0,143,95,63,115,87,58,0.51732,30.45870608,29,0.46152,29.68771353,28,0.01964,15.60332181,15,0.00058,6.021938645,6,0.00036,5.11282708,5,0.0004,6.584955962,6,0.00018,3.271394694,3,COOK:8000011,COOK:8000011,COOK:MAINE PRECINCT 11,1,83.93753017,1.677593539,1.677593539,1.677593539,1.677593539,5.996908592,1.677593539,1.677593539,21.82570211,20.42859216,10.45703083,3.959347405,3.780200849,5.572887777,2.577734588,30.12570981,29.45403092,15.5221078,5.933497488,5.085662352,6.48573359,3.206581228,19.50648759,22.31500343,13.88127556,7.248350191,3.492464109,0.006133104,0.008295591,1,0.3,0.2,1.000006993,1.005890117,1.009424187,1.004712094,1.395287906,1.099180115,249.7576847,249.1498739,1.215746918,0.314017697,0.901729221,0.004867706,0.001257289,0.003610416,1097.21,95,1
COOK:8000015,COOK:8000015,COOK:Maine Precinct 15,,,TRUE,,,,,,,0.572795276,0.05059736,0.013320026,0.356417369,0.009205733,0.000583678,0.3396,0.9628,0.0372,0.9028,0.0209,0,0,0.0763,0.136565942,0.074503675,0.082930509,0.212736796,0.072344186,0.187481585,0.095901582,0.092759752,0.044775973,0.018911743,0.007940693,0.003163441,0.037959742,0.025217274,0.023778669,0.056708377,0.006300991,0.020560691,0.082061086,0.017428651,0.080502006,0.146641844,0.099366111,0.173371561,0.20008712,,-0.195598215,0.327433628,113,-0.359223301,103,0.167883212,411,50.9,120367,231.2096217,-0.779014392,-0.086826957,-0.944268074,-0.465508901,-0.585429949,-0.568904581,-0.660502648,-0.618108171,-0.585429949,complete,COOK,Maine Precinct 15,0,0,0,Maine,1,0,0,282,188,125,100,75,50,0.51706,30.45231439,57,0.46278,29.76096169,56,0.0188,15.59205222,29,0.0006,6.012027296,11,0.00032,5.108252123,10,0.00022,6.603354641,12,0.00022,3.170983383,6,COOK:8000015,COOK:8000015,COOK:MAINE PRECINCT 15,1,83.79531025,1.702990342,1.702990342,1.702990342,1.702990342,5.986747703,1.702990342,1.702990342,21.82450778,20.42677846,10.4557712,3.958385764,3.780010002,5.575070917,2.581090446,30.12449343,29.45198462,15.52064533,5.932291099,5.086001218,6.48794357,3.209963926,19.50529325,22.31318973,13.88001593,7.24738855,3.492273262,0.008316244,0.011651449,1,0.3,0.2,1.0000154,1.002643951,1.004230321,1.002115161,1.397884839,1.177057709,448.8390684,448.0496865,1.579223218,0.529170315,1.050052904,0.003518462,0.001178976,0.002339486,1856.38,188,1
COOK:8000032,COOK:8000032,COOK:Maine Precinct 32,,,TRUE,,,,,,,0.697155997,0.052780152,0.011796642,0.231780954,0.011342899,0.001300863,0.2826,0.8071,0.1929,0.8851,0.0315,0,0,0.0835,0.158710269,0.092180344,0.063698918,0.11371237,0.106239011,0.207338263,0.075258901,0.061856206,0.121005718,0.004266744,0.003686909,0.004285046,0.004298294,0.045570459,0.01561679,0.009959278,0.018959925,0.007946121,0.062423305,0.022183758,0.199727286,0.249387501,0.115329192,0.16895506,0.06740433,,0.023782904,0.184615385,130,-0.46969697,132,0.180722892,498,53.5,110132,276.9760507,0.1555874,-0.96349872,-1.332005803,-0.424661832,-0.789904059,-0.641144739,-0.928076272,-0.792820859,-0.789904059,complete,COOK,Maine Precinct 32,0,0,0,Maine,1,0,0,312,208,139,104,78,52,0.52106,30.45201603,63,0.45764,29.70988565,62,0.02004,15.62512345,33,0.00056,5.997507148,12,0.00026,5.173336656,11,0.00034,6.527215456,14,0.0001,3.203042878,7,COOK:8000032,COOK:8000032,COOK:MAINE PRECINCT 32,1,86.66894086,1.189834196,1.189834196,1.189834196,1.189834196,6.19205396,1.189834196,1.189834196,21.82589724,20.42888847,10.45723662,3.958967935,3.780232028,5.572250132,2.577056408,30.12624697,29.45475745,15.52258757,5.93303865,5.085667631,6.48510891,3.205916013,19.50668272,22.31529974,13.88148135,7.247970721,3.492495288,0.005495459,0.007617411,1,0.3,0.2,1.00001618,1.008797441,1.014075906,1.007037953,1.392962047,1.274381893,506.7854229,506.3877911,1.777822056,0.646895772,1.130926284,0.003508037,0.001276469,0.002231568,2110.24,208,1
COOK:8000040,COOK:8000040,COOK:Maine Precinct 40,,,TRUE,,,,,,,0.525263665,0.037732184,0.014798216,0.414095745,0.002961034,1.95E-06,0.3754,0.9604,0.0396,0.9378,0.0113,0,0,0.0508,0.115453682,0.107800812,0.080026729,0.08496515,0.105100715,0.183646279,0.154552831,0.118912394,0.049541407,0.01282788,0.017000853,5.15E-05,0.025396518,0.014875223,0.099526872,0.052883604,3.46E-05,0.042321083,0.048710551,0.046644959,0.070125187,0.154488214,0.12917545,0.086928239,0.19900926,,0.025942733,0.56097561,82,-0.108433735,83,0.220630372,349,55.3,111263,223.7800066,0.164788648,1.34674103,-0.06405311,-0.297703559,0.264559076,0.287443252,0.194259804,-0.602770535,0.264559076,complete,COOK,Maine Precinct 40,0,0,0,Maine,1,0,0,260,173,115,182,137,91,0.19652,22.58179374,39,0.61064,29.10494744,50,0.18804,22.42734828,39,0.00252,7.931335834,14,0.00076,5.273555364,9,0.0012,6.436004755,11,0.00032,3.155806065,5,COOK:8000040,COOK:8000040,COOK:MAINE PRECINCT 40,1,55.83586014,7.237152956,7.237152956,7.237152956,7.237152956,3.989187539,7.237152956,3.989187539,17.95652788,22.25266513,16.95903755,6.173377592,4.244211813,5.576397845,2.582967252,22.34344828,28.76663655,22.19721493,7.860469458,5.218929908,6.352026914,3.074597148,15.63731335,24.1390764,20.38328227,9.462380379,3.956475073,0.009643173,0.013528255,1,0.3,0.2,1.000008372,1.001133036,1.001812857,1.000906429,1.399093571,1.079165544,425.3317478,424.5812083,1.503486969,0.503201277,1.000285692,0.003534857,0.00118308,0.002351778,1483.31,173,1
COOK:8000051,COOK:8000051,COOK:Maine Precinct 51,,,TRUE,,,,,,,0.503659235,0.132234321,0.039916079,0.32521659,0.007284125,0.001039386,0.2446,0.6885,0.3115,0.8758,0.0067,0.0747,0.0034,0.0394,0.120425887,0.184237103,0.162345726,0.09476249,0.112425525,0.145224773,0.0948433,0.047430743,0.038304451,0.050227929,5.91E-05,0.057368648,0.01791113,0.029869569,0.039422736,0.031061928,0.021508128,0.008442907,0.120549554,0.150466023,0.202980248,0.013243666,0.074007245,0.074176701,0.108704535,,0.169009174,0.365384615,104,-0.487179487,78,0.318435754,358,45.8,72320,229.4265141,0.774276614,0.146130388,-1.393365505,0.013446188,-0.331642291,-0.114878079,-0.587339776,-0.218722514,-0.331642291,complete,COOK,Maine Precinct 51,0,0,0,Maine,1,0,0,251,167,111,204,153,102,0.1721,24.551293,41,0.79108,33.43196784,56,0.03518,17.63550702,29,0.0008,7.329287574,12,0.0002,4.116681727,7,0.00054,6.445034394,11,0.0001,3.143303407,5,COOK:8000051,COOK:8000051,COOK:MAINE PRECINCT 51,1,78.35977412,2.673636588,2.673636588,2.673636588,2.673636588,5.598406358,2.673636588,2.673636588,19.03781751,24.77180565,12.97060026,5.453630001,3.251370793,5.575116487,2.580428154,24.39652445,33.1129386,17.54830623,7.238190679,4.019644377,6.388203183,3.109515677,16.71860299,26.65821692,16.39484499,8.742632788,2.963634053,0.008361815,0.010989157,1,0.3,0.2,1.000001556,1.003390737,1.005425179,1.002712589,1.397287411,1.018891627,410.6616062,409.7763729,3.503096994,2.051487608,1.451609386,0.008530374,0.004995567,0.003534807,1964.76,167,0.999535575
COOK:8000073,COOK:8000073,COOK:Maine Precinct 73,,,TRUE,,,,,,,0.600475761,0.09521001,0.036093184,0.270423317,0.008584608,0.000368801,0.3466,0.5969,0.4031,0.8971,0.0133,0,0,0.0747,0.033137417,0.000559279,0.056875078,0.147806433,0.073889842,0.122691303,0.254351335,0.074570948,0.236118365,0.192655823,0.067966594,0.059369296,3.52E-05,0.079962927,0.092911325,1.44E-05,3.84E-05,0.014715753,0.032010014,0.048284162,0.167087472,0.043983695,0.041427596,0.12992397,0.029613472,,0.188448365,0.03125,64,-0.536231884,69,0.234285714,350,62.9,47394,219.9166068,0.857090955,-1.904912783,-1.565528385,-0.254261612,-0.95916489,-0.716902956,-1.128889976,-0.537345032,-0.95916489,complete,COOK,Maine Precinct 73,0,0,0,Maine,1,0,0,234,156,104,101,76,51,0.53892,31.89545382,50,0.45026,30.79888464,48,0.01014,14.43286149,23,0.00014,4.569129777,7,0.00024,4.803757837,7,0.00014,6.544434435,10,0.00016,3.30326864,5,COOK:8000073,COOK:8000073,COOK:MAINE PRECINCT 73,1,88.34885706,0.889844589,0.889844589,0.889844589,0.889844589,6.312075407,0.889844589,0.889844589,22.73439931,21.00141363,9.59218811,2.94259947,3.547766168,5.573788539,2.578614066,31.72407303,30.60379365,14.43728856,4.536128398,4.791044363,6.500084415,3.220910769,20.41518479,22.88782489,13.01643284,6.231602256,3.260029428,0.007033866,0.009175069,1,0.3,0.2,1.000002244,1.000967731,1.001548369,1.000774184,1.399225816,1.020790841,335.2888305,334.5872669,3.041115326,1.871842711,1.169272614,0.009070136,0.005582777,0.003487359,1564.3,156,1
COOK:8200003,COOK:8200003,COOK:Niles Precinct 3,,,TRUE,,,,,,,0.746669319,0.055582461,0.023987405,0.170244544,0.002344416,9.55E-07,0.4786,0.8028,0.1972,0.6637,0.1121,0.0033,0.007,0.2029,0.138486524,0.124235228,0.060593977,0.119636149,0.118651651,0.139008885,0.151221368,0.093174343,0.054991877,0.030504887,0.005549851,0.004159899,0.012503696,0.011096422,0.019408745,0.006937799,0.019415388,0.005544009,0.031927675,0.04717425,0.127536897,0.101241811,0.104009715,0.141504486,0.331484469,,-0.249460148,0.230046948,213,-0.326315789,190,-0.041871921,812,53.7,143508,353.6496784,-1.008475612,-0.684622803,-0.828770109,-1.132806093,-0.895698104,-0.913668654,-0.878718395,-0.367298885,-0.895698104,complete,COOK,Niles Precinct 3,0,0,1,Niles,1,0,0,564,376,251,286,215,143,0.51938,30.44106878,114,0.4598,29.72610834,112,0.01936,15.60734562,59,0.0007,6.047649351,23,0.00024,5.138860359,19,0.00044,6.545927983,25,8.00E-05,3.265952293,12,COOK:8200003,COOK:8200003,COOK:NILES PRECINCT 3,1,87.77962632,0.991494484,0.991494484,0.991494484,0.991494484,6.271406773,0.991494484,0.991494484,21.82658326,20.42993024,10.45796014,3.959944107,3.780341649,5.57121808,2.575231444,30.12667835,29.45562302,15.52323736,5.934249662,5.085425128,6.48404774,3.204061931,19.50736874,22.31634151,13.88220487,7.248946894,3.492604909,0.004463407,0.005792447,1,0.3,0.2,1.001854798,1.000140512,1.00022482,1.00011241,1.39988759,1.6,702.8715688,700.622016,4.126783068,1.034174428,3.092608641,0.005871319,0.001471356,0.004399963,2148,376,1
COOK:8200030,COOK:8200030,COOK:Niles Precinct 30,,,TRUE,,,,,,,0.523998077,0.088933959,0.008866179,0.380600037,0.007214009,0.001602022,0.4571,0.9038,0.0962,0.6242,0.0287,0,0.0146,0.3204,0.040120798,0.121566973,0.077048172,0.1208914,0.211533582,0.139366692,0.109367586,0.075492382,0.104612416,0.027414384,1.29E-05,0.00551169,0.010924054,0.01461203,3.61E-05,0.036402717,0.010939844,0.072808307,0.031017317,0.041860899,0.369294698,0.113015656,0.000190244,0.07468547,0.191273699,,-0.014897334,0.388059701,134,-0.184210526,76,0.242774566,346,48.9,91820,189.9009618,-0.009197154,0.285318542,-0.330012601,-0.227255899,-0.102368323,-0.070286778,-0.154313487,-0.022965041,-0.102368323,complete,COOK,Niles Precinct 30,0,0,1,Niles,1,0,0,224,149,99,173,130,87,0.1741,24.63255001,37,0.7896,33.43065325,50,0.03452,17.61626407,26,0.00092,7.325382561,11,0.00016,4.088847237,6,0.0005,6.409612882,10,0.0002,3.123298954,5,COOK:8200030,COOK:8200030,COOK:NILES PRECINCT 30,1,70.93049933,4.000313021,4.000313021,4.000313021,4.000313021,5.067622551,4.000313021,4.000313021,19.03720009,24.77086804,12.96994909,5.451683008,3.251272134,5.575485882,2.581811964,24.3965493,33.11305546,17.54826857,7.235999608,4.019874978,6.388624182,3.11095109,16.71798557,26.65727931,16.39419382,8.740685794,2.963535394,0.008731209,0.012372967,1,0.3,0.2,1.056752425,1.024061822,1.038498916,1.019249458,1.380750542,1.6,223.8393014,223.5844407,1.531241102,1.019858276,0.511382826,0.006840805,0.004556207,0.002284598,1147.13,149,1
COOK:8200032,COOK:8200032,COOK:Niles Precinct 32,,,TRUE,,,,,,,0.624334717,0.064145954,0.100066897,0.212999071,0.006277793,3.86E-06,0.3888,0.6903,0.3097,0.7305,0.1227,0.008,0.0447,0.0722,0.100282488,0.065442942,0.06830964,0.10322935,0.101712352,0.17002664,0.188929719,0.135139461,0.06692741,0.061762603,0.173413617,0.01764878,0.032431933,1.90E-05,0.144053153,0.017627112,0,0.029406507,0.017705658,0.141103565,0.085324102,0.111726851,0.047117582,0.094162034,0.026497545,,-0.007884172,0.11627907,86,-0.162790698,86,0.422222222,225,57.3,60631,119.1710261,0.020680138,-1.382972567,-0.254833823,0.343623656,-0.345927045,-0.318375649,-0.33321868,-0.110310572,-0.345927045,complete,COOK,Niles Precinct 32,0,0,1,Niles,1,0,0,209,139,93,88,66,44,0.17878,25.02092449,35,0.79066,33.70365345,47,0.02894,17.33654369,24,0.00092,6.923083356,10,0.00026,3.988407941,6,0.00032,6.414281848,9,0.00012,3.117734499,4,COOK:8200032,COOK:8200032,COOK:NILES PRECINCT 32,1,78.73513936,2.606606057,2.606606057,2.606606057,2.606606057,5.625224292,2.606606057,2.606606057,19.30369456,24.94058042,12.72020237,5.161206703,3.183910804,5.574291054,2.577588701,24.81304764,33.43191898,17.26147439,6.869086807,3.937180024,6.39065844,3.109956913,16.98448003,26.82699168,16.1444471,8.450209489,2.896174064,0.007536381,0.008149703,1,0.3,0.2,1.086719674,1.000145885,1.000233416,1.000116708,1.399883292,1.6,98.76092634,97.87676406,1.326243416,0.972578505,0.353664911,0.013428827,0.009847807,0.003581021,817.88,139,1
COOK:8200038,COOK:8200038,COOK:Niles Precinct 38,,,TRUE,,,,,,,0.55488127,0.059780896,0.022866042,0.358862392,0.002410028,0.000801739,0.3801,0.8527,0.1473,0.7848,0.0754,0.0057,0.0063,0.1049,0.067506071,0.07799363,0.075981099,0.119241764,0.120443036,0.105644176,0.184294573,0.17019965,0.078696002,0.007009183,0.006979051,1.36E-05,0.063685222,0.039810141,0.100521702,0.021900507,0.068668939,2.59E-05,0.07367074,0.060749179,0.134450367,0.098644608,0.108568504,0.148410845,0.066891495,,-0.055902759,0.379518072,332,-0.177966102,236,0.235751295,772,58.8,85592,416.3556298,-0.183887409,0.23288683,-0.308096078,-0.249599137,-0.139594815,-0.127173948,-0.175779241,-0.373351333,-0.139594815,complete,COOK,Niles Precinct 38,0,0,1,Niles,1,0,0,624,416,277,326,245,163,0.1801,25.24364475,105,0.7927,33.92897999,141,0.02598,17.08875692,71,0.00046,6.688025131,28,0.00022,3.948573602,16,0.00048,6.486752915,27,6.00E-05,3.164460253,13,COOK:8200038,COOK:8200038,COOK:NILES PRECINCT 38,1,72.33016737,3.750368489,3.750368489,3.750368489,3.750368489,5.167621697,3.750368489,3.750368489,19.47465064,25.04694257,12.55432393,4.963134574,3.139524947,5.575391415,2.581292185,25.08581555,33.64106594,17.07328485,6.618992,3.884057347,6.394102954,3.116004551,17.15543612,26.93335383,15.97856866,8.252137361,2.851788207,0.008636742,0.011853188,1,0.3,0.2,1.000225552,1.003517608,1.005628173,1.002814087,1.397185913,1.6,898.12689,894.2710592,7.472248265,3.209927107,4.262321158,0.008319814,0.003574024,0.004745789,2269.44,416,1
COOK:8200046,COOK:8200046,COOK:Niles Precinct 46,,,TRUE,,,,,,,0.582284448,0.04450307,0.011965542,0.36187042,0.002510425,0.001252475,0.4712,0.965,0.035,0.7117,0.0291,0,0.003,0.2562,0.113291333,0.089252286,0.096384234,0.109855152,0.111491988,0.167187417,0.128140834,0.0875232,0.096873554,0.055852437,2.16E-06,0.006470195,0.009556532,0.027147815,0.027083578,0.014437781,0.017572271,0.019199786,0.016046958,0.04785545,0.17214535,0.130774025,0.044693953,0.086073807,0.325087904,,-0.056572886,0.454545455,154,-0.307189542,153,0.27198364,489,53.9,116561,284.1084812,-0.186742267,0.693432953,-0.761641285,-0.134332628,-0.154810708,-0.097320806,-0.287674804,-0.302091693,-0.154810708,complete,COOK,Niles Precinct 46,0,0,1,Niles,1,0,0,419,279,186,226,170,113,0.17512,24.58678366,69,0.78908,33.43690874,93,0.03346,17.61135645,49,0.00112,7.278989125,20,0.00028,4.072620469,11,0.00072,6.481860926,18,0.00022,3.106178358,9,COOK:8200046,COOK:8200046,COOK:NILES PRECINCT 46,1,72.87950956,3.652270173,3.652270173,3.652270173,3.652270173,5.206869396,3.652270173,3.652270173,19.03740889,24.77118512,12.9701693,5.451947603,3.251305499,5.575154732,2.581248633,24.39673021,33.11332176,17.54846696,7.236305124,4.01983059,6.388286904,3.110381632,16.71819437,26.65759639,16.39441403,8.74095039,2.963568759,0.008400059,0.011809636,1,0.3,0.2,1.014814009,1.009878366,1.015805386,1.007902693,1.392097307,1.6,353.2571028,352.3278424,3.389530651,2.983209999,0.406320652,0.009595081,0.008444869,0.001150212,1499.08,279,1
COOK:8200050,COOK:8200050,COOK:Niles Precinct 50,,,TRUE,,,,,,,0.54422029,0.085551412,0.021846753,0.345867578,0.00438028,0.001248558,0.2892,0.9113,0.0887,0.8226,0.0428,0,0,0.1288,0.121725184,0.133269444,0.044343224,0.082488693,0.17036932,0.123057006,0.163706934,0.105117866,0.05592233,0.050267891,0.022629259,0.023871943,0.011377422,0.013845119,0.027677707,0.023887386,0.005039029,0.041480675,0.030244897,0.028937167,0.08555569,0.134589323,0.163441758,0.243922053,0.093232679,,0.021297853,0.098214286,224,-0.020134228,149,0.245841035,541,54.5,125091,267.763328,0.14500065,-1.493860964,0.245858298,-0.217500494,-0.320039863,-0.330125628,-0.204843078,-0.557473437,-0.320039863,complete,COOK,Niles Precinct 50,0,0,1,Niles,1,0,0,402,268,179,223,168,112,0.17394,24.62842025,66,0.78848,33.49871965,90,0.03564,17.63312904,47,0.00098,7.201369122,19,0.00024,4.070868422,11,0.0006,6.414001897,17,0.00012,3.153340708,8,COOK:8200050,COOK:8200050,COOK:NILES PRECINCT 50,1,78.04798162,2.729314668,2.729314668,2.729314668,2.729314668,5.576130374,2.729314668,2.729314668,19.03758729,24.77145604,12.97035746,5.452558575,3.251334006,5.575073338,2.580860503,24.39669977,33.11325041,17.54845503,7.236991748,4.019759827,6.388189208,3.1099772,16.71837277,26.65786731,16.39460219,8.741561362,2.963597266,0.008318666,0.011421506,1,0.3,0.2,1.000082996,1.002223774,1.003558039,1.001779019,1.398220981,1.6,308.5570185,307.6973848,1.14676506,0.286913403,0.859851658,0.003716542,0.000929855,0.002786686,2171.59,268,1
COOK:8200052,COOK:8200052,COOK:Niles Precinct 52,,,TRUE,,,,,,,0.538847116,0.070321273,0.026468854,0.359801209,0.011864546,1.59E-06,0.478,0.9531,0.0469,0.7266,0.0325,0,0.0069,0.2259,0.071034516,0.139585265,0.057741246,0.093634418,0.156008837,0.12948926,0.167644827,0.06553631,0.119325321,0.051603613,0,4.87E-06,0.010749434,0.032245104,2.67E-05,0.032259367,0.025793349,0.034414821,0.05589836,0.025822482,0.240867121,0.077478055,0.015071789,0.073112129,0.32465284,,-0.053734368,0.45631068,103,-0.011494253,87,0.24,350,55.1,98995,179.202316,-0.174649686,0.704268564,0.276182667,-0.236082667,0.187512955,0.14242972,0.214263544,-0.192403163,0.187512955,complete,COOK,Niles Precinct 52,0,0,1,Niles,1,0,0,228,152,101,156,117,78,0.1739,24.51369976,37,0.79092,33.47335895,51,0.0336,17.58433052,27,0.0008,7.265563697,11,0.00024,4.081309634,6,0.00038,6.485889824,10,0.00016,3.203024366,5,COOK:8200052,COOK:8200052,COOK:NILES PRECINCT 52,1,59.15206759,6.479141021,6.479141021,6.479141021,6.479141021,4.226113654,6.479141021,4.226113654,19.04893744,24.77847559,12.9592494,5.439851201,3.24836745,5.575512732,2.581368841,24.41445548,33.12660834,17.53568501,7.220974783,4.016204154,6.388769246,3.110626181,16.72972292,26.66488686,16.38349413,8.728853988,2.96063071,0.00875806,0.011929843,1,0.3,0.2,1.018861211,1.070337315,1.112539703,1.056269852,1.343730148,1.6,476.1392699,475.5964984,3.254671089,2.170433409,1.08423768,0.006835544,0.0045584,0.002277144,1656.95,152,1
COOK:8200060,COOK:8200060,COOK:Niles Precinct 60,,,TRUE,,,,,,,0.59484097,0.057910856,0.066541501,0.275406768,0.013018184,0.001444241,0.351,0.7255,0.2745,0.7815,0.0788,0.0091,0.0588,0.0595,0.09718865,0.079089517,0.066759187,0.115048867,0.089893722,0.158138429,0.180005976,0.121999447,0.091876205,0.060968886,0.129884569,0.018275071,0.061933938,0.007146694,0.119741121,0.010169443,3.14E-05,0.02739284,0.039846066,0.113909919,0.096548687,0.09753334,0.069199864,0.110764383,0.036653759,,-0.124516501,0.203703704,216,-0.088495575,226,0.482309125,537,57.5,63241,312.9353877,-0.476193905,-0.846327483,0.005925347,0.534779034,-0.147242327,-0.195454252,-0.106966407,-0.232537123,-0.147242327,complete,COOK,Niles Precinct 60,0,0,1,Niles,1,0,0,509,339,226,258,194,129,0.17848,25.03475785,85,0.79208,33.75353445,114,0.028,17.2780166,59,0.00092,6.935735267,24,4.00E-05,3.963722656,13,0.00034,6.48467991,22,0.00014,3.163409705,11,COOK:8200060,COOK:8200060,COOK:NILES PRECINCT 60,1,72.60789906,3.700772788,3.700772788,3.700772788,3.700772788,5.18746421,3.700772788,3.700772788,19.32600978,24.95403477,12.69758015,5.133332227,3.177916162,5.574748052,2.579166862,24.84937334,33.45982965,17.23636065,6.834125538,3.930281414,6.39146648,3.111886117,17.00679526,26.84044603,16.12182488,8.422335014,2.890179422,0.007993379,0.009727864,1,0.3,0.2,1.257072717,1.000097239,1.000155583,1.000077791,1.399922209,1.6,497.1729256,494.5554717,4.533425349,2.757750401,1.775674948,0.009118408,0.005546864,0.003571544,2390.03,339,1
CITY OF CHICAGO:WARD 40 PRECINCT 15,CITY OF CHICAGO:WARD 40 PRECINCT 15,CITY OF CHICAGO:Ward 40 Precinct 15,,,,,,,,,,0.691882952,0.138821939,0.046805571,0.104928661,0.021959851,0.00077484,0.6629,0.4061,0.5939,0.3131,0.2515,0.0132,0.0263,0.3932,0.094190912,0.033383276,0.16889947,0.267121952,0.162950428,0.164695438,0.059560688,0.028609491,0.020588345,0.033602875,0.00499205,0.010188139,0.03795241,0.059110314,0.00687318,0.006215833,0.061423548,0.023018067,0.064112848,0.056251743,0.097907427,0.146665735,0.051174033,0.120942544,0.219569254,40015,0.283296475,0.257142857,140,0.164619165,407,0.723837209,688,38.9,106537,274.0042046,1.26116043,-0.518297985,0.894301149,1.303155997,0.69839397,0.735079898,0.73023822,0.577323902,0.69839397,complete,CITY OF CHICAGO,Ward 40 Precinct 15,1,0,0,,0,0,0,734,489,326,144,108,72,0.08864,18.44967141,90,0.4764,26.85288815,131,0.4245,26.15361372,128,0.0075,11.13488147,54,0.00076,5.188400039,25,0.0019,6.275387789,31,0.0003,2.971787001,15,CITY OF CHICAGO:WARD 40 PRECINCT 15,CITY OF CHICAGO:WARD 40 PRECINCT 15,CITY OF CHICAGO:WARD 40 PRECINCT 15,1.2,36.94649755,11.55484493,11.55484493,11.55484493,11.55484493,2.639638886,11.55484493,2.639638886,15.58452155,22.61469185,22.52004213,10.45758279,4.465181906,5.570397903,2.575413001,18.22418385,26.48269879,25.84248464,11.02924144,5.044290003,6.234704274,2.955720198,13.26530702,24.50110312,25.94428686,13.74658558,4.177445166,0.003643231,0.005974003,0.2,0.3,1,1.001821548,1.5,1.8,1.4,1,1.001560105,372.1985129,331.2662687,86.18701809,60.89443021,25.29258787,0.231561962,0.163607398,0.067954565,1790.911297,489,1
CITY OF CHICAGO:WARD 40 PRECINCT 16,CITY OF CHICAGO:WARD 40 PRECINCT 16,CITY OF CHICAGO:Ward 40 Precinct 16,,,,,,,,,,0.67034891,0.171483883,0.035321443,0.102119833,0.015107046,0.00367985,0.5692,0.5313,0.4687,0.4158,0.1681,0.0001,0.0331,0.3829,0.068355952,0.084819092,0.125189636,0.258165525,0.173056989,0.119821532,0.102214504,0.034127175,0.034249596,3.51E-10,2.31E-10,0.033218554,0.01003044,0.023845199,2.88E-09,0.00234543,0.079424301,0.0249264,0.09948518,0.036171134,0.138039132,0.13716999,0.061442678,0.14820266,0.205698899,40016,0.326490081,0.434920635,315,0.265536723,354,0.699088146,658,41.6,109571,257.6590514,1.445172718,0.572968472,1.248499078,1.224421427,1.10309806,1.122765424,1.12824479,0.338363312,1.10309806,complete,CITY OF CHICAGO,Ward 40 Precinct 16,1,0,0,,0,0,0,671,447,298,156,117,78,0.0947,18.54483892,83,0.48368,26.88531655,120,0.40934,25.7730369,115,0.00894,11.3066911,51,0.0009,5.116305847,23,0.00212,6.289517985,28,0.00032,3.039632312,14,CITY OF CHICAGO:WARD 40 PRECINCT 16,CITY OF CHICAGO:WARD 40 PRECINCT 16,CITY OF CHICAGO:WARD 40 PRECINCT 16,1.2,22.6838977,14.81496092,14.81496092,14.81496092,14.81496092,1.620648841,14.81496092,1.620648841,15.58454816,22.55125435,22.19288109,10.54221045,4.429702178,5.570015292,2.575055361,18.30658134,26.53653655,25.57240254,11.1742822,5.023281055,6.239599305,2.960640202,13.26533364,24.43766562,25.61712581,13.83121323,4.141965438,0.003260619,0.005616364,0.2,0.3,1,1.000896062,1.5,1.8,1.4,1,1.001037589,341.5990862,303.9978317,77.81055625,55.14576896,22.66478729,0.227783268,0.161434182,0.066349086,1442.84694,447,1
CITY OF CHICAGO:WARD 40 PRECINCT 19,CITY OF CHICAGO:WARD 40 PRECINCT 19,CITY OF CHICAGO:Ward 40 Precinct 19,,,,,,,,,,0.685831811,0.174298921,0.038719753,0.085215051,0.022328217,0.00241334,0.4928,0.5294,0.4706,0.3934,0.2467,0.0071,0.0272,0.312,0.133370862,0.063410589,0.121482972,0.315232449,0.160515294,0.078147948,0.065369286,0.037553458,0.024917142,0.020501229,0.009303558,0.027616471,0.022964584,0.04082349,0.011058122,0.008255043,0.008333679,0.061983651,0.105646418,0.079809681,0.094719372,0.172538071,0.099477645,0.056313206,0.18065578,40019,0.244617689,0.233160622,193,0.088161209,397,0.620289855,690,37.8,101302,308.7748033,1.096382062,-0.665509908,0.625950922,0.973739226,0.460597462,0.507640576,0.484259531,0.334082073,0.460597462,complete,CITY OF CHICAGO,Ward 40 Precinct 19,1,0,0,,0,0,0,735,490,327,136,102,68,0.0901,18.39530565,0,0.47408,26.80721938,1,0.4256,26.14378148,1,0.00766,11.16301359,0,0.00066,5.152679777,0,0.00162,6.349532674,0,0.00028,2.999455241,0,CITY OF CHICAGO:WARD 40 PRECINCT 19,CITY OF CHICAGO:WARD 40 PRECINCT 19,CITY OF CHICAGO:WARD 40 PRECINCT 19,1.2,47.15470991,9.221472573,9.221472573,9.221472573,9.221472573,3.368963614,9.221472573,3.368963614,15.58470835,22.64088987,22.65361812,10.42225247,4.479673766,5.56973315,2.574304306,18.19146221,26.46195578,25.95287036,10.96970461,5.052902359,6.231927946,2.952499929,13.26549383,24.52730114,26.07786285,13.71125526,4.191937026,0.002978477,0.004865309,0.2,0.3,1,1.000371731,1.5,1.8,1.4,1,1.003063035,465.580744,454.8362011,29.1513435,19.86628165,9.285061856,0.062612863,0.042669895,0.019942968,2155.702375,3,0.508697605
CITY OF CHICAGO:WARD 40 PRECINCT 20,CITY OF CHICAGO:WARD 40 PRECINCT 20,CITY OF CHICAGO:Ward 40 Precinct 20,,,,,,,,,,0.71342699,0.153159543,0.037830372,0.077687512,0.019209586,0.002032058,0.5615,0.4115,0.5885,0.4239,0.2549,0.0095,0.0794,0.2252,0.100614834,0.025387032,0.204512678,0.350935844,0.130848749,0.064937156,0.070331446,0.043549817,0.008882445,0.041514855,0.010578231,0.016249114,0.007025551,0.019353525,0.017640732,0.025214576,0.017112323,0.0474354,0.076204634,0.081372309,0.155253684,0.139623548,0.137715161,0.068317029,0.139389327,40020,0.428342713,0.333333333,147,-0.083900227,441,0.591478697,798,35.9,97592,316.501603,1.879082677,-0.050612362,0.022053985,0.882081852,0.497448669,0.683151538,0.365229158,0.463813722,0.497448669,complete,CITY OF CHICAGO,Ward 40 Precinct 20,1,0,0,,0,0,0,1160,773,515,174,131,87,0.08608,18.346146,142,0.4662,26.79314458,207,0.43766,26.33834553,204,0.00746,11.0210336,85,0.00054,5.16972384,40,0.0019,6.314289158,49,0.00016,3.000765881,23,CITY OF CHICAGO:WARD 40 PRECINCT 20,CITY OF CHICAGO:WARD 40 PRECINCT 20,CITY OF CHICAGO:WARD 40 PRECINCT 20,1.2,45.5251392,9.593956523,9.593956523,9.593956523,9.593956523,3.252539094,9.593956523,3.252539094,15.58477968,22.65982769,22.75067022,10.39690174,4.49020117,5.569540568,2.573923437,18.16749807,26.44652344,26.03261621,10.92680831,5.059105141,6.230194166,2.950577862,13.26556516,24.54623896,26.17491495,13.68590453,4.20246443,0.002785895,0.00448444,0.2,0.3,1,1.000366713,1.5,1.8,1.4,1,1.001837832,684.1071611,659.1939165,55.27444615,34.28501082,20.98943533,0.080797935,0.050116433,0.030681502,2575.624972,773,0.999999975
CITY OF CHICAGO:WARD 41 PRECINCT 28,CITY OF CHICAGO:WARD 41 PRECINCT 28,CITY OF CHICAGO:Ward 41 Precinct 28,,,,,,,,,,0.852636121,0.08716025,0.014264664,0.033653522,0.015195415,0.000491333,0.4313,0.6533,0.3467,0.6743,0.1277,0,0.0501,0.1381,0.157038563,0.096756158,0.109407407,0.21331126,0.074965463,0.16827765,0.079500709,0.063756034,0.036986755,0.024331387,0.006216302,0.02589141,0.021067132,0.014400398,0.06273745,0.073135533,0.002869063,0.030511114,0.013272232,0.09222382,0.091129056,0.133269166,0.085424518,0.110061228,0.21346019,41028,-0.140610918,-0.023809524,84,-0.695067265,446,0.243979058,955,44.9,107919,399.1189228,-0.544758926,-2.242888724,-2.123004844,-0.22342403,-1.441343723,-1.283519131,-1.609240865,-0.325778325,-1.441343723,complete,CITY OF CHICAGO,Ward 41 Precinct 28,1,0,0,,0,0,0,704,469,313,149,112,75,0.36908,26.14224897,1,0.54508,28.51882474,1,0.08026,18.73602471,1,0.00366,8.786061402,0,0.00088,5.074084191,0,0.00072,6.484944733,0,0.00032,3.2351538,0,CITY OF CHICAGO:WARD 41 PRECINCT 28,CITY OF CHICAGO:WARD 41 PRECINCT 28,CITY OF CHICAGO:WARD 41 PRECINCT 28,1.5,91.065444,0.404732384,0.404732384,0.404732384,0.404732384,6.506161694,0.404732384,0.404732384,18.90177228,20.66972377,14.11320283,7.264816477,3.913324153,5.567902338,2.571340586,25.82145308,28.1886768,18.59838746,8.643702093,5.021788418,6.409938133,3.129377208,16.58255775,22.55613504,17.53744756,10.55381926,3.625587413,0.001147665,0.001901589,0.2,0.3,1,1.000000469,1,1,1,1,1.12679101,525.9261399,521.9510405,9.267638444,3.420471105,5.847167338,0.017621559,0.00650371,0.011117849,2620.018388,9,0.609183278
CITY OF CHICAGO:WARD 41 PRECINCT 29,CITY OF CHICAGO:WARD 41 PRECINCT 29,CITY OF CHICAGO:Ward 41 Precinct 29,,,,,,,,,,0.876320575,0.072774611,0.012703781,0.029260312,0.011296139,1.16E-11,0.3957,0.9681,0.0319,0.7425,0.058,0,0.0936,0.105,0.140132461,0.095796664,0.083418392,0.159457931,0.109438031,0.199110676,0.123130393,0.045379503,0.044135948,0.080090387,4.13E-10,0.026317985,0.009626214,0.001698702,0.01518926,0.022947001,0.003044049,0.021465378,0.001698702,0.032895714,0.058438788,0.084239886,0.109873975,0.133387682,0.399086275,41029,-0.117679931,0.022222222,45,-0.72875226,553,0.155190134,973,50.9,162173,398.8217382,-0.447068926,-1.96032866,-2.2412316,-0.505889583,-1.468045959,-1.288629692,-1.658566341,-0.52493792,-1.468045959,complete,CITY OF CHICAGO,Ward 41 Precinct 29,1,0,0,,0,0,0,863,575,383,139,105,70,0.38796,26.66326011,153,0.5511,28.80741649,166,0.05488,17.47149803,100,0.00414,9.344146535,54,0.00066,5.051199069,29,0.0009,6.513366783,37,0.00036,3.215105448,18,CITY OF CHICAGO:WARD 41 PRECINCT 29,CITY OF CHICAGO:WARD 41 PRECINCT 29,CITY OF CHICAGO:WARD 41 PRECINCT 29,1.5,91.15823671,0.388162004,0.388162004,0.388162004,0.388162004,6.51279126,0.388162004,0.388162004,18.9018139,20.43231702,12.8892937,7.584642232,3.780592796,5.567760913,2.57109817,26.31483757,28.43018914,17.32351801,9.229133055,4.926139778,6.435083779,3.154421863,16.58259938,22.31872828,16.31353843,10.87364502,3.492856056,0.001006241,0.001659173,0.2,0.3,1,1.00000123,1,1,1,1,1.314687698,600.5958227,595.7523081,10.897908,4.036262234,6.861645766,0.018145161,0.00672043,0.011424731,1963.464304,575,0.999999988
CITY OF CHICAGO:WARD 41 PRECINCT 30,CITY OF CHICAGO:WARD 41 PRECINCT 30,CITY OF CHICAGO:Ward 41 Precinct 30,,,,,,,,,,0.816991162,0.117419842,0.013211712,0.037370594,0.012476461,2.91E-11,0.3154,0.8291,0.1709,0.8386,0.0913,0,0,0.0701,0.135765976,0.060369677,0.103575349,0.139512749,0.106488211,0.183555981,0.134493866,0.081668797,0.054569393,0.100598319,0.010798118,0.023329962,0.014563308,0.009593901,0.014405079,0.003894968,0.023235307,0.020708478,0.039596894,0.032321757,0.079360335,0.112131385,0.129859695,0.132866903,0.252735591,41030,-0.023287169,0.186206897,145,-0.74566474,346,0.130998703,771,52.3,127977,338.196079,-0.044939313,-0.953729424,-2.3005906,-0.58285015,-1.196092501,-0.970527372,-1.462105146,-0.790004389,-1.196092501,complete,CITY OF CHICAGO,Ward 41 Precinct 30,1,0,0,,0,0,0,528,352,235,141,106,71,0.38444,26.65346598,94,0.5544,28.83809068,102,0.05518,17.48476298,62,0.00392,9.338089756,33,0.00066,5.019904258,18,0.00102,6.531290768,23,0.00038,3.194475158,11,CITY OF CHICAGO:WARD 41 PRECINCT 30,CITY OF CHICAGO:WARD 41 PRECINCT 30,CITY OF CHICAGO:WARD 41 PRECINCT 30,1.8,89.97440038,0.599564571,0.599564571,0.599564571,0.599564571,6.42821219,0.599564571,0.599564571,18.90173705,20.43217971,12.88918166,7.584618039,3.780578349,5.567955857,2.571499822,26.31468913,28.42995476,17.32334227,9.229089446,4.92614888,6.43527696,3.154821751,16.58252253,22.31859098,16.31342639,10.87362083,3.492841609,0.001201184,0.002060824,0.2,0.3,1,1.000002329,1,1,1,1,1.361497555,437.0584538,435.4863011,3.144305472,2.096203609,1.048101864,0.007194245,0.004796163,0.002398082,1895.999977,352,1
CITY OF CHICAGO:WARD 41 PRECINCT 31,CITY OF CHICAGO:WARD 41 PRECINCT 31,CITY OF CHICAGO:Ward 41 Precinct 31,,,,,,,,,,0.869079097,0.086009151,0.007262446,0.0243495,0.006512171,2.20E-11,0.4514,0.9693,0.0307,0.756,0.0522,0,0.0096,0.1821,0.17681259,0.094356381,0.057548589,0.148205739,0.128872126,0.167779593,0.124048349,0.040125549,0.062251083,0.086971911,0.003548198,0.021057107,0.049618988,0.001831684,0.020797798,0.017332629,0.032671553,0.055321098,0.020353727,0.015945934,0.030493585,0.138909063,0.126004786,0.173430176,0.205711765,41031,-0.06699621,0.373134328,134,-0.751412429,354,0.138282387,687,51.1,126021,304.0198496,-0.231147443,0.193701023,-2.320763696,-0.559678455,-0.938433768,-0.729472143,-1.256692079,-0.594217625,-0.938433768,complete,CITY OF CHICAGO,Ward 41 Precinct 31,1,0,0,,0,0,0,522,348,232,149,112,75,0.38996,26.74610378,93,0.54732,28.82221176,100,0.05636,17.453921,61,0.00418,9.300660007,32,0.0006,4.980289157,17,0.00114,6.476923224,23,0.00044,3.203298483,11,CITY OF CHICAGO:WARD 41 PRECINCT 31,CITY OF CHICAGO:WARD 41 PRECINCT 31,CITY OF CHICAGO:WARD 41 PRECINCT 31,1.8,88.17019562,0.921748904,0.921748904,0.921748904,0.921748904,6.299310958,0.921748904,0.921748904,18.90186044,20.43240015,12.88936155,7.584247101,3.780601544,5.567499824,2.570755756,26.31514437,28.43058246,17.3237788,9.22871793,4.926173108,6.434834877,3.154091635,16.58264592,22.31881142,16.31360627,10.87324989,3.492864804,0.000745151,0.001316758,0.2,0.3,1,1.000001023,1,1,1,1,1.137157487,397.6858638,396.2566187,2.85988795,1.906591939,0.953296011,0.007191324,0.004794216,0.002397108,1634.064495,348,1
CITY OF CHICAGO:WARD 46 PRECINCT 06,CITY OF CHICAGO:WARD 46 PRECINCT 06,CITY OF CHICAGO:Ward 46 Precinct 06,,,,,,,,,,0.690042503,0.101586336,0.087026634,0.113968037,0.017463241,0.001178532,0.6907,0.3612,0.6388,0.2722,0.4076,0,0.019,0.2592,0.06881433,0.018548338,0.288511241,0.325912828,0.09024675,0.079856303,0.056482809,0.054456205,0.017171196,0.043887851,0.015616786,0.015312962,0.044781613,0.01481192,0.005381084,0.025189854,0.041204844,0.018695073,0.05161947,0.07351721,0.233430128,0.108611949,0.074535031,0.091498781,0.141905446,46006,0.386278112,0.219251337,187,0.026578073,602,0.659388646,1145,34.6,91063,509.0772262,1.699880147,-0.750890299,0.409807967,1.098124804,0.485223437,0.614230655,0.444338899,0.769695181,0.485223437,complete,CITY OF CHICAGO,Ward 46 Precinct 06,1,0,0,,0,0,0,942,628,419,193,145,97,0.08874,18.36435933,115,0.46898,26.80637287,168,0.4316,26.24883271,165,0.00788,11.13385801,70,0.00076,5.109800698,32,0.00184,6.304641904,40,0.0002,3.016410494,19,CITY OF CHICAGO:WARD 46 PRECINCT 06,CITY OF CHICAGO:WARD 46 PRECINCT 06,CITY OF CHICAGO:WARD 46 PRECINCT 06,1.2,46.06465795,9.470634427,9.470634427,9.470634427,9.470634427,3.291084958,9.470634427,3.291084958,15.58443589,22.65921349,22.750169,10.40053902,4.490136541,5.571720141,2.576627012,18.16562012,26.44346931,26.02995599,10.93009292,5.05871568,6.232280738,2.953188435,13.26522137,24.54562475,26.17441373,13.6895418,4.202399801,0.004965469,0.007188014,0.2,0.3,1,1.000005598,1.5,1.8,1.4,1,1.000004587,277.0964869,258.8359443,41.44853283,33.62258591,7.825946925,0.149581589,0.121338911,0.028242678,2505.854466,628,0.999999943
CITY OF CHICAGO:WARD 46 PRECINCT 07,CITY OF CHICAGO:WARD 46 PRECINCT 07,CITY OF CHICAGO:Ward 46 Precinct 07,,,,,,,,,,0.632338287,0.100998888,0.191101781,0.066228447,0.014420394,0.00214187,0.5199,0.2377,0.7623,0.2657,0.3664,0.0106,0.0639,0.2909,0.111882121,0.051369372,0.336129152,0.265739664,0.094940551,0.0656847,0.037330558,0.023995548,0.012928333,0.023654285,0.058171727,0.019492519,0.035163438,0.044733176,0.016308329,0.032280784,0.014384653,0.053684104,0.058516185,0.067771512,0.160489296,0.060732818,0.112862019,0.118640203,0.123114952,46007,0.390746289,0.347985348,273,0.083333333,312,0.687055477,703,32.6,86814,339.6820021,1.71891536,0.039327183,0.609006163,1.186141714,0.777356685,0.888347605,0.721488397,0.879225852,0.777356685,complete,CITY OF CHICAGO,Ward 46 Precinct 07,1,0,0,,0,0,0,437,291,194,221,166,111,0.08706,18.38690079,1,0.47226,26.78771893,1,0.43,26.26630573,1,0.00772,11.07397479,0,0.00074,5.190659345,0,0.00198,6.270410865,0,0.00024,2.989837724,0,CITY OF CHICAGO:WARD 46 PRECINCT 07,CITY OF CHICAGO:WARD 46 PRECINCT 07,CITY OF CHICAGO:WARD 46 PRECINCT 07,1.2,33.79761846,12.2746093,12.2746093,12.2746093,12.2746093,2.414667528,12.2746093,2.414667528,15.58488827,22.66002169,22.75082853,10.4092274,4.490221584,5.573555946,2.576331839,18.16343862,26.44007479,26.02681541,10.93836094,5.057975098,6.233940802,2.952717522,13.26567374,24.54643295,26.17507326,13.69823019,4.202484844,0.006801273,0.006892842,0.2,0.3,1,1.000004756,1.5,1.8,1.4,1,1.000004858,305.3599641,280.8026981,44.19118997,31.43056521,12.76062476,0.144718349,0.102929555,0.041788794,1983.53456,7,0.618418113
CITY OF CHICAGO:WARD 46 PRECINCT 08,CITY OF CHICAGO:WARD 46 PRECINCT 08,CITY OF CHICAGO:Ward 46 Precinct 08,,,,,,,,,,0.743048896,0.107170274,0.055785781,0.077610777,0.017605012,0.000238423,0.5604,0.2597,0.7403,0.2315,0.3463,0.0108,0.0508,0.3547,0.069789026,0.029856089,0.382978701,0.260571731,0.087162317,0.095218018,0.024563422,0.045464792,0.004395903,0.006651968,0.047645076,0.015239239,0.01130874,0.0114444,0.026418273,0.014704539,0.010446804,0.041392148,0.061150513,0.089703623,0.146257235,0.147075181,0.065134938,0.149519365,0.155907958,46008,0.308863547,-0.02739726,146,-0.028169014,426,0.629459148,869,32.2,102998,406.8457225,1.370080612,-2.264911589,0.217658006,1.002909637,-0.033808094,0.081434167,-0.006563326,0.592893398,-0.033808094,complete,CITY OF CHICAGO,Ward 46 Precinct 08,1,0,0,,0,0,0,567,378,252,223,168,112,0.10392,20.3153151,21,0.75418,31.2062045,32,0.13558,21.53778858,22,0.00458,10.17415205,10,0.00044,4.055134454,4,0.00104,6.365442267,6,0.00026,3.041265183,3,CITY OF CHICAGO:WARD 46 PRECINCT 08,CITY OF CHICAGO:WARD 46 PRECINCT 08,CITY OF CHICAGO:WARD 46 PRECINCT 08,1.2,68.14061249,4.498514691,4.498514691,4.498514691,4.498514691,4.868299361,4.498514691,4.498514691,16.53237336,25.19923115,18.02445119,9.25804348,3.488376756,5.570039174,2.574266725,20.18118626,30.88742701,21.39828515,10.0518203,4.012758332,6.280808881,3.001037258,14.21315884,27.08564241,21.44869592,12.54704627,3.200640016,0.003284501,0.004827728,0.2,0.3,1,1.000005894,1.5,1.8,1.4,1,1.000007251,446.1335426,413.0226808,55.35030735,36.08472958,19.26557777,0.12406668,0.080883247,0.043183433,2542.125441,117,0.863539327
CITY OF CHICAGO:WARD 46 PRECINCT 10,CITY OF CHICAGO:WARD 46 PRECINCT 10,CITY OF CHICAGO:Ward 46 Precinct 10,,,,,,,,,,0.647933089,0.126523997,0.131519549,0.079232947,0.022647253,0.00055813,0.5874,0.3439,0.6561,0.3528,0.3406,0.0589,0.0266,0.1999,0.037264882,0.082508449,0.274972071,0.223395073,0.067098064,0.135496226,0.107459642,0.01769262,0.054112972,0.098941239,0.057875636,0.041680983,0.063150289,0.035967184,0.00474954,0.020685926,0.016021023,0.030350052,0.07473977,0.107078775,0.087810045,0.113713214,0.030765981,0.167940055,0.048530288,46010,0.367219639,0.274725275,273,0.199170124,482,0.707021792,826,36.3,67822,342.6538481,1.618687731,-0.410370531,1.015567244,1.249660855,0.808074276,0.868386325,0.83751046,0.842649646,0.808074276,complete,CITY OF CHICAGO,Ward 46 Precinct 10,1,0,0,,0,0,0,1251,834,556,192,144,96,0.08692,18.33456868,46,0.4642,26.75345876,68,0.4383,26.32801451,67,0.0076,11.02617099,28,0.00066,5.163390509,13,0.00202,6.323369006,16,0.0003,3.027777658,8,CITY OF CHICAGO:WARD 46 PRECINCT 10,CITY OF CHICAGO:WARD 46 PRECINCT 10,CITY OF CHICAGO:WARD 46 PRECINCT 10,1.2,32.61595995,12.54471039,12.54471039,12.54471039,12.54471039,2.330244053,12.54471039,2.330244053,15.58476504,22.65980153,22.75064887,10.40436772,4.490198417,5.572185612,2.575808682,18.16489357,26.44237089,26.02889946,10.93377976,5.058408629,6.23267349,2.952297386,13.26555052,24.5462128,26.1748936,13.69337051,4.202461677,0.005430939,0.006369685,0.2,0.3,1,1.000029977,1.5,1.8,1.4,1,1.000043985,793.8549282,718.8327554,147.8907302,121.3289131,26.56181704,0.186294403,0.15283512,0.033459283,3007.247694,289,0.875898627
CITY OF CHICAGO:WARD 46 PRECINCT 12,CITY OF CHICAGO:WARD 46 PRECINCT 12,CITY OF CHICAGO:Ward 46 Precinct 12,,,,,,,,,,0.67666562,0.092284982,0.093873627,0.127715221,0.015256825,0.000306031,0.6155,0.4482,0.5518,0.3478,0.39,0.0098,0.0378,0.2022,0.034863091,0.020748937,0.322820279,0.240279226,0.088462855,0.094516009,0.078595467,0.092801084,0.02691305,0.024008738,0.011576043,0.048381134,0.000982866,0.038284845,0.00900891,0.042210703,0.017519468,0.019438734,0.05280348,0.151292947,0.236580968,0.106164262,0.045169681,0.105384287,0.091192935,46012,0.343840707,0.507692308,260,-0.095320624,577,0.620658949,1123,35.5,83928,473.1178891,1.519089408,1.019668204,-0.01802904,0.974913431,0.720198656,0.873910501,0.541810748,0.624150933,0.720198656,complete,CITY OF CHICAGO,Ward 46 Precinct 12,1,0,0,,0,0,0,1191,794,529,167,126,84,0.08754,18.40646973,146,0.47064,26.79853368,213,0.43174,26.25338084,208,0.00722,11.11529382,88,0.00058,5.107289601,41,0.00204,6.343543651,50,0.00024,3.016024365,24,CITY OF CHICAGO:WARD 46 PRECINCT 12,CITY OF CHICAGO:WARD 46 PRECINCT 12,CITY OF CHICAGO:WARD 46 PRECINCT 12,1.2,36.06176078,11.75707626,11.75707626,11.75707626,11.75707626,2.576428953,11.75707626,2.576428953,15.58430562,22.65898076,22.74997908,10.40097582,4.490112052,5.572217375,2.577423507,18.16523363,26.44283004,26.02941202,10.93045776,5.058655656,6.232763561,2.95397052,13.2650911,24.54539202,26.17422381,13.6899786,4.202375312,0.005462702,0.007984509,0.2,0.3,1,1.000010459,1.5,1.8,1.4,1,1.000006884,63.01027362,58.83135383,10.64318539,8.488430096,2.154755295,0.168911906,0.134715017,0.034196888,1968.078649,794,0.999999986
CITY OF CHICAGO:WARD 46 PRECINCT 15,CITY OF CHICAGO:WARD 46 PRECINCT 15,CITY OF CHICAGO:Ward 46 Precinct 15,,,,,,,,,,0.550124727,0.114859623,0.202861722,0.123409837,0.019608676,0.001451408,0.6861,0.4693,0.5307,0.2971,0.3984,0.0274,0.0516,0.2104,0.036306473,0.019621372,0.173705247,0.248680654,0.1840235,0.112457798,0.10652082,0.063540007,0.055144129,0.038368983,0.044867524,0.004884149,0.008769139,0.063139656,0.064090116,0.040720608,0.035049917,0.046492066,0.136890547,0.046580155,0.102117787,0.075357415,0.06014332,0.071478793,0.161049826,46015,0.110103315,0.258215962,213,-0.112135177,651,0.602982293,1073,42.3,65387,464.7967202,0.523327391,-0.511710865,-0.077044339,0.918678416,0.153275478,0.213312651,0.09520408,1.116955411,0.153275478,complete,CITY OF CHICAGO,Ward 46 Precinct 15,1,0,0,,0,0,0,866,577,385,163,123,82,0.10728,20.55479482,119,0.76848,31.37789701,181,0.11684,20.95701499,121,0.0058,10.45250155,60,0.00036,4.031800645,23,0.00102,6.387732732,37,0.00022,3.090507675,18,CITY OF CHICAGO:WARD 46 PRECINCT 15,CITY OF CHICAGO:WARD 46 PRECINCT 15,CITY OF CHICAGO:WARD 46 PRECINCT 15,1.2,60.59049084,6.150349167,6.150349167,6.150349167,6.150349167,4.328881662,6.150349167,4.328881662,16.53193937,25.07383699,17.38153728,9.437293912,3.418639955,5.575158291,2.579321736,20.35993254,31.02256922,20.80588981,10.35249113,3.958972719,6.296651751,3.016816023,14.21272485,26.96024826,20.80578201,12.7262967,3.130903215,0.008403618,0.009882738,0.2,0.3,1,1.000018149,1.5,1.8,1.4,1,1.000010199,142.531368,132.2340533,21.54226663,17.06314153,4.479125095,0.151140531,0.119714992,0.031425539,1968.559374,577,0.999999993
CITY OF CHICAGO:WARD 46 PRECINCT 17,CITY OF CHICAGO:WARD 46 PRECINCT 17,CITY OF CHICAGO:Ward 46 Precinct 17,,,,,,,,,,0.479117422,0.126209537,0.314079612,0.067967876,0.025539095,0.002041643,0.5198,0.3573,0.6427,0.341,0.3319,0.0728,0.0161,0.2174,0.068732423,0.098342759,0.164950359,0.261194695,0.140467018,0.146607505,0.095579882,0.012979992,0.011145367,0.056427606,0.042974122,0.035592797,0.009140064,0.047312849,0.055448619,0.022270828,0.012686207,0.026911628,0.078689912,0.105656219,0.144640936,0.058777904,0.063999432,0.109260201,0.130210677,46017,0.034848521,0.420408163,245,0.302158273,556,0.757635468,1015,38.3,76191,404.7654303,0.202728856,0.483885494,1.377032481,1.410678912,0.986011798,0.868581436,1.087702007,1.235392676,0.986011798,complete,CITY OF CHICAGO,Ward 46 Precinct 17,1,0,0,,0,0,0,797,531,354,142,107,71,0.08966,18.41647409,98,0.4715,26.83899625,143,0.42792,26.19391408,139,0.00826,11.11565255,59,0.00068,5.17098631,27,0.00168,6.382224221,34,0.0003,2.976795072,16,CITY OF CHICAGO:WARD 46 PRECINCT 17,CITY OF CHICAGO:WARD 46 PRECINCT 17,CITY OF CHICAGO:WARD 46 PRECINCT 17,1.2,26.30643866,13.9869279,13.9869279,13.9869279,13.9869279,1.879460924,13.9869279,1.879460924,15.58487178,22.62942536,22.59326383,10.46020688,4.473133244,5.577021426,2.578792471,18.19919013,26.46007208,25.89260403,11.01729436,5.04699397,6.239698378,2.95747025,13.26565726,24.51583663,26.01750856,13.74920966,4.185396504,0.010266753,0.009353474,0.2,0.3,1,1.000051305,1.5,1.8,1.4,1,1.000054762,402.3038733,366.150597,74.2742258,60.17509184,14.09913396,0.184622199,0.149576218,0.035045981,2292.383753,531,1
CITY OF CHICAGO:WARD 46 PRECINCT 18,CITY OF CHICAGO:WARD 46 PRECINCT 18,CITY OF CHICAGO:Ward 46 Precinct 18,,,,,,,,,,0.508288128,0.120245423,0.260239878,0.099727636,0.019801413,0.001666676,0.5312,0.3856,0.6144,0.4612,0.2867,0.0452,0.0197,0.1812,0.081061317,0.05886911,0.283013745,0.219709575,0.10419457,0.147288282,0.069921681,0.025523016,0.010418705,0.084202037,0.054545145,0.049896944,0.059501507,0.017568273,0.024252306,0.013199888,0.025577479,0.050608214,0.066037643,0.082053652,0.114234048,0.064644783,0.019160114,0.139870494,0.134647473,46018,0.162579539,0.172093023,215,0.150793651,504,0.740659341,910,35.8,69983,379.8019236,0.746885249,-1.040365659,0.845776705,1.356672501,0.487131345,0.477242199,0.560838246,0.946179384,0.487131345,complete,CITY OF CHICAGO,Ward 46 Precinct 18,1,0,0,,0,0,0,822,548,365,135,102,68,0.08872,18.38361083,101,0.46606,26.79490638,147,0.43526,26.38286775,145,0.0076,11.03262358,60,0.00064,5.143866895,28,0.00148,6.326428996,35,0.00024,2.999796426,16,CITY OF CHICAGO:WARD 46 PRECINCT 18,CITY OF CHICAGO:WARD 46 PRECINCT 18,CITY OF CHICAGO:WARD 46 PRECINCT 18,1.2,45.98038054,9.489898385,9.489898385,9.489898385,9.489898385,3.285063768,9.489898385,3.285063768,15.58457083,22.65945457,22.75036573,10.41447864,4.490161908,5.576229187,2.579286422,18.1610515,26.4362141,26.02342681,10.94316061,5.057439481,6.236486314,2.955544376,13.26535631,24.54586584,26.17461046,13.70348143,4.202425168,0.009474514,0.009847424,0.2,0.3,1,1.000103063,1.5,1.8,1.4,1,1.000098458,373.0660171,340.4490029,68.54861399,55.16324879,13.38536521,0.183743924,0.147864577,0.035879347,2829.196014,548,1
CITY OF CHICAGO:WARD 46 PRECINCT 21,CITY OF CHICAGO:WARD 46 PRECINCT 21,CITY OF CHICAGO:Ward 46 Precinct 21,,,,,,,,,,0.551242916,0.124926697,0.21057751,0.10929724,0.017769401,0.005277823,0.3758,0.3525,0.6475,0.3068,0.3683,0.0161,0.0245,0.2802,0.049188688,0.015353048,0.114000021,0.146829769,0.13353189,0.195836847,0.10067425,0.113136668,0.131448821,0.036856648,0.167487173,0.095659015,0.060016261,0.067480422,0.009118268,0.023656504,1.98E-09,0.002981306,0.046709332,0.118328286,0.180506432,0.015780451,0.064928442,0.068101529,0.042389928,46021,0.058716841,0.247311828,93,0.027777778,288,0.684647303,482,53.3,57867,214.5672839,0.304412058,-0.578644516,0.414018662,1.178480554,0.34052735,0.329566689,0.357417744,0.570710397,0.34052735,complete,CITY OF CHICAGO,Ward 46 Precinct 21,1,0,0,,0,0,0,504,336,224,129,97,65,0.1102,18.94487934,64,0.536,27.18338093,91,0.33726,24.44707149,82,0.01348,12.01855382,40,0.0007,4.961194535,17,0.00204,6.379993804,21,0.00032,3.085482782,10,CITY OF CHICAGO:WARD 46 PRECINCT 21,CITY OF CHICAGO:WARD 46 PRECINCT 21,CITY OF CHICAGO:WARD 46 PRECINCT 21,1.2,52.49142578,8.001616941,8.001616941,8.001616941,8.001616941,3.750244755,8.001616941,3.750244755,15.58448015,22.23605887,20.56890118,10.98058423,4.253579981,5.575058695,2.578789018,18.71887039,26.79889457,24.19287303,11.92642901,4.91439213,6.271066456,2.990797606,13.26526563,24.12247014,23.99314591,14.26958701,3.965843241,0.008304022,0.009350021,0.2,0.3,1,1.000139496,1.5,1.8,1.4,1,1.000052343,114.1151468,107.5335277,15.89714101,13.87202722,2.025113798,0.139307896,0.121561665,0.017746231,2187.745744,336,1
CITY OF CHICAGO:WARD 47 PRECINCT 02,CITY OF CHICAGO:WARD 47 PRECINCT 02,CITY OF CHICAGO:Ward 47 Precinct 02,,,,,,,,,,0.725247432,0.140075561,0.039855005,0.076813078,0.022298013,0.001201421,0.6426,0.3037,0.6963,0.4013,0.2931,0.0076,0.0016,0.2662,0.077051974,0.038046617,0.183745784,0.385129285,0.108009756,0.099188681,0.061530717,0.039489788,0.007807398,0.050011073,0.008275425,0.001420132,0.002021842,0.017426364,0.016185879,0.018087778,0.042316628,0.006396735,0.12258447,0.1341636,0.117151201,0.109067242,0.080478247,0.127678239,0.146735145,47002,0.228419931,0.455445545,202,0.142118863,387,0.671428571,700,36,92309,315.6100492,1.027376791,0.698958042,0.815330151,1.136427601,0.898318482,0.919523146,0.877479883,0.455765884,0.898318482,complete,CITY OF CHICAGO,Ward 47 Precinct 02,1,0,0,,0,0,0,653,435,290,186,140,93,0.08648,18.37463216,0,0.46818,26.78380147,0,0.43382,26.26834368,0,0.00866,11.02984368,0,0.00088,5.245217808,0,0.00168,6.350953364,0,0.0003,2.982999908,0,CITY OF CHICAGO:WARD 47 PRECINCT 02,CITY OF CHICAGO:WARD 47 PRECINCT 02,CITY OF CHICAGO:WARD 47 PRECINCT 02,1.2,29.29795905,13.30313227,13.30313227,13.30313227,13.30313227,2.093189804,13.30313227,2.093189804,15.58478797,22.6598425,22.7506823,10.39707033,4.490202728,5.56957749,2.573920317,18.16745484,26.44645606,26.03255402,10.92696861,5.059090694,6.23022766,2.950571314,13.26557345,24.54625376,26.17492703,13.68607312,4.202465988,0.002822818,0.00448132,0.2,0.3,1,1.000172928,1.5,1.8,1.4,1,1.000635693,348.9292569,334.6849957,25.72168578,14.63729678,11.084389,0.073716048,0.041949182,0.031766866,1740.223224,0,0.236708042
CITY OF CHICAGO:WARD 47 PRECINCT 05,CITY OF CHICAGO:WARD 47 PRECINCT 05,CITY OF CHICAGO:Ward 47 Precinct 05,,,,,,,,,,0.666584681,0.120742447,0.072422322,0.129249424,0.013845971,0.002246661,0.462,0.1293,0.8707,0.3241,0.3926,0.012,0.0521,0.1787,0.073983332,0.027770731,0.175858892,0.385631755,0.132652934,0.070688495,0.065603124,0.056903911,0.010906826,0.083706657,0.094531821,0.027730268,0.037874067,0.021677437,0.021679996,1.32E-09,0.066849329,0.012613283,0.023465916,0.113380886,0.204592102,0.077865118,0.089756573,0.038591703,0.085684844,47005,0.104371751,0.31884058,276,0.359605911,609,0.78388998,1018,36.3,74536,397.9301844,0.49890993,-0.139574298,1.578660768,1.49420279,0.966024881,0.858049797,1.110147075,0.563578495,0.966024881,complete,CITY OF CHICAGO,Ward 47 Precinct 05,1,0,0,,0,0,0,1019,679,453,196,147,98,0.0871,18.35455336,125,0.46828,26.80171946,182,0.43372,26.31149737,179,0.00816,10.97493356,75,0.00074,5.135981634,35,0.00168,6.310540336,43,0.00032,2.997091055,20,CITY OF CHICAGO:WARD 47 PRECINCT 05,CITY OF CHICAGO:WARD 47 PRECINCT 05,CITY OF CHICAGO:WARD 47 PRECINCT 05,1.2,26.96748133,13.83582811,13.83582811,13.83582811,13.83582811,1.926689053,13.83582811,1.926689053,15.58429108,22.65895478,22.74995789,10.39925132,4.490109319,5.571653846,2.577083075,18.16580279,26.44373431,26.0302253,10.92884152,5.058813889,6.232237659,2.953667714,13.26507656,24.54536605,26.17420262,13.6882541,4.202372579,0.004899174,0.007644077,0.2,0.3,1,1.000277738,1.5,1.8,1.4,1,1.000264393,593.114351,515.8859215,148.8964127,106.8841471,42.01226559,0.251041663,0.180208331,0.070833332,2842.392935,679,0.999999997
CITY OF CHICAGO:WARD 47 PRECINCT 06,CITY OF CHICAGO:WARD 47 PRECINCT 06,CITY OF CHICAGO:Ward 47 Precinct 06,,,,,,,,,,0.642621722,0.120080663,0.070356097,0.141371992,0.018356167,0.003918421,0.6466,0.2884,0.7116,0.3761,0.3768,0.0089,0.0103,0.2107,0.105751045,0.01495132,0.179767825,0.297357314,0.202521378,0.100568816,0.046770069,0.035429207,0.016883024,0.074100489,0.049507736,0.004266212,0.037535648,0.026467839,0.008786073,1.17E-09,0.056950218,0.021217876,0.043495015,0.124466374,0.234555592,0.055254556,0.098364081,0.070950102,0.094082189,47006,0.183342881,0.210084034,238,0.382524272,515,0.789221557,835,37.8,80671,368.8060932,0.835340704,-0.807162632,1.65909906,1.511164217,0.881986173,0.799610337,1.053883917,0.580976123,0.881986173,complete,CITY OF CHICAGO,Ward 47 Precinct 06,1,0,0,,0,0,0,735,490,327,207,156,104,0.08956,18.40942304,90,0.46936,26.74487669,131,0.43118,26.27054294,129,0.00744,11.08758438,54,0.0006,5.170068522,25,0.0016,6.29043453,31,0.00026,3.007868703,15,CITY OF CHICAGO:WARD 47 PRECINCT 06,CITY OF CHICAGO:WARD 47 PRECINCT 06,CITY OF CHICAGO:WARD 47 PRECINCT 06,1.2,29.88086603,13.16989258,13.16989258,13.16989258,13.16989258,2.134835536,13.16989258,2.134835536,15.58417621,22.63993917,22.65284231,10.42432945,4.479573729,5.571866503,2.577628827,18.18978019,26.45918124,25.95050671,10.971469,5.052631128,6.233995886,2.955759037,13.26496169,24.52635044,26.07708704,13.71333224,4.191836989,0.00511183,0.00818983,0.2,0.3,1,1.000407642,1.5,1.8,1.4,1,1.000248681,286.60711,249.2884764,71.95032605,51.64898939,20.30133666,0.251041665,0.180208333,0.070833332,1705.935597,490,1
CITY OF CHICAGO:WARD 48 PRECINCT 02,CITY OF CHICAGO:WARD 48 PRECINCT 02,CITY OF CHICAGO:Ward 48 Precinct 02,,,,,,,,,,0.524633749,0.079893467,0.126497984,0.247669728,0.01731025,2.37E-10,0.2801,0.4145,0.5855,0.2604,0.3507,0.005,0.188,0.1846,0.027855147,0.380222773,0.263231156,0.073816148,0.040389971,0.044568244,0.05013927,0.079387177,0.040389964,0.128440347,0.041284401,0.032110095,0.036697246,0.036697243,0.013761466,0.027522932,0.013761466,0.091743099,0.059633021,0.14678897,0.12385319,0.07339448,0.027522935,0.082568791,0.064220171,48002,0.493100537,0.563636364,110,-0.011363636,176,0.734265734,286,28.8,61875,124.520349,2.15496229,1.363073733,0.276641103,1.336332422,1.094920268,1.282752387,0.893698011,0.882590481,1.094920268,complete,CITY OF CHICAGO,Ward 48 Precinct 02,1,0,0,,0,0,0,309,206,137,98,74,49,0.05254,16.42888372,34,0.19612,22.47202589,46,0.74202,30.20619893,62,0.00346,9.52906795,20,0.00318,9.297058462,19,0.00246,6.334170376,13,0.00022,3.125674614,6,CITY OF CHICAGO:WARD 48 PRECINCT 02,CITY OF CHICAGO:WARD 48 PRECINCT 02,CITY OF CHICAGO:WARD 48 PRECINCT 02,1.2,22.92303626,14.76029912,14.76029912,14.76029912,14.76029912,1.637734072,14.76029912,1.637734072,14.3975043,18.17913461,24.92965425,8.6921843,7.594318205,5.575800403,2.583849403,16.18748041,22.02873669,29.76814543,9.379210705,9.155230004,6.28523506,3.009284887,12.07828978,20.06554588,28.35389898,11.98118709,7.306581465,0.00904573,0.014410406,0.2,0.3,1,1.014378169,1.5,1.8,1.4,1,1.000331602,38.6774361,36.63060277,4.275354298,3.114135969,1.16121833,0.110538721,0.080515574,0.030023146,362.9227151,206,0.99999985
CITY OF CHICAGO:WARD 48 PRECINCT 03,CITY OF CHICAGO:WARD 48 PRECINCT 03,CITY OF CHICAGO:Ward 48 Precinct 03,,,,,,,,,,0.472845026,0.143584212,0.212578016,0.166577827,0.015423083,0.00306252,0.4876,0.1557,0.8443,0.387,0.3679,0.0056,0.06,0.1557,0.070592077,0.042168997,0.279813701,0.238590443,0.09527809,0.102409078,0.096212696,0.054310599,0.020624317,0.077034966,0.08215671,0.038228751,0.042918696,0.026256827,0.03798784,0.079290192,0.039578673,0.049169828,0.077564296,0.135312442,0.141097268,0.045955999,0.032904665,0.047497283,0.047045563,48003,0.23483683,0.079812207,213,0.113043478,230,0.795652174,460,36,53530,211.2982532,1.054713899,-1.606819804,0.713282089,1.531622036,0.389056374,0.423199555,0.447072881,0.969638958,0.389056374,complete,CITY OF CHICAGO,Ward 48 Precinct 03,1,0,0,,0,0,0,483,322,215,184,138,92,0.0889,18.35769499,59,0.46592,26.7351504,86,0.4346,26.30751871,85,0.00786,11.06927459,36,0.00068,5.208025144,17,0.00176,6.348166252,20,0.00028,3.036784267,10,CITY OF CHICAGO:WARD 48 PRECINCT 03,CITY OF CHICAGO:WARD 48 PRECINCT 03,CITY OF CHICAGO:WARD 48 PRECINCT 03,1.2,50.33519327,8.494484172,8.494484172,8.494484172,8.494484172,3.596192935,8.494484172,3.596192935,15.58393736,22.65832284,22.74944219,10.41014065,4.490042822,5.57639131,2.581595102,18.1614032,26.43666046,26.02396622,10.93889768,5.057748377,6.236721318,2.957925937,13.26472284,24.54473411,26.17368692,13.69914344,4.202306082,0.009636637,0.012156105,0.2,0.3,1,1.002170401,1.5,1.8,1.4,1,1.000319608,201.9950768,190.8006232,27.57192157,21.92610904,5.645812536,0.136497988,0.10854774,0.027950248,1484.467619,322,1
CITY OF CHICAGO:WARD 48 PRECINCT 04,CITY OF CHICAGO:WARD 48 PRECINCT 04,CITY OF CHICAGO:Ward 48 Precinct 04,,,,,,,,,,0.556649334,0.155132126,0.156714512,0.132713924,0.019999688,0.002543108,0.4594,0.3271,0.6729,0.3344,0.4775,0.0303,0.0308,0.1046,0.035965887,0.0567077,0.090777311,0.183302396,0.087189768,0.178071144,0.161717873,0.069022453,0.137245467,0.115918026,0.085547335,0.077379532,0.076529098,0.041328327,0.019259023,0.046599993,0.041027131,0.023697961,0.021584116,0.125375144,0.099488382,0.110428306,0.05915768,0.011213874,0.045466072,48004,0.356888962,0.3203125,256,0.126934985,323,0.811394892,509,54.4,44563,230.9124371,1.574677247,-0.130539103,0.762038154,1.581704584,0.865706311,0.946970221,0.828719898,0.643815448,0.865706311,complete,CITY OF CHICAGO,Ward 48 Precinct 04,1,0,0,,0,0,0,533,355,237,166,125,83,0.11204,18.98752678,67,0.53446,27.14104586,96,0.338,24.42320171,87,0.01254,12.10160426,43,0.0008,4.971572641,18,0.00182,6.32537845,22,0.00034,3.075889659,11,CITY OF CHICAGO:WARD 48 PRECINCT 04,CITY OF CHICAGO:WARD 48 PRECINCT 04,CITY OF CHICAGO:WARD 48 PRECINCT 04,1.2,30.46976045,13.03528429,13.03528429,13.03528429,13.03528429,2.17690904,13.03528429,2.17690904,15.58425826,22.23566244,20.56857767,10.97609795,4.253538266,5.574079828,2.578879436,18.72007595,26.80073511,24.19443316,11.92213312,4.914779263,6.270183072,2.990983506,13.26504373,24.12207371,23.9928224,14.26510073,3.965801526,0.007325155,0.009440438,0.2,0.3,1,1.000305154,1.5,1.8,1.4,1,1.000094105,112.9759985,105.7849381,17.82221652,14.6507681,3.171448424,0.157752237,0.129680359,0.028071878,1414.391135,355,1
CITY OF CHICAGO:WARD 48 PRECINCT 05,CITY OF CHICAGO:WARD 48 PRECINCT 05,CITY OF CHICAGO:Ward 48 Precinct 05,,,,,,,,,,0.826168164,0.03738319,0.042990675,0.085981335,0.007476638,6.23E-10,0.6751,0.119,0.881,0.4133,0.3761,0.0139,0.0268,0.17,0.010327025,0.041308087,0.15662651,0.125645459,0.053356298,0.172117038,0.158347665,0.166953513,0.115318405,0.051391876,0.049250535,0.044967875,0.034261244,0.017130623,0.072805132,0.036402571,0.143468925,0.094218406,0.066381154,0.132762307,0.115631699,0.021413295,0.012847974,0.036402569,0.070663815,48005,0.266367925,0.516908213,207,-0.125506073,247,0.621621622,296,57,47670,117.9822877,1.189041857,1.076238874,-0.123973176,0.977975997,0.648519385,0.779820888,0.467760572,0.179763771,0.648519385,complete,CITY OF CHICAGO,Ward 48 Precinct 05,1,0,0,,0,0,0,338,225,150,85,64,43,0.11506,19.26301702,43,0.5518,27.46481096,62,0.32026,24.25496774,55,0.01008,11.62430353,26,0.00076,4.940688581,11,0.0018,6.382047856,14,0.00024,3.098510803,7,CITY OF CHICAGO:WARD 48 PRECINCT 05,CITY OF CHICAGO:WARD 48 PRECINCT 05,CITY OF CHICAGO:WARD 48 PRECINCT 05,1.2,39.0098614,11.08320543,11.08320543,11.08320543,11.08320543,2.787055713,11.08320543,2.787055713,15.78029424,22.38156229,20.31203388,10.58101788,4.194786826,5.569869239,2.574423865,19.05843775,27.11712062,23.99641095,11.51460562,4.863265093,6.271463849,2.992019302,13.46107972,24.26797355,23.73627861,13.87002067,3.907050086,0.003114566,0.004984868,0.2,0.3,1,1.001712776,1.5,1.8,1.4,1,1.000201894,83.33127375,76.58348709,12.29029556,9.502725114,2.787570446,0.147487192,0.11403552,0.033451672,617.168627,225,1
CITY OF CHICAGO:WARD 48 PRECINCT 06,CITY OF CHICAGO:WARD 48 PRECINCT 06,CITY OF CHICAGO:Ward 48 Precinct 06,,,,,,,,,,0.48691272,0.131148339,0.230130061,0.144306018,0.017406268,0.003391467,0.4347,0.2359,0.7641,0.3227,0.4363,0.0113,0.0416,0.1848,0.061343306,0.038226563,0.258019268,0.215424239,0.121873708,0.146088235,0.093284406,0.050248448,0.015491825,0.071816297,0.050090693,0.034061304,0.04418292,0.058374365,0.044880919,0.054039836,0.018820079,0.027666993,0.064633496,0.101343013,0.169265651,0.075631439,0.058428719,0.049238559,0.077525717,48006,-0.026372211,0.155963303,218,0.225,400,0.795163585,703,37.9,64652,293.3212039,-0.058082129,-1.13937591,1.106224298,1.530067681,0.476139128,0.359708485,0.62544229,0.873772313,0.476139128,complete,CITY OF CHICAGO,Ward 48 Precinct 06,1,0,0,,0,0,0,828,552,368,177,133,89,0.09048,18.41332717,102,0.4714,26.77380853,148,0.42758,26.22539676,145,0.00764,11.09700354,61,0.00082,5.11402647,28,0.00178,6.311336437,35,0.0003,3.019797702,17,CITY OF CHICAGO:WARD 48 PRECINCT 06,CITY OF CHICAGO:WARD 48 PRECINCT 06,CITY OF CHICAGO:WARD 48 PRECINCT 06,1.2,46.46630354,9.378827096,9.378827096,9.378827096,9.378827096,3.319780489,9.378827096,3.319780489,15.58414841,22.6375382,22.64068326,10.44022674,4.478254253,5.576383915,2.580858274,18.18834174,26.45404401,25.93421963,10.98872686,5.050669089,6.238423337,2.958898523,13.26493389,24.52394947,26.06492799,13.72922953,4.190517513,0.009629242,0.011419277,0.2,0.3,1,1.001444699,1.5,1.8,1.4,1,1.00028682,332.6062305,297.3281899,69.619947,51.727372,17.892575,0.209316425,0.155521356,0.053795069,2372.686339,552,1
CITY OF CHICAGO:WARD 48 PRECINCT 09,CITY OF CHICAGO:WARD 48 PRECINCT 09,CITY OF CHICAGO:Ward 48 Precinct 09,,,,,,,,,,0.53352715,0.096929771,0.098501618,0.258618198,0.010510748,0.000926944,0.5731,0.6432,0.3568,0.4014,0.3632,0.0202,0.0426,0.1614,0.064279328,0.086804877,0.113462404,0.182464974,0.124772247,0.108961881,0.127327898,0.140724974,0.051201418,0.15533084,0.038073441,0.074504147,0.015157444,0.011941062,0.064053939,0.02106601,0.026532646,0.036596299,0.019064144,0.061955564,0.097143806,0.07388239,0.084636884,0.10085749,0.119203894,48009,-0.068026353,0.238709677,155,-0.022988506,174,0.526479751,321,48.6,69123,136.7049177,-0.235536032,-0.631447735,0.235840424,0.675299717,0.058176739,0.011039094,0.103137005,0.589081824,0.058176739,complete,CITY OF CHICAGO,Ward 48 Precinct 09,1,0,0,,0,0,0,231,154,103,102,77,51,0.11784,21.08023886,32,0.78958,31.71145371,49,0.08374,19.44519632,30,0.00722,11.14895743,17,0.00036,3.867022341,6,0.00096,6.426652163,10,0.0003,3.166424289,5,CITY OF CHICAGO:WARD 48 PRECINCT 09,CITY OF CHICAGO:WARD 48 PRECINCT 09,CITY OF CHICAGO:WARD 48 PRECINCT 09,1.2,64.43695401,5.271132461,5.271132461,5.271132461,5.271132461,4.603691844,5.271132461,4.603691844,16.53065815,24.77293312,15.8406182,9.83015431,3.251489431,5.575264359,2.583837321,20.81490299,31.3784068,19.36468528,11.05375096,3.82886217,6.324070598,3.048644387,14.21144362,26.65934438,19.26486293,13.1191571,2.963752691,0.008509686,0.014398324,0.2,0.3,1,1.00088031,1.5,1.8,1.4,1,1.000159361,200.448039,192.9017599,27.3552618,23.11047979,4.244782007,0.136470588,0.115294118,0.021176471,922.9999896,154,1
CITY OF CHICAGO:WARD 48 PRECINCT 10,CITY OF CHICAGO:WARD 48 PRECINCT 10,CITY OF CHICAGO:Ward 48 Precinct 10,,,,,,,,,,0.767646283,0.094493758,0.03231995,0.08582097,0.018741121,0.000455716,0.6153,0.4337,0.5663,0.3229,0.294,0.0228,0,0.342,0.133701156,0.039997976,0.171083875,0.176384069,0.196310461,0.101713211,0.133509264,0.029014988,0.018285001,0.009078375,0.005447024,0.011551458,0.062460828,2.35E-09,0.037239355,0.021347492,0.034351494,0.007625834,0.081681158,0.10942736,0.146017917,0.086782263,0.06356745,0.075170555,0.248251434,48010,0.035760997,0.438016529,363,0.234714004,507,0.723378213,817,42.8,95509,309.6663571,0.206616163,0.591972227,1.140318267,1.301695786,0.903520821,0.810150611,0.969554353,0.355689439,0.903520821,complete,CITY OF CHICAGO,Ward 48 Precinct 10,1,0,0,,0,0,0,779,519,346,192,144,96,0.09446,18.54465241,96,0.49042,26.9040183,140,0.4024,25.69281251,133,0.0098,11.39394462,59,0.0007,5.155481853,27,0.00188,6.301963454,33,0.00034,2.969693826,15,CITY OF CHICAGO:WARD 48 PRECINCT 10,CITY OF CHICAGO:WARD 48 PRECINCT 10,CITY OF CHICAGO:WARD 48 PRECINCT 10,1.2,29.11395858,13.34519072,13.34519072,13.34519072,13.34519072,2.080043908,13.34519072,2.080043908,15.58470261,22.5233147,22.0476841,10.5801107,4.41396022,5.56956833,2.574209902,18.34358121,26.56087383,25.45194637,11.2393837,5.013874148,6.241510767,2.962153165,13.26548809,24.40972597,25.47192883,13.86911349,4.12622348,0.002813658,0.004770904,0.2,0.3,1,1.000932833,1.5,1.8,1.4,1,1.000613243,259.4616441,228.629344,62.97105354,47.81619404,15.1548595,0.242698892,0.184290029,0.058408863,1102.502713,519,1
CITY OF CHICAGO:WARD 48 PRECINCT 11,CITY OF CHICAGO:WARD 48 PRECINCT 11,CITY OF CHICAGO:Ward 48 Precinct 11,,,,,,,,,,0.730795001,0.071363727,0.058764671,0.114495094,0.011982851,0.000369325,0.6107,0.3958,0.6042,0.3593,0.3075,0.0184,0,0.2986,0.115633768,0.038859447,0.138920995,0.201894422,0.188587147,0.109403661,0.12869119,0.047541372,0.030467998,0.0277141,0.010580461,0.009123686,0.043485418,5.14E-10,0.047537619,0.025272809,0.049362358,0.014478525,0.079492826,0.079055334,0.150289619,0.096009914,0.054433843,0.076827869,0.236335619,48011,0.276451883,0.42081448,221,0.008695652,345,0.637383178,535,43.7,93946,210.703884,1.232001275,0.48637962,0.347044692,1.028118475,0.684890357,0.773386015,0.599622092,0.353455191,0.684890357,complete,CITY OF CHICAGO,Ward 48 Precinct 11,1,0,0,,0,0,0,597,398,265,117,88,59,0.0953,18.58871113,74,0.4904,26.83762118,107,0.4009,25.64378098,102,0.01016,11.40634111,45,0.0008,5.108261524,20,0.00214,6.319769474,25,0.0003,3.019756329,12,CITY OF CHICAGO:WARD 48 PRECINCT 11,CITY OF CHICAGO:WARD 48 PRECINCT 11,CITY OF CHICAGO:WARD 48 PRECINCT 11,1.2,37.49986594,11.42835712,11.42835712,11.42835712,11.42835712,2.679174235,11.42835712,2.679174235,15.5844309,22.50166758,21.93822135,10.61049995,4.402080896,5.570944387,2.576106302,18.37002598,26.57689769,25.35941941,11.29005086,5.006560174,6.244603168,2.96576591,13.26521637,24.38807885,25.36246607,13.89950274,4.114344156,0.004189714,0.006667305,0.2,0.3,1,1.001145535,1.5,1.8,1.4,1,1.000490008,282.6899593,249.0973962,68.60853999,52.09694111,16.51159889,0.242698892,0.18429003,0.058408862,1206.669444,398,1
CITY OF CHICAGO:WARD 48 PRECINCT 15,CITY OF CHICAGO:WARD 48 PRECINCT 15,CITY OF CHICAGO:Ward 48 Precinct 15,,,,,,,,,,0.456730634,0.148611216,0.224471631,0.16575554,0.014541005,0.001873238,0.3965,0.0689,0.9311,0.2768,0.549,0.0144,0.0377,0.1222,0.072854233,0.051557373,0.282075886,0.208459624,0.093736998,0.08514885,0.113309609,0.063280915,0.029576511,0.069988267,0.10774014,0.050673452,0.028490554,0.016895869,0.04754473,0.08906755,0.044441118,0.048593649,0.081832629,0.142552495,0.120383748,0.046770601,0.027356055,0.044612287,0.033056856,48015,0.227813285,0.306930693,101,0.292775665,263,0.851239669,484,36.5,49647,215.4588377,1.024792373,-0.212681636,1.344101637,1.708463379,0.998099865,0.966168938,1.073686404,0.922503832,0.998099865,complete,CITY OF CHICAGO,Ward 48 Precinct 15,1,0,0,,0,0,0,414,276,184,180,135,90,0.08788,18.33884231,51,0.4671,26.78859658,74,0.43408,26.26704073,72,0.00794,11.032502,30,0.00074,5.144070569,14,0.00208,6.330361429,17,0.00018,3.006332796,8,CITY OF CHICAGO:WARD 48 PRECINCT 15,CITY OF CHICAGO:WARD 48 PRECINCT 15,CITY OF CHICAGO:WARD 48 PRECINCT 15,1.2,25.91265775,14.07693754,14.07693754,14.07693754,14.07693754,1.851327285,14.07693754,1.851327285,15.58394516,22.65833676,22.74945355,10.41109657,4.490044287,5.576704389,2.581785223,18.16108728,26.43615849,26.02351483,10.93979322,5.057660636,6.237013534,2.958095195,13.26473063,24.54474803,26.17369828,13.70009935,4.202307547,0.009949716,0.012346226,0.2,0.3,1,1.002997449,1.5,1.8,1.4,1,1.000355442,202.6057005,191.357105,27.65867643,21.99348928,5.665187154,0.136514799,0.108553161,0.027961638,1825.999982,276,1
CITY OF CHICAGO:WARD 48 PRECINCT 17,CITY OF CHICAGO:WARD 48 PRECINCT 17,CITY OF CHICAGO:Ward 48 Precinct 17,,,,,,,,,,0.508076355,0.066079294,0.146842873,0.255506595,0.016152716,1.07E-11,0.5991,0.4475,0.5525,0.3177,0.3272,0.0498,0.0239,0.2561,0.031645568,0.003797471,0.069620254,0.206329106,0.132911387,0.203797461,0.137974681,0.11898734,0.094936709,0.099650347,0.02797203,0.043706293,0.066433563,0.019230769,0.047202797,0.017482517,0.034965037,0.04020979,0.083916079,0.066433569,0.096153845,0.24825173,0.026223776,0.019230769,0.062937063,48017,-0.002077177,0.106382979,235,-0.096774194,124,0.594059406,202,53.2,64342,91.53285795,0.045418949,-1.443718473,-0.023130744,0.8902919,-0.139639561,-0.132784592,-0.117708791,0.826279826,-0.139639561,complete,CITY OF CHICAGO,Ward 48 Precinct 17,1,0,0,,0,0,0,257,171,114,75,57,38,0.11536,20.94898992,36,0.79198,31.73389844,54,0.08424,19.52674309,33,0.00674,11.10031094,19,0.00028,3.889093409,7,0.00116,6.402421375,11,0.00024,3.095618871,5,CITY OF CHICAGO:WARD 48 PRECINCT 17,CITY OF CHICAGO:WARD 48 PRECINCT 17,CITY OF CHICAGO:WARD 48 PRECINCT 17,1.2,72.33180202,3.750076582,3.750076582,3.750076582,3.750076582,5.167738485,3.750076582,3.750076582,16.53068763,24.77298579,15.84066119,9.834037767,3.251494974,5.576541997,2.584621202,20.81338886,31.3759652,19.36321528,11.05757929,3.828583916,6.325255304,3.049335336,14.21147311,26.65939706,19.26490592,13.12304055,2.963758234,0.009787325,0.015182205,0.2,0.3,1,1.000718135,1.5,1.8,1.4,1,1.000113431,420.1779119,387.4735862,71.94655692,54.97575426,16.97080266,0.171228794,0.13083923,0.040389564,1903.117043,171,0.999999976
CITY OF CHICAGO:WARD 48 PRECINCT 19,CITY OF CHICAGO:WARD 48 PRECINCT 19,CITY OF CHICAGO:Ward 48 Precinct 19,,,,,,,,,,0.677890309,0.102792363,0.08163469,0.12364466,0.013580273,0.002136198,0.6107,0.3957,0.6043,0.3592,0.3076,0.0184,0,0.2986,0.104937485,0.031902893,0.161218637,0.21803211,0.178938357,0.105641993,0.120127331,0.046036868,0.033164327,0.023173848,0.016028554,0.008832514,0.052168379,1.31E-09,0.037877787,0.033297141,0.040821959,0.021933805,0.081298222,0.073241667,0.162098533,0.098566817,0.046280041,0.063978895,0.240401836,48019,0.400322085,0.293532338,201,-0.030769231,260,0.503957784,379,42.5,92170,153.9416247,1.759709919,-0.294925748,0.20853183,0.603650241,0.414123752,0.569241561,0.341981805,0.481789552,0.414123752,complete,CITY OF CHICAGO,Ward 48 Precinct 19,1,0,0,,0,0,0,513,342,228,81,61,41,0.09338,18.54078052,63,0.49146,26.90822169,92,0.40336,25.69437757,88,0.00896,11.38439775,39,0.00074,5.077498413,17,0.00186,6.351386382,22,0.00024,2.983304686,10,CITY OF CHICAGO:WARD 48 PRECINCT 19,CITY OF CHICAGO:WARD 48 PRECINCT 19,CITY OF CHICAGO:WARD 48 PRECINCT 19,1.2,49.21969646,8.749462157,8.749462157,8.749462157,8.749462157,3.516496375,8.749462157,3.516496375,15.5843442,22.52972826,22.0835171,10.57424268,4.417835589,5.571785605,2.576990322,18.33247535,26.55179992,25.4795394,11.22636024,5.015852324,6.243045202,2.964250746,13.26512967,24.41613953,25.50776183,13.86324547,4.130098849,0.005030932,0.007551324,0.2,0.3,1,1.001078684,1.5,1.8,1.4,1,1.00036341,291.906076,257.2183451,70.84528097,53.79537901,17.04990195,0.242698891,0.184290028,0.058408863,1246.097514,342,1
CITY OF CHICAGO:WARD 48 PRECINCT 20,CITY OF CHICAGO:WARD 48 PRECINCT 20,CITY OF CHICAGO:Ward 48 Precinct 20,,,,,,,,,,0.620869518,0.099130427,0.076521775,0.180869585,0.024347823,0.00347826,0.6076,0.5735,0.4265,0.3938,0.2041,0.09,0.0192,0.2473,0.032310177,4.87E-09,0.064620384,0.216478179,0.142164777,0.206785133,0.132471728,0.114701126,0.090468492,0.102272719,0.025,0.040909089,0.070454538,0.02045455,0.045454545,0.013636368,0.022727277,0.03409091,0.086363633,0.061363638,0.095454563,0.272727248,0.02954546,0.015909095,0.063636368,48020,0.187216301,0.328413284,271,-0.098765432,162,0.642023346,257,52.6,69444,104.3117959,0.851842148,-0.080813462,-0.030119541,1.042880311,0.357751195,0.445947364,0.262537814,0.699974081,0.357751195,complete,CITY OF CHICAGO,Ward 48 Precinct 20,1,0,0,,0,0,0,312,208,139,86,65,43,0.10928,18.95060637,39,0.53652,27.18729715,57,0.33824,24.47769771,51,0.01292,12.07128691,25,0.00076,5.000517065,10,0.00192,6.338917058,13,0.00036,3.001810897,6,CITY OF CHICAGO:WARD 48 PRECINCT 20,CITY OF CHICAGO:WARD 48 PRECINCT 20,CITY OF CHICAGO:WARD 48 PRECINCT 20,1.2,51.72711383,8.176321808,8.176321808,8.176321808,8.176321808,3.695638563,8.176321808,3.695638563,15.58380194,22.2348472,20.5679124,10.96931254,4.253452482,5.572918768,2.579656247,18.72167706,26.80314512,24.19649262,11.91559357,4.915352299,6.26916211,2.991900416,13.26458741,24.12125846,23.99215713,14.25831533,3.965715742,0.006164095,0.01021725,0.2,0.3,1,1.001130115,1.5,1.8,1.4,1,1.000181117,74.33439426,71.53592292,10.14445853,8.570318405,1.574140124,0.136470588,0.115294118,0.021176471,444.5790456,208,1
CITY OF CHICAGO:WARD 48 PRECINCT 23,CITY OF CHICAGO:WARD 48 PRECINCT 23,CITY OF CHICAGO:Ward 48 Precinct 23,,,,,,,,,,0.574468082,0.075435204,0.112185689,0.23017408,0.010638298,0.000967118,0.5615,0.4099,0.5901,0.2921,0.4911,0.0495,0.037,0.107,0.037760417,1.30E-09,0.132812496,0.134114588,0.07682292,0.180989584,0.154947916,0.087239584,0.195312494,0.110062892,2.84E-09,0.044025157,0.059748429,0.037735848,0.011006291,0.062893079,0.029874215,0.011006291,0.006289312,0.160377352,0.17295597,0.163522017,0.077044022,0.009433963,0.044025158,48023,-0.207235412,0.358108108,296,-0.13442623,305,0.501144165,437,56.8,71912,207.1376688,-0.828590879,0.101464468,-0.155280921,0.594699232,-0.004596029,-0.071927025,-0.021266808,0.655671241,-0.004596029,complete,CITY OF CHICAGO,Ward 48 Precinct 23,1,0,0,,0,0,0,536,357,238,144,108,72,0.1207,21.33316406,76,0.79764,31.98105104,114,0.07454,19.28560373,69,0.00582,10.78502851,39,0.00026,3.83913606,14,0.00082,6.449535646,23,0.00022,3.029744692,11,CITY OF CHICAGO:WARD 48 PRECINCT 23,CITY OF CHICAGO:WARD 48 PRECINCT 23,CITY OF CHICAGO:WARD 48 PRECINCT 23,1.2,66.86669274,4.726003829,4.726003829,4.726003829,4.726003829,4.777284289,4.726003829,4.726003829,16.70696151,24.90401248,15.60954069,9.483735582,3.198588881,5.575011595,2.582727537,21.13588623,31.68298203,19.15638528,10.6819602,3.774836671,6.328778002,3.052494771,14.38774699,26.79042375,19.03378542,12.77273837,2.910852141,0.008256922,0.01328854,0.2,0.3,1,1.000386685,1.5,1.8,1.4,1,1.000099019,32.06101875,30.2118916,4.466353189,3.897390954,0.568962235,0.1393079,0.121561669,0.017746231,582.3781844,357,1
CITY OF CHICAGO:WARD 48 PRECINCT 24,CITY OF CHICAGO:WARD 48 PRECINCT 24,CITY OF CHICAGO:Ward 48 Precinct 24,,,,,,,,,,0.571083637,0.096425086,0.178613611,0.148176116,0.011599893,0.000471749,0.4626,0.3435,0.6565,0.4877,0.282,0.0026,0.0225,0.1751,0.014428457,0.055673208,0.076948379,0.238331927,0.1505497,0.1534983,0.125898653,0.075870845,0.108800521,0.065308288,0.030683236,0.031349826,0.112690851,0.034285985,0.023679738,0.02335366,0.068268978,0.036748899,0.034454799,0.190560418,0.126872431,0.068253108,0.033143264,0.025465961,0.094880549,48024,-0.058954336,0.056994819,193,0.036697248,436,0.6,825,48.6,63084,391.9864923,-0.196887659,-1.746881461,0.445323995,0.909190802,-0.083092415,-0.14731358,0.0354351,0.458353832,-0.083092415,complete,CITY OF CHICAGO,Ward 48 Precinct 24,1,0,0,,0,0,0,881,587,391,178,134,89,0.11416,21.00012285,123,0.79456,31.71879403,186,0.0823,19.54334124,115,0.00738,11.19013985,66,0.00042,3.941384885,23,0.00104,6.376158946,37,0.00014,3.091544019,18,CITY OF CHICAGO:WARD 48 PRECINCT 24,CITY OF CHICAGO:WARD 48 PRECINCT 24,CITY OF CHICAGO:WARD 48 PRECINCT 24,1.2,70.17418157,4.135371821,4.135371821,4.135371821,4.135371821,5.013587503,4.135371821,4.135371821,16.53170469,24.77480283,15.84214397,9.837430438,3.251686171,5.57503471,2.580049677,20.81397212,31.37705456,19.36429858,11.06122358,3.828356297,6.32370113,3.044716923,14.21249017,26.6612141,19.2663887,13.12643323,2.963949431,0.008280037,0.010610679,0.2,0.3,1,1.000197755,1.5,1.8,1.4,1,1.000046112,446.3500784,420.6067286,62.18009109,54.25906023,7.921030853,0.139307898,0.121561668,0.017746229,2321.199062,587,0.999999991
CITY OF CHICAGO:WARD 48 PRECINCT 26,CITY OF CHICAGO:WARD 48 PRECINCT 26,CITY OF CHICAGO:Ward 48 Precinct 26,,,,,,,,,,0.591999965,0.067428566,0.101714278,0.237714262,0.012571428,2.91E-11,0.583,0.5601,0.4399,0.6095,0.1895,0,0.0282,0.1729,6.23E-10,0.070512814,0.101282047,0.155128193,0.158974344,0.167948706,0.124358966,0.12820512,0.093589738,0.16297785,0.092555324,2.36E-09,0.010060362,0.014084507,0.07042253,0.01609658,4.91E-09,0.046277664,0.01609658,0.136820916,0.148893347,0.072434602,0.098591538,0.014084507,0.100603614,48026,0.069363315,0.291666667,96,-0.03255814,215,0.632545932,381,52.3,67831,154.5359939,0.349767893,-0.306377934,0.202253161,1.01272967,0.299841725,0.314593198,0.277373717,0.213174146,0.299841725,complete,CITY OF CHICAGO,Ward 48 Precinct 26,1,0,0,,0,0,0,387,258,172,117,88,59,0.10938,18.96674319,49,0.53456,27.16130121,70,0.33978,24.44612376,63,0.01334,11.99862834,31,0.00082,4.945349318,13,0.00178,6.379076333,16,0.00034,3.100279412,8,CITY OF CHICAGO:WARD 48 PRECINCT 26,CITY OF CHICAGO:WARD 48 PRECINCT 26,CITY OF CHICAGO:WARD 48 PRECINCT 26,1.2,54.28929028,7.590664741,7.590664741,7.590664741,7.590664741,3.878693007,7.590664741,3.878693007,15.58326328,22.23388485,20.56712708,10.97086969,4.25335122,5.574887897,2.582889465,18.72012389,26.80059835,24.1944185,11.91687472,4.91515337,6.27107598,2.995078376,13.26404876,24.12029612,23.99137181,14.25987247,3.96561448,0.008133224,0.013450468,0.2,0.3,1,1.002115259,1.5,1.8,1.4,1,1.000178899,247.5273593,228.2836165,34.71420284,27.167637,7.546565843,0.140243902,0.109756098,0.030487805,698.2900235,258,0.999999928
CITY OF CHICAGO:WARD 48 PRECINCT 27,CITY OF CHICAGO:WARD 48 PRECINCT 27,CITY OF CHICAGO:Ward 48 Precinct 27,,,,,,,,,,0.543677875,0.112388958,0.135791187,0.189597869,0.010702973,0.001495167,0.2261,0.3072,0.6928,0.2832,0.3522,0.0106,0.1768,0.1712,0.036869813,0.276029873,0.29178471,0.104571008,0.10016084,0.040788324,0.063864613,0.064889249,0.021041571,0.122847674,0.058560574,0.057580744,0.056944846,0.05492519,0.034842595,0.07650953,0.017875469,0.042488305,0.067822004,0.113180311,0.113657732,0.043325155,0.032778443,0.04273376,0.063927667,48027,0.125457794,0.1875,128,0.049586777,242,0.756097561,451,32.1,47343,268.9520664,0.588740147,-0.945791875,0.490563343,1.405786345,0.375006809,0.38482449,0.39615458,0.78978401,0.375006809,complete,CITY OF CHICAGO,Ward 48 Precinct 27,1,0,0,,0,0,0,651,434,289,132,99,66,0.08702,18.37727568,80,0.46626,26.75589752,116,0.43628,26.34532471,114,0.008,11.0874903,48,0.00058,5.152485401,22,0.00156,6.295763446,27,0.0003,3.024079002,13,CITY OF CHICAGO:WARD 48 PRECINCT 27,CITY OF CHICAGO:WARD 48 PRECINCT 27,CITY OF CHICAGO:WARD 48 PRECINCT 27,1.2,50.96018537,8.351624752,8.351624752,8.351624752,8.351624752,3.640845434,8.351624752,3.640845434,15.58371923,22.65793312,22.74912417,10.40382774,4.490001815,5.574764842,2.581223345,18.16318811,26.43946523,26.02652691,10.93292745,5.058303025,6.235226566,2.957685896,13.2645047,24.54434439,26.1733689,13.69283053,4.202265075,0.008010169,0.011784348,0.2,0.3,1,1.017020545,1.5,1.8,1.4,1,1.000494442,206.8005371,196.0349775,22.64255599,16.44558232,6.196973673,0.109489832,0.079523886,0.029965946,3178.528628,434,1
CITY OF CHICAGO:WARD 48 PRECINCT 29,CITY OF CHICAGO:WARD 48 PRECINCT 29,CITY OF CHICAGO:Ward 48 Precinct 29,,,,,,,,,,0.683722349,0.054610693,0.13872627,0.104437802,0.015327423,0.000120468,0.5915,0.3481,0.6519,0.2233,0.48,0,0.0297,0.2671,0.021531324,0.045641141,0.105195851,0.117532386,0.071560909,0.182140466,0.169410234,0.166171543,0.120816145,0.067553843,0.046267697,0.055723278,0.034150003,0.015955189,0.078503117,0.022238179,0.12376202,0.077253452,0.063192891,0.114317173,0.097290228,0.068227207,0.024891068,0.038352712,0.072321943,48029,0.143332146,0.23566879,157,0.0625,192,0.666666667,204,58.3,48615,107.2836419,0.664888001,-0.650113836,0.535885851,1.121278483,0.40508441,0.417984625,0.428664655,0.517555513,0.40508441,complete,CITY OF CHICAGO,Ward 48 Precinct 29,1,0,0,,0,0,0,375,250,167,75,57,38,0.11872,19.48536103,49,0.56386,27.69387038,69,0.30444,24.09971658,60,0.00938,11.4072089,29,0.00116,4.910548745,12,0.00208,6.353400567,16,0.00036,3.006580814,8,CITY OF CHICAGO:WARD 48 PRECINCT 29,CITY OF CHICAGO:WARD 48 PRECINCT 29,CITY OF CHICAGO:WARD 48 PRECINCT 29,1.2,49.6219351,8.657519271,8.657519271,8.657519271,8.657519271,3.545234275,8.657519271,3.545234275,15.90725489,22.47557048,20.14460579,10.33736808,4.1565114,5.572948278,2.577165689,19.27418936,27.3149742,23.85939003,11.26068874,4.828256553,6.277803035,2.998021272,13.58804037,24.36198175,23.56885052,13.62637087,3.86877466,0.006193605,0.007726691,0.2,0.3,1,1.000719731,1.5,1.8,1.4,1,1.000143658,15.39185359,13.84964446,2.933221577,2.146997229,0.786224348,0.190569743,0.139489193,0.05108055,57.28295072,250,1
CITY OF CHICAGO:WARD 49 PRECINCT 01,CITY OF CHICAGO:WARD 49 PRECINCT 01,CITY OF CHICAGO:Ward 49 Precinct 01,,,,,,,,,,0.300799198,0.141814356,0.499050594,0.047206612,0.031950519,0.001766438,0.3304,0.3258,0.6742,0.3954,0.2816,0.085,0.0803,0.1469,0.095836014,0.089532603,0.171191273,0.146649669,0.117342126,0.201854404,0.118979704,0.044496348,0.014117859,0.122558509,0.061980893,0.017466658,0.107731874,0.071751273,0.029651316,0.012442501,0.016166076,0.029148437,0.022735486,0.099326123,0.213463026,0.070947724,0.01264021,0.041440308,0.070549587,49001,0.308764319,-0.099099099,111,0.262032086,374,0.765690377,717,46.2,61264,328.0918025,1.369657883,-2.70504428,1.23619859,1.436304116,0.320933148,0.334279077,0.501317051,1.546744164,0.320933148,complete,CITY OF CHICAGO,Ward 49 Precinct 01,1,0,0,,0,0,0,827,551,367,117,88,59,0.10936,18.95333221,104,0.53666,27.15633393,150,0.33754,24.42711851,135,0.01302,12.04193937,66,0.00096,5.011300943,28,0.00194,6.426067464,35,0.00052,2.958536527,16,CITY OF CHICAGO:WARD 49 PRECINCT 01,CITY OF CHICAGO:WARD 49 PRECINCT 01,CITY OF CHICAGO:WARD 49 PRECINCT 01,1.8,53.35884511,7.803344,7.803344,7.803344,7.803344,3.812217443,7.803344,3.812217443,15.58506852,22.23711002,20.56975897,11.00410589,4.253690588,5.581712734,2.581364058,18.71149169,26.78746558,24.18326437,11.94874765,4.912303012,6.277199369,2.99285152,13.26585399,24.12352129,23.9940037,14.29310867,3.965953848,0.014958061,0.011925061,0.2,0.3,1,2.479172073,1.5,1.8,1.4,1,1.003167403,483.3391235,452.0477291,66.31351261,46.186209,20.12730361,0.137198727,0.095556529,0.041642198,2782.949482,551,1
CITY OF CHICAGO:WARD 49 PRECINCT 04,CITY OF CHICAGO:WARD 49 PRECINCT 04,CITY OF CHICAGO:Ward 49 Precinct 04,,,,,,,,,,0.505132931,0.128750952,0.26517735,0.082667915,0.021217852,0.001345394,0.5372,0.249,0.751,0.3249,0.3994,0.0216,0.0522,0.1662,0.036604124,0.013148446,0.28071768,0.266857187,0.186292782,0.073382574,0.081366141,0.036701188,0.024929864,0.040605755,0.054266419,0.045758586,0.05140361,0.021738742,0.067533329,0.078062788,0.099425619,0.144566981,0.039201352,0.039755978,0.081211673,0.145184366,0.062147783,0.001091414,0.028045588,49004,0.519855016,0.360995851,241,0.401785714,448,0.819025522,862,36.5,46425,401.7935842,2.268941033,0.119190514,1.726702389,1.605980023,1.375979625,1.43020349,1.435279405,1.182857213,1.375979625,complete,CITY OF CHICAGO,Ward 49 Precinct 04,1,0,0,,0,0,0,1011,674,449,176,132,88,0.08862,18.35903871,124,0.4634,26.77295757,180,0.43672,26.28778426,177,0.00836,11.05409037,75,0.00076,5.082336207,34,0.00194,6.361749742,43,0.0002,3.03976583,20,CITY OF CHICAGO:WARD 49 PRECINCT 04,CITY OF CHICAGO:WARD 49 PRECINCT 04,CITY OF CHICAGO:WARD 49 PRECINCT 04,1.226962452,15.85145856,16.37670593,16.37670593,16.37670593,16.37670593,1.132505898,16.37670593,1.132505898,15.58473249,22.65974338,22.75060142,10.41500893,4.490192298,5.575986479,2.578557626,18.16116086,26.43641744,26.02357337,10.94370973,5.057414297,6.236237767,2.95480974,13.26551797,24.54615465,26.17484615,13.70401171,4.202455558,0.009231807,0.009118629,0.2,0.3,1,1.208261524,1.5,1.8,1.4,1,1.000907783,451.8067025,422.4469952,62.64949932,40.30509669,22.34440263,0.138664387,0.089208718,0.049455669,2852.343026,674,0.999999985
CITY OF CHICAGO:WARD 49 PRECINCT 05,CITY OF CHICAGO:WARD 49 PRECINCT 05,CITY OF CHICAGO:Ward 49 Precinct 05,,,,,,,,,,0.596884681,0.106269647,0.169720942,0.105757741,0.016264206,0.001009363,0.5037,0.2561,0.7439,0.4815,0.2782,0.0215,0.0425,0.172,0.019212926,0.151034283,0.243969333,0.201573911,0.073136648,0.193297297,0.080456574,0.03176091,0.00555809,0.088790516,0.094598149,0.09872757,0.043619733,0.014352464,0.002735553,0.051095103,0.018479535,0.071645495,0.043009826,0.102960453,0.130058688,0.097700337,0.056062037,0.026419362,0.059745152,49005,0.202274151,0.138888889,216,0.211650485,515,0.762057878,933,37,53710,404.7654303,0.915991212,-1.244185046,1.059370503,1.424747992,0.553319095,0.538981166,0.657396962,0.636100362,0.553319095,complete,CITY OF CHICAGO,Ward 49 Precinct 05,1,0,0,,0,0,0,747,498,332,149,112,75,0.08796,18.3836731,92,0.46472,26.76046504,133,0.43726,26.30048441,131,0.00724,11.08203311,55,0.00064,5.08601704,25,0.00184,6.363149919,32,0.00034,3.003090598,15,CITY OF CHICAGO:WARD 49 PRECINCT 05,CITY OF CHICAGO:WARD 49 PRECINCT 05,CITY OF CHICAGO:WARD 49 PRECINCT 05,1.2,43.07815779,10.15328254,10.15328254,10.15328254,10.15328254,3.077714748,10.15328254,3.077714748,15.58451369,22.65935248,22.75028243,10.40720525,4.490151166,5.57384135,2.577828443,18.16345918,26.44004012,26.02686688,10.9363472,5.058107303,6.234257295,2.954245215,13.26529917,24.54576375,26.17452716,13.69620804,4.202414426,0.007086677,0.008389446,0.2,0.3,1,1.076050413,1.5,1.8,1.4,1,1.000581406,212.0221191,198.3081787,27.7704025,17.3353297,10.43507279,0.130978799,0.081761892,0.049216906,1770.61969,498,0.999999971
CITY OF CHICAGO:WARD 49 PRECINCT 06,CITY OF CHICAGO:WARD 49 PRECINCT 06,CITY OF CHICAGO:Ward 49 Precinct 06,,,,,,,,,,0.580914389,0.109365215,0.114924979,0.179308475,0.010845234,0.002318395,0.1882,0.1669,0.8331,0.2911,0.3322,0.0091,0.1804,0.1815,0.005573232,0.355746546,0.293001257,0.112294392,0.023745593,0.114353973,0.045609647,0.033686214,0.015989131,0.102961485,0.119408978,0.260135415,0.101040205,0.028196977,0.006423679,0.024742086,0.001174948,0.029784518,0.022598485,0.110231713,0.030683219,0.036627911,0.055635159,0.065933444,0.004421764,49006,0.31417198,0.301775148,169,0.166666667,36,0.813953488,86,28.7,20866,54.08759788,1.392695461,-0.244328299,0.901487421,1.589844285,0.860803913,0.909924717,0.859116454,0.73828552,0.860803913,complete,CITY OF CHICAGO,Ward 49 Precinct 06,1,0,0,,0,0,0,299,199,133,127,96,64,0.05286,16.4444425,33,0.19272,22.43523847,45,0.7465,30.25110749,60,0.0031,9.553420521,19,0.00296,9.321300154,19,0.00162,6.39706605,13,0.00024,3.09668124,6,CITY OF CHICAGO:WARD 49 PRECINCT 06,CITY OF CHICAGO:WARD 49 PRECINCT 06,CITY OF CHICAGO:WARD 49 PRECINCT 06,1.2,30.64861829,12.99440133,12.99440133,12.99440133,12.99440133,2.189687521,12.99440133,2.189687521,14.39847598,18.18029192,24.93059867,8.691806201,7.594439983,5.573954051,2.580322981,16.18892184,22.03078469,29.76999818,9.379001974,9.155410925,6.283417909,3.005787666,12.07926146,20.06670319,28.3548434,11.98080899,7.306703243,0.007199378,0.010883984,0.2,0.3,1,1.031998361,1.5,1.8,1.4,1,1.000519237,90.1034767,84.00952214,11.897721,7.254707999,4.643012999,0.132045082,0.080515295,0.051529787,506.4737302,199,0.999999987
CITY OF CHICAGO:WARD 49 PRECINCT 16,CITY OF CHICAGO:WARD 49 PRECINCT 16,CITY OF CHICAGO:Ward 49 Precinct 16,,,,,,,,,,0.529341217,0.157746999,0.223410526,0.081928695,0.018413367,0.003197167,0.5522,0.2018,0.7982,0.4441,0.2879,0.0524,0.0195,0.1524,0.098654134,0.076096634,0.157072341,0.194886278,0.217266266,0.118219438,0.059517878,0.029504443,0.048782587,0.04864539,0.09458416,0.036912748,0.03028062,0.055642314,0.038279529,0.037295055,0.032408086,0.042197378,0.086672259,0.114712454,0.140074455,0.034919731,0.073448575,0.078554998,0.05537225,49016,0.417957802,0.322916667,192,0.256017505,457,0.850356295,842,42.2,59663,369.697647,1.834841146,-0.114553752,1.215088764,1.705653088,1.098282073,1.160257311,1.109248364,0.984480108,1.098282073,complete,CITY OF CHICAGO,Ward 49 Precinct 16,1,0,0,,0,0,0,909,606,404,190,143,95,0.0922,18.56115496,112,0.49002,26.92860843,163,0.40632,25.716811,156,0.00854,11.32302416,69,0.00082,5.079652448,31,0.0019,6.314807896,38,0.0002,3.051906455,18,CITY OF CHICAGO:WARD 49 PRECINCT 16,CITY OF CHICAGO:WARD 49 PRECINCT 16,CITY OF CHICAGO:WARD 49 PRECINCT 16,1.21926463,22.82447772,14.78282743,14.78282743,14.78282743,14.78282743,1.630692567,14.78282743,1.630692567,15.58473949,22.53748838,22.12044895,10.57638984,4.42185265,5.574806193,2.577714752,18.3199508,26.54060962,25.50509826,11.22110384,5.017188231,6.245231527,2.964140912,13.26552497,24.42389965,25.54469368,13.86539262,4.13411591,0.00805152,0.008275754,0.2,0.3,1,1.19539407,1.5,1.8,1.4,1,1.001542201,532.4805278,497.3310659,72.05000761,48.1046091,23.94539851,0.135310127,0.090340598,0.044969529,2768.433209,606,1
CITY OF CHICAGO:WARD 49 PRECINCT 17,CITY OF CHICAGO:WARD 49 PRECINCT 17,CITY OF CHICAGO:Ward 49 Precinct 17,,,,,,,,,,0.511551676,0.1840873,0.208977524,0.084321059,0.026375148,0.000773557,0.4604,0.308,0.692,0.3325,0.2714,0.0237,0.0781,0.2677,0.102850529,0.081504363,0.215288307,0.18341128,0.16415652,0.140690799,0.074282435,0.025929789,0.011885978,0.050859303,0.057049888,0.045293496,0.029067711,0.033069901,0.027664123,0.06672881,0.033958968,0.04998336,0.091679332,0.105247263,0.135204012,0.075763594,0.08449498,0.030684248,0.083251009,49017,0.314577564,0.132075472,159,0.266159696,526,0.812080537,894,40.1,62087,395.8498922,1.39442332,-1.286008346,1.250685573,1.583885837,0.721372821,0.735746596,0.824360617,1.023570725,0.721372821,complete,CITY OF CHICAGO,Ward 49 Precinct 17,1,0,0,,0,0,0,1062,708,472,190,143,95,0.09024,18.40982691,130,0.48028,26.90004789,190,0.4187,26.03034702,184,0.00814,11.19293608,79,0.00066,5.134121387,36,0.0017,6.31694349,45,0.00028,2.995385099,21,CITY OF CHICAGO:WARD 49 PRECINCT 17,CITY OF CHICAGO:WARD 49 PRECINCT 17,CITY OF CHICAGO:WARD 49 PRECINCT 17,1.2,36.01443551,11.76789378,11.76789378,11.76789378,11.76789378,2.573047805,11.76789378,2.573047805,15.58471682,22.58682514,22.37490467,10.50870165,4.449447624,5.574457355,2.577551412,18.25635711,26.4996785,25.71654672,11.10627686,5.033749754,6.240809681,2.959904564,13.2655023,24.47323641,25.7991494,13.79770444,4.161710884,0.007702682,0.008112414,0.2,0.3,1,1.131727368,1.5,1.8,1.4,1,1.00182124,548.0623795,512.4343897,69.8099077,48.20878604,21.60112166,0.127375843,0.087962224,0.039413619,3541.72464,708,1
CITY OF CHICAGO:WARD 50 PRECINCT 05,CITY OF CHICAGO:WARD 50 PRECINCT 05,CITY OF CHICAGO:Ward 50 Precinct 05,,,,,,,,,,0.514108344,0.230590342,0.114021704,0.127864487,0.026685471,0.004028364,0.3192,0.5823,0.4177,0.5605,0.246,0.0151,0.0162,0.1172,0.127394033,0.205798172,0.094713078,0.092723505,0.168231367,0.079915625,0.131944371,0.050069423,0.049210424,0.008113289,0.043857588,0.012252968,0.01167519,0.026368122,0.01692073,0.024850027,0.025032023,0.023710927,0.145323596,0.119851333,0.149900262,0.041260955,0.060932843,0.038426631,0.251523516,50005,-0.141843384,0.377358491,106,-0.174193548,310,0.442675159,628,46.7,82012,303.722665,-0.550009446,0.219630515,-0.294855262,0.408690895,-0.028620406,-0.054135824,-0.076764293,0.291892482,-0.028620406,complete,CITY OF CHICAGO,Ward 50 Precinct 05,1,0,0,,0,0,0,744,496,331,155,117,78,0.11564,20.96289367,104,0.79158,31.76638504,158,0.08384,19.42342173,96,0.00716,11.233533,56,0.00052,3.913167957,19,0.00106,6.422110639,32,0.0002,3.143892165,16,CITY OF CHICAGO:WARD 50 PRECINCT 05,CITY OF CHICAGO:WARD 50 PRECINCT 05,CITY OF CHICAGO:WARD 50 PRECINCT 05,1.301674419,67.91812609,4.538245011,4.538245011,4.538245011,4.538245011,4.852403842,4.538245011,4.538245011,16.53189716,24.77514669,15.84242458,9.832436812,3.251722354,5.572782116,2.577820088,20.81636206,31.38094301,19.36673903,11.0563708,3.828717503,6.321575995,3.042614793,14.21268264,26.66155796,19.26666931,13.1214396,2.963985614,0.006027444,0.00838109,0.2,0.3,1,1.263324004,1.5,1.8,1.4,1,1.116025292,450.0806171,445.0852719,18.48277747,14.48650118,3.996276287,0.041065482,0.032186459,0.008879023,3434.004168,496,1
CITY OF CHICAGO:WARD 50 PRECINCT 06,CITY OF CHICAGO:WARD 50 PRECINCT 06,CITY OF CHICAGO:Ward 50 Precinct 06,,,,,,,,,,0.521952237,0.165509455,0.143886061,0.15201453,0.023652687,0.001862731,0.387,0.7042,0.2958,0.6353,0.1655,0.0317,0.0605,0.107,0.118073545,0.092792606,0.094615415,0.135201469,0.090722051,0.170818329,0.16282973,0.081789908,0.053156948,0.020407073,0.039915844,0.03143544,0.013215675,0.022038369,0.051842513,0.045457581,0.062027687,0.006061014,0.055355564,0.109672569,0.14843966,0.039433312,0.0529178,0.100348966,0.201430933,50006,-0.130213465,0.174418605,172,-0.070063694,157,0.759450172,291,53.4,82170,126.006272,-0.500463964,-1.026090367,0.070617103,1.416452057,0.047236814,-0.009871293,0.063334493,0.276660162,0.047236814,complete,CITY OF CHICAGO,Ward 50 Precinct 06,1,0,0,,0,0,0,350,233,155,140,105,70,0.11684,21.00417056,49,0.79162,31.71933312,74,0.08314,19.56587486,46,0.00664,11.15123654,26,0.00028,3.821086861,9,0.0011,6.41593717,15,0.00038,3.083359024,7,CITY OF CHICAGO:WARD 50 PRECINCT 06,CITY OF CHICAGO:WARD 50 PRECINCT 06,CITY OF CHICAGO:WARD 50 PRECINCT 06,1.296170874,64.86334716,5.173668384,5.173668384,5.173668384,5.173668384,4.634155461,5.173668384,4.634155461,16.53166832,24.77473785,15.84209094,9.834627832,3.251679334,5.574152611,2.579564,20.81503578,31.37876749,19.36532337,11.05845641,3.828556787,6.322885569,3.044297785,14.21245379,26.66114911,19.26633567,13.12363062,2.963942594,0.007397938,0.010125003,0.2,0.3,1,1.369512401,1.5,1.8,1.4,1,1.060692921,223.8862144,221.4013507,9.193995439,7.206104481,1.987890958,0.041065483,0.032186459,0.008879023,877.3319889,233,1
CITY OF CHICAGO:WARD 50 PRECINCT 10,CITY OF CHICAGO:WARD 50 PRECINCT 10,CITY OF CHICAGO:Ward 50 Precinct 10,,,,,,,,,,0.527495146,0.118076694,0.071082065,0.268662478,0.017627396,0.003424007,0.3391,0.4707,0.5293,0.7068,0.088,0.0246,0.0622,0.1062,0.20486741,0.171532725,0.052695913,0.177781178,0.067455376,0.110874941,0.102655902,0.058911183,0.053225373,0.03177079,0.046514599,0.028641005,0.045977382,0.016425498,0.088994301,0.025879115,0.036920905,0.013733644,0.059541701,0.069841937,0.065964825,0.182280564,0.075324927,0.106955644,0.105233164,50010,0.211406477,0.125,96,-0.311258278,151,0.256097561,328,48.6,88552,209.5151456,0.954896512,-1.329440238,-0.775921633,-0.184871252,-0.506915967,-0.333834153,-0.595333463,0.047282999,-0.506915967,complete,CITY OF CHICAGO,Ward 50 Precinct 10,1,0,0,,0,0,0,378,252,168,146,110,73,0.38312,26.61192117,67,0.55494,28.80579304,73,0.0558,17.48684406,44,0.00416,9.400047462,24,0.00094,5.003489778,13,0.0007,6.502104508,16,0.00034,3.198729873,8,CITY OF CHICAGO:WARD 50 PRECINCT 10,CITY OF CHICAGO:WARD 50 PRECINCT 10,CITY OF CHICAGO:WARD 50 PRECINCT 10,1.8,82.37062902,1.957401581,1.957401581,1.957401581,1.957401581,5.884961493,1.957401581,1.957401581,18.89954535,20.42826409,12.88598634,7.587391094,3.780166328,5.574724231,2.583792702,26.30862286,28.42114638,17.31702596,9.231576723,4.92607984,6.441901066,3.166970363,16.58033082,22.31467536,16.31023106,10.87639388,3.492429588,0.007969559,0.014353704,0.2,0.3,1,1.068500762,1.5,1.8,1.4,1,1.430568289,472.440191,470.6236773,6.965930776,3.961569149,3.004361627,0.014744577,0.008385335,0.006359242,2671.164959,252,1
CITY OF CHICAGO:WARD 50 PRECINCT 22,CITY OF CHICAGO:WARD 50 PRECINCT 22,CITY OF CHICAGO:Ward 50 Precinct 22,,,,,,,,,,0.525975497,0.126151741,0.079683247,0.251695738,0.013793382,0.002733035,0.3,0.517,0.483,0.5715,0.1345,0.0201,0.089,0.1597,0.183430068,0.192988126,0.054876821,0.161237197,0.086331356,0.117027058,0.102157797,0.057101151,0.044850428,0.035512137,0.043037175,0.02356971,0.058225819,0.018581569,0.10306487,0.021894512,0.032259833,0.020314086,0.070249844,0.072181722,0.065204791,0.171352029,0.088525114,0.075688356,0.100338433,50022,0.248717852,0.098039216,102,-0.535714286,280,0.09127789,493,48,75425,313.8269415,1.113849471,-1.494935609,-1.563711732,-0.709214576,-0.931259232,-0.663503111,-1.111300956,0.241017173,-0.931259232,complete,CITY OF CHICAGO,Ward 50 Precinct 22,1,0,0,,0,0,0,434,289,193,135,102,68,0.3868,26.61667882,77,0.55052,28.75613417,83,0.05608,17.47766814,51,0.00456,9.338352833,27,0.00074,4.99851552,14,0.001,6.537352577,19,0.0003,3.241410124,9,CITY OF CHICAGO:WARD 50 PRECINCT 22,CITY OF CHICAGO:WARD 50 PRECINCT 22,CITY OF CHICAGO:WARD 50 PRECINCT 22,1.5,88.10675834,0.933077162,0.933077162,0.933077162,0.933077162,6.294778688,0.933077162,0.933077162,18.89970612,20.42855133,12.88622073,7.588213074,3.780196552,5.574585684,2.583139201,26.3085251,28.4211635,17.31710305,9.23249897,4.925987677,6.441745277,3.166299621,16.5804916,22.3149626,16.31046546,10.87721586,3.492459812,0.007831011,0.013700203,0.2,0.3,1,1.068425016,1.5,1.8,1.4,1,1.221304205,638.398429,637.297742,7.704808751,4.953091305,2.751717445,0.012068966,0.007758621,0.004310345,3199.798492,289,1
COOK:7501001,COOK:7501001,COOK:Evanston Ward 1 Precinct 1,,,,,,,,,,0.465692137,0.104620447,0.073235215,0.303889042,0.022195081,0.012160597,0.2301,0.445,0.555,0.227,0.1057,0,0.4159,0.2207,0.009982913,0.362094446,0.426386859,0.034624049,0.010471263,0.0327561,0.045933348,0.023333201,0.020580788,0.084867503,0.036534889,0.034713537,0.037408154,0.033566703,0.007683226,0.036596344,0.011874673,0.112535465,0.069504321,0.044647947,0.131637073,0.052306556,0.066795457,0.048985073,0.156506045,,0.848959732,0.473684211,19,0.06122449,49,0.83908046,174,25.5,65979,163.1543474,3.670984466,0.810913792,0.531409097,1.669781102,1.356814578,1.670772115,1.128941974,1.365540035,1.356814578,complete,COOK,Evanston Ward 1 Precinct 1,0,1,0,Evanston,1,0,0,383,255,170,26,20,13,0.02778,17.33528921,32,0.8611,34.53281244,64,0.10904,22.78855477,42,0.00016,4.552873598,8,0.0011,8.356190459,16,0.00076,6.223113613,12,6.00E-05,2.895703787,5,COOK:7501001,COOK:7501001,COOK:EVANSTON WARD 1 PRECINCT 1,1.2,16.26202258,16.28286004,16.28286004,16.28286004,16.28286004,1.161838605,16.28286004,1.161838605,16.52802709,33.73419748,20.70607213,4.695321803,7.594218057,5.575569482,2.580170486,17.18981493,34.18467688,22.67085781,4.430747842,8.284783898,6.165919999,2.88652183,14.20881257,35.62060875,24.13031685,7.984324589,7.306481317,0.008814809,0.010731488,1,1,0.2,3,1.002686841,1.004298946,1.002149473,1.397850527,1.006807594,191.2464053,187.3021674,7.773902079,5.27002047,2.50388161,0.040648618,0.027556181,0.013092438,2907.95,193,0.966164352
COOK:7501002,COOK:7501002,COOK:Evanston Ward 1 Precinct 2,,,,,,,,,,0.608574199,0.047519447,0.09998095,0.233615459,0.000617864,5.09E-06,0.3739,0.44,0.56,0.2935,0.1671,0.0001,0.3558,0.1835,0.028169624,0.180381473,0.381097052,0.079858439,0.04037533,0.073807679,0.093252564,0.092584877,0.030472961,0.141423797,0.031408334,0.041094743,0.050977248,0.039469306,0.039475274,0.070823148,0.037885215,0.009902322,0.051157381,0.079064867,0.025000776,0.141399352,0.037968069,0.074071588,0.128878582,,-0.252809307,0.509157509,273,0.120622568,257,0.614100186,539,28.9,57338,195.8446539,-1.022743613,1.028662156,0.73988299,0.954047938,0.601225028,0.424962368,0.664209153,1.14185852,0.601225028,complete,COOK,Evanston Ward 1 Precinct 2,0,1,0,Evanston,1,0,0,462,308,205,199,150,100,0.02746,17.29067919,53,0.86202,34.56575195,106,0.10842,22.79488931,70,0.00012,4.531261723,14,0.00122,8.301802283,26,0.00062,6.191513153,19,0.00014,2.910917681,9,COOK:7501002,COOK:7501002,COOK:EVANSTON WARD 1 PRECINCT 2,1.2,41.01208671,10.62554086,10.62554086,10.62554086,10.62554086,2.930104503,10.62554086,2.930104503,16.52920222,33.73630953,20.70689837,4.697118992,7.594343241,5.57474823,2.578251626,17.19053628,34.18612318,22.67037113,4.432315149,8.284393747,6.165039742,2.884543965,14.2099877,35.62272079,24.1311431,7.986121778,7.306606501,0.007993557,0.008812629,1,1,0.2,3,1.002956311,1.004730098,1.002365049,1.397634951,1.014424818,114.9560493,112.4116642,4.880928714,3.212561382,1.668367332,0.042459085,0.027945997,0.014513089,930.84,308,1
COOK:7501003,COOK:7501003,COOK:Evanston Ward 1 Precinct 3,,,,,,,,,,0.670772766,0.048754703,0.088654837,0.176222101,0.011247165,0.00160467,0.3361,0.6941,0.3059,0.3216,0.1371,0.0061,0.3132,0.2216,0.05452976,0.271148729,0.254819264,0.038852011,0.079197412,0.110552016,0.089332311,0.077503105,0.024065391,0.082639116,0.091123304,0.00449451,0.010462213,0.013246638,0.023301427,0.018588841,0.014705216,0.005826116,0.085038176,0.091763983,0.068260819,0.080882717,0.044136476,0.042821904,0.322708542,,-0.090424569,0.504424779,226,0.125628141,199,0.462093863,554,41.9,96539,204.1658228,-0.330956335,0.99961089,0.757451426,0.470467913,0.58298425,0.474143474,0.63964584,0.748050157,0.58298425,complete,COOK,Evanston Ward 1 Precinct 3,0,1,0,Evanston,1,0,0,474,316,211,164,123,82,0.00816,18.16980307,57,0.98272,41.34273316,131,0.00888,18.20293526,58,0.0001,5.151444884,16,6.00E-05,4.318884254,14,6.00E-05,6.089526034,19,2.00E-05,2.800024727,9,COOK:7501003,COOK:7501003,COOK:EVANSTON WARD 1 PRECINCT 3,1.245642386,41.79468516,10.4466561,10.4466561,10.4466561,10.4466561,2.986017172,10.4466561,2.986017172,17.92466329,41.48294723,18.34575233,5.94058473,4.425627425,5.573153249,2.576257124,18.16282649,41.04533465,18.25366553,5.105590995,4.359637372,6.083581725,2.802686427,15.60544877,43.36935849,21.76999706,9.229587517,4.137890685,0.006398576,0.006818127,1,1,0.2,3,1.000686018,1.001097629,1.000548815,1.399451185,1.010066356,157.0778835,154.7465511,3.832895471,1.562412575,2.270482897,0.024401242,0.009946738,0.014454504,960.61,316,1
COOK:7501004,COOK:7501004,COOK:Evanston Ward 1 Precinct 4,,,,,,,,,,0.71074879,0.045625937,0.046657638,0.147100973,0.004305566,1.23E-05,0.4068,0.3068,0.6932,0.2714,0.1633,0.0039,0.1472,0.3095,0.081344783,0.084635852,0.278337047,0.077265574,0.04219973,0.039315467,0.114339069,0.087316466,0.159312986,0.138559443,0.013635286,0.021752766,0.013645786,0.010910682,0.017204747,0.029036792,0.045293317,0.070664194,0.018173347,0.036280342,0.0554043,0.048920946,0.145779065,0.108629908,0.190176051,,-0.309491763,0.560723514,387,0.027906977,430,0.473684211,779,47.5,105863,317.3931568,-1.264220751,1.345193571,0.414472121,0.507340464,0.418565638,0.250696351,0.451320792,0.578100418,0.418565638,complete,COOK,Evanston Ward 1 Precinct 4,0,1,0,Evanston,1,0,0,776,517,345,234,176,117,0.01066,18.70489085,70,0.98246,41.2053985,153,0.0067,17.40179571,65,8.00E-05,5.695553371,21,4.00E-05,4.29921627,16,6.00E-05,6.107681639,23,0,2.865739153,11,COOK:7501004,COOK:7501004,COOK:EVANSTON WARD 1 PRECINCT 4,1.2,49.0220705,8.794635097,8.794635097,8.794635097,8.794635097,3.502377008,8.794635097,3.502377008,17.92498794,40.93699541,16.99500944,6.215131284,4.253512637,5.571333867,2.574778087,18.59898139,40.92637771,17.3997197,5.660480342,4.28894158,6.109688713,2.82913376,15.60577341,42.82340668,20.41925417,9.50413407,3.965775898,0.004579194,0.00533909,1,1,0.2,3,1.008429462,1.01348714,1.00674357,1.39325643,1.00513203,184.2988397,181.5304789,6.476708117,3.830946899,2.645761219,0.035142425,0.020786603,0.014355821,1369.58,386,0.96406572
COOK:7502001,COOK:7502001,COOK:Evanston Ward 2 Precinct 1,,,,,,,,,,0.588614184,0.081255706,0.108621507,0.201781368,0.01437226,0.000395782,0.4706,0.4091,0.5909,0.4871,0.1149,0.045,0.1185,0.2014,0.080531936,0.112281117,0.25698746,0.120148619,0.097919709,0.091171204,0.106464539,0.098408659,0.036086756,0.063974621,0.051647535,0.022291518,0.030214786,0.030985922,0.027306328,0.098236023,0.050228253,0.013818656,0.055299214,0.064621485,0.098326763,0.081798929,0.054509006,0.067403299,0.18933766,,-0.174157342,0.540669856,418,0.166666667,396,0.591836735,1029,41.4,72998,426.7570909,-0.687672537,1.222096721,0.901487421,0.883220883,0.738699118,0.579783122,0.803039978,0.694730033,0.738699118,complete,COOK,Evanston Ward 2 Precinct 1,0,1,0,Evanston,1,0,0,1028,685,457,342,257,171,0.0088,18.14274029,124,0.98216,41.24614807,283,0.00886,18.26974519,125,4.00E-05,5.114750347,35,8.00E-05,4.431176943,30,4.00E-05,6.14498058,42,2.00E-05,2.796531793,19,COOK:7502001,COOK:7502001,COOK:EVANSTON WARD 2 PRECINCT 1,1.204417625,35.319966,11.9266342,11.9266342,11.9266342,11.9266342,2.523431498,11.9266342,2.523431498,17.92437835,41.50305031,18.39701996,5.930952959,4.43215314,5.574279364,2.577337604,18.14589275,41.04890479,18.28446157,5.08560814,4.362112967,6.083641955,2.802701022,15.60516383,43.38946158,21.82126469,9.219955746,4.1444164,0.007524691,0.007898607,1,1,0.2,3,1.002726086,1.004361738,1.002180869,1.397819131,1.0518336,543.8351797,533.8908594,24.42978688,13.56964969,10.86013718,0.044921307,0.024951769,0.019969538,2961.91,685,1
COOK:7502002,COOK:7502002,COOK:Evanston Ward 2 Precinct 2,,,,,,,,,,0.473289784,0.203313488,0.25718532,0.070955231,0.027195455,0.001192846,0.3675,0.7194,0.2806,0.5934,0.1092,0.0501,0.0443,0.1961,0.152629055,0.123018801,0.086886501,0.098413285,0.1433328,0.173233068,0.108751306,0.060686163,0.05304902,0.017618464,0.085550755,0.004458351,4.93E-05,0.018338818,0.02855604,0.0022626,0.041849521,0.026355644,0.065820171,0.035145913,0.103198051,0.065823636,0.120796136,0.138309807,0.245866751,,0.169222686,0.55952381,168,0.376623377,154,0.776119403,402,51.1,126029,161.6684244,0.775186213,1.337829339,1.638388246,1.469482135,1.391541686,1.305221483,1.458175039,0.575668058,1.391541686,complete,COOK,Evanston Ward 2 Precinct 2,0,1,0,Evanston,1,0,0,381,254,169,130,98,65,0.01034,18.61547499,47,0.98158,41.17030701,105,0.0078,17.39146395,44,8.00E-05,5.68141787,14,8.00E-05,4.355750496,11,0.00012,6.16665539,16,0,2.850719994,7,COOK:7502002,COOK:7502002,COOK:EVANSTON WARD 2 PRECINCT 2,1.309022673,15.52526271,16.45126711,16.45126711,16.45126711,16.45126711,1.109200868,16.45126711,1.109200868,17.92583682,40.93928394,16.99590472,6.226739425,4.253648283,5.575502692,2.575037863,18.59494863,40.92376041,17.39420998,5.670024729,4.287762908,6.11354027,2.829076267,15.6066223,42.82569521,20.42014945,9.515742212,3.965911543,0.00874802,0.005598866,1,1,0.2,3,1.008459638,1.013535422,1.006767711,1.393232289,1.123308367,188.2021507,186.4006475,6.663091011,3.867738607,2.795352404,0.035403905,0.02055098,0.014852925,1237.52,254,1
COOK:7502003,COOK:7502003,COOK:Evanston Ward 2 Precinct 3,,,,,,,,,,0.133118669,0.235009852,0.597180765,0.05352578,0.033799427,0.006280487,0.2185,0.8624,0.1376,0.7357,0.0998,0.02,0.0227,0.1013,0.060366648,0.16459384,0.134884084,0.051621063,0.116021437,0.136270249,0.110209026,0.055135029,0.170898624,0.021064972,0.02432616,0.027626283,0.014579799,0.355453064,0.021064416,0.006593895,0.082415028,0.021018578,0.019420553,0.017892744,0.060003684,0.011496472,0.100231727,0.089006243,0.127806386,,0.113019667,0.058823529,153,0.460122699,163,0.819095477,398,54.5,41777,212.4869917,0.535751559,-1.735656155,1.931452084,1.606202572,0.724007567,0.584437515,0.993410481,1.16437332,0.724007567,complete,COOK,Evanston Ward 2 Precinct 3,0,1,0,Evanston,1,0,0,494,329,219,171,129,86,0.01048,18.68619691,61,0.98256,41.16360495,135,0.00686,17.41773435,57,4.00E-05,5.675825248,19,0,4.388633622,14,4.00E-05,6.115916375,20,2.00E-05,2.88285932,9,COOK:7502003,COOK:7502003,COOK:EVANSTON WARD 2 PRECINCT 3,1.5,35.90836098,11.79214008,11.79214008,11.79214008,11.79214008,2.56546932,11.79214008,2.56546932,17.92603113,40.93980778,16.99610965,6.244924566,4.253679331,5.584587938,2.578856841,18.58736334,40.91646777,17.38423184,5.684938502,4.285799975,6.12212602,2.83239575,15.60681661,42.82621904,20.42035438,9.533927352,3.965942591,0.017833265,0.009417844,1,1,0.2,3,1.004708999,1.007534398,1.003767199,1.396232801,1.294121887,383.0549715,379.3525441,14.05813617,7.552642154,6.505494017,0.036700049,0.019716862,0.016983186,1290.96,329,1
COOK:7502004,COOK:7502004,COOK:Evanston Ward 2 Precinct 4,,,,,,,,,,0.368999262,0.210280383,0.362537238,0.044702483,0.038725364,0.00253349,0.3732,0.746,0.254,0.5838,0.1092,0.0408,0.0334,0.2157,0.141127649,0.130662488,0.092392491,0.117154263,0.146903422,0.14471714,0.135607124,0.052793255,0.038642168,0.044476209,0.001857262,0.019494952,0.00394847,0.013204441,0.043945144,0.0093794,0.004310373,0.056985841,0.016912163,0.064737815,0.101263693,0.076609087,0.115492165,0.120285201,0.307097784,,0.014146626,0.361403509,285,0.515358362,293,0.768352365,613,48.7,134281,303.4254804,0.114535177,0.121692871,2.125316836,1.444772739,1.152657572,0.951579406,1.387405058,0.85944027,1.152657572,complete,COOK,Evanston Ward 2 Precinct 4,0,1,0,Evanston,1,0,0,735,490,327,209,157,105,0.01002,18.60368474,91,0.98276,41.2771129,202,0.00698,17.37553263,85,8.00E-05,5.700906476,28,2.00E-05,4.299042418,21,0.0001,6.188255375,30,4.00E-05,2.887304339,14,COOK:7502004,COOK:7502004,COOK:EVANSTON WARD 2 PRECINCT 4,1.5,21.27884884,15.13612413,15.13612413,15.13612413,15.13612413,1.520265264,15.13612413,1.520265264,17.92612949,40.94007296,16.99621339,6.232485284,4.253695049,5.577853048,2.5755496,18.59281032,40.92210658,17.3913318,5.674743886,4.287166582,6.115733325,2.829430704,15.60691497,42.82648422,20.42045812,9.52148807,3.965958309,0.011098375,0.006110603,1,1,0.2,3,1.020192339,1.032307743,1.016153871,1.383846129,1.195666641,465.918252,461.51748,15.71657138,10.05831794,5.658253436,0.033732466,0.02158816,0.012144305,2437.85,490,1
COOK:7502005,COOK:7502005,COOK:Evanston Ward 2 Precinct 5,,,,,,,,,,0.350561715,0.129907422,0.444682452,0.071525879,0.034071153,3.71E-06,0.4618,0.9098,0.0902,0.7486,0.0463,0.0458,0.0003,0.1587,0.149626768,0.10684282,0.04499068,0.134371314,0.096415599,0.178159853,0.17048535,0.093331861,0.025775756,0.006932352,0.011423949,4.30E-05,0.006924887,0.018291365,0.000112999,0.038809066,0.027389475,0.150685127,0.038834454,0.102911749,0.066594216,0.116623708,0.03921189,0.180575335,0.194636425,,0.079039563,0.383084577,201,0.431372549,102,0.781990521,422,54.3,106655,105.2033497,0.390990395,0.254779371,1.830545524,1.488160012,1.135074339,0.991118826,1.302959678,0.798317228,1.135074339,complete,COOK,Evanston Ward 2 Precinct 5,0,1,0,Evanston,1,0,0,245,163,109,154,116,77,0.01012,18.6559346,30,0.98274,41.16240943,67,0.007,17.32429307,28,6.00E-05,5.688644917,9,2.00E-05,4.312747226,7,4.00E-05,6.100669605,10,2.00E-05,2.867044071,5,COOK:7502005,COOK:7502005,COOK:EVANSTON WARD 2 PRECINCT 5,1.5,21.76869523,15.02415604,15.02415604,15.02415604,15.02415604,1.55526229,15.02415604,1.55526229,17.92583046,40.93926679,16.99589801,6.236713792,4.253647266,5.580739911,2.57747188,18.59066129,40.91944215,17.38860204,5.678204135,4.286674359,6.118503216,2.831236011,15.60661594,42.82567806,20.42014274,9.525716578,3.965910526,0.013985238,0.008032883,1,1,0.2,3,1.046601752,1.074562803,1.037281401,1.362718599,1.31306477,141.2372284,139.6127783,6.315409194,2.348993844,3.96641535,0.044714905,0.016631549,0.028083356,306.29,163,1
COOK:7503001,COOK:7503001,COOK:Evanston Ward 3 Precinct 1,,,,,,,,,,0.76333708,0.077789885,0.059052351,0.088548471,0.015625834,0.001824577,0.5582,0.5579,0.4421,0.3609,0.2571,0.0493,0.0561,0.2765,0.093136169,0.110018647,0.15457925,0.150222489,0.153445662,0.14005144,0.091496846,0.078534418,0.026203578,0.057475879,0.005195744,0.015917645,0.00547554,0.0409063,0.048206557,0.054128729,0.016480414,0.039701639,0.0022835,0.03015996,0.11701989,0.091666488,0.042445619,0.143764905,0.286859689,,-0.151489679,0.573643411,258,0.034749035,259,0.444444444,594,44.8,117971,236.26176,-0.591104343,1.424500728,0.438486206,0.414319549,0.52450959,0.421550535,0.527896724,0.388075367,0.52450959,complete,COOK,Evanston Ward 3 Precinct 1,0,1,0,Evanston,1,0,0,572,381,254,196,147,98,0.00864,18.32617242,68,0.98232,41.28669385,154,0.00882,18.12955983,67,0,5.20800156,19,4.00E-05,4.363336205,16,0.0001,6.072789665,23,8.00E-05,2.816575222,10,COOK:7503001,COOK:7503001,COOK:EVANSTON WARD 3 PRECINCT 1,1.2,44.33569336,9.865837627,9.865837627,9.865837627,9.865837627,3.167559253,9.865837627,3.167559253,17.92564069,41.36452891,18.04768794,6.000713926,4.387670375,5.570374013,2.57305186,18.25905948,41.02116025,18.07037893,5.225658561,4.344581907,6.086902698,2.805581371,15.60642617,43.25094018,21.47193267,9.289716713,4.099933635,0.00361934,0.003612862,1,1,0.2,3,1.026416004,1.042265606,1.021132803,1.378867197,1.005858316,465.4031747,460.7961682,16.40729731,13.73000297,2.677294343,0.035253944,0.029501309,0.005752634,1877.93,373,0.997688472
COOK:7503002,COOK:7503002,COOK:Evanston Ward 3 Precinct 2,,,,,,,,,,0.751287828,0.064957756,0.072659887,0.083406656,0.013143258,0.00218523,0.5939,0.6111,0.3889,0.404,0.204,0.0375,0.0513,0.3032,0.093934041,0.110947167,0.148105551,0.148841474,0.148595073,0.136600461,0.091934412,0.079044098,0.023695707,0.056420222,0.007189631,0.015279525,0.007369919,0.039503958,0.046307322,0.052780986,0.016880206,0.035146149,0.001730763,0.033874944,0.115727654,0.091106587,0.043354357,0.138140245,0.280885518,,-0.09363271,0.498432602,319,0.177700348,287,0.543604651,688,44.9,117188,281.7310043,-0.344623574,0.962828667,0.940213159,0.729779422,0.700533092,0.572049419,0.77416584,0.373124221,0.700533092,complete,COOK,Evanston Ward 3 Precinct 2,0,1,0,Evanston,1,0,0,675,450,300,219,165,110,0.00854,18.22324682,69,0.98208,41.31043174,157,0.0092,18.10068823,69,4.00E-05,5.283000321,20,2.00E-05,4.346188953,17,8.00E-05,6.148934814,23,4.00E-05,2.807594815,11,COOK:7503002,COOK:7503002,COOK:EVANSTON WARD 3 PRECINCT 2,1.221782839,36.85921466,11.57479588,11.57479588,11.57479588,11.57479588,2.633402968,11.57479588,2.633402968,17.92569801,41.36050919,18.03743477,6.003577046,4.386365285,5.57063856,2.573061561,18.26209052,41.02006514,18.06359038,5.230463391,4.343974804,6.087357567,2.805781394,15.60648349,43.24692046,21.4616795,9.292579832,4.098628545,0.003883888,0.003622563,1,1,0.2,3,1.049878364,1.079805382,1.039902691,1.360097309,1.004912647,247.1785182,244.735004,8.713317886,7.295515798,1.417802088,0.035251113,0.029515169,0.005735944,908.75,388,0.981697494
COOK:7503003,COOK:7503003,COOK:Evanston Ward 3 Precinct 3,,,,,,,,,,0.721467116,0.069675513,0.096086916,0.095442684,0.016352296,0.000587408,0.6944,0.5595,0.4405,0.4709,0.1959,0.0467,0.011,0.2751,0.104197343,0.082671265,0.118864558,0.209253046,0.170991199,0.100873103,0.145125191,0.058023711,0.010000585,0.030440495,0.019924134,0.003258948,0.007369207,0.019159123,0.018530402,0.002574319,0.017177792,0.001776056,0.064676036,0.044244191,0.125958516,0.14263191,0.066066427,0.109478955,0.326733491,,0.019754071,,,0.272171254,327,,,43.7,125862,304.0198496,0.138423869,,1.271784789,,,,,0.446709156,0.446709156,demographic_only,COOK,Evanston Ward 3 Precinct 3,0,1,0,Evanston,1,0,0,741,494,329,165,124,83,0.00876,18.20223779,90,0.98296,41.31888682,204,0.00812,18.12599813,90,4.00E-05,5.252247044,26,4.00E-05,4.404340437,22,4.00E-05,6.052606775,30,4.00E-05,2.84662902,14,COOK:7503003,COOK:7503003,COOK:EVANSTON WARD 3 PRECINCT 3,1.5,47.77099793,9.080602713,9.080602713,9.080602713,9.080602713,3.412994251,9.080602713,3.412994251,17.92556383,41.41023848,18.16105679,5.979419811,4.402114836,5.571559642,2.573751053,18.22214704,41.03047008,18.13966187,5.181203361,4.350191944,6.08572833,2.803920568,15.60634931,43.29664975,21.58530152,9.268422598,4.114378096,0.00480497,0.004312056,1,1,0.2,3,1.222973865,1.356758185,1.178379092,1.221620908,1.005887775,241.8744875,237.1192347,11.76395818,5.373639723,6.390318453,0.048636623,0.022216645,0.026419977,1764.25,494,1
COOK:7503004,COOK:7503004,COOK:Evanston Ward 3 Precinct 4,,,,,,,,,,0.75268919,0.067074393,0.073469071,0.061647795,0.011325849,0.001226687,0.6628,0.6298,0.3702,0.5003,0.2442,0.0301,0.0325,0.1929,0.056092136,0.079248806,0.054743119,0.166054686,0.227191841,0.075685652,0.236970494,0.060499519,0.01560234,0.064847361,0.028133741,0.00188235,0.023456804,0.008042819,0.007057798,0.001600883,0.036386856,0.000167421,0.048267688,0.075641204,0.071561407,0.136563363,0.089762661,0.146126142,0.232590091,,0.002942972,0.459854015,137,0.168141593,339,0.510204082,294,47.5,121784,352.7581246,0.066805658,0.726018879,0.906664079,0.623521684,0.664738417,0.580752575,0.729920718,0.262415405,0.664738417,complete,COOK,Evanston Ward 3 Precinct 4,0,1,0,Evanston,1,0,0,842,561,374,178,134,89,0.01066,18.66554441,81,0.98132,41.22311717,179,0.00774,17.36238513,76,8.00E-05,5.679786148,25,4.00E-05,4.307003156,19,8.00E-05,6.191135815,27,8.00E-05,2.849469927,12,COOK:7503004,COOK:7503004,COOK:EVANSTON WARD 3 PRECINCT 4,1.5,38.33308971,11.23790053,11.23790053,11.23790053,11.23790053,2.738703826,11.23790053,2.738703826,17.92594058,40.93956367,16.99601416,6.217012745,4.253664863,5.570176069,2.572371155,18.59923993,40.92824722,17.39979634,5.662046112,4.28883483,6.108481418,2.826677331,15.60672606,42.82597494,20.42025888,9.506015531,3.965928123,0.003421397,0.002932158,1,1,0.2,3,1.189447699,1.303116319,1.15155816,1.24844184,1.002912245,292.2857571,285.8635355,15.53602476,7.462278001,8.073746761,0.053153547,0.025530762,0.027622785,1249.21,447,0.972088449
COOK:7503005,COOK:7503005,COOK:Evanston Ward 3 Precinct 5,,,,,,,,,,0.674878137,0.069994308,0.072672328,0.164468027,0.009864428,0.00065836,0.6996,0.5698,0.4302,0.446,0.2838,0.0437,0.0319,0.1942,0.097397616,0.065878587,0.144796599,0.194427736,0.167731219,0.114876807,0.13395361,0.071448148,0.009489679,0.043923419,0.021369526,0.009826941,0.018970665,0.033222004,0.028858683,0.010313614,0.049566886,0.001680044,0.047284161,0.021949808,0.129847166,0.126643745,0.078682262,0.09491811,0.282942966,,-0.042588327,0.363636364,220,0.234567901,243,0.657232704,636,43.9,116421,246.9604057,-0.127165609,0.13539897,1.139805479,1.091266073,0.686523337,0.559826228,0.802519187,0.512635858,0.686523337,complete,COOK,Evanston Ward 3 Precinct 5,0,1,0,Evanston,1,0,0,599,399,266,211,159,106,0.00938,18.27452484,73,0.98154,41.19370714,164,0.00878,18.10905049,72,6.00E-05,5.201583412,21,6.00E-05,4.3913138,18,0.00014,6.056649435,24,4.00E-05,2.88491717,12,COOK:7503005,COOK:7503005,COOK:EVANSTON WARD 3 PRECINCT 5,1.297905268,37.43273179,11.44370251,11.44370251,11.44370251,11.44370251,2.674377843,11.44370251,2.674377843,17.92479433,41.39981545,18.13961797,5.982029831,4.399363376,5.572445889,2.575672625,18.22850624,41.02711044,18.12688952,5.188226666,4.349214271,6.087074247,2.80630181,15.6055798,43.28622671,21.5638627,9.271032617,4.111626636,0.005691216,0.006233628,1,1,0.2,3,1.093715101,1.149944161,1.074972081,1.325027919,1.008758342,68.57974747,67.24745529,3.327502847,1.552726715,1.774776132,0.048520197,0.022641184,0.025879012,1254.67,399,1
COOK:7504001,COOK:7504001,COOK:Evanston Ward 4 Precinct 1,,,,,,,,,,0.705923117,0.045910356,0.156177252,0.090377066,0.022081307,0.001580036,0.4366,0.4506,0.5494,0.3566,0.2645,0.0825,0.0406,0.2333,0.117565718,0.112506378,0.178833905,0.110160574,0.178227548,0.137924232,0.102577212,0.036835494,0.025368942,0.063202128,0.013307609,4.47E-05,0.023302637,0.043127663,0.013313651,0.000147541,0.020005481,0.112740987,0.073085944,0.10957674,0.079861052,0.029930965,0.083104323,0.142653144,0.192595389,,0.189150118,0.57037037,135,0.5625,128,0.763157895,304,44.3,83811,125.4119028,0.860080545,1.404409579,2.290773382,1.428247493,1.638947033,1.49587775,1.79792616,0.596639198,1.638947033,complete,COOK,Evanston Ward 4 Precinct 1,0,1,0,Evanston,1,0,0,312,208,139,99,75,50,0.00888,18.31867075,38,0.98224,41.19205253,86,0.00876,18.12715574,38,6.00E-05,5.275621682,11,0,4.310099551,9,4.00E-05,6.103834785,13,2.00E-05,2.817456558,6,COOK:7504001,COOK:7504001,COOK:EVANSTON WARD 4 PRECINCT 1,1.2,11.13239357,17.45538018,17.45538018,17.45538018,17.45538018,0.795352764,17.45538018,0.795352764,17.9256203,41.38534521,18.09923458,5.995314304,4.394238364,5.573121104,2.574362074,18.24049766,41.02361575,18.09947296,5.208902788,4.346668625,6.088461802,2.805703599,15.60640578,43.27175648,21.52347931,9.28431709,4.106501624,0.006366431,0.004923077,1,1,0.2,3,1.021247495,1.033995991,1.016997996,1.383002004,1.015451918,101.8232043,100.6060826,2.840923923,0.815307446,2.025616477,0.027900555,0.008007089,0.019893466,554.02,208,1
COOK:7504002,COOK:7504002,COOK:Evanston Ward 4 Precinct 2,,,,,,,,,,0.684346628,0.090102848,0.128464983,0.089222354,0.018627256,0.002940493,0.4353,0.4571,0.5429,0.3826,0.2537,0.0721,0.0346,0.2348,0.107923045,0.09686981,0.17483285,0.105398098,0.165278853,0.161015918,0.10720829,0.052329733,0.029143405,0.048638718,0.014222162,4.63E-05,0.02429497,0.034386137,0.026281252,7.51E-05,0.01219045,0.101104398,0.097074175,0.109225495,0.1032187,0.046541716,0.095092745,0.113398619,0.174209098,,0.085146719,0.542056075,214,0.277777778,180,0.697368421,456,45.9,82862,169.9895933,0.417007944,1.230605852,1.291462427,1.218950439,1.126952114,1.039506666,1.177343266,0.519605105,1.126952114,complete,COOK,Evanston Ward 4 Precinct 2,0,1,0,Evanston,1,0,0,401,267,178,162,122,81,0.01088,18.67384042,50,0.98172,41.2501299,110,0.0072,17.42201714,47,6.00E-05,5.645273867,15,2.00E-05,4.330068244,12,0.0001,6.105280227,16,2.00E-05,2.802704966,7,COOK:7504002,COOK:7504002,COOK:EVANSTON WARD 4 PRECINCT 2,1.2,21.99817495,14.97170203,14.97170203,14.97170203,14.97170203,1.571657446,14.97170203,1.571657446,17.92563318,40.93873493,16.99568995,6.219792543,4.253615742,5.572323178,2.573967849,18.59770252,40.92618313,17.39786917,5.664320513,4.288499693,6.110551332,2.82819683,15.60641865,42.8251462,20.41993468,9.508795329,3.965879002,0.005568505,0.004528851,1,1,0.2,3,1.030278762,1.04844602,1.02422301,1.37577699,1.019690679,244.5630068,241.6777662,7.063364057,2.463936976,4.599427081,0.028881572,0.010074856,0.018806716,1283.9,267,1
COOK:7504003,COOK:7504003,COOK:Evanston Ward 4 Precinct 3,,,,,,,,,,0.548530802,0.070472037,0.033216263,0.33676337,0.001964668,3.28E-06,0.6435,0.3967,0.6033,0.3137,0.3092,0.1285,0.0586,0.1898,0.025899893,0.02340708,0.42696213,0.129591345,0.043052751,0.088614757,0.11507422,0.093887412,0.053510413,0.155627625,0.034158875,0.027156736,0.050746418,0.018895229,0.01067352,0.061493833,0.075465083,0.015300644,0.029664884,0.079113816,0.12039351,0.036657966,0.11080724,0.068439229,0.105405394,,-0.028789085,0.420289855,138,-0.052631579,133,0.572864322,398,33.2,63947,148.2951173,-0.068378433,0.483159275,0.131799906,0.822863658,0.362378935,0.342361101,0.320266696,1.064164252,0.362378935,complete,COOK,Evanston Ward 4 Precinct 3,0,1,0,Evanston,1,0,0,353,235,157,154,116,77,0.00816,17.99269251,42,0.9816,41.35906591,97,0.01012,18.53550379,44,2.00E-05,4.850296195,11,0,4.385302301,10,6.00E-05,6.061372507,14,4.00E-05,2.81226841,7,COOK:7504003,COOK:7504003,COOK:EVANSTON WARD 4 PRECINCT 3,1.2,51.52153165,8.223313364,8.223313364,8.223313364,8.223313364,3.680950764,8.223313364,3.680950764,17.92287355,41.68266058,18.84923254,5.833309396,4.489739656,5.575187196,2.580713746,18.00441611,41.08900392,18.5610899,4.900975519,4.385141402,6.075584479,2.797111855,15.60365903,43.56907184,22.27347727,9.122312182,4.202002916,0.008432524,0.011274749,1,1,0.2,3,1.007828585,1.012525736,1.006262868,1.393737132,1.01453096,108.9228596,106.8457836,5.31643254,2.822902436,2.493530104,0.048809153,0.025916529,0.022892624,1002.64,235,1
COOK:7504004,COOK:7504004,COOK:Evanston Ward 4 Precinct 4,,,,,,,,,,0.717049361,0.067632695,0.122335504,0.066769822,0.016218737,0.000670986,0.5857,0.5169,0.4831,0.373,0.1727,0.1568,0.0597,0.2066,0.067691373,0.122973018,0.166247921,0.09741107,0.090286503,0.131491259,0.176571661,0.109060066,0.038267128,0.062142258,0.066671074,0.024013816,0.020581769,0.013248842,0.014369976,0.03008435,0.023684297,0.017639437,0.075377601,0.059721084,0.098849156,0.056583408,0.082757075,0.133465406,0.220810452,,-0.142459546,0.73126615,387,0.206730769,416,0.584816133,843,52.6,98386,341.1679251,-0.552634403,2.392048022,1.042103407,0.860886136,1.095074571,0.93560079,1.116375095,0.853696384,1.095074571,complete,COOK,Evanston Ward 4 Precinct 4,0,1,0,Evanston,1,0,0,842,561,374,255,192,128,0.0097,18.64279497,105,0.98324,41.18781286,231,0.00686,17.37395231,97,4.00E-05,5.707234893,32,0,4.335058363,24,0.00014,6.182655068,35,2.00E-05,2.866705146,16,COOK:7504004,COOK:7504004,COOK:EVANSTON WARD 4 PRECINCT 4,1.2,22.91850485,14.7613349,14.7613349,14.7613349,14.7613349,1.637410326,14.7613349,1.637410326,17.92588348,40.93940973,16.99595393,6.219585849,4.253655739,5.571651882,2.573165706,18.5980714,40.92697671,17.39828308,5.664156549,4.288548167,6.109886316,2.827400967,15.60666896,42.825821,20.42019866,9.508588636,3.965918999,0.004897209,0.003726708,1,1,0.2,3,1.009251535,1.014802456,1.007401228,1.392598772,1.042067498,490.7259445,483.4292525,20.26487093,10.45210479,9.812766148,0.041295699,0.021299271,0.019996428,2495.45,561,1
COOK:7504005,COOK:7504005,COOK:Evanston Ward 4 Precinct 5,,,,,,,,,,0.667997955,0.091685146,0.191352506,0.036159656,0.026672286,0.012727789,0.3967,0.4915,0.5085,0.3949,0.2714,0.0603,0.0301,0.2323,0.127572667,0.108672637,0.080854656,0.08256927,0.205860594,0.169905978,0.152914785,0.046456801,0.025192613,0.06756076,0.01142235,0.019698829,0.025336809,0.030942156,0.011298597,7.49E-05,0.019714642,0.162890775,0.025601889,0.062040279,0.070550832,0.047906384,0.078911809,0.132372899,0.2336761,,0.042002814,0.572327044,159,0.253731343,134,0.742765273,311,50.1,97472,103.1230575,0.233207391,1.416420375,1.207064849,1.363372135,1.152401933,1.055016188,1.182811666,0.464636473,1.152401933,complete,COOK,Evanston Ward 4 Precinct 5,0,1,0,Evanston,1,0,0,240,160,107,100,75,50,0.00978,18.59691967,30,0.98274,41.20508055,66,0.0073,17.38840955,28,6.00E-05,5.695507709,9,4.00E-05,4.329228693,7,6.00E-05,6.223097834,10,2.00E-05,2.830986124,5,COOK:7504005,COOK:7504005,COOK:EVANSTON WARD 4 PRECINCT 5,1.2,21.28590282,15.13451174,15.13451174,15.13451174,15.13451174,1.520769234,15.13451174,1.520769234,17.92622473,40.94032971,16.99631383,6.223421382,4.253710267,5.572892653,2.57306897,18.5968069,40.9262829,17.39653488,5.66731148,4.288165082,6.111022404,2.827199549,15.60701021,42.82674098,20.42055856,9.512424169,3.965973527,0.00613798,0.003629973,1,1,0.2,3,1.033070486,1.052912777,1.026456389,1.373543611,1.035944101,118.1881457,116.8518319,3.464385723,1.343755994,2.120629728,0.029312464,0.011369634,0.017942829,640.92,160,1
COOK:7504006,COOK:7504006,COOK:Evanston Ward 4 Precinct 6,,,,,,,,,,0.641279696,0.049509428,0.087275951,0.205636043,0.010477027,0.001160186,0.6375,0.332,0.668,0.3447,0.1621,0.1819,0.0833,0.2181,0.06287314,0.070349091,0.338240281,0.130166576,0.066331524,0.089540205,0.119551633,0.084439856,0.038507696,0.083016749,0.007010622,0.02388988,0.043175576,0.014814674,0.019340585,0.094309127,0.052291674,5.84E-05,0.076166447,0.08297852,0.136387107,0.027444558,0.070548028,0.053632911,0.21493514,,-0.014547946,0.547619048,336,0.136645963,322,0.627421759,671,36.1,75540,280.5422659,-0.0077087,1.26475346,0.796121503,0.996428061,0.842781601,0.762398581,0.849526185,1.200366184,0.842781601,complete,COOK,Evanston Ward 4 Precinct 6,0,1,0,Evanston,1,0,0,647,431,287,225,169,113,0.00844,18.07882854,78,0.98176,41.37976934,178,0.0096,18.51692882,80,2.00E-05,4.962149558,21,8.00E-05,4.435992113,19,8.00E-05,6.109588891,26,2.00E-05,2.796377138,12,COOK:7504006,COOK:7504006,COOK:EVANSTON WARD 4 PRECINCT 6,1.2,31.31212983,12.84273722,12.84273722,12.84273722,12.84273722,2.237092037,12.84273722,2.237092037,17.92433538,41.68660156,18.85077427,5.836883884,4.489973244,5.573770509,2.577186752,18.00456356,41.09159888,18.56073131,4.903901938,4.384951615,6.07407941,2.79349648,15.60512086,43.57301283,22.275019,9.125886671,4.202236504,0.007015836,0.007747755,1,1,0.2,3,1.006697853,1.010716565,1.005358283,1.394641717,1.022565186,288.7553091,282.6451958,14.95261152,8.100721721,6.851889795,0.051782984,0.028053932,0.023729052,1378.17,431,1
COOK:7504007,COOK:7504007,COOK:Evanston Ward 4 Precinct 7,,,,,,,,,,0.642077896,0.048844193,0.101731177,0.198655505,0.006495568,0,0.5991,0.4747,0.5253,0.2967,0.3776,0.0321,0.0633,0.2303,0.032581856,0.031502857,0.19128984,0.159069523,0.069245681,0.123300458,0.189337237,0.105046089,0.09862646,0.101927847,0.049033805,8.96E-05,0.049064208,0.035016035,0.015783614,0.071836804,0.075388772,0.02987444,0.014071941,0.057898028,0.099962496,0.031621915,0.194506387,0.056262699,0.117661374,,-0.160029931,,,0.115942029,138,,,53.3,75004,117.9822877,-0.627487305,,0.723455351,,,,,0.59792657,0.59792657,demographic_only,COOK,Evanston Ward 4 Precinct 7,0,1,0,Evanston,1,0,0,279,186,124,99,75,50,0.00916,18.62538909,35,0.98372,41.19839528,77,0.00694,17.42344808,32,8.00E-05,5.753277638,11,4.00E-05,4.366372776,8,6.00E-05,6.107443472,11,0,2.935967213,5,COOK:7504007,COOK:7504007,COOK:EVANSTON WARD 4 PRECINCT 7,1.2,41.15320435,10.59328448,10.59328448,10.59328448,10.59328448,2.940186639,10.59328448,2.940186639,17.9244132,40.93544596,16.99440328,6.217787606,4.253420799,5.574017688,2.577148151,18.59719773,40.92361448,17.39754373,5.662647598,4.288592174,6.112298096,2.831429386,15.60519868,42.82185722,20.41864801,9.506790393,3.965684059,0.007263016,0.007709154,1,1,0.2,3,1.012667516,1.020268025,1.010134013,1.389865987,1.009494661,40.23328515,39.7898969,1.351928968,0.692625312,0.659303656,0.033602252,0.017215231,0.01638702,692.77,186,1
COOK:7505001,COOK:7505001,COOK:Evanston Ward 5 Precinct 1,,,,,,,,,,0.122626221,0.256747952,0.607204034,0.0193155,0.040753156,0.001498083,0.1642,0.5008,0.4992,0.7748,0.0337,0,0.04,0.1331,0.181024628,0.147301391,0.166609621,0.148765006,0.112952631,0.076499006,0.089229653,0.052276136,0.025341929,0.040590907,0.114562335,0.16422787,0.012444788,0.028711625,0.068178969,0.106135324,0.000443888,0.006664025,0.000124269,0.069315718,0.109666931,0.110317816,0.02600901,0.092158856,0.05044767,,0.035449682,0.010752688,186,0.465346535,202,0.819277108,498,40.5,38358,259.7393437,0.205289907,-2.030732947,1.949786573,1.606780398,0.607230649,0.432780983,0.910631768,1.236178064,0.607230649,complete,COOK,Evanston Ward 5 Precinct 1,0,1,0,Evanston,1,0,0,609,406,271,151,114,76,0.00832,18.15643769,74,0.98212,41.32325691,168,0.00938,18.27889182,74,6.00E-05,5.04742923,20,2.00E-05,4.414127646,18,0.0001,6.072881697,25,0,2.856248767,12,COOK:7505001,COOK:7505001,COOK:EVANSTON WARD 5 PRECINCT 1,1.5,40.75561677,10.68416423,10.68416423,10.68416423,10.68416423,2.911781033,10.68416423,2.911781033,17.92641251,41.54610252,18.49198796,5.939450445,4.444306427,5.584104631,2.577884099,18.10764347,41.05164187,18.32777184,5.070675074,4.364052255,6.090879194,2.800659489,15.60719799,43.43251379,21.91623269,9.228453231,4.156569687,0.017349958,0.008445101,1,1,0.2,3,1.00116997,1.001871953,1.000935976,1.399064024,1.294745614,298.4691841,296.6344943,9.573950749,2.746292636,6.827658112,0.032076848,0.00920126,0.022875588,1937.62,406,1
COOK:7505002,COOK:7505002,COOK:Evanston Ward 5 Precinct 2,,,,,,,,,,0.575980078,0.075687274,0.093391679,0.246105071,0.005143003,0.001363663,0.3449,0.2545,0.7455,0.2668,0.0617,0.0664,0.4512,0.1538,0.057602691,0.074432499,0.516891288,0.071095435,0.056644037,0.067733386,0.064737793,0.066848545,0.024014325,0.190484653,0.041308106,0.011168797,0.058982117,0.039918386,0.04692321,0.05596604,0.041511313,0.021378435,0.104889214,0.062068353,0.030808058,0.065886611,0.050305193,0.03026269,0.148138825,,0.226000343,0.538461538,195,0.300813008,246,0.718574109,533,27.4,48213,287.971881,1.017068924,1.20854124,1.372310903,1.286412417,1.256607569,1.221083371,1.286853075,1.577316901,1.256607569,complete,COOK,Evanston Ward 5 Precinct 2,0,1,0,Evanston,1,0,0,695,463,309,224,168,112,0.02908,17.33621314,80,0.85782,34.59347757,160,0.11106,22.81769209,106,0.00032,4.444635109,21,0.00116,8.365726531,39,0.00052,6.207470022,29,4.00E-05,2.853765647,13,COOK:7505002,COOK:7505002,COOK:EVANSTON WARD 5 PRECINCT 2,1.201223388,18.57350232,15.75450672,15.75450672,15.75450672,15.75450672,1.326982047,15.75450672,1.326982047,16.52899337,33.73593416,20.70675152,4.696701891,7.594320992,5.574843037,2.578569011,17.19043558,34.18590399,22.67052767,4.431948983,8.284484296,6.165147938,2.884874738,14.20977885,35.62234542,24.13099625,7.985704677,7.306584252,0.008088364,0.009130013,1,1,0.2,3,1.001002614,1.001604182,1.000802091,1.399197909,1.02543401,324.2627099,320.1775104,4.595849431,2.042599747,2.553249684,0.014173228,0.006299213,0.007874016,3518.58,463,1
COOK:7505003,COOK:7505003,COOK:Evanston Ward 5 Precinct 3,,,,,,,,,,0.200094474,0.17519338,0.562925044,0.059764043,0.029990779,0.004435587,0.2285,0.4136,0.5864,0.5651,0.0789,0.0121,0.0752,0.2222,0.123969098,0.184634178,0.107128787,0.122830772,0.182324795,0.096807309,0.092539871,0.063039574,0.026725615,0.092756508,0.040871916,0.039038872,0.067463361,0.024503236,0.045315308,0.051766348,0.03284699,0.147149831,0.069708886,0.084757186,0.086640597,0.066274499,0.010131865,0.025334062,0.115440531,,0.083595762,0.195652174,184,0.581395349,172,0.792494481,453,44.8,48583,247.8519595,0.410400597,-0.895750783,2.357091807,1.52157642,1.042998631,0.84832951,1.34475109,1.414582651,1.042998631,complete,COOK,Evanston Ward 5 Precinct 3,0,1,0,Evanston,1,0,0,594,396,264,158,119,79,0.00864,18.21267297,72,0.98312,41.29899311,164,0.00812,18.09182339,72,2.00E-05,5.333614715,21,4.00E-05,4.354969221,17,6.00E-05,6.109628934,24,0,2.84518655,11,COOK:7505003,COOK:7505003,COOK:EVANSTON WARD 5 PRECINCT 3,1.272019058,24.4899049,14.40214748,14.40214748,14.40214748,14.40214748,1.749678848,14.40214748,1.749678848,17.92596158,41.36539401,18.04802637,6.027679994,4.387721651,5.583772483,2.578616432,18.24816756,41.01064728,18.05528418,5.247550009,4.341666452,6.099581465,2.810426241,15.60674706,43.25180528,21.4722711,9.31668278,4.099984911,0.01701781,0.009177435,1,1,0.2,3,1.001002161,1.001603457,1.000801728,1.399198272,1.090750541,389.0242924,385.7671054,13.28870795,4.499241878,8.789466069,0.03415907,0.011565452,0.022593618,3044.52,396,1
COOK:7506001,COOK:7506001,COOK:Evanston Ward 6 Precinct 1,,,,,,,,,,0.828757625,0.039073519,0.032333815,0.071319935,0.006014442,0.001501044,0.5924,0.7767,0.2233,0.5352,0.0988,0.0244,0.0329,0.2962,0.1192549,0.122760175,0.039519858,0.06762629,0.137369726,0.141687396,0.12824138,0.088119784,0.15542049,0.027442191,0.026173133,0.023533207,0.007834034,0.007835513,0.011801764,0.006532992,0.00262524,0.014373028,0.024851503,0.064032384,0.041974202,0.085118433,0.048505105,0.102175069,0.505192201,,-0.350761842,0.591731266,387,0.01305483,383,0.384439359,874,57.8,201028,350.6778324,-1.440038479,1.535530744,0.362344426,0.22342446,0.350553578,0.170315288,0.388959406,-0.180487616,0.350553578,complete,COOK,Evanston Ward 6 Precinct 1,0,1,0,Evanston,1,0,0,818,545,363,266,200,133,0.00992,18.99012006,103,0.98432,41.57812067,227,0.00548,17.09137426,93,2.00E-05,5.242412643,29,0.00012,4.270670354,23,0.00014,6.167137518,34,0,2.848638868,16,COOK:7506001,COOK:7506001,COOK:EVANSTON WARD 6 PRECINCT 1,1.5,52.04668383,8.10327515,8.10327515,8.10327515,8.10327515,3.71847021,8.10327515,3.71847021,18.24798617,41.29992837,16.68946199,5.854155094,4.171279068,5.569245466,2.572152715,18.97040247,41.32192787,17.09660707,5.282334594,4.205200077,6.108971515,2.827879591,15.92877165,43.18633964,20.11370672,9.143157881,3.883542328,0.002490794,0.002713718,1,1,0.2,3,1.000119867,1.000191787,1.000095894,1.399904106,1.12970274,423.5760187,420.6413207,7.457323258,4.792206519,2.665116738,0.017605631,0.011313687,0.006291944,1914.39,545,1
COOK:7506002,COOK:7506002,COOK:Evanston Ward 6 Precinct 2,,,,,,,,,,0.87816546,0.035910499,0.045164025,0.026728682,0.010889224,9.40E-06,0.6258,0.9585,0.0415,0.4976,0.1385,0.0289,0.0456,0.2817,0.12492004,0.151654923,0.02061095,0.026882948,0.217991254,0.150368168,0.188792587,0.088441978,0.030337152,5.80E-05,0.033250742,0.018144145,7.75E-06,1.11E-05,0.01517785,4.00E-05,3.29E-05,0.003035348,0.009136727,0.01824069,0.072824438,0.154152654,0.057599213,0.148357717,0.469930748,,-0.327789464,0.601895735,211,0.041860465,215,0.489959839,498,54.9,189866,187.5234849,-1.342172146,1.597924054,0.463445725,0.559118366,0.500140787,0.319579,0.528914132,-0.068903137,0.500140787,complete,COOK,Evanston Ward 6 Precinct 2,0,1,0,Evanston,1,0,0,464,309,206,140,105,70,0.00998,18.59365495,57,0.9828,41.25425483,127,0.00694,17.3630797,54,8.00E-05,5.696595603,18,4.00E-05,4.383133925,14,0.00014,6.172643221,19,2.00E-05,2.860629394,9,COOK:7506002,COOK:7506002,COOK:EVANSTON WARD 6 PRECINCT 2,1.8,45.4064992,9.621075012,9.621075012,9.621075012,9.621075012,3.244062871,9.621075012,3.244062871,17.92632987,40.94061315,16.99642472,6.215692348,4.253727067,5.568608965,2.570881776,18.60024253,40.92991234,17.40100125,5.660971127,4.289019181,6.10695156,2.825225197,15.60711534,42.82702442,20.42066945,9.504695134,3.965990327,0.001854292,0.001442778,1,1,0.2,3,1.000061286,1.000098058,1.000049029,1.399950971,1.132561806,224.9988271,223.7139059,3.642944766,2.783995963,0.858948803,0.01619095,0.01237338,0.00381757,790.53,309,1
COOK:7506003,COOK:7506003,COOK:Evanston Ward 6 Precinct 3,,,,,,,,,,0.886786063,0.027989546,0.0277029,0.051778077,0.00146283,2.34E-05,0.6372,0.9749,0.0251,0.449,0.1583,0.0192,0.0318,0.329,0.132095351,0.144832679,0.008882009,0.036821608,0.192706866,0.151583228,0.204188269,0.083454129,0.045435861,0.000301941,0.048103483,0.034739513,0.000135016,0.000199895,0.027271812,0.00027517,0.00010789,0.016061459,0.000436167,0.033220047,0.094457364,0.15052015,0.05447029,0.140073157,0.399626647,,-0.204145471,0.584541063,207,0.113122172,221,0.531827515,487,56.5,164171,186.6319311,-0.815427192,1.49139459,0.713558288,0.69231264,0.673358129,0.520459581,0.711977871,-0.077831499,0.673358129,complete,COOK,Evanston Ward 6 Precinct 3,0,1,0,Evanston,1,0,0,450,300,200,142,107,71,0.0104,18.81458905,56,0.9827,41.47833896,124,0.00676,17.21686544,52,4.00E-05,5.469827366,16,2.00E-05,4.264432412,13,8.00E-05,6.097779306,18,0,2.91272153,9,COOK:7506003,COOK:7506003,COOK:EVANSTON WARD 6 PRECINCT 3,1.8,37.97562713,11.31960859,11.31960859,11.31960859,11.31960859,2.713164947,11.31960859,2.713164947,18.0986328,41.13306855,16.83196675,6.021442082,4.209556428,5.568680811,2.571463629,18.79864117,41.1400624,17.23831053,5.457769445,4.244198611,6.107778697,2.826562343,15.77941828,43.01947982,20.25621148,9.310444869,3.921819688,0.001926138,0.002024632,1,1,0.2,3,1.000048719,1.000077951,1.000038975,1.399961025,1.2685455,324.9221122,323.0721058,5.246254414,4.011603213,1.234651201,0.016146191,0.012346353,0.003799837,1046.67,300,1
COOK:7506004,COOK:7506004,COOK:Evanston Ward 6 Precinct 4,,,,,,,,,,0.871873615,0.017809786,0.057909439,0.043053499,0.003928322,0.000895706,0.6067,0.7927,0.2073,0.5515,0.203,0.0149,0.0054,0.2178,0.16846463,0.10135294,0.027598932,0.106982703,0.165945183,0.077094361,0.141711354,0.067749886,0.143100011,0.018545377,0.037310373,0.02411619,0.004763501,0.004673234,0.030825663,0.003713407,5.58E-07,0.006659869,0.022025049,0.065269724,0.048565915,0.091016962,0.110556941,0.122932934,0.409024304,,-0.283829859,0.617312073,439,-0.009756098,410,0.480176211,908,56.4,162998,364.0511396,-1.154896569,1.692555299,0.2822832,0.527993562,0.48070185,0.336983873,0.469761715,-0.23032524,0.48070185,complete,COOK,Evanston Ward 6 Precinct 4,0,1,0,Evanston,1,0,0,869,579,386,171,129,86,0.00968,18.8519113,109,0.98348,41.3704163,240,0.00662,17.26530772,100,4.00E-05,5.479029953,32,6.00E-05,4.232776114,25,0.0001,6.129600773,35,2.00E-05,2.821143599,16,COOK:7506004,COOK:7506004,COOK:EVANSTON WARD 6 PRECINCT 4,1.8,46.26449741,9.424955531,9.424955531,9.424955531,9.424955531,3.305362469,9.424955531,3.305362469,18.08722458,41.12045021,16.84301356,6.035975095,4.212513704,5.569328014,2.571571788,18.78480441,41.12558123,17.24837077,5.472633281,4.24702498,6.108331962,2.826576563,15.76801006,43.00686148,20.26725829,9.324977881,3.924776964,0.002573341,0.002132791,1,1,0.2,3,1.000168664,1.000269862,1.000134931,1.399865069,1.441425005,411.3253339,408.3598031,7.37564592,4.548385613,2.827260308,0.017931417,0.011057879,0.006873538,1646.59,579,1
COOK:7506005,COOK:7506005,COOK:Evanston Ward 6 Precinct 5,,,,,,,,,,0.853446097,0.045819698,0.032728831,0.054063577,0.003280702,0.000820549,0.6054,0.6954,0.3046,0.3445,0.1729,0,0.0588,0.4101,0.10327568,0.121307396,0.048367292,0.113022061,0.137642632,0.122518949,0.177674663,0.089209526,0.086981801,0.022316185,0.003762121,0.012421876,0.042028673,0.011138471,0.070469062,0.011141187,0.025964485,0.050702345,0.045792563,0.124991255,0.052046949,0.068158914,0.021159973,0.073210851,0.364695091,,-0.237399688,0.655737705,366,0.075718016,383,0.443890274,802,55.6,109986,298.9677113,-0.957095951,1.928426193,0.582278114,0.412556559,0.645478635,0.491541229,0.663626012,0.128683497,0.645478635,complete,COOK,Evanston Ward 6 Precinct 5,0,1,0,Evanston,1,0,0,720,480,320,242,182,121,0.0109,18.76527322,90,0.98262,41.33648937,198,0.00618,17.36150733,83,0.0001,5.549990624,27,6.00E-05,4.321593825,21,0.00012,6.199260659,30,2.00E-05,2.880064828,14,COOK:7506005,COOK:7506005,COOK:EVANSTON WARD 6 PRECINCT 5,1.5,39.13733137,11.05406861,11.05406861,11.05406861,11.05406861,2.796162792,11.05406861,2.796162792,17.99505801,41.01707491,16.93043795,6.137610047,4.236027966,5.568871803,2.571601995,18.67951286,41.01357485,17.33593055,5.579402758,4.271118861,6.107526151,2.82625717,15.67584349,42.90348618,20.35468268,9.426612834,3.948291226,0.00211713,0.002162997,1,1,0.2,3,1.000111393,1.000178228,1.000089114,1.399910886,1.085195792,319.707147,317.4340278,5.888041793,3.75795177,2.130090023,0.018416985,0.011754356,0.006662629,1614.62,480,1
COOK:7506006,COOK:7506006,COOK:Evanston Ward 6 Precinct 6,,,,,,,,,,0.927781237,0.018149124,0.018673964,0.022750509,0.005731372,0.001255589,0.5693,0.7705,0.2295,0.3982,0.1467,0.0041,0.0549,0.3778,0.120034944,0.133382638,0.03171002,0.09901768,0.140218559,0.117843483,0.13487843,0.101815903,0.12109834,0.027441196,0.009640958,0.018911732,0.020084258,0.004170185,0.040150381,0.015513192,0.004000835,0.035796534,0.022182163,0.082354617,0.064719526,0.047345474,0.043699135,0.069687991,0.494301822,,-0.356878983,,,0.091428571,350,,,56.8,195912,314.7184953,-1.466098565,,0.637418628,,,,,-0.182851815,-0.182851815,demographic_only,COOK,Evanston Ward 6 Precinct 6,0,1,0,Evanston,1,0,0,758,505,337,203,153,102,0.00412,20.05920861,101,0.9956,46.04490131,233,0.00028,12.88450235,65,0,4.682388023,24,0,3.169060264,16,0,6.207995887,31,0,2.791406908,14,COOK:7506006,COOK:7506006,COOK:EVANSTON WARD 6 PRECINCT 6,1.8,73.85801148,3.477535025,3.477535025,3.477535025,3.477535025,5.276778369,3.477535025,3.477535025,19.24828808,45.680775,12.77716038,5.222283804,3.198958383,5.567782156,2.570412356,20.15555541,45.94104366,12.95378747,4.648455715,3.168882556,6.113483675,2.832114702,16.92907356,47.56718627,16.20140511,8.51128659,2.911221643,0.001027483,0.000973358,1,1,0.2,3,1.000381825,1.000610921,1.00030546,1.39969454,1.356380938,393.2782105,390.1716701,7.544455388,4.290611003,3.253844385,0.019183507,0.010909862,0.008273645,1664.65,505,1
COOK:7507001,COOK:7507001,COOK:Evanston Ward 7 Precinct 1,,,,,,,,,,0.833130337,0.041561632,0.043603374,0.07130973,0.006229672,2.50E-06,0.6301,0.6204,0.3796,0.4626,0.1579,0.0012,0.0339,0.3324,0.130341139,0.081041285,0.05158895,0.094003563,0.164565712,0.166697699,0.160207355,0.094505887,0.05704841,0.024171297,0.004396111,0.054862731,0.014308991,0.00440184,0.030804156,0.01427909,0.009910382,0.049422757,0.038460912,0.186639144,0.048392935,0.052753302,0.050529969,0.153722484,0.262943898,,-0.128049976,0.644230769,416,0.188172043,372,0.567447046,897,54.1,109454,331.6580178,-0.491247124,1.857792318,0.976966453,0.805629595,0.934106668,0.787285311,0.972042897,0.043696026,0.934106668,complete,COOK,Evanston Ward 7 Precinct 1,0,1,0,Evanston,1,0,0,797,531,354,263,198,132,0.00944,18.64807283,99,0.98326,41.21254421,219,0.00704,17.3966272,92,0.0001,5.734183076,30,4.00E-05,4.325908381,23,0.00012,6.141727099,33,0,2.869204225,15,COOK:7507001,COOK:7507001,COOK:EVANSTON WARD 7 PRECINCT 1,1.5,28.04869601,13.58868627,13.58868627,13.58868627,13.58868627,2.003936329,13.58868627,2.003936329,17.92583287,40.93927329,16.99590056,6.215372068,4.253647651,5.569559259,2.572297579,18.59982375,40.92865178,17.40058981,5.66069703,4.289002712,6.107909485,2.826648632,15.60661835,42.82568455,20.42014528,9.504374855,3.965910911,0.002804586,0.002858582,1,1,0.2,3,1.00014577,1.000233232,1.000116616,1.399883384,1.062901797,388.8879325,385.7890027,7.728415454,4.507528382,3.220887073,0.019873117,0.011590816,0.008282301,1999.19,531,1
COOK:7507002,COOK:7507002,COOK:Evanston Ward 7 Precinct 2,,,,,,,,,,0.804516212,0.038277372,0.051961196,0.095666988,0.011358386,0.001792055,0.6957,0.6283,0.3717,0.3884,0.2384,0.0344,0.0485,0.2903,0.087323954,0.135223135,0.091664328,0.079960762,0.180664306,0.176177448,0.127856961,0.090713052,0.030416053,0.003642956,0.040096006,3.29E-05,0.015303498,0.011790218,0.009423932,0.014176338,0.014184004,6.76E-06,0.033021372,0.063616565,0.143862134,0.121291333,0.064794856,0.133203072,0.331554054,,-0.20540762,0.597014925,402,0.106699752,403,0.486800422,947,51.2,136402,367.9145394,-0.820804167,1.567963818,0.691017038,0.549067265,0.647993109,0.496810988,0.686834319,0.30880405,0.647993109,complete,COOK,Evanston Ward 7 Precinct 2,0,1,0,Evanston,1,0,0,896,597,398,286,215,143,0.00998,18.66434932,111,0.9821,41.24016722,246,0.00768,17.38698451,104,0.00014,5.721231037,34,2.00E-05,4.304903486,26,8.00E-05,6.134325462,37,0,2.899007169,17,COOK:7507002,COOK:7507002,COOK:EVANSTON WARD 7 PRECINCT 2,1.5,39.03191012,11.07816558,11.07816558,11.07816558,11.07816558,2.788630981,11.07816558,2.788630981,17.92556133,40.93854124,16.99561417,6.215687204,4.253604261,5.570335105,2.57318978,18.59938452,40.92775164,17.40008968,5.660949579,4.28894023,6.108676018,2.82753152,15.60634681,42.82495251,20.4198589,9.504689991,3.965867521,0.003580432,0.003750783,1,1,0.2,3,1.000139429,1.000223087,1.000111544,1.399888456,1.022992522,311.232914,306.1693949,9.797885552,3.381289639,6.416595913,0.031480879,0.010864178,0.020616701,1615.5,597,1
COOK:7507003,COOK:7507003,COOK:Evanston Ward 7 Precinct 3,,,,,,,,,,0.507428271,0.098516879,0.095560825,0.269158276,0.007972777,0.004576303,0.0671,0.4676,0.5324,0.1182,0.0386,0,0.6962,0.1387,0.005531604,0.493042998,0.365581231,0.017408639,0.014022302,0.03153825,0.028029851,0.009194494,0.012289609,0.024520094,0.004817175,0.039672612,0.014721975,0.079619318,3.11E-05,0.019728878,0.015001254,0.023625572,0.084435602,0.039770804,0.108566982,0.04975433,0.02946472,0.059697207,0.383211315,,0.709455985,1,1,1,2,0.815789474,76,24.7,116988,71.32430489,3.076674197,4.04163685,3.826299972,1.595685135,3.210036616,3.135074038,3.348281802,1.753329115,3.210036616,complete,COOK,Evanston Ward 7 Precinct 3,0,1,0,Evanston,1,0,0,162,108,72,27,21,14,0.028,17.29785956,15,0.86066,34.5649148,31,0.10948,22.85366662,20,0.00016,4.46407396,4,0.00106,8.350903097,7,0.00056,6.177035948,5,8.00E-05,2.937712078,3,COOK:7507003,COOK:7507003,COOK:EVANSTON WARD 7 PRECINCT 3,1.2,1.520634298,19.65241651,19.65241651,19.65241651,19.65241651,0.108641568,19.65241651,0.108641568,16.52860787,33.7352413,20.70648047,4.696694644,7.594279926,5.57541737,2.579339477,17.19003502,34.18520385,22.67026977,4.431957158,8.2844858,6.165724324,2.885647258,14.20939335,35.62165257,24.1307252,7.985697431,7.306543186,0.008662697,0.00990048,1,1,0.2,3,1.00080523,1.001288368,1.000644184,1.399355816,1.004055244,44.51546769,43.69154464,1.647629382,1.369954239,0.277675144,0.037012514,0.030774792,0.006237723,857.94,91,0.976637079
COOK:7507004,COOK:7507004,COOK:Evanston Ward 7 Precinct 4,,,,,,,,,,0.84317636,0.017226138,0.050379501,0.071695488,0.005644845,0.001669309,0.5783,0.751,0.249,0.4394,0.2297,0.0002,0.0948,0.2201,0.133044786,0.143002548,0.016550042,0.083478548,0.222187434,0.125549495,0.128945496,0.101265843,0.045975808,0.009743029,0.000265646,0.033008105,0.018248133,0.000321248,0.033616523,0.008473696,0.007006317,0.027563693,0.015721323,0.102848089,0.102021968,0.035369479,0.06723588,0.080859399,0.457697473,,-0.275355181,0.6,205,0.194690265,226,0.556603774,424,51.8,173842,199.1136845,-1.118792964,1.586287324,0.999843946,0.771133729,0.7714817,0.559618009,0.859526887,0.04622866,0.7714817,complete,COOK,Evanston Ward 7 Precinct 4,0,1,0,Evanston,1,0,0,488,325,217,135,102,68,0.01114,18.62775336,61,0.9817,41.23354666,134,0.00692,17.40834943,57,4.00E-05,5.700742152,19,2.00E-05,4.331447188,14,0.00016,6.133161037,20,2.00E-05,2.808312431,9,COOK:7507004,COOK:7507004,COOK:EVANSTON WARD 7 PRECINCT 4,1.5,34.02649305,12.22229361,12.22229361,12.22229361,12.22229361,2.431019451,12.22229361,2.431019451,17.92582857,40.93926169,16.99589602,6.215730597,4.253646964,5.56975667,2.572397305,18.59966501,40.92848502,17.40038329,5.660991222,4.288963144,6.108097024,2.826738484,15.60661405,42.82567296,20.42014075,9.504733384,3.965910224,0.003001998,0.002958307,1,1,0.2,3,1.00046054,1.000736864,1.000368432,1.399631568,1.203122963,304.5321983,301.8719739,6.468005508,3.412743548,3.05526196,0.021239152,0.011206511,0.01003264,891.01,325,1
COOK:7507005,COOK:7507005,COOK:Evanston Ward 7 Precinct 5,,,,,,,,,,0.790267146,0.048845055,0.051013409,0.076248807,0.002888719,0.00084428,0.4841,0.6323,0.3677,0.3951,0.1457,0.0117,0.2049,0.2427,0.050606403,0.201025735,0.174394879,0.048304283,0.100287859,0.161317974,0.123324797,0.085576678,0.0367366,0.068649297,0.055261773,0.002926768,0.011625547,0.011427553,0.025946021,0.027019134,0.025456713,0.002086347,0.084945072,0.070380397,0.062308688,0.080748785,0.03231169,0.054272267,0.366209152,,-0.344599776,0.635179153,307,-0.028213166,319,0.344019729,811,51.2,113237,304.6142188,-1.413787004,1.802230115,0.217503043,0.094836877,0.338324762,0.175195758,0.346786219,0.35821078,0.338324762,complete,COOK,Evanston Ward 7 Precinct 5,0,1,0,Evanston,1,0,0,732,488,325,230,173,115,0.01004,18.73605182,77,0.98254,41.2773222,170,0.00708,17.39009172,72,0.00012,5.691579259,24,6.00E-05,4.301156249,18,0.00014,6.082610229,25,2.00E-05,2.802123111,12,COOK:7507005,COOK:7507005,COOK:EVANSTON WARD 7 PRECINCT 5,1.5,52.58905462,7.979301142,7.979301142,7.979301142,7.979301142,3.757219837,7.979301142,3.757219837,17.92577781,40.93912484,16.99584248,6.2157401,4.253638853,5.569875834,2.572552129,18.59960411,40.92833806,17.40031755,5.660997877,4.288956855,6.108215806,2.826892927,15.60656329,42.82553611,20.42008721,9.504742887,3.965902113,0.003121162,0.003113132,1,1,0.2,3,1.000211872,1.000338995,1.000169498,1.399830502,1.008103367,490.1152202,482.9404214,11.62608792,4.321993948,7.304093977,0.023721132,0.008818322,0.01490281,1865.57,421,0.981575614
COOK:7508001,COOK:7508001,COOK:Evanston Ward 8 Precinct 1,,,,,,,,,,0.390964312,0.180540232,0.339839253,0.085197411,0.039220567,0.002619045,0.2877,0.6664,0.3336,0.6662,0.1686,0.0312,0.0164,0.1044,0.057808455,0.16666312,0.147124853,0.248052715,0.063423454,0.09194767,0.109301174,0.056713083,0.058965475,0.009226419,0.039756043,9.80E-06,0.015511497,0.038394092,1.89E-05,0.011020626,0.016921646,0.039998815,0.012923942,0.086523162,0.310020051,0.131916698,0.092089958,0.09804263,0.09762572,,0.046512413,0.532846715,274,0.459459459,259,0.787085515,573,38.1,93523,237.4504984,0.252419069,1.174075358,1.929124261,1.504368794,1.382667389,1.21499687,1.525492867,0.673590617,1.382667389,complete,COOK,Evanston Ward 8 Precinct 1,0,1,0,Evanston,1,0,0,558,372,248,209,157,105,0.00842,18.06676935,67,0.98222,41.27018013,154,0.00922,18.49109992,69,4.00E-05,4.965759897,18,0,4.462144279,17,0.0001,6.124390816,23,0,2.820173423,10,COOK:7508001,COOK:7508001,COOK:EVANSTON WARD 8 PRECINCT 1,1.5,15.71049346,16.40892744,16.40892744,16.40892744,16.40892744,1.122434661,16.40892744,1.122434661,17.92567805,41.64430452,18.73874043,5.874192764,4.47573105,5.578123276,2.576561469,18.03552756,41.07880681,18.48572137,4.960218736,4.377956916,6.080326388,2.794765407,15.60646352,43.53071579,22.16298515,9.163195551,4.18799431,0.011368603,0.007122472,1,1,0.2,3,1.255765811,1.409225297,1.204612648,1.195387352,1.244951248,404.750933,400.0048519,18.13865439,6.69601482,11.44263957,0.044814361,0.016543544,0.028270817,2348.28,372,1
COOK:7508002,COOK:7508002,COOK:Evanston Ward 8 Precinct 2,,,,,,,,,,0.281862263,0.200253061,0.436554982,0.072267653,0.030550622,0.002792131,0.3757,0.3464,0.6536,0.5439,0.1668,0.0118,0.1568,0.119,0.305991713,0.019037827,0.229348732,0.10413875,0.055442844,0.099142384,0.116008769,0.063001058,0.007887922,0.026702585,0.017294691,0.100059792,0.003439398,0.034054135,0.050106937,0.056966217,0.000393679,0.088231009,0.025130255,0.141616654,0.229438518,0.05283338,0.023314939,0.132509225,0.017908586,,0.263811088,0.227272727,176,0.393939394,132,0.818181818,407,40.3,70340,186.3347465,1.178149286,-0.701652009,1.69916357,1.603295935,0.996840624,0.944739196,1.147725499,1.410105889,0.996840624,complete,COOK,Evanston Ward 8 Precinct 2,0,1,0,Evanston,1,0,0,425,283,189,159,120,80,0.00868,18.14164107,51,0.98222,41.30051142,117,0.00884,18.26361877,52,8.00E-05,5.080507334,14,0.00012,4.452488071,13,6.00E-05,6.093661239,17,0,2.760492886,8,COOK:7508002,COOK:7508002,COOK:EVANSTON WARD 8 PRECINCT 2,1.8,25.95346672,14.0676095,14.0676095,14.0676095,14.0676095,1.854242878,14.0676095,1.854242878,17.92582219,41.55285957,18.51199263,5.925864507,4.446840597,5.580529979,2.577391061,18.10438586,41.05583666,18.34508407,5.05484291,4.366040675,6.087135553,2.799997462,15.60660767,43.43927084,21.93623736,9.214867294,4.159103857,0.013775306,0.007952063,1,1,0.2,3,1.29504844,1.472077504,1.236038752,1.163961248,1.012193871,321.3456397,317.4746167,9.913168233,4.742837418,5.170330815,0.030848927,0.014759302,0.016089625,2019.02,283,1
COOK:7508003,COOK:7508003,COOK:Evanston Ward 8 Precinct 3,,,,,,,,,,0.277186018,0.146226397,0.457885726,0.123184117,0.029518379,0.002273643,0.2772,0.2821,0.7179,0.5241,0.201,0,0.0149,0.2454,0.204221943,0.094730772,0.086833449,0.192907732,0.14138808,0.143211753,0.099309101,0.027293747,0.010103425,0.05862371,0.023904699,0.000219432,0.043361169,0.096528106,0.013172804,0.031597248,3.41E-05,0.066278163,0.067338454,0.091480787,0.175066823,0.130156232,0.085749468,0.103270826,0.013217949,,0.287051937,0.240740741,108,0.39047619,105,0.829508197,305,43.9,76065,163.7487167,1.277159352,-0.618980304,1.687008503,1.639328717,1.037113982,0.996129067,1.175289869,0.989815948,1.037113982,complete,COOK,Evanston Ward 8 Precinct 3,0,1,0,Evanston,1,0,0,377,251,167,137,103,69,0.00884,18.22366496,46,0.98214,41.27310347,104,0.00892,18.11668819,45,0,5.21693468,13,2.00E-05,4.375592865,11,6.00E-05,6.161599297,15,2.00E-05,2.860481327,7,COOK:7508003,COOK:7508003,COOK:EVANSTON WARD 8 PRECINCT 3,1.8,24.67279499,14.36034284,14.36034284,14.36034284,14.36034284,1.762745413,14.36034284,1.762745413,17.92525457,41.40105622,18.14010336,6.002748121,4.399436919,5.582259354,2.579305845,18.22039518,41.01964564,18.11552231,5.205039048,4.347000181,6.096336755,2.809384072,15.60604004,43.28746748,21.56434809,9.291750907,4.111700179,0.015504681,0.009866847,1,1,0.2,3,1.407812723,1.652500357,1.326250179,1.073749821,1.009400924,196.918339,194.8375496,5.485717416,2.459114704,3.026602712,0.027857829,0.012487992,0.015369837,2027.5,251,1
COOK:7508004,COOK:7508004,COOK:Evanston Ward 8 Precinct 4,,,,,,,,,,0.556287008,0.137346503,0.247652685,0.05002608,0.026921348,0.001920373,0.4733,0.5772,0.4228,0.5611,0.0367,0.0249,0.134,0.2337,0.137811099,0.046797217,0.063290765,0.196023913,0.088674996,0.14139624,0.154434238,0.156008149,0.015563383,0.02828157,0.035148975,0.025583966,0.016163507,0.044504054,0.016154999,0.041750137,0.012125608,0.03101632,0.033793479,0.218268855,0.209119765,0.054104059,0.062143787,0.033881159,0.137959761,,-0.069082696,0.588014981,267,0.164658635,249,0.627819549,532,53.5,74808,215.4588377,-0.240036237,1.512718797,0.89443968,0.997693556,0.904651541,0.791203949,0.925298687,0.760931371,0.904651541,complete,COOK,Evanston Ward 8 Precinct 4,0,1,0,Evanston,1,0,0,524,349,233,169,127,85,0.01002,18.64675761,65,0.98266,41.26061465,144,0.00714,17.38391316,61,6.00E-05,5.726888066,20,6.00E-05,4.339410025,15,2.00E-05,6.09118479,21,4.00E-05,2.867379583,10,COOK:7508004,COOK:7508004,COOK:EVANSTON WARD 8 PRECINCT 4,1.5,29.07407385,13.35430749,13.35430749,13.35430749,13.35430749,2.077194348,13.35430749,2.077194348,17.92607014,40.93991296,16.9961508,6.226343531,4.253685566,5.574770528,2.574240942,18.59537967,40.92458773,17.39470989,5.669705263,4.287830297,6.112819548,2.828290789,15.60685562,42.82632423,20.42039553,9.515346317,3.965948826,0.008015855,0.004801945,1,1,0.2,3,1.224958813,1.359934101,1.17996705,1.22003295,1.042627092,225.0819699,222.6536582,7.149190034,3.025533064,4.12365697,0.031762606,0.013441917,0.01832069,1650.42,349,1
COOK:7508005,COOK:7508005,COOK:Evanston Ward 8 Precinct 5,,,,,,,,,,0.340040663,0.148892711,0.430302481,0.068629752,0.02553374,0.003034947,0.3825,0.4784,0.5216,0.6765,0.1082,0.0109,0.0148,0.1749,0.140927515,0.125125568,0.079494591,0.148957637,0.123763117,0.116447787,0.132874375,0.091631777,0.040777634,0.060468937,0.029048625,0.000143635,0.030236296,0.055499702,0.040333201,0.04165901,0.018907384,0.024074187,0.088159174,0.127694768,0.145534494,0.069443597,0.093306209,0.070708494,0.104782287,,0.052624622,0.439393939,264,0.266409266,259,0.763955343,627,50.2,73094,271.6267278,0.278458144,0.600427284,1.251561507,1.430784426,0.987618177,0.89030784,1.05986891,0.828379438,0.987618177,complete,COOK,Evanston Ward 8 Precinct 5,0,1,0,Evanston,1,0,0,629,419,279,226,170,113,0.01004,18.63078653,78,0.9828,41.14416535,172,0.007,17.40146939,73,6.00E-05,5.706942807,24,0,4.266100829,18,8.00E-05,6.172092057,26,2.00E-05,2.841134089,12,COOK:7508005,COOK:7508005,COOK:EVANSTON WARD 8 PRECINCT 5,1.8,26.25384755,13.99894907,13.99894907,13.99894907,13.99894907,1.875703557,13.99894907,1.875703557,17.92586275,40.93935383,16.99593207,6.235963992,4.253652425,5.580274663,2.577193333,18.59101913,40.91985623,17.38906138,5.677590155,4.286759484,6.118058658,2.830978155,15.60664822,42.8257651,20.42017679,9.524966779,3.965915685,0.01351999,0.007754336,1,1,0.2,3,1.383645586,1.613832938,1.306916469,1.093083531,1.040255126,311.0922135,307.735383,9.914581297,4.190418542,5.724162755,0.031870233,0.013470021,0.018400212,1979.11,419,1
COOK:7509001,COOK:7509001,COOK:Evanston Ward 9 Precinct 1,,,,,,,,,,0.563557584,0.125024563,0.234371715,0.074910881,0.022056872,0.001051366,0.3674,0.247,0.753,0.36,0.1868,0.0715,0.14,0.2377,0.005146303,0.225830819,0.147471687,0.104316681,0.20996955,0.098997191,0.148067151,0.052593887,0.007606729,0.000234571,0.055383202,0.016136868,8.35E-05,8.90E-05,0.016334704,0.085294874,0.000136813,0.050758776,0.143260474,0.060420355,0.187428957,0.214548066,0.018665935,0.046673796,0.104550089,,0.313571397,0.43030303,165,0.352941176,170,0.72345679,405,44.7,84586,176.8248392,1.390136873,0.544623887,1.555269047,1.301945764,1.21450711,1.197993893,1.285962141,0.983412577,1.21450711,complete,COOK,Evanston Ward 9 Precinct 1,0,1,0,Evanston,1,0,0,407,271,181,148,111,74,0.00912,18.27162093,50,0.98168,41.28769293,112,0.009,18.1186108,49,8.00E-05,5.206000508,14,0,4.341257557,12,0.0001,6.077289844,16,2.00E-05,2.845002567,8,COOK:7509001,COOK:7509001,COOK:EVANSTON WARD 9 PRECINCT 1,1.317229793,19.63038732,15.5129261,15.5129261,15.5129261,15.5129261,1.402491092,15.5129261,1.402491092,17.92579272,41.36911303,18.05816191,6.008004224,4.389008918,5.574955182,2.57487135,18.25202639,41.01854515,18.0715833,5.229103969,4.344101605,6.091022887,2.806939881,15.6065782,43.2555243,21.48240664,9.297007011,4.101272178,0.008200509,0.005432352,1,1,0.2,3,1.10998703,1.175979247,1.087989624,1.312010376,1.014467607,159.511168,157.7996747,5.819076943,4.107583724,1.711493219,0.036480687,0.025751073,0.010729614,1051.54,271,1
COOK:7509002,COOK:7509002,COOK:Evanston Ward 9 Precinct 2,,,,,,,,,,0.561520787,0.159567962,0.212795103,0.049001697,0.045663017,0.000674327,0.5101,0.7725,0.2275,0.5722,0.0851,0.0148,0.0753,0.2276,0.094728619,0.12365911,0.104349072,0.149435847,0.107049905,0.173054794,0.143788552,0.071345929,0.032588173,0.002579561,0.058391085,0.001993809,0.004266976,0.049384383,0.000616796,0.00996139,0.001338191,0.04394887,0.042423886,0.118728416,0.172488762,0.106758976,0.104717488,0.102411764,0.179989649,,0.005403142,0.464362851,463,0.37972167,503,0.707482993,882,50.9,99113,399.713292,0.077286411,0.7536958,1.649262557,1.251128081,1.090040827,0.932843212,1.233324696,0.612047148,1.090040827,complete,COOK,Evanston Ward 9 Precinct 2,0,1,0,Evanston,1,0,0,962,641,427,152,114,76,0.01038,18.64486218,120,0.98254,41.19897591,264,0.00684,17.39576979,112,0.00014,5.764000742,37,0,4.325930303,28,0.0001,6.165852939,40,0,2.877729179,18,COOK:7509002,COOK:7509002,COOK:EVANSTON WARD 9 PRECINCT 2,1.310963039,23.06671194,14.72745803,14.72745803,14.72745803,14.72745803,1.647998967,14.72745803,1.647998967,17.92608156,40.93994375,16.99616284,6.224494083,4.25368739,5.573776407,2.573758857,18.59618624,40.9254174,17.3957621,5.668188313,4.288033224,6.111876316,2.827859593,15.60686704,42.82635501,20.42040757,9.51349687,3.96595065,0.007021734,0.00431986,1,1,0.2,3,1.10442223,1.167075568,1.083537784,1.316462216,1.113581864,686.2157601,677.6237585,28.65870666,12.39563131,16.26307535,0.041763405,0.018063752,0.023699653,2461.44,641,1
COOK:7509003,COOK:7509003,COOK:Evanston Ward 9 Precinct 3,,,,,,,,,,0.660999348,0.068425321,0.145616523,0.115646075,0.010740587,0.00085254,0.5184,0.487,0.513,0.4916,0.1842,0.0232,0.0575,0.2283,0.113940929,0.113995591,0.160852188,0.125468673,0.12509753,0.195452063,0.079415719,0.055312921,0.030464388,0.056507943,0.013794795,2.88E-05,0.020399725,0.022127897,0.046992931,2.63E-05,0.032288427,0.014375839,0.081496269,0.116747606,0.167328923,0.038778857,0.055934597,0.136839781,0.196331352,,0.146225324,0.421686747,332,0.382352941,340,0.774687065,719,46.4,89225,300.750819,0.677213443,0.491733921,1.658497727,1.464925416,1.171221055,1.073092627,1.288302075,0.446879157,1.171221055,complete,COOK,Evanston Ward 9 Precinct 3,0,1,0,Evanston,1,0,0,729,486,324,228,171,114,0.00936,18.59344892,90,0.98276,41.2522086,200,0.00764,17.41960875,85,4.00E-05,5.679114877,28,2.00E-05,4.377689823,21,0.00016,6.154378789,30,2.00E-05,2.780617693,14,COOK:7509003,COOK:7509003,COOK:EVANSTON WARD 9 PRECINCT 3,1.250336622,20.77194124,15.25199203,15.25199203,15.25199203,15.25199203,1.4840493,15.25199203,1.4840493,17.9253386,40.93794077,16.99537927,6.220564628,4.253568671,5.57339012,2.575039903,18.59704139,40.92502113,17.39708502,5.66494743,4.288384936,6.111596338,2.829246947,15.60612408,42.82435204,20.419624,9.509567415,3.965831931,0.006635448,0.005600906,1,1,0.2,3,1.063190536,1.101104858,1.050552429,1.349447571,1.025866532,381.6054589,377.5098485,13.91995115,9.818362329,4.101588825,0.036477338,0.025729093,0.010748245,2027.68,486,1
COOK:7509004,COOK:7509004,COOK:Evanston Ward 9 Precinct 4,,,,,,,,,,0.540490269,0.12826111,0.272978028,0.061534619,0.02238482,0.001363685,0.4136,0.6377,0.3623,0.585,0.0826,0.0686,0.0331,0.2025,0.14895836,0.129353114,0.055758637,0.139114818,0.126285263,0.190993221,0.10213378,0.091132591,0.016270216,0.010785772,0.017430313,3.54E-05,0.009569189,0.029274783,2.03E-05,0.034923236,0.024416054,0.130979443,0.036115905,0.06531114,0.050341257,0.117445984,0.035098018,0.172962872,0.265290357,,0.203829644,0.580327869,305,0.38,400,0.682692308,624,51.3,119327,322.1481104,0.922617884,1.46553243,1.650239433,1.172261098,1.375424866,1.302662711,1.444940211,0.627753599,1.375424866,complete,COOK,Evanston Ward 9 Precinct 4,0,1,0,Evanston,1,0,0,779,519,346,186,140,93,0.00976,18.71031838,97,0.98334,41.22811338,214,0.00658,17.44754158,91,6.00E-05,5.67280263,29,2.00E-05,4.226054962,22,0.0002,6.187628183,32,4.00E-05,2.836072737,15,COOK:7509004,COOK:7509004,COOK:EVANSTON WARD 9 PRECINCT 4,1.261444867,15.86320506,16.37402094,16.37402094,16.37402094,16.37402094,1.133345126,16.37402094,1.133345126,17.92594184,40.93956707,16.99601549,6.227629943,4.253665064,5.575732747,2.574937902,18.59468397,40.92367197,17.39383486,5.670757576,4.287676665,6.113746085,2.828952067,15.60672732,42.82597834,20.42026022,9.51663273,3.965928324,0.008978074,0.005498905,1,1,0.2,3,1.051190245,1.081904391,1.040952196,1.359047804,1.083138474,348.4496873,343.4878973,15.87911648,5.462354002,10.41676248,0.045570758,0.015676163,0.029894596,2219.94,519,1
COOK:7509005,COOK:7509005,COOK:Evanston Ward 9 Precinct 5,,,,,,,,,,0.576601927,0.113451115,0.215154315,0.084048662,0.017620006,0.000979059,0.6424,0.5238,0.4762,0.5445,0.1338,0.0073,0.0854,0.2252,0.12308855,0.092449571,0.171906594,0.172648197,0.171907982,0.132971524,0.102931198,0.025858668,0.006237717,5.67E-05,0.002208194,0.000105034,1.58E-05,0.002096726,0.014354653,0.012443075,2.27E-05,0.099985759,0.145010634,0.089992432,0.204436875,0.102391513,0.0225484,0.124561479,0.179769942,,0.139956021,,,0.32,200,,,42,91351,196.4390231,0.65050512,,1.439652929,,,,,0.808597849,0.808597849,demographic_only,COOK,Evanston Ward 9 Precinct 5,0,1,0,Evanston,1,0,0,462,308,205,165,124,83,0.00834,18.18353438,56,0.98244,41.27087391,127,0.0091,18.26736912,56,2.00E-05,5.153490356,16,4.00E-05,4.366548534,13,6.00E-05,6.134473473,19,0,2.762065033,9,COOK:7509005,COOK:7509005,COOK:EVANSTON WARD 9 PRECINCT 5,1.5,32.59604126,12.54926336,12.54926336,12.54926336,12.54926336,2.328820963,12.54926336,2.328820963,17.92569085,41.48154321,18.33652243,5.949918367,4.424477372,5.574623396,2.574918079,18.16422245,41.04422066,18.24436959,5.115617106,4.358454087,6.085071898,2.801367408,15.60647633,43.36795448,21.76076716,9.238921154,4.136740632,0.007868723,0.005479082,1,1,0.2,3,1.170037382,1.272059811,1.136029906,1.263970094,1.015254631,245.0076671,242.3883838,8.432147929,5.531070059,2.90107787,0.034415853,0.02257509,0.011840764,1018.21,308,1
COOK:8000020,COOK:8000020,COOK:Maine Precinct 20,,,,,,,,,,0.810326942,0.060572955,0.022876847,0.094766929,0.009813939,0.003264884,0.4698,0.9215,0.0785,0.5329,0.2027,0,0.0562,0.2081,0.065726145,0.225836615,0.089498344,0.0813205,0.135352024,0.128182875,0.165635274,0.041760475,0.066687749,6.87E-05,0.019506732,0.035845116,2.55E-05,0.009815458,0.052050653,2.94E-05,6.23E-05,2.15E-05,0.042313032,0.035821048,0.000220518,0.065119002,0.100927692,0.1952768,0.442896523,,-0.13290709,0.298701299,77,-0.431818182,88,0.149847095,327,51.8,185379,126.8978258,-0.511939276,-0.263196733,-1.199059777,-0.522887474,-0.692982865,-0.624270815,-0.807940658,-0.285379733,-0.692982865,complete,COOK,Maine Precinct 20,0,0,0,Maine,1,0,0,210,140,93,104,78,52,0.51532,30.34515328,12,0.46344,29.73545202,12,0.01988,15.56975184,6,0.0004,6.068724739,2,0.00036,5.137190672,2,0.0003,6.556136215,3,0.0003,3.262488654,1,COOK:8000020,COOK:8000020,COOK:MAINE PRECINCT 20,1,85.44149492,1.409024312,1.409024312,1.409024312,1.409024312,6.104359205,1.409024312,1.409024312,21.82742469,20.43120803,10.45884757,3.960286654,3.780476104,5.569504623,2.572786079,30.12774657,29.45730949,15.52441802,5.934690126,5.085224291,6.482326206,3.20160849,19.50821017,22.3176193,13.8830923,7.24928944,3.492739364,0.00274995,0.003347082,1,0.3,0.2,1.000000051,1.03570097,1.057121552,1.028560776,1.371439224,1.005753555,161.7341555,161.3269448,1.086410022,0.543359491,0.54305053,0.006717258,0.003359584,0.003357674,909.43,46,0.868940319
COOK:8000029,COOK:8000029,COOK:Maine Precinct 29,,,,,,,,,,0.828404647,0.114337805,0.010170991,0.043900319,0.005722993,0,0.4456,0.6612,0.3388,0.7578,0.0565,0,0.0332,0.1474,0.100952437,0.066043283,0.069769849,0.162592114,0.092875531,0.132138479,0.197985706,0.093385487,0.084257115,0.037716013,0.003830381,0.094223793,0.032697658,0.0251422,0.002546931,0.016363394,0.012600643,0.011330677,0.007573474,0.044070187,0.089319898,0.083052524,0.104334492,0.115668181,0.319529554,,-0.076814258,0.261146497,157,-0.546391753,194,-0.043723554,709,55.8,134472,327.4974333,-0.272974038,-0.493722146,-1.60118724,-1.138696721,-1.009466356,-0.876645036,-1.154374797,-0.523404234,-1.009466356,complete,COOK,Maine Precinct 29,0,0,0,Maine,1,0,0,437,291,194,254,191,127,0.52112,30.56183139,89,0.4593,29.80993422,87,0.01818,15.43608234,45,0.00064,5.87716599,17,0.00024,5.101182917,15,0.00022,6.622074765,19,0.0003,3.266141887,10,COOK:8000029,COOK:8000029,COOK:MAINE PRECINCT 29,1,88.75506241,0.817306813,0.817306813,0.817306813,0.817306813,6.341096709,0.817306813,0.817306813,21.9200356,20.49011265,10.37189179,3.856847716,3.757032841,5.568016687,2.570984021,30.28947811,29.57448857,15.41662117,5.793781748,5.055572325,6.482206554,3.201174715,19.60082107,22.37652392,13.79613652,7.145850503,3.469296101,0.001262014,0.001545023,1,0.3,0.2,1.000000108,1.042914707,1.068663531,1.034331766,1.365668234,1.006828842,465.2091162,464.6678677,3.246064694,2.164518675,1.081546019,0.006977646,0.004652786,0.00232486,1629.45,291,1
COOK:8000030,COOK:8000030,COOK:Maine Precinct 30,,,,,,,,,,0.886923191,0.059036818,0.009004215,0.032428209,0.00630483,0,0.5426,0.8123,0.1877,0.5671,0.154,0,0.0563,0.2226,0.129080868,0.102984906,0.037358696,0.108862583,0.096823116,0.15579269,0.188052395,0.108373192,0.072671554,0.0157558,0.004614084,0.009311018,0.009286579,0.022158962,0.003692807,0.027680142,0.030444173,0.010153196,0.040578592,0.044327866,0.131943998,0.047134486,0.053627386,0.136552029,0.412738881,,-0.322331291,0.400749064,267,-0.688654354,379,-0.023136247,1167,57.5,168048,484.1137195,-1.318919378,0.363210596,-2.100496969,-1.073202008,-1.110509699,-1.03235194,-1.324138705,-0.353559965,-1.110509699,complete,COOK,Maine Precinct 30,0,0,0,Maine,1,0,0,780,520,347,373,280,187,0.52356,30.84761475,160,0.45798,30.05694599,156,0.01708,15.2200074,79,0.00052,5.557215367,29,0.00028,5.025144488,26,0.00036,6.564020652,34,0.00022,3.253539184,17,COOK:8000030,COOK:8000030,COOK:MAINE PRECINCT 30,1,89.46621714,0.690312962,0.690312962,0.690312962,0.690312962,6.391905088,0.690312962,0.690312962,22.11575664,20.61364925,10.18597477,3.637900503,3.707043791,5.567728444,2.570599483,30.63196245,29.82110362,15.18478473,5.49450685,4.99248862,6.484802529,3.203674395,19.79654212,22.50006052,13.6102195,6.926903289,3.419307051,0.000973772,0.001160486,1,0.3,0.2,1.000000338,1.240634034,1.385014454,1.192507227,1.207492773,1.038204318,554.7656536,553.7970549,3.262927625,2.175285083,1.087642542,0.005881632,0.003921088,0.001960544,2409.71,520,1
COOK:8000031,COOK:8000031,COOK:Maine Precinct 31,,,,,,,,,,0.61563826,0.066876811,0.035880385,0.281594658,0.003536678,0.001407288,0.3519,0.7332,0.2668,0.8289,0.0359,0,0.003,0.1216,0.119251072,0.08603952,0.104794414,0.109784334,0.156391973,0.130337726,0.139779769,0.082089231,0.071531961,0.025167506,0.014175614,0.020448246,0.022056803,0.02994869,0.053525575,0.009444254,0.045643608,0.014170412,0.050395341,0.097607674,0.140092194,0.078743277,0.088214184,0.083494219,0.226872402,,0.062150592,0.323943662,71,-0.282051282,78,0.07106599,394,51.2,95953,220.510976,0.319040436,-0.108249673,-0.673411647,-0.773515,-0.408279179,-0.309033971,-0.481154714,-0.456499945,-0.408279179,complete,COOK,Maine Precinct 31,0,0,0,Maine,1,0,0,263,175,117,179,135,90,0.1758,24.59238796,43,0.78812,33.504311,59,0.03422,17.62490001,31,0.00092,7.271917333,13,0.00034,4.057872556,7,0.00048,6.434880077,11,0.00012,3.194324448,6,COOK:8000031,COOK:8000031,COOK:MAINE PRECINCT 31,1,80.26799554,2.332877569,2.332877569,2.332877569,2.332877569,5.73473905,2.332877569,2.332877569,19.03830382,24.77254414,12.97111315,5.453647375,3.251448501,5.574031635,2.578971142,24.39723369,33.11402386,17.54905059,7.238240043,4.019592116,6.387121281,3.108061614,16.7190893,26.65895541,16.39535788,8.742650162,2.963711761,0.007276963,0.009532144,1,0.3,0.2,1.000003912,1.000218652,1.000349843,1.000174921,1.399825079,1.030691657,346.2043277,346.1141736,1.100854576,0.920978598,0.179875978,0.003179783,0.002660217,0.000519566,1742.39,175,1
COOK:8000039,COOK:8000039,COOK:Maine Precinct 39,,,,,,,,,,0.736064308,0.084210552,0.009949718,0.159833028,0.009192563,1.51E-06,0.4005,0.9112,0.0888,0.7543,0.0811,0,0.0062,0.1584,0.095309048,0.083876986,0.154476653,0.153331641,0.061295432,0.213836048,0.121747726,0.048641755,0.067484712,0.019707188,8.54E-06,2.43E-05,0.011812026,0.086546594,0.023613727,0.078615038,0.009875818,0.035388861,0.066988441,0.09050649,0.065084689,0.049323759,0.007960437,0.145711955,0.308832094,,-0.089063889,0.315315315,111,-0.25,112,0.052132701,422,51.4,105995,222.2940836,-0.325159601,-0.161213692,-0.560918856,-0.83374776,-0.493835903,-0.470259977,-0.511967679,-0.511917688,-0.493835903,complete,COOK,Maine Precinct 39,0,0,0,Maine,1,0,0,270,180,120,176,132,88,0.5178,30.44701955,55,0.46254,29.74102163,54,0.01814,15.58976051,28,0.00064,6.015182612,11,0.0003,5.090647857,9,0.00036,6.552639521,12,0.00022,3.273337011,6,COOK:8000039,COOK:8000039,COOK:MAINE PRECINCT 39,1,82.11283389,2.003437128,2.003437128,2.003437128,2.003437128,5.866543345,2.003437128,2.003437128,21.82669933,20.43010651,10.45808255,3.959252514,3.780360196,5.570594839,2.574715244,30.1272917,29.45639572,15.52373185,5.933407243,5.085480897,6.483447273,3.203568505,19.50748481,22.31651777,13.88232728,7.248255301,3.492623456,0.003840166,0.005276247,1,0.3,0.2,1.000004062,1.098735217,1.157976347,1.078988173,1.321011827,1.191778478,319.9916898,319.9916898,1.056141899,0.386560892,0.669581007,0.003300529,0.001208034,0.002092495,1671.79,180,1
COOK:8000043,COOK:8000043,COOK:Maine Precinct 43,,,,,,,,,,0.930266985,0.032703876,0.005673094,0.011517953,0.004268001,6.49E-07,0.4523,0.9998,0.0002,0.6747,0.1523,0,0,0.161,0.239676242,0.143279708,0.047928184,0.102207311,0.176041273,0.109780171,0.114382558,0.041300803,0.025403749,0.058257883,1.20E-05,1.47E-05,0.04993894,0.000129318,6.23E-05,9.68E-05,7.20E-05,4.38E-05,0.019519119,0.000179361,0.083322833,0.044476981,0.094320159,0.044578973,0.604974936,,-0.265740517,0.373493976,83,-0.572649573,117,-0.221198157,434,47.4,217352,175.3389162,-1.07783282,0.195908677,-1.693346282,-1.703299372,-1.131193795,-1.069642449,-1.255934562,-0.694975356,-1.131193795,complete,COOK,Maine Precinct 43,0,0,0,Maine,1,0,0,216,144,96,141,106,71,0.51528,30.43745952,44,0.46424,29.76727053,43,0.01914,15.66498805,23,0.00058,6.007260361,9,0.00028,5.147040095,7,0.00024,6.530037136,9,0.00024,3.213541869,5,COOK:8000043,COOK:8000043,COOK:MAINE PRECINCT 43,1,89.59634278,0.667075886,0.667075886,0.667075886,0.667075886,6.401201902,0.667075886,0.667075886,21.82835277,20.43261738,10.45982637,3.959814178,3.780624402,5.567169503,2.569883069,30.12946107,29.45979114,15.5261019,5.934136539,5.085098811,6.480009669,3.198724061,19.50913824,22.31902865,13.8840711,7.248816964,3.492887662,0.00041483,0.000444071,1,0.3,0.2,1.000001354,1.218342788,1.34934846,1.17467423,1.22532577,1.085360528,250.3728825,249.9031009,1.409580761,0.939563266,0.470017495,0.005629926,0.003752656,0.00187727,1033.6,144,1
COOK:8000044,COOK:8000044,COOK:Maine Precinct 44,,,,,,,,,,0.823609818,0.056702832,0.013797653,0.101270358,0.012268249,9.21E-07,0.3672,0.7134,0.2866,0.8615,0.024,0,0,0.1145,0.129491068,0.237388855,0.039228624,0.058258304,0.21480715,0.175725618,0.096288411,0.02144198,0.027369987,1.77E-05,2.51E-05,0.06606583,0.025791555,0.000247138,0.025703025,6.22E-06,0.029394256,3.31E-05,0.102756551,0.110185363,0.183564828,0.040475611,0.033202423,0.091940655,0.290590675,,-0.154581775,0.223529412,85,-0.505376344,93,0.108695652,368,48.2,94036,156.021917,-0.604277211,-0.724629876,-1.45723238,-0.653803185,-0.94528118,-0.859985663,-1.064730523,-0.706829044,-0.94528118,complete,COOK,Maine Precinct 44,0,0,0,Maine,1,0,0,254,169,113,119,90,60,0.5195,30.47020966,51,0.4601,29.6497121,50,0.01894,15.54904557,26,0.00064,6.031188924,10,0.00036,5.170270374,9,0.00026,6.573390484,11,0.0002,3.267700212,6,COOK:8000044,COOK:8000044,COOK:MAINE PRECINCT 44,1,88.22996305,0.911075985,0.911075985,0.911075985,0.911075985,6.303581037,0.911075985,0.911075985,21.82735219,20.43109793,10.4587711,3.95976891,3.780464518,5.569396608,2.572878575,30.12796246,29.45752106,15.52453543,5.934055361,5.085296744,6.482234672,3.201717466,19.50813767,22.3175092,13.88301583,7.248771697,3.492727778,0.002641935,0.003439578,1,0.3,0.2,1.000039223,1.00012914,1.000206623,1.000103312,1.399896688,1.303628407,257.2637023,256.9802067,1.417556683,0.850565795,0.566990887,0.005510131,0.003306202,0.002203929,842.16,169,1
COOK:8000046,COOK:8000046,COOK:Maine Precinct 46,,,,,,,,,,0.68212514,0.122752368,0.014586505,0.176891595,0.012151872,0.001822289,0.3641,0.8276,0.1724,0.8704,0.051,0.0056,0.0085,0.0645,0.105678145,0.058686704,0.098952223,0.16086815,0.1081015,0.147009743,0.14165301,0.10560344,0.073447082,0.049717231,0.002703257,0.02689047,0.024197401,0.047005351,0.021503709,0.018847482,0.029585953,0.005400048,0.030965451,0.081999022,0.193468109,0.053759871,0.076607218,0.153154812,0.184194612,,0.000341021,0.345132743,113,-0.520833333,96,0.238289206,491,52.7,95828,253.498467,0.055720894,0.021816827,-1.511482935,-0.241525242,-0.575587997,-0.418867614,-0.794111061,-0.558479456,-0.575587997,complete,COOK,Maine Precinct 46,0,0,0,Maine,1,0,0,306,204,136,202,152,101,0.51694,30.43671252,62,0.46208,29.78196362,61,0.01938,15.5648485,32,0.00052,5.986194315,12,0.00042,5.079790045,10,0.00044,6.553011885,13,0.00022,3.323279245,7,COOK:8000046,COOK:8000046,COOK:MAINE PRECINCT 46,1,83.62774105,1.732913868,1.732913868,1.732913868,1.732913868,5.974775738,1.732913868,1.732913868,21.82650916,20.42981771,10.45788199,3.959408479,3.780329808,5.571104302,2.575324421,30.12690307,29.45584397,15.52336026,5.93359299,5.085499925,6.483951016,3.204171962,19.50729463,22.31622898,13.88212671,7.248411266,3.492593068,0.004349629,0.005885424,1,0.3,0.2,1.000001256,1.017077002,1.027323204,1.013661602,1.386338398,1.025258208,578.0063974,577.7929609,1.374181692,0.708250571,0.665931121,0.002377451,0.001225333,0.001152117,2333.01,204,0.999542718
COOK:8000052,COOK:8000052,COOK:Maine Precinct 52,,,,,,,,,,0.810004899,0.053952295,0.00649005,0.113396759,0.014017553,1.28E-06,0.4169,0.7983,0.2017,0.7953,0.0652,0,0.0054,0.1202,0.07133019,0.140089876,0.088128586,0.087341589,0.128185214,0.177278072,0.134003361,0.127009752,0.046633359,5.40E-06,0.026216638,9.32E-05,0.014986421,2.70E-06,0.024380569,0.013082658,0.018733983,2.70E-06,0.005768097,0.084274102,0.192970247,0.013156877,0.09361668,0.200210755,0.312498956,,-0.247682178,0.322580645,124,-0.384615385,117,0.202863962,419,53.9,153174,187.5234849,-1.00090115,-0.116616381,-1.033388578,-0.354224109,-0.629531297,-0.626282554,-0.710952502,-0.680153225,-0.629531297,complete,COOK,Maine Precinct 52,0,0,0,Maine,1,0,0,332,221,147,143,108,72,0.51846,30.34968668,67,0.45936,29.74901923,66,0.02056,15.61761262,35,0.00062,6.01157108,13,0.00046,5.145369315,11,0.0003,6.521319303,14,0.00024,3.191005477,7,COOK:8000052,COOK:8000052,COOK:MAINE PRECINCT 52,1,84.51003163,1.575359578,1.575359578,1.575359578,1.575359578,6.037810902,1.575359578,1.575359578,21.82721701,20.43089264,10.45862853,3.959315517,3.780442917,5.569463302,2.573175006,30.12804209,29.4575413,15.52452455,5.933497628,5.085374013,6.482315543,3.202028074,19.50800248,22.31730391,13.88287326,7.248318303,3.492706177,0.002708629,0.003736009,1,0.3,0.2,1.000039323,1.000354497,1.000567195,1.000283598,1.399716402,1.318494255,265.3136012,265.0207605,1.464203097,0.878521858,0.585681239,0.005518764,0.003311258,0.002207506,1201.37,221,1
COOK:8000055,COOK:8000055,COOK:Maine Precinct 55,,,,,,,,,,0.7561729,0.12520491,0.013724998,0.097175108,0.018858601,3.79E-06,0.3477,0.8248,0.1752,0.8061,0.0659,0,0.0028,0.1251,0.121177336,0.052046079,0.105987511,0.183824078,0.104629002,0.219325199,0.095926237,0.070057689,0.04702687,0.0399417,2.95E-05,0.014719964,0.002113792,0.058874033,0.006313923,0.008413266,0.006457219,0.010542176,0.115870969,0.075722334,0.128491925,0.147427317,0.04220249,0.212434693,0.130444682,,0.067011642,0.163265306,98,-0.398058252,103,0.149367089,395,50.6,105513,201.7883459,0.339749356,-1.094553486,-1.080570017,-0.524414524,-0.731979105,-0.589947168,-0.830103675,-0.601897116,-0.731979105,complete,COOK,Maine Precinct 55,0,0,0,Maine,1,0,0,227,151,101,156,117,78,0.51634,30.4168774,46,0.46178,29.7055191,45,0.02054,15.67097377,24,0.00056,6.054868642,9,0.00024,5.100244309,8,0.00044,6.555307032,10,0.0001,3.294727052,5,COOK:8000055,COOK:8000055,COOK:MAINE PRECINCT 55,1,85.96200353,1.316074931,1.316074931,1.316074931,1.316074931,6.141546891,1.316074931,1.316074931,21.82739785,20.43116726,10.45881925,3.959786836,3.780471814,5.569303294,2.572745736,30.12802083,29.45761304,15.52459979,5.934078453,5.085285922,6.482140941,3.20158421,19.50818333,22.31757853,13.88306398,7.248789623,3.492735074,0.002548621,0.003306738,1,0.3,0.2,1.000005535,1.036318918,1.058110268,1.029055134,1.370944866,1.159842065,214.426733,214.426733,0.612564822,0.206764746,0.405800076,0.002856756,0.000964268,0.001892488,1343.54,151,1
COOK:8000058,COOK:8000058,COOK:Maine Precinct 58,,,,,,,,,,0.76929259,0.04791573,0.005732878,0.170624557,0.006436314,1.44E-06,0.405,0.7974,0.2026,0.7784,0.0308,0,0.0337,0.1327,0.073560336,0.063119795,0.08704678,0.156133517,0.091971158,0.14208048,0.185984618,0.095191695,0.104911621,0.005461692,0.01635363,0.005449256,0.018140963,2.56E-05,4.24E-05,0.025410257,0.067073501,0.047121323,0.038079653,0.029103769,0.139687934,0.032807446,0.110610343,0.119772606,0.344859662,,-0.039082454,0.06779661,118,-0.717171717,99,0.01734104,519,55.7,142006,257.6590514,-0.112229979,-1.68057603,-2.200586499,-0.944431,-1.443291529,-1.234455877,-1.636517653,-0.563984776,-1.443291529,complete,COOK,Maine Precinct 58,0,0,0,Maine,1,0,0,273,182,121,209,157,105,0.5198,30.55220998,56,0.45928,29.83306107,54,0.0195,15.47380966,28,0.00064,5.895146869,11,0.00034,5.156908802,9,0.00034,6.550563488,12,0.0001,3.22965307,6,COOK:8000058,COOK:8000058,COOK:MAINE PRECINCT 58,1,91.07235947,0.403497461,0.403497461,0.403497461,0.403497461,6.506655769,0.403497461,0.403497461,21.90711738,20.48071185,10.38134606,3.868816389,3.75974883,5.570717899,2.5750085,30.26780587,29.55744426,15.42840806,5.810197381,5.059650201,6.484762994,3.205054422,19.58790285,22.36712312,13.80559079,7.157819175,3.47201209,0.003963226,0.005569503,1,0.3,0.2,1.000000227,1.01262065,1.02019304,1.01009652,1.38990348,1.00525798,315.7229007,315.0772506,2.582600415,2.152167013,0.430433403,0.008179959,0.006816633,0.001363327,1988.56,182,1
COOK:8000059,COOK:8000059,COOK:Maine Precinct 59,,,,,,,,,,0.764418278,0.087791642,0.01013124,0.12246184,0.012656941,0.001686381,0.2875,0.9484,0.0516,0.7577,0.1019,0,0,0.1404,0.123601209,0.118210654,0.179884382,0.110572045,0.104553383,0.194875325,0.131280271,0.017327541,0.01969519,0.008085689,7.99E-06,1.48E-06,0.018109661,0.018178615,0.01809892,0.054309015,5.39E-05,0.018123775,0.11260786,0.144687609,0.160777063,0.000139823,0.104493384,0.110674222,0.231651025,,0.063719749,0.281553398,103,-0.533980583,103,0.156043956,455,46.6,91752,227.3462218,0.325725318,-0.368456959,-1.557626825,-0.503173306,-0.714218157,-0.525882943,-0.920566934,-0.62822863,-0.714218157,complete,COOK,Maine Precinct 59,0,0,0,Maine,1,0,0,273,182,121,171,129,86,0.51564,30.39616215,55,0.46256,29.74997621,54,0.02042,15.59861208,28,0.00034,5.978000282,11,0.00048,5.165918301,9,0.00028,6.481659494,12,0.00028,3.204900535,6,COOK:8000059,COOK:8000059,COOK:MAINE PRECINCT 59,1,85.72959364,1.357577329,1.357577329,1.357577329,1.357577329,6.12494239,1.357577329,1.357577329,21.82711595,20.43073917,10.45852195,3.959461039,3.780426768,5.569766836,2.573513895,30.12779606,29.4572023,15.52429896,5.93367291,5.085377049,6.482614012,3.202361898,19.50790143,22.31715044,13.88276667,7.248463826,3.492690028,0.003012163,0.004074898,1,0.3,0.2,1.000004326,1.237947041,1.380715266,1.190357633,1.209642367,1.319295733,379.2067201,379.2062966,1.536850311,0.61507886,0.92177145,0.004052803,0.001622015,0.002430789,1619.61,182,1
COOK:8000060,COOK:8000060,COOK:Maine Precinct 60,,,,,,,,,,0.787756159,0.073096083,0.018109689,0.107741261,0.012783655,0.000533572,0.4636,0.8921,0.1079,0.7433,0.0441,0,0.0105,0.1716,0.163670118,0.084786944,0.092464773,0.1348774,0.115652467,0.17531327,0.126448731,0.06746451,0.039321786,0.000113105,0.01897096,3.83E-05,0.003423261,2.98E-05,0.017845098,0.036834783,0.030152535,0.008960779,0.010088065,0.073652156,0.055921168,0.141673833,0.047992811,0.109384829,0.444918456,,-0.232906133,0.407894737,152,-0.573604061,197,-0.04109589,803,51.2,174822,363.753955,-0.937952623,0.407073408,-1.69669632,-1.130337293,-0.915352577,-0.839478207,-1.086796199,-0.47465172,-0.915352577,complete,COOK,Maine Precinct 60,0,0,0,Maine,1,0,0,497,331,221,298,224,149,0.5174,30.36529882,101,0.46164,29.7223242,98,0.0198,15.60482926,52,0.0003,6.052236748,20,0.00038,5.12185239,17,0.00026,6.566629172,22,0.00022,3.27582048,11,COOK:8000060,COOK:8000060,COOK:MAINE PRECINCT 60,1,87.96308176,0.958734085,0.958734085,0.958734085,0.958734085,6.284513729,0.958734085,0.958734085,21.82728005,20.43098838,10.45869502,3.959963935,3.780452991,5.569661007,2.573142551,30.12772935,29.45721245,15.52433349,5.934291899,5.085288616,6.482492508,3.20197488,19.50806553,22.31739965,13.88293975,7.248966722,3.492716251,0.002906334,0.003703554,1,0.3,0.2,1.000000065,1.002963265,1.004741224,1.002370612,1.397629388,1.001181845,743.9613889,742.4403852,6.084405077,5.068523806,1.015881272,0.008178388,0.006812886,0.001365503,2579.86,331,0.998697961
COOK:8000063,COOK:8000063,COOK:Maine Precinct 63,,,,,,,,,,0.587199494,0.079691194,0.02042602,0.305512228,0.016348166,0.001020408,0.3427,0.9662,0.0338,0.8653,0.06,0,0,0.0747,0.051482364,0.041318424,0.072007812,0.208827991,0.163578851,0.118379621,0.15934413,0.106291381,0.078769425,7.93E-06,0.042091096,1.05E-07,0.146072902,9.11E-06,0.035500471,0.031028542,2.75E-05,0.044279058,0.165988159,0.031129284,0.119815972,0.086407563,0.064387068,0.150810172,0.082445082,,0.011270207,0.246753247,77,-0.264367816,87,0.370491803,305,50.4,75807,161.965609,0.10228113,-0.582073295,-0.611346659,0.179052888,-0.299384263,-0.228021484,-0.376049298,-0.503914752,-0.299384263,complete,COOK,Maine Precinct 63,0,0,0,Maine,1,0,0,230,153,102,130,98,65,0.1749,24.53330343,38,0.78796,33.32786695,51,0.03534,17.69503357,27,0.00088,7.309428108,11,0.00022,4.030363673,6,0.0005,6.412774885,10,0.0002,3.161527307,5,COOK:8000063,COOK:8000063,COOK:MAINE PRECINCT 63,1,77.47725059,2.831232476,2.831232476,2.831232476,2.831232476,5.535354552,2.831232476,2.831232476,19.03803718,24.77213923,12.97083194,5.452697718,3.251405894,5.574134168,2.579542395,24.39729674,33.11415884,17.54908564,7.23717349,4.01970097,6.387249227,3.108658281,16.71882266,26.6585505,16.39507667,8.741700505,2.963669154,0.007379495,0.010103397,1,0.3,0.2,1.000032887,1.00095866,1.001533856,1.000766928,1.399233072,1.305601909,283.3755183,283.0634297,0.625549348,0.313003371,0.312545977,0.002207493,0.001104553,0.001102939,1154.4,153,1
COOK:8000069,COOK:8000069,COOK:Maine Precinct 69,,,,,,,,,,0.581217793,0.049408172,0.028582083,0.342717496,0.006500504,0.001300177,0.3045,0.8882,0.1118,0.8905,0.0394,0,0.0058,0.0471,0.106088793,0.098172689,0.097754262,0.096773582,0.130853063,0.1374631,0.153460352,0.091144807,0.08828935,3.44E-05,0.016468035,1.67E-05,0.024038279,0.026985954,0.080753569,0.007560043,0.01204903,2.08E-05,0.094260514,0.064374335,0.142146634,0.082375174,0.124172469,0.110676965,0.214067079,,0.1323451,0.162790698,86,-0.217391304,92,0.18079096,354,54.1,109497,216.3503915,0.618081271,-1.097466807,-0.446469668,-0.424445286,-0.444030217,-0.337575123,-0.465809126,-0.597832572,-0.444030217,complete,COOK,Maine Precinct 69,0,0,0,Maine,1,0,0,254,169,113,185,139,93,0.1726,24.57256966,42,0.7905,33.48937494,57,0.03506,17.6239756,30,0.00092,7.23489815,12,0.00024,4.073849469,7,0.00052,6.427070502,11,0.00016,3.16465758,5,COOK:8000069,COOK:8000069,COOK:MAINE PRECINCT 69,1,81.07347061,2.189040542,2.189040542,2.189040542,2.189040542,5.792286137,2.189040542,2.189040542,19.03762241,24.77150937,12.9703945,5.452933749,3.251339617,5.575190794,2.580845818,24.39657124,33.11303843,17.54833252,7.237408755,4.01972415,6.388296125,3.109951976,16.71840789,26.65792064,16.39463922,8.741936536,2.963602877,0.008436121,0.01140682,1,0.3,0.2,1.000001229,1.000177342,1.000283748,1.000141874,1.399858126,1.009633378,401.1916324,401.184889,1.005234617,0.993346866,0.011887751,0.002505622,0.002475991,2.96E-05,2051.4,169,0.997835941
COOK:8000072,COOK:8000072,COOK:Maine Precinct 72,,,,,,,,,,0.874394889,0.062605402,0.002694988,0.049504102,0.01113711,0.000537073,0.4214,0.7927,0.2073,0.7978,0.0428,0.0037,0.0193,0.1336,0.14108376,0.093666411,0.081429807,0.110550981,0.13361249,0.140761404,0.142556263,0.084289044,0.072049842,0.02356054,0.009339575,0.010449929,0.02779338,0.044064597,0.034522634,0.022556066,0.048498419,0.010855314,0.048084695,0.07593397,0.088594999,0.06556202,0.054214274,0.08465773,0.351311858,,-0.131365954,0.482014388,139,-0.370786517,178,-0.043243243,740,53,121257,328.6861717,-0.505373768,0.862047533,-0.984852362,-1.1371687,-0.489284684,-0.441336824,-0.597987791,-0.671750657,-0.489284684,complete,COOK,Maine Precinct 72,0,0,0,Maine,1,0,0,390,260,173,122,92,61,0.51562,30.43697232,79,0.4616,29.75215792,77,0.02126,15.58167232,41,0.00066,6.007957244,16,0.00032,5.154909524,13,0.00032,6.474103281,17,0.00022,3.252482254,8,COOK:8000072,COOK:8000072,COOK:MAINE PRECINCT 72,1,82.02169032,2.019713013,2.019713013,2.019713013,2.019713013,5.860031602,2.019713013,2.019713013,21.82792929,20.4319743,10.45937975,3.959453564,3.780556734,5.567933289,2.571068195,30.12904217,29.45907997,15.52559219,5.933684775,5.085221148,6.480783605,3.199919337,19.50871477,22.31838557,13.88362448,7.24845635,3.492819994,0.001178617,0.001629198,1,0.3,0.2,1.000000528,1.091173721,1.145877954,1.072938977,1.327061023,1.023798585,546.4966147,546.0135022,2.306571773,1.374585929,0.931985843,0.004220652,0.002515269,0.001705383,1855.67,260,1
COOK:8000074,COOK:8000074,COOK:Maine Precinct 74,,,,,,,,,,0.670487707,0.081796785,0.012022931,0.23567056,0.016359177,1.56E-06,0.4105,0.6107,0.3893,0.7744,0.0321,0,0,0.1887,0.126609989,0.101881585,0.111977243,0.088131638,0.19833388,0.114691695,0.10874223,0.094885143,0.054746596,0.034123609,0.015950179,0.029567782,0.02052171,0.031963443,0.025072925,0.006832516,0.052351127,0.020493311,0.022794586,0.147881075,0.127520903,0.070610694,0.066147844,0.084331738,0.243836558,,-0.098678985,0.366336634,101,-0.19047619,84,0.170603675,381,48,93124,178.6079468,-0.366121585,0.151974236,-0.352003672,-0.456854251,-0.254339527,-0.255751318,-0.273589998,-0.393523561,-0.254339527,complete,COOK,Maine Precinct 74,0,0,0,Maine,1,0,0,264,176,117,148,111,74,0.17178,24.62060396,43,0.79214,33.39402056,59,0.0345,17.59652827,31,0.0008,7.248779194,13,0.00014,4.083057819,7,0.00058,6.442503785,11,6.00E-05,3.178304219,6,COOK:8000074,COOK:8000074,COOK:MAINE PRECINCT 74,1,76.16077892,3.066320287,3.066320287,3.066320287,3.066320287,5.441299362,3.066320287,3.066320287,19.03881579,24.77332161,12.9716531,5.452622212,3.25153031,5.572343143,2.577184604,24.39848197,33.11597666,17.55032613,7.237138268,4.019626087,6.385465894,3.106308182,16.71960126,26.65973287,16.39589783,8.741624999,2.96379357,0.00558847,0.007745607,1,0.3,0.2,1.000008879,1.000152728,1.000244365,1.000122182,1.399877818,1.068821418,268.8280277,268.694546,1.03034974,0.763969084,0.266380656,0.003832747,0.002841851,0.000990896,1306.91,176,1
COOK:8000075,COOK:8000075,COOK:Maine Precinct 75,,,,,,,,,,0.74577465,0.052997965,0.005688893,0.184219648,0.003801352,0.002827853,0.2929,0.9996,0.0004,0.9453,0.006,0,0,0.0487,0.088575397,0.123136865,0.067607574,0.135035154,0.096495252,0.227669134,0.05671094,0.125093582,0.0796761,3.85E-05,0.0244545,1.42E-05,2.03E-06,0.000134683,6.08E-06,8.10E-06,0.124711778,0.03179764,0.261805768,0.046526469,0.061755388,0.171752058,0.093081208,0.095762046,0.088149572,,-0.104847854,0.218390805,87,-0.621052632,95,0.2,350,53.3,79251,189.6037772,-0.392402042,-0.756172566,-1.863230131,-0.363335275,-0.990867813,-0.843785004,-1.194756838,-0.863069571,-0.990867813,complete,COOK,Maine Precinct 75,0,0,0,Maine,1,0,0,227,151,101,146,110,73,0.51694,30.40037167,46,0.46186,29.75373335,45,0.0198,15.60740366,24,0.0006,5.982955168,9,0.00032,5.096545481,8,0.00032,6.534243508,10,0.00016,3.268558104,5,COOK:8000075,COOK:8000075,COOK:MAINE PRECINCT 75,1,88.60922661,0.843349318,0.843349318,0.843349318,0.843349318,6.330677484,0.843349318,0.843349318,21.82642746,20.42969366,10.45779583,3.95889601,3.780316753,5.571019729,2.575445817,30.12710161,29.45603052,15.52346072,5.932964415,5.085573571,6.483882721,3.204309636,19.50721294,22.31610492,13.88204055,7.247898797,3.492580014,0.004265056,0.00600682,1,0.3,0.2,1.00001185,1.029852505,1.047764009,1.023882004,1.376117996,1.334692772,257.0253261,257.0253261,1.041227644,0.416460602,0.624767042,0.00405107,0.00162031,0.002430761,1019.55,151,1
COOK:8000076,COOK:8000076,COOK:Maine Precinct 76,,,,,,,,,,0.622363287,0.067430807,0.015674499,0.289841953,0.009417659,0.001563767,0.371,0.5307,0.4693,0.7258,0.0727,0,0.0133,0.1871,0.075977023,0.148741917,0.070334917,0.110902642,0.118177222,0.190811135,0.186599582,0.039470946,0.058984616,0.006671436,0.069161568,0.003367631,0.003347613,0.003376937,0.065908095,0.003311047,0.010013185,0.003344171,0.026404892,0.046458576,0.313032958,0.026525989,0.174632203,0.181254325,0.063189373,,-0.027736002,0.132075472,53,-0.084745763,59,0.272727273,242,53.5,95656,116.1991801,-0.063892116,-1.286008346,0.019086344,-0.131966897,-0.357397408,-0.365695254,-0.280441088,-0.389488566,-0.357397408,complete,COOK,Maine Precinct 76,0,0,0,Maine,1,0,0,162,108,72,102,77,51,0.17662,24.58032579,27,0.78786,33.39572482,36,0.03372,17.62912027,19,0.00082,7.336835127,8,0.00018,4.081385227,4,0.00062,6.470506395,7,0.00018,3.110084158,3,COOK:8000076,COOK:8000076,COOK:MAINE PRECINCT 76,1,79.02986602,2.553975495,2.553975495,2.553975495,2.553975495,5.646281009,2.553975495,2.553975495,19.03821188,24.77240452,12.97101618,5.45252826,3.251433809,5.573652455,2.578976454,24.39763599,33.11468514,17.54943586,7.236996947,4.01969718,6.386773625,3.108098452,16.71899735,26.65881579,16.39526091,8.741531046,2.963697069,0.006897782,0.009537457,1,0.3,0.2,1.000015382,1.000281702,1.000450723,1.000225361,1.399774639,1.121828187,180.8658479,180.6664174,0.997599844,0.59873879,0.398861054,0.005515689,0.003310403,0.002205287,699.99,108,1
COOK:8000008,COOK:8000008,COOK:Maine Precinct 8,,,,,,,,,,0.815976849,0.075938075,0.015193113,0.088793516,0.0099313,1.87E-06,0.3389,0.6919,0.3081,0.6823,0.1152,0,0.008,0.1944,0.144013392,0.114983115,0.078783836,0.113122916,0.143031621,0.168685711,0.106371107,0.063335059,0.06767324,0.044019848,0.033315065,0.032118716,0.045205344,0.007134804,0.021418653,0.015503394,0.032131498,0.013094952,0.022613715,0.104693523,0.12020317,0.133297189,0.067864876,0.089302559,0.218082692,,-0.071589327,,,-0.514563107,206,,,51.3,101603,318.2847106,-0.250714922,,-1.489475852,,,,,-0.568634284,-0.568634284,demographic_only,COOK,Maine Precinct 8,0,0,0,Maine,1,0,0,459,306,204,245,184,123,0.51818,30.40178664,93,0.46044,29.76785507,91,0.01992,15.60659144,48,0.00046,5.954559155,18,0.0005,5.161859638,16,0.00032,6.598800967,20,0.00018,3.21816206,10,COOK:8000008,COOK:8000008,COOK:MAINE PRECINCT 8,1,83.50750924,1.754384162,1.754384162,1.754384162,1.754384162,5.966185788,1.754384162,1.754384162,21.82749129,20.43130916,10.4589178,3.959909561,3.780486745,5.569157364,2.572494688,30.12808605,29.45773842,15.52469289,5.934230888,5.085254053,6.481991376,3.201329527,19.50827676,22.31772042,13.88316253,7.248912348,3.492750005,0.002402691,0.00305569,1,0.3,0.2,1.000000032,1.00643678,1.010298848,1.005149424,1.394850576,1.001153122,330.9338636,330.3002363,2.484440578,1.447780888,1.03665969,0.007507363,0.004374835,0.003132528,1885.86,306,0.999541192
COOK:8000083,COOK:8000083,COOK:Maine Precinct 83,,,,,,,,,,0.85470422,0.040157223,0.01296416,0.082743974,0.004730736,5.68E-07,0.4621,0.8179,0.1821,0.767,0.0655,0,0.0001,0.1436,0.110784699,0.044807032,0.052596204,0.158360299,0.079773777,0.247505814,0.158405766,0.089385302,0.058381106,2.64E-05,0.07182338,2.21E-05,0.021316826,2.61E-06,0.034577914,0.016039924,0.010802799,0.024024102,0.026669265,0.02674978,0.104022614,0.111888444,0.053442178,0.077452669,0.421138951,,-0.313653305,0.44,75,-0.586206897,87,0.023809524,336,54.6,149341,160.1825014,-1.281949646,0.604147513,-1.740929439,-0.923852714,-0.881544051,-0.835646071,-1.062600724,-0.630308431,-0.881544051,complete,COOK,Maine Precinct 83,0,0,0,Maine,1,0,0,210,140,93,121,91,61,0.51622,30.34229816,42,0.46298,29.75426061,42,0.01934,15.6410143,22,0.00052,5.987549667,8,0.0004,5.16448518,7,0.00044,6.53629479,9,0.0001,3.190183155,4,COOK:8000083,COOK:8000083,COOK:MAINE PRECINCT 83,1,87.64332445,1.015834475,1.015834475,1.015834475,1.015834475,6.2616687,1.015834475,1.015834475,21.82755873,20.43141157,10.45898893,3.959823142,3.780497521,5.568960402,2.572271121,30.12824349,29.45795683,15.52483863,5.93412699,5.085250818,6.481797448,3.201108995,19.50834421,22.31782284,13.88323366,7.248825929,3.492760781,0.002205729,0.002832124,1,0.3,0.2,1.000000124,1.016458962,1.02633434,1.01316717,1.38683283,1.003910822,193.7226896,193.3265287,1.584643677,1.320536398,0.26410728,0.008179959,0.006816633,0.001363327,1102.09,140,1
COOK:8100013,COOK:8100013,COOK:New Trier Precinct 13,,,,,,,,,,0.740487699,0.039346309,0.030336363,0.173279786,0.010345591,0.004825952,0.5721,0.9607,0.0393,0.7278,0.0748,0,0.0038,0.193,0.103290438,0.170400882,0.018476358,0.08827853,0.136628293,0.169932185,0.138051338,0.132555259,0.042386717,0.050733082,0.03511721,0.001312786,0.01174364,0.011724596,1.22E-05,0.006530238,0.020836429,3.75E-06,0.075443245,0.032547936,0.054684502,0.075556554,0.037807476,0.191412481,0.394533871,,-0.212569888,0.233009709,206,-0.13,200,0.181058496,718,55.4,172451,322.1481104,-0.851316676,-0.666436269,-0.139745849,-0.42359417,-0.449116158,-0.520273241,-0.37301068,-0.406693015,-0.449116158,complete,COOK,New Trier Precinct 13,0,0,0,New Trier,1,0,0,566,377,251,272,204,136,0.17632,24.71186583,93,0.78814,33.48944117,126,0.03366,17.60189479,66,0.00096,7.215908235,27,0.00022,3.959954562,15,0.00054,6.462850966,24,0.00016,3.067055385,12,COOK:8100013,COOK:8100013,COOK:NEW TRIER PRECINCT 13,1,81.18392964,2.169315414,2.169315414,2.169315414,2.169315414,5.800177872,2.169315414,2.169315414,19.08553325,24.80339958,12.92860975,5.402411994,3.239874514,5.57146265,2.575411004,24.47117299,33.17192042,17.50097689,7.173816907,4.00520753,6.385139636,3.105088817,16.76631872,26.68981085,16.35285447,8.691414781,2.952137774,0.004707977,0.005972006,1,0.3,0.2,1.021766164,1.000009244,1.00001479,1.000007395,1.399992605,1.302035453,466.860668,466.250252,3.584820861,1.788847236,1.795973624,0.007678567,0.003831651,0.003846916,1845.95,377,1
COOK:8100017,COOK:8100017,COOK:New Trier Precinct 17,,,,,,,,,,0.724235422,0.031493356,0.006527236,0.221455611,0.007601912,0.003252886,0.5118,0.7231,0.2769,0.5747,0.0869,0,0.0641,0.1969,0.156957511,0.133831562,0.030931547,0.061874932,0.139221391,0.160121111,0.111366623,0.13452806,0.071167264,0.026061934,0,8.83E-06,0.014889042,0.027922731,0.063268428,0.024190577,0.003737741,0.001869818,0.057721321,0.083743863,0.080193393,0.102399091,0.081965968,0.14145555,0.290571719,,-0.387113645,0.524324324,185,-0.119170984,193,0.2141527,537,56.1,129268,218.1334991,-1.594903494,1.121761736,-0.101738439,-0.318311076,-0.073981313,-0.223297818,-0.049669437,-0.030373103,-0.073981313,complete,COOK,New Trier Precinct 17,0,0,0,New Trier,1,0,0,450,300,200,177,133,89,0.1737,24.72515697,74,0.79142,33.61513481,101,0.0329,17.51269478,53,0.0009,7.069352706,21,0.00024,4.018939506,12,0.0007,6.429267119,19,0.00014,3.187470566,10,COOK:8100017,COOK:8100017,COOK:NEW TRIER PRECINCT 17,1,69.80910063,4.20056584,4.20056584,4.20056584,4.20056584,4.987504332,4.20056584,4.20056584,19.16553453,24.85337204,12.85143371,5.310734357,3.219196553,5.571873135,2.576655951,24.59778157,33.26893762,17.41358914,7.058541098,3.980453207,6.386618452,3.107402094,16.84632001,26.7397833,16.27567843,8.599737143,2.931459813,0.005118463,0.007216953,1,0.3,0.2,2.030371866,1.000016796,1.000026874,1.000013437,1.399986563,1.210994055,523.8409198,523.0112903,3.318070015,2.48835086,0.829719155,0.006334118,0.004750203,0.001583914,1859.76,300,1
COOK:8100018,COOK:8100018,COOK:New Trier Precinct 18,,,,,,,,,,0.889706329,0.04113892,0.004429163,0.047079166,0.008817986,0.00293409,0.6505,0.9806,0.0194,0.4188,0.1524,0.0001,0.0127,0.3912,0.099205909,0.131840361,0.024793026,0.075410191,0.065513059,0.188023886,0.125028142,0.138316702,0.151868724,2.86E-05,7.69E-05,0.000196955,0.013338347,0.02930572,0.010674607,0.008003381,0.029275525,0.015988956,0.0372755,0.018650718,0.085265403,0.050641957,0.010809907,0.151883223,0.538584273,,-0.370446923,0.378151261,119,-0.179487179,117,-0.167037862,449,61.3,207164,168.5036703,-1.523900354,0.224496833,-0.313434716,-1.530998402,-0.664912596,-0.78595916,-0.570407707,-0.226539772,-0.664912596,complete,COOK,New Trier Precinct 18,0,0,0,New Trier,1,0,0,330,220,147,139,105,70,0.5395,31.66422853,0,0.44862,30.56573563,0,0.01102,14.69067519,0,0.00022,4.880856891,0,0.00026,4.866358183,0,0.00022,6.508684916,0,0.00016,3.212751846,0,COOK:8100018,COOK:8100018,COOK:NEW TRIER PRECINCT 18,1,85.04286637,1.480209068,1.480209068,1.480209068,1.480209068,6.075879227,1.480209068,1.480209068,22.55280152,20.88910774,9.769921767,3.148169993,3.595231782,5.567927556,2.571012433,31.40195079,30.37511994,14.66264885,4.820826276,4.850694182,6.491498727,3.210584431,20.233587,22.77551901,13.1941665,6.43717278,3.307495042,0.001172883,0.001573435,1,0.3,0.2,1.254226581,1.000008419,1.000013471,1.000006736,1.399993264,1.003335743,86.86817729,86.68248741,0.836865155,0.372220225,0.46464493,0.009633737,0.004284886,0.005348851,406.34,0,0.298714524
COOK:8100021,COOK:8100021,COOK:New Trier Precinct 21,,,,,,,,,,0.698037563,0.040442623,0.018152551,0.221938771,0.006608203,1.13E-06,0.5638,0.8561,0.1439,0.5338,0.2345,0.009,0.0348,0.1544,0.123685278,0.150426889,0.032315821,0.062801189,0.141080367,0.178988885,0.112494736,0.11059325,0.087613584,0.025953585,1.31E-06,0.004348193,0.012971061,0.020206676,0.046136065,0.020185234,0.008671533,0.005777398,0.056294616,0.059102332,0.148635564,0.080855776,0.09236073,0.102432802,0.316067124,,-0.292833884,0.432692308,208,0.034782609,230,0.392265193,543,55.6,127940,244.5829289,-1.193255284,0.559290168,0.438604043,0.248320905,0.176425891,0.013239958,0.261498708,-0.018313586,0.176425891,complete,COOK,New Trier Precinct 21,0,0,0,New Trier,1,0,0,482,321,214,201,151,101,0.1753,24.69238922,79,0.789,33.48255642,107,0.03388,17.54537437,56,0.0009,7.225684687,23,0.0001,4.021626617,13,0.00062,6.424497864,21,0.0002,3.128252214,10,COOK:8100021,COOK:8100021,COOK:NEW TRIER PRECINCT 21,1,59.62057049,6.372051583,6.372051583,6.372051583,6.372051583,4.259585797,6.372051583,4.259585797,19.10800175,24.81708668,12.90614918,5.375746344,3.233904364,5.572207838,2.576821288,24.50698026,33.19911218,17.47564285,7.140352375,3.998219794,6.386200728,3.106815005,16.78878722,26.70349795,16.3303939,8.66474913,2.946167625,0.005453166,0.007382291,1,0.3,0.2,1.294180298,1.000008395,1.000013431,1.000006716,1.399993284,1.179238932,337.5885765,336.8667782,2.13174879,1.258861533,0.872887258,0.006314635,0.003728981,0.002585654,1261.19,321,1
COOK:8100024,COOK:8100024,COOK:New Trier Precinct 24,,,,,,,,,,0.54472038,0.102775234,0.016027099,0.334459269,0.007343196,0.002669347,0.4911,0.9092,0.0908,0.6753,0.1271,0,0.0135,0.154,0.135993106,0.117230382,0.069110306,0.116508031,0.142288999,0.114861559,0.125711416,0.134816946,0.043479255,0.027859913,1.41E-05,0.041735603,7.96E-06,0.024751311,0.040188165,0.05410412,0.010895892,0.012370806,0.088136121,0.044842649,0.058910379,0.100565631,0.102077242,0.125348876,0.268191193,,-0.128706306,0.295918367,196,-0.254125413,303,0.478411054,579,52.6,123910,274.5985738,-0.494043205,-0.28027941,-0.575398128,0.522378041,-0.214971168,-0.206835675,-0.288683658,-0.084290867,-0.214971168,complete,COOK,New Trier Precinct 24,0,0,0,New Trier,1,0,0,516,344,229,238,179,119,0.17344,24.54441419,84,0.7901,33.39626318,115,0.0344,17.56516533,60,0.00104,7.283273209,25,0.00028,4.055735834,14,0.0006,6.457912621,22,0.00014,3.18098034,11,COOK:8100024,COOK:8100024,COOK:NEW TRIER PRECINCT 24,1,74.92605853,3.286809431,3.286809431,3.286809431,3.286809431,5.353084886,3.286809431,3.286809431,19.03771448,24.77164918,12.97049159,5.452309598,3.251354329,5.574656868,2.580418075,24.39700713,33.1137311,17.54876921,7.236724335,4.019767786,6.387780799,3.109542832,16.71849995,26.65806044,16.39473632,8.741312385,2.963617589,0.007902196,0.010979078,1,0.3,0.2,1.04750709,1.000001718,1.000002749,1.000001374,1.399998626,1.077591951,405.5536201,404.4602615,2.552132726,1.093672537,1.458460188,0.00629296,0.00269674,0.00359622,1539.22,344,0.998810525
COOK:8100026,COOK:8100026,COOK:New Trier Precinct 26,,,,,,,,,,0.797672526,0.029572061,0.012105623,0.149335397,0.009109713,0.000467343,0.5617,0.9027,0.0973,0.4681,0.2852,0.0047,0.0073,0.2262,0.133341378,0.175297624,0.024892469,0.063867548,0.159433245,0.193370808,0.102127743,0.095003406,0.052665779,0.006979044,2.34E-05,0.005581618,0.002797629,0.013942209,0.008342699,0.013737886,0.011910913,0.016123793,0.033385939,0.031293494,0.130249636,0.09225799,0.088619189,0.107524818,0.437229718,,-0.325230235,0.588235294,306,-0.149295775,355,0.138702461,894,53.7,170811,367.6173548,-1.331269384,1.514071161,-0.207469679,-0.558342067,-0.033372522,-0.145752493,-0.045715959,-0.220019958,-0.033372522,complete,COOK,New Trier Precinct 26,0,0,0,New Trier,1,0,0,698,465,310,147,111,74,0.17236,24.56934336,112,0.79094,33.38656919,152,0.03512,17.63141674,80,0.00084,7.274210255,33,0.00016,4.10250643,19,0.0005,6.443850299,29,8.00E-05,3.180407961,15,COOK:8100026,COOK:8100026,COOK:NEW TRIER PRECINCT 26,1,68.12199403,4.501839467,4.501839467,4.501839467,4.501839467,4.866969167,4.501839467,4.501839467,19.03977826,24.7747832,12.97266819,5.453086033,3.251684106,5.570420904,2.574404902,24.39967925,33.11779112,17.55159692,7.237710787,4.019486001,6.383537145,3.10352197,16.72056374,26.66119447,16.39691292,8.74208882,2.963947366,0.003666231,0.004965904,1,0.3,0.2,1.358908584,1.000004806,1.000007689,1.000003845,1.399996155,1.056458916,498.12109,497.1427962,3.146219348,2.013480041,1.132739307,0.006316174,0.00404215,0.002274024,2250.63,457,0.997867485
COOK:8100027,COOK:8100027,COOK:New Trier Precinct 27,,,,,,,,,,0.819835261,0.029726055,0.02768026,0.113830959,1.28E-05,0.003951155,0.53,0.9571,0.0429,0.3461,0.164,0,0.0185,0.4662,0.141338463,0.226664937,0.024472687,0.072680541,0.12441331,0.202998505,0.098605048,0.062615834,0.046210675,0.016681531,2.83E-05,2.61E-05,0.006250345,0.006257515,0.024988981,0.024972012,0.002115783,0.002114633,0.02911188,0.056280875,0.106146649,0.012679744,0.0583473,0.116594267,0.537404109,,-0.309030085,0.46,200,-0.106976744,215,0.16838488,582,53.2,206960,240.1251598,-1.262253923,0.72691499,-0.058939399,-0.463912937,-0.144216365,-0.264547817,-0.103094681,-0.148214717,-0.144216365,complete,COOK,New Trier Precinct 27,0,0,0,New Trier,1,0,0,507,338,225,187,141,94,0.17524,24.56669893,6,0.78974,33.3808281,9,0.03336,17.64963272,5,0.00072,7.27324526,2,0.00028,4.007618906,1,0.00042,6.414386008,2,0.00024,3.143037142,1,COOK:8100027,COOK:8100027,COOK:NEW TRIER PRECINCT 27,1,72.49840185,3.72032616,3.72032616,3.72032616,3.72032616,5.179641193,3.72032616,3.72032616,19.04017407,24.77538427,12.97308564,5.454103748,3.251747353,5.570063434,2.573461997,24.39977407,33.11789512,17.55172966,7.238860607,4.019357897,6.383153222,3.102552613,16.72095955,26.66179554,16.39733037,8.743106535,2.964010613,0.003308761,0.004023,1,0.3,0.2,1.605881421,1.00001191,1.000019056,1.000009528,1.399990472,1.045043587,328.8786929,328.8525448,1.393514552,0.07710291,1.316411641,0.004237169,0.000234442,0.004002727,1432.42,34,0.750368563
COOK:8100003,COOK:8100003,COOK:New Trier Precinct 3,,,,,,,,,,0.752226613,0.040588805,0.012494634,0.170771931,0.007288609,0.001044279,0.6095,0.8552,0.1448,0.521,0.1426,0,0.0502,0.2426,0.107549011,0.121078358,0.037531876,0.065341943,0.133069448,0.164592089,0.125444488,0.166625736,0.078767052,0.028558063,2.06E-05,1.49E-05,0.010086864,0.010104136,0.038685993,0.025252736,0.015113751,0.003405702,0.023566448,0.122701627,0.084095814,0.057376995,0.100892158,0.06086531,0.419258887,,-0.289218623,0.47027027,185,-0.135135135,185,0.234782609,575,57.5,145075,233.2899139,-1.177853643,0.789957746,-0.157769018,-0.252680833,-0.097577974,-0.199586437,-0.08921449,-0.010739525,-0.097577974,complete,COOK,New Trier Precinct 3,0,0,0,New Trier,1,0,0,468,312,208,178,134,89,0.17646,25.03884938,78,0.79426,33.84758545,106,0.02794,17.28052082,54,0.00066,6.908292348,22,0.00018,3.926964321,12,0.00042,6.366493353,20,8.00E-05,3.159094096,10,COOK:8100003,COOK:8100003,COOK:NEW TRIER PRECINCT 3,1,70.74457186,4.03351486,4.03351486,4.03351486,4.03351486,5.054338982,4.03351486,4.03351486,19.32717627,24.95580616,12.6988104,5.131012997,3.178102558,5.570909597,2.575100363,24.85223795,33.46429065,17.23924556,6.831602261,3.930348908,6.387703132,3.107894725,17.00796175,26.84221743,16.12305513,8.420015784,2.890365818,0.004154924,0.005661365,1,0.3,0.2,2.119632028,1.000017698,1.000028317,1.000014158,1.399985842,1.120367434,224.2042852,223.8486737,1.42151561,1.066169945,0.355345665,0.00634027,0.00475535,0.001584919,1156.23,312,1
COOK:8100031,COOK:8100031,COOK:New Trier Precinct 31,,,,,,,,,,0.84985443,0.038039506,0.019487936,0.077007244,0.004879916,1.79E-07,0.5646,0.8036,0.1964,0.392,0.2429,0.0522,0.0243,0.287,0.13045769,0.191111246,0.041965917,0.107062567,0.097894581,0.188219821,0.13031771,0.070170806,0.042799661,0.015751418,0.111956621,0.035488974,0.027516186,0.033417137,0.011814372,0.027504686,0.01573187,3.28E-05,0.00199442,0.023601337,0.019791714,0.094351081,0.129744352,0.108244513,0.343058543,,-0.287456011,0.549450549,182,-0.164319249,213,0.196666667,600,53.5,140617,234.1814677,-1.170344608,1.275995897,-0.260198693,-0.373939658,-0.041107174,-0.132121766,-0.06672256,0.016329451,-0.041107174,complete,COOK,New Trier Precinct 31,0,0,0,New Trier,1,0,0,479,319,213,187,141,94,0.17362,24.5760098,0,0.79006,33.47936585,0,0.03418,17.61137814,0,0.00116,7.314936949,0,0.00032,4.102954892,0,0.00054,6.353024738,0,0.00012,3.142531539,0,COOK:8100031,COOK:8100031,COOK:NEW TRIER PRECINCT 31,1,68.45091907,4.443101957,4.443101957,4.443101957,4.443101957,4.890469184,4.443101957,4.443101957,19.04058459,24.77600767,12.97351859,5.453863757,3.251812951,5.569014302,2.572170397,24.40049521,33.119009,17.55247807,7.238620707,4.019335481,6.382113902,3.101270823,16.72137007,26.66241894,16.39776332,8.742866544,2.964076211,0.002259629,0.002731399,1,0.3,0.2,1.27781244,1.000006446,1.000010313,1.000005156,1.399994844,1.010051035,339.5868789,339.5863884,2.419072097,1.341731707,1.07734039,0.007123574,0.003951071,0.003172503,1508.31,0,0.359001528
COOK:8100032,COOK:8100032,COOK:New Trier Precinct 32,,,,,,,,,,0.85811496,0.057162466,0.010754411,0.060859579,0.004763224,4.90E-06,0.5284,0.9847,0.0153,0.3223,0.1685,0,0.0202,0.489,0.147267957,0.283159528,0.01623737,0.060656261,0.114876545,0.223338879,0.090945522,0.032483831,0.031034107,3.24E-05,8.15E-05,2.58E-05,2.76E-05,0.007263922,3.85E-05,0.012104397,1.59E-05,2.48E-06,0.012091802,0.041065912,0.144789048,0.009730085,0.062844998,0.118347886,0.59153776,,-0.3722282,0.576086957,184,-0.314917127,181,0.074523397,577,52.6,215475,219.9166068,-1.531488904,1.439500127,-0.78876337,-0.762515899,-0.336544458,-0.410817012,-0.41213373,-0.1854905,-0.336544458,complete,COOK,New Trier Precinct 32,0,0,0,New Trier,1,0,0,461,307,205,172,129,86,0.17648,24.59749859,4,0.78836,33.37442316,5,0.03336,17.59444924,3,0.00102,7.279039329,1,0.0002,4.129412086,1,0.00044,6.40465068,1,0.00014,3.129818326,1,COOK:8100032,COOK:8100032,COOK:NEW TRIER PRECINCT 32,1,78.48964057,2.650445797,2.650445797,2.650445797,2.650445797,5.607684654,2.650445797,2.650445797,19.04076461,24.77628104,12.97370845,5.453484942,3.251841716,5.568410991,2.571537778,24.40094295,33.1197099,17.55293523,7.238213011,4.019348967,6.381522758,3.100650371,16.72155008,26.66269231,16.39795318,8.742487729,2.964104976,0.001656319,0.00209878,1,0.3,0.2,1.465692645,1.000010095,1.000016152,1.000008076,1.399991924,1.026692471,279.8760213,279.8760213,1.154604048,0,1.154604048,0.004125413,0,0.004125413,1280.16,22,0.720951903
COOK:8100033,COOK:8100033,COOK:New Trier Precinct 33,,,,,,,,,,0.826243578,0.061635368,0.019628016,0.076606585,0.004681744,0.002799652,0.5549,0.886,0.114,0.395,0.1901,0.0043,0,0.4033,0.152870984,0.186057133,0.026167564,0.118352566,0.184473869,0.151598369,0.067576473,0.083957318,0.028945725,0.022327192,3.19E-05,2.60E-05,1.53E-05,0.002049191,0.018268954,0.006126621,0.018270008,1.51E-05,0.026409925,0.018375531,0.097593091,0.022388141,0.073154118,0.099646177,0.595302743,,-0.336683899,0.404444444,225,-0.266129032,248,0.225710015,669,48.2,216009,281.1366351,-1.380063989,0.385894219,-0.617528131,-0.281543614,-0.397056793,-0.473310378,-0.425900343,-0.153442768,-0.397056793,complete,COOK,New Trier Precinct 33,0,0,0,New Trier,1,0,0,624,416,277,210,158,105,0.17434,24.60576781,102,0.7884,33.36341887,139,0.03514,17.63886155,73,0.00118,7.273198381,30,0.00018,4.028694838,17,0.00056,6.435449318,27,0.0002,3.144548774,13,COOK:8100033,COOK:8100033,COOK:NEW TRIER PRECINCT 33,1,80.00439626,2.379949586,2.379949586,2.379949586,2.379949586,5.715906226,2.379949586,2.379949586,19.04058906,24.77601445,12.9735233,5.453873344,3.251813664,5.569009274,2.572159297,24.40049719,33.11901165,17.55248047,7.238631583,4.019334197,6.38210863,3.101259479,16.72137453,26.66242572,16.39776803,8.74287613,2.964076924,0.002254601,0.002720299,1,0.3,0.2,2.414373511,1.000032343,1.000051748,1.000025874,1.399974126,1.039017088,342.1100245,342.1092067,1.412865391,0.000849275,1.412016117,0.004129857,2.48E-06,0.004127374,1347.97,416,1
COOK:8100034,COOK:8100034,COOK:New Trier Precinct 34,,,,,,,,,,0.6432251,0.058959204,0.037206354,0.264724838,0.015501677,0.001036839,0.4974,0.8913,0.1087,0.6088,0.0984,0,0.0491,0.2348,0.089838387,0.174934506,0.026119458,0.095933513,0.0921629,0.205595142,0.13812801,0.071456071,0.105832014,0.006164212,0.004093558,0.012256625,0.002047173,0.018368648,0.030607131,0.002081744,0.022437043,0.004085429,0.077551489,0.036743683,0.089773199,0.146855604,0.044943933,0.063380391,0.438610139,,-0.208338808,0.472972973,148,-0.182481752,137,0.213953488,430,55.9,151570,176.8248392,-0.833291538,0.806547947,-0.323944993,-0.318944832,-0.116473699,-0.167408354,-0.147781027,-0.125822025,-0.116473699,complete,COOK,New Trier Precinct 34,0,0,0,New Trier,1,0,0,321,214,143,163,123,82,0.17554,24.72330638,53,0.79046,33.61813511,72,0.03208,17.50960788,37,0.00096,7.143948409,15,0.0003,4.081365559,9,0.00052,6.354673194,14,0.00014,3.223203833,7,COOK:8100034,COOK:8100034,COOK:NEW TRIER PRECINCT 34,1,71.47022907,3.90393124,3.90393124,3.90393124,3.90393124,5.10618349,3.90393124,3.90393124,19.1420412,24.83812865,12.87281343,5.337895026,3.225002942,5.573692529,2.578444865,24.56017978,33.23901131,17.4371333,7.092530267,3.987515162,6.388100105,3.108853269,16.82282668,26.72453991,16.29705816,8.626897812,2.937266202,0.006937856,0.009005868,1,0.3,0.2,1.116169888,1.000008,1.000012801,1.0000064,1.3999936,1.311396217,398.645392,397.6245205,2.563801653,1.120017782,1.443783872,0.006431284,0.002809559,0.003621725,1606.74,214,1
COOK:8100036,COOK:8100036,COOK:New Trier Precinct 36,,,,,,,,,,0.839349534,0.040952462,0.01930161,0.086475123,0.008506283,0.000776289,0.5785,0.6883,0.3117,0.5465,0.1883,0.058,0.0315,0.1743,0.142211407,0.204742073,0.036579277,0.094429192,0.17105726,0.152926719,0.090369973,0.085072213,0.022611887,0.059954486,0.016237143,1.19E-05,2.75E-05,0.017871228,0.00163889,0.032428601,0.050278452,0.001641214,0.055146531,0.019474949,0.120051852,0.030902922,0.019519251,0.110445414,0.464369622,,-0.29832533,0.590443686,293,-0.141868512,289,0.129321383,781,50.2,183870,312.9353877,-1.216649801,1.527627096,-0.181401656,-0.588186233,-0.011127834,-0.114652649,-0.024477636,-0.09206702,-0.011127834,complete,COOK,New Trier Precinct 36,0,0,0,New Trier,1,0,0,669,446,297,249,187,125,0.17624,24.59864485,110,0.78736,33.38548627,149,0.03406,17.63462161,79,0.00122,7.315713149,33,0.00038,4.081434451,18,0.00058,6.450621163,29,0.00016,3.199584087,14,COOK:8100036,COOK:8100036,COOK:NEW TRIER PRECINCT 36,1,67.15599698,4.67434157,4.67434157,4.67434157,4.67434157,4.797953602,4.67434157,4.67434157,19.04047904,24.77584739,12.97340727,5.45380346,3.251796085,5.569220164,2.572472947,24.40036844,33.11881734,17.55234316,7.238547493,4.019351645,6.382320748,3.101574358,16.72126452,26.66225865,16.397652,8.742806247,2.964059345,0.002465491,0.003033949,1,0.3,0.2,1.861115231,1.000029385,1.000047016,1.000023508,1.399976492,1.008351443,339.3968963,339.3695313,2.850004296,1.872637796,0.9773665,0.008397261,0.005517545,0.002879715,1535.81,446,1
COOK:8100037,COOK:8100037,COOK:New Trier Precinct 37,,,,,,,,,,0.855222204,0.037238683,0.00645333,0.090407682,0.00532959,4.05E-06,0.6787,0.7817,0.2183,0.3192,0.1539,0.0168,0.0212,0.4768,0.058869202,0.137905843,0.029851859,0.061724501,0.077822411,0.141577857,0.250778165,0.186291965,0.055141435,0.070255118,0.074671979,0.040960089,2.74E-05,3.71E-05,0.007334893,0.021982192,0.007370206,0.007321773,0.010333149,0.055697484,0.190457886,0.022148947,0.029360327,0.099769746,0.362235017,,-0.350011069,0.459183673,196,-0.144144144,222,0.160330579,605,62.8,115274,237.1533138,-1.436840055,0.721904069,-0.189388613,-0.489536207,-0.223720057,-0.348465201,-0.191904739,0.078107191,-0.223720057,complete,COOK,New Trier Precinct 37,0,0,0,New Trier,1,0,0,494,329,219,185,139,93,0.18506,25.91514678,84,0.79396,34.49140263,111,0.01998,16.60881981,54,0.00044,6.002314656,19,0.00016,3.762360522,12,0.00034,6.444408229,21,6.00E-05,3.187984343,10,COOK:8100037,COOK:8100037,COOK:NEW TRIER PRECINCT 37,1,75.20743092,3.236563596,3.236563596,3.236563596,3.236563596,5.373187508,3.236563596,3.236563596,19.93786258,25.34170472,12.11971109,4.448522275,3.022333791,5.568949817,2.572434078,25.82174369,34.20808935,16.57345748,5.963749029,3.739587148,6.393605707,3.113090795,17.61864806,27.22811599,15.54395582,7.737525061,2.734597051,0.002195144,0.002995081,1,0.3,0.2,1.800884124,1.000026903,1.000043045,1.000021522,1.399978478,1.003279623,413.224708,413.0254857,3.576939002,2.188743619,1.388195383,0.00865616,0.005296739,0.00335942,1168.65,323,0.998453476
COOK:8100038,COOK:8100038,COOK:New Trier Precinct 38,,,,,,,,,,0.878377271,0.03138899,0.021563949,0.045155503,0.017626688,0.001957776,0.5625,0.8393,0.1607,0.4421,0.2409,0.0192,0.0121,0.2755,0.147229897,0.204187961,0.027505785,0.097514963,0.192936688,0.125752534,0.091664129,0.080480131,0.032727913,0.016838593,0.039311983,0.013099092,0.011225068,0.013107,0.005611244,0.02243813,0.0261637,7.72E-07,0.024287943,0.011238382,0.085938607,0.072889636,0.082260085,0.112146049,0.463443713,,-0.330984565,0.520737327,217,-0.27753304,227,0.11323764,627,48.3,183701,271.3295432,-1.355783833,1.099743407,-0.657553634,-0.639353689,-0.318413917,-0.388236937,-0.372277256,-0.160977109,-0.318413917,complete,COOK,New Trier Precinct 38,0,0,0,New Trier,1,0,0,570,380,253,194,146,97,0.1747,24.57948627,93,0.7902,33.44055564,127,0.0331,17.61642618,67,0.00106,7.291229269,28,0.00022,4.056621402,15,0.0006,6.388415623,24,0.00012,3.122356482,12,COOK:8100038,COOK:8100038,COOK:NEW TRIER PRECINCT 38,1,78.00378645,2.737206782,2.737206782,2.737206782,2.737206782,5.572972855,2.737206782,2.737206782,19.04093968,24.7765469,12.97389309,5.454143724,3.251869691,5.568362125,2.571171231,24.40088459,33.11959388,17.55289559,7.238952277,4.019274532,6.381456194,3.100266127,16.72172516,26.66295817,16.39813782,8.743146511,2.964132951,0.001607452,0.001732234,1,0.3,0.2,1.765995725,1.000018048,1.000028876,1.000014438,1.399985562,1.015708061,363.1123971,363.1123383,2.281353933,1.032281788,1.249072144,0.006282776,0.002842871,0.003439905,1520.38,380,0.999548009
COOK:8100039,COOK:8100039,COOK:New Trier Precinct 39,,,,,,,,,,0.705731975,0.027794201,0.009725286,0.247025394,0.005554422,0.001388038,0.5936,0.9849,0.0151,0.831,0.077,0,0.0108,0.0812,0.177527736,0.114151775,0.04066447,0.130859753,0.160708062,0.13589229,0.084426745,0.117993832,0.03777534,0.026859264,0.018792339,1.33E-06,0.021514841,0.021479988,1.33E-08,0.016104044,0.040306148,3.98E-06,3.99E-05,6.54E-05,0.077947876,0.088702495,0.043044192,0.244397037,0.400741103,,-0.293125924,0.327586207,116,-0.352226721,247,0.098039216,408,50.7,179693,174.1501778,-1.194499426,-0.08589037,-0.919711652,-0.687704667,-0.694472751,-0.721951529,-0.734024776,-0.448299055,-0.694472751,complete,COOK,New Trier Precinct 39,0,0,0,New Trier,1,0,0,285,190,127,132,99,66,0.51492,30.42810368,58,0.46398,29.75744157,57,0.01956,15.5744382,30,0.00076,5.986267267,11,0.00026,5.135690162,10,0.00042,6.546898188,12,0.0001,3.249474733,6,COOK:8100039,COOK:8100039,COOK:NEW TRIER PRECINCT 39,1,85.46207978,1.405348389,1.405348389,1.405348389,1.405348389,6.105829888,1.405348389,1.405348389,21.82572729,20.4286304,10.45705738,3.958776589,3.780204872,5.572532237,2.57752073,30.12610827,29.45450612,15.52240393,5.932800351,5.085722007,6.485396596,3.206385916,19.50651277,22.31504166,13.88130211,7.247779376,3.492468132,0.005777564,0.008081732,1,0.3,0.2,1.013359931,1.000003397,1.000005435,1.000002718,1.399997282,1.081956518,280.9779781,280.6173249,2.16341323,1.08154393,1.081869301,0.007699583,0.003849212,0.00385037,1071.85,190,0.999093276
COOK:8200001,COOK:8200001,COOK:Niles Precinct 1,,,,,,,,,,0.809603493,0.084922603,0.015334341,0.084392698,0.009576918,0.001914059,0.2864,0.8628,0.1372,0.8002,0.0916,0,0.012,0.0896,0.045363568,0.037619511,0.056703881,0.044780413,0.071589854,0.169482161,0.121115883,0.150331753,0.303012973,0.147406238,0.019821657,0.042148721,0.023570369,0.034688228,0.081760125,0.052035865,0.065678584,0.018600202,0.045837522,0.06198861,0.11773146,0.078052669,0.081783105,0.065708757,0.063187888,,-0.056051763,0.316326531,196,-0.567307692,208,0.136116152,551,68.3,53118,246.9604057,-0.184522192,-0.15500647,-1.674597481,-0.566569932,-0.794181548,-0.645174019,-1.00006624,-0.820809126,-0.794181548,complete,COOK,Niles Precinct 1,0,0,1,Niles,1,0,0,342,228,152,196,147,98,0.57196,33.78220589,74,0.42432,32.03130519,70,0.00344,13.04197603,29,2.00E-05,2.743274122,6,0.0001,4.407153529,10,8.00E-05,6.528746687,14,8.00E-05,3.179380402,7,COOK:8200001,COOK:8200001,COOK:NILES PRECINCT 1,1,86.71819669,1.181038378,1.181038378,1.181038378,1.181038378,6.195573038,1.181038378,1.181038378,23.84099922,21.70108474,8.543729288,1.706082839,3.265691052,5.569063198,2.572354761,33.71084787,32.03627445,13.09589243,2.80166679,4.425194175,6.512077545,3.231369936,21.5217847,23.58749601,11.96797402,4.995085625,2.977954312,0.002308525,0.002915764,1,0.3,0.2,1.000013856,1.077490252,1.123984403,1.061992202,1.338007798,1.6,211.4078226,211.0845691,0.969760677,0.323253564,0.646507113,0.004587156,0.001529052,0.003058104,1458.49,220,0.995941308
COOK:8200010,COOK:8200010,COOK:Niles Precinct 10,,,,,,,,,,0.4609092,0.095738435,0.016761428,0.421235357,0.009379097,2.98E-06,0.3322,0.8809,0.1191,0.8265,0.1018,0.0087,0.0054,0.0466,0.075459918,0.276367378,0.044601601,0.094538995,0.176384361,0.07267919,0.132818754,0.046532263,0.080617539,0.01120097,0.044439162,9.30E-06,0.019454097,5.11E-05,0.038976794,0.076496705,5.96E-05,0.038905626,0.207010581,0.108431815,0.100141581,0.069539604,0.062601264,0.143212739,0.079469137,,0.079651865,0.271428571,140,-0.233333333,120,0.36344086,465,48,68770,231.5068063,0.393598908,-0.430606932,-0.502422604,0.156621616,-0.185304404,-0.095702253,-0.266648475,-0.270410924,-0.185304404,complete,COOK,Niles Precinct 10,0,0,1,Niles,1,0,0,330,220,147,209,157,105,0.17564,24.56992638,54,0.78732,33.38223764,73,0.03496,17.60527865,39,0.001,7.307008657,16,0.00028,4.014318338,9,0.00068,6.463399302,14,0.00012,3.142894099,7,COOK:8200010,COOK:8200010,COOK:NILES PRECINCT 10,1,73.94153415,3.462620036,3.462620036,3.462620036,3.462620036,5.282745638,3.462620036,3.462620036,19.03674708,24.77018011,12.96947132,5.451886907,3.251199747,5.576611702,2.583222505,24.39578281,33.1118736,17.54747142,7.236196989,4.019904895,6.389740926,3.112352556,16.71753256,26.65659138,16.39371605,8.740889694,2.963463007,0.009857029,0.013783508,1,0.3,0.2,1.000859401,1.00285531,1.004568496,1.002284248,1.397715752,1.6,308.4792011,306.9388881,3.831856587,1.747046672,2.084809915,0.012421766,0.005663418,0.006758348,2098.19,220,1
COOK:8200011,COOK:8200011,COOK:Niles Precinct 11,,,,,,,,,,0.805611917,0.082248477,0.010511038,0.082378619,0.003514614,6.31E-07,0.4932,0.5844,0.4156,0.6646,0.1122,0.0015,0.0116,0.2101,0.14450272,0.123603796,0.076200297,0.139193911,0.093384806,0.139355646,0.13007389,0.098504474,0.055180458,0.034078612,0.003427105,0.003448754,0.013699194,0.006928168,0.023874892,1.10E-05,0.017063652,0.006820074,0.030725416,0.037601637,0.116053695,0.098866334,0.109146642,0.143349329,0.35490546,,-0.07883296,0.483146067,89,-0.397260274,73,0.161290323,310,52.9,149600,126.8978258,-0.281574061,0.868994201,-1.077769294,-0.486482959,-0.323827551,-0.244208028,-0.490539804,-0.423813652,-0.323827551,complete,COOK,Niles Precinct 11,0,0,1,Niles,1,0,0,230,153,102,96,72,48,0.17134,24.56017469,38,0.79086,33.46924393,51,0.03594,17.63229847,27,0.001,7.320111094,11,0.00026,4.051162285,6,0.0004,6.43044578,10,0.0002,3.148930626,5,COOK:8200011,COOK:8200011,COOK:NILES PRECINCT 11,1,78.1504562,2.711015357,2.711015357,2.711015357,2.711015357,5.58345166,2.711015357,2.711015357,19.04052471,24.77591674,12.97345544,5.453357481,3.251803382,5.568883902,2.572227748,24.40065023,33.11926685,17.55262408,7.238057204,4.019384891,6.381997632,3.101342305,16.72131019,26.662328,16.39770017,8.742360268,2.964066642,0.00212923,0.002788751,1,0.3,0.2,1.000118275,1.000221455,1.000354328,1.000177164,1.399822836,1.6,93.88526746,93.57052339,0.630665883,0.158331661,0.472334221,0.006717411,0.001686438,0.005030973,622.51,153,1
COOK:8200012,COOK:8200012,COOK:Niles Precinct 12,,,,,,,,,,0.414074498,0.113728976,0.124636689,0.34209495,0.007295834,0.003638112,0.2514,0.6555,0.3445,0.9569,0.0014,0.0001,0,0.0086,0.133779741,0.127095704,0.137714388,0.095740064,0.163138605,0.160515091,0.054967699,0.100296581,0.026752126,1.39E-05,2.63E-05,3.96E-05,0.12798229,8.85E-06,0.003890531,0.003880326,0.021339874,0.04656994,0.021446705,0.110697228,0.238651387,0.110639896,0.197956119,0.112657955,0.004199059,,0.093386614,0.195876289,97,0.027027027,74,0.503496503,286,46.8,92191,171.4755163,0.452111332,-0.894375082,0.411383695,0.602182761,0.138752913,0.142825677,0.192464516,-0.237725785,0.138752913,complete,COOK,Niles Precinct 12,0,0,1,Niles,1,0,0,264,176,117,144,108,72,0.17334,24.59466009,43,0.79146,33.45080022,59,0.0334,17.61289765,31,0.00102,7.320413682,13,0.00018,4.048674069,7,0.00038,6.440792716,11,0.00022,3.135833104,6,COOK:8200012,COOK:8200012,COOK:NILES PRECINCT 12,1,61.1928074,6.012672876,6.012672876,6.012672876,6.012672876,4.371914109,6.012672876,4.371914109,19.03762935,24.77151991,12.97040182,5.458048476,3.251340726,5.577853422,2.582063294,24.39412298,33.10908275,17.54593237,7.243063821,4.01928708,6.390811749,3.111022448,16.71841483,26.65793118,16.39464654,8.747051263,2.963603986,0.011098749,0.012624297,1,0.3,0.2,1.733976666,1.052080504,1.083328807,1.041664403,1.358335597,1.6,307.1140388,306.8896774,4.625586311,1.545015589,3.080570722,0.015061462,0.005030755,0.010030706,1460.05,176,1
COOK:8200013,COOK:8200013,COOK:Niles Precinct 13,,,,,,,,,,0.698886544,0.097337902,0.014118234,0.188358851,0.01216822,1.51E-06,0.3018,0.8756,0.1244,0.8767,0.0382,0.0023,0.0381,0.0367,0.099276196,0.110748389,0.112079484,0.13771903,0.051696644,0.234849512,0.146777937,0.04184308,0.065009729,0.04275859,0.019429631,0.040791937,0.040811061,4.99E-05,0.066093532,0.019470548,0.019497856,0.036939143,0.021560245,0.132234597,0.138186395,0.116704103,0.070078306,0.110856921,0.124537197,,0.014380019,0.069444444,144,-0.4,130,0.252236136,559,53.2,85921,279.0563429,0.115529471,-1.670461009,-1.087385116,-0.197155662,-0.830159537,-0.709868079,-0.905662945,-0.599011944,-0.830159537,complete,COOK,Niles Precinct 13,0,0,1,Niles,1,0,0,330,220,147,220,165,110,0.5172,30.35684598,67,0.46122,29.68534156,65,0.02008,15.54688468,34,0.00064,6.029617059,13,0.0003,5.148130614,11,0.00034,6.580772997,14,0.00022,3.230383794,7,COOK:8200013,COOK:8200013,COOK:NILES PRECINCT 13,1,87.11739124,1.109752551,1.109752551,1.109752551,1.109752551,6.224093453,1.109752551,1.109752551,21.82638132,20.42962358,10.45774716,3.95932254,3.78030938,5.571346877,2.575687737,30.12676216,29.45561252,15.52319609,5.933484633,5.085534271,6.484195914,3.204537601,19.5071668,22.31603485,13.88199189,7.248325326,3.49257264,0.004592204,0.00624874,1,0.3,0.2,1.000015265,1.136425643,1.218281029,1.109140515,1.290859485,1.6,308.882865,308.6268408,1.537659391,0.512654079,1.025005312,0.004978131,0.001659704,0.003318427,1347,220,1
COOK:8200014,COOK:8200014,COOK:Niles Precinct 14,,,,,,,,,,0.51075121,0.103599483,0.139707092,0.239793895,0.01500244,0.002042049,0.3506,0.866,0.134,0.6623,0.04,0.0004,0.0211,0.2626,0.138430715,0.113994431,0.066320564,0.118137454,0.150987663,0.131455889,0.16303575,0.089145617,0.028491916,0.039304445,0.024938606,0.065924086,0.003584032,0.010780622,0.017886781,0.003562375,0.012515227,3.08E-08,0.044636068,0.074943639,0.262016466,0.098312961,0.076740746,0.093071291,0.171782626,,-0.003594576,0.411111111,180,0.005586592,179,0.409345794,535,51.8,94266,263.3055589,0.038954565,0.426816714,0.336132591,0.30265968,0.30585869,0.276140887,0.31785703,0.047773913,0.30585869,complete,COOK,Niles Precinct 14,0,0,1,Niles,1,0,0,464,309,206,225,169,113,0.20056,22.18276717,69,0.60514,28.50011691,88,0.18766,21.93036114,68,0.00238,7.820922817,24,0.0021,7.209435779,22,0.00164,6.419806762,20,0.00052,3.074350751,9,COOK:8200014,COOK:8200014,COOK:NILES PRECINCT 14,1,54.02424629,7.651247956,7.651247956,7.651247956,7.651247956,3.859756965,7.651247956,3.859756965,17.92395458,22.23384965,16.9939196,6.21958953,6.236152903,5.575992903,2.578962443,21.88350917,28.08881835,21.69767384,7.667381123,7.107166108,6.324902117,3.043872483,15.60474006,24.12026091,20.41816433,9.508592317,5.948416163,0.00923823,0.009523445,1,0.3,0.2,1.271685409,1.00693692,1.011099072,1.005549536,1.394450464,1.6,292.397697,290.813246,4.75496292,2.489851617,2.265111304,0.016261971,0.008515291,0.00774668,1573.95,309,1
COOK:8200015,COOK:8200015,COOK:Niles Precinct 15,,,,TRUE,,,,,,0.47984021,0.137229843,0.094351327,0.289510214,0.01620594,0.000480114,0.2703,0.5815,0.4185,0.8265,0.0168,0.0001,0.0239,0.1323,0.233040779,0.107729566,0.136673823,0.070833889,0.17682216,0.050022141,0.126704893,0.073616346,0.024556404,0.129658485,0.043620474,0.046935965,0.056956307,0.05474173,0.015663457,0.103899883,0.040213414,0.062602052,0.070434777,0.130893693,0.058202093,0.026939228,0.061561081,0.062840122,0.034837239,,-0.033846486,0.28125,192,-0.165714286,175,0.459349593,492,45.7,45664,286.7831426,-0.089923843,-0.37031933,-0.265094959,0.461737526,-0.083417263,-0.065900152,-0.123256225,-0.129979087,-0.083417263,complete,COOK,Niles Precinct 15,0,0,1,Niles,1,0,0,462,308,205,216,162,108,0.17016,24.54243781,76,0.79366,33.44092265,103,0.03414,17.62000882,54,0.00108,7.275951804,22,0.00026,4.029533569,12,0.00056,6.501563036,20,0.00014,3.152556269,10,COOK:8200015,COOK:8200015,COOK:NILES PRECINCT 15,1,70.1871079,4.133063513,4.133063513,4.133063513,4.133063513,5.014511024,4.133063513,4.133063513,19.03821557,24.77241013,12.97102008,5.456716705,3.2514344,5.575837344,2.57997941,24.3956281,33.11144123,17.54746723,7.241627975,4.019339526,6.388838118,3.108981011,16.71900105,26.6588214,16.39526481,8.745719491,2.96369766,0.009082671,0.010540412,1,0.3,0.2,1.005537232,1.001198694,1.00191791,1.000958955,1.399041045,1.6,506.7271028,504.4941737,6.560839855,2.632370235,3.92846962,0.012947482,0.005194848,0.007752634,2471.21,308,1
COOK:8200016,COOK:8200016,COOK:Niles Precinct 16,,,,TRUE,,,,,,0.468104366,0.06480535,0.064322673,0.399782234,0.003001649,0.003482671,0.3683,0.6134,0.3866,0.8022,0.0515,0.0112,0.0394,0.0421,0.072041374,0.102451839,0.139869618,0.139016648,0.067554318,0.16520998,0.154048036,0.110283921,0.049524263,0.035725556,5.48E-05,0.027667481,0.002345121,0.002328372,0.002324081,0.044946018,0.012720273,0.017305121,0.064509686,0.143986346,0.095669784,0.076060874,0.110544397,0.227941173,0.135870893,,0.004657631,0.383259912,227,-0.015384615,195,0.30224525,579,53.1,116571,296.8874191,0.074110404,0.255855643,0.262528371,-0.038060908,0.157450174,0.138608378,0.182234173,-0.078991957,0.157450174,complete,COOK,Niles Precinct 16,0,0,1,Niles,1,0,0,498,332,221,262,197,131,0.1752,24.59449832,82,0.7891,33.35268932,111,0.0337,17.6070896,58,0.0011,7.338033517,24,0.00024,4.055560795,13,0.0005,6.44200147,21,0.00016,3.181938873,11,COOK:8200016,COOK:8200016,COOK:NILES PRECINCT 16,1,60.41645274,6.190130441,6.190130441,6.190130441,6.190130441,4.316447527,6.190130441,4.316447527,19.03698624,24.7705433,12.96972355,5.454531974,3.251237963,5.577458745,2.583144282,24.39486426,33.11036009,17.54659469,7.239136371,4.019654202,6.390513611,3.112199974,16.71777172,26.65695457,16.39396828,8.74353476,2.963501223,0.010704073,0.013705284,1,0.3,0.2,1.010066635,1.000579129,1.000926607,1.000463303,1.399536697,1.6,543.3607346,541.2876701,6.911962565,4.492644597,2.419317968,0.012720762,0.008268254,0.004452508,2998.8,332,1
COOK:8200017,COOK:8200017,COOK:Niles Precinct 17,,,,,,,,,,0.505434055,0.09819153,0.080849061,0.308940237,0.012564745,0.002396353,0.3047,0.7896,0.2104,0.7137,0.1116,0.0011,0.0001,0.1591,0.137834249,0.106855197,0.087523683,0.110925023,0.048819517,0.17593493,0.171529693,0.079518469,0.081059241,0.017255232,1.78E-05,0.010634422,0.021234397,9.53E-06,0.049038453,3.00E-05,0.035840771,0.058301411,0.029355571,0.078404376,0.208422746,0.108854687,0.018712243,0.216353539,0.147534866,,0.046579493,0.397129187,209,-0.144329897,194,0.476923077,520,56.1,98975,266.2774049,0.252704841,0.340990437,-0.190040564,0.517644317,0.186050217,0.230324758,0.101977153,-0.250690304,0.186050217,complete,COOK,Niles Precinct 17,0,0,1,Niles,1,0,0,474,316,211,222,167,111,0.17606,24.74955211,78,0.7909,33.59505905,106,0.0313,17.48563627,55,0.00088,7.104312083,22,0.0003,4.013228819,13,0.00038,6.44217632,20,0.00018,3.17759009,10,COOK:8200017,COOK:8200017,COOK:NILES PRECINCT 17,1,59.21401969,6.464980135,6.464980135,6.464980135,6.464980135,4.230539816,6.464980135,4.230539816,19.16455924,24.85189098,12.8504051,5.314223753,3.219040709,5.575894236,2.580431273,24.59464752,33.26400958,17.41044394,7.062358233,3.980261726,6.390532168,3.111070031,16.84534471,26.73830225,16.27464983,8.60322654,2.931303969,0.009139563,0.010992276,1,0.3,0.2,1.027872736,1.003852791,1.006164466,1.003082233,1.396917767,1.6,467.6360222,464.895619,7.536772634,2.057335509,5.479437125,0.01611675,0.004399438,0.011717312,2371.54,316,1
COOK:8200018,COOK:8200018,COOK:Niles Precinct 18,,,,,,,,,,0.590828285,0.069352353,0.04704423,0.280765271,0.008485188,0.004671078,0.3941,0.8866,0.1134,0.6498,0.133,0.0319,0.0393,0.123,0.134726943,0.071716149,0.075486248,0.111603588,0.090361657,0.100287789,0.164449285,0.169483889,0.081884451,0.026149263,0.001583348,0.01449113,0.038570079,0.009037064,0.017165202,2.06E-05,1.29E-05,0.012992015,0.063962603,0.067163462,0.279250445,0.066069077,0.070201966,0.110124617,0.223206212,,0.067944423,0.352112676,284,-0.081967213,305,0.396662388,779,60.6,97279,355.1356014,0.343723165,0.064662265,0.028838429,0.262309768,0.143394933,0.174883407,0.114185938,-0.114484803,0.143394933,complete,COOK,Niles Precinct 18,0,0,1,Niles,1,0,0,629,419,279,154,116,77,0.18426,25.55089817,107,0.79168,34.11025285,143,0.02292,16.94376634,71,0.0006,6.386157391,27,0.00016,3.854192153,16,0.0003,6.392861417,27,8.00E-05,3.157104398,13,COOK:8200018,COOK:8200018,COOK:NILES PRECINCT 18,1,61.00081617,6.056557839,6.056557839,6.056557839,6.056557839,4.358197315,6.056557839,4.358197315,19.6826199,25.17886253,12.35824602,4.733011407,3.086712848,5.574324221,2.579088259,25.414756,33.89338216,16.84750224,6.326458921,3.819140744,6.395659134,3.116423998,17.36340538,27.06527379,15.78249075,8.022014194,2.798976108,0.007569548,0.009649261,1,0.3,0.2,2.21589618,1.000242838,1.000388541,1.00019427,1.39980573,1.6,545.3850219,543.7753996,8.356893911,1.979048098,6.377845812,0.015322925,0.003628717,0.011694208,2294.87,419,1
COOK:8200019,COOK:8200019,COOK:Niles Precinct 19,,,,,,,,,,0.749552125,0.061622867,0.073751622,0.093629292,0.00839987,3.10E-06,0.509,0.8386,0.1614,0.5864,0.0257,0.0009,0.0128,0.3695,0.149167481,0.176589454,0.064187474,0.099151851,0.10088315,0.133291174,0.15744096,0.059311267,0.05997719,0.029170989,4.43E-07,0.021865108,0.009734942,0.029149736,0.029176086,1.76E-05,0.004925558,7.58E-05,0.038973402,0.060854487,0.08533363,0.174965262,0.048714177,0.133793373,0.333249365,,-0.317463787,0.403726708,161,-0.296969697,165,0.005780347,519,53.7,133086,227.3462218,-1.298182963,0.381488488,-0.725771928,-0.981209208,-0.598677799,-0.655918903,-0.612648404,-0.154956851,-0.598677799,complete,COOK,Niles Precinct 19,0,0,1,Niles,1,0,0,327,218,145,188,141,94,0.51972,30.39190528,66,0.46094,29.70663264,65,0.01782,15.63053383,34,0.00076,6.047387191,13,0.00028,5.10990358,11,0.0004,6.52031598,14,8.00E-05,3.222036469,7,COOK:8200019,COOK:8200019,COOK:NILES PRECINCT 19,1,84.01613723,1.66355635,1.66355635,1.66355635,1.66355635,6.002524665,1.66355635,1.66355635,21.82743738,20.43122729,10.45886094,3.962999939,3.78047813,5.570896859,2.573404887,30.1260547,29.45535544,15.52322034,5.938006934,5.084915383,6.48363077,3.202139624,19.50822285,22.31763856,13.88310567,7.252002726,3.49274139,0.004142186,0.00396589,1,0.3,0.2,1.270611869,1.00211448,1.003383168,1.001691584,1.398308416,1.6,338.1236877,335.6441302,8.152551963,3.896180336,4.256371628,0.024111153,0.011522944,0.012588209,1162.86,218,1
COOK:8200020,COOK:8200020,COOK:Niles Precinct 20,,,,,,,,,,0.584373224,0.081797585,0.043835403,0.294160204,0.010137193,0.000844601,0.4791,0.8842,0.1158,0.7315,0.0294,0,0.0267,0.1856,0.086052951,0.041611814,0.10583902,0.077976222,0.220185533,0.216490307,0.12881929,0.058003247,0.065021616,0.046360401,0.087283847,0.005171849,5.70E-05,0.03764806,0.049602121,0.025666301,1.45E-05,0.000143613,0.025710829,0.019134924,0.068486907,0.097574933,0.10435586,0.205279755,0.227509092,,0.005680162,0.486111111,144,-0.292035398,113,0.367647059,408,51.2,133899,206.246115,0.078466565,0.88719475,-0.708453648,0.170002861,0.028110611,0.106802632,-0.134940645,-0.123021309,0.028110611,complete,COOK,Niles Precinct 20,0,0,1,Niles,1,0,0,330,220,147,169,127,85,0.1756,24.61253308,54,0.78882,33.39299379,73,0.03358,17.60927191,39,0.00102,7.32588898,16,0.00018,4.033412735,9,0.00054,6.416914443,14,0.00026,3.198802678,7,COOK:8200020,COOK:8200020,COOK:NILES PRECINCT 20,1,65.60000525,5.005284579,5.005284579,5.005284579,5.005284579,4.686785926,5.005284579,4.686785926,19.03816374,24.77233141,12.97096541,5.454003825,3.251426117,5.574533403,2.579478354,24.39685564,33.11343057,17.54866579,7.238625466,4.019576338,6.387611806,3.108557585,16.71894921,26.65874268,16.39521014,8.743006611,2.963689377,0.00777873,0.010039357,1,0.3,0.2,1.002454604,1.000746554,1.001194486,1.000597243,1.399402757,1.6,314.1233105,312.5748428,4.129247175,0.774423624,3.354823551,0.013145306,0.002465349,0.010679957,1489.57,220,1
COOK:8200021,COOK:8200021,COOK:Niles Precinct 21,,,,,,,,,,0.558682315,0.101765647,0.189709992,0.138882184,0.024133438,8.48E-06,0.4279,0.8681,0.1319,0.5558,0.0475,0.0062,0.0188,0.3377,0.134906592,0.218721814,0.035038667,0.095037417,0.135446524,0.102213857,0.138025205,0.105593377,0.035016546,0.063203536,3.61E-05,5.66E-05,0.008328297,0.055170194,0.035033335,2.22E-05,0.040054832,6.76E-05,0.041595531,0.043351641,0.025204706,0.113201671,0.068298145,0.20305642,0.303319192,,-0.09473948,0.472924188,277,0.239852399,271,0.456551724,725,53.2,151570,315.9072338,-0.349338607,0.806248487,1.158352878,0.452836622,0.667793993,0.517024845,0.7960596,0.254500854,0.667793993,complete,COOK,Niles Precinct 21,0,0,1,Niles,1,0,0,635,423,282,248,186,124,0.19674,22.17266531,94,0.60582,28.46220986,120,0.19024,21.90017672,93,0.00252,7.789208877,33,0.00242,7.174474251,30,0.0018,6.451422204,27,0.00046,3.115770766,13,COOK:8200021,COOK:8200021,COOK:NILES PRECINCT 21,1,38.20619493,11.26690588,11.26690588,11.26690588,11.26690588,2.729637841,11.26690588,2.729637841,17.92507956,22.23555801,16.99510607,6.222787354,6.236422548,5.575136728,2.576356397,21.88375484,28.08914076,21.69762619,7.670778689,7.106865248,6.323968486,3.041188982,15.60586504,24.12196928,20.4193508,9.511790141,5.948685808,0.008382055,0.006917399,1,0.3,0.2,1.810806025,1.003626012,1.005801619,1.002900809,1.397099191,1.6,444.310021,441.0486655,10.72319741,5.125774154,5.597423254,0.024134494,0.011536481,0.012598013,1941.27,423,1
COOK:8200022,COOK:8200022,COOK:Niles Precinct 22,,,,,,,,,,0.499324763,0.121692327,0.132684393,0.241558494,0.011620467,0.002637375,0.2409,0.4202,0.5798,0.7477,0.1054,0,0.0407,0.1014,0.072726615,0.138984261,0.13751651,0.101667871,0.211187995,0.102666706,0.144415681,0.054474573,0.036359788,0.021191395,0.094709165,0.062419036,0.047421954,0.011233477,0.029902424,0.065996294,0.084673842,0.066102368,0.052466851,0.066016362,0.091020099,0.143409544,0.028646933,0.101115626,0.033674629,,0.005691562,0.2,105,0.04,100,0.519774011,354,46,53116,205.9489304,0.078515131,-0.869062202,0.456915912,0.653966645,0.117923949,0.080083871,0.193290357,-0.024931926,0.117923949,complete,COOK,Niles Precinct 22,0,0,1,Niles,1,0,0,311,207,138,183,138,92,0.17334,24.53833984,51,0.78892,33.46559404,69,0.03576,17.59488109,36,0.00106,7.268017551,15,0.00034,4.137401115,9,0.00038,6.440992797,13,0.0002,3.17085817,7,COOK:8200022,COOK:8200022,COOK:NILES PRECINCT 22,1,62.04785046,5.817228878,5.817228878,5.817228878,5.817228878,4.433002576,5.817228878,4.433002576,19.03875015,24.77322193,12.97158388,5.459011715,3.251519821,5.575836555,2.578928801,24.3953138,33.1108671,17.54721271,7.244198182,4.019088035,6.388775145,3.107868218,16.71953562,26.65963319,16.3958286,8.748014501,2.963783081,0.009081882,0.009489804,1,0.3,0.2,1.028266334,1.000209992,1.000335988,1.000167994,1.399832006,1.6,421.8288779,421.4429411,3.859367593,2.315620556,1.543747037,0.009149131,0.005489478,0.003659652,2224.31,207,1
COOK:8200023,COOK:8200023,COOK:Niles Precinct 23,,,,,,,,,,0.564716882,0.07658689,0.106397793,0.247699269,0.004613522,0.000773771,0.3034,0.7081,0.2919,0.7629,0.0284,0.0208,0.0481,0.1271,0.143865425,0.172241781,0.111349452,0.104945615,0.138311318,0.076884566,0.103878765,0.090677951,0.057845129,0.015189575,2.08E-05,0.005690601,0.005820642,0.007564025,0.035770834,0.020752072,0.037730987,0.039579754,0.086687982,0.07169689,0.13396975,0.077321697,0.107550434,0.128502902,0.226151045,,-0.162074722,0.35443038,158,-0.146496815,157,0.289760349,459,47.1,112780,226.7518526,-0.636198471,0.078889199,-0.197645959,-0.077779313,-0.164328385,-0.208183636,-0.162220849,-0.104368588,-0.164328385,complete,COOK,Niles Precinct 23,0,0,1,Niles,1,0,0,369,246,164,190,143,95,0.17492,24.5491116,60,0.78916,33.35382317,82,0.03392,17.57800255,43,0.00098,7.355092655,18,0.00034,4.109258275,10,0.00054,6.461671262,16,0.00014,3.128629785,8,COOK:8200023,COOK:8200023,COOK:NILES PRECINCT 23,1,73.21652026,3.592088775,3.592088775,3.592088775,3.592088775,5.230947092,3.592088775,3.592088775,19.03868169,24.77311797,12.97151168,5.457580232,3.251508882,5.575240982,2.578787923,24.39590082,33.11182386,17.54778149,7.242611522,4.019217248,6.388220238,3.107768007,16.71946717,26.65952923,16.3957564,8.746583019,2.963772142,0.008486309,0.009348926,1,0.3,0.2,1.20073691,1.000928464,1.001485542,1.000742771,1.399257229,1.6,351.7423706,351.7408765,1.985365153,0.001929262,1.983435891,0.005644373,5.48E-06,0.005638888,1575.65,246,1
COOK:8200024,COOK:8200024,COOK:Niles Precinct 24,,,,,,,,,,0.460532809,0.132836532,0.115582517,0.278029572,0.017232867,0.003781094,0.315,0.4531,0.5469,0.7678,0.0133,0.0082,0.0317,0.1294,0.129277751,0.140897414,0.108753928,0.126514394,0.086029592,0.230207145,0.108462983,0.062558272,0.007298522,0.043168863,0.012467358,0.049807693,0.05460507,0.014388636,0.032599585,0.032609703,0.090976859,0.020201166,0.087170885,0.102588309,0.129468773,0.026943891,0.038358364,0.121850957,0.142793889,,0.260415845,0.223529412,170,-0.013888889,144,0.508928571,448,51.2,69066,279.3535275,1.163684959,-0.724629876,0.267778033,0.619463882,0.241983557,0.33157425,0.229224314,0.089598137,0.241983557,complete,COOK,Niles Precinct 24,0,0,1,Niles,1,0,0,404,269,179,233,175,117,0.19652,22.21736637,60,0.60628,28.48055627,77,0.19076,21.91440236,59,0.00246,7.769786287,21,0.00212,7.188191951,19,0.0016,6.461945114,17,0.00026,3.122448653,8,COOK:8200024,COOK:8200024,COOK:NILES PRECINCT 24,1,56.817308,7.012815607,7.012815607,7.012815607,7.012815607,4.059306984,7.012815607,4.059306984,17.92352833,22.23320234,16.99347004,6.218102308,6.236050734,5.576173017,2.579883164,21.88353266,28.08887875,21.69784446,7.66580844,7.107309802,6.325119053,3.044830026,15.6043138,24.11961361,20.41771477,9.507105095,5.948313994,0.009418345,0.010444166,1,0.3,0.2,1.015889561,1.003302216,1.005283546,1.002641773,1.397358227,1.6,558.471644,555.3813077,8.842565176,2.389814768,6.452750408,0.015833508,0.004279205,0.011554303,3445.25,269,1
COOK:8200025,COOK:8200025,COOK:Niles Precinct 25,,,,,,,,,,0.547588031,0.058467988,0.059681669,0.334255296,0.002678472,0.002646522,0.294,0.8075,0.1925,0.7581,0.0119,0,0,0.2115,0.110716389,0.137065015,0.105936362,0.137154368,0.158760135,0.140759432,0.114426562,0.074706181,0.020475556,0.116606761,1.75E-05,0.03894104,1.83E-06,0.098814218,1.30E-05,0.074092598,0.021201203,0.003634921,0.095449869,4.50E-05,0.074257513,0.180145438,0.070751267,0.038945794,0.187081998,,-0.084718268,0.322033898,118,-0.220779221,77,0.295454545,264,46.8,92231,131.3555948,-0.306646498,-0.119972518,-0.458360495,-0.059664281,-0.251332348,-0.236160948,-0.295772257,-0.298866017,-0.251332348,complete,COOK,Niles Precinct 25,0,0,1,Niles,1,0,0,216,144,96,113,85,57,0.17262,24.60718975,35,0.79026,33.36147892,48,0.03532,17.57940115,25,0.00086,7.314910423,11,0.00028,4.133186098,6,0.00052,6.443252225,9,0.00014,3.18219171,5,COOK:8200025,COOK:8200025,COOK:NILES PRECINCT 25,1,76.06928382,3.082658946,3.082658946,3.082658946,3.082658946,5.434762504,3.082658946,3.082658946,19.03771675,24.77165263,12.97049399,5.454633701,3.251354692,5.575868731,2.580973933,24.39589329,33.11193157,17.54767717,7.239294152,4.01956927,6.388925853,3.110031883,16.71850223,26.6580639,16.39473872,8.743636488,2.963617952,0.009114058,0.011534936,1,0.3,0.2,1.022961334,1.005565953,1.008905525,1.004452763,1.395547237,1.6,91.2735187,91.20774662,1.373854721,0.457795473,0.916059248,0.015052063,0.005015644,0.010036419,806.08,144,1
COOK:8200027,COOK:8200027,COOK:Niles Precinct 27,,,,TRUE,,,,,,0.332705456,0.10770956,0.161961192,0.400192575,0.010353943,0.001038623,0.3116,0.2312,0.7688,0.7999,0.0504,0.0087,0.0677,0.0378,0.05611715,0.216558295,0.135202208,0.106980681,0.109144166,0.175664888,0.13794766,0.033811405,0.028573546,0.071270166,0.000102539,0.040492361,0.010640231,0.015416333,0.004844224,0.101157043,0.079999778,0.014518881,0.039580282,0.120495411,0.261013386,0.057967386,0.03285803,0.113860351,0.035783597,,0.283815049,0.204819277,83,0,60,0.583333333,312,48.2,75142,184.5516389,1.263369646,-0.839479678,0.316524909,0.856168881,0.304461466,0.399145939,0.28793726,0.307915935,0.304461466,complete,COOK,Niles Precinct 27,0,0,1,Niles,1,0,0,312,208,139,183,138,92,0.19652,22.17766532,46,0.60526,28.50357749,59,0.1916,21.97657652,46,0.00268,7.761541399,16,0.00194,7.192325439,15,0.00162,6.420843016,13,0.00038,3.118089535,6,COOK:8200027,COOK:8200027,COOK:NILES PRECINCT 27,1,54.08582292,7.637172896,7.637172896,7.637172896,7.637172896,3.864156301,7.637172896,3.864156301,17.92216643,22.2311342,16.9920337,6.219920212,6.235724304,5.580188533,2.584415433,21.88082853,28.08471974,21.69475305,7.667583867,7.107062057,6.329074108,3.049301835,15.60295191,24.11754547,20.41627843,9.508922999,5.947987564,0.01343386,0.014976436,1,0.3,0.2,1.02291569,1.000703331,1.001125329,1.000562664,1.399437336,1.6,252.1094217,251.1169042,3.275330297,2.088226834,1.187103463,0.012991701,0.008283018,0.004708683,2010.9,208,1
COOK:8200028,COOK:8200028,COOK:Niles Precinct 28,,,,,,,,,,0.846130972,0.040105066,0.050115448,0.052518922,0.013355133,4.60E-06,0.5135,0.9991,0.0009,0.5702,0.0817,0,0,0.3481,0.183000384,0.195437165,0.01008627,0.056876816,0.147915417,0.205510881,0.090377339,0.103699216,0.007096513,3.80E-05,4.56E-05,5.27E-05,2.05E-05,1.34E-05,3.53E-05,1.07E-05,0.080806211,0.090319893,0.023821099,0.078609393,0.047799408,0.040560061,0.028614361,0.10233499,0.506918346,,-0.30968249,0.378947368,190,-0.374407583,211,0.215411559,571,53.3,201365,221.1053452,-1.265033282,0.229383636,-0.997561489,-0.314306248,-0.560132166,-0.586879346,-0.642268595,-0.404810703,-0.560132166,complete,COOK,Niles Precinct 28,0,0,1,Niles,1,0,0,468,312,208,184,138,92,0.51504,30.47887229,95,0.4644,29.76803722,93,0.01924,15.55415145,49,0.00054,5.999341762,19,0.0003,5.07856231,16,0.00036,6.566176739,20,0.00012,3.296005428,10,COOK:8200028,COOK:8200028,COOK:NILES PRECINCT 28,1,83.35840713,1.781009944,1.781009944,1.781009944,1.781009944,5.955533203,1.781009944,1.781009944,21.82789568,20.43192326,10.4593443,3.961960936,3.780551364,5.569321838,2.571776245,30.12740947,29.4571698,15.52441346,5.936748848,5.084944446,6.482090972,3.200546206,19.50868116,22.31833453,13.88358903,7.250963722,3.492814624,0.002567165,0.002337248,1,0.3,0.2,2.019065657,1.000878884,1.001406215,1.000703107,1.399296893,1.6,348.5941411,347.6397952,6.349661206,1.272745434,5.076915771,0.018215054,0.003651081,0.014563973,1196.79,312,1
COOK:8200029,COOK:8200029,COOK:Niles Precinct 29,,,,,,,,,,0.66643078,0.042577585,0.030224621,0.257918964,0.002846706,0.00283264,0.3623,0.4642,0.5358,0.8924,0.0162,0,0.021,0.0704,0.061782632,0.12853549,0.045099344,0.065216725,0.140215691,0.034350855,0.122707686,0.186873209,0.215218368,0.03235998,0.052618782,0.024279631,0.050581762,0.020221047,0.078888743,0.008097516,0.024293483,0.032456498,0.026288351,0.113357342,0.149666027,0.076973533,0.089179331,0.109276588,0.111461385,,-0.361244768,0.417322835,127,-0.290780142,141,0.393188854,323,67.9,81106,192.5756232,-1.48469757,0.464946598,-0.704047982,0.251259361,-0.290069939,-0.368134898,-0.357252556,-0.696037333,-0.290069939,complete,COOK,Niles Precinct 29,0,0,1,Niles,1,0,0,341,227,151,142,107,71,0.20198,27.66492051,63,0.78884,35.66284942,81,0.0087,15.2596047,35,0.0002,4.357075164,10,4.00E-05,3.379645012,8,0.00016,6.369972646,14,8.00E-05,3.208109971,7,COOK:8200029,COOK:8200029,COOK:NILES PRECINCT 29,1,77.21321192,2.878382957,2.878382957,2.878382957,2.878382957,5.516490335,2.878382957,2.878382957,21.05202663,26.04264603,11.05615126,3.199614742,2.736687144,5.573346273,2.578135705,27.62002031,35.5837678,15.32923805,4.349210477,3.385098731,6.412598779,3.133389038,18.73281211,27.9290573,14.48039599,6.488617529,2.448950404,0.0065916,0.008696708,1,0.3,0.2,1.147274992,1.320532493,1.512851989,1.256425995,1.143574005,1.6,312.8258551,312.8257271,2.405357774,0.601563586,1.803794188,0.007689127,0.001922998,0.005766129,1209.1,227,1
COOK:8200031,COOK:8200031,COOK:Niles Precinct 31,,,,,,,,,,0.5518469,0.060281906,0.052702716,0.328145241,0.009951858,0.004092969,0.3403,0.9245,0.0755,0.805,0.0644,0.001,0.0302,0.0877,0.075280757,0.143341597,0.120471913,0.079036824,0.100913174,0.145802836,0.138383625,0.143899524,0.052869752,0.058500218,0.002913161,0.006824094,0.068009846,0.013596582,0.009691067,0.014955539,0.032593586,0.019058812,0.038101579,0.081676061,0.145546209,0.051771264,0.125068642,0.199839335,0.131854005,,-0.164188675,,,-0.286432161,199,,,54.7,104121,289.7549886,-0.645204279,,-0.688787547,,,,,-0.357942006,-0.357942006,demographic_only,COOK,Niles Precinct 31,0,0,1,Niles,1,0,0,483,322,215,237,178,119,0.17442,24.60189168,79,0.78992,33.43845869,108,0.03418,17.56707985,57,0.00068,7.311068579,24,0.00018,4.071696153,13,0.00042,6.447638166,21,0.0002,3.151099265,10,COOK:8200031,COOK:8200031,COOK:NILES PRECINCT 31,1,79.04371301,2.551502782,2.551502782,2.551502782,2.551502782,5.647270305,2.551502782,2.551502782,19.03778486,24.77175607,12.97056583,5.45429484,3.251365576,5.575538064,2.580687221,24.39615669,33.11234859,17.54794231,7.238923726,4.019591068,6.388605412,3.109755396,16.71857034,26.65816734,16.39481056,8.743297627,2.963628836,0.008783391,0.011248223,1,0.3,0.2,1.328087977,1.00036305,1.00058088,1.00029044,1.39970956,1.6,310.8387296,309.7614598,2.645688404,1.11249827,1.533190134,0.00851145,0.003579021,0.00493243,2010.86,322,1
COOK:8200033,COOK:8200033,COOK:Niles Precinct 33,,,,,,,,,,0.477924127,0.094185354,0.101465602,0.317351083,0.013633891,0.001946753,0.3499,0.8197,0.1803,0.7996,0.0247,0.0007,0.0057,0.1349,0.145112649,0.144090777,0.082904088,0.162423825,0.092217524,0.159970802,0.126386489,0.069015898,0.017877948,0.005020898,0.026416275,0.038024854,0.014840703,1.88E-05,0.001691997,0.00166572,2.55E-05,0.031258784,0.103813087,0.141769414,0.132275648,0.084185925,0.108874561,0.127022405,0.183095407,,0.048611468,0.268518519,216,-0.071428571,168,0.455938697,522,50.2,100944,250.5266209,0.261361409,-0.448469919,0.065826692,0.45088639,0.062847671,0.082401143,0.059532781,-0.112999902,0.062847671,complete,COOK,Niles Precinct 33,0,0,1,Niles,1,0,0,435,290,193,231,174,116,0.17574,24.55752004,71,0.78656,33.38573073,97,0.03568,17.58088121,51,0.00104,7.327574374,21,0.00036,4.079798953,12,0.00052,6.485859131,19,0.0001,3.139767816,9,COOK:8200033,COOK:8200033,COOK:NILES PRECINCT 33,1,64.25381144,5.312994815,5.312994815,5.312994815,5.312994815,4.590607242,5.312994815,4.590607242,19.0379052,24.77193881,12.97069274,5.45694713,3.251384805,5.576656195,2.580967793,24.39505937,33.11056108,17.54687833,7.241863448,4.019352254,6.389648142,3.109960567,16.71869068,26.65835007,16.39493747,8.745949916,2.963648065,0.009901522,0.011528796,1,0.3,0.2,1.484613546,1.016870937,1.026993499,1.01349675,1.38650325,1.6,260.2651851,258.8561702,4.227044769,2.214166308,2.012878462,0.016241299,0.008507347,0.007733952,1859.09,290,1
COOK:8200034,COOK:8200034,COOK:Niles Precinct 34,,,,,,,,,,0.517510525,0.083225696,0.055965216,0.343306785,0.009835998,1.91E-06,0.3064,0.9092,0.0908,0.9368,0.0007,0,0.0033,0.0591,0.253093226,0.13413708,0.037413703,0.13575712,0.075851403,0.172120932,0.063105876,0.118969502,0.00955116,0.037700191,0.003178518,0.102208403,0.004532189,0.004595646,9.46E-05,0.058688885,0.05411114,0.1247445,0.046655725,0.114285964,0.147413874,0.060299972,0.060320628,0.081551209,0.099618573,,-0.151383992,0.417721519,158,-0.230769231,143,0.210762332,446,52.3,68333,233.8842831,-0.590654098,0.467393869,-0.493423183,-0.329096905,-0.226721988,-0.236445079,-0.278117608,-0.480141182,-0.226721988,complete,COOK,Niles Precinct 34,0,0,1,Niles,1,0,0,360,240,160,192,144,96,0.17564,24.55179907,59,0.78766,33.45472802,80,0.03504,17.58153869,42,0.00078,7.318938647,18,0.00016,4.05121391,10,0.00058,6.457326297,15,0.00014,3.111855111,7,COOK:8200034,COOK:8200034,COOK:NILES PRECINCT 34,1,75.30304771,3.219488908,3.219488908,3.219488908,3.219488908,5.380018841,3.219488908,3.219488908,19.03761584,24.77149939,12.97038757,5.454387769,3.251338568,5.575966945,2.581217591,24.39586261,33.11189455,17.54763695,7.239015988,4.019600785,6.389030423,3.110281896,16.71840132,26.65791066,16.3946323,8.743390556,2.963601828,0.009212273,0.011778594,1,0.3,0.2,1.005048291,1.002107508,1.003372013,1.001686007,1.398313993,1.6,369.0773895,367.2577803,4.85229107,0.909804576,3.942486494,0.013147083,0.002465078,0.010682005,1872.5,240,1
COOK:8200035,COOK:8200035,COOK:Niles Precinct 35,,,,,,,,,,0.509368211,0.0788939,0.018986641,0.389092113,0.012405518,0.002921746,0.3887,0.7229,0.2771,0.8212,0.0403,0,0.0087,0.1016,0.104679603,0.208121066,0.062259525,0.11551393,0.149689872,0.104779194,0.174301163,0.03763815,0.043017497,0.066999609,0.008004074,4.84E-05,5.71E-05,0.019148782,0.066986477,0.121228153,0.055830422,0.019199297,0.024023973,0.049525199,0.079932891,0.102252549,0.106984836,0.131048615,0.148729643,,0.128339367,0.259259259,162,-0.030674847,163,0.362903226,496,48.7,96565,224.3743758,0.60101615,-0.505306718,0.208863096,0.154911233,0.075655635,0.11487094,0.094454066,-0.258860084,0.075655635,complete,COOK,Niles Precinct 35,0,0,1,Niles,1,0,0,338,225,150,205,154,103,0.1749,24.62427468,55,0.78934,33.46480287,75,0.03378,17.61374277,40,0.00122,7.282405847,16,0.00022,4.052926913,9,0.00044,6.445127154,15,0.0001,3.098358136,7,COOK:8200035,COOK:8200035,COOK:NILES PRECINCT 35,1,63.74835172,5.428531767,5.428531767,5.428531767,5.428531767,4.554494722,5.428531767,4.554494722,19.03710542,24.77072428,12.96984924,5.452176365,3.251257006,5.575957184,2.582215873,24.39617244,33.11245846,17.5478895,7.236539261,4.019842767,6.389080626,3.111340142,16.7178909,26.65713555,16.39409397,8.741179151,2.963520266,0.009202511,0.012776876,1,0.3,0.2,1.002103499,1.001188603,1.001901764,1.000950882,1.399049118,1.6,359.7323116,358.140935,4.020932443,1.755899401,2.265033042,0.011177568,0.004881128,0.00629644,1984.77,225,1
COOK:8200036,COOK:8200036,COOK:Niles Precinct 36,,,,,,,,,,0.378825144,0.11464581,0.229197491,0.279596326,0.011489543,2.01E-06,0.2982,0.7589,0.2411,0.7837,0.0375,0.0015,0.012,0.1577,0.159086002,0.11199686,0.091653137,0.231958131,0.105446428,0.091105401,0.121201261,0.07246015,0.01509263,0.019166654,0.054782875,0.081002377,0.030969403,8.77E-05,0.016729031,0.016668252,6.69E-05,1.04E-05,0.062024923,0.133482961,0.135958219,0.071682041,0.150175186,0.124201311,0.102991788,,0.140297517,0.111111111,90,0.310344828,87,0.556390977,266,42.5,90631,147.1063788,0.651959953,-1.414695431,1.405765447,0.770456755,0.42875223,0.353371681,0.639230984,0.220628689,0.42875223,complete,COOK,Niles Precinct 36,0,0,1,Niles,1,0,0,282,188,125,123,93,62,0.17828,21.72728933,41,0.58032,28.19619098,53,0.23456,22.97638748,43,0.00222,7.177561343,13,0.00248,7.43597012,14,0.00172,6.483719045,12,0.00042,3.05508158,6,COOK:8200036,COOK:8200036,COOK:NILES PRECINCT 36,1,48.56898795,8.898199783,8.898199783,8.898199783,8.898199783,3.470006569,8.898199783,3.470006569,17.92351086,22.5270881,18.28265514,5.960183335,6.482468298,5.579373758,2.581397396,21.47768602,27.82674121,22.80007889,7.091803021,7.294364401,6.302312593,3.020337058,15.60429634,24.41349937,21.70689986,9.249186122,6.194731558,0.012619085,0.011958399,1,0.3,0.2,2.325346133,1.013765353,1.022024565,1.011012282,1.388987718,1.6,155.7108545,154.8673434,2.531107916,1.325517418,1.205590499,0.01625518,0.008512685,0.007742495,1475.91,188,1
COOK:8200037,COOK:8200037,COOK:Niles Precinct 37,,,,,,,,,,0.435058195,0.115219251,0.094790675,0.350969425,0.024329152,0.003943375,0.2935,0.6534,0.3466,0.7145,0.1482,0,0.0191,0.116,0.0879286,0.132950761,0.133803421,0.100859367,0.206424622,0.109086395,0.150913944,0.03548578,0.04254711,0.018846171,0.071272089,0.094775548,0.064888331,0.016205015,0.020133778,0.027496212,0.034955216,0.07358965,0.094838243,0.036382026,0.090012002,0.151089263,0.015327685,0.152452103,0.03773667,,0.279828476,0.256756757,148,-0.119402985,134,0.497487437,398,46.2,58207,224.6715604,1.24638615,-0.520668011,-0.10255271,0.583066028,0.166663978,0.301557864,0.085841863,-0.009549156,0.166663978,complete,COOK,Niles Precinct 37,0,0,1,Niles,1,0,0,396,264,176,186,140,93,0.17,24.56470505,65,0.79368,33.44785162,88,0.03462,17.67570714,47,0.00084,7.289339938,19,0.0001,4.028518974,11,0.00068,6.442352518,17,8.00E-05,3.149761251,8,COOK:8200037,COOK:8200037,COOK:NILES PRECINCT 37,1,60.03097359,6.27824248,6.27824248,6.27824248,6.27824248,4.288907007,6.27824248,4.288907007,19.03753042,24.77136967,12.97029747,5.456413037,3.251324918,5.577219606,2.581964608,24.39476307,33.11012901,17.54655012,7.24124975,4.019436918,6.390224249,3.110970078,16.7183159,26.65778094,16.3945422,8.745415824,2.963588178,0.010464933,0.012525611,1,0.3,0.2,1.019053197,1.000126914,1.000203063,1.000101531,1.399898469,1.6,546.8784416,546.3732419,5.005713584,3.004156993,2.00155659,0.009153247,0.005493281,0.003659966,2015.91,264,1
COOK:8200039,COOK:8200039,COOK:Niles Precinct 39,,,,TRUE,,,,,,0.648432789,0.0775335,0.03444474,0.214018432,0.02247655,0.001249548,0.4052,0.8435,0.1565,0.8052,0.0282,0,0.0464,0.1149,0.205699365,0.073056557,0.080532828,0.072140912,0.183054063,0.13009332,0.152999384,0.070310682,0.032112888,0.121690142,0.096610297,0.010807718,0.000117452,0.027488028,0.038175082,0.004843664,2.36E-05,0.0704177,0.027562914,0.141071302,0.059762079,0.093140812,0.050324393,0.131341451,0.126623351,,0.035744558,0.439613527,207,-0.229885057,174,0.268199234,522,51.2,70874,255.2815746,0.20654613,0.601775198,-0.490319931,-0.146372016,-0.026779261,0.042907345,-0.133424716,-0.298977293,-0.026779261,complete,COOK,Niles Precinct 39,0,0,1,Niles,1,0,0,447,298,199,216,162,108,0.17494,24.57225035,73,0.78878,33.4544105,100,0.0344,17.63405515,53,0.00096,7.307561217,22,0.0002,4.015199333,12,0.00064,6.439678057,19,8.00E-05,3.128177232,9,COOK:8200039,COOK:8200039,COOK:NILES PRECINCT 39,1,67.83877583,4.552414917,4.552414917,4.552414917,4.552414917,4.84673467,4.552414917,4.552414917,19.03905717,24.77368816,12.97190768,5.453930577,3.251568881,5.572485254,2.576776084,24.3982092,33.11550606,17.55008289,7.238599882,4.019489297,6.3855721,3.105863757,16.71984265,26.66009943,16.39615241,8.742933364,2.963832141,0.005730581,0.007337087,1,0.3,0.2,1.002058317,1.000600162,1.000960259,1.000480129,1.399519871,1.6,359.900437,358.3319614,4.651787198,1.957743206,2.694043991,0.012925206,0.00543968,0.007485526,1693.09,298,1
COOK:8200004,COOK:8200004,COOK:Niles Precinct 4,,,,,,,,,,0.496803457,0.099642029,0.023306766,0.381045241,0.011252389,1.64E-06,0.3622,0.6805,0.3195,0.8523,0.0199,0,0.003,0.1196,0.129453363,0.15392845,0.063651422,0.134699985,0.093818373,0.084473358,0.122046303,0.112141572,0.105787175,0.053356149,0.02062994,0.010325318,0.037824597,0.006897039,0.049868357,0.006917765,0.018980759,0.02237805,0.032693656,0.128932988,0.158491481,0.065519734,0.108335824,0.130755238,0.148093105,,0.245474367,0.156626506,83,-0.238095238,84,0.169230769,325,55.4,92540,191.6840694,1.10003166,-1.135304922,-0.51913582,-0.461221897,-0.415824493,-0.253907745,-0.468870108,-0.397132246,-0.415824493,complete,COOK,Niles Precinct 4,0,0,1,Niles,1,0,0,204,136,91,174,131,87,0.1771,24.65518753,34,0.78808,33.41450476,45,0.03304,17.56263162,24,0.0011,7.258184583,10,0.0002,3.997808663,5,0.0004,6.515978476,9,8.00E-05,3.163525908,4,COOK:8200004,COOK:8200004,COOK:NILES PRECINCT 4,1,80.44229437,2.301752303,2.301752303,2.301752303,2.301752303,5.747191813,2.301752303,2.301752303,19.08321704,24.79988225,12.92616694,5.400932328,3.239504403,5.575898185,2.58201235,24.46846755,33.16783688,17.49808873,7.172035689,4.005576628,6.389601363,3.111716355,16.76400252,26.68629351,16.35041166,8.689935115,2.951767663,0.009143512,0.012573353,1,0.3,0.2,1.050418249,1.177868876,1.284590201,1.142295101,1.257704899,1.6,367.2904609,367.2901912,2.822395622,0.706273215,2.116122406,0.00768437,0.001922928,0.005761441,1963.16,136,1
COOK:8200040,COOK:8200040,COOK:Niles Precinct 40,,,,,,,,,,0.500409365,0.10380544,0.050919929,0.333726833,0.010449704,0.003482394,0.4331,0.9485,0.0515,0.756,0.0477,0.0416,0,0.1523,0.117986789,0.13506172,0.0780069,0.112556656,0.148115832,0.162374507,0.152107906,0.06250534,0.03128435,0.041732919,6.39E-06,7.56E-06,0.006199151,0.021632921,3.82E-05,0,0.055662615,0.003131997,0.026382037,0.061963194,0.09617506,0.075920576,0.122161431,0.264582899,0.224403086,,-0.006966179,,,0.023255814,215,,,51.2,147746,272.221097,0.024590949,,0.398147585,,,,,-0.117471308,-0.117471308,demographic_only,COOK,Niles Precinct 40,0,0,1,Niles,1,0,0,513,342,228,221,166,111,0.17418,24.56727416,84,0.79022,33.43516159,114,0.0337,17.61791451,60,0.00096,7.287794765,25,0.00032,4.060816692,14,0.00046,6.397372909,22,0.00016,3.117340709,11,COOK:8200040,COOK:8200040,COOK:NILES PRECINCT 40,1,71.50796592,3.897192414,3.897192414,3.897192414,3.897192414,5.108879595,3.897192414,3.897192414,19.03772264,24.77166158,12.9705002,5.45417027,3.251355633,5.57561281,2.580844029,24.39612475,33.11230473,17.54790474,7.238782139,4.019608191,6.388683299,3.109915345,16.71850812,26.65807284,16.39474493,8.743173056,2.963618893,0.008858137,0.011405032,1,0.3,0.2,1.083180654,1.010795325,1.01727252,1.00863626,1.39136374,1.6,473.8070687,471.1152193,8.054073002,3.322414752,4.73165825,0.016998634,0.007012168,0.009986466,1915.54,342,1
COOK:8200041,COOK:8200041,COOK:Niles Precinct 41,,,,,,,,,,0.480730529,0.092544403,0.086063101,0.339371187,0.012220761,0.000647316,0.3868,0.8578,0.1422,0.7829,0.0658,0.0082,0.0172,0.0771,0.08313527,0.076450885,0.12355032,0.137753305,0.104908381,0.113315845,0.186751716,0.12857313,0.04556115,0.030002331,0.015762808,0.022913761,0.022902142,0.018573609,0.011467992,0.0172018,6.12E-05,0.017205765,0.074265562,0.172690078,0.091407233,0.085782018,0.127035386,0.137129384,0.155598917,,0.080257817,0.262135922,206,0.133757962,157,0.416837782,487,53.7,101616,241.6110828,0.396180369,-0.487648686,0.785985269,0.326494055,0.294233242,0.255252752,0.400379745,-0.050531,0.294233242,complete,COOK,Niles Precinct 41,0,0,1,Niles,1,0,0,414,276,184,215,162,108,0.1965,22.15504779,61,0.606,28.51120957,79,0.1908,21.93931769,61,0.00276,7.818306524,22,0.00214,7.225210901,20,0.00144,6.385844506,18,0.00036,3.129262377,9,COOK:8200041,COOK:8200041,COOK:NILES PRECINCT 41,1,54.53603058,7.534265348,7.534265348,7.534265348,7.534265348,3.896321343,7.534265348,3.896321343,17.92284448,22.23216387,16.99274881,6.216205052,6.235886824,5.576717875,2.581478598,21.88336363,28.08865192,21.69784768,7.663791117,7.107487814,6.32570974,3.04647129,15.60362996,24.11857513,20.41699354,9.505207838,5.948150084,0.009963202,0.012039601,1,0.3,0.2,1.006301132,1.00039453,1.000631249,1.000315624,1.399684376,1.6,453.1768807,451.4990225,5.428950231,3.344886733,2.084063498,0.01197976,0.007380974,0.004598786,1718.02,276,1
COOK:8200042,COOK:8200042,COOK:Niles Precinct 42,,,,,,,,,,0.360076208,0.128114836,0.040723967,0.473111304,0.012204749,0.003389752,0.3729,0.8961,0.1039,0.8789,0.014,0,0,0.1061,0.041204343,0.07448538,0.10041125,0.230540806,0.087244686,0.215884539,0.086699815,0.123871829,0.039657352,0.003033689,0.024037951,0.021042618,0.025598636,1.58E-05,0.040571417,0.019538242,0.01955711,0.144246737,0.003044511,0.025614905,0.022700667,0.19241024,0.243532838,0.08725121,0.127803428,,0.066013609,0.288343558,163,-0.15942029,138,0.420654912,397,50.7,119619,219.3222375,0.335497561,-0.326776419,-0.243004449,0.338637549,-0.03176164,0.026088561,-0.085580242,-0.241847885,-0.03176164,complete,COOK,Niles Precinct 42,0,0,1,Niles,1,0,0,359,239,159,192,144,96,0.16936,24.57363211,59,0.7945,33.43606378,80,0.03436,17.59169674,42,0.00082,7.256638478,17,0.00018,4.034991656,10,0.00064,6.503327563,16,0.00014,3.132035768,7,COOK:8200042,COOK:8200042,COOK:NILES PRECINCT 42,1,68.05303826,4.514153185,4.514153185,4.514153185,4.514153185,4.862042628,4.514153185,4.514153185,19.03616876,24.76930189,12.96886139,5.45288599,3.251107335,5.578435799,2.5852021,24.39444917,33.10979115,17.54610552,7.23726582,4.019880017,6.391532193,3.114299321,16.71695424,26.65571316,16.39310611,8.741888777,2.963370595,0.011681126,0.015763103,1,0.3,0.2,1.547273234,1.130059398,1.208095036,1.104047518,1.295952482,1.6,763.4039969,762.8541916,11.49309032,3.832987262,7.660103056,0.015055057,0.005020916,0.010034141,2106.12,239,1
COOK:8200043,COOK:8200043,COOK:Niles Precinct 43,,,,,,,,,,0.665752313,0.077454782,0.031479439,0.222211553,0.009803654,2.44E-06,0.2251,0.8956,0.1044,0.8153,0.0341,0.0025,0.0058,0.1422,0.192723113,0.104401843,0.09529117,0.103441091,0.172874398,0.097360585,0.146420183,0.032261743,0.055225874,0.035788676,0.014332714,1.34E-05,0.007188795,0.020475232,0.073621777,2.41E-05,0.050163997,0.025581321,0.087045071,0.072605691,0.169836693,0.213825734,0.074798695,0.062619374,0.09207867,,0.087065791,0.224043716,183,-0.298507463,134,0.234782609,575,47.4,91657,306.1001418,0.425183525,-0.721472885,-0.73116914,-0.252680833,-0.4356701,-0.320034833,-0.517896961,-0.61392127,-0.4356701,complete,COOK,Niles Precinct 43,0,0,1,Niles,1,0,0,348,232,155,254,191,127,0.1701,24.58096451,57,0.79412,33.47340911,78,0.03416,17.65356102,41,0.0007,7.325623863,17,0.00024,4.077537575,9,0.00054,6.390707932,15,0.00014,3.189820432,7,COOK:8200043,COOK:8200043,COOK:NILES PRECINCT 43,1,80.88969863,2.221857468,2.221857468,2.221857468,2.221857468,5.779156566,2.221857468,2.221857468,19.03896583,24.77354946,12.97181135,5.453729184,3.251554285,5.572585265,2.577001773,24.39817123,33.11545608,17.55003648,7.238371545,4.01951601,6.385677254,3.106094588,16.71975131,26.65996072,16.39605608,8.742731971,2.963817545,0.005830592,0.007562775,1,0.3,0.2,1.000034233,1.025598558,1.040957693,1.020478847,1.379521153,1.6,329.5563789,329.2821177,1.641967709,0.547745111,1.094222598,0.004982358,0.001662068,0.00332029,3205.16,232,1
COOK:8200044,COOK:8200044,COOK:Niles Precinct 44,,,,,,,,,,0.43172485,0.108531602,0.067777591,0.384068796,0.024319771,0.00460176,0.4119,0.8952,0.1048,0.7441,0.0613,0.0361,0,0.1586,0.1055129,0.09744812,0.090344034,0.140910915,0.166123006,0.11790707,0.151120166,0.094615281,0.036018509,0.012846551,1.60E-05,2.30E-05,0.011210976,0.019220192,0.01600183,1.00E-06,0.030447908,0.008019099,0.035300399,0.08812546,0.081782014,0.084905496,0.182568062,0.165215678,0.264316308,,-0.017496845,0.288288288,222,-0.131428571,175,0.517094017,468,48.5,140350,252.3097286,-0.020271524,-0.327115687,-0.144759812,0.645440739,0.0258746,0.038323429,-0.010742048,-0.01748489,0.0258746,complete,COOK,Niles Precinct 44,0,0,1,Niles,1,0,0,425,283,189,214,161,107,0.17232,24.53696131,69,0.78996,33.40612225,95,0.0358,17.56159668,50,0.0012,7.295282936,21,0.00014,4.152109067,12,0.00042,6.500126967,18,0.00016,3.174676026,9,COOK:8200044,COOK:8200044,COOK:NILES PRECINCT 44,1,65.68537936,4.985769939,4.985769939,4.985769939,4.985769939,4.692885471,4.985769939,4.692885471,19.03716142,24.77080932,12.96990831,5.454799439,3.251265955,5.577204738,2.58268268,24.39499418,33.11054819,17.54673969,7.239442945,4.019613095,6.390253156,3.111731925,16.7179469,26.65722059,16.39415303,8.743802226,2.963529215,0.010450065,0.013243682,1,0.3,0.2,1.17894228,1.027915912,1.04466546,1.02233273,1.37766727,1.6,426.7157774,424.3679763,7.630105595,4.10847483,3.521630765,0.017881002,0.00962813,0.008252872,1899.63,283,1
COOK:8200045,COOK:8200045,COOK:Niles Precinct 45,,,,,,,,,,0.553137521,0.082352916,0.076359032,0.284514825,0.0060603,0.002418727,0.4398,0.9471,0.0529,0.6902,0.0332,0,0.0001,0.2765,0.100848168,0.158856231,0.068325839,0.047949801,0.117197908,0.166870236,0.12730409,0.140410229,0.0722375,5.64E-05,0.005941435,6.41E-05,0.002983239,2.30E-05,0.002981824,7.85E-05,0.008943257,6.27E-05,0.085505443,0.091409951,0.206402302,0.1179484,0.070796778,0.182780646,0.22402203,,-0.173715163,0.474576271,118,0,122,0.378016086,373,56.5,120252,165.8290089,-0.685788778,0.81638959,0.316524909,0.202990004,0.2627603,0.162528931,0.293559496,-0.186411336,0.2627603,complete,COOK,Niles Precinct 45,0,0,1,Niles,1,0,0,309,206,137,136,102,68,0.20092,22.47163684,46,0.61314,28.73268423,59,0.17896,21.78779608,45,0.00266,7.524596598,16,0.0023,7.086073002,15,0.00174,6.452653925,13,0.00028,3.072879168,6,COOK:8200045,COOK:8200045,COOK:NILES PRECINCT 45,1,55.91431393,7.21922015,7.21922015,7.21922015,7.21922015,3.994792662,7.21922015,3.994792662,18.09603822,22.34192407,16.82923034,6.022792775,6.169844379,5.575224644,2.579586708,22.14427677,28.28852482,21.53390922,7.435551598,7.037576313,6.326560792,3.046923683,15.77682369,24.22833534,20.25347507,9.311795561,5.882107639,0.008469971,0.01014771,1,0.3,0.2,1.048309405,1.003114997,1.004983994,1.002491997,1.397508003,1.6,465.2706006,462.7525259,7.550292901,3.934382261,3.61591064,0.016227746,0.008456116,0.007771629,957.81,206,1
COOK:8200047,COOK:8200047,COOK:Niles Precinct 47,,,,,,,,,,0.599453303,0.054200563,0.114352858,0.23351576,0.004643613,2.70E-06,0.3533,0.7981,0.2019,0.8325,0.0192,0.0133,0.0322,0.0937,0.148169347,0.149459725,0.117662576,0.058914545,0.162355061,0.071786639,0.136413067,0.101136535,0.054102506,0.014045064,6.76E-05,0.021037755,0.024544377,0.010524603,0.007073134,0.035084119,0.049142394,0.031606898,0.087693374,0.045685054,0.119316714,0.084239011,0.080716243,0.192805607,0.196418044,,-0.079738422,0.364485981,107,-0.111111111,108,0.34082397,267,48.9,116079,123.3316105,-0.285431487,0.140614236,-0.073450097,0.08467016,-0.012201158,-0.033399297,-0.020211318,-0.229346079,-0.012201158,complete,COOK,Niles Precinct 47,0,0,1,Niles,1,0,0,212,141,94,107,81,54,0.17488,24.56412465,35,0.7895,33.40270679,47,0.03324,17.62707273,25,0.0012,7.284715005,10,0.00028,4.11275831,6,0.0007,6.38955181,9,0.0002,3.142700509,4,COOK:8200047,COOK:8200047,COOK:NILES PRECINCT 47,1,67.20329044,4.66589618,4.66589618,4.66589618,4.66589618,4.801332479,4.66589618,4.66589618,19.03883981,24.77335808,12.97167844,5.458079026,3.251534148,5.575146473,2.578433577,24.39589439,33.11179383,17.54779107,7.243172732,4.019158218,6.388112512,3.107400443,16.71962529,26.65976935,16.39592317,8.747081812,2.963797408,0.0083918,0.00899458,1,0.3,0.2,1.117415381,1.000918428,1.001469485,1.000734742,1.399265258,1.6,224.0410356,224.0410356,1.263983275,0,1.263983275,0.005641749,0,0.005641749,912.46,141,1
COOK:8200048,COOK:8200048,COOK:Niles Precinct 48,,,,,,,,,,0.409819132,0.126936635,0.104725399,0.345789806,0.011688353,0.001594641,0.2482,0.5338,0.4662,0.7856,0.065,0.0041,0.0368,0.0985,0.087131018,0.163577726,0.143156057,0.081599595,0.201036067,0.086711379,0.127448141,0.076419184,0.032920833,0.022653488,0.069178395,0.029333254,0.035940038,0.013312629,0.019979095,0.053267884,0.086497946,0.047934322,0.062591428,0.078550537,0.115901941,0.123794687,0.054581705,0.110551062,0.075931589,,0.166829581,0.358974359,78,-0.047619048,84,0.475308642,324,46,71326,204.760192,0.764991168,0.10678184,0.149392762,0.512508291,0.321858675,0.383418515,0.275053524,-0.025664629,0.321858675,complete,COOK,Niles Precinct 48,0,0,1,Niles,1,0,0,296,197,131,188,141,94,0.19784,22.19120477,44,0.60744,28.51335988,56,0.18826,21.92168351,43,0.0024,7.862171986,15,0.00226,7.188875868,14,0.00144,6.427304542,13,0.00036,3.120376396,6,COOK:8200048,COOK:8200048,COOK:NILES PRECINCT 48,1,53.31793233,7.81269576,7.81269576,7.81269576,7.81269576,3.809294434,7.81269576,3.809294434,17.92277292,22.2320552,16.99267335,6.217163985,6.235869673,5.57738097,2.581925773,21.88285627,28.0878614,21.69720729,7.664778217,7.107381884,6.326346248,3.046891878,15.6035584,24.11846647,20.41691807,9.506166771,5.948132933,0.010626297,0.012486776,1,0.3,0.2,1.053636612,1.000694393,1.001111029,1.000555514,1.399444486,1.6,360.9581802,360.279786,3.576904345,1.567177644,2.009726701,0.00990947,0.004341715,0.005567755,2028.53,197,1
COOK:8200049,COOK:8200049,COOK:Niles Precinct 49,,,,,,,,,,0.668410929,0.070167017,0.146703361,0.104693329,0.010034614,0.003640806,0.5989,0.9642,0.0358,0.6537,0.0646,0,0,0.2817,0.071311275,0.10798157,0.107755317,0.146786861,0.131612854,0.078937484,0.185773691,0.117782695,0.052058255,0.02206571,0.016993624,0.017008396,1.68E-05,0.01695869,0.113587887,0.018679636,0.072932559,0.000102209,3.77E-05,0.054376707,0.157692989,0.049241993,0.042432415,0.122177675,0.295694971,,-0.30320422,0.45686901,313,0.087837838,296,0.584302326,688,51.5,104847,273.1126508,-1.237434723,0.707695803,0.624815963,0.859251554,0.424807218,0.238582149,0.50205398,0.103121727,0.424807218,complete,COOK,Niles Precinct 49,0,0,1,Niles,1,0,0,632,421,281,208,156,104,0.19854,22.16815399,93,0.60534,28.5282561,120,0.18986,22.00990025,93,0.0024,7.767335886,33,0.00206,7.210338457,30,0.00164,6.384351276,27,0.00016,3.134933548,13,COOK:8200049,COOK:8200049,COOK:NILES PRECINCT 49,1,48.74442936,8.858097743,8.858097743,8.858097743,8.858097743,3.482540964,8.858097743,3.482540964,17.9254607,22.23613681,16.99550805,6.220680746,6.236513903,5.573176251,2.574701129,21.88518756,28.09136316,21.69937577,7.668628113,7.107106388,6.322068242,3.039593946,15.60624618,24.12254808,20.41975278,9.509683533,5.948777163,0.006421578,0.005262131,1,0.3,0.2,2.184557539,1.001195589,1.001912943,1.000956472,1.399043528,1.6,305.3115562,304.4757801,5.562354054,1.114594776,4.447759278,0.018218616,0.00365068,0.014567936,1298.27,421,1
COOK:8200005,COOK:8200005,COOK:Niles Precinct 5,,,,,,,,,,0.637645168,0.070921197,0.03051543,0.238072694,0.010901239,0.002178348,0.3721,0.7767,0.2233,0.8791,0.009,0,0.0057,0.1062,0.091161241,0.155544567,0.030490512,0.060016968,0.159882909,0.037647718,0.152721317,0.119735314,0.192799457,0.023104025,0.0598141,0.013826386,0.041450142,0.011511231,0.043792629,3.27E-05,0.029962791,0.023053242,0.013848383,0.17491192,0.101579162,0.046233374,0.094479793,0.087637697,0.23476245,,-0.153841975,0.102040816,98,-0.395348837,86,-0.019607843,255,64.3,90922,150.9697787,-0.601125534,-1.470372292,-1.07106058,-1.061977043,-1.098127367,-1.051133862,-1.10211271,-0.647063414,-1.098127367,complete,COOK,Niles Precinct 5,0,0,1,Niles,1,0,0,147,98,65,125,94,63,0.54718,32.2176605,32,0.44476,30.96264555,30,0.00768,14.21914703,14,0.00014,4.391126979,4,8.00E-05,4.826931622,5,4.00E-05,6.489816067,6,0.00012,3.280033627,3,COOK:8200005,COOK:8200005,COOK:NILES PRECINCT 5,1,89.38594757,0.704647033,0.704647033,0.704647033,0.704647033,6.386170236,0.704647033,0.704647033,22.89583667,21.10353739,9.439349253,2.762166194,3.506639514,5.572911973,2.577500224,32.01119394,30.8109009,14.24369319,4.285485121,4.738207756,6.501626605,3.222215683,20.57662215,22.98994866,12.86359398,6.051168981,3.218902774,0.0061573,0.008061227,1,0.3,0.2,1.079081637,1.178117422,1.284987876,1.142493938,1.257506062,1.6,170.5681327,170.5681218,1.310914699,0.327747831,0.983166868,0.007685578,0.001921507,0.005764071,1002.21,98,1
COOK:8200051,COOK:8200051,COOK:Niles Precinct 51,,,,,,,,,,0.48744393,0.075446027,0.014032532,0.419861243,0.008616097,0.002154412,0.3051,0.5471,0.4529,0.8664,0.0557,0,0.0035,0.0581,0.043303995,0.273338052,0.109009095,0.089195033,0.204764751,0.089957584,0.098982931,0.068154938,0.023293621,0.054539501,0.00549017,0.016392237,0.005501338,0.002737289,0.030047665,0.030042761,0.07635825,0.016645427,0.002755256,0.008251732,0.281072972,0.207550032,0.054906558,0.106500634,0.101208178,,0.030689859,0.404255319,94,-0.056179775,89,0.303643725,247,45.1,97346,142.3514252,0.185012232,0.3847333,0.119346536,-0.033611918,0.157303468,0.163870037,0.148398767,-0.39096449,0.157303468,complete,COOK,Niles Precinct 51,0,0,1,Niles,1,0,0,173,115,77,122,92,61,0.1753,24.59778852,28,0.78884,33.41494575,38,0.03422,17.64482807,20,0.00084,7.322898568,8,0.00024,4.096361041,5,0.00042,6.407122055,7,0.00014,3.157352545,4,COOK:8200051,COOK:8200051,COOK:NILES PRECINCT 51,1,60.42257536,6.188730945,6.188730945,6.188730945,6.188730945,4.316884957,6.188730945,4.316884957,19.0367624,24.77020338,12.96948748,5.451749005,3.251202194,5.576505032,2.583143088,24.39587171,33.11201529,17.54756013,7.236045455,4.019915064,6.38963833,3.112277213,16.71754788,26.65661464,16.3937322,8.740751791,2.963465454,0.009750359,0.013704091,1,0.3,0.2,1.150057032,1.060955254,1.097528406,1.048764203,1.351235797,1.6,188.5839829,188.5836189,1.450996188,0.363521877,1.087474311,0.007694165,0.001927639,0.005766525,1154.09,115,1
COOK:8200054,COOK:8200054,COOK:Niles Precinct 54,,,,,,,,,,0.599444062,0.097675452,0.029408518,0.25702637,0.011762734,0.008221429,0.4371,0.6786,0.3214,0.7346,0.0251,0,0.035,0.1819,0.08715278,0.130184524,0.031866213,0.218019322,0.11478177,0.161808243,0.089264166,0.078872001,0.088050981,0.055600041,4.53E-05,0.006991564,0.007021099,0.041668903,0.039438736,0.02101546,0.027847509,0.007033822,0.108847977,0.094980069,0.106728865,0.051226425,0.05810933,0.106880684,0.266564198,,-0.04426039,0.362068966,116,-0.402298851,87,0.285714286,336,50.8,95967,149.7810403,-0.134288889,0.125777695,-1.095453566,-0.090651115,-0.394770436,-0.298653969,-0.554130356,-0.142650406,-0.394770436,complete,COOK,Niles Precinct 54,0,0,1,Niles,1,0,0,228,152,101,119,90,60,0.17234,24.53342975,37,0.79212,33.4961692,51,0.03358,17.60979577,27,0.00102,7.331411445,11,0.00016,4.091505126,6,0.0006,6.351532557,10,0.00018,3.17284066,5,COOK:8200054,COOK:8200054,COOK:NILES PRECINCT 54,1,79.95004677,2.389655,2.389655,2.389655,2.389655,5.712023232,2.389655,2.389655,19.03857771,24.77296007,12.97140201,5.45343372,3.251492267,5.573303636,2.578096441,24.39774055,33.11480859,17.54957515,7.238020794,4.019581739,6.386401367,3.107194999,16.71936319,26.65937133,16.39564674,8.742436507,2.963755527,0.006548963,0.008657444,1,0.3,0.2,1.000613991,1.003279076,1.005246522,1.002623261,1.397376739,1.6,122.2929766,121.4451464,2.033852468,1.016920194,1.016932274,0.016630983,0.008315442,0.008315541,699.33,152,1
COOK:8200055,COOK:8200055,COOK:Niles Precinct 55,,,,,,,,,,0.564017412,0.088228222,0.096909006,0.247045896,0.018873844,0.002521535,0.3016,0.938,0.062,0.7683,0.0268,0.0175,0,0.1744,0.22153139,0.145874206,0.062710901,0.114228954,0.078963754,0.203333144,0.091522603,0.063378228,0.018456821,0.018336896,1.03E-05,4.49E-05,6.30E-05,0.015669576,0.018268129,2.70E-05,0.010596084,4.19E-05,0.06521389,0.028855011,0.099273528,0.02882645,0.1304198,0.367715097,0.216638585,,0.023225839,0.308176101,159,-0.178294574,129,0.510971787,319,52,161470,137.5964715,0.153214206,-0.205036856,-0.30924894,0.625963996,0.019976787,0.066223101,-0.055117622,-0.3345368,0.019976787,complete,COOK,Niles Precinct 55,0,0,1,Niles,1,0,0,270,180,120,118,89,59,0.17758,24.55859521,44,0.78654,33.41290703,60,0.0341,17.64706855,32,0.00088,7.278218812,13,0.00022,4.01397667,7,0.00058,6.421256781,12,0.0001,3.122569918,6,COOK:8200055,COOK:8200055,COOK:NILES PRECINCT 55,1,65.90980254,4.934471747,4.934471747,4.934471747,4.934471747,4.708919363,4.934471747,4.708919363,19.03868897,24.77312903,12.97151936,5.457078776,3.251510046,5.574962017,2.578644629,24.3961526,33.11222967,17.54802913,7.242057623,4.019259252,6.387955742,3.10763918,16.71947445,26.6595403,16.39576409,8.746081563,2.963773306,0.008207345,0.009205632,1,0.3,0.2,1.059658303,1.012690301,1.020304482,1.010152241,1.389847759,1.6,230.9754264,229.6442677,3.833561347,1.3441186,2.489442747,0.016597269,0.005819314,0.010777955,1102.66,180,1
COOK:8200056,COOK:8200056,COOK:Niles Precinct 56,,,,,,,,,,0.639088013,0.072694084,0.021335622,0.260216893,0.004001048,0.001333905,0.3859,0.9688,0.0312,0.8617,0.0051,0,0,0.1332,0.26569111,0.086335003,0.044933097,0.135491966,0.115631453,0.081204118,0.097620509,0.070844988,0.102247755,0.057627828,5.92E-08,1.86E-05,6.66E-06,0.023919779,0.064645592,0.050576742,0.015482,0.004229413,0.092752198,0.028224493,0.109698537,0.161699487,0.073113816,0.032427455,0.28557738,,-0.107699285,0.354497354,189,-0.330357143,224,0.172173913,575,52.1,108166,284.4056658,-0.404549635,0.07930031,-0.842954353,-0.451858829,-0.448856098,-0.405015627,-0.536443844,-0.548569673,-0.448856098,complete,COOK,Niles Precinct 56,0,0,1,Niles,1,0,0,407,271,181,246,185,123,0.17376,24.58264151,67,0.78982,33.41979171,91,0.03438,17.61689299,48,0.00128,7.339130991,20,0.00018,4.019296637,11,0.00044,6.486194865,18,0.00014,3.164142718,9,COOK:8200056,COOK:8200056,COOK:NILES PRECINCT 56,1,81.17830595,2.17031966,2.17031966,2.17031966,2.17031966,5.799776088,2.17031966,2.17031966,19.03854214,24.77290605,12.9713645,5.452987154,3.251486583,5.573149811,2.578095197,24.39790273,33.115075,17.54973062,7.237524825,4.019623543,6.386260129,3.107206342,16.71932762,26.65931732,16.39560923,8.741989941,2.963749843,0.006395138,0.0086562,1,0.3,0.2,1.005897698,1.020863701,1.033381922,1.016690961,1.383309039,1.6,402.0659114,400.4147071,4.953593811,4.953468663,0.000125148,0.012320353,0.012320041,3.11E-07,2223.46,271,1
COOK:8200057,COOK:8200057,COOK:Niles Precinct 57,,,,,,,,,,0.624225356,0.076040182,0.012483443,0.283315172,0.005245315,0.001310184,0.3787,0.9578,0.0422,0.7726,0.0655,0,0.0242,0.1371,0.116985497,0.145743296,0.066866355,0.150393126,0.11930617,0.153259255,0.110183276,0.062344614,0.074918411,0.015521039,0.020172801,0.02635924,0.031065917,4.59E-05,0.012505906,0.046520584,0.01713642,0.04030534,0.035741467,0.035751527,0.108755993,0.127267716,0.094744926,0.173883744,0.214221469,,0.076680791,0.19205298,151,-0.409395973,149,0.279850746,536,51,121631,274.3013892,0.380941615,-0.917843982,-1.120362867,-0.109304884,-0.591772978,-0.441642529,-0.727517045,-0.42916486,-0.591772978,complete,COOK,Niles Precinct 57,0,0,1,Niles,1,0,0,420,280,187,228,171,114,0.52032,30.43857356,85,0.46024,29.70144381,83,0.01792,15.61300918,44,0.00056,6.0361945,17,0.00034,5.134965623,14,0.00046,6.492311118,18,0.00016,3.258356114,9,COOK:8200057,COOK:8200057,COOK:NILES PRECINCT 57,1,83.9017126,1.683989631,1.683989631,1.683989631,1.683989631,5.994349609,1.683989631,1.683989631,21.82532273,20.42801603,10.45663071,3.958730249,3.780140226,5.573418046,2.578725121,30.12552001,29.45360874,15.52178314,5.932733258,5.085805214,6.486282463,3.207590365,19.50610821,22.3144273,13.88087543,7.247733036,3.492403486,0.006663373,0.009286124,1,0.3,0.2,1.001954723,1.000857594,1.00137215,1.000686075,1.399313925,1.6,540.7430966,537.5522629,5.342340304,2.670778787,2.671561517,0.009879627,0.00493909,0.004940537,2352.44,280,1
COOK:8200058,COOK:8200058,COOK:Niles Precinct 58,,,,,,,,,,0.553598115,0.065712938,0.032279588,0.34340548,0.01057242,0.001668846,0.3956,0.891,0.109,0.8137,0.0682,0,0.0166,0.0842,0.03315017,0.116298401,0.120205062,0.106359327,0.127552969,0.110458216,0.190439896,0.135140398,0.060395561,0.013358816,0.024212571,0.035057115,0.065290759,0.02660412,0.014563866,0.002537818,2.85E-05,0.042339127,0.052149992,0.214070214,0.063012391,0.088377075,0.130673422,0.088488846,0.139235322,,0.08802922,0.20754717,159,-0.37254902,153,0.3625,480,54.9,78883,263.6027435,0.4292879,-0.822734851,-0.991038351,0.153628444,-0.44974684,-0.307714215,-0.586411667,-0.323607,-0.44974684,complete,COOK,Niles Precinct 58,0,0,1,Niles,1,0,0,408,272,181,221,166,111,0.51668,30.42393022,83,0.4614,29.70439663,81,0.02058,15.60134413,42,0.00056,6.027813088,16,0.00046,5.133768313,14,0.00026,6.579794283,18,6.00E-05,3.244413414,9,COOK:8200058,COOK:8200058,COOK:NILES PRECINCT 58,1,81.19755698,2.166881925,2.166881925,2.166881925,2.166881925,5.801151476,2.166881925,2.166881925,21.82465283,20.42699874,10.45592419,3.959463912,3.780033182,5.575309159,2.580915614,30.12403483,29.45153047,15.52039148,5.933612808,5.085851384,6.488147466,3.209754748,19.50543831,22.31341001,13.88016892,7.248466698,3.492296442,0.008554486,0.011476617,1,0.3,0.2,1.001608299,1.001209794,1.001935671,1.000967836,1.399032164,1.6,464.6805458,463.2038053,3.938237557,1.47688391,2.461353647,0.00847515,0.003178278,0.005296873,2127.56,272,1
COOK:8200006,COOK:8200006,COOK:Niles Precinct 6,,,,,,,,,,0.676670538,0.075658481,0.013177657,0.230514112,0.002007131,0.001131422,0.4573,0.9927,0.0073,0.7291,0.0394,0,0.0169,0.2132,0.159022836,0.121458545,0.065086411,0.113931685,0.088543569,0.09932969,0.177624925,0.132565182,0.042437157,0.009489251,0.001244602,0.015776185,0.007427588,0.026523872,0.017557683,0.009350831,0.021416603,0.001298943,0.044955164,0.125307259,0.054840831,0.127021296,0.063658205,0.124986516,0.349145171,,-0.083361496,0.47311828,186,-0.407035176,199,-0.168571429,700,57.3,139841,324.5255873,-0.300866413,0.807439896,-1.112077001,-1.535877162,-0.616466229,-0.53534517,-0.731812595,-0.431959252,-0.616466229,complete,COOK,Niles Precinct 6,0,0,1,Niles,1,0,0,395,263,175,153,115,77,0.52312,30.8457647,81,0.4595,30.0909006,79,0.01642,15.23524277,40,0.0004,5.579753816,15,0.00022,5.045484154,13,0.00026,6.535011591,17,8.00E-05,3.263395971,9,COOK:8200006,COOK:8200006,COOK:NILES PRECINCT 6,1,84.30431114,1.61209594,1.61209594,1.61209594,1.61209594,6.023113222,1.61209594,1.61209594,22.09053739,20.59578492,10.20553423,3.662826873,3.712574392,5.572260373,2.577033397,30.58878263,29.78759924,15.20899483,5.528697492,5.000446972,6.489014089,3.209787939,19.77132286,22.48219619,13.62977895,6.951829659,3.424837652,0.005505701,0.0075944,1,0.3,0.2,1.002055651,1.006171241,1.009873986,1.004936993,1.395063007,1.6,450.5790059,448.7821363,5.678326353,5.198590818,0.479735535,0.012602288,0.011537579,0.001064709,1786.31,263,0.999999998
COOK:8200061,COOK:8200061,COOK:Niles Precinct 61,,,,,,,,,,0.484859798,0.102847523,0.060378756,0.34886389,0.012672052,0.000512594,0.352,0.8721,0.1279,0.7416,0.0433,0,0,0.1921,0.08935831,0.086238383,0.134705137,0.124544612,0.13624719,0.120642925,0.168990897,0.109070792,0.030201753,0.129384835,0.007043513,0.059088387,6.63E-05,0.060486203,0.005673566,0.028171908,0.015577578,0.026726959,0.122435416,0.000150119,0.084563999,0.171540646,0.106969137,0.065093805,0.11702764,,0.018889187,0.340659341,182,-0.089655172,145,0.380116959,513,50.6,88361,292.1324655,0.134739313,-0.005642587,0.001855422,0.209673543,0.071868034,0.085156423,0.055207834,-0.15081372,0.071868034,complete,COOK,Niles Precinct 61,0,0,1,Niles,1,0,0,450,300,200,265,199,133,0.1705,24.59895909,74,0.79412,33.44419953,100,0.03324,17.64768498,53,0.00102,7.260727476,22,0.00026,4.066212785,12,0.00064,6.485224043,19,0.00022,3.131929285,9,COOK:8200061,COOK:8200061,COOK:NILES PRECINCT 61,1,63.89832154,5.394251971,5.394251971,5.394251971,5.394251971,4.565209301,5.394251971,4.565209301,19.03755389,24.77140532,12.97032223,5.454593058,3.251328668,5.576213802,2.581453442,24.39567251,33.11159517,17.54744431,7.239239115,4.019589737,6.389270938,3.110511405,16.71833937,26.65781658,16.39456696,8.743595845,2.963591928,0.00945913,0.012014445,1,0.3,0.2,1.04422211,1.010502898,1.016804637,1.008402318,1.391597682,1.6,200.9131296,200.7648938,3.025491354,1.008229639,2.017261714,0.015058704,0.005018237,0.010040467,1695.32,300,1
COOK:8200062,COOK:8200062,COOK:Niles Precinct 62,,,,,,,,,,0.394701973,0.131024205,0.076618691,0.383228909,0.012221721,0.001109655,0.5239,0.7057,0.2943,0.6642,0.0209,0,0,0.242,0.007254354,0.144346534,0.045490712,0.143248933,0.162408363,0.152313656,0.160414805,0.10889326,0.075629382,0.070709461,0.034223304,0.01825932,0.015991602,2.76E-05,0.038759546,0.022817483,0.022827615,1.93E-05,0.068554935,0.057180407,0.075425039,0.075367048,0.212158121,0.150674838,0.137004337,,0.077698532,0.573033708,89,-0.033333333,60,0.4921875,256,53.5,124946,153.6444401,0.385277369,1.420758143,0.199532408,0.566205258,0.624368799,0.642943295,0.535686621,0.297453049,0.624368799,complete,COOK,Niles Precinct 62,0,0,1,Niles,1,0,0,231,154,103,123,93,62,0.19836,22.18787998,34,0.6058,28.49854797,44,0.18944,21.98998435,34,0.00244,7.695467302,12,0.00206,7.1943861,11,0.00152,6.449694832,10,0.00038,3.134871253,5,COOK:8200062,COOK:8200062,COOK:NILES PRECINCT 62,1,40.02717559,10.85066983,10.85066983,10.85066983,10.85066983,2.859737625,10.85066983,2.859737625,17.92235555,22.23142138,16.99223315,6.215469098,6.235769633,5.577432368,2.582769533,21.88298025,28.08807865,21.69750649,7.662991116,7.107548341,6.326440177,3.047778169,15.60314102,24.11783265,20.41647788,9.504471884,5.948032893,0.010677695,0.013330536,1,0.3,0.2,1.026585133,1.000072071,1.000115314,1.000057657,1.399942343,1.6,207.0615884,205.2083596,2.78000405,2.038294488,0.741709563,0.013425977,0.009843904,0.003582072,940.52,154,1
COOK:8200008,COOK:8200008,COOK:Niles Precinct 8,,,,,,,,,,0.79201388,0.064896297,0.075906973,0.067152701,0.017297506,0,0.4327,0.8777,0.1223,0.5629,0.048,0.0057,0.0198,0.3327,0.14135152,0.227654491,0.023839929,0.099689595,0.126512811,0.101193037,0.138391828,0.113074831,0.028291958,0.076155176,0,0,0.009520541,0.052388143,0.03808674,0,0.028602807,0,0.028607382,0.033360788,0.023812792,0.114283099,0.061922412,0.209506814,0.323753306,,-0.274448909,0.523809524,84,-0.046511628,86,0.346303502,257,53.8,157938,104.0146113,-1.114932088,1.118601701,0.153279557,0.102102279,0.191584027,0.064762862,0.209287366,-0.20538251,0.191584027,complete,COOK,Niles Precinct 8,0,0,1,Niles,1,0,0,200,133,89,84,63,42,0.176,24.62095587,33,0.78716,33.45950533,45,0.0348,17.61972818,23,0.00104,7.26644839,10,0.00026,4.03027911,5,0.00046,6.474741872,9,0.00028,3.146584082,4,COOK:8200008,COOK:8200008,COOK:NILES PRECINCT 8,1,58.97942164,6.51860408,6.51860408,6.51860408,6.51860408,4.213778981,6.51860408,4.213778981,19.04069445,24.7761745,12.97363446,5.456918459,3.251830506,5.570366713,2.572579872,24.3991889,33.1168852,17.55120808,7.242004835,4.019063647,6.383379275,3.10159326,16.72147993,26.66258577,16.39787919,8.745921245,2.964093766,0.00361204,0.003140874,1,0.3,0.2,1.52666448,1.004726839,1.007562942,1.003781471,1.396218529,1.6,170.9915681,169.7355965,4.126763973,1.973669726,2.153094247,0.024134313,0.011542497,0.012591815,746.66,133,1
COOK:8200009,COOK:8200009,COOK:Niles Precinct 9,,,,,,,,,,0.858509597,0.051839066,0.012960569,0.074530515,0.003240318,7.73E-10,0.2889,0.9016,0.0984,0.7618,0.1122,0,0,0.126,0.052289308,0.012145983,0.027084524,0.029885192,0.08122987,0.099920292,0.128849666,0.197002163,0.371593003,0.190303629,0.015024935,0.031723484,0.026714728,0.031718692,0.110176325,0.060097813,0.073455237,0.011688961,0.043404298,0.043412684,0.120201737,0.091815784,0.08681051,0.02171354,0.041737643,,-0.216861514,0.380952381,126,-0.510791367,139,0.218461538,325,74.6,42331,156.9134708,-0.869599751,0.241691155,-1.476237893,-0.304603304,-0.662851262,-0.602187448,-0.837661351,-0.939147483,-0.662851262,complete,COOK,Niles Precinct 9,0,0,1,Niles,1,0,0,207,138,92,123,93,62,0.56616,33.79414775,47,0.43046,32.05446621,44,0.00304,13.05457587,18,0,2.866118176,4,0.0002,4.408371388,6,0.00012,6.464185296,9,2.00E-05,3.200215314,4,COOK:8200009,COOK:8200009,COOK:NILES PRECINCT 9,1,85.01276934,1.48558362,1.48558362,1.48558362,1.48558362,6.073728948,1.48558362,1.48558362,23.84110916,21.7012517,8.543845243,1.706009002,3.26570862,5.568777211,2.572006528,33.71107014,32.03658904,13.09609754,2.801570642,4.425177105,6.51179429,3.231024434,21.52189464,23.58766297,11.96808997,4.995011789,2.97797188,0.002022538,0.00256753,1,0.3,0.2,1.000003369,1.342764709,1.548423535,1.274211767,1.125788233,1.6,94.97731229,94.83208696,0.435675909,0.145225318,0.290450591,0.004587158,0.001529053,0.003058105,1091.12,138,0.999999991
COOK:8300010,COOK:8300010,COOK:Northfield Precinct 10,,,,,,,,,,0.705464466,0.073926782,0.018890516,0.179428415,0.008577236,0.000859997,0.4494,0.8932,0.1068,0.8218,0.0293,0,0,0.1317,0.117527376,0.112653119,0.027432763,0.128060012,0.106354988,0.168485925,0.183325053,0.082150507,0.074010256,0.040249162,0.009585339,0.017237168,7.83E-05,2.21E-05,0.046011291,3.21E-05,2.86E-05,0.12054511,5.58E-05,0.045950816,0.09186793,0.093891233,0.030787244,0.107291719,0.396366068,,-0.163069375,0.488372093,129,-0.1,100,0.121281465,437,56,151705,206.5432996,-0.640435866,0.901073502,-0.034452597,-0.613763747,-0.03629635,-0.096894677,-0.023807934,-0.557437496,-0.03629635,complete,COOK,Northfield Precinct 10,0,0,0,Northfield,1,0,0,332,221,147,175,132,88,0.17646,24.73584325,55,0.7895,33.52307973,74,0.03234,17.48596879,39,0.00094,7.10296468,16,0.00026,4.030833329,9,0.0004,6.409096281,14,0.0001,3.168978212,7,COOK:8300010,COOK:8300010,COOK:NORTHFIELD PRECINCT 10,1,68.24675456,4.479560461,4.479560461,4.479560461,4.479560461,4.875882671,4.479560461,4.479560461,19.15449758,24.8468281,12.86287207,5.32449508,3.222213154,5.57128078,2.575461581,24.57993923,33.25543654,17.42637639,7.075781186,3.983894199,6.385857012,3.10603864,16.83528305,26.73323936,16.2871168,8.613497867,2.934476414,0.004526108,0.006022584,1,0.3,0.2,1.000000945,1.000004079,1.000006526,1.000003263,1.399996737,1.003778087,323.8008237,323.2062236,1.15609373,0.802160566,0.353933164,0.003570385,0.002477327,0.001093058,1596.58,221,1
COOK:8300012,COOK:8300012,COOK:Northfield Precinct 12,,,,,,,,,,0.854216342,0.037090513,0.008951227,0.078015216,0.010864101,0.000642056,0.5273,0.8263,0.1737,0.5398,0.0881,0,0.1155,0.2053,0.216607475,0.106153112,0.056140713,0.079477837,0.185115958,0.099986742,0.107777743,0.093837934,0.054902485,0.013572731,0.014796633,0.028376604,0.001265869,0.011109416,2.53E-05,0.013633184,0.028365818,0.035805942,0.034596886,0.028401208,0.104939778,0.055537845,0.092587564,0.140668863,0.396316375,,-0.340978038,0.572016461,243,-0.301470588,272,-0.020277481,937,50.7,163146,373.8582315,-1.398357769,1.414513901,-0.741569043,-1.064107372,-0.381701198,-0.447380071,-0.440538993,-0.034349193,-0.381701198,complete,COOK,Northfield Precinct 12,0,0,0,Northfield,1,0,0,624,416,277,302,227,151,0.17342,24.59056422,102,0.79132,33.41297113,139,0.03358,17.6257729,73,0.0008,7.246380136,30,0.00022,4.109901025,17,0.00046,6.428123244,27,0.0002,3.141641699,13,COOK:8300012,COOK:8300012,COOK:NORTHFIELD PRECINCT 12,1,79.63512287,2.445892268,2.445892268,2.445892268,2.445892268,5.689523524,2.445892268,2.445892268,19.04057335,24.77599061,12.97350674,5.453297697,3.251811155,5.568743172,2.572067112,24.40075075,33.11942318,17.55272754,7.237994115,4.019384905,6.381858966,3.101183732,16.72135883,26.66240187,16.39775147,8.742300484,2.964074415,0.001988499,0.002628114,1,0.3,0.2,1.00036095,1.000009719,1.00001555,1.000007775,1.399992225,1.078151947,456.5389704,455.7694794,3.457300836,1.536608444,1.920692391,0.007572849,0.003365777,0.004207072,2439.82,416,1
COOK:8300013,COOK:8300013,COOK:Northfield Precinct 13,,,,,,,,,,0.686532359,0.043934632,0.007901563,0.250366131,0.006758821,0.002250785,0.5475,0.9531,0.0469,0.7855,0.075,0,0,0.1369,0.182032013,0.101202522,0.052438004,0.170088843,0.143497221,0.109537971,0.18383732,0.048890286,0.008475819,2.65E-05,0.016525604,0.016521188,0.005525533,0.066021212,1.74E-05,0.030300528,0.052257232,0,0.093598347,0.013898214,0.008489695,0.052356447,0.046910086,0.143134065,0.454417968,,-0.332134283,0.591836735,98,-0.032786885,122,0,466,47.9,184077,208.9207764,-1.360681832,1.536178152,0.201450318,-0.999598314,0.000550296,-0.155662919,0.071972943,-0.424835618,0.000550296,complete,COOK,Northfield Precinct 13,0,0,0,Northfield,1,0,0,327,218,145,160,120,80,0.17314,24.5831622,38,0.7913,33.460527,52,0.03376,17.62691824,27,0.00086,7.239362631,11,0.00022,4.071549532,6,0.00052,6.372544035,10,0.0002,3.173734486,5,COOK:8300013,COOK:8300013,COOK:NORTHFIELD PRECINCT 13,1,66.64105302,4.767324004,4.767324004,4.767324004,4.767324004,4.761163481,4.767324004,4.761163481,19.03865196,24.77307282,12.97148032,5.452324699,3.251504131,5.57255589,2.577604835,24.39838324,33.11583754,17.55021286,7.236799143,4.019668575,6.385686034,3.106735806,16.71943744,26.65948409,16.39572505,8.741327485,2.963767391,0.005801217,0.008165838,1,0.3,0.2,1.000000033,1.000000047,1.000000075,1.000000037,1.399999963,1.000044202,166.9579569,166.8353799,0.371853182,0.008244036,0.363609147,0.002227226,4.94E-05,0.002177849,897.85,160,0.962138441
COOK:8300019,COOK:8300019,COOK:Northfield Precinct 19,,,,,,,,,,0.837922325,0.03076394,0.014125324,0.112181672,0.002504202,1.04E-06,0.6128,0.7707,0.2293,0.699,0.1099,0,0,0.191,0.071913135,0.084998666,0.1600132,0.09190951,0.07048311,0.215734101,0.142024814,0.132241481,0.030681983,0.024142243,0.008059423,0.008075123,0.00806854,0.025509657,0.004021219,0.032184409,0.036221078,3.89E-05,0.085826043,0.021496783,0.089922768,0.057723917,0.091272309,0.305807246,0.201630352,,-0.279430206,0.448717949,156,-0.03030303,198,0.087440382,629,53.8,151216,272.5182816,-1.136153281,0.657661543,0.21016809,-0.721422898,-0.112804499,-0.247436636,-0.021283554,-0.417772384,-0.112804499,complete,COOK,Northfield Precinct 19,0,0,0,Northfield,1,0,0,492,328,219,201,151,101,0.17204,24.58055053,81,0.79266,33.44835001,110,0.03318,17.66058926,58,0.00112,7.264660661,24,0.00028,4.074013835,13,0.00058,6.418483216,21,0.00014,3.105531237,10,COOK:8300019,COOK:8300019,COOK:NORTHFIELD PRECINCT 19,1,71.33093902,3.928804843,3.928804843,3.928804843,3.928804843,5.096231926,3.928804843,3.928804843,19.04019246,24.77541219,12.97310503,5.453391217,3.251750291,5.569648968,2.573234239,24.40014374,33.11848997,17.55209402,7.23807391,4.019416719,6.382759372,3.10234547,16.72097794,26.66182346,16.39734976,8.742394004,2.964013551,0.002894295,0.003795242,1,0.3,0.2,1.000247121,1.000039136,1.000062617,1.000031308,1.399968692,1.297602344,192.3042364,191.9805891,1.4564127,0.647294533,0.809118167,0.007573482,0.003365992,0.00420749,1392.42,328,1
COOK:8300020,COOK:8300020,COOK:Northfield Precinct 20,,,,,,,,,,0.762725885,0.022303758,0.010702401,0.190888623,0.005353317,5.21E-07,0.5562,0.666,0.334,0.6898,0.1975,0.0061,0.0118,0.0947,0.055769516,0.070843672,0.059652095,0.080335498,0.064494252,0.163111308,0.093096979,0.17735452,0.235342159,0.039730212,0.012081451,0.020714731,0.022437447,0.008643562,0.008637102,0.012089601,0.031082207,2.49E-05,0.075983385,0.098391126,0.153626095,0.088040602,0.101886295,0.086390575,0.240240737,,-0.461731679,0.438596491,171,-0.11409396,149,0.026086957,575,66,104702,227.9405911,-1.91278932,0.59553225,-0.083919226,-0.916607481,-0.396558935,-0.579445944,-0.297453591,-0.447100049,-0.396558935,complete,COOK,Northfield Precinct 20,0,0,0,Northfield,1,0,0,426,284,189,191,144,96,0.20086,27.67002612,76,0.79034,35.70549901,98,0.00842,15.22672856,42,4.00E-05,4.352233018,12,8.00E-05,3.380126245,9,0.00018,6.411703547,18,8.00E-05,3.188074015,9,COOK:8300020,COOK:8300020,COOK:NORTHFIELD PRECINCT 20,1,79.9925803,2.382059611,2.382059611,2.382059611,2.382059611,5.715062035,2.382059611,2.382059611,21.05277389,26.04378081,11.05693937,3.198932587,2.736806551,5.571308089,2.57572521,27.62152003,35.58604711,15.33068846,4.348428348,3.385050344,6.410585476,3.131003424,18.73355937,27.93019208,14.4811841,6.487935374,2.449069811,0.004553416,0.006286213,1,0.3,0.2,1.000001084,1.000000016,1.000000025,1.000000013,1.399999987,1.000095255,876.3714705,875.4340342,3.748940317,0.469269294,3.279671024,0.004277798,0.000535468,0.00374233,2282.79,276,0.995922342
COOK:8300021,COOK:8300021,COOK:Northfield Precinct 21,,,,,,,,,,0.877096371,0.025897658,0.00647462,0.072572793,0.012926949,4.69E-06,0.4925,0.8434,0.1566,0.6557,0.1064,0,0.0031,0.2083,0.148382856,0.176025644,0.053721728,0.086728138,0.137188113,0.14150737,0.157487495,0.057994372,0.040964285,0.007901354,0.009462338,0.003165083,0.040970973,0.102418435,0.009481958,0.004729433,0.031525971,0.0221785,0.01577461,0.048887874,0.041052062,0.071012154,0.102462073,0.105647832,0.383329348,,-0.271789928,0.339712919,209,-0.347639485,233,-0.013398295,821,52.7,147311,339.6820021,-1.103604365,-0.011452079,-0.903611486,-1.042222514,-0.745223323,-0.765222611,-0.772901098,-0.501522919,-0.745223323,complete,COOK,Northfield Precinct 21,0,0,0,Northfield,1,0,0,582,388,259,274,206,137,0.52338,30.49385633,118,0.45548,29.68526806,115,0.01942,15.61287092,61,0.00074,6.002432573,23,0.0004,5.146701326,20,0.00036,6.492523205,25,0.00022,3.19878826,12,COOK:8300021,COOK:8300021,COOK:NORTHFIELD PRECINCT 21,1,86.1303985,1.28600394,1.28600394,1.28600394,1.28600394,6.153577854,1.28600394,1.28600394,21.82767212,20.43158376,10.45910852,3.959531935,3.78051564,5.568552843,2.571859909,30.12860022,29.4584307,15.52514916,5.933773938,5.085261858,6.481399709,3.200707602,19.5084576,22.31799503,13.88335325,7.248534722,3.4927789,0.00179817,0.002420912,1,0.3,0.2,1.000010689,1.00004006,1.000064096,1.000032048,1.399967952,1.074024491,547.9924196,547.507939,0.968961239,0.726720929,0.24224031,0.001768202,0.001326151,0.00044205,2098.77,388,1
COOK:8300023,COOK:8300023,COOK:Northfield Precinct 23,,,,,TRUE,,,,,0.913168374,0.017187297,2.36E-05,0.064364199,0.002635285,2.22E-06,0.6516,0.9525,0.0475,0.5468,0.0674,0,0.0041,0.3661,0.081282091,0.102144252,0.040622641,0.06704795,0.097710082,0.233713014,0.149272373,0.142633254,0.085574341,0.042721895,0.005695177,0.005734644,0.005722384,0.017093271,0.005733722,3.69E-05,0.005701945,3.59E-05,0.048445428,0.019952337,0.059961926,0.01998087,0.051332456,0.102546352,0.609304867,,-0.392151263,0.552941176,85,-0.482758621,116,-0.312217195,442,57.4,217939,180.6882391,-1.616364624,1.297422671,-1.37784926,-1.99285962,-0.898561172,-0.922412708,-0.989648482,-0.398123681,-0.898561172,complete,COOK,Northfield Precinct 23,0,0,0,Northfield,1,0,0,275,183,122,139,105,70,0.52682,30.86289491,56,0.4553,30.03928715,55,0.01652,15.28128153,28,0.00048,5.591965494,10,0.00034,5.051428711,9,0.00036,6.564706609,12,0.00018,3.242724987,6,COOK:8300023,COOK:8300023,COOK:NORTHFIELD PRECINCT 23,1,87.80676646,0.986647958,0.986647958,0.986647958,0.986647958,6.273345797,0.986647958,0.986647958,22.10389513,20.60585316,10.19654351,3.650131855,3.709928635,5.568190107,2.571512406,30.61166261,29.80624588,15.19818111,5.511335358,4.996346954,6.485114075,3.204437202,19.78468061,22.49226443,13.62078824,6.939134642,3.422191895,0.001435434,0.002073409,1,0.3,0.2,1.000130694,1.00000017,1.000000271,1.000000136,1.399999864,1.001400931,230.8787359,230.3236526,1.321163197,0.547584943,0.773578253,0.005722325,0.002371743,0.003350583,826.91,183,1
COOK:8300024,COOK:8300024,COOK:Northfield Precinct 24,,,,,,,,,,0.794070342,0.030805856,0.015917978,0.147500183,0.008510317,0.001060749,0.4975,0.6921,0.3079,0.5621,0.1725,0,0,0.2573,0.160718442,0.172071403,0.048489023,0.092056342,0.124399999,0.171991619,0.118858542,0.03962514,0.071789488,0.004702836,0.009382256,0.018736769,0.084374557,0.185192802,1.78E-05,8.90E-06,5.93E-05,0.009488757,5.66E-05,0.046948893,0.028216698,0.039999808,0.068137111,0.103265527,0.401411333,,-0.194159958,0.517857143,112,-0.142857143,112,-0.02016129,496,52.7,152264,205.9489304,-0.772887167,1.082063761,-0.184871529,-1.063737732,-0.176056603,-0.234858167,-0.166059275,-0.354001386,-0.176056603,complete,COOK,Northfield Precinct 24,0,0,0,Northfield,1,0,0,360,240,160,175,132,88,0.17676,24.56498186,59,0.78708,33.38247062,80,0.03448,17.64133471,42,0.00108,7.27545574,17,0.00024,4.043911498,10,0.0003,6.443850859,15,6.00E-05,3.200060994,8,COOK:8300024,COOK:8300024,COOK:NORTHFIELD PRECINCT 24,1,73.62488042,3.519166206,3.519166206,3.519166206,3.519166206,5.260122344,3.519166206,3.519166206,19.03979872,24.77481427,12.97268977,5.453298668,3.251687375,5.570486223,2.574394908,24.39960722,33.11767222,17.55152834,7.237947168,4.019465735,6.383596496,3.103506008,16.7205842,26.66122554,16.3969345,8.742301455,2.963950635,0.00373155,0.004955911,1,0.3,0.2,1.0000704,1.000045486,1.000072778,1.000036389,1.399963611,1.321050442,249.4046776,249.4046776,0,0,0,0,0,0,1099.55,240,1
COOK:8300025,COOK:8300025,COOK:Northfield Precinct 25,,,,,,,,,,0.570538838,0.195103697,0.030029762,0.199004162,0.002665307,1.14E-06,0.3764,0.8356,0.1644,0.7665,0.0861,0,0,0.1301,0.130585925,0.174208483,0.086762682,0.133347287,0.115770681,0.10445859,0.11721924,0.099507797,0.038139315,0.038449109,4.04E-05,0.010146241,0.042457713,3.84E-05,0.046505427,1.63E-05,0.026302401,0.05662484,0.04253967,0.038428982,0.042583229,0.103215413,0.139583364,0.141668866,0.271399668,,-0.249544506,0.418181818,110,-0.285714286,126,0.102974828,437,48.6,134430,201.7883459,-1.008834991,0.470219356,-0.686267967,-0.672002929,-0.44196493,-0.474221633,-0.484374197,-0.265065697,-0.44196493,complete,COOK,Northfield Precinct 25,0,0,0,Northfield,1,0,0,345,230,153,164,123,82,0.17322,24.59315739,57,0.79136,33.41163644,77,0.03342,17.60165919,40,0.00112,7.230234253,17,0.00024,4.031347313,9,0.00052,6.421500265,15,0.00012,3.125777597,7,COOK:8300025,COOK:8300025,COOK:NORTHFIELD PRECINCT 25,1,81.02832719,2.197101989,2.197101989,2.197101989,2.197101989,5.789060871,2.197101989,2.197101989,19.03922455,24.77394234,12.97208421,5.453775536,3.251595627,5.572027542,2.576235609,24.39853072,33.11600463,17.550415,7.238438837,4.01948504,6.385120033,3.105328927,16.72001003,26.66035361,16.39632894,8.742778323,2.963858887,0.00527287,0.006796612,1,0.3,0.2,1.000000381,1.000002368,1.000003789,1.000001895,1.399998105,1.001498119,320.9546796,318.4686552,3.48109863,0.994418695,2.486679935,0.010846075,0.003098315,0.00774776,1252.3,230,1
COOK:8300030,COOK:8300030,COOK:Northfield Precinct 30,,,,,,,,,,0.889661019,0.026998243,0.010117714,0.056377688,0.008987366,0.001125379,0.4684,0.8667,0.1333,0.5216,0.1828,0,0.0106,0.2828,0.158796272,0.187151351,0.065650093,0.070266686,0.101685139,0.168812751,0.175602668,0.0527786,0.019256442,0.007225405,3.38E-05,0.00240346,0.021541198,0.06451726,9.12E-05,3.96E-05,2.90E-07,0.10275051,0.033483196,0.043116834,0.057390879,0.083755906,0.064585991,0.071802578,0.447261868,,-0.362284761,0.606741573,178,-0.402985075,201,-0.022364217,626,53.8,163276,242.7998212,-1.489128122,1.627669619,-1.097862058,-1.070745937,-0.468390018,-0.507516624,-0.586459105,-0.472402813,-0.468390018,complete,COOK,Northfield Precinct 30,0,0,0,Northfield,1,0,0,450,300,200,193,145,97,0.51816,30.45413567,91,0.46076,29.73575962,89,0.0195,15.63249216,47,0.00068,5.995003108,18,0.0003,5.176382785,16,0.00046,6.549740382,20,0.00014,3.221936725,10,COOK:8300030,COOK:8300030,COOK:NORTHFIELD PRECINCT 30,1,81.59348399,2.096179594,2.096179594,2.096179594,2.096179594,5.829438442,2.096179594,2.096179594,21.82785266,20.43185794,10.45929893,3.959811977,3.78054449,5.568293342,2.571385218,30.12869916,29.45864158,15.52530979,5.934120933,5.085195435,6.481131797,3.200224499,19.50863814,22.3182692,13.88354366,7.248814764,3.49280775,0.001538669,0.00194622,1,0.3,0.2,1.000026947,1.000011709,1.000018735,1.000009367,1.399990633,1.067732734,402.8270423,402.8267547,0.001978396,0.000531536,0.001446861,4.91E-06,1.32E-06,3.59E-06,1524.66,300,1
COOK:8300031,COOK:8300031,COOK:Northfield Precinct 31,,,,,,,,,,0.839607617,0.055223063,0.006905356,0.089815647,0.007667029,0.001536561,0.4163,0.9116,0.0884,0.6504,0.1133,0,0.0006,0.1607,0.176953146,0.172152292,0.094316125,0.109414007,0.147385541,0.093531795,0.085799555,0.087730615,0.032716924,7.06E-05,1.77E-06,0.001510535,0.014978411,0.011969499,0.007541128,0.112117125,0.003008185,0.073240299,0.028538737,0.040409307,0.163081406,0.006214798,0.079332168,0.101714246,0.356271789,,-0.206013338,0.433070866,127,-0.253012048,166,-0.087323944,710,46.4,136760,289.1606194,-0.823384631,0.561613899,-0.571490467,-1.277403304,-0.50247671,-0.527666126,-0.511241578,-0.366493713,-0.50247671,complete,COOK,Northfield Precinct 31,0,0,0,Northfield,1,0,0,465,310,207,241,181,121,0.51646,30.4121544,94,0.4624,29.77525126,92,0.01958,15.54816462,48,0.00064,5.984098704,19,0.00034,5.105666511,16,0.00032,6.584006921,20,0.00026,3.268413148,10,COOK:8300031,COOK:8300031,COOK:NORTHFIELD PRECINCT 31,1,82.28382077,1.972903291,1.972903291,1.972903291,1.972903291,5.878759486,1.972903291,1.972903291,21.82747989,20.43129185,10.45890578,3.9594631,3.780484924,5.568949215,2.572420833,30.12835024,29.45803854,15.52487521,5.933684829,5.085306678,6.481797621,3.201270066,19.50826537,22.31770312,13.88315051,7.248465887,3.492748184,0.002194542,0.002981836,1,0.3,0.2,1.000294927,1.000001851,1.000002961,1.000001481,1.399998519,1.015037245,335.7950131,334.6095893,1.39543873,0.239996823,1.155441907,0.004155627,0.000714712,0.003440914,2111.52,310,1
COOK:8300035,COOK:8300035,COOK:Northfield Precinct 35,,,,,,,,,,0.832084247,0.029302395,0.012684376,0.106413096,0.002931313,0.000976102,0.584,0.9675,0.0325,0.6613,0.0808,0,0.008,0.2498,0.092244366,0.175544882,0.073882757,0.080696837,0.178911443,0.1464731,0.157923667,0.061750056,0.032572892,3.06E-05,4.03E-06,1.21E-05,1.09E-05,1.85E-05,0.018584911,5.39E-05,0.00413178,3.97E-05,0.020685354,0.035115501,0.033158522,0.004143675,0.14866407,0.132192026,0.603154497,,-0.316300427,0.352380952,105,-0.127819549,133,-0.156626506,581,50.9,217102,249.0406979,-1.293226846,0.066309043,-0.132092956,-1.497876597,-0.59810845,-0.714221839,-0.481682674,-0.454482695,-0.59810845,complete,COOK,Northfield Precinct 35,0,0,0,Northfield,1,0,0,380,253,169,201,151,101,0.51614,30.42421169,77,0.46152,29.74515825,75,0.0208,15.63054563,40,0.00074,5.965819624,15,0.00034,5.081920775,13,0.00026,6.557777084,17,0.0002,3.26953794,8,COOK:8300035,COOK:8300035,COOK:NORTHFIELD PRECINCT 35,1,84.00675702,1.665231414,1.665231414,1.665231414,1.665231414,6.001854497,1.665231414,1.665231414,21.82729486,20.43101087,10.45871064,3.959682302,3.780455357,5.569480227,2.573029875,30.12792958,29.45745239,15.52448339,5.933948009,5.085317576,6.482320887,3.201871362,19.50808034,22.31742214,13.88295537,7.248685089,3.492718617,0.002725554,0.003590877,1,0.3,0.2,1.001567155,1.000000978,1.000001565,1.000000782,1.399999218,1.011902689,484.361179,482.6557564,1.705641471,0.000156031,1.70548544,0.003521425,3.22E-07,0.003521103,1445.71,253,0.999999319
COOK:8300037,COOK:8300037,COOK:Northfield Precinct 37,,,,,TRUE,,,,,0.860257946,0.03065139,0.005413992,0.097357431,0.000904086,1.18E-06,0.5526,0.9204,0.0796,0.634,0.0742,0,0.006,0.2629,0.134430091,0.139489655,0.038042803,0.149583593,0.110986625,0.194672842,0.133792315,0.05776073,0.041241348,0.038570256,0.004830571,0.043381889,0.004830571,0.019313121,0.028917674,0.012851915,2.53E-06,0.032126467,0.049841174,0.020904546,0.171907317,0.014490763,0.088382686,0.083645993,0.386002531,,-0.260122417,0.44966443,149,-0.28342246,187,0.026143791,612,52.3,141415,268.3576972,-1.053898735,0.663471397,-0.678224173,-0.916426675,-0.45870209,-0.496269546,-0.495093015,-0.377271539,-0.45870209,complete,COOK,Northfield Precinct 37,0,0,0,Northfield,1,0,0,461,307,205,209,157,105,0.51532,30.4002076,93,0.4631,29.76649032,91,0.02002,15.54815175,48,0.0006,6.01417236,18,0.0005,5.109136869,16,0.00028,6.558079978,20,0.00018,3.322595602,10,COOK:8300037,COOK:8300037,COOK:NORTHFIELD PRECINCT 37,1,81.38939853,2.132623982,2.132623982,2.132623982,2.132623982,5.814857577,2.132623982,2.132623982,21.82739582,20.43116418,10.45881711,3.959343607,3.780471489,5.569075777,2.572644532,30.12829729,29.45793236,15.52479551,5.933536584,5.085336379,6.481927747,3.201497329,19.50818129,22.31757544,13.88306184,7.248346394,3.492734749,0.002321104,0.003205535,1,0.3,0.2,1.00030615,1.000000083,1.000000134,1.000000067,1.399999933,1.000889136,202.4356112,202.0365923,1.330063148,0.665031574,0.665031574,0.006570302,0.003285151,0.003285151,823.12,307,1
COOK:8300038,COOK:8300038,COOK:Northfield Precinct 38,,,,,,,,,,0.761446514,0.067802075,0.027111859,0.124433575,0.010174724,0.00338899,0.4909,0.9397,0.0603,0.6975,0.0603,0,0.0061,0.1863,0.117849054,0.148422118,0.071783921,0.118766292,0.115885277,0.116924791,0.19824284,0.076625427,0.035500279,7.79E-05,0.021574992,4.06E-05,0.024245986,0.013455178,0.024292585,0.013509181,0.078069089,0.027055089,0.02154199,0.051201522,0.056661772,0.121236818,0.088897976,0.059333027,0.398806366,,-0.148637322,0.404958678,121,-0.064220183,109,0.037558685,426,53.5,138228,186.9291157,-0.578952805,0.38905078,0.091126512,-0.880112299,-0.177714021,-0.244721953,-0.110544328,-0.31341187,-0.177714021,complete,COOK,Northfield Precinct 38,0,0,0,Northfield,1,0,0,305,203,135,155,117,78,0.17404,24.58149757,50,0.79006,33.42912777,68,0.0345,17.57211742,36,0.00072,7.28236207,15,0.0003,4.033889973,8,0.00024,6.478036309,13,0.00014,3.100122771,6,COOK:8300038,COOK:8300038,COOK:NORTHFIELD PRECINCT 38,1,73.68197707,3.50897022,3.50897022,3.50897022,3.50897022,5.264201608,3.50897022,3.50897022,19.04005587,24.77520477,12.97296098,5.454017081,3.251728466,5.570283944,2.573796174,24.39964132,33.11769536,17.55158761,7.238757453,4.019377629,6.383375386,3.102888442,16.72084135,26.66161604,16.39720571,8.743019868,2.963991726,0.003529271,0.004357176,1,0.3,0.2,1.000001418,1.000032541,1.000052065,1.000026033,1.399973967,1.010385882,244.5148158,244.1126524,0.804326139,0.60324388,0.201082259,0.003289478,0.002467106,0.000822372,836.19,203,1
COOK:8300039,COOK:8300039,COOK:Northfield Precinct 39,,,,,,,,,,0.697741653,0.023066854,0.006798363,0.262907237,0.005423397,1.18E-06,0.387,0.6906,0.3094,0.8014,0.0141,0,0.0176,0.167,0.108082825,0.104159942,0.056016315,0.083338695,0.206969178,0.040425216,0.158851491,0.149706617,0.09244972,1.69E-05,0.030778955,1.58E-05,0.003864001,3.44E-05,0.034622957,1.69E-05,4.50E-06,0.046149188,0.238344347,4.14E-05,0.073108925,0.130746974,0.084632273,0.119247208,0.238375366,,-0.135391032,0.233333333,60,-0.078947368,76,0.09352518,278,58.3,113959,136.1105485,-0.522521302,-0.664449744,0.039437406,-0.702065238,-0.406203849,-0.462399719,-0.305836424,-0.624845398,-0.406203849,complete,COOK,Northfield Precinct 39,0,0,0,Northfield,1,0,0,200,133,89,110,83,55,0.1791,25.16720231,33,0.79272,33.8431559,45,0.02688,17.17944884,23,0.00068,6.742371559,9,0.00018,3.934822735,5,0.0003,6.388406377,8,0.00014,3.179209002,4,COOK:8300039,COOK:8300039,COOK:NORTHFIELD PRECINCT 39,1,80.2196435,2.341511994,2.341511994,2.341511994,2.341511994,5.731284543,2.341511994,2.341511994,19.41819296,25.01228985,12.61017328,5.0271861,3.154404553,5.572804711,2.577994558,24.99654497,33.57401874,17.13781784,6.700271086,3.901890557,6.390794662,3.111985337,17.09897844,26.89870112,16.034418,8.316188886,2.866667813,0.006050038,0.008555561,1,0.3,0.2,1.000000004,1.000000829,1.000001327,1.000000663,1.399999337,1.000023616,385.6812064,385.1860088,4.449360081,2.965828087,1.483531994,0.011536367,0.007689843,0.003846524,874.21,133,1
COOK:8300004,COOK:8300004,COOK:Northfield Precinct 4,,,,,,,,,,0.631074769,0.067160069,0.031484466,0.260321577,0.020710951,0.005797496,0.3904,0.7148,0.2852,0.7553,0.0298,0,0.0015,0.2003,0.169486905,0.137682775,0.059882113,0.091150067,0.109053737,0.134933284,0.170804599,0.063211877,0.063794644,0.054177653,0.05972788,0.033606027,0.044862845,0.001866496,0.041134158,0.085858827,0.056034573,0.028071096,0.024331385,0.042988701,0.087788917,0.078534394,0.106583959,0.031931274,0.222501813,,-0.072330708,0.404255319,94,-0.25,104,0.014925373,469,54.8,82786,221.4025298,-0.253873334,0.3847333,-0.560918856,-0.952115998,-0.376248275,-0.345543722,-0.419323301,-0.375966459,-0.376248275,complete,COOK,Northfield Precinct 4,0,0,0,Northfield,1,0,0,345,230,153,182,137,91,0.17492,24.55772704,56,0.78906,33.42874984,77,0.03422,17.65906856,41,0.00084,7.282957977,17,0.00018,4.069120957,9,0.00056,6.459063475,15,0.00022,3.124914892,7,COOK:8300004,COOK:8300004,COOK:NORTHFIELD PRECINCT 4,1,79.50156431,2.469742374,2.469742374,2.469742374,2.469742374,5.679981446,2.469742374,2.469742374,19.03854097,24.77290428,12.97136327,5.453526654,3.251486397,5.573434936,2.578229322,24.39764167,33.11465343,17.54947449,7.238121271,4.019577649,6.386529734,3.107324947,16.71932645,26.65931555,16.395608,8.742529441,2.963749657,0.006680263,0.008790325,1,0.3,0.2,1.000000294,1.000019417,1.000031067,1.000015533,1.399984467,1.002166751,659.8488405,658.6188241,4.054703695,1.67777852,2.376925175,0.006144898,0.002542671,0.003602227,2603.35,230,1
COOK:8300041,COOK:8300041,COOK:Northfield Precinct 41,,,,,,,,,,0.744936846,0.045281757,0.008581798,0.188954058,0.001229398,0.001224624,0.5009,0.9687,0.0313,0.6277,0.1064,0,0,0.2488,0.152218259,0.141753477,0.022968641,0.061591313,0.177211128,0.107439783,0.174091345,0.121989086,0.040736969,0.026613221,0.01183658,0.026618331,1.39E-05,0.01480954,1.81E-05,1.25E-05,1.97E-05,0.0147714,0.014849916,0.01781305,0.109451705,0.041464491,0.059192703,0.186304182,0.476210723,,-0.437287091,0.605633803,142,-0.264705882,136,0.065606362,503,56.5,193615,201.4911613,-1.808651116,1.620869713,-0.612533194,-0.790883798,-0.278187807,-0.397799599,-0.321134526,-0.440877641,-0.278187807,complete,COOK,Northfield Precinct 41,0,0,0,Northfield,1,0,0,357,238,159,164,123,82,0.17706,24.84353347,59,0.79128,33.65609623,80,0.03024,17.38910452,41,0.00074,7.000105332,17,0.00014,4.03011716,10,0.0004,6.376526017,15,0.00014,3.135018476,7,COOK:8300041,COOK:8300041,COOK:NORTHFIELD PRECINCT 41,1,76.87025141,2.939626838,2.939626838,2.939626838,2.939626838,5.491987555,2.939626838,2.939626838,19.21191878,24.88294401,12.80803892,5.259499893,3.207487513,5.571205875,2.575635579,24.67064656,33.32505754,17.3640878,6.993910762,3.96612221,6.386533891,3.106964421,16.89270426,26.76935527,16.23228365,8.54850268,2.919750773,0.004451202,0.006196582,1,0.3,0.2,1.000000208,1.000000096,1.000000154,1.000000077,1.399999923,1.000188186,218.7893221,218.5545933,0.938861982,0.117337927,0.821524054,0.004291169,0.000536306,0.003754864,979.3,238,0.999672886
COOK:8300042,COOK:8300042,COOK:Northfield Precinct 42,,,,,,,,,,0.458052553,0.401320317,0.040389796,0.09773935,0.037898949,0.003728212,0.4667,0.7531,0.2469,0.7185,0.0256,0,0.0328,0.2211,0.050537573,0.159398832,0.071794968,0.096744946,0.064555355,0.100484252,0.184329655,0.192290984,0.079863435,0.031157145,1.46E-05,0.014024715,0.088713151,0.001564654,0.043586917,0.048248315,0.043588413,1.13E-06,0.07787173,0.034333065,0.127717844,0.121459279,0.076339817,0.104345344,0.187033877,,-0.380172871,0.549295775,142,-0.202702703,148,-0.055319149,470,62.2,97882,207.732038,-1.565334587,1.275045837,-0.394915983,-1.175585963,-0.348155814,-0.465197674,-0.334099475,0.125327365,-0.348155814,complete,COOK,Northfield Precinct 42,0,0,0,Northfield,1,0,0,330,220,147,165,124,83,0.18454,25.8018799,57,0.7947,34.32865692,76,0.0199,16.68359973,37,0.0003,6.139155596,14,0.00012,3.814271525,8,0.00034,6.44638039,14,0.0001,3.122177794,7,COOK:8300042,COOK:8300042,COOK:NORTHFIELD PRECINCT 42,1,78.79286924,2.596296995,2.596296995,2.596296995,2.596296995,5.629348797,2.596296995,2.596296995,19.86874797,25.29804799,12.18529027,4.527564262,3.039971137,5.570058871,2.573107448,25.71054776,34.12207175,16.64843868,6.064529334,3.761149204,6.393768529,3.112817933,17.54953345,27.18445926,15.609535,7.816567049,2.752234397,0.003304198,0.00366845,1,0.3,0.2,1.000012401,1.000000156,1.00000025,1.000000125,1.399999875,1.001098325,532.2333135,530.3640773,5.222285474,3.737846662,1.484438812,0.009812023,0.007022948,0.002789075,2557.64,220,1
COOK:8300044,COOK:8300044,COOK:Northfield Precinct 44,,,,,,,,,,0.824696212,0.064578905,0.0081,0.086474402,0.010759794,0.005374087,0.4511,0.8991,0.1009,0.8243,0.0273,0,0,0.131,0.118031814,0.114334885,0.030478364,0.129390949,0.100019602,0.161987711,0.190307181,0.080105711,0.075343783,0.038863494,0.008999044,0.023864659,7.77E-05,5.21E-05,0.041890721,7.77E-05,0,0.116259556,2.16E-05,0.038790857,0.092453634,0.09257285,0.035845431,0.107395476,0.402835116,,-0.240156578,0.479674797,123,0.008,125,0.140186916,428,56.3,154763,172.9614394,-0.968840782,0.847686248,0.34460311,-0.553619548,0.048801646,-0.082542743,0.134230817,-0.699001554,0.048801646,complete,COOK,Northfield Precinct 44,0,0,0,Northfield,1,0,0,320,213,142,140,105,70,0.1774,24.82233647,53,0.79034,33.61344303,72,0.03042,17.39569735,37,0.00086,7.05876695,15,0.00034,4.063431976,9,0.00054,6.459199574,14,0.0001,3.122507064,7,COOK:8300044,COOK:8300044,COOK:NORTHFIELD PRECINCT 44,1,64.80257779,5.187558921,5.187558921,5.187558921,5.187558921,4.6298138,5.187558921,4.6298138,19.19005028,24.87016805,12.83113229,5.28577796,3.213553538,5.568908022,2.572328607,24.63584075,33.29946858,17.39058259,7.027047419,3.97309266,6.383934888,3.103356299,16.87083576,26.75657932,16.25537702,8.574780746,2.925816798,0.002153349,0.002889609,1,0.3,0.2,1.000003831,1.000010942,1.000017507,1.000008753,1.399991247,1.017707005,223.2974534,222.9304267,0.735333782,0.550631463,0.184702319,0.003293068,0.00246591,0.000827158,1111.64,213,1
COOK:8300045,COOK:8300045,COOK:Northfield Precinct 45,,,,,,,,,,0.749221375,0.05583891,0.006823314,0.186723413,0.001366329,5.30E-07,0.4582,0.7526,0.2474,0.6433,0.1357,0,0,0.2115,0.11655254,0.178794127,0.060546462,0.088573765,0.186941753,0.120209962,0.148096216,0.071349833,0.028935344,0.011322951,0.014153526,0.008492376,0.011322691,0.008496186,1.87E-05,0.082097033,0.01133464,4.43E-05,0.062291739,0.051037468,0.118906645,0.002857816,0.082128214,0.053911043,0.481584641,,-0.478847222,,,-0.379310345,145,,,48.9,182921,178.6079468,-1.985704515,,-1.014769081,,,,,-0.430872758,-0.430872758,demographic_only,COOK,Northfield Precinct 45,0,0,0,Northfield,1,0,0,282,188,125,138,104,69,0.17294,24.56409444,46,0.79108,33.43283928,63,0.03396,17.67597497,33,0.00102,7.266663397,14,0.00038,4.085652314,8,0.00052,6.396568952,12,0.0001,3.162847802,6,COOK:8300045,COOK:8300045,COOK:NORTHFIELD PRECINCT 45,1,80.78299494,2.240911988,2.240911988,2.240911988,2.240911988,5.771533132,2.240911988,2.240911988,19.03936146,24.77415025,12.9722286,5.452605987,3.251617504,5.571107152,2.575541077,24.39929497,33.11722216,17.55117821,7.237154152,4.019570472,6.384234239,3.104668991,16.72014693,26.66056152,16.39647333,8.741608774,2.963880764,0.004352479,0.006102079,1,0.3,0.2,1.00000001,1.000000036,1.000000058,1.000000029,1.399999971,1.000018582,192.6704818,192.5274775,0.429110422,0.000195128,0.428915294,0.002227173,1.01E-06,0.00222616,1501.29,188,0.999226761
COOK:8300048,COOK:8300048,COOK:Northfield Precinct 48,,,,,,,,,,0.693011289,0.015596377,0.007266496,0.271676658,0.005187854,1.26E-06,0.5111,0.9529,0.0471,0.7042,0.0741,0,0,0.1939,0.157798026,0.145539397,0.015751202,0.054999345,0.184777963,0.122023632,0.154344706,0.125515734,0.039249994,0.024694449,0.009899044,0.03455486,2.18E-06,0.019766692,0,1.11E-05,2.15E-05,0.012338461,0.022276174,2.49E-05,0.133259655,0.049416941,0.027245429,0.172800601,0.493687971,,-0.396274694,0.339805825,103,-0.438596491,114,-0.012096774,496,55.8,198174,208.6235918,-1.633931159,-0.010881787,-1.222850117,-1.038081965,-0.935328153,-0.976436257,-0.984610925,-0.454368665,-0.935328153,complete,COOK,Northfield Precinct 48,0,0,0,Northfield,1,0,0,332,221,147,180,135,90,0.51684,30.60317902,68,0.46304,29.84349854,66,0.0188,15.42976118,34,0.00044,5.875794931,13,0.0004,5.134356869,11,0.00038,6.496974872,14,0.0001,3.291578231,7,COOK:8300048,COOK:8300048,COOK:NORTHFIELD PRECINCT 48,1,88.14283872,0.926634139,0.926634139,0.926634139,0.926634139,6.297356447,0.926634139,0.926634139,21.91749631,20.48625654,10.36921371,3.855481077,3.756627083,5.573013239,2.578283044,30.28646809,29.56964375,15.41320362,5.792041492,5.056218709,6.487238445,3.208509077,19.59828179,22.37266781,13.79345843,7.144483863,3.468890343,0.006258566,0.008844046,1,0.3,0.2,1.000000172,1.000000272,1.000000435,1.000000217,1.399999783,1.00030731,248.8502878,248.5833365,1.067680848,0.133413433,0.934267414,0.004290455,0.000536119,0.003754335,1356.37,221,1
COOK:8300005,COOK:8300005,COOK:Northfield Precinct 5,,,,,,,,,,0.696198299,0.038055036,0.011043536,0.236364318,0.008560564,0.001221762,0.3772,0.8349,0.1651,0.7669,0.0858,0,0,0.1301,0.12592885,0.172136173,0.089532687,0.13292343,0.117118835,0.107337918,0.120115179,0.095479053,0.039427875,0.033798618,3.41E-05,0.005674865,0.047877624,3.70E-05,0.050666936,0.000161353,0.028232738,0.050655518,0.047910073,0.042254798,0.045115373,0.098578473,0.135137894,0.140767532,0.273097148,,-0.136895762,0.580246914,81,-0.24137931,87,0.069767442,387,48.6,134065,184.2544543,-0.528931714,1.465035498,-0.530662174,-0.777646091,-0.093224166,-0.09305112,-0.180746377,-0.532205569,-0.093224166,complete,COOK,Northfield Precinct 5,0,0,0,Northfield,1,0,0,236,157,105,136,102,68,0.17456,24.54660458,39,0.78836,33.36578838,52,0.03492,17.67356758,28,0.00104,7.306471284,11,0.00028,4.133290298,6,0.00058,6.45699542,10,0.00026,3.141827014,5,COOK:8300005,COOK:8300005,COOK:NORTHFIELD PRECINCT 5,1,70.57442611,4.063898492,4.063898492,4.063898492,4.063898492,5.042182935,4.063898492,4.063898492,19.03880805,24.77330986,12.97164495,5.452566403,3.251529074,5.572331317,2.577194331,24.39849738,33.11600253,17.55034047,7.237076079,4.019631655,6.385455619,3.106319459,16.71959353,26.65972113,16.39588968,8.74156919,2.963792334,0.005576645,0.007755334,1,0.3,0.2,1.000000183,1.00000527,1.000008433,1.000004216,1.399995784,1.001082717,296.4756481,294.1943932,3.196638647,0.911781509,2.284857138,0.010782129,0.003075401,0.007706728,1151.81,157,1
COOK:8300052,COOK:8300052,COOK:Northfield Precinct 52,,,,,,,,,,0.875860308,0.034022258,0.008710947,0.071651705,0.006540303,0.006502374,0.5716,0.8355,0.1645,0.594,0.2151,0,0,0.1889,0.076418456,0.075348498,0.027180237,0.039529994,0.11094645,0.141748363,0.192323138,0.203402666,0.133102199,0.024738325,4.17E-06,0.043901785,0.065932281,0.002746543,0.046700617,0.022003852,0.00827983,1.50E-06,0.137262333,0.019279516,0.07972452,0.115410997,0.063207627,0.016607079,0.354199025,,-0.417288024,0.680473373,169,-0.274725275,182,-0.001841621,543,64.5,110706,205.3545612,-1.723451606,2.080262969,-0.64769901,-1.005457091,-0.216510925,-0.324086184,-0.28123349,-0.468120205,-0.216510925,complete,COOK,Northfield Precinct 52,0,0,0,Northfield,1,0,0,383,255,170,164,123,82,0.18978,26.19463737,67,0.79254,34.62182958,88,0.01676,16.35001332,42,0.00036,5.667908838,14,0.0001,3.705140478,9,0.00036,6.492715736,17,0.0001,3.189409938,8,COOK:8300052,COOK:8300052,COOK:NORTHFIELD PRECINCT 52,1,74.97587164,3.277914097,3.277914097,3.277914097,3.277914097,5.356643778,3.277914097,3.277914097,20.13366482,25.46536464,11.93387971,4.229796046,2.972357716,5.568594625,2.571859054,26.13487613,34.44816598,16.3580609,5.683460635,3.677923416,6.395785433,3.115050689,17.8144503,27.3517759,15.35812444,7.518798832,2.684620976,0.001839952,0.002420057,1,0.3,0.2,1.000046307,1.000001889,1.000003022,1.000001511,1.399998489,1.013435289,274.0308995,273.060402,2.699115413,1.94099505,0.758120364,0.009849675,0.007083125,0.002766551,803.68,255,1
COOK:8300056,COOK:8300056,COOK:Northfield Precinct 56,,,,,,,,,,0.807809316,0.039024912,0.006489915,0.130863025,0.00146022,0.002159473,0.6549,0.8265,0.1735,0.7243,0.0332,0,0,0.2377,0.050589559,0.106523409,0.03874472,0.065634592,0.109169878,0.139351666,0.197921742,0.185571135,0.106493298,0.056246107,2.95E-06,2.54E-05,0.009798686,0.006495127,0.057321764,0.008678761,0.016239832,0,0.090896324,0.044345746,0.129815519,0.219506619,0.082225419,0.037939511,0.240462262,,-0.281759184,0.507853403,191,-0.076190476,210,0.069900143,701,62.6,109127,291.2409116,-1.146075133,1.020657066,0.049113477,-0.777223927,-0.093863268,-0.213382129,-0.041364147,-0.390788428,-0.093863268,complete,COOK,Northfield Precinct 56,0,0,0,Northfield,1,0,0,456,304,203,235,177,118,0.18666,26.01539236,79,0.79374,34.46860895,105,0.0186,16.6463934,51,0.00048,6.036797891,18,0.00016,3.701410893,11,0.00026,6.415107389,20,0.0001,3.132142695,10,COOK:8300056,COOK:8300056,COOK:NORTHFIELD PRECINCT 56,1,70.59947145,4.059426042,4.059426042,4.059426042,4.059426042,5.043972297,4.059426042,4.059426042,19.91440062,25.32650897,12.1411239,4.474067317,3.028145193,5.569852648,2.573737575,25.78444279,34.17908603,16.59817086,5.996419617,3.746891104,6.394213517,3.114099271,17.5951861,27.21292023,15.56536863,7.763070104,2.740408453,0.003097975,0.004298578,1,0.3,0.2,1.000079638,1.000000594,1.00000095,1.000000475,1.399999525,1.004345129,292.6914954,291.6340172,2.908152111,2.114906697,0.793245414,0.009935895,0.00722572,0.002710176,1040.18,304,1
COOK:8300057,COOK:8300057,COOK:Northfield Precinct 57,,,,,,,,,,0.724275873,0.027575487,0.013132299,0.220591023,0.011803025,1.01E-06,0.5817,0.8335,0.1665,0.8073,0.0468,0,0.0006,0.1388,0.154225972,0.069644172,0.088664772,0.14109468,0.122032292,0.091765088,0.168339333,0.096746378,0.067487313,0.030203347,0.040271887,0.02769602,0.002524699,0.0402933,0,0.012636628,0.025188984,2.56E-06,0.103232112,0.012611858,0.07053966,0.110735681,0.110771655,0.100765064,0.312526542,,-0.282255217,0.452631579,95,-0.097560976,82,0.104859335,391,52.9,130431,170.2867779,-1.14818832,0.681684867,-0.025892171,-0.666007718,-0.177371221,-0.289600836,-0.124629488,-0.411426096,-0.177371221,complete,COOK,Northfield Precinct 57,0,0,0,Northfield,1,0,0,248,165,110,135,102,68,0.17442,24.60508727,41,0.78934,33.38505871,55,0.03438,17.59886281,29,0.00102,7.323721757,12,0.0002,4.072201357,7,0.00048,6.367252612,11,0.00016,3.143442476,5,COOK:8300057,COOK:8300057,COOK:NORTHFIELD PRECINCT 57,1,73.67018029,3.51107682,3.51107682,3.51107682,3.51107682,5.263358789,3.51107682,3.51107682,19.0389839,24.77357689,12.9718304,5.452761489,3.251557172,5.572037909,2.5767132,24.39866308,33.11624834,17.55052062,7.23730269,4.01959665,6.385157848,3.105833966,16.71976937,26.65998816,16.39607513,8.741764276,2.963820432,0.005283236,0.007274203,1,0.3,0.2,1.000000069,1.000000478,1.000000765,1.000000383,1.399999617,1.000218187,413.0270735,412.7204143,0.920080532,5.16E-05,0.920028978,0.002227652,1.25E-07,0.002227527,1250.59,165,1
COOK:8300006,COOK:8300006,COOK:Northfield Precinct 6,,,,,,,,,,0.876005338,0.035414861,0.009376683,0.070857544,0.006251287,0.001041197,0.6007,0.9451,0.0549,0.5699,0.1068,0,0.0056,0.3153,0.178279413,0.106623606,0.017993783,0.094324568,0.176403618,0.135842523,0.158453725,0.052874225,0.07920454,1.32E-05,1.13E-05,2.03E-05,0.057525607,1.18E-05,7.13E-06,0.002629284,0.002641284,2.39E-05,0.020962544,0.06801698,0.007940951,0.115095185,0.089028701,0.162303541,0.473768357,,-0.420692987,0.44,100,-0.474285714,175,-0.248201439,556,53.9,191919,243.0970058,-1.737957341,0.604147513,-1.348111262,-1.789205323,-1.028796995,-1.067781603,-1.084862927,-0.382546407,-1.028796995,complete,COOK,Northfield Precinct 6,0,0,0,Northfield,1,0,0,386,257,171,197,148,99,0.51566,30.34595098,78,0.46398,29.78878635,77,0.01876,15.61770955,40,0.0006,5.987038131,15,0.00048,5.157018837,13,0.00036,6.545386831,17,0.00016,3.176979069,8,COOK:8300006,COOK:8300006,COOK:NORTHFIELD PRECINCT 6,1,88.90145899,0.791164168,0.791164168,0.791164168,0.791164168,6.351555998,0.791164168,0.791164168,21.82769124,20.4316128,10.45912868,3.959695492,3.780518695,5.568595472,2.571842052,30.12852625,29.45835516,15.52510607,5.933974369,5.0852397,6.481437118,3.200684524,19.50847672,22.31802407,13.88337341,7.248698278,3.492781956,0.001840799,0.002403054,1,0.3,0.2,1.002758183,1.000014829,1.000023727,1.000011863,1.399988137,1.197541205,539.2159017,538.307787,4.084210509,1.814911939,2.269298571,0.007574351,0.003365835,0.004208516,1105.21,257,1
COOK:8300007,COOK:8300007,COOK:Northfield Precinct 7,,,,,,,,,,0.74973343,0.04899809,0.012080887,0.181135808,0.008051029,0.002011903,0.5567,0.6145,0.3855,0.6865,0.1349,0,0,0.1786,0.086216626,0.220418138,0.031256335,0.052084494,0.209392271,0.115238238,0.089708749,0.064316822,0.131368327,0.017413997,0.018825199,1.55E-05,0.018845642,2.67E-05,0.040571589,0.018840974,5.03E-06,1.27E-05,0.037611592,0.134487409,0.024626917,0.091194429,0.069452352,0.115731956,0.412338031,,-0.410027744,0.45631068,206,-0.27753304,227,-0.032904149,699,52.5,162127,321.5537412,-1.692521548,0.704268564,-0.657553634,-1.104276783,-0.584024059,-0.68752085,-0.578030615,-0.379156023,-0.584024059,complete,COOK,Northfield Precinct 7,0,0,0,Northfield,1,0,0,572,381,254,248,186,124,0.51632,30.44705489,116,0.462,29.74973189,113,0.02018,15.55611642,59,0.00056,6.0075009,23,0.00032,5.11655291,19,0.0004,6.558670543,25,0.00022,3.217582913,12,COOK:8300007,COOK:8300007,COOK:NORTHFIELD PRECINCT 7,1,83.77155853,1.707231784,1.707231784,1.707231784,1.707231784,5.985050764,1.707231784,1.707231784,21.82646184,20.42974586,10.45783208,3.959252561,3.780322247,5.571129094,2.575428842,30.1269292,29.45584903,15.5233552,5.933401168,5.08552666,6.483980681,3.204281255,19.50724732,22.31615713,13.88207681,7.248255348,3.492585507,0.004374422,0.005989845,1,0.3,0.2,1.000010159,1.0000014,1.000002239,1.00000112,1.39999888,1.007816444,369.8571509,369.5933441,2.374261311,0.527613625,1.846647687,0.006419401,0.001426534,0.004992867,1848.06,381,1
COOK:8300008,COOK:8300008,COOK:Northfield Precinct 8,,,,,TRUE,,,,,0.847813171,0.024854514,0.012908922,0.09881168,0.008818463,0.001724891,0.624,0.9138,0.0862,0.5658,0.0595,0,0.0142,0.3511,0.090379715,0.085806816,0.025232726,0.085804675,0.082689649,0.256436189,0.130746085,0.149572211,0.093331934,0.050823298,0.005697431,0.014487201,0.007517991,0.020308006,0.005439759,0.003632318,0.003212747,0.011322282,0.066534776,0.013097694,0.086798111,0.018670229,0.048313785,0.084728333,0.55941604,,-0.416651194,0.579545455,176,-0.346153846,156,-0.150066401,753,57.4,210621,318.5818952,-1.720738599,1.46072968,-0.898397227,-1.477006836,-0.576619108,-0.658853245,-0.624527905,-0.344986439,-0.576619108,complete,COOK,Northfield Precinct 8,0,0,0,Northfield,1,0,0,546,364,243,201,151,101,0.5263,30.87512634,5,0.45628,30.07947595,5,0.01588,15.23177106,2,0.00052,5.555310316,1,0.00038,5.054324341,1,0.00044,6.560056738,1,0.0002,3.193793573,1,COOK:8300008,COOK:8300008,COOK:NORTHFIELD PRECINCT 8,1,83.64543906,1.729753461,1.729753461,1.729753461,1.729753461,5.976040171,1.729753461,1.729753461,22.10351111,20.60526999,10.19613849,3.650634222,3.709867271,5.569317036,2.572787934,30.6107529,29.80498884,15.19734938,5.511946937,4.996366659,6.48622338,3.205695104,19.78429658,22.49168126,13.62038322,6.939637009,3.422130531,0.002562363,0.003348937,1,0.3,0.2,1.000008033,1.000000005,1.000000008,1.000000004,1.399999996,1.000037541,813.6180494,812.4474845,3.902883381,1.951545182,1.951338199,0.004796948,0.002398601,0.002398347,2080.83,23,0.710156546
COOK:8300009,COOK:8300009,COOK:Northfield Precinct 9,,,,,TRUE,,,,,0.860155124,0.029654297,0.012712583,0.081941845,0.00283268,0.001413078,0.5585,0.9313,0.0687,0.6186,0.0584,0,0.004,0.2885,0.159669384,0.14043894,0.031746104,0.112567394,0.13755172,0.173369406,0.118395874,0.079988816,0.046272364,0.018569961,0.013217477,0.031724627,0.013220208,0.044941652,0.015859695,0.007931188,0,0.015859746,0.052922273,0.02643786,0.08995366,0.037007858,0.05818198,0.126929872,0.447241944,,-0.413110123,0.641025641,78,-0.440860215,93,-0.131313131,396,52.8,179218,162.8571628,-1.70565302,1.838118044,-1.230795279,-1.417346773,-0.581433483,-0.628919257,-0.701808687,-0.382192987,-0.581433483,complete,COOK,Northfield Precinct 9,0,0,0,Northfield,1,0,0,278,185,123,134,101,67,0.51454,30.39283736,56,0.46332,29.73059226,55,0.02064,15.6162013,29,0.00052,6.004766355,11,0.00032,5.170442279,10,0.00046,6.508982086,12,0.0002,3.24176336,6,COOK:8300009,COOK:8300009,COOK:NORTHFIELD PRECINCT 9,1,83.72763128,1.715076055,1.715076055,1.715076055,1.715076055,5.981912386,1.715076055,1.715076055,21.82756767,20.43142515,10.45899836,3.959814023,3.78049895,5.568935511,2.572242044,30.12826289,29.45798408,15.5248569,5.934116074,5.085250124,6.481772884,3.201080244,19.50835315,22.31783642,13.88324309,7.24881681,3.49276221,0.002180838,0.002803047,1,0.3,0.2,1.000081117,1.000000015,1.000000025,1.000000012,1.399999988,1.000153329,226.0607415,225.6151553,1.485287395,0.742643697,0.742643697,0.006570302,0.003285151,0.003285151,1002.51,185,1
COOK:9600011,COOK:9600011,COOK:Wheeling Precinct 11,,,,,,,,,,0.647542884,0.050614126,0.018970813,0.267932746,0.007474815,0.004022085,0.4003,0.8582,0.1418,0.7294,0.0708,0,0,0.1885,0.062236284,0.105215244,0.103238503,0.059866712,0.060778303,0.210806894,0.199869708,0.118609556,0.079378798,5.79E-05,0.011592845,0.024596618,0.01303608,0.044861735,0.021690835,0.036164629,0.018811818,1.39E-05,4.03E-05,0.069463985,0.040537493,0.138919991,0.22706202,0.16497863,0.188171276,,-0.10244668,0.223300971,103,-0.537313433,134,0.022375215,581,57.8,133831,296.8874191,-0.382172622,-0.726032132,-1.569324379,-0.928415703,-1.020201385,-0.901486209,-1.153769018,-0.494429924,-1.020201385,complete,COOK,Wheeling Precinct 11,0,0,0,Wheeling,1,0,0,372,248,165,249,187,125,0.52642,30.94365292,0,0.45614,30.08669471,0,0.01608,15.18074005,0,0.00052,5.512559331,0,0.00034,5.029627632,0,0.00038,6.610924209,0,0.00012,3.291042123,0,COOK:9600011,COOK:9600011,COOK:WHEELING PRECINCT 11,1,88.83700166,0.802674582,0.802674582,0.802674582,0.802674582,6.34695085,0.802674582,0.802674582,22.14764764,20.63142862,10.15037312,3.598540096,3.697799063,5.573255915,2.57831325,30.68895943,29.8591559,15.13989267,5.440614543,4.981933107,6.490854689,3.211912851,19.82843311,22.51783989,13.57461785,6.887542883,3.410062323,0.006501242,0.008874252,1,0.3,0.2,1,1.000000205,1.000000327,1.000000164,1.399999836,1.000001631,515.5162651,513.2158398,4.141370089,1.841952386,2.299417703,0.008033442,0.003573025,0.004460417,1888.45,0,0.433550983
COOK:9600012,COOK:9600012,COOK:Wheeling Precinct 12,,,,,,,,,,0.720900547,0.071912188,0.016634886,0.176166252,0.002250158,0.00497957,0.3541,0.9422,0.0578,0.8192,0.0132,0,0.0047,0.1629,0.082218038,0.111410223,0.088905564,0.169072462,0.095253325,0.140165605,0.165804637,0.076171561,0.070998584,0.016110289,0.004302247,0.006444167,0.003232991,0.012950506,0.012871315,0.011852008,0.010762893,0.02679323,0.046121049,0.07392123,0.122063544,0.136961036,0.179721407,0.248142952,0.087749138,,-0.237947613,0.2,145,-0.406896552,145,-0.096045198,708,52.5,127172,335.5214176,-0.959430207,-0.869062202,-1.111590462,-1.305148362,-1.076523834,-1.061307808,-1.086580364,-0.647586826,-1.076523834,complete,COOK,Wheeling Precinct 12,0,0,0,Wheeling,1,0,0,416,277,185,259,195,130,0.51642,30.44600687,84,0.46174,29.7539064,82,0.0201,15.63189408,43,0.00066,5.968111326,17,0.00046,5.154215108,14,0.00046,6.527639462,18,0.00016,3.229666419,9,COOK:9600012,COOK:9600012,COOK:WHEELING PRECINCT 12,1,89.24149731,0.730442115,0.730442115,0.730442115,0.730442115,6.375850002,0.730442115,0.730442115,21.82651724,20.42982999,10.45789051,3.959521341,3.7803311,5.57114521,2.575327449,30.12684423,29.45578009,15.52332242,5.933731164,5.085485615,6.483988304,3.20417137,19.50730272,22.31624126,13.88213524,7.248524128,3.49259436,0.004390537,0.005888452,1,0.3,0.2,1,1.000000007,1.00000001,1.000000005,1.399999995,1.000000467,603.0588281,601.7337058,7.760551618,5.464172012,2.296379606,0.012868648,0.009060761,0.003807887,2801.84,277,1
COOK:9600016,COOK:9600016,COOK:Wheeling Precinct 16,,,,,,,,,,0.454557033,0.450677607,0.023931453,0.073652227,0.041902682,6.30E-06,0.1268,0.6775,0.3225,0.9267,0.0131,0,0,0.0602,0.151522416,0.091842746,0.100013505,0.162093886,0.152369671,0.151493906,0.15274425,0.031405296,0.006514322,0.066827486,0.025535293,0.035460475,0.000130478,0.181664951,0.0568126,0.090962954,0.078026093,0.034227825,0.058432608,0.094207047,0.112355853,0.088367175,0.000260956,0.038427302,0.038300901,,0.512493224,0.133333333,30,0.090909091,22,0.407407407,162,46.3,42730,112.9301494,2.237578516,-1.278287125,0.63559537,0.29649306,0.312646641,0.472844955,0.345196723,-0.324871613,0.312646641,complete,COOK,Wheeling Precinct 16,0,0,0,Wheeling,1,0,0,143,95,63,87,66,44,0.19048,22.50833473,21,0.61342,29.00840297,28,0.19108,22.40298555,21,0.00282,8.041222951,8,0.0007,5.295346244,5,0.0013,6.43909932,6,0.0002,3.105929247,3,COOK:9600016,COOK:9600016,COOK:WHEELING PRECINCT 16,1,53.7248523,7.719682824,7.719682824,7.719682824,7.719682824,3.838366791,7.719682824,3.838366791,17.92580675,22.23666232,16.99587301,6.214312788,4.253643478,5.56906333,2.572119583,22.2959213,28.73450991,22.23667817,7.910230902,5.228436598,6.344244618,3.063301698,15.60659223,24.12307358,20.42011774,9.503315575,3.965906738,0.002308657,0.002680586,1,0.3,0.2,1,1.000000003,1.000000005,1.000000003,1.399999997,1.000000408,150.7546704,150.1554865,2.157062056,1.198367809,0.958694247,0.014308426,0.007949126,0.0063593,928.8,95,1
COOK:9600017,COOK:9600017,COOK:Wheeling Precinct 17,,,,,,,,,TRUE,0.472378325,0.171713979,0.02522323,0.323316003,0.015762567,0.000525979,0.3735,0.7043,0.2957,0.7231,0.0703,0,0,0.1568,0.139409742,0.111446566,0.082805081,0.220771074,0.168714144,0.09954949,0.117912694,0.052001208,0.007389999,0.036527567,0.000168671,0.047419443,0.01945834,0.015964884,0.047358892,0.007290931,0.007285935,0.040042503,0.058519412,0.041413618,0.116648186,0.18343588,0.204134853,0.070946498,0.103384384,,-0.025155048,0.084337349,83,-0.175,80,0.100257069,389,43.2,108436,212.4869917,-0.052896803,-1.57904279,-0.297685727,-0.680648977,-0.677047467,-0.652568574,-0.606070897,-0.006147819,-0.677047467,complete,COOK,Wheeling Precinct 17,0,0,0,Wheeling,1,0,0,294,196,131,168,126,84,0.49954,29.82583429,58,0.46864,29.39968712,58,0.0307,16.90041966,33,0.00028,5.411665504,11,0.0004,5.255104189,10,0.00028,6.515150633,13,0.00016,3.230998513,6,COOK:9600017,COOK:9600017,COOK:WHEELING PRECINCT 17,1,85.21773788,1.448981537,1.448981537,1.448981537,1.448981537,6.088372905,1.448981537,1.448981537,21.82487679,20.70479204,11.67316852,3.710020384,3.935150391,5.574664713,2.580177641,29.5567533,29.19188594,16.85431797,5.36655968,5.205485784,6.458403378,3.179917133,19.50566227,22.59120331,15.09741324,6.999023171,3.647413651,0.00791004,0.010738644,1,0.3,0.2,1,1,1,1,1.4,1,346.715378,345.5835202,3.622439441,0.905772534,2.716666907,0.010447876,0.002612438,0.007835438,1938.16,196,1
COOK:9600021,COOK:9600021,COOK:Wheeling Precinct 21,,,,,,,,,,0.821746624,0.029238798,0.019082113,0.121601349,0.003157559,4.18E-07,0.4059,0.9241,0.0759,0.738,0.0958,0.02,0.0132,0.1238,0.09966654,0.181481095,0.053733871,0.084313519,0.152484235,0.166137488,0.120087282,0.090631426,0.051464544,0.024149614,0.012801464,0.005712077,0.021581328,0.02359932,0.019305723,0.010270293,0.015933845,0.010232908,0.04996341,0.084899007,0.113952711,0.127500257,0.06563354,0.11869131,0.295773195,,-0.295669249,0.325842697,178,-0.386243386,189,-0.071688943,823,52.7,121098,349.7862786,-1.205334433,-0.096592686,-1.039102495,-1.227663438,-0.875550069,-0.892173263,-0.904935916,-0.542226777,-0.875550069,complete,COOK,Wheeling Precinct 21,0,0,0,Wheeling,1,0,0,489,326,217,145,109,73,0.51756,30.38560227,1,0.46114,29.71802939,1,0.01978,15.596345,0,0.00056,6.051486486,0,0.00036,5.122527451,0,0.00044,6.576431128,0,0.00016,3.234276922,0,COOK:9600021,COOK:9600021,COOK:WHEELING PRECINCT 21,1,87.58451943,1.026335532,1.026335532,1.026335532,1.026335532,6.25746738,1.026335532,1.026335532,21.82712554,20.43075374,10.45853206,3.959941927,3.780428301,5.569997065,2.573601499,30.1275074,29.45687286,15.52409833,5.934261005,5.085320877,6.482828728,3.202433988,19.50791102,22.31716501,13.88277679,7.248944713,3.492691561,0.003242392,0.004162501,1,0.3,0.2,1,1,1,1,1.4,1,395.0665614,394.3216564,2.482662275,1.163490954,1.319171321,0.006284162,0.00294505,0.003339112,1830.23,5,0.581645581
COOK:9600027,COOK:9600027,COOK:Wheeling Precinct 27,,,,,,,,,,0.736107867,0.115016505,0.027603969,0.120229865,0.009214605,0.000511491,0.4265,0.7521,0.2479,0.7608,0.0184,0,0,0.2069,0.041251,0.110414429,0.120327598,0.078449517,0.114369498,0.200435391,0.146817455,0.142008604,0.045926508,0.033329238,8.72E-06,0.029609784,0.01483477,0.065681313,0.019436144,0.007406448,0.069363751,0.030548795,0.0536905,0.062033196,0.129626182,0.103740191,0.122226843,0.069505331,0.188958791,,-0.281686937,0.319148936,188,-0.344978166,229,0.116644823,763,54.5,96997,322.1481104,-1.145767348,-0.137681493,-0.894270855,-0.628514366,-0.676408866,-0.701558516,-0.714951334,-0.42164506,-0.676408866,complete,COOK,Wheeling Precinct 27,0,0,0,Wheeling,1,0,0,527,351,234,262,197,131,0.51612,30.4341284,107,0.46304,29.73692307,104,0.0194,15.59250589,55,0.00048,5.997564158,21,0.00042,5.144877151,18,0.0004,6.510952443,23,0.00014,3.275441781,11,COOK:9600027,COOK:9600027,COOK:WHEELING PRECINCT 27,1,85.20863272,1.450607481,1.450607481,1.450607481,1.450607481,6.087722388,1.450607481,1.450607481,21.82714083,20.43077696,10.45854819,3.960402704,3.780430744,5.570203949,2.573667117,30.12724012,29.45657125,15.52391576,5.93482465,5.08526588,6.483020769,3.202484763,19.50792631,22.31718823,13.88279292,7.24940549,3.492694004,0.003449276,0.004228119,1,0.3,0.2,1,1,1,1,1.4,1,323.9434059,323.1238436,1.912852506,1.092434135,0.820418371,0.005904897,0.003372299,0.002532598,1536.77,351,1
COOK:9600028,COOK:9600028,COOK:Wheeling Precinct 28,,,,,,,,,,0.862018647,0.046881427,0.010559843,0.068653673,0.011219094,0,0.313,0.9126,0.0874,0.6817,0.0326,0,0.0006,0.28,0.102256218,0.147553933,0.045988222,0.109535458,0.097434047,0.149438558,0.10286489,0.143943533,0.100985142,0.046737248,2.52E-05,0.03632785,9.64E-06,0.070080913,0.01298873,5.60E-05,0.061005935,0.042844879,0.068799208,0.080508089,0.138948628,0.122109509,0.051981302,0.166161941,0.101414927,,-0.269833326,0.319148936,141,-0.448979592,196,-0.140783745,689,56.5,89505,301.6423728,-1.0952689,-0.137681493,-1.259292466,-1.447475781,-1.001332017,-0.98492966,-1.056204578,-0.709145869,-1.001332017,complete,COOK,Wheeling Precinct 28,0,0,0,Wheeling,1,0,0,429,286,191,232,174,116,0.52258,30.71174647,88,0.45788,29.99366139,86,0.01826,15.37475024,44,0.00042,5.762248981,16,0.00044,5.072025872,15,0.00028,6.526555479,19,0.00014,3.239857478,9,COOK:9600028,COOK:9600028,COOK:WHEELING PRECINCT 28,1,88.69189096,0.828587601,0.828587601,0.828587601,0.828587601,6.336583431,0.828587601,0.828587601,22.000298,20.54048163,10.29499115,3.76658238,3.736396604,5.568579312,2.571786311,30.42990608,29.67524186,15.32079806,5.670550096,5.029703506,6.48395788,3.203165706,19.68108348,22.4268929,13.71923587,7.055585167,3.448659864,0.001824639,0.002347313,1,0.3,0.2,1,1,1,1,1.4,1.000000002,565.2541388,564.2857572,3.306307032,0.754371416,2.551935615,0.00584924,0.00133457,0.004514669,1855.29,286,1
COOK:9600030,COOK:9600030,COOK:Wheeling Precinct 30,,,,,,,,,,0.81861367,0.039016841,0.015589686,0.111211282,0.009915492,0.000707592,0.4574,0.9431,0.0569,0.7535,0.0333,0.013,0.0105,0.1842,0.083798189,0.135574023,0.059856006,0.087214042,0.147564341,0.18628647,0.110561316,0.128773115,0.060372499,0.044120337,3.83E-06,0.008556681,0.02279018,0.015689026,0.017107262,0.00854146,0.011417084,0.032759068,0.038476246,0.058409728,0.135316562,0.135267868,0.121070733,0.098316541,0.252157392,,-0.183368573,0.464566929,127,-0.422885572,201,-0.024203822,785,54,119741,315.9072338,-0.726913986,0.754948507,-1.167708326,-1.076598301,-0.59814746,-0.554068026,-0.72087552,-0.528770709,-0.59814746,complete,COOK,Wheeling Precinct 30,0,0,0,Wheeling,1,0,0,440,293,195,248,186,124,0.51512,30.40095694,89,0.46328,29.76043784,87,0.01994,15.61034258,46,0.00062,5.983778128,18,0.0004,5.125760129,15,0.00048,6.523506244,19,0.00016,3.223774197,9,COOK:9600030,COOK:9600030,COOK:WHEELING PRECINCT 30,1,84.00740003,1.665116588,1.665116588,1.665116588,1.665116588,6.001900437,1.665116588,1.665116588,21.82724137,20.43092964,10.45865422,3.959811371,3.78044681,5.56966814,2.57322185,30.12776653,29.45723492,15.52434062,5.934104404,5.085313304,6.482504437,3.202058974,19.50802685,22.31734091,13.88289895,7.248814158,3.49271007,0.002913467,0.003782853,1,0.3,0.2,1,1,1,1,1.4,1,483.0719028,481.9612276,2.843596462,1.329821739,1.513774723,0.005886487,0.002752844,0.003133643,2122.01,293,1
COOK:9600038,COOK:9600038,COOK:Wheeling Precinct 38,,,,,,,,,,0.75576817,0.154509015,0.013253752,0.068040724,0.027643943,0.001203585,0.2587,0.8573,0.1427,0.7536,0.0104,0,0.0264,0.2095,0.068373121,0.07607938,0.112262147,0.140050329,0.072551233,0.199297428,0.140670644,0.089086534,0.101629184,0.039458333,0.022550522,0.026757483,0.09997693,0.033806653,0.050691796,1.29E-06,0.05774775,0.062083082,0.081752432,0.0690717,0.165065802,0.115674932,0.049506559,0.104677533,0.021177204,,0.227546582,0.258278146,151,-0.364341085,129,0.201581028,506,54.3,65467,268.6548818,1.023656172,-0.511329157,-0.962230345,-0.358305527,-0.400640866,-0.202052214,-0.552676492,-0.567377384,-0.400640866,complete,COOK,Wheeling Precinct 38,0,0,0,Wheeling,1,0,0,393,262,175,217,163,109,0.17628,24.58102066,64,0.78684,33.4161798,88,0.03474,17.59747758,46,0.00112,7.313848428,19,0.00022,4.074229957,11,0.00064,6.469074363,17,0.00016,3.108935567,8,COOK:9600038,COOK:9600038,COOK:WHEELING PRECINCT 38,1,80.08915236,2.364814338,2.364814338,2.364814338,2.364814338,5.721961617,2.364814338,2.364814338,19.04068455,24.77615947,12.97362402,5.453579728,3.251828924,5.568640713,2.571801275,24.40077925,33.11945541,17.55276666,7.238312853,4.01934925,6.381749187,3.100910576,16.72147003,26.66257074,16.39786875,8.742582514,2.964092184,0.00188604,0.002362278,1,0.3,0.2,1,1,1,1,1.4,1,367.9112795,367.1751456,1.771787935,0.377480536,1.394307399,0.004815802,0.00102601,0.003789792,1382.62,262,0.999989123
COOK:9600040,COOK:9600040,COOK:Wheeling Precinct 40,,,,,,,,,,0.84392031,0.045671672,0.019683398,0.075904025,0.007515388,0.000907273,0.3556,0.9494,0.0506,0.7023,0.0812,0.0003,0.0089,0.2003,0.113010621,0.174438782,0.078541797,0.096140242,0.159831591,0.121149451,0.143290006,0.069569446,0.044028064,0.027247485,0.015624596,0.031481134,0.002609457,0.020963857,0.002976218,0.0034031,0.032286943,0.05240189,0.003232687,0.047561782,0.109045935,0.067709351,0.067713144,0.140948321,0.374794104,,-0.132629166,0.32,200,-0.333333333,174,-0.04494382,890,50.3,155584,383.6653234,-0.510755272,-0.132457344,-0.85340011,-1.142578772,-0.694062358,-0.659797874,-0.732782806,-0.655581968,-0.694062358,complete,COOK,Wheeling Precinct 40,0,0,0,Wheeling,1,0,0,555,370,247,152,114,76,0.516,30.40594655,0,0.46294,29.74391349,0,0.01954,15.58483467,0,0.00066,6.021759351,0,0.0004,5.13835934,0,0.00036,6.567029793,0,0.0001,3.241951048,0,COOK:9600040,COOK:9600040,COOK:WHEELING PRECINCT 40,1,85.45641529,1.40635992,1.40635992,1.40635992,1.40635992,6.105425189,1.40635992,1.40635992,21.82763498,20.43152737,10.45906935,3.960217095,3.780509706,5.568995156,2.572137381,30.1281114,29.45784438,15.52478273,5.934610531,5.085191627,6.481819738,3.20096279,19.50842046,22.31793864,13.88331408,7.249219882,3.492772966,0.002240483,0.002698384,1,0.3,0.2,1,1,1,1,1.4,1,719.5397842,718.4501797,4.692070507,3.707510218,0.984560289,0.006520933,0.005152613,0.001368319,2489.08,0,0.165420066
COOK:9600043,COOK:9600043,COOK:Wheeling Precinct 43,,,,,,,,,,0.514124836,0.058352424,0.034813483,0.384542509,0.004924784,0.000543862,0.6061,0.5674,0.4326,0.6874,0.025,0,0,0.199,0.03766628,0.03392368,0.203111888,0.242403296,0.159232737,0.072423126,0.111256468,0.070910388,0.069072139,0.007785581,0.005140018,0.054749003,0.014567114,2.85E-05,7.60E-06,2.87E-05,0.017981286,0.005159424,0.062501248,0.140375206,0.134464457,0.080504852,0.177949994,0.069382552,0.229374422,,0.016619763,0.296703297,91,-0.2,90,0.127272727,440,40.9,117767,236.8561292,0.125071171,-0.275461216,-0.385430103,-0.594703654,-0.333681078,-0.282630951,-0.354240909,0.298220099,-0.333681078,complete,COOK,Wheeling Precinct 43,0,0,0,Wheeling,1,0,0,332,221,147,215,162,108,0.16828,24.10248506,53,0.77658,32.99766889,73,0.05356,19.07194939,42,0.00064,6.515579832,14,0.00022,4.249569113,9,0.00046,6.384750696,14,0.00026,3.116574033,7,COOK:9600043,COOK:9600043,COOK:WHEELING PRECINCT 43,1,78.41391901,2.663967709,2.663967709,2.663967709,2.663967709,5.602274735,2.663967709,2.663967709,19.03715614,25.10233436,14.4241243,5.155299846,3.436574267,5.576296772,2.582273241,23.89270716,32.74051556,18.98385194,6.579321629,4.176347945,6.35930083,3.081278126,16.71794162,26.98874563,17.84836903,8.444302632,3.148837527,0.009542099,0.012834244,1,0.3,0.2,1,1,1.000000001,1,1.4,1.000000022,392.8140441,391.9679812,2.325482758,1.479627985,0.845854773,0.00592006,0.003766739,0.002153321,1362.82,221,0.999238318
COOK:9600044,COOK:9600044,COOK:Wheeling Precinct 44,,,,,,,,,,0.800745551,0.060572041,0.01313909,0.116054499,0.013133304,3.22E-06,0.5072,0.933,0.067,0.8272,0.0346,0.0006,0.0111,0.1209,0.112236723,0.077637875,0.088113143,0.109846422,0.127523312,0.158292975,0.150226108,0.140358202,0.03576524,0.017418428,0.006403614,0.001636162,0.02840401,0.011130716,0.012631182,1.07E-05,0.017349341,0.048875016,0.026954828,0.022140593,0.108939261,0.112199635,0.121657379,0.093321423,0.370927662,,-0.185813835,0.339449541,109,-0.271604938,162,-0.102040816,588,54.1,142653,255.2815746,-0.737331229,-0.013068791,-0.636747329,-1.324222312,-0.667784025,-0.677842415,-0.659565008,-0.572538012,-0.667784025,complete,COOK,Wheeling Precinct 44,0,0,0,Wheeling,1,0,0,368,245,163,214,161,107,0.51652,30.34872629,74,0.46292,29.73644577,73,0.01902,15.64455928,38,0.00052,5.986500739,15,0.0004,5.083004745,12,0.00044,6.568988537,16,0.00018,3.291413789,8,COOK:9600044,COOK:9600044,COOK:WHEELING PRECINCT 44,1,85.08460068,1.472756399,1.472756399,1.472756399,1.472756399,6.078860931,1.472756399,1.472756399,21.82718738,20.43084765,10.45859728,3.959655194,3.780438182,5.569707819,2.573346273,30.12778263,29.4572248,15.5243251,5.933912095,5.085341351,6.482548972,3.202188253,19.50797286,22.31725891,13.88284201,7.24865798,3.492701442,0.002953146,0.003907276,1,0.3,0.2,1,1,1,1,1.4,1,365.3791801,364.5067874,1.75971011,1.441261009,0.318449101,0.00481612,0.003944562,0.000871558,1325.68,245,1
COOK:9600046,COOK:9600046,COOK:Wheeling Precinct 46,,,,,,,,,,0.88276304,0.049644723,0.004634723,0.045077357,0.012689108,0.000576349,0.4496,0.9314,0.0686,0.6421,0.0606,0.0156,0.0234,0.2473,0.109314598,0.097647337,0.056358459,0.098726648,0.130236809,0.161334248,0.153032181,0.123902163,0.069447559,0.041258097,0.025784727,0,0.011340703,0.012390245,0.01648427,0.069099273,0.012368804,0.003090181,0.045384687,0.057753235,0.101031016,0.164977667,0.068056079,0.133922301,0.237058715,,-0.13236835,0.387978142,183,-0.468926554,177,-0.063529412,850,55.7,115762,365.8342472,-0.50964415,0.284817902,-1.329301816,-1.201705398,-0.770924132,-0.688958365,-0.898992822,-0.468392425,-0.770924132,complete,COOK,Wheeling Precinct 46,0,0,0,Wheeling,1,0,0,530,353,235,284,213,142,0.51952,30.56753157,0,0.46056,29.80590424,0,0.01884,15.48339119,0,0.00042,5.896075726,0,0.00016,5.051272602,0,0.0004,6.535681991,0,0.0001,3.215881302,0,COOK:9600046,COOK:9600046,COOK:WHEELING PRECINCT 46,1,86.4456112,1.229715102,1.229715102,1.229715102,1.229715102,6.176098194,1.229715102,1.229715102,21.908517,20.48283729,10.38282219,3.869426034,3.759972479,5.56788866,2.570950605,30.26955629,29.56022011,15.43035568,5.810980186,5.059310264,6.481918941,3.200981712,19.58930247,22.36924855,13.80706691,7.158428821,3.472235739,0.001133987,0.001511607,1,0.3,0.2,1,1,1,1,1.4,1,448.7818538,447.2238515,3.578797041,1.682861876,1.895935165,0.007974469,0.003749844,0.004224625,1634,0,0.127930819
COOK:9600047,COOK:9600047,COOK:Wheeling Precinct 47,,TRUE,,,,,,,TRUE,0.784177687,0.110659871,0.010529155,0.07934698,0.010835058,3.50E-06,0.3257,0.7671,0.2329,0.8443,0.0827,0.0063,0.0053,0.0541,0.1525191,0.094633743,0.090954328,0.153133793,0.107458397,0.156326936,0.114207407,0.07730916,0.053457136,0.028787658,0.01819832,0.010799592,0.009026522,0.045429709,0.026623255,0.019049427,0.027331785,0.051146238,0.057646838,0.073497921,0.167044726,0.097293867,0.083967917,0.114864811,0.169291414,,-0.211239291,0.247706422,109,-0.535211268,142,0.031690141,568,50.9,94824,307.8832495,-0.845648101,-0.576222351,-1.561946252,-0.898781987,-1.042279488,-0.970649673,-1.160538804,-0.665687686,-1.042279488,complete,COOK,Wheeling Precinct 47,0,0,0,Wheeling,1,0,0,407,271,181,166,125,83,0.51578,30.42497004,2,0.46242,29.74743806,1,0.02034,15.59467942,1,0.00048,6.034122624,0,0.00032,5.061184355,0,0.00044,6.610078375,0,0.00022,3.225395401,0,COOK:9600047,COOK:9600047,COOK:WHEELING PRECINCT 47,1,89.0005415,0.773470593,0.773470593,0.773470593,0.773470593,6.358634938,0.773470593,0.773470593,21.8275966,20.43146908,10.45902887,3.959711643,3.780503573,5.568816827,2.572130336,30.12837161,29.4581255,15.52494873,5.933991669,5.085256114,6.481657614,3.200971949,19.50838208,22.31788035,13.8832736,7.24871443,3.492766833,0.002062155,0.002691338,1,0.3,0.2,1,1,1,1,1.4,1.000000001,678.5358852,676.6090327,3.875252875,2.912996875,0.962256,0.005711198,0.004293062,0.001418136,2534.26,8,0.643647796
COOK:9600048,COOK:9600048,COOK:Wheeling Precinct 48,,,,,,,,,,0.636422534,0.115970782,0.027398834,0.199665284,0.019605465,6.77E-07,0.241,0.8766,0.1234,0.8865,0.0305,0,0.0001,0.0789,0.168579995,0.060648186,0.072319013,0.163934874,0.118886118,0.087084163,0.184915498,0.069884855,0.073747298,0.050775499,0.004844686,5.41E-05,0.036308873,0.072543306,0.012118345,2.62E-05,0.033854266,0.014539224,0.017069273,0.111241488,0.171985586,0.133128073,0.038912185,0.135569546,0.167029422,,-0.213225132,0.234042553,94,-0.457364341,129,-0.012048193,415,52.5,96314,189.3065926,-0.85410813,-0.660096286,-1.288721049,-1.037927414,-1.003674512,-0.96021322,-1.069376078,-0.685644318,-1.003674512,complete,COOK,Wheeling Precinct 48,0,0,0,Wheeling,1,0,0,284,189,126,151,114,76,0.5188,30.45016879,0,0.45904,29.71677412,0,0.02046,15.63032678,0,0.00072,6.010517958,0,0.00042,5.107615619,0,0.00036,6.565916145,0,0.0002,3.289966707,0,COOK:9600048,COOK:9600048,COOK:WHEELING PRECINCT 48,1,88.71017957,0.825321729,0.825321729,0.825321729,0.825321729,6.337890058,0.825321729,0.825321729,21.82625527,20.42943217,10.45761422,3.959969083,3.780289239,5.571968971,2.576223008,30.12616199,29.45484979,15.52270601,5.93427172,5.085485508,6.484796654,3.205051518,19.50704075,22.31584344,13.88185895,7.24897187,3.492552499,0.005214298,0.00678401,1,0.3,0.2,1,1,1,1,1.4,1,252.4028027,251.8258842,1.763543136,1.196581465,0.566961671,0.006987019,0.004740761,0.002246257,852.19,0,0.08487481
COOK:9600051,COOK:9600051,COOK:Wheeling Precinct 51,,,,,,,,,TRUE,0.7133271,0.120605204,0.018319851,0.133565933,0.00888131,0.001772428,0.3168,0.8943,0.1057,0.7324,0.025,0,0.0039,0.2365,0.099658344,0.086227497,0.101319162,0.098608551,0.132007997,0.149831915,0.130384926,0.114163611,0.087797996,0.021695625,0.061408002,0.026494843,0.074662535,0.050578144,0.036124411,0.002411948,0.040945105,0.045770456,0.062664565,0.051801015,0.109647281,0.091592182,0.056638135,0.147049629,0.120516126,,-0.226788242,0.287671233,146,-0.238095238,126,-0.082311734,571,54,80801,263.0083743,-0.911889342,-0.330903401,-0.51913582,-1.261457884,-0.716571259,-0.755846612,-0.669229101,-0.514484413,-0.716571259,complete,COOK,Wheeling Precinct 51,0,0,0,Wheeling,1,0,0,350,233,155,218,164,109,0.51762,30.42789113,71,0.46154,29.77264725,69,0.01916,15.65657658,36,0.00052,6.032808991,14,0.0005,5.072741265,12,0.00052,6.521557174,15,0.00014,3.215525954,7,COOK:9600051,COOK:9600051,COOK:WHEELING PRECINCT 51,1,85.76082631,1.351999981,1.351999981,1.351999981,1.351999981,6.127173805,1.351999981,1.351999981,21.82699216,20.43055119,10.45839139,3.959837696,3.780406987,5.570242534,2.573977045,30.12736956,29.45664203,15.52393359,5.934130147,5.085358355,6.483077092,3.202812429,19.50777763,22.31696246,13.88263612,7.248840483,3.492670247,0.003487861,0.004538048,1,0.3,0.2,1,1,1,1,1.4,1,624.5776524,623.0960732,3.805105761,0.937705636,2.867400125,0.006092286,0.001501344,0.004590943,2614.73,233,1
COOK:9600052,COOK:9600052,COOK:Wheeling Precinct 52,,,,,,,,,,0.851733882,0.034907181,0.007474663,0.099002011,0.008142691,1.87E-06,0.3722,0.9035,0.0965,0.7278,0.0076,0,0,0.2433,0.136206682,0.053546851,0.094887844,0.12116976,0.128688316,0.103001852,0.142222646,0.14696129,0.073314761,4.21E-05,0.087480622,2.73E-05,0.035529766,0.057171905,0.00642012,0.031499008,0.01052379,0.031510348,0.065915612,0.030925331,0.139910153,0.133958007,0.046956911,0.171385187,0.150743846,,-0.338724642,0.356589147,258,-0.295154185,227,0.113087675,787,54.8,100568,332.252387,-1.38875791,0.092140517,-0.719399889,-0.639830775,-0.597026212,-0.663962014,-0.608113787,-0.651427054,-0.597026212,complete,COOK,Wheeling Precinct 52,0,0,0,Wheeling,1,0,0,566,377,251,136,102,68,0.51576,30.40523164,115,0.46352,29.77717734,112,0.01924,15.57999619,59,0.00046,5.989598048,23,0.00046,5.131597283,19,0.0004,6.525235428,25,0.00016,3.280990528,12,COOK:9600052,COOK:9600052,COOK:WHEELING PRECINCT 52,1,83.98889968,1.668420273,1.668420273,1.668420273,1.668420273,6.000578681,1.668420273,1.668420273,21.82737748,20.43113633,10.45879778,3.959444511,3.780468559,5.569169856,2.572724051,30.12820566,29.45781639,15.52472114,5.93365946,5.085328515,6.482018499,3.201573521,19.50816296,22.3175476,13.8830425,7.248447298,3.492731819,0.002415184,0.003285054,1,0.3,0.2,1,1,1,1,1.4,1,424.0769759,423.7705298,2.141775105,0.917498696,1.224276409,0.005050439,0.002163519,0.00288692,1374.56,377,0.999680707
COOK:9600053,COOK:9600053,COOK:Wheeling Precinct 53,,,,,,,,,,0.868795182,0.031576895,0.002887785,0.090994449,0.003838392,0.001911566,0.4653,0.9557,0.0443,0.7585,0.0841,0.0024,0,0.147,0.136203557,0.069815324,0.114667362,0.130049985,0.102281154,0.194772457,0.085717716,0.127774545,0.038717901,0.020065156,0.008071197,0.008024684,0.006027645,0.014065839,0.028029029,9.12E-06,0.008010735,0.006019705,0.010098225,0.038075396,0.098210191,0.108279084,0.120231987,0.154260595,0.37252141,,-0.266925657,0.304347826,115,-0.369369369,111,-0.150084317,593,52,158681,243.9885597,-1.082881723,-0.228536239,-0.979878491,-1.477063832,-0.931789748,-0.942090071,-0.939347432,-0.673421606,-0.931789748,complete,COOK,Wheeling Precinct 53,0,0,0,Wheeling,1,0,0,369,246,164,197,148,99,0.51892,30.41030363,75,0.46062,29.74604373,73,0.0192,15.59906752,38,0.00052,6.019460664,15,0.00016,5.14517677,13,0.0003,6.517374746,16,0.00028,3.243880716,8,COOK:9600053,COOK:9600053,COOK:WHEELING PRECINCT 53,1,88.11147795,0.932234362,0.932234362,0.932234362,0.932234362,6.29511588,0.932234362,0.932234362,21.82746675,20.4312719,10.45889192,3.959243038,3.780482824,5.568863545,2.572407041,30.12846899,29.45816915,15.52495315,5.933415475,5.085334068,6.481719019,3.201263342,19.50825223,22.31768316,13.88313665,7.248245825,3.492746084,0.002108872,0.002968043,1,0.3,0.2,1,1,1,1,1.4,1,418.0873753,417.0925239,1.992014736,1.658425536,0.333589201,0.00476459,0.003966696,0.000797894,1710.66,246,0.999360361
COOK:9600054,COOK:9600054,COOK:Wheeling Precinct 54,,,,,,,,,,0.858514071,0.05408516,0.008156425,0.065944377,0.013311395,0.000738314,0.3371,0.6956,0.3044,0.8399,0.0147,0,0.0018,0.1255,0.102095378,0.054880477,0.076206473,0.092224592,0.096007358,0.115038568,0.242815734,0.12255521,0.098176208,0.022115757,1.16E-05,0.018677603,0.032248455,0.061116285,0.018668702,0.011881022,0.044131162,0.011897258,0.040762146,0.098456635,0.162977117,0.139179816,0.062863069,0.10357519,0.171438183,,-0.219265374,0.028571429,105,-0.436619718,142,-0.173633441,622,61.4,96481,262.4140051,-0.879840613,-1.921354854,-1.215912089,-1.551981018,-1.425879291,-1.392272143,-1.39060728,-0.852370473,-1.425879291,complete,COOK,Wheeling Precinct 54,0,0,0,Wheeling,1,0,0,311,207,138,218,164,109,0.53286,31.6113194,17,0.45572,30.62457935,16,0.01082,14.71000666,8,0.00024,4.828103664,3,0.00016,4.880220494,3,0.00014,6.504621988,3,6.00E-05,3.192606959,2,COOK:9600054,COOK:9600054,COOK:WHEELING PRECINCT 54,1,91.00969831,0.414687123,0.414687123,0.414687123,0.414687123,6.502178949,0.414687123,0.414687123,22.56409669,20.8960438,9.758755729,3.135388759,3.592256442,5.568451948,2.571668082,31.42192004,30.38920977,14.6484723,4.803146525,4.846976126,6.49219074,3.211407701,20.24488216,22.78245507,13.18300046,6.424391546,3.304519702,0.001697275,0.002229085,1,0.3,0.2,1,1,1,1,1.4,1,731.0414397,729.0507247,4.339945217,2.795155792,1.544789425,0.005936661,0.003823526,0.002113135,2332.06,62,0.862145797
COOK:9600056,COOK:9600056,COOK:Wheeling Precinct 56,,,,,,,,,,0.679939913,0.065255404,0.014055315,0.24274532,0.009032858,7.86E-07,0.424,0.907,0.093,0.7864,0.1306,0,0,0.0829,0.134092523,0.111077562,0.025918403,0.195131242,0.095357805,0.100808564,0.165632435,0.11098892,0.060992546,0.041347919,0.013804151,0.013775195,0.025259077,0.057377729,1.40E-05,0.004622853,0.01836585,0.025265878,0.025367451,0.098765459,0.020807911,0.167689939,0.050652031,0.145063339,0.291821209,,-0.099939446,0.208333333,96,-0.361702128,94,0.09223301,412,54.5,123142,206.5432996,-0.371491369,-0.817909089,-0.9529682,-0.706176038,-0.770283857,-0.712136174,-0.818450262,-0.535340575,-0.770283857,complete,COOK,Wheeling Precinct 56,0,0,0,Wheeling,1,0,0,279,186,124,162,122,81,0.5186,30.45796368,57,0.46058,29.7667125,55,0.01936,15.61275096,29,0.00054,6.00281204,11,0.00042,5.139621378,10,0.00038,6.528109402,12,0.00012,3.284539326,6,COOK:9600056,COOK:9600056,COOK:WHEELING PRECINCT 56,1,86.43793945,1.231085077,1.231085077,1.231085077,1.231085077,6.175550086,1.231085077,1.231085077,21.82577501,20.42870285,10.45710771,3.959029781,3.780212497,5.572557481,2.577438659,30.1260214,29.45443088,15.52236596,5.933111098,5.085684198,6.485413824,3.206295829,19.50656049,22.31511412,13.88135244,7.248032568,3.492475757,0.005802808,0.007999662,1,0.3,0.2,1,1.000000037,1.000000059,1.00000003,1.39999997,1.000000706,343.2492372,342.3657651,1.987945521,1.766877457,0.221068064,0.005791551,0.005147506,0.000644045,1166.93,186,1
COOK:9600058,COOK:9600058,COOK:Wheeling Precinct 58,,,,,,,,,,0.696415577,0.127636594,0.024096598,0.142916362,0.011609146,0.000894598,0.4312,0.8241,0.1759,0.7213,0.03,0.0208,0,0.2276,0.188029141,0.143205958,0.041131088,0.143295261,0.164676214,0.147775291,0.050591123,0.084039692,0.037256234,5.45E-05,1.09E-05,0.039269799,3.29E-05,0.01871589,0.052389208,2.93E-06,2.16E-05,2.65E-05,0.067331458,0.114104427,0.144129901,0.035698849,0.097410524,0.23765271,0.193147911,,-0.103782598,,,-0.2,115,,,47.4,132240,203.8686382,-0.387863866,,-0.385430103,,,,,-0.292334583,-0.292334583,demographic_only,COOK,Wheeling Precinct 58,0,0,0,Wheeling,1,0,0,330,220,147,170,128,85,0.17482,24.56631368,32,0.78922,33.49204179,44,0.0341,17.60449913,23,0.0009,7.295624926,10,0.00028,4.101767953,5,0.00048,6.425145664,8,0.0002,3.149364209,4,COOK:9600058,COOK:9600058,COOK:WHEELING PRECINCT 58,1,77.27779546,2.866850006,2.866850006,2.866850006,2.866850006,5.5211045,2.866850006,2.866850006,19.03984982,24.77489187,12.97274366,5.453758275,3.251695541,5.570611935,2.574352638,24.39946168,33.11743078,17.55139075,7.23845852,4.019421212,6.383709357,3.103450886,16.7206353,26.66130314,16.39698839,8.742761061,2.963958801,0.003857262,0.004913641,1,0.3,0.2,1,1,1,1,1.4,1,418.7789106,417.7809384,1.996165366,1.663095593,0.333069773,0.004766633,0.003971297,0.000795336,1612.85,139,0.943828409
COOK:9600006,COOK:9600006,COOK:Wheeling Precinct 6,,,,,,,,,,0.795487809,0.074299455,0.008550905,0.113130255,0.004898773,0.001218506,0.3338,0.8793,0.1207,0.5937,0.0694,0,0,0.3295,0.092374351,0.15432764,0.129705259,0.067627514,0.177633787,0.239178734,0.101586179,0.024811743,0.012754793,0.010280715,3.20E-05,0.012270858,0.032713765,3.68E-07,2.65E-07,5.53E-05,0.010235863,0.010325157,0.053337308,0.012449911,0.051474279,0.098525598,0.071794737,0.272424386,0.36407949,,-0.118674692,0.173333333,75,-0.223880597,67,0.102803738,321,48.3,175054,146.8091942,-0.451306781,-1.032752173,-0.469245627,-0.67254722,-0.658256835,-0.65646295,-0.62081337,-0.541700176,-0.658256835,complete,COOK,Wheeling Precinct 6,0,0,0,Wheeling,1,0,0,213,142,95,117,88,59,0.51582,30.42990925,43,0.46316,29.74264482,42,0.01936,15.62474338,22,0.00066,6.029859635,9,0.00044,5.154471916,7,0.00038,6.544556565,9,0.00018,3.27195603,5,COOK:9600006,COOK:9600006,COOK:WHEELING PRECINCT 6,1,84.94527315,1.497636694,1.497636694,1.497636694,1.497636694,6.068906689,1.497636694,1.497636694,21.82721998,20.43089715,10.45863166,3.959426601,3.780443391,5.569514786,2.573192974,30.12797656,29.45746693,15.5244794,5.933633498,5.085360892,6.482363446,3.202042461,19.50800546,22.31730842,13.88287639,7.248429387,3.492706651,0.002760113,0.003753976,1,0.3,0.2,1,1,1,1,1.4,1,211.8977385,211.2438621,1.145049588,0.163775443,0.981274146,0.005403784,0.000772898,0.004630885,1282.86,142,1
COOK:9600060,COOK:9600060,COOK:Wheeling Precinct 60,,,,,,,,,,0.883743397,0.028426524,0.011189992,0.068021547,0.006029534,6.20E-07,0.4484,0.833,0.167,0.6941,0.0752,0,0.0023,0.2174,0.062642158,0.081138026,0.033451099,0.143471538,0.138593201,0.174103365,0.14850152,0.154844053,0.06325504,0.065846024,0.040989494,9.18E-06,0.011206007,0.022385196,0.001283276,0.113012207,0.008724765,3.38E-05,0.055951683,0.06220689,0.118154628,0.217494874,0.047328807,0.06604199,0.169331167,,-0.378153705,,,-0.465240642,187,,,55.4,100023,255.5787592,-1.556732588,,-1.316365094,,,,,-0.58303951,-0.58303951,demographic_only,COOK,Wheeling Precinct 60,0,0,0,Wheeling,1,0,0,371,247,165,199,150,100,0.51536,30.48775145,1,0.46482,29.84359776,1,0.01842,15.51190995,0,0.00058,5.909230351,0,0.00038,5.142373701,0,0.0003,6.540729107,0,0.00014,3.227593851,0,COOK:9600060,COOK:9600060,COOK:WHEELING PRECINCT 60,1,83.75488858,1.710208606,1.710208606,1.710208606,1.710208606,5.983859781,1.710208606,1.710208606,21.87374477,20.46068255,10.41538511,3.908290329,3.76875681,5.56858278,2.571774069,30.20877211,29.51610809,15.47069223,5.863930437,5.070433796,6.482097206,3.201289322,19.55453025,22.34709382,13.83962984,7.197293116,3.48102007,0.001828107,0.002335072,1,0.3,0.2,1,1,1,1,1.4,1,588.6078364,587.497888,3.69982817,1.676424854,2.023403315,0.006285727,0.002848118,0.003437609,2515.79,3,0.580706007
COOK:9600061,COOK:9600061,COOK:Wheeling Precinct 61,,TRUE,,,,,,,TRUE,0.848641465,0.065831842,0.013060135,0.058300875,0.008014461,0.000531795,0.3995,0.8561,0.1439,0.7556,0.0329,0.0009,0.0006,0.2037,0.096139472,0.09277785,0.048332743,0.129829807,0.142274585,0.148943824,0.150457445,0.102224404,0.089019871,0.019253939,0.008330999,0.004949782,0.022466145,0.013823756,0.009541859,0.001980057,0.031553208,0.026762411,0.019714444,0.129594225,0.092526619,0.113688089,0.083260419,0.089218358,0.333335693,,-0.228609124,0.350318471,157,-0.475409836,183,-0.14863258,841,54.6,126746,369.1032778,-0.919646616,0.053648764,-1.352056678,-1.472445399,-0.965865988,-0.922624982,-1.051752327,-0.671481615,-0.965865988,complete,COOK,Wheeling Precinct 61,0,0,0,Wheeling,1,0,0,462,308,205,203,153,102,0.51762,30.35101716,93,0.46076,29.76660606,92,0.01988,15.60254602,48,0.0007,5.951711507,18,0.00046,5.112968462,16,0.00034,6.569249762,20,0.00024,3.277570583,10,COOK:9600061,COOK:9600061,COOK:WHEELING PRECINCT 61,1,88.40516404,0.879789618,0.879789618,0.879789618,0.879789618,6.316098254,0.879789618,0.879789618,21.82783122,20.43182538,10.45927632,3.95995832,3.780541064,5.568418202,2.57148507,30.12857413,29.45848526,15.5252101,5.934299272,5.085183038,6.481251849,3.200319544,19.5086167,22.31823665,13.88352105,7.248961107,3.492804324,0.001663529,0.002046073,1,0.3,0.2,1,1,1.000000001,1,1.4,1.000000008,715.9542194,715.0111032,3.42333016,1.346663473,2.076666688,0.004781493,0.001880935,0.002900558,1981.17,308,1
COOK:9600063,COOK:9600063,COOK:Wheeling Precinct 63,,,,,,,,,,0.677598911,0.165824454,0.030365829,0.119197785,0.009931501,1.51E-06,0.4478,0.7528,0.2472,0.589,0.0161,0,0.0008,0.3626,0.079295317,0.079793601,0.102032558,0.142150263,0.109084515,0.167113522,0.171372603,0.08462965,0.06452797,0.012261857,0.01556786,0.003374533,0.054459803,0.026684296,0.025563609,0.035596368,0.014450143,0.033377519,0.086768359,0.07009876,0.177882923,0.091316782,0.078950554,0.115686125,0.157960509,,0.089803689,0.195121951,82,-0.235294118,68,0.227665706,347,53.2,92118,190.7925156,0.436847447,-0.89900549,-0.509304518,-0.275321944,-0.406311323,-0.311696126,-0.445833001,-0.073575971,-0.406311323,complete,COOK,Wheeling Precinct 63,0,0,0,Wheeling,1,0,0,257,171,114,164,123,82,0.1757,24.60828645,0,0.78838,33.41956492,0,0.03388,17.64751294,0,0.00104,7.234682644,0,0.00026,4.045168475,0,0.0006,6.421351315,0,0.00014,3.064898631,0,COOK:9600063,COOK:9600063,COOK:WHEELING PRECINCT 63,1,80.22215185,2.341064065,2.341064065,2.341064065,2.341064065,5.731463753,2.341064065,2.341064065,19.04011424,24.77529341,12.97302254,5.454218098,3.251737793,5.5702579,2.573669457,24.39963082,33.11767114,17.55158317,7.23898333,4.019354396,6.383343977,3.102756361,16.72089972,26.66170468,16.39726727,8.743220885,2.964001053,0.003503227,0.00423046,1,0.3,0.2,1,1,1,1,1.4,1,505.6887668,505.4998589,2.041481837,0.301033917,1.74044792,0.004037032,0.000595295,0.003441737,1505.79,0,0.133923246
COOK:9600065,COOK:9600065,COOK:Wheeling Precinct 65,,,,,,,,,,0.812310448,0.062352905,0.009877285,0.11545265,0.009116181,2.27E-10,0.4538,0.9959,0.0041,0.7663,0.0927,0,0.0021,0.1389,0.081754255,0.20251869,0.034718139,0.097284002,0.179018721,0.119263219,0.173972028,0.075559672,0.035911274,3.15E-05,2.70E-05,0.004898442,4.63E-05,9.75E-05,2.96E-05,0.021240515,0.006620359,0.024504332,7.79E-05,0.026329751,0.032735587,0.163345343,0.102829314,0.192798414,0.424388106,,-0.133830132,0.193548387,124,-0.479289941,169,0.046296296,648,52,180391,292.1324655,-0.515871596,-0.908664615,-1.365674973,-0.852315204,-0.995611935,-0.910631597,-1.08662061,-0.652303861,-0.995611935,complete,COOK,Wheeling Precinct 65,0,0,0,Wheeling,1,0,0,422,281,187,234,176,117,0.51614,30.45930955,86,0.46254,29.79244436,84,0.0201,15.55755919,44,0.00046,5.979953272,17,0.00026,5.138886762,14,0.00034,6.583299101,18,0.00016,3.197409004,9,COOK:9600065,COOK:9600065,COOK:WHEELING PRECINCT 65,1,88.64690069,0.8366217,0.8366217,0.8366217,0.8366217,6.333369105,0.8366217,0.8366217,21.82719409,20.43085784,10.45860436,3.959484824,3.780439254,5.569603514,2.573284864,30.12790032,29.45736478,15.52441221,5.933704003,5.085359304,6.4824502,3.202132377,19.50797956,22.3172691,13.88284908,7.24848761,3.492702514,0.002848841,0.003845867,1,0.3,0.2,1,1.000000008,1.000000013,1.000000006,1.399999994,1.000000113,540.7232724,539.3661747,3.141933898,2.669963514,0.471970384,0.005810613,0.004937763,0.00087285,1951.42,281,1
COOK:9600066,COOK:9600066,COOK:Wheeling Precinct 66,,,,,,,,,,0.781291394,0.076236334,0.015684174,0.111842986,0.012106875,0.002136992,0.3652,0.9308,0.0692,0.654,0.036,0,0.0053,0.3009,0.159110734,0.101613208,0.122869169,0.084257396,0.123386689,0.180944266,0.106457369,0.088945038,0.032416133,0.022863654,0.020302799,0.006359366,0.011445548,1.34E-05,1.31E-05,0.035552761,0.003813101,0.003872124,0.091443591,0.083844109,0.082710627,0.17528234,0.064903769,0.181748231,0.215831524,,-0.295111584,0.258741259,143,-0.194244604,139,0.060240964,581,51.4,119649,260.9280821,-1.202958683,-0.508486396,-0.365229958,-0.80795282,-0.637384092,-0.721156964,-0.56619869,-0.497271005,-0.637384092,complete,COOK,Wheeling Precinct 66,0,0,0,Wheeling,1,0,0,410,273,182,218,164,109,0.5146,30.40604416,83,0.46446,29.78578495,81,0.01912,15.61571666,43,0.0007,5.979650991,16,0.00056,5.13686198,14,0.0004,6.514663939,18,0.00016,3.281036075,9,COOK:9600066,COOK:9600066,COOK:WHEELING PRECINCT 66,1,84.6313165,1.553701235,1.553701235,1.553701235,1.553701235,6.046476088,1.553701235,1.553701235,21.82723433,20.43091895,10.4586468,3.959813038,3.780445684,5.569684855,2.573243414,30.12775473,29.45721749,15.52432871,5.934106259,5.085314473,6.482521072,3.202080458,19.50801981,22.31733021,13.88289153,7.248815824,3.492708945,0.002930182,0.003804417,1,0.3,0.2,1,1,1,1,1.4,1,516.1635096,514.5715952,2.791696797,0.398122912,2.393573885,0.005408551,0.000771312,0.00463724,2138.71,273,0.998904034
COOK:9600067,COOK:9600067,COOK:Wheeling Precinct 67,,,,,,,,,,0.762270365,0.06805901,0.019886044,0.150812438,0.00628059,4.61E-06,0.358,0.932,0.068,0.7964,0.0412,0,0.0062,0.1419,0.127335745,0.128141972,0.034850793,0.19143938,0.102853294,0.083114119,0.195378017,0.103626869,0.033259811,0.038011728,0.026823974,0.006710946,0.020116842,0.026829262,0.011182656,0.008956778,0.008948878,0.01343375,0.078273149,0.07605791,0.114059985,0.098465542,0.06945148,0.252804588,0.149872532,,-0.120303605,,,-0.565217391,69,,,53.3,117924,183.0657159,-0.458246234,,-1.667260995,,,,,-0.61961039,-0.61961039,demographic_only,COOK,Wheeling Precinct 67,0,0,0,Wheeling,1,0,0,254,169,113,151,114,76,0.51644,30.42216869,51,0.46234,29.70035677,50,0.01944,15.64704171,26,0.0006,6.034804817,10,0.00042,5.087259605,9,0.00042,6.565960123,11,0.00034,3.280022473,6,COOK:9600067,COOK:9600067,COOK:WHEELING PRECINCT 67,1,84.35427222,1.603174183,1.603174183,1.603174183,1.603174183,6.026682686,1.603174183,1.603174183,21.82679989,20.43025922,10.45818861,3.959829264,3.780376265,5.570670626,2.574552716,30.12708142,29.45620562,15.52363246,5.934114873,5.085396358,6.483504771,3.203387687,19.50758537,22.31667049,13.88243334,7.248832051,3.492639525,0.003915953,0.005113718,1,0.3,0.2,1,1.000000043,1.000000068,1.000000034,1.399999966,1.000001713,304.9580116,304.1305822,1.912126031,1.278893884,0.633232147,0.006270129,0.004193672,0.002076457,1459.48,169,1
COOK:9600068,COOK:9600068,COOK:Wheeling Precinct 68,,,,,,,,,,0.454275528,0.357556685,0.023627085,0.162418186,0.014768575,6.61E-07,0.2402,0.7989,0.2011,0.8378,0.0258,0,0.0047,0.1045,0.130850669,0.075638195,0.142135275,0.138671124,0.159210807,0.131235436,0.160191869,0.051856924,0.010209701,0.023407306,0.007116837,0.015254853,0.001033962,0.035581976,0.00102828,0.002045054,0.155417765,0.013250238,0.002083146,0.149431746,0.124048911,0.067238908,0.073292511,0.17288759,0.156880918,,0.127994262,,,-0.165048544,103,,,46.1,94014,315.9072338,0.599545943,,-0.262758355,,,,,-0.172006367,-0.172006367,demographic_only,COOK,Wheeling Precinct 68,0,0,0,Wheeling,1,0,0,480,320,213,254,191,127,0.17646,24.59843703,19,0.78642,33.38458327,26,0.03522,17.66608272,14,0.00098,7.284196905,6,0.00026,4.09860641,3,0.0005,6.374823364,5,0.00016,3.155430841,2,COOK:9600068,COOK:9600068,COOK:WHEELING PRECINCT 68,1,73.48471662,3.544195837,3.544195837,3.544195837,3.544195837,5.250108355,3.544195837,3.544195837,19.03963242,24.77456172,12.97251437,5.453629514,3.251660801,5.571033578,2.574974723,24.39920277,33.11703955,17.55111501,7.238302672,4.019454896,6.384133159,3.104075131,16.72041789,26.66097299,16.3967591,8.7426323,2.963924061,0.004278905,0.005535726,1,0.3,0.2,1,1.000000001,1.000000002,1.000000001,1.399999999,1.000000011,653.3906218,651.3186085,4.307026558,3.127732654,1.179293904,0.00659181,0.004786926,0.001804883,2978,90,0.853707442
COOK:9600069,COOK:9600069,COOK:Wheeling Precinct 69,,,,,,,,,,0.887945434,0.033288266,0.006124043,0.067886069,0.006101334,2.19E-06,0.4299,0.9986,0.0014,0.8441,0.0327,0,0.0223,0.0992,0.038266156,0.039096678,0.132413228,0.037596502,0.083853041,0.134959158,0.183701463,0.156804962,0.193308811,0.019417474,0.019395468,2.00E-05,0.035577163,0.067850741,0.022620149,0.024230971,0.040427454,0.022639116,0.059806585,0.144010906,0.056692902,0.142341241,0.022797053,0.187536466,0.134636291,,-0.441936508,,,-0.365853659,246,,,63.4,94405,320.6621874,-1.828458442,,-0.96753914,,,,,-0.811593527,-0.811593527,demographic_only,COOK,Wheeling Precinct 69,0,0,0,Wheeling,1,0,0,512,341,227,252,189,126,0.54086,31.98202903,109,0.44914,30.87786392,105,0.00936,14.4165313,49,8.00E-05,4.477169692,15,0.0002,4.824143728,16,0.0003,6.516379256,22,6.00E-05,3.210843618,11,COOK:9600069,COOK:9600069,COOK:WHEELING PRECINCT 69,1,86.91471591,1.145945126,1.145945126,1.145945126,1.145945126,6.209613334,1.145945126,1.145945126,22.79418462,21.04111962,9.539848299,2.877686544,3.533418293,5.5684386,2.571704438,31.83008942,30.68296798,14.3718083,4.446147814,4.771804306,6.495619354,3.214886019,20.4749701,22.92753089,12.96409303,6.166689331,3.245681553,0.001683927,0.002265441,1,0.3,0.2,1,1.000000002,1.000000004,1.000000002,1.399999998,1.000000046,382.4119158,381.5892541,2.262524476,1.439657922,0.822866554,0.005916459,0.003764679,0.002151781,998.15,341,1
COOK:9600070,COOK:9600070,COOK:Wheeling Precinct 70,,,,,,,,,TRUE,0.790144541,0.099855954,0.019668577,0.083538604,0.007483531,3.81E-06,0.3794,0.9082,0.0918,0.8457,0.0488,0,0,0.1034,0.069650447,0.092415213,0.129503704,0.065936671,0.234571608,0.110623257,0.131944216,0.066335338,0.099019545,0.051989432,0.06385303,0.041402387,0.01899372,0.082712645,0.022518889,0.002421968,0.002440561,0.000100088,0.113498969,0.083978109,0.060547932,0.046313443,0.106362865,0.267185731,0.035680229,,-0.216535474,0.219047619,210,-0.247311828,186,0.124816446,681,48.2,81644,282.9197427,-0.868210764,-0.752140796,-0.551483977,-0.602517858,-0.66191567,-0.693588349,-0.633494796,-0.595263135,-0.66191567,complete,COOK,Wheeling Precinct 70,0,0,0,Wheeling,1,0,0,459,306,204,227,171,114,0.51916,30.4854938,93,0.45888,29.71471965,91,0.02038,15.58511583,48,0.00076,6.039981549,18,0.00038,5.094714731,16,0.00028,6.545023361,20,0.00016,3.259010666,10,COOK:9600070,COOK:9600070,COOK:WHEELING PRECINCT 70,1,84.9990711,1.48802977,1.48802977,1.48802977,1.48802977,6.072750279,1.48802977,1.48802977,21.82754987,20.43139812,10.45897959,3.96017568,3.780496106,5.56916493,2.572383092,30.12800761,29.45767874,15.52466634,5.934557706,5.085212705,6.481990547,3.201209537,19.50833535,22.31780939,13.88322431,7.249178467,3.492759366,0.002410257,0.002944095,1,0.3,0.2,1,1,1,1,1.4,1,454.4274932,452.9400845,4.751726587,1.190950729,3.560775858,0.010456512,0.002620772,0.00783574,1918.93,306,0.998832176
COOK:9600072,COOK:9600072,COOK:Wheeling Precinct 72,,,,,,,,,,0.706153575,0.144718807,0.027976307,0.107989393,0.022195216,0.001645345,0.2121,0.9412,0.0588,0.7342,0.0496,0,0.0101,0.2037,0.112084406,0.153046193,0.159592443,0.139164649,0.105521528,0.210921142,0.080707962,0.007450429,0.03151125,0.022549671,5.56E-06,3.48E-05,1.28E-05,1.07E-05,1.07E-05,1.24E-05,0.010014314,0.082601635,0.05259858,0.047655573,0.2104388,0.135347192,0.140366831,0.29301715,0.005323291,,-0.064107328,0.171171171,111,-0.30952381,84,0.14739229,441,44.6,113679,215.1616531,-0.218840303,-1.046024331,-0.76983404,-0.530696982,-0.696448288,-0.641348914,-0.722145313,-0.541869336,-0.696448288,complete,COOK,Wheeling Precinct 72,0,0,0,Wheeling,1,0,0,330,220,147,165,124,83,0.49816,29.81828789,66,0.47142,29.48372818,65,0.0291,16.79473655,37,0.0004,5.476248145,12,0.0003,5.242667396,12,0.00048,6.555630174,14,0.00014,3.237704053,7,COOK:9600072,COOK:9600072,COOK:WHEELING PRECINCT 72,1,85.48928717,1.400489851,1.400489851,1.400489851,1.400489851,6.107773718,1.400489851,1.400489851,21.82727729,20.67551921,11.53130943,3.740875845,3.91713448,5.569941465,2.573277661,29.62578307,29.22679387,16.70208195,5.434251788,5.190989538,6.457042978,3.17638,19.50806277,22.56193047,14.95555416,7.029878631,3.62939774,0.003186793,0.003838663,1,0.3,0.2,1,1,1,1,1.4,1,462.9069155,462.9055919,1.728145705,0.691980809,1.036164896,0.003733247,0.00149486,0.002238387,1348.87,220,0.999392022
COOK:9600075,COOK:9600075,COOK:Wheeling Precinct 75,,,,,,,,,,0.794583025,0.059179298,0.012184757,0.124480855,0.006958913,0.000872911,0.3635,0.9597,0.0403,0.7968,0.0149,0,0.0062,0.1603,0.123052719,0.121228239,0.033677009,0.192672507,0.123096118,0.073478421,0.192753879,0.115655455,0.024385654,0.033963401,0.026806348,0.003579657,0.012526783,0.007197104,0.008952434,0.019672483,0.003605014,0.008970139,0.09830506,0.062662536,0.089437635,0.071670527,0.093051799,0.312904091,0.146694988,,-0.269180595,0.259259259,108,-0.47761194,134,-0.049429658,526,52,139146,241.0167136,-1.092488152,-0.505306718,-1.359785567,-1.156849636,-1.05533726,-1.028607518,-1.12157287,-0.662202698,-1.05533726,complete,COOK,Wheeling Precinct 75,0,0,0,Wheeling,1,0,0,354,236,157,192,144,96,0.51852,30.44196276,72,0.46,29.7713163,70,0.02008,15.58747341,37,0.0004,5.988142799,14,0.00056,5.166070475,12,0.00028,6.510612761,15,0.00016,3.184899647,8,COOK:9600075,COOK:9600075,COOK:WHEELING PRECINCT 75,1,89.09420215,0.756745222,0.756745222,0.756745222,0.756745222,6.365326514,0.756745222,0.756745222,21.82709344,20.43070499,10.45849821,3.95955957,3.780423172,5.569869063,2.573605382,30.12769956,29.45707846,15.52421904,5.933792777,5.085370256,6.482712974,3.202450119,19.50787892,22.31711626,13.88274293,7.248562357,3.492686432,0.00311439,0.004166385,1,0.3,0.2,1,1.000000012,1.00000002,1.00000001,1.39999999,1.000000426,290.1028879,289.4574713,1.710276149,1.16178859,0.548487559,0.005895412,0.004004747,0.001890666,1553.19,236,1
COOK:9600077,COOK:9600077,COOK:Wheeling Precinct 77,,,,,,,,,,0.203435339,0.556556814,0.017720622,0.21960578,0.029756111,0.001002173,0.295,0.2286,0.7714,0.7646,0.0186,0,0.0102,0.1721,0.132306993,0.149749655,0.160017118,0.217246005,0.133024645,0.118744079,0.07523041,0.012626739,0.001054357,0.045106766,0.014987776,0.017755005,0.013664655,0.068798327,0.022468627,0.073581551,0.069461341,0.063341325,0.144484307,0.070341409,0.15220246,0.042402567,0.125434638,0.054676876,0.021292367,,0.506344389,-0.257142857,35,-0.0625,32,0.372972973,185,37.6,57671,123.3316105,2.211383408,-3.675175945,0.097163968,0.186946272,-0.506342518,-0.294920574,-0.42792561,0.503987894,-0.506342518,complete,COOK,Wheeling Precinct 77,0,0,0,Wheeling,1,0,0,174,116,77,89,67,45,0.48946,29.59570093,34,0.47038,29.35199437,34,0.03882,17.55096287,20,0.00048,5.120014718,6,0.00034,5.237866359,6,0.00042,6.501277027,8,0.0001,3.168764336,4,COOK:9600077,COOK:9600077,COOK:WHEELING PRECINCT 77,1,82.35945473,1.95939702,1.95939702,1.95939702,1.95939702,5.884163147,1.95939702,1.95939702,21.82603297,20.83822049,12.25195107,3.591920511,4.008933102,5.572143797,2.57674058,29.29683046,29.07442064,17.47042641,5.105682327,5.2604195,6.442473126,3.163070736,19.50681845,22.72463176,15.6761958,6.880923297,3.721196362,0.005389124,0.007301583,1,0.3,0.2,1,1.000000001,1.000000002,1.000000001,1.399999999,1.000000109,855.7541352,852.4792911,11.05750083,6.264003417,4.793497411,0.012921352,0.007319863,0.005601489,4889.76,116,0.998727194
COOK:9600079,COOK:9600079,COOK:Wheeling Precinct 79,,,,,,,,,TRUE,0.487115801,0.16354556,0.036379798,0.302322489,0.022388715,0.000560104,0.3592,0.7412,0.2588,0.7149,0.08,0,0,0.198,0.149264061,0.107747537,0.092181312,0.207119956,0.177061088,0.110528723,0.082908377,0.040943154,0.032245791,0.038343808,0.020734342,0.055929533,0.025887696,0.039371853,0.006293715,0.007261017,0.007254366,6.52E-05,0.09322596,0.067331686,0.094323612,0.113010701,0.219524835,0.14713646,0.064305222,,-0.196982415,0.280898876,89,-0.247311828,93,0.13368984,374,43.1,109729,201.4911613,-0.784911325,-0.37247466,-0.551483977,-0.574288795,-0.547446955,-0.570789689,-0.543585812,-0.104232677,-0.547446955,complete,COOK,Wheeling Precinct 79,0,0,0,Wheeling,1,0,0,311,207,138,158,119,79,0.4994,29.78373038,62,0.46762,29.4861203,61,0.03118,16.9081256,35,0.00044,5.402948384,11,0.00054,5.32346026,11,0.00066,6.475353585,13,0.00016,3.275729623,7,COOK:9600079,COOK:9600079,COOK:WHEELING PRECINCT 79,1,83.13158583,1.821514365,1.821514365,1.821514365,1.821514365,5.939327977,1.821514365,1.821514365,21.82511083,20.70749875,11.68372898,3.708614128,3.936502037,5.574507606,2.579645198,29.55196381,29.18975307,16.8654265,5.362713929,5.206360265,6.457983601,3.17912202,19.50589631,22.59391002,15.1079737,6.997616914,3.648765297,0.007752934,0.010206201,1,0.3,0.2,1,1,1,1,1.4,1,630.3279322,628.2684794,6.587949266,1.647932273,4.940016993,0.010451622,0.002614405,0.007837217,3341.25,207,0.999746101
COOK:9600008,COOK:9600008,COOK:Wheeling Precinct 8,,,,,,,,,,0.81802713,0.048160661,0.015001427,0.101318551,0.016869084,0.001873221,0.427,0.6811,0.3189,0.7455,0.0124,0.0739,0,0.1596,0.176439265,0.068072296,0.076260807,0.215073604,0.093829879,0.110902861,0.111344895,0.082841239,0.065235154,0.044589257,0.081676272,0.02284128,0.00986731,0.065333124,0.001112217,0.006570744,2.84E-05,0.002230622,0.095802386,0.010942678,0.057878894,0.149185332,0.079472736,0.143849364,0.228619413,,-0.196319148,,,-0.373493976,166,,,47.6,116947,316.7987876,-0.782085692,,-0.994354934,,,,,-0.336622028,-0.336622028,demographic_only,COOK,Wheeling Precinct 8,0,0,0,Wheeling,1,0,0,489,326,217,264,198,132,0.17342,24.59969327,80,0.7915,33.436691,109,0.03328,17.5860611,57,0.00092,7.322924857,24,0.00024,4.063867085,13,0.0006,6.455171819,21,4.00E-05,3.174533386,10,COOK:9600008,COOK:9600008,COOK:WHEELING PRECINCT 8,1,78.49168666,2.650080417,2.650080417,2.650080417,2.650080417,5.607830837,2.650080417,2.650080417,19.04031356,24.7755961,12.97323275,5.453495645,3.251769643,5.569431225,2.572895637,24.40027224,33.1186825,17.5522322,7.238196883,4.019395168,6.382539485,3.102004724,16.72109904,26.66200736,16.39747748,8.742498431,2.964032903,0.002676552,0.003456639,1,0.3,0.2,1,1,1,1,1.4,1,627.5466517,627.0939105,3.169332015,1.358211764,1.811120251,0.005050353,0.00216432,0.002886033,2658.86,326,0.999784749
COOK:9600080,COOK:9600080,COOK:Wheeling Precinct 80,,,,,,,,,,0.533655232,0.304418839,0.040944906,0.113924756,0.023597422,0.001412798,0.1205,0.5951,0.4049,0.9387,0.009,0,0.0022,0.0493,0.126623455,0.1676019,0.103196515,0.16278691,0.170591031,0.12020691,0.10866861,0.038641701,0.001682969,0.060341119,0.010083186,0.012830032,0.029222605,0.08962815,0.037473212,0.07411173,0.031233988,0.054001697,0.083429656,0.166210085,0.108090611,0.126912242,0.058733402,0.043033487,0.014664799,,0.196063085,0.269230769,52,-0.114754098,61,0.363934426,305,43.7,61592,193.1699924,0.889530989,-0.444097863,-0.086236162,0.158191805,0.031770477,0.129347192,-0.011346194,-0.486396883,0.031770477,complete,COOK,Wheeling Precinct 80,0,0,0,Wheeling,1,0,0,264,176,117,169,127,85,0.1673,24.17650948,43,0.78006,33.0918606,58,0.05106,18.79201005,33,0.00078,6.70699521,12,0.0003,4.198737745,7,0.00042,6.429553487,11,8.00E-05,3.111515243,5,COOK:9600080,COOK:9600080,COOK:WHEELING PRECINCT 80,1,65.45992531,5.037303767,5.037303767,5.037303767,5.037303767,4.676777929,5.037303767,4.676777929,19.04017303,25.04107939,14.13852451,5.216192432,3.400257361,5.570435136,2.573635915,23.99442455,32.81838731,18.70751037,6.709825487,4.145407854,6.359283007,3.078484612,16.72095851,26.92749066,17.56276924,8.505195219,3.112520621,0.003680463,0.004196917,1,0.3,0.2,1,1.000000003,1.000000004,1.000000002,1.399999998,1.000000359,463.7996418,461.8955202,6.638805954,3.694244295,2.944561659,0.014313952,0.007965173,0.00634878,3336.04,176,1
LAKE:CUBA 66,LAKE:CUBA 66,LAKE:Cuba 66,,,,,,,,,,0.915433564,0.025389411,0.010865475,0.026575202,0.006046377,0,0.4096,0.9642,0.0358,0.7346,0.0001,0,0.0499,0.2155,0.058315691,0.241834615,0.097481515,0.083177603,0.13578257,0.244663695,0.096626818,0.01630888,0.025808612,0.021196999,0.012109883,2.94E-06,2.18E-05,1.33E-05,4.92E-06,0.012131996,2.71E-05,1.15E-05,0.012137177,0.015158031,0.093929957,0.054556345,0.042554665,0.321052984,0.415090395,,0.15233682,,,,,-0.195121951,410,50.3,186776,179.202316,0.703249481,,,-1.620342741,,,,-0.683537202,-0.748995658,mc_lake_2race,LAKE,Cuba 66,0,0,0,,0,1,0,176,117,78,142,107,71,0.51738,30.39432687,36,0.46194,29.73405307,35,0.01912,15.58323711,18,0.00056,6.053337167,7,0.0004,5.102939259,6,0.00044,6.573322309,8,0.00016,3.204226995,4,LAKE:CUBA 66,LAKE:CUBA 66,LAKE:CUBA 66,1.3,86.17761068,1.277573066,1.277573066,1.277573066,1.277573066,6.156950923,1.277573066,1.277573066,21.82818491,20.43236247,10.45964934,3.960010358,3.78059758,5.567649835,2.570434944,30.12908113,29.45926135,15.52574764,5.934372019,5.085109004,6.48048306,3.199268996,19.50897038,22.31877374,13.88389406,7.249013145,3.49286084,0.000895162,0.000995946,1,0.3,0.2,1,1,1,1,1.4,1,339.9411601,337.9343503,3.441340896,1.720455123,1.720885773,0.010123343,0.005061038,0.005062305,844.81,117,1
LAKE:CUBA 67,LAKE:CUBA 67,LAKE:Cuba 67,,,,,,,,,,0.86283746,0.037966174,0.019083523,0.069150391,0.009058429,1.69E-09,0.4478,0.9645,0.0355,0.7352,0.0219,0,0.023,0.2077,0.104930597,0.183816746,0.076948867,0.08140874,0.120106268,0.181399745,0.118908895,0.076477478,0.056002664,0.030486365,0.008593428,0.010142556,0.008227695,1.41E-07,0.008330507,0.010353255,0.054747635,0.018266721,0.026448407,0.043265107,0.063786382,0.090316117,0.049123739,0.198566045,0.379345899,,-0.358459891,,,,,-0.173202614,612,52.9,169619,258.2534206,-1.472833509,,,-1.550610422,,,,-0.599344866,-1.521444079,mc_lake_2race,LAKE,Cuba 67,0,0,0,,0,1,0,320,213,142,185,139,93,0.51662,30.49304018,65,0.46172,29.75143664,63,0.02054,15.61921629,33,0.0004,5.990405456,13,0.00038,5.102490185,11,0.00026,6.557723866,14,8.00E-05,3.224621757,7,LAKE:CUBA 67,LAKE:CUBA 67,LAKE:CUBA 67,1.3,91.33140718,0.357238236,0.357238236,0.357238236,0.357238236,6.525163407,0.357238236,0.357238236,21.82771027,20.4316417,10.45914876,3.960221112,3.780521737,5.568827892,2.571912125,30.12822378,29.45801475,15.52490033,5.934617386,5.085176665,6.481652612,3.200737672,19.50849575,22.31805297,13.88339348,7.249223899,3.492784997,0.002073219,0.002473128,1,0.3,0.2,1,1,1,1,1.4,1,566.0990945,562.965743,5.300271116,2.699967729,2.600303387,0.009362797,0.004769426,0.004593371,2315.04,213,0.99999985
LAKE:CUBA 68,LAKE:CUBA 68,LAKE:Cuba 68,,,,,,,,,,0.896566851,0.029693332,0.019220395,0.038799342,0.013599104,5.08E-06,0.5181,0.9772,0.0228,0.7903,0.029,0,0.0282,0.1416,0.10414356,0.161496986,0.085806432,0.065076695,0.142745507,0.160856187,0.144275571,0.097030446,0.038568615,0.012786554,0.007019553,0.011246367,0.013460496,0.002121674,0.000593103,0.000820003,0.022860285,0.016140397,0.058616784,0.051561818,0.080295043,0.065544298,0.066690682,0.172035939,0.418207001,,-0.275497036,,,,,-0.076655052,574,53.2,176228,231.5068063,-1.119397291,,,-1.243462196,,,,-0.614638459,-1.196937857,mc_lake_2race,LAKE,Cuba 68,0,0,0,,0,1,0,347,231,154,178,134,89,0.51814,30.37662916,70,0.4593,29.66877057,69,0.02086,15.65080669,36,0.00062,6.003373223,14,0.00042,5.161777802,12,0.0004,6.511309185,15,0.00026,3.246350128,7,LAKE:CUBA 68,LAKE:CUBA 68,LAKE:CUBA 68,1.3,89.97903874,0.598736281,0.598736281,0.598736281,0.598736281,6.428543577,0.598736281,0.598736281,21.82804863,20.43215553,10.45950561,3.960389905,3.780575804,5.568155135,2.570936312,30.12863375,29.45867022,15.52536116,5.934832458,5.085092401,6.480975604,3.199757608,19.50883411,22.31856679,13.88375034,7.249392691,3.492839064,0.001400462,0.001497315,1,0.3,0.2,1,1,1,1,1.4,1,251.1172345,249.8085199,2.185209759,1.133456936,1.051752823,0.008701951,0.004513656,0.004188294,1115.27,231,1
LAKE:CUBA 69,LAKE:CUBA 69,LAKE:Cuba 69,,,,,,,,,,0.882606229,0.04122231,0.009269782,0.052695809,0.01107477,0.001295679,0.5531,0.9997,0.0003,0.6281,0.0654,0,0,0.3036,0.08480073,0.135668581,0.06695083,0.069184205,0.116925069,0.207879617,0.139520118,0.13051812,0.04855273,0.032007781,0.04397548,4.58E-05,0.066103509,0.008050121,6.83E-05,0.006929116,0.006858849,0.015617906,0.004335178,0.048901179,0.06182958,0.107101339,0.069586101,0.160764971,0.367824758,,-0.20713355,,,,,-0.263513514,592,55.3,158892,248.1491441,-0.828156929,,,-1.83791786,,,,-0.481785331,-1.459257511,mc_lake_2race,LAKE,Cuba 69,0,0,0,,0,1,0,273,182,121,138,104,69,0.51556,30.42936327,55,0.4639,29.81501989,54,0.01876,15.55250278,28,0.0009,5.933898424,11,0.00028,5.142011857,9,0.00048,6.582554324,12,0.00012,3.237036394,6,LAKE:CUBA 69,LAKE:CUBA 69,LAKE:CUBA 69,1.3,91.12817013,0.393531119,0.393531119,0.393531119,0.393531119,6.510643156,0.393531119,0.393531119,21.86241015,20.45368657,10.42650953,3.921148888,3.771725845,5.56818764,2.571255704,30.18897199,29.50207106,15.48458067,5.881460953,5.074101201,6.481534212,3.200603102,19.54319563,22.34009784,13.85075426,7.210151675,3.483989105,0.001432967,0.001816706,1,0.3,0.2,1,1,1,1,1.4,1,612.8806243,611.7278164,1.155659901,1.154074524,0.001585376,0.00188562,0.001883033,2.59E-06,1635.29,182,1
LAKE:CUBA 70,LAKE:CUBA 70,LAKE:Cuba 70,,,,,,,,,,0.933925273,0.014492898,0.005442812,0.028963811,0.006335974,1.09E-07,0.5123,0.9728,0.0272,0.7849,0,0,0,0.2,0.040882045,0.087307716,0.027271761,0.040041835,0.045713945,0.141642977,0.216690491,0.175887811,0.224561419,0.057754398,1.14E-05,0.017332775,0.02166531,0.030310412,0.010107224,7.37E-06,0.167451985,0.007238255,0.031806309,0.086653405,0.070810994,0.147309242,0.080898137,0.109926542,0.160716258,,-0.49753386,,,,,-0.080058224,687,67.2,99594,270.1408048,-2.065312849,,,-1.254288758,,,,-0.770123759,-1.558422793,mc_lake_2race,LAKE,Cuba 70,0,0,0,,0,1,0,384,256,171,205,154,103,0.5698,33.70677047,86,0.42662,32.02187862,82,0.00342,13.01907529,33,2.00E-05,2.782795462,7,6.00E-05,4.449847397,11,2.00E-05,6.53149905,17,6.00E-05,3.269925203,8,LAKE:CUBA 70,LAKE:CUBA 70,LAKE:CUBA 70,1.3,91.44232853,0.337430549,0.337430549,0.337430549,0.337430549,6.533088172,0.337430549,0.337430549,23.84161715,21.70202311,8.544380995,1.705851432,3.265789792,5.567551981,2.570442015,33.71196497,32.03789588,13.09697174,2.801368712,4.425079942,6.510575541,3.229466402,21.52240263,23.58843438,11.96862572,4.994854218,2.978053052,0.000797309,0.001003018,1,0.3,0.2,1,1,1,1,1.4,1,123.4651675,123.2326612,0.232726919,0.232462164,0.000264756,0.00188496,0.001882816,2.14E-06,904.86,256,1
LAKE:CUBA 71,LAKE:CUBA 71,LAKE:Cuba 71,,,,,,,,,,0.892187513,0.040939353,0.008011085,0.038033377,0.011728428,0.001135103,0.5945,0.9859,0.0141,0.6676,0.0361,0,0,0.2825,0.071395392,0.104410925,0.060153367,0.055525398,0.10577067,0.204927609,0.168408802,0.159692983,0.069714853,0.027100521,0.026257887,0.010357163,0.060152335,0.023564263,0.000588635,0.007118734,0.016886706,0.014076621,0.019979876,0.059210014,0.064384921,0.125332681,0.082015769,0.161334475,0.301639398,,-0.228964906,,,,,-0.026315789,684,57.9,138714,256.470313,-0.92116231,,,-1.083317133,,,,-0.460211826,-1.022509075,mc_lake_2race,LAKE,Cuba 71,0,0,0,,0,1,0,390,260,173,159,120,80,0.52458,30.95028717,80,0.45872,30.16650848,78,0.01516,15.1039157,39,0.00066,5.463438894,14,0.0004,5.001926124,13,0.00038,6.513662978,17,0.0001,3.257405046,8,LAKE:CUBA 71,LAKE:CUBA 71,LAKE:CUBA 71,1.3,88.85440648,0.79956653,0.79956653,0.79956653,0.79956653,6.348194336,0.79956653,0.79956653,22.16171607,20.6425761,10.14213194,3.586301081,3.695266868,5.567825719,2.570767225,30.71265528,29.87912074,15.12999078,5.42381275,4.977636403,6.485582452,3.204524784,19.84250155,22.52898737,13.56637667,6.875303868,3.407530128,0.001071046,0.001328228,1,0.3,0.2,1,1,1,1,1.4,1,229.9146125,229.4818168,0.433024837,0.432749802,0.000275035,0.001883416,0.00188222,1.20E-06,943.12,260,1
LAKE:ELA 79,LAKE:ELA 79,LAKE:Ela 79,,,,,,,,,,0.806657077,0.07064586,0.034322656,0.080075978,0.006265452,5.78E-05,0.4991,1,0,0.6902,0.0445,0,0.0327,0.2325,0.115286676,0.105553071,0.090317942,0.100872277,0.124406273,0.161582454,0.173973044,0.098560953,0.029447308,0.009678811,0.001143959,0.001485563,0.011551718,0.004645002,0.011089396,0.041889288,0.002229027,0.029007611,0.015691091,0.018646713,0.072549536,0.048165509,0.130924495,0.144719342,0.456582941,,-0.252292185,,,,,-0.168421053,570,53.5,185000,239.8279752,-1.020540583,,,-1.535398769,,,,-0.422793357,-1.342326949,mc_lake_2race,LAKE,Ela 79,0,0,0,,0,1,0,285,190,127,167,126,84,0.51906,30.38608422,58,0.45964,29.6986645,56,0.01994,15.57534428,30,0.00052,5.998345098,11,0.00038,5.185424488,10,0.0003,6.600030269,13,0.00016,3.240282024,6,LAKE:ELA 79,LAKE:ELA 79,LAKE:ELA 79,1.3,90.68095246,0.473392634,0.473392634,0.473392634,0.473392634,6.478691734,0.473392634,0.473392634,21.82758847,20.43145674,10.4590203,3.960973903,3.780502274,5.56949607,2.572460362,30.12756309,29.45718412,15.52436928,5.935534431,5.085115109,6.482296018,3.201261137,19.50837395,22.31786801,13.88326503,7.249976689,3.492765534,0.002741397,0.003021365,1,0.3,0.2,1,1,1,1,1.4,1,503.1428457,502.0198989,1.966389796,0.842938087,1.123451709,0.003908214,0.001675345,0.002232868,1679.85,190,1
LAKE:ELA 80,LAKE:ELA 80,LAKE:Ela 80,,,,,,,,,,0.863786269,0.046689463,0.007409835,0.06485296,0.012076805,0.000294133,0.5006,0.9969,0.0031,0.7074,0.0436,0,0.0286,0.2204,0.117620426,0.138680865,0.093775986,0.12189165,0.12061406,0.15926459,0.143296772,0.080531388,0.024324261,0.009474097,0.000140716,0.000277815,0.015248524,0.003943325,0.007956522,0.038336502,0.000485968,0.027817781,0.037133232,0.023075548,0.084181596,0.04770081,0.104903556,0.132225327,0.467098679,,-0.302526342,,,,,-0.153324288,737,51.2,187559,286.485958,-1.234546844,,,-1.487371201,,,,-0.548010907,-1.392562067,mc_lake_2race,LAKE,Ela 80,0,0,0,,0,1,0,389,259,173,171,129,86,0.51636,30.48446683,79,0.46342,29.79038932,77,0.01916,15.59628723,40,0.00038,6.011335547,16,0.00024,5.1100647,13,0.00032,6.527182616,17,0.00012,3.229153329,8,LAKE:ELA 80,LAKE:ELA 80,LAKE:ELA 80,1.3,90.88435583,0.437070051,0.437070051,0.437070051,0.437070051,6.493223867,0.437070051,0.437070051,21.82775818,20.43171446,10.45919928,3.959622781,3.780529392,5.568406815,2.57162331,30.12867428,29.4585624,15.52524487,5.933887214,5.085235012,6.481251051,3.200468372,19.50854366,22.31812572,13.88344401,7.248625568,3.492792652,0.001652143,0.002184313,1,0.3,0.2,1,1,1,1,1.4,1,412.3291574,411.409267,1.609875995,0.689954299,0.919921696,0.003904347,0.00167331,0.002231037,1391.59,259,1
LAKE:ELA 81,LAKE:ELA 81,LAKE:Ela 81,,,,,,,,,,0.794238125,0.051872086,0.014005091,0.122801106,0.010734576,0.001376046,0.5109,0.973,0.027,0.822,0.037,0,0.0011,0.1399,0.122656099,0.167986838,0.089380579,0.131683301,0.127473857,0.172715172,0.109281173,0.06106294,0.017760041,0.009887234,2.64E-08,0,0.013745104,0.002872479,0.0038368,0.025921338,0,0.02197116,0.05419228,0.025655961,0.08490429,0.055553148,0.087869017,0.145422507,0.468168653,,-0.26649549,,,,,-0.207792208,616,48.2,189056,238.3420522,-1.081049137,,,-1.660650823,,,,-0.59813994,-1.44330019,mc_lake_2race,LAKE,Ela 81,0,0,0,,0,1,0,305,203,135,213,160,107,0.51624,30.39507321,62,0.4629,29.72868381,60,0.01946,15.54809213,32,0.00052,5.950988683,12,0.00044,5.09131556,10,0.00026,6.61530565,13,0.00018,3.275560393,7,LAKE:ELA 81,LAKE:ELA 81,LAKE:ELA 81,1.3,91.07239016,0.403491979,0.403491979,0.403491979,0.403491979,6.506657962,0.403491979,0.403491979,21.82711217,20.43073343,10.45851796,3.959665375,3.780426164,5.569882341,2.573574731,30.12766141,29.45704423,15.52420125,5.933922599,5.085354695,6.482722898,3.202416115,19.50789764,22.3171447,13.88276268,7.248668162,3.492689424,0.003127669,0.004135734,1,0.3,0.2,1,1,1,1,1.4,1,499.8338088,498.7187184,1.951430489,0.836333024,1.115097465,0.003904159,0.001673222,0.002230936,1830.47,203,0.999983965
LAKE:ELA 82,LAKE:ELA 82,LAKE:Ela 82,,,,,,,,,,0.740223131,0.050406859,0.025217677,0.170852729,0.008328374,0.002156117,0.4779,0.9732,0.0268,0.8101,0.0319,0,0,0.1574,0.129409831,0.188566893,0.067819557,0.11129024,0.152050078,0.184327462,0.094621692,0.052349841,0.019564404,0.011039571,0.002417734,0,0.003898959,0.012325523,0.004676513,0.005000891,0,0.015456638,0.045144622,0.01518722,0.07912995,0.059770762,0.067662247,0.144645864,0.533643506,,-0.265525768,,,,,0.007949126,629,48.5,206304,277.8676045,-1.076917952,,,-0.974309639,,,,-0.579012066,-1.012787756,mc_lake_2race,LAKE,Ela 82,0,0,0,,0,1,0,417,278,185,245,184,123,0.51708,30.42807087,85,0.46168,29.74955905,83,0.01984,15.67900881,44,0.00056,6.000112471,17,0.0004,5.125235977,14,0.00032,6.503437488,18,0.00012,3.16905822,9,LAKE:ELA 82,LAKE:ELA 82,LAKE:ELA 82,1.3,88.78058675,0.812748827,0.812748827,0.812748827,0.812748827,6.342920292,0.812748827,0.812748827,21.82657648,20.42991995,10.45795299,3.960006338,3.780340565,5.571265918,2.575266883,30.12662875,29.45556193,15.52319868,5.934325558,5.085419404,6.484093542,3.204095334,19.50736196,22.31633122,13.88219772,7.249009124,3.492603825,0.004511245,0.005827886,1,0.3,0.2,1,1,1,1,1.4,1,486.4993506,485.4881131,2.398127064,1.117496585,1.280630478,0.004929353,0.002297016,0.002632337,1798.24,278,1
LAKE:ELA 83,LAKE:ELA 83,LAKE:Ela 83,,,,,,,,,,0.791599127,0.05461755,0.028297388,0.115325288,0.008068908,0.001128805,0.5606,0.9552,0.0448,0.6643,0.1634,0,0,0.1668,0.104573709,0.140390996,0.052200027,0.07533769,0.171522617,0.179080802,0.165673552,0.068480927,0.042739679,0.024320334,0.005707515,1.18E-05,0.004917181,0.024279094,0.008598627,0.004326326,5.09E-05,5.67E-05,0.040028282,0.015515345,0.103461944,0.041252177,0.079874157,0.072682206,0.574917467,,-0.156632467,,,,,-0.085814361,571,53.2,213031,237.1533138,-0.613013516,,,-1.272600845,,,,-0.431239285,-1.025255596,mc_lake_2race,LAKE,Ela 83,0,0,0,,0,1,0,339,226,151,195,147,98,0.51822,30.48127069,66,0.46084,29.75719252,65,0.01968,15.56535774,34,0.0005,6.021515241,13,0.00032,5.178229237,11,0.00026,6.494691101,14,0.00018,3.228578024,7,LAKE:ELA 83,LAKE:ELA 83,LAKE:ELA 83,1.3,88.87502536,0.795884532,0.795884532,0.795884532,0.795884532,6.34966745,0.795884532,0.795884532,21.82719551,20.43085999,10.45860585,3.960465702,3.780439481,5.57011394,2.573518079,30.12728384,29.45665106,15.5239742,5.934903071,5.085248228,6.482928919,3.202333884,19.50798098,22.31727126,13.88285058,7.249468489,3.492702741,0.003359268,0.004079082,1,0.3,0.2,1,1,1,1,1.4,1,464.3319964,463.4719758,3.001569307,1.497701153,1.503868154,0.006464274,0.003225496,0.003238778,1353.61,218,0.997569398
LAKE:ELA 87,LAKE:ELA 87,LAKE:Ela 87,,,,,,,,,,0.814144641,0.053865117,0.018040705,0.098627042,0.012062194,0.001463987,0.4314,0.9745,0.0255,0.7839,0.0277,0,0,0.1875,0.109274831,0.141519676,0.047132467,0.073868426,0.18447662,0.194862021,0.146942068,0.065787592,0.036136298,0.021253709,0.005931157,0,0.003241093,0.037522429,0.010228532,0.002390588,0,7.02E-06,0.039662449,0.021092744,0.139218209,0.037611574,0.086127499,0.085490498,0.510222497,,-0.237165682,,,,,0.034591195,636,52.5,202004,253.2012824,-0.956099044,,,-0.88955282,,,,-0.718258118,-0.914507654,mc_lake_2race,LAKE,Ela 87,0,0,0,,0,1,0,357,238,159,201,151,101,0.51922,30.37595805,72,0.45962,29.69414509,71,0.0195,15.62137223,37,0.00074,6.00342767,14,0.00038,5.180480879,12,0.00036,6.543091327,16,0.00018,3.280537154,8,LAKE:ELA 87,LAKE:ELA 87,LAKE:ELA 87,1.3,87.95533142,0.960118095,0.960118095,0.960118095,0.960118095,6.283960007,0.960118095,0.960118095,21.82738166,20.43114268,10.45880218,3.960008764,3.780469227,5.569455914,2.572848103,30.12785616,29.45741356,15.52447451,5.934349323,5.085263972,6.482286329,3.201679344,19.50816714,22.31755395,13.88304691,7.249011551,3.492732487,0.002701242,0.003409105,1,0.3,0.2,1,1,1,1,1.4,1,285.0223598,284.4964883,1.840550294,0.920275147,0.920275147,0.006457565,0.003228782,0.003228782,1056.68,238,1
LAKE:ELA 88,LAKE:ELA 88,LAKE:Ela 88,,,,,,,,,,0.820875327,0.055116015,0.008839011,0.097181223,0.016414028,0.000638137,0.3968,0.9714,0.0286,0.8189,0.0398,0,0,0.102,0.095898071,0.160075444,0.050011505,0.0679068,0.193588494,0.250653464,0.120184649,0.052120357,0.009561217,0.012886548,0.005955343,0,0.001950538,0.055955097,0.007444574,0.001950934,0,5.54E-06,0.023400269,0.049434718,0.236261706,0.044846835,0.124596406,0.129143074,0.306168418,,-0.145250262,,,,,0.026521061,641,51.6,137020,259.7393437,-0.56452334,,,-0.91522646,,,,-0.655519572,-0.78371279,mc_lake_2race,LAKE,Ela 88,0,0,0,,0,1,0,329,219,146,210,158,105,0.51456,30.4270174,67,0.46492,29.7872586,65,0.0192,15.59106738,34,0.00044,5.989722236,13,0.00036,5.120968288,11,0.0004,6.585473022,14,0.00012,3.26212945,7,LAKE:ELA 88,LAKE:ELA 88,LAKE:ELA 88,1.3,86.5969523,1.202689494,1.202689494,1.202689494,1.202689494,6.186910744,1.202689494,1.202689494,21.82739778,20.43116716,10.45881918,3.959526802,3.780471803,5.569167285,2.572682983,30.12818474,29.45780296,15.5247164,5.93376058,5.085315307,6.482013339,3.201529864,19.50818326,22.31757843,13.88306391,7.248529589,3.492735063,0.002412612,0.003243986,1,0.3,0.2,1,1,1,1,1.4,1,106.8892555,106.6918759,0.690439859,0.345219929,0.345219929,0.006459394,0.003229697,0.003229697,545.43,219,0.999297042
LAKE:ELA 89,LAKE:ELA 89,LAKE:Ela 89,,,,,,,,,,0.719085487,0.050541443,0.007875667,0.209764516,0.011151312,0.003057677,0.4327,0.9475,0.0525,0.7895,0.0651,0,0,0.1122,0.093894224,0.151208463,0.065040244,0.084222574,0.170951847,0.226748167,0.135730154,0.053617121,0.018587207,0.011333546,0.001347623,0,0.009696389,0.033795659,0.003350611,0.009279405,0,0.000249449,0.037075477,0.042979029,0.195974814,0.045844664,0.122669019,0.108721839,0.377682477,,-0.27804616,,,,,-0.145454545,550,51.7,147229,239.5307906,-1.130257004,,,-1.462335068,,,,-0.519740068,-1.337805794,mc_lake_2race,LAKE,Ela 89,0,0,0,,0,1,0,329,219,146,193,145,97,0.5161,30.44529585,67,0.46228,29.73690489,65,0.02004,15.61102282,34,0.00064,6.041147662,13,0.0004,5.084661432,11,0.0004,6.527653116,14,0.00014,3.24346921,7,LAKE:ELA 89,LAKE:ELA 89,LAKE:ELA 89,1.3,90.66174754,0.476822136,0.476822136,0.476822136,0.476822136,6.47731964,0.476822136,0.476822136,21.82614268,20.4292612,10.45749548,3.958876443,3.780271248,5.571650096,2.576296765,30.1266793,29.4553893,15.52301788,5.932933143,5.085630667,6.484512707,3.205160202,19.50692816,22.31567246,13.88174021,7.247879229,3.492534508,0.004895423,0.006857768,1,0.3,0.2,1,1,1,1,1.4,1,375.1250558,374.4044949,2.455709766,1.227854883,1.227854883,0.006546376,0.003273188,0.003273188,1623.46,219,0.99978632
LAKE:ELA 90,LAKE:ELA 90,LAKE:Ela 90,,,,,,,,,,0.720936692,0.040427357,0.021791438,0.20332109,0.006821473,0.001913853,0.525,0.9583,0.0417,0.7048,0.136,0,0,0.1412,0.081367592,0.153747748,0.067797682,0.075230369,0.149911499,0.185691133,0.184627491,0.06296831,0.038658177,0.016286113,0.00053236,1.44E-06,0.010078535,0.009155331,0.001122073,0.00847564,6.95E-06,7.00E-06,0.022486342,0.019612723,0.105132454,0.049500706,0.101287953,0.065126106,0.591188262,,-0.148676477,,,,,-0.178694158,582,53.6,215425,254.0928362,-0.579119613,,,-1.568080754,,,,-0.449132457,-1.197220326,mc_lake_2race,LAKE,Ela 90,0,0,0,,0,1,0,350,233,155,212,159,106,0.51804,30.42825459,71,0.4599,29.7577222,69,0.02068,15.58867007,36,0.00038,6.058517365,14,0.00032,5.097262541,12,0.00044,6.585709345,15,0.00024,3.223996724,8,LAKE:ELA 90,LAKE:ELA 90,LAKE:ELA 90,1.3,89.98058704,0.598459795,0.598459795,0.598459795,0.598459795,6.428654195,0.598459795,0.598459795,21.82621452,20.42937028,10.45757124,3.959651239,3.780282726,5.571894217,2.576268514,30.12630025,29.4549883,15.52278404,5.933882135,5.085529275,6.484732032,3.205107156,19.50699999,22.31578155,13.88181597,7.248654026,3.492545986,0.005139544,0.006829517,1,0.3,0.2,1,1,1,1,1.4,1,717.2014492,715.8774883,4.632042283,2.315359027,2.316683256,0.006458495,0.003228325,0.003230171,2349.38,233,0.999713836
LAKE:FREMONT 115,LAKE:FREMONT 115,LAKE:Fremont 115,,,,,,,,,,0.810049286,0.051506787,0.013377824,0.100991193,0.008026446,0.000669108,0.4692,1,0,0.515,0,0,0,0.2657,0.085708142,0.138344976,0.061442523,0.125438085,0.082095126,0.165709755,0.176020155,0.03980538,0.125435858,1.01E-05,0.016277263,7.21E-06,1.31E-05,3.80E-07,2.68E-06,2.56E-06,1.24E-05,0.017638135,0.013593014,0.230601619,0.066505215,0.039361945,0.032580581,0.130272868,0.453120986,,-0.267504338,,,,,-0.248407643,628,55.7,182007,276.6788661,-1.085347005,,,-1.789861323,,,,0.021268446,-1.525668454,mc_lake_2race,LAKE,Fremont 115,0,0,0,,0,1,0,363,242,161,261,196,131,0.51892,30.51314587,74,0.46036,29.80974454,72,0.0191,15.47239243,37,0.0005,5.856118227,14,0.00064,5.158614857,12,0.00032,6.602888063,16,0.00016,3.215632929,8,LAKE:FREMONT 115,LAKE:FREMONT 115,LAKE:FREMONT 115,1.3,91.34443794,0.354911279,0.354911279,0.354911279,0.354911279,6.526094389,0.354911279,0.354911279,21.90789366,20.4818907,10.38216478,3.869593749,3.759872874,5.569378687,2.572864175,30.26849818,29.55866163,15.42929196,5.811170145,5.059412265,6.483401345,3.20288766,19.58867914,22.36830197,13.80640951,7.158596535,3.472136134,0.002624014,0.003425178,1,0.3,0.2,1,1,1,1,1.4,1,550.964424,548.8509101,5.988049939,2.8178899,3.170160039,0.010868306,0.005114468,0.005753838,1788.63,242,0.999678729
LAKE:FREMONT 118,LAKE:FREMONT 118,LAKE:Fremont 118,,,,,,,,,,0.856712134,0.094878708,0.007928047,0.037518094,0.010391485,0.000866027,0.2887,0.8945,0.1055,0.86,0.0001,0,0,0.126,0.092255003,0.141553491,0.1326285,0.075984967,0.111836918,0.188915425,0.160473867,0.059205823,0.037146006,1.95E-05,0.008091947,4.92E-06,4.88E-06,0.036541137,0.028413199,1.48E-06,4.73E-06,0.024485991,0.021999471,0.034437517,0.036661503,0.142829758,0.068969784,0.253444105,0.344090067,,-0.224738773,,,,,-0.150887574,676,52.3,169242,276.9760507,-0.903158247,,,-1.479619246,,,,-0.914556532,-1.263446371,mc_lake_2race,LAKE,Fremont 118,0,0,0,,0,1,0,366,244,163,198,149,99,0.5154,30.39904134,74,0.46418,29.72248581,73,0.01922,15.58160845,38,0.00042,6.043043373,15,0.00042,5.102021167,12,0.00028,6.538482274,16,8.00E-05,3.223921523,8,LAKE:FREMONT 118,LAKE:FREMONT 118,LAKE:FREMONT 118,1.3,90.32276808,0.537355106,0.537355106,0.537355106,0.537355106,6.453101286,0.537355106,0.537355106,21.82806291,20.43217722,10.45952067,3.959795816,3.780578086,5.567811919,2.570749559,30.12903025,29.45913736,15.52565047,5.934106607,5.085156743,6.480651646,3.199590112,19.50884839,22.31858848,13.8837654,7.248798602,3.492841346,0.001057246,0.001310561,1,0.3,0.2,1,1,1,1,1.4,1,718.3348342,716.5632747,4.74818438,2.362618551,2.38556583,0.006609988,0.003289021,0.003320966,1832.16,244,0.999552712
LAKE:VERNON 270,LAKE:VERNON 270,LAKE:Vernon 270,,,,,,,,,,0.660311252,0.041724137,0.007158876,0.287227169,0.002386397,5.28E-07,0.6326,0.9021,0.0979,0.6635,0.008,0,0.0127,0.3021,0.07020553,0.061581263,0.174919063,0.023774215,0.077777011,0.214891375,0.29046272,0.061553898,0.024834925,9.59E-07,0,2.37E-06,6.51E-06,0.008877024,0.02070633,2.85E-06,0.02662395,0.02958098,0.00591858,0.008881257,0.071010821,0.091718181,0.082843557,0.141998369,0.511828254,,-0.326660276,,,,,-0.091383812,383,56.3,202311,174.744547,-1.337361608,,,-1.290319024,,,,-0.220184353,-1.307959993,mc_lake_2race,LAKE,Vernon 270,0,0,0,,0,1,0,270,180,120,146,110,73,0.51818,30.65399003,55,0.46306,29.9421933,54,0.01766,15.37212205,28,0.00046,5.728791771,10,0.0002,5.050359628,9,0.00028,6.593505807,12,0.00016,3.230809113,6,LAKE:VERNON 270,LAKE:VERNON 270,LAKE:VERNON 270,1.3,90.53104113,0.500162924,0.500162924,0.500162924,0.500162924,6.467981333,0.500162924,0.500162924,21.97485035,20.52227046,10.31430972,3.790996667,3.741890709,5.573356885,2.578782523,30.38679486,29.64165578,15.34481374,5.704026133,5.037743276,6.48843147,3.209857935,19.65563583,22.40868172,13.73855445,7.079999454,3.454153969,0.006602212,0.009343526,1,0.3,0.2,1,1,1,1,1.4,1,648.1406944,646.3395706,4.385227045,1.357595509,3.027631535,0.006765857,0.0020946,0.004671257,1113.13,180,0.999529881
LAKE:VERNON 275,LAKE:VERNON 275,LAKE:Vernon 275,,,,,,,,,,0.734511017,0.043536265,0.033692554,0.181239034,0.008424019,0.007018324,0.4893,0.9432,0.0568,0.7518,0.0288,0,0.0025,0.2018,0.138321619,0.230206917,0.035096283,0.0726596,0.198712939,0.141008699,0.087668047,0.08055396,0.015771936,0.009142715,0.00304771,0.051796575,0.015237933,6.93E-06,0.006102624,0.003047403,1.14E-05,0.003067402,0.027431599,0.012198531,0.045741893,0.045753262,0.079282751,0.146356437,0.551774779,,-0.311297952,,,,,-0.223404255,376,48.4,209383,151.5641479,-1.271915431,,,-1.710317665,,,,-0.457314311,-1.545916827,mc_lake_2race,LAKE,Vernon 275,0,0,0,,0,1,0,228,152,101,128,96,64,0.51986,30.4230963,46,0.46006,29.66284545,45,0.0187,15.63836771,24,0.0007,5.952430626,9,0.00032,5.183801709,8,0.00026,6.493234184,10,0.0001,3.2666625,5,LAKE:VERNON 275,LAKE:VERNON 275,LAKE:VERNON 275,1.3,91.40560046,0.343989233,0.343989233,0.343989233,0.343989233,6.530464139,0.343989233,0.343989233,21.82646069,20.42974412,10.45783087,3.960402047,3.780322063,5.571733592,2.575710603,30.12620245,29.45500616,15.52283745,5.934806275,5.085397007,6.484548009,3.204525847,19.50724617,22.31615538,13.8820756,7.249404834,3.492585323,0.004978919,0.006271605,1,0.3,0.2,1,1,1,1,1.4,1,926.9240604,925.2836374,2.418239601,1.640094879,0.778144722,0.002608886,0.001769395,0.000839491,2488.47,152,0.999802837
LAKE:VERNON 276,LAKE:VERNON 276,LAKE:Vernon 276,,,,,,,,,,0.660435981,0.027787091,0.008089247,0.293836166,0.007169172,0.001796718,0.5002,0.9084,0.0916,0.6356,0.0319,0,0,0.303,0.094194647,0.222466547,0.061238701,0.088191402,0.160650471,0.173094333,0.109303391,0.067821544,0.023038965,0.048007865,0.020310125,0.016658143,0.0424742,1.17E-05,0.022158971,0.00738769,3.69E-06,3.51E-05,0.062799952,0.044329873,0.07019532,0.029611064,0.116425122,0.186651601,0.332939598,,-0.39816733,,,,,-0.009416196,531,50.5,155248,220.8081606,-1.641994118,,,-1.029554201,,,,-0.245525487,-1.25921917,mc_lake_2race,LAKE,Vernon 276,0,0,0,,0,1,0,393,262,175,187,141,94,0.51682,30.4632923,80,0.46182,29.71872617,78,0.01946,15.53482572,41,0.0007,5.984559245,16,0.00048,5.172307626,14,0.00052,6.547753783,17,0.0002,3.279576253,9,LAKE:VERNON 276,LAKE:VERNON 276,LAKE:VERNON 276,1.3,90.30211745,0.541042774,0.541042774,0.541042774,0.541042774,6.451625904,0.541042774,0.541042774,21.82520544,20.42783792,10.45650701,3.958440432,3.780121484,5.573530133,2.579007379,30.12552379,29.4535506,15.52172721,5.93237594,5.085860576,6.486403503,3.207881575,19.50599092,22.31424919,13.88075173,7.247443219,3.492384744,0.006775461,0.009568381,1,0.3,0.2,1,1,1,1,1.4,1,282.3019591,282.2954981,0.009810347,0.006381944,0.003428403,3.48E-05,2.26E-05,1.21E-05,1342.35,262,0.999567511
LAKE:VERNON 283,LAKE:VERNON 283,LAKE:Vernon 283,,,,,,,,,,0.645858411,0.029869755,0.019301337,0.291820076,0.014017514,0.000879473,0.4908,0.9512,0.0488,0.6044,0.0483,0,0.0092,0.3126,0.123768603,0.120392834,0.079199641,0.120882855,0.178706735,0.152932778,0.111389653,0.066128903,0.046597999,0.019650308,1.76E-06,0.009852502,0.029497893,0.007858007,0.015719541,1.76E-06,0.007858007,1.76E-06,0.011856759,0.017705528,0.129805675,0.078671172,0.106362397,0.179278112,0.385878808,,-0.174488354,,,,,0.200845666,473,48.3,168172,187.8206696,-0.689082706,,,-0.360644945,,,,-0.179469502,-0.483809106,mc_lake_2race,LAKE,Vernon 283,0,0,0,,0,1,0,336,224,149,162,122,81,0.51452,30.44960265,68,0.46528,29.77708829,67,0.0186,15.59643803,35,0.00072,6.003809267,13,0.00036,5.118520644,11,0.00032,6.52452954,15,0.0002,3.243025853,7,LAKE:VERNON 283,LAKE:VERNON 283,LAKE:VERNON 283,1.3,81.91103529,2.039473142,2.039473142,2.039473142,2.039473142,5.852125863,2.039473142,2.039473142,21.82522792,20.42787205,10.45653071,3.959047797,3.780125075,5.57379761,2.579086894,30.12517502,29.45315838,15.52149025,5.933118993,5.085787597,6.486651421,3.207941532,19.50601339,22.31428332,13.88077544,7.248050583,3.492388335,0.007042937,0.009647897,1,0.3,0.2,1,1,1,1,1.4,1,74.02194925,73.64370142,0.536904443,0.378247836,0.158656607,0.007253314,0.005109942,0.002143372,993.16,224,0.998545448
LAKE:VERNON 284,LAKE:VERNON 284,LAKE:Vernon 284,,,,,,,,,,0.678323032,0.032613534,0.007125383,0.276263714,0.007090061,1.03E-05,0.5377,0.9248,0.0752,0.7438,0.0776,0,0.014,0.1645,0.13209604,0.162441732,0.05799528,0.167757044,0.139593472,0.170946638,0.070407671,0.086408849,0.012353273,0.010580048,4.25E-06,0.010638189,2.94E-05,1.04E-06,1.06E-05,0.047544541,1.04E-06,0.051066274,0.015892115,0.036995842,0.135662495,0.12685119,0.135708961,0.137613762,0.291400286,,-0.439968177,,,,,0.219968799,641,47.1,136923,266.2774049,-1.820073009,,,-0.299808232,,,,-0.307441776,-0.869907523,mc_lake_2race,LAKE,Vernon 284,0,0,0,,0,1,0,491,327,218,224,168,112,0.51818,30.46525501,100,0.46086,29.71794363,97,0.0195,15.59987918,51,0.00056,6.058089215,20,0.00044,5.193060115,17,0.0003,6.551679244,21,0.00016,3.190563516,10,LAKE:VERNON 284,LAKE:VERNON 284,LAKE:VERNON 284,1.3,87.52856338,1.036327835,1.036327835,1.036327835,1.036327835,6.253469606,1.036327835,1.036327835,21.82540134,20.42813541,10.45671361,3.958482651,3.780152787,5.573111559,2.57842897,30.12579616,29.45397067,15.52201894,5.932432608,5.085818048,6.485984262,3.207302499,19.50618682,22.31454668,13.88095834,7.247485438,3.492416047,0.006356886,0.008989973,1,0.3,0.2,1,1,1,1,1.4,1,299.9627657,299.7595389,0.406453612,0.203226806,0.203226806,0.001355014,0.000677507,0.000677507,1187.74,327,1
LAKE:VERNON 285,LAKE:VERNON 285,LAKE:Vernon 285,,,,,,,,,,0.71082227,0.021013324,0.004786025,0.249076938,0.007633155,0.001909144,0.522,0.9482,0.0518,0.7038,0.0467,0,0.0314,0.2181,0.080512825,0.19712054,0.057115957,0.140729488,0.137615412,0.186607275,0.110186193,0.086063347,0.004048962,0.004829375,1.99E-05,0.004816229,0.021536358,0,2.27E-05,0.016749567,0,0.019132622,0.033508022,0.016781268,0.067018347,0.059812199,0.081401063,0.286854929,0.387517429,,-0.317394124,,,,,0.20233463,514,50.3,180394,200.0052383,-1.297886186,,,-0.355908081,,,,-0.375020201,-0.709149871,mc_lake_2race,LAKE,Vernon 285,0,0,0,,0,1,0,359,239,159,169,127,85,0.5109,30.33237875,72,0.46778,29.80368814,71,0.01964,15.65154584,37,0.0006,5.984432217,14,0.00056,5.139835505,12,0.00032,6.520413225,16,0.0002,3.273296644,8,LAKE:VERNON 285,LAKE:VERNON 285,LAKE:VERNON 285,1.3,85.66185819,1.369673129,1.369673129,1.369673129,1.369673129,6.120103037,1.369673129,1.369673129,21.82570442,20.42859566,10.45703326,3.958502836,3.780201217,5.572440339,2.577523172,30.12624602,29.45465358,15.52249053,5.932465108,5.085757352,6.485313469,3.206397129,19.5064899,22.31500693,13.88127799,7.247505623,3.492464477,0.005685667,0.008084175,1,0.3,0.2,1,1,1,1,1.4,1,344.3873712,344.154157,0.466428401,0.233214201,0.233214201,0.001354371,0.000677186,0.000677186,1317.3,239,1
LAKE:VERNON 288,LAKE:VERNON 288,LAKE:Vernon 288,,,,,,,,,,0.758610864,0.039318736,0.009838559,0.185973176,0.005365239,0.000892943,0.4864,0.9879,0.0121,0.7181,0.0412,0,0.021,0.2024,0.190638032,0.10500403,0.077888161,0.143827505,0.16848416,0.135961548,0.117669334,0.049352945,0.011174287,0.014150726,0,1.52E-05,0.007087964,3.11E-06,0.007074713,3.49E-05,0.018833284,3.75E-05,0.075389746,0.023590043,0.070849553,0.12731323,0.132070583,0.261680053,0.261869364,,-0.33036918,,,,,0.16254417,566,46.4,154500,232.6955447,-1.353162186,,,-0.482494076,,,,-0.371266614,-0.808994617,mc_lake_2race,LAKE,Vernon 288,0,0,0,,0,1,0,405,270,180,188,141,94,0.52018,30.46071362,82,0.45766,29.74291613,80,0.02092,15.65502372,42,0.0005,5.985037296,16,0.00034,5.066696105,14,0.00028,6.530845957,18,0.00012,3.247490053,9,LAKE:VERNON 288,LAKE:VERNON 288,LAKE:VERNON 288,1.3,86.88578458,1.151111513,1.151111513,1.151111513,1.151111513,6.207546338,1.151111513,1.151111513,21.82640791,20.42966397,10.45777521,3.959107498,3.78031363,5.571174446,2.575555759,30.12693838,29.45583093,15.52333479,5.933222444,5.085553443,6.48403053,3.204412671,19.50719339,22.31607524,13.88201994,7.248110284,3.49257689,0.004419773,0.006116762,1,0.3,0.2,1,1,1,1,1.4,1,308.8692923,307.8478332,1.787413978,1.276646814,0.510767165,0.005786959,0.004133291,0.001653668,1240.4,270,0.999472718
LAKE:VERNON 289,LAKE:VERNON 289,LAKE:Vernon 289,,,,,,,,,,0.732598684,0.033728493,0.020004149,0.211514432,0.003170505,0.002102848,0.4511,0.9343,0.0657,0.7321,0.0663,0,0.002,0.166,0.110105233,0.136427946,0.131850908,0.09955368,0.121676375,0.160027534,0.154861673,0.064326193,0.021170457,0.036241157,0.000100683,0.010323377,0.020656743,0.000114704,0.020825452,6.50E-05,4.06E-05,0.000111138,0.095795879,0.03391416,0.119250418,0.178909728,0.096413341,0.248909874,0.138327719,,-0.187988716,,,,,0.238095238,504,50.6,122715,196.4390231,-0.746596601,,,-0.242142316,,,,-0.396272758,-0.431312673,mc_lake_2race,LAKE,Vernon 289,0,0,0,,0,1,0,339,226,151,160,120,80,0.17698,24.62555372,53,0.7877,33.3911709,72,0.0334,17.62762814,38,0.00112,7.35951521,16,0.00014,4.040760375,9,0.00046,6.468235422,14,0.0002,3.100307006,7,LAKE:VERNON 289,LAKE:VERNON 289,LAKE:VERNON 289,1.3,80.7928178,2.239157878,2.239157878,2.239157878,2.239157878,5.772234925,2.239157878,2.239157878,19.03908508,24.77373055,12.97193712,5.453175465,3.251573341,5.572027058,2.576509386,24.39861339,33.11615549,17.55048206,7.2377667,4.019550777,6.385135812,3.105618967,16.71987056,26.66014182,16.39618185,8.742178252,2.963836601,0.005272385,0.007070389,1,0.3,0.2,1,1,1,1,1.4,1,435.6764414,434.2719369,2.310668148,1.608302199,0.702365949,0.005303633,0.003691506,0.001612127,1588.32,218,0.99461338
LAKE:VERNON 290,LAKE:VERNON 290,LAKE:Vernon 290,,,,,,,,,,0.664209438,0.035629097,0.024587498,0.264554884,0.000852638,1.71E-06,0.4976,0.9202,0.0798,0.7636,0.0389,0,0,0.1975,0.099926421,0.115488162,0.0680839,0.116110571,0.103663076,0.165402861,0.17910287,0.116038176,0.036183962,0.016323326,6.86E-08,0.030967074,0.00164454,2.07E-07,1.50E-05,3.43E-07,9.69E-06,3.86E-06,0.009869699,0.06521481,0.166323525,0.143567191,0.161449726,0.127383692,0.277227273,,-0.41447648,,,,,0.18907563,476,55.1,135229,197.6277615,-1.711473938,,,-0.39808914,,,,-0.426509852,-0.890608439,mc_lake_2race,LAKE,Vernon 290,0,0,0,,0,1,0,357,238,159,165,124,83,0.5168,30.38018451,72,0.46282,29.69824555,71,0.01858,15.60636644,37,0.00076,5.968679145,14,0.00036,5.145198305,12,0.00054,6.569330851,16,0.00014,3.2158516,8,LAKE:VERNON 290,LAKE:VERNON 290,LAKE:VERNON 290,1.3,87.7310235,1.000173691,1.000173691,1.000173691,1.000173691,6.26793435,1.000173691,1.000173691,21.83703735,20.43558907,10.44590705,3.946594994,3.777231911,5.573337123,2.578276815,30.14543002,29.46798158,15.50818199,5.916108909,5.081985662,6.486347257,3.207287776,19.51782283,22.32200033,13.87015178,7.23559778,3.489495171,0.00658245,0.008837818,1,0.3,0.2,1,1,1,1,1.4,1,599.3371113,597.3542034,3.470130345,2.478607189,0.991523156,0.005789947,0.004135581,0.001654366,1887.49,238,0.999982301
LAKE:WAUCONDA 344,LAKE:WAUCONDA 344,LAKE:Wauconda 344,,,,,,,,,,0.813728467,0.129582832,0.010987838,0.019934476,0.02522141,0.000261067,0.1477,0.928,0.072,0.8659,0.0337,0,0.0001,0.1002,0.134155952,0.113170278,0.141440466,0.10553964,0.146426824,0.109209885,0.146780236,0.088137222,0.015139495,2.81E-05,0.01451843,0.004663022,0.060118728,0.043762468,0.014099697,0.006442033,0.010530054,0.085300171,0.038027671,0.08818495,0.25816869,0.1062715,0.060236216,0.172328112,0.037320172,,0.01667638,,,,,0.094412331,519,47.3,88007,226.454668,0.125312369,,,-0.699242931,,,,-0.911906975,-0.390034693,mc_lake_2race,LAKE,Wauconda 344,0,0,0,,0,1,0,284,189,126,135,102,68,0.17542,24.57199118,40,0.78868,33.40714291,54,0.03392,17.63181139,29,0.00096,7.28622874,12,0.0004,4.056262191,7,0.0005,6.457154766,10,0.00012,3.088440771,5,LAKE:WAUCONDA 344,LAKE:WAUCONDA 344,LAKE:WAUCONDA 344,1.3,79.83677064,2.409883188,2.409883188,2.409883188,2.409883188,5.70393023,2.409883188,2.409883188,19.04122085,24.77697388,12.97418963,5.453715141,3.25191462,5.567505212,2.570222629,24.40150553,33.12056197,17.55353275,7.238495828,4.019281691,6.380613596,3.09933184,16.72200632,26.66338514,16.39843436,8.742717928,2.96417788,0.00075054,0.000783632,1,0.3,0.2,1,1,1,1,1.4,1,61.82461161,61.56360651,0.828615528,0.404825459,0.423790069,0.013402681,0.006547966,0.006854715,1429.55,165,0.981934635
LAKE:WAUCONDA 346,LAKE:WAUCONDA 346,LAKE:Wauconda 346,,,,,,,,,,0.782743149,0.130001845,0.023075681,0.042549243,0.017629067,0.00089834,0.2692,0.7653,0.2347,0.851,0.0049,0,0.0004,0.1389,0.071724712,0.099079046,0.169140026,0.108897515,0.125366964,0.159230133,0.148989106,0.046460171,0.071112327,0.002478327,0.066397106,0.023479583,0.016939554,0.035040399,0.008491632,0.054223466,0.020209199,0.016959569,0.043522224,0.075322933,0.153530993,0.122429065,0.082911711,0.099502882,0.178561357,,0.046163933,,,,,0.131513648,403,50.1,97298,189.009408,0.250934483,,,-0.581211947,,,,-0.719916893,-0.269157036,mc_lake_2race,LAKE,Wauconda 346,0,0,0,,0,1,0,242,161,107,148,111,74,0.17368,24.54787682,40,0.79134,33.42676239,54,0.03306,17.65143551,28,0.0011,7.297977775,12,0.00018,4.081010011,7,0.00048,6.393095318,10,0.00016,3.17847591,5,LAKE:WAUCONDA 346,LAKE:WAUCONDA 346,LAKE:WAUCONDA 346,1.3,76.60493673,2.987005183,2.987005183,2.987005183,2.987005183,5.473032174,2.987005183,2.987005183,19.04096873,24.77659102,12.97392373,5.454238038,3.251874334,5.568346151,2.571106763,24.40088213,33.11958629,17.55289609,7.239058359,4.019263459,6.381437714,3.100199153,16.72175421,26.66300229,16.39816846,8.743240824,2.964137594,0.001591478,0.001667765,1,0.3,0.2,1,1,1,1,1.4,1,169.1890371,168.2349707,2.023543843,0.865579837,1.157964006,0.011960254,0.005116052,0.006844202,670.75,161,0.999488913
LAKE:WAUCONDA 347,LAKE:WAUCONDA 347,LAKE:Wauconda 347,,,,,,,,,,0.810402597,0.114911212,0.018019415,0.036555349,0.018873315,0.000913346,0.3403,0.8716,0.1284,0.7434,0.0085,0,0.0001,0.2453,0.059311406,0.096925722,0.188146491,0.100526423,0.123421816,0.163862632,0.146473344,0.050449354,0.07088281,0.011049738,0.062624183,0.029203033,0.012477894,0.026844097,0.009580503,0.071457294,0.015231164,0.031920462,0.052991193,0.081476146,0.115117764,0.107297197,0.088803781,0.072837602,0.211087946,,0.00424703,,,,,0.040685225,467,50,95662,204.4630074,0.072361173,,,-0.87016579,,,,-0.578551308,-0.516718179,mc_lake_2race,LAKE,Wauconda 347,0,0,0,,0,1,0,267,178,119,155,117,78,0.51736,30.46847526,54,0.462,29.79163663,53,0.0192,15.58161821,28,0.00052,5.969480125,11,0.00038,5.121535547,9,0.00034,6.57877124,12,0.0002,3.183463292,6,LAKE:WAUCONDA 347,LAKE:WAUCONDA 347,LAKE:WAUCONDA 347,1.3,82.55984579,1.923612357,1.923612357,1.923612357,1.923612357,5.898480066,1.923612357,1.923612357,21.82807365,20.43219352,10.45953199,3.960337937,3.780579801,5.568071648,2.570848563,30.12870471,29.45876579,15.52542415,5.934769579,5.08509345,6.480893886,3.199671628,19.50885912,22.31860478,13.88377672,7.249340724,3.492843061,0.001316975,0.001409565,1,0.3,0.2,1,1,1,1,1.4,1,537.3936716,534.2417828,6.302276666,2.626666935,3.675609731,0.011727486,0.004887789,0.006839697,1714.45,178,0.999877325
LAKE:WAUCONDA 350,LAKE:WAUCONDA 350,LAKE:Wauconda 350,,,,,,,,,,0.658499956,0.278134783,0.012604908,0.027438147,0.041552675,0.001003773,0.259,0.7469,0.2531,0.8743,0.0213,0,0.0239,0.0558,0.100035171,0.119671753,0.149695802,0.094329541,0.116292044,0.143539262,0.169674085,0.083811183,0.02295116,0.029808338,0.015284498,0.0260027,0.047575556,0.014436039,0.032339475,0.044927576,0.024865628,0.077222302,0.087268363,0.072891156,0.148815067,0.085040007,0.081339765,0.097051927,0.115131605,,0.120983647,,,,,-0.031847134,471,51.1,79599,219.9166068,0.569679501,,,-1.100914085,,,,-0.453778867,-0.47444149,mc_lake_2race,LAKE,Wauconda 350,0,0,0,,0,1,0,285,190,127,197,148,99,0.51762,30.42120007,0,0.4611,29.75712413,0,0.01962,15.56722516,0,0.0007,5.970272665,0,0.00038,5.147346863,0,0.0004,6.574092411,0,0.00018,3.234568356,0,LAKE:WAUCONDA 350,LAKE:WAUCONDA 350,LAKE:WAUCONDA 350,1.3,81.71916733,2.073735799,2.073735799,2.073735799,2.073735799,5.838417876,2.073735799,2.073735799,21.82817529,20.43234786,10.45963919,3.960098328,3.780596042,5.56771754,2.570485149,30.12901096,29.4591749,15.52569289,5.934479305,5.085100924,6.480547886,3.199316322,19.50896076,22.31875913,13.88388392,7.249101114,3.492859302,0.000962867,0.001046151,1,0.3,0.2,1,1,1,1,1.4,1,194.9235684,194.6788979,0.729770001,0.353493825,0.376276175,0.003743878,0.0018135,0.001930378,1163.74,0,0.042612954
LAKE:WAUCONDA 353,LAKE:WAUCONDA 353,LAKE:Wauconda 353,,,,,,,,,,0.797938625,0.153130829,0.007189063,0.026417314,0.019692046,0.001857111,0.2861,0.8855,0.1145,0.7622,0.0227,0,0,0.1928,0.051834093,0.09867411,0.218981097,0.097655097,0.095204439,0.18935418,0.143164769,0.071440415,0.033691798,0.033153546,0.01548879,0.0176183,0.03712591,0.001494275,0.006586455,0.058555515,0.000575617,0.068439412,0.044836757,0.10177954,0.114020799,0.034061186,0.090044721,0.066659594,0.309559582,,-0.1082164,,,,,-0.088082902,386,50.1,100239,168.5036703,-0.406752635,,,-1.279817789,,,,-0.609477493,-0.952418356,mc_lake_2race,LAKE,Wauconda 353,0,0,0,,0,1,0,219,146,97,140,105,70,0.51824,30.43107402,44,0.46016,29.72398315,43,0.02006,15.6323733,23,0.00062,5.974940698,9,0.00034,5.193063489,8,0.00048,6.553064511,10,0.0001,3.218694563,5,LAKE:WAUCONDA 353,LAKE:WAUCONDA 353,LAKE:WAUCONDA 353,1.3,88.29146233,0.900093804,0.900093804,0.900093804,0.900093804,6.307974846,0.900093804,0.900093804,21.82818667,20.43236515,10.45965119,3.959815563,3.780597861,5.567543874,2.570382493,30.12920668,29.45940779,15.52583786,5.934133943,5.085130664,6.480383403,3.199222849,19.50897214,22.31877641,13.88389592,7.24881835,3.492861121,0.000789201,0.000943496,1,0.3,0.2,1,1,1,1,1.4,1,165.1095495,164.5220924,1.295973112,0.630782993,0.665190119,0.007849171,0.003820391,0.00402878,505.15,146,0.999397877
LAKE:WAUCONDA 354,LAKE:WAUCONDA 354,LAKE:Wauconda 354,,,,,,,,,,0.866382488,0.084338298,0.011622055,0.014500385,0.032451874,0.001006867,0.2152,0.7102,0.2898,0.8584,0.022,0,0,0.1,0.069527415,0.116268674,0.17935497,0.090223526,0.120229715,0.167355009,0.153489149,0.081863889,0.021687651,0.028536088,0.021245068,0.031741277,0.041924257,0.001026065,0.009894787,0.065577197,0.017592024,0.084334778,0.087800321,0.103683527,0.104027311,0.050412927,0.090285019,0.077863338,0.184056016,,-0.169280498,,,,,-0.067641682,547,50.3,76597,217.5391299,-0.666896332,,,-1.214787825,,,,-0.87147544,-1.009328515,mc_lake_2race,LAKE,Wauconda 354,0,0,0,,0,1,0,275,183,122,177,133,89,0.51412,30.41452895,56,0.46476,29.75702039,54,0.01954,15.60629273,29,0.00064,5.938090019,11,0.00038,5.185382384,9,0.00046,6.554633254,12,0.0001,3.247035428,6,LAKE:WAUCONDA 354,LAKE:WAUCONDA 354,LAKE:WAUCONDA 354,1.3,88.75399977,0.817496574,0.817496574,0.817496574,0.817496574,6.341020788,0.817496574,0.817496574,21.82831952,20.43256689,10.45979131,3.960114873,3.78061909,5.56740175,2.570055774,30.12922067,29.4594948,15.5259142,5.934503256,5.085071261,6.480232076,3.198886926,19.509105,22.31897816,13.88403603,7.24911766,3.49288235,0.000647078,0.000616776,1,0.3,0.2,1,1,1,1,1.4,1,503.3720963,502.6562165,2.14354136,1.426425995,0.717115365,0.004258363,0.002833741,0.001424623,2310.83,183,0.999573605
MCHENRY:ALG 1,MCHENRY:ALGONQUIN ALG 01,MCHENRY:ALG 1,,,,,,,,,,0.878194034,0.073337393,0.010652173,0.013891911,0.017400601,2.15E-05,0.3115,0.933,0.067,0.7972,0.0089,0,0,0.1592,0.11181341,0.105802915,0.099006804,0.171411433,0.125792481,0.133984968,0.112246413,0.084982153,0.054959422,0.025922451,0.000120882,0.010125074,0.000746072,0.01618411,0.03655653,0.016071568,0.053258086,0.035886719,0.076043686,0.112963815,0.20330819,0.043503307,0.085393345,0.093905598,0.190010565,,-0.143690598,,,,,-0.024734982,566,47.9,89279,234.1814677,-0.557878899,,,-1.078288088,,,,-0.685449194,-0.883134642,mc_lake_2race,MCHENRY,ALG 1,0,0,0,,0,0,1,227,151,101,96,72,48,0.51704,30.45849621,46,0.4608,29.76426198,45,0.02048,15.59453203,24,0.00052,5.984965669,9,0.0004,5.127432264,8,0.0006,6.532665735,10,0.00016,3.259356784,5,MCHENRY:ALG 1,MCHENRY:ALGONQUIN ALG 01,MCHENRY:ALG 1,1,87.65882012,1.01306735,1.01306735,1.01306735,1.01306735,6.262775786,1.01306735,1.01306735,21.8283263,20.43257719,10.45979846,3.9600665,3.780620173,5.567361161,2.57002368,30.12926153,29.45954578,15.52594667,5.9344443,5.085075417,6.480193075,3.198856421,19.50911178,22.31898846,13.88404319,7.249069287,3.492883433,0.000606489,0.000584683,1,0.3,0.2,1,1,1,1,1.4,1,558.7805264,556.7753811,5.480320063,2.780282316,2.700037748,0.009807643,0.004975625,0.004832018,1366.05,151,0.998628763
MCHENRY:ALG 10,MCHENRY:ALGONQUIN ALG 10,MCHENRY:ALG 10,,,,,,,,,,0.787510229,0.116991103,0.032630092,0.048375928,0.013166802,0,0.291,0.3788,0.6212,0.8641,0.0112,0,0.0011,0.0886,0.106839573,0.142799521,0.147553169,0.137896616,0.178844155,0.102798888,0.074876718,0.067000623,0.041390737,0.023440289,0.051044466,0.002804416,0.014666822,0.011452194,0.028512442,0.036326757,0.003930253,0.108413267,0.107819366,0.171476323,0.099940653,0.180632785,0.048313539,0.051330324,0.059896106,,0.000959185,,,,,0.188811189,429,43.8,69761,210.703884,0.05835438,,,-0.39893041,,,,-0.536550389,-0.227448614,mc_lake_2race,MCHENRY,ALG 10,0,0,0,,0,0,1,86,57,38,136,102,68,0.16562,24.09057097,14,0.78238,33.16175497,19,0.0499,18.83645159,11,0.00092,6.791365033,4,0.00028,4.144445116,2,0.00068,6.407986517,4,0.00022,3.086029565,2,MCHENRY:ALG 10,MCHENRY:ALGONQUIN ALG 10,MCHENRY:ALG 10,1,75.32612106,3.215368604,3.215368604,3.215368604,3.215368604,5.381667314,3.215368604,3.215368604,19.04090378,25.03983779,14.12898158,5.218210432,3.39905988,5.568742265,2.571417529,23.999059,32.82269852,18.69863421,6.714377355,4.144259919,6.357809044,3.076485135,16.72168925,26.92624906,17.55322631,8.507213219,3.11132314,0.001987592,0.001978532,1,0.3,0.2,1,1,1,1,1.4,1,117.1493952,116.6935322,1.313507516,0.412071327,0.901436189,0.011212243,0.003517486,0.007694758,1614.78,57,1
MCHENRY:ALG 11,MCHENRY:ALGONQUIN ALG 11,MCHENRY:ALG 11,,,,,,,,,,0.829040252,0.093045218,0.022757992,0.04236903,0.008517979,0.000327011,0.2776,0.9159,0.0841,0.89,0,0.0087,0,0.1013,0.053895607,0.262491602,0.053061882,0.042390499,0.238506333,0.150908543,0.121289205,0.033484509,0.04397182,0.005981713,3.88E-06,0.017381796,0,0.004791408,0.005381177,0.005384005,0.026955106,0.001807519,0.054479231,0.163282874,0.066367026,0.256745713,0.097388145,0.152745023,0.141305379,,-0.088170532,,,,,-0.006342495,473,48.3,114429,199.1136845,-0.321353744,,,-1.01977579,,,,-0.814010462,-0.757867523,mc_lake_2race,MCHENRY,ALG 11,0,0,0,,0,0,1,164,109,73,189,142,95,0.5169,30.37443563,33,0.4621,29.72498664,32,0.01952,15.57161125,17,0.00078,5.968816965,7,0.0003,5.131560928,6,0.0003,6.539554914,7,0.0001,3.219453471,4,MCHENRY:ALG 11,MCHENRY:ALGONQUIN ALG 11,MCHENRY:ALG 11,1,86.28735273,1.257975972,1.257975972,1.257975972,1.257975972,6.164791433,1.257975972,1.257975972,21.82800883,20.43209509,10.45946364,3.960559157,3.780569445,5.568333282,2.571096865,30.12846626,29.45845489,15.52522208,5.935038322,5.085080955,6.481148137,3.199912547,19.50879431,22.31850636,13.88370837,7.249561944,3.492832705,0.001578609,0.001657868,1,0.3,0.2,1,1,1,1,1.4,1,177.0971789,176.4619165,1.694348141,0.847226568,0.847121573,0.009567336,0.004783964,0.004783371,1377.71,109,0.999666954
MCHENRY:ALG 12,MCHENRY:ALGONQUIN ALG 12,MCHENRY:ALG 12,,,,,,,,,,0.856930305,0.079551683,0.014393593,0.040629225,0.014354221,8.23E-07,0.3294,0.9313,0.0687,0.8778,0.0131,0,0.0002,0.1069,0.110701089,0.153018437,0.134176494,0.10187541,0.116975326,0.241901315,0.126312774,0.012677905,0.002361251,0.002232689,0.00436906,0.002226266,0.002180759,0.019498134,0.004400934,0.002211557,0.00226063,0.013164761,0.011030164,0.05242705,0.151989935,0.085189886,0.268850222,0.186881908,0.191086044,,0.028915039,,,,,0.172866521,457,49,138652,189.009408,0.177451189,,,-0.449655424,,,,-0.84492526,-0.214490444,mc_lake_2race,MCHENRY,ALG 12,0,0,0,,0,0,1,179,119,79,209,157,105,0.17468,24.53644293,29,0.78828,33.37984351,40,0.03496,17.62000667,21,0.00116,7.300386986,9,0.00022,4.051180067,5,0.00058,6.462843485,8,0.00012,3.152582779,4,MCHENRY:ALG 12,MCHENRY:ALGONQUIN ALG 12,MCHENRY:ALG 12,1,74.91048076,3.289591218,3.289591218,3.289591218,3.289591218,5.351971934,3.289591218,3.289591218,19.04099014,24.77662353,12.97394631,5.453786249,3.251877754,5.56806143,2.570933064,24.4011309,33.11998548,17.5531422,7.23856015,4.019299729,6.381166133,3.100038595,16.72177561,26.66303479,16.39819104,8.742789036,2.964141014,0.001306757,0.001494067,1,0.3,0.2,1,1,1,1,1.4,1,300.4071873,299.4301109,2.608628649,1.29520261,1.313426039,0.008683643,0.00431149,0.004372153,1057.99,119,0.998919622
MCHENRY:ALG 13,MCHENRY:ALGONQUIN ALG 13,MCHENRY:ALG 13,,,,,,,,,,0.845950849,0.069314211,0.01042106,0.057636589,0.013088509,0,0.2899,0.9285,0.0715,0.7692,0.0172,0,0.006,0.2012,0.112024093,0.173833644,0.087112269,0.104330385,0.180236179,0.141818745,0.140114878,0.04009023,0.020439577,0.001664646,0.003238034,0.01869384,0.001183322,0.005290627,0.026839835,0.010429297,0.028285306,0.07833434,0.044941905,0.080257018,0.180861289,0.108189598,0.130289703,0.185926546,0.095574695,,-0.076333843,,,,,0.070754717,424,47.4,104617,190.495331,-0.270927387,,,-0.774505258,,,,-0.712967589,-0.585663556,mc_lake_2race,MCHENRY,ALG 13,0,0,0,,0,0,1,180,120,80,156,117,78,0.51828,30.40556085,36,0.4605,29.70586829,36,0.01944,15.60456327,19,0.0007,6.042780152,7,0.00052,5.139389081,6,0.00034,6.580579524,8,0.00022,3.2552927,4,MCHENRY:ALG 13,MCHENRY:ALGONQUIN ALG 13,MCHENRY:ALG 13,1,83.79925096,1.702286631,1.702286631,1.702286631,1.702286631,5.987029247,1.702286631,1.702286631,21.82783863,20.43183662,10.45928413,3.95982142,3.780542247,5.568329857,2.571429674,30.12867178,29.45860238,15.52528329,5.934132114,5.085197073,6.481167957,3.2002686,19.50862411,22.31824789,13.88352886,7.248824207,3.492805507,0.001575185,0.001990676,1,0.3,0.2,1,1,1,1,1.4,1,328.7959737,327.7298971,2.842285382,1.420957084,1.421328299,0.008644526,0.004321699,0.004322828,1438.83,120,0.998521992
MCHENRY:ALG 14,MCHENRY:ALGONQUIN ALG 14,MCHENRY:ALG 14,,,,,,,,,,0.827200014,0.084554815,0.011293099,0.05749853,0.010697742,3.32E-07,0.2801,0.7989,0.2011,0.7581,0.017,0,0.0066,0.2042,0.111912358,0.176127726,0.080972817,0.108805789,0.197745471,0.110867893,0.137681641,0.048765984,0.027120322,0.004442512,0.00888713,0.020900741,0.002666517,0.002664494,0.032616914,0.016201599,0.030929261,0.098652463,0.061391205,0.097519674,0.178585216,0.121129263,0.085965067,0.169657802,0.067790142,,-0.075256798,,,,,0.154150198,506,46.8,92237,224.6715604,-0.266338987,,,-0.509197947,,,,-0.64257135,-0.418125837,mc_lake_2race,MCHENRY,ALG 14,0,0,0,,0,0,1,179,119,79,166,125,83,0.17414,24.58389207,29,0.79026,33.49653284,40,0.03382,17.61333314,21,0.00098,7.317510466,9,0.0002,4.08771222,5,0.00048,6.501031172,8,0.00012,3.077379,4,MCHENRY:ALG 14,MCHENRY:ALGONQUIN ALG 14,MCHENRY:ALG 14,1,80.49499197,2.292341873,2.292341873,2.292341873,2.292341873,5.750956788,2.292341873,2.292341873,19.04080208,24.77633794,12.97374797,5.453531493,3.251847703,5.568351079,2.571436462,24.40097587,33.11975841,17.55297127,7.238266806,4.019341086,6.381461773,3.100547983,16.72158755,26.66274921,16.3979927,8.74253428,2.964110963,0.001596406,0.001997465,1,0.3,0.2,1,1,1,1,1.4,1,258.6853258,257.833839,2.286763693,1.102982148,1.183781545,0.008839944,0.004263799,0.004576145,1414.2,119,1
MCHENRY:ALG 15,MCHENRY:ALGONQUIN ALG 15,MCHENRY:ALG 15,,,,,,,,,,0.726983847,0.090407722,0.037677456,0.135062252,0.008142988,0.000919063,0.2829,0.7511,0.2489,0.782,0.0039,0,0,0.1978,0.104662529,0.128457723,0.15575725,0.115570249,0.160237544,0.151476073,0.081954397,0.089405221,0.012479016,4.32E-06,0.001852125,0.044550937,0.032312812,0.062491753,0.033822411,0.024288204,0.026112172,6.72E-05,0.031549889,0.090010514,0.099194113,0.066917741,0.101985813,0.25400991,0.13083008,,-0.059337281,,,,,0.006289308,477,45.6,120078,211.0010686,-0.198519071,,,-0.979590043,,,,-0.544507172,-0.686688429,mc_lake_2race,MCHENRY,ALG 15,0,0,0,,0,0,1,87,58,39,208,156,104,0.51662,30.38578412,18,0.46298,29.74352776,17,0.01916,15.6237404,9,0.0005,6.051149857,4,0.00032,5.163832261,3,0.00028,6.541630632,4,0.00014,3.237980672,2,MCHENRY:ALG 15,MCHENRY:ALGONQUIN ALG 15,MCHENRY:ALG 15,1,85.35389919,1.424666646,1.424666646,1.424666646,1.424666646,6.098100936,1.424666646,1.424666646,21.82697548,20.43052586,10.4583738,3.960859822,3.780404322,5.570815278,2.574274635,30.12669944,29.4558565,15.52344836,5.935379143,5.085246102,6.48361673,3.203076914,19.50776095,22.31693713,13.88261852,7.249862609,3.492667582,0.004060605,0.004835638,1,0.3,0.2,1,1,1,1,1.4,1,310.5017297,309.7938552,1.900913334,0.347233437,1.553679898,0.00612207,0.001118298,0.005003772,1036.32,58,0.99841853
MCHENRY:ALG 16,MCHENRY:ALGONQUIN ALG 16,MCHENRY:ALG 16,,,,,,,,,,0.761044665,0.11581075,0.034454993,0.075635439,0.014980591,0.00519148,0.3532,0.9567,0.0433,0.7797,0.0172,0,0,0.2,0.093344025,0.134769738,0.113033318,0.136396702,0.12521985,0.175057999,0.099034954,0.104271587,0.018871827,0.015549037,0.011661778,0.06236511,0.018194956,0.038983173,0.006631458,0.009138136,0.024813891,0.000372305,0.088366519,0.04443915,0.086380279,0.130059244,0.093756636,0.223798681,0.145489646,,0.09020731,,,,,0.203463203,462,48.8,117896,228.8321449,0.438566943,,,-0.352317735,,,,-0.541434188,-0.055735981,mc_lake_2race,MCHENRY,ALG 16,0,0,0,,0,0,1,119,79,53,236,177,118,0.17294,24.59529374,19,0.79078,33.44572285,26,0.03452,17.64309303,14,0.00088,7.295657807,6,0.0003,4.043181657,3,0.0005,6.425283678,5,8.00E-05,3.14049,2,MCHENRY:ALG 16,MCHENRY:ALGONQUIN ALG 16,MCHENRY:ALG 16,1,69.06324482,4.333756408,4.333756408,4.333756408,4.333756408,4.934216737,4.333756408,4.333756408,19.04059988,24.7760309,12.97353472,5.454667509,3.251815394,5.569400771,2.572319042,24.40013139,33.11841941,17.55212284,7.239510337,4.019265374,6.382477372,3.101396469,16.72138536,26.66244216,16.39777945,8.743670295,2.964078654,0.002646098,0.002880044,1,0.3,0.2,1,1,1,1,1.4,1,181.6555223,181.1564178,1.165677523,0.004401723,1.161275801,0.006416967,2.42E-05,0.006392736,1232.99,79,1
MCHENRY:ALG 17,MCHENRY:ALGONQUIN ALG 17,MCHENRY:ALG 17,,,,,,,,,,0.733359108,0.097546979,0.035137264,0.122799599,0.009180528,0.001045116,0.2755,0.7404,0.2596,0.7777,0.0043,0,0,0.2004,0.121372027,0.131458169,0.138717412,0.099478566,0.150726467,0.156687595,0.071219704,0.086078,0.044262061,0.006305585,0.005407107,0.048053139,0.036052432,0.090204408,0.016394577,0.020313303,0.031502843,0,0.034386663,0.053141342,0.152852233,0.07484956,0.104705034,0.182089861,0.143741912,,-0.061601977,,,,,0.189320388,412,47.3,101799,202.6798997,-0.208167071,,,-0.397310487,,,,-0.545667249,-0.326381706,mc_lake_2race,MCHENRY,ALG 17,0,0,0,,0,0,1,152,101,67,204,153,102,0.1733,24.57865473,25,0.79034,33.45343441,34,0.03464,17.65102807,18,0.0009,7.310333341,7,0.0002,4.052469815,4,0.00048,6.464669325,7,0.00014,3.132725663,3,MCHENRY:ALG 17,MCHENRY:ALGONQUIN ALG 17,MCHENRY:ALG 17,1,78.21918065,2.698742946,2.698742946,2.698742946,2.698742946,5.588361672,2.698742946,2.698742946,19.04007409,24.77523244,12.97298019,5.454452837,3.251731377,5.570471143,2.573846941,24.39945872,33.11739814,17.55141037,7.239240381,4.019338578,6.383550187,3.102926811,16.72085957,26.6616437,16.39722492,8.743455624,2.963994637,0.003716471,0.004407944,1,0.3,0.2,1,1,1,1,1.4,1,417.1206347,416.1280559,2.57987388,0.365340081,2.214533799,0.006184959,0.000875862,0.005309097,1412.96,101,1
MCHENRY:ALG 18,MCHENRY:ALGONQUIN ALG 18,MCHENRY:ALG 18,,,,,,,,,,0.743186574,0.061714574,0.035655088,0.144678005,0.009137996,1.86E-06,0.365,0.8565,0.1435,0.7925,0,0,0,0.2075,0.131813749,0.075526921,0.139384977,0.177592799,0.126958339,0.155632501,0.088808772,0.069321269,0.034960674,0.003101315,0.006453321,0.011631673,0.007727365,0.017567688,0.045177504,0.025303912,0.002597054,3.60E-06,0.002634961,0.121555429,0.103213475,0.0893649,0.073242986,0.325699902,0.164724914,,-0.025422833,,,,,0.102880658,486,45.1,146732,247.2575903,-0.054037613,,,-0.672302514,,,,-0.5616784,-0.440453176,mc_lake_2race,MCHENRY,ALG 18,0,0,0,,0,0,1,180,120,80,240,180,120,0.17378,24.55597042,29,0.78952,33.4213099,40,0.03474,17.60766321,21,0.00112,7.327625897,9,0.00022,4.006286859,5,0.0003,6.421118408,8,0.00032,3.136179962,4,MCHENRY:ALG 18,MCHENRY:ALGONQUIN ALG 18,MCHENRY:ALG 18,1,80.99517691,2.203021773,2.203021773,2.203021773,2.203021773,5.786692452,2.203021773,2.203021773,19.03983019,24.77486205,12.97272295,5.454363969,3.251692403,5.570973275,2.574558294,24.39914154,33.11691607,17.55107483,7.239126999,4.019371623,6.384053144,3.103638989,16.72061566,26.66127332,16.39696768,8.743366756,2.963955663,0.004218603,0.005119296,1,0.3,0.2,1,1,1,1,1.4,1,623.5850041,622.8242863,3.42250091,2.281261298,1.141239612,0.005488427,0.0036583,0.001830127,1600.78,120,0.999566719
MCHENRY:ALG 19,MCHENRY:ALGONQUIN ALG 19,MCHENRY:ALG 19,,,,,,,,,,0.787096985,0.103962846,0.026930182,0.069706472,0.01443732,0.000602657,0.2477,0.7542,0.2458,0.8384,0.0036,0,0,0.1233,0.156129571,0.077107832,0.102733599,0.142007921,0.095981412,0.188679945,0.082743699,0.050649496,0.103966526,0.014491074,0.020644941,0.018909217,0.00400486,0.055026745,4.13E-05,0.03593464,0.015502475,3.05E-05,0.013862046,0.045723854,0.172469774,0.101907198,0.091171844,0.203404381,0.206875163,,0.01248232,,,,,0,366,51.7,125398,174.744547,0.107444943,,,-0.999598314,,,,-0.735428845,-0.584457093,mc_lake_2race,MCHENRY,ALG 19,0,0,0,,0,0,1,146,97,65,214,161,107,0.5164,30.37989227,29,0.46232,29.7030888,29,0.0197,15.64051545,15,0.00054,5.982425059,6,0.0005,5.204799965,5,0.0004,6.510777187,6,0.00014,3.263267779,3,MCHENRY:ALG 19,MCHENRY:ALGONQUIN ALG 19,MCHENRY:ALG 19,1,83.77888093,1.705924192,1.705924192,1.705924192,1.705924192,5.985573912,1.705924192,1.705924192,21.82770407,20.43163229,10.45914222,3.960635702,3.780520746,5.569058931,2.572031129,30.12795283,29.45769743,15.52470441,5.935124015,5.085131033,6.481870225,3.20084325,19.50848955,22.31804356,13.88338695,7.249638489,3.492784006,0.002304258,0.002592132,1,0.3,0.2,1,1,1,1,1.4,1,217.2476196,216.9828073,1.193102699,0.794017709,0.399084991,0.005491902,0.003654897,0.001837005,1249.23,97,1
MCHENRY:ALG 2,MCHENRY:ALGONQUIN ALG 02,MCHENRY:ALG 2,,,,,,,,,,0.842105889,0.10513314,0.009878244,0.012806724,0.029006288,7.15E-07,0.3101,0.9366,0.0634,0.7488,0.0263,0,0.0001,0.2081,0.134965386,0.157165114,0.108051343,0.171417952,0.113486578,0.108617588,0.099898646,0.060574871,0.045822522,0.027230151,0.012723528,0.006823858,0.008935761,0.045281012,0.014269463,0.021995242,0.028119875,0.024408925,0.09071513,0.121604908,0.142984854,0.144780664,0.099124603,0.082834786,0.128167239,,-0.028280601,,,,,0.079086116,569,44.7,92116,229.7236987,-0.066212203,,,-0.748000452,,,,-0.596008356,-0.492329858,mc_lake_2race,MCHENRY,ALG 2,0,0,0,,0,0,1,255,170,113,112,84,56,0.50294,29.89276654,51,0.46518,29.51208078,50,0.03028,16.81466302,29,0.00054,5.480440277,9,0.00046,5.219551568,9,0.00036,6.519957834,11,0.00024,3.191952227,5,MCHENRY:ALG 2,MCHENRY:ALGONQUIN ALG 02,MCHENRY:ALG 2,1,82.08275671,2.008808135,2.008808135,2.008808135,2.008808135,5.864394483,2.008808135,2.008808135,21.8283384,20.67477929,11.52211492,3.742530934,3.915989788,5.567315406,2.569978756,29.63241375,29.23172004,16.69284076,5.438462838,5.189863703,6.454678959,3.173343136,19.50912388,22.56119056,14.94635965,7.031533721,3.628253048,0.000560733,0.000539759,1,0.3,0.2,1,1,1,1,1.4,1,214.203653,213.4330908,2.2944957,1.218630647,1.075865053,0.010711749,0.005689122,0.005022627,870.02,170,0.999834442
MCHENRY:ALG 20,MCHENRY:ALGONQUIN ALG 20,MCHENRY:ALG 20,,,,,,,,,,0.771791681,0.06892558,0.031339606,0.113260831,0.013144931,0.000331524,0.2708,0.8938,0.1062,0.7574,0.0052,0,0,0.2116,0.102578404,0.092544012,0.155515183,0.141169687,0.104640325,0.199467583,0.10877519,0.064340693,0.030968924,2.52E-05,0.018852011,0.01804001,0.004553941,0.011793385,0.037198774,0.034322997,0.008090368,0,0.013169196,0.131716537,0.060707995,0.071384704,0.073948134,0.349118646,0.167078124,,-0.037935711,,,,,0.006237006,481,48.3,152320,218.7278683,-0.107344654,,,-0.979756432,,,,-0.653668624,-0.652602015,mc_lake_2race,MCHENRY,ALG 20,0,0,0,,0,0,1,92,61,41,223,168,112,0.5179,30.44443449,19,0.46052,29.68625587,18,0.02006,15.61729507,10,0.00072,6.03647895,4,0.00036,5.081678192,3,0.00032,6.496780309,4,0.00012,3.219481233,2,MCHENRY:ALG 20,MCHENRY:ALGONQUIN ALG 20,MCHENRY:ALG 20,1,84.86140822,1.512612802,1.512612802,1.512612802,1.512612802,6.062914968,1.512612802,1.512612802,21.82721852,20.43089494,10.45863013,3.960638575,3.780443159,5.57015269,2.57349078,30.12720993,29.45657767,15.5239331,5.93511498,5.085224266,6.482962161,3.202301078,19.508004,22.31730621,13.88287485,7.249641362,3.492706419,0.003398017,0.004051782,1,0.3,0.2,1,1,1,1,1.4,1,212.5896748,212.3304191,1.166650655,0.777767103,0.388883552,0.005487805,0.003658537,0.001829268,870.87,61,1
MCHENRY:ALG 21,MCHENRY:ALGONQUIN ALG 21,MCHENRY:ALG 21,,,,,,,,,,0.867979193,0.069549371,0.018282627,0.030690983,0.013068859,0.000926348,0.2899,0.952,0.048,0.784,0.0048,0,0.0097,0.1774,0.108640854,0.09953412,0.146052357,0.110969577,0.115839455,0.198138929,0.128612373,0.054860209,0.037352127,0.004663228,0.017354082,0.020604832,0.003161841,0.017018413,0.015111899,0.050514385,0.013442667,0.004571309,0.028870807,0.074236088,0.050503074,0.121164366,0.110078979,0.311977618,0.15672641,,-0.005552752,,,,,-0.034602076,578,50.6,142892,242.7998212,0.030612394,,,-1.109678424,,,,-0.765875855,-0.682069367,mc_lake_2race,MCHENRY,ALG 21,0,0,0,,0,0,1,243,162,108,183,138,92,0.51554,30.36951237,49,0.4633,29.71935598,48,0.0197,15.60133053,25,0.00052,5.99795135,10,0.00038,5.152148503,8,0.0004,6.494352864,11,0.00016,3.254010883,5,MCHENRY:ALG 21,MCHENRY:ALGONQUIN ALG 21,MCHENRY:ALG 21,1,85.28896627,1.436261986,1.436261986,1.436261986,1.436261986,6.093461811,1.436261986,1.436261986,21.82813902,20.4322928,10.45960094,3.96038315,3.780590248,5.567948257,2.570663068,30.12877598,29.45888322,15.52550754,5.934826536,5.085075746,6.480769266,3.199484905,19.5089245,22.31870406,13.88384567,7.249385937,3.492853508,0.001193584,0.001224071,1,0.3,0.2,1,1,1,1,1.4,1,491.5515786,491.0590724,2.907852149,1.198913428,1.708938721,0.00591566,0.002439039,0.003476621,2381.84,162,0.999110043
MCHENRY:ALG 22,MCHENRY:ALGONQUIN ALG 22,MCHENRY:ALG 22,,,,,,,,,,0.79703848,0.121374458,0.027778861,0.03715155,0.017565813,0.000729184,0.2745,0.8781,0.1219,0.848,0.005,0,0.0129,0.1339,0.118375437,0.093745906,0.084174202,0.131393931,0.142612507,0.170971475,0.160444816,0.056361307,0.041920419,0.007595679,0.006678682,0.008440898,0.062177067,0.020930032,0.029329281,0.033336741,0.00814039,0.001821455,0.02234241,0.039776857,0.141768127,0.152614103,0.14220993,0.197803566,0.125034783,,-0.062804153,,,,,0.123505976,502,51.4,119274,223.7800066,-0.21328855,,,-0.606686876,,,,-0.747232446,-0.459162504,mc_lake_2race,MCHENRY,ALG 22,0,0,0,,0,0,1,141,94,63,208,156,104,0.51836,30.4402969,29,0.4596,29.75418721,28,0.02052,15.58064635,15,0.00066,6.017787788,6,0.00032,5.192952878,5,0.00034,6.507484015,6,0.0002,3.301200722,3,MCHENRY:ALG 22,MCHENRY:ALGONQUIN ALG 22,MCHENRY:ALG 22,1,81.39917839,2.130877553,2.130877553,2.130877553,2.130877553,5.815556298,2.130877553,2.130877553,21.828067,20.43218342,10.45952498,3.9608541,3.780578739,5.56835688,2.570993502,30.12836902,29.45837319,15.52518193,5.935400355,5.085036438,6.481162407,3.199799856,19.50885248,22.31859469,13.88376971,7.249856887,3.492841999,0.001602207,0.001554505,1,0.3,0.2,1,1,1,1,1.4,1,196.3715052,195.8859555,1.641532764,0.581338914,1.06019385,0.008359323,0.002960404,0.005398919,964.13,94,1
MCHENRY:ALG 23,MCHENRY:ALGONQUIN ALG 23,MCHENRY:ALG 23,,,,,,,,,,0.771639676,0.077821132,0.027420177,0.104432961,0.012881461,0.000124168,0.2316,0.6245,0.3755,0.9088,0,0,0,0.0512,0.182263604,0.067242578,0.088592118,0.152000297,0.089672954,0.175635386,0.065478904,0.052025485,0.127088674,0.020489491,0.018663601,0.011103368,0.008045238,0.074097786,3.41E-05,0.018733604,0.010435123,9.04E-06,0.002938391,0.032184299,0.239513573,0.116752456,0.07437939,0.159218656,0.213401861,,-0.013510769,,,,,0.035897436,390,52,113651,172.6642548,-0.003290145,,,-0.885397255,,,,-0.804237171,-0.554607089,mc_lake_2race,MCHENRY,ALG 23,0,0,0,,0,0,1,135,90,60,234,176,117,0.5153,30.41616325,27,0.46418,29.85274295,27,0.01912,15.60735558,14,0.00066,5.927730734,5,0.00034,5.1632541,5,0.00032,6.496658116,6,8.00E-05,3.256122362,3,MCHENRY:ALG 23,MCHENRY:ALGONQUIN ALG 23,MCHENRY:ALG 23,1,83.2602614,1.798536236,1.798536236,1.798536236,1.798536236,5.94852119,1.798536236,1.798536236,21.82731694,20.43104439,10.45873392,3.960476984,3.780458885,5.569846691,2.573155947,30.12746206,29.45692232,15.5241617,5.934919999,5.085223556,6.482661737,3.20197182,19.50810241,22.31745566,13.88297865,7.249479771,3.492722145,0.003092018,0.003716949,1,0.3,0.2,1,1,1,1,1.4,1,215.630413,215.3674395,1.184169066,0.787932226,0.39623684,0.005491661,0.003654087,0.001837574,1375.3,90,1
MCHENRY:ALG 24,MCHENRY:ALGONQUIN ALG 24,MCHENRY:ALG 24,,,,,,,,,,0.700055498,0.202872111,0.017580064,0.05754578,0.021341974,0.000105635,0.1121,0.7759,0.2241,0.892,0,0,0,0.0848,0.115742065,0.16493702,0.11399735,0.175489971,0.152359582,0.109593351,0.061891977,0.069944371,0.036044313,0.01650578,0.013745339,0.011567995,0.022775942,0.019686487,0.028270494,0.017430871,0.043035527,0.001366212,0.08482871,0.147620933,0.314276647,0.097564524,0.055136914,0.084747911,0.041439714,,0.243804419,,,,,0.167785235,298,43.2,82411,150.9697787,1.09291739,,,-0.465820597,,,,-0.7079659,0.118706148,mc_lake_2race,MCHENRY,ALG 24,0,0,0,,0,0,1,113,75,50,186,140,93,0.16742,24.13273433,18,0.78296,33.06085506,25,0.04804,18.84726177,14,0.00072,6.765256797,5,0.00022,4.125391006,3,0.00048,6.494814653,5,0.00016,3.120443153,2,MCHENRY:ALG 24,MCHENRY:ALGONQUIN ALG 24,MCHENRY:ALG 24,1,62.01593579,5.824523867,5.824523867,5.824523867,5.824523867,4.430722436,5.824523867,4.430722436,19.04080155,25.05379034,14.19075553,5.204690857,3.406929041,5.568527315,2.571518982,23.97819795,32.80753203,18.75914727,6.685828555,4.150915508,6.356354691,3.075347186,16.72158703,26.94020161,17.61500026,8.493693644,3.119192301,0.001772642,0.002079985,1,0.3,0.2,1,1,1,1,1.4,1,273.0918533,272.5295564,1.861472791,0.193922378,1.667550413,0.006816288,0.000710099,0.006106189,1083.21,75,1
MCHENRY:ALG 25,MCHENRY:ALGONQUIN ALG 25,MCHENRY:ALG 25,,,,,,,,,,0.721850891,0.190851091,0.021968114,0.045892272,0.022978591,7.24E-05,0.1135,0.897,0.103,0.9698,0.0022,0,0,0.028,0.109497509,0.165219566,0.118731957,0.185160338,0.138188771,0.119809947,0.072236077,0.061341777,0.029814056,0.018563769,0.012876316,0.006666754,0.008491624,0.011339224,0.031442107,0.017055155,0.042054143,0.01818738,0.088983559,0.15001352,0.290856342,0.101114605,0.057010607,0.079113993,0.066230901,,0.176975422,,,,,0.118918919,370,42.8,83108,194.3587308,0.808214219,,,-0.62127975,,,,-0.853365803,-0.085219512,mc_lake_2race,MCHENRY,ALG 25,0,0,0,,0,0,1,140,93,62,144,108,72,0.16876,24.12171687,22,0.77824,33.04400435,31,0.05106,18.8480833,18,0.00106,6.739140505,6,0.0003,4.174110675,4,0.00046,6.399915952,6,0.00012,3.154010335,3,MCHENRY:ALG 25,MCHENRY:ALGONQUIN ALG 25,MCHENRY:ALG 25,1,70.25871015,4.120277202,4.120277202,4.120277202,4.120277202,5.019626639,4.120277202,4.120277202,19.04093146,25.06339282,14.23214706,5.196539766,3.412206798,5.568389811,2.571200169,23.96420069,32.79722577,18.79930883,6.667782392,4.155254784,6.355369769,3.074180954,16.72171694,26.94980409,17.65639179,8.485542553,3.124470058,0.001635138,0.001761171,1,0.3,0.2,1,1,1,1,1.4,1,350.5757938,350.2475393,2.626035909,0.656508977,1.969526932,0.007490637,0.001872659,0.005617978,1713.81,93,1
MCHENRY:ALG 26,MCHENRY:ALGONQUIN ALG 26,MCHENRY:ALG 26,,,,,,,,,,0.764390351,0.176187873,0.007394841,0.02833127,0.032843244,0.000910422,0.0878,0.8921,0.1079,0.9264,0.0011,0,0,0.0725,0.206598565,0.04971113,0.188184021,0.214667063,0.070636207,0.076284257,0.113600438,0.054700555,0.025617764,0.005519641,0.001858707,0.005508704,6.93E-05,0.029333414,0.07665477,0.040170614,0.083972505,0.043827052,0.069808934,0.08283802,0.220136695,0.159044003,0.124097213,0.014944981,0.04221544,,0.052968777,,,,,0.112709832,417,37.5,81864,191.3868848,0.279924304,,,-0.641032813,,,,-0.865371629,-0.295673894,mc_lake_2race,MCHENRY,ALG 26,0,0,0,,0,0,1,162,108,72,153,115,77,0.16444,23.91752195,26,0.7747,32.95004902,36,0.05922,19.40477622,21,0.00074,6.415614646,7,0.00014,4.305675817,5,0.0005,6.412280256,7,0.00026,3.129825562,3,MCHENRY:ALG 26,MCHENRY:ALGONQUIN ALG 26,MCHENRY:ALG 26,1,77.37257301,2.849925186,2.849925186,2.849925186,2.849925186,5.527875873,2.849925186,2.849925186,19.04112724,25.18830892,14.77897583,5.083940161,3.481893295,5.567592273,2.570446791,23.78030405,32.66195128,19.32662373,6.425710664,4.212759515,6.343559305,3.06241465,16.72191271,27.07472019,18.20322056,8.372942948,3.194156556,0.0008376,0.001007793,1,0.3,0.2,1,1,1,1,1.4,1,229.4902508,229.1909687,1.855913133,0.45455783,1.401355303,0.008087111,0.001980728,0.006106383,1189.82,108,1
MCHENRY:ALG 27,MCHENRY:ALGONQUIN ALG 27,MCHENRY:ALG 27,,,,,,,,,,0.683217414,0.231870002,0.026911503,0.044695645,0.033249002,0.001851027,0.1566,0.6335,0.3665,0.8925,0.0033,0.0001,0,0.0933,0.110595028,0.144110217,0.142274151,0.117627838,0.140729583,0.119165733,0.098305355,0.094615651,0.032576443,0.051075741,0.038067695,0.013904604,0.012359823,0.041842594,0.0272145,0.012228806,0.016293297,0.035308372,0.088112137,0.101787658,0.258009987,0.122604697,0.031817739,0.080869922,0.068502428,,-0.033843605,,,,,0.280353201,453,46.3,80989,204.760192,-0.089911569,,,-0.107706416,,,,-0.647758703,-0.101033349,mc_lake_2race,MCHENRY,ALG 27,0,0,0,,0,0,1,372,248,165,164,123,82,0.17458,24.64008089,61,0.7895,33.44478614,83,0.03392,17.59791128,44,0.00098,7.312908349,18,0.00026,4.054188873,10,0.0006,6.431195009,16,0.00016,3.098322329,8,MCHENRY:ALG 27,MCHENRY:ALGONQUIN ALG 27,MCHENRY:ALG 27,1,70.87881948,4.009541706,4.009541706,4.009541706,4.009541706,5.063930289,4.009541706,4.009541706,19.0409448,24.77655469,12.9738985,5.454430734,3.25187051,5.568500881,2.571225315,24.40075419,33.11938259,17.55276822,7.239269934,4.019249535,6.381586734,3.100311996,16.72173028,26.66296595,16.39814323,8.743433521,2.96413377,0.001746208,0.001786318,1,0.3,0.2,1,1,1,1,1.4,1,928.775505,924.0718493,11.31874982,3.052039784,8.266710039,0.012186745,0.00328609,0.008900655,3358.19,248,1
MCHENRY:ALG 28,MCHENRY:ALGONQUIN ALG 28,MCHENRY:ALG 28,,,,,,,,,,0.854526307,0.075353244,0.015574487,0.031466345,0.021482896,0.000595773,0.3515,0.6225,0.3775,0.7652,0.0413,0.0028,0.0097,0.1438,0.116045408,0.151886724,0.082453347,0.165725681,0.136707689,0.162968864,0.095636398,0.05419348,0.034382409,0.013398263,0.035780449,0.071046312,0.0312668,0.072697818,0.00440216,0.012788681,0.001114198,0.04125417,0.054616998,0.052810844,0.119323846,0.10511535,0.098696351,0.121399387,0.164288374,,-0.008509273,,,,,0.245714286,525,46.8,97800,237.1533138,0.018017099,,,-0.217903723,,,,-0.535327828,-0.129433414,mc_lake_2race,MCHENRY,ALG 28,0,0,0,,0,0,1,309,206,137,176,132,88,0.17516,24.51787823,51,0.78872,33.4153365,69,0.03428,17.67152735,36,0.00096,7.309606066,15,0.00032,4.097608035,8,0.0004,6.503505705,13,0.00016,3.154006944,6,MCHENRY:ALG 28,MCHENRY:ALGONQUIN ALG 28,MCHENRY:ALG 28,1,71.9560031,3.817184555,3.817184555,3.817184555,3.817184555,5.140889568,3.817184555,3.817184555,19.04109229,24.77677865,12.97405404,5.453897848,3.251894077,5.56789008,2.570653152,24.40122799,33.12012962,17.55324766,7.238689877,4.019279548,6.380992299,3.099756198,16.72187776,26.66318992,16.39829877,8.742900635,2.964157337,0.001135407,0.001214154,1,0.3,0.2,1,1,1,1,1.4,1,492.4309172,490.6083115,6.235029822,3.564316389,2.670713433,0.012661735,0.007238206,0.005423529,2069.21,206,0.999729646
MCHENRY:ALG 29,MCHENRY:ALGONQUIN ALG 29,MCHENRY:ALG 29,,,,,,,,,,0.746336925,0.149671289,0.046187074,0.047834847,0.017212336,0.001403444,0.197,0.7926,0.2074,0.8793,0.0251,0,0,0.0956,0.072232397,0.182637083,0.153017281,0.171509179,0.136919669,0.156604593,0.08563983,0.032324058,0.009115909,0.013136352,0.002239522,0.00410065,0.015364507,0.004172907,0.008204555,0.032664382,0.097526668,0.020334861,0.068151262,0.116935218,0.163252862,0.161714896,0.076973951,0.12620166,0.08902575,,0.047078283,,,,,0.21038961,385,42,92943,206.8404842,0.254829773,,,-0.330282651,,,,-0.674929139,-0.110865492,mc_lake_2race,MCHENRY,ALG 29,0,0,0,,0,0,1,144,96,64,146,110,73,0.1651,24.08701034,23,0.77998,33.05347092,32,0.05334,18.94142311,18,0.00078,6.678775742,6,6.00E-05,4.225609454,4,0.00064,6.384129491,6,0.0001,3.146668872,3,MCHENRY:ALG 29,MCHENRY:ALGONQUIN ALG 29,MCHENRY:ALG 29,1,71.25701623,3.942005541,3.942005541,3.942005541,3.942005541,5.09095052,3.942005541,3.942005541,19.04090981,25.08217032,14.31463325,5.180924992,3.422717332,5.569107961,2.571574764,23.93552878,32.77549942,18.87870594,6.632491979,4.163879464,6.35437499,3.07284262,16.72169529,26.96858159,17.73887798,8.469927778,3.134980592,0.002353288,0.002135767,1,0.3,0.2,1,1,1,1,1.4,1,236.27499,235.5864074,2.333600564,0.789191077,1.544409486,0.00987663,0.003340138,0.006536492,665.46,96,1
MCHENRY:ALG 3,MCHENRY:ALGONQUIN ALG 03,MCHENRY:ALG 3,,,,,,,,,,0.885550982,0.063047531,0.007852765,0.011900571,0.024818151,0.002399854,0.1647,0.8806,0.1194,0.7952,0,0,0,0.2043,0.198973587,0.171829748,0.065243481,0.226713332,0.05060203,0.078330558,0.089111297,0.075464236,0.043731732,0.062431221,0.000476239,0.020436782,0.023214117,0.023418102,0.033374615,0.025426918,0.005915123,0.045075884,0.063523875,0.13697168,0.128053567,0.162146466,0.152506622,0.056377281,0.060651507,,-0.092149029,,,,,0.067961165,515,41,86662,216.6475761,-0.338302835,,,-0.783392427,,,,-0.87575696,-0.61648383,mc_lake_2race,MCHENRY,ALG 3,0,0,0,,0,0,1,207,138,92,123,93,62,0.49212,29.69732531,41,0.47166,29.37945234,41,0.0347,17.1425083,24,0.00032,5.288863779,7,0.00058,5.287341797,7,0.00052,6.541495538,9,0.0001,3.220333301,4,MCHENRY:ALG 3,MCHENRY:ALGONQUIN ALG 03,MCHENRY:ALG 3,1,84.30459163,1.612045852,1.612045852,1.612045852,1.612045852,6.023133261,1.612045852,1.612045852,21.8283485,20.76179267,11.90372981,3.664296849,3.964618628,5.567238767,2.569923474,29.45822024,29.15187195,17.10217567,5.264396168,5.226628113,6.445672761,3.164358295,19.50913398,22.64820393,15.32797454,6.953299636,3.676881888,0.000484095,0.000484477,1,0.3,0.2,1,1,1,1,1.4,1,381.4716708,380.1027591,3.650403901,1.82507911,1.82532479,0.009569266,0.004784311,0.004784955,1941.88,138,1
MCHENRY:ALG 30,MCHENRY:ALGONQUIN ALG 30,MCHENRY:ALG 30,,,,,,,,,,0.734137973,0.176897587,0.03352257,0.04380322,0.016168102,0.001233582,0.1802,0.7548,0.2452,0.8705,0.0316,0,0,0.0978,0.105147119,0.150848491,0.149177884,0.204615165,0.124471426,0.135932091,0.083105509,0.036264181,0.010438134,0.016165383,8.26E-05,0.013072159,0.011919057,0.017855797,0.016923239,0.051855592,0.115238019,0.036532445,0.074083591,0.101273393,0.155880997,0.143272534,0.079307853,0.097276165,0.069261193,,0.248361018,,,,,0.106382979,376,40.2,82217,198.8164999,1.112329296,,,-0.661160527,,,,-0.646895873,0.003898157,mc_lake_2race,MCHENRY,ALG 30,0,0,0,,0,0,1,78,52,35,216,162,108,0.1639,24.02311081,12,0.78096,32.99633601,17,0.05368,19.18847121,10,0.0006,6.590172806,3,0.00024,4.232206744,2,0.00052,6.358721601,3,0.0001,3.10327601,2,MCHENRY:ALG 30,MCHENRY:ALGONQUIN ALG 30,MCHENRY:ALG 30,1,66.51591589,4.795927593,4.795927593,4.795927593,4.795927593,4.752223072,4.795927593,4.752223072,19.04095475,25.12456194,14.50032596,5.142262785,3.446381002,5.568665201,2.571281745,23.87305339,32.72969482,19.05849668,6.549571054,4.183504916,6.350192479,3.068809851,16.72174023,27.01097321,17.92457068,8.431265572,3.158644262,0.001910528,0.001842748,1,0.3,0.2,1,1,1,1,1.4,1,301.3173053,300.813632,2.619831625,0.631552987,1.988278638,0.008694594,0.002095973,0.006598621,711.55,52,1
MCHENRY:ALG 31,MCHENRY:ALGONQUIN ALG 31,MCHENRY:ALG 31,,,,,,,,,,0.679587304,0.23748276,0.026589912,0.044578278,0.027207116,0.00179923,0.1981,0.765,0.235,0.889,0.0119,0,0.0014,0.0978,0.101599065,0.141306539,0.143071433,0.144635523,0.1350927,0.13205979,0.100395681,0.081321314,0.020517955,0.048399227,0.022395325,0.014305686,0.009222756,0.031668512,0.025059776,0.027535519,0.070063074,0.026773964,0.066531252,0.073812369,0.242614088,0.120996772,0.056585267,0.093596206,0.070440207,,0.093983397,,,,,0.293103448,464,45.1,83680,239.5307906,0.454653732,,,-0.067143862,,,,-0.604685823,0.128530236,mc_lake_2race,MCHENRY,ALG 31,0,0,0,,0,0,1,165,110,73,209,157,105,0.17562,24.58059609,27,0.78814,33.37903113,37,0.03438,17.67192786,19,0.00092,7.260422903,8,0.00016,4.047748343,4,0.00064,6.459653964,7,0.00014,3.1584657,3,MCHENRY:ALG 31,MCHENRY:ALGONQUIN ALG 31,MCHENRY:ALG 31,1,61.61379064,5.916445385,5.916445385,5.916445385,5.916445385,4.401991215,5.916445385,4.401991215,19.04094611,24.77655667,12.97389988,5.454414246,3.251870719,5.568489303,2.571217392,24.40076404,33.11939835,17.55277802,7.239251785,4.019250804,6.381575641,3.100304556,16.72173159,26.66296794,16.39814461,8.743417032,2.964133979,0.001734631,0.001778394,1,0.3,0.2,1,1,1,1,1.4,1,467.0032459,463.3256314,6.58197747,3.092215124,3.489762347,0.014094072,0.0066214,0.007472673,1808.12,110,1
MCHENRY:ALG 32,MCHENRY:ALGONQUIN ALG 32,MCHENRY:ALG 32,,,,,,,,,,0.625163027,0.296570847,0.020689133,0.045887646,0.038877566,0.002437765,0.1608,0.7936,0.2064,0.9404,0.0385,0.0001,0.0004,0.0206,0.095051101,0.134118001,0.137971712,0.077836732,0.147100804,0.130129995,0.119326225,0.127760456,0.030704974,0.082112994,0.045930491,0.014832432,0.007088857,0.045059924,0.032489245,0.00051778,0.021521413,0.015087592,0.057658834,0.045176108,0.331260729,0.100554253,0.033536039,0.092953213,0.074220096,,-0.093152861,,,,,0.202279202,351,50.6,85002,179.202316,-0.342579334,,,-0.356084415,,,,-0.676185637,-0.35102001,mc_lake_2race,MCHENRY,ALG 32,0,0,0,,0,0,1,72,48,32,193,145,97,0.17492,24.52497126,12,0.78906,33.45207748,16,0.03402,17.63183413,8,0.00104,7.266606285,3,0.00018,4.065950038,2,0.00058,6.45674615,3,0.0002,3.093928288,1,MCHENRY:ALG 32,MCHENRY:ALGONQUIN ALG 32,MCHENRY:ALG 32,1,78.86672952,2.583107457,2.583107457,2.583107457,2.583107457,5.634625737,2.583107457,2.583107457,19.04093152,24.77653451,12.97388448,5.454093276,3.251868387,5.568354069,2.571183542,24.4008968,33.11961461,17.55290674,7.238895992,4.019279684,6.38144953,3.10027983,16.72171699,26.66294577,16.39812921,8.743096063,2.964131647,0.001599397,0.001744545,1,0.3,0.2,1,1,1,1,1.4,1,96.40123348,95.10021697,1.345026939,0.784313983,0.560712956,0.013952383,0.008135933,0.00581645,571.33,48,1
MCHENRY:ALG 33,MCHENRY:ALGONQUIN ALG 33,MCHENRY:ALG 33,,,,,,,,,,0.866703016,0.064359617,0.013347107,0.042151448,0.014853828,0.000203025,0.2599,0.7065,0.2935,0.7468,0.0402,0.0061,0.0013,0.2056,0.156464543,0.141604245,0.080900129,0.107623202,0.15328685,0.14806342,0.122275413,0.057547828,0.032234369,0.009464199,0.008748858,0.119696239,0.030018194,0.076014853,0.011727114,0.012339941,0.003540788,0.056372057,0.074452944,0.046783509,0.028978546,0.114022531,0.124655343,0.14507086,0.138114023,,-0.048720473,,,,,0.062706271,606,48.7,104794,254.6872054,-0.153289619,,,-0.800109901,,,,-0.757095173,-0.557552296,mc_lake_2race,MCHENRY,ALG 33,0,0,0,,0,0,1,104,69,46,199,150,100,0.52122,30.41451185,21,0.45736,29.67360307,20,0.02002,15.61083559,11,0.00038,6.034878153,4,0.00034,5.118469552,4,0.0005,6.55550421,5,0.00018,3.307822435,2,MCHENRY:ALG 33,MCHENRY:ALGONQUIN ALG 33,MCHENRY:ALG 33,1,83.31270267,1.789171581,1.789171581,1.789171581,1.789171581,5.952267852,1.789171581,1.789171581,21.82801126,20.43209878,10.4594662,3.960059528,3.780569832,5.568066202,2.570968611,30.12878509,29.45882569,15.52545018,5.93442764,5.085136914,6.480897219,3.199800455,19.50879674,22.31851004,13.88371093,7.249062315,3.492833092,0.00131153,0.001529614,1,0.3,0.2,1,1,1,1,1.4,1,224.7772256,224.0271934,2.641071803,1.430870632,1.210201171,0.01174973,0.006365728,0.005384003,586.35,69,0.999060052
MCHENRY:ALG 34,MCHENRY:ALGONQUIN ALG 34,MCHENRY:ALG 34,,,,,,,,,,0.864865241,0.071083379,0.011881058,0.036109465,0.020637636,0.001172021,0.2691,0.8816,0.1184,0.7578,0.065,0.001,0.0055,0.1706,0.1031209,0.140445806,0.132091131,0.120808643,0.103297127,0.149920448,0.124623597,0.09673099,0.028961358,0.0435371,0.041496067,0.030153898,0.07104321,0.06073623,0.027889439,0.016311385,0.015855921,0.04256218,0.100544204,0.047605296,0.086221489,0.090421276,0.114897341,0.080218151,0.130506813,,-0.043195982,,,,,-0.105360444,541,50.5,75657,222.2940836,-0.129754325,,,-1.334783095,,,,-0.749701366,-0.882897306,mc_lake_2race,MCHENRY,ALG 34,0,0,0,,0,0,1,227,151,101,161,121,81,0.51876,30.45975916,46,0.46036,29.70404427,45,0.01936,15.56264021,23,0.00064,6.052917444,9,0.00054,5.143605112,8,0.00028,6.601206826,10,6.00E-05,3.238404569,5,MCHENRY:ALG 34,MCHENRY:ALGONQUIN ALG 34,MCHENRY:ALG 34,1,87.65651086,1.013479723,1.013479723,1.013479723,1.013479723,6.262610801,1.013479723,1.013479723,21.82807862,20.43220106,10.45953724,3.960013666,3.780580595,5.567890667,2.570755117,30.12891682,29.45901426,15.52557759,5.934373317,5.085129113,6.480723406,3.199588683,19.50886409,22.31861233,13.88378196,7.249016452,3.492843855,0.001135994,0.00131612,1,0.3,0.2,1,1,1,1,1.4,1,486.1312483,485.2454823,3.322040769,0.801474665,2.520566104,0.006833629,0.00164868,0.00518495,1848.1,151,0.999517452
MCHENRY:ALG 35,MCHENRY:ALGONQUIN ALG 35,MCHENRY:ALG 35,,,,,,,,,,0.84193781,0.088194535,0.013701581,0.037162217,0.014942158,0.001833817,0.3234,0.9106,0.0894,0.8172,0.0346,0,0.0021,0.146,0.108398025,0.147308177,0.136023867,0.132649755,0.117934752,0.159049604,0.11549944,0.069652061,0.013484318,0.070329896,0.024679667,0.004491764,0.042049059,0.033197545,0.014170964,0.045266769,0.030190335,0.043642013,0.071520768,0.049336563,0.116246721,0.103412381,0.092631058,0.112942472,0.145892025,,0.089955535,,,,,0.222797927,386,46.8,90296,224.6715604,0.437494338,,,-0.290807884,,,,-0.698501338,-0.017694551,mc_lake_2race,MCHENRY,ALG 35,0,0,0,,0,0,1,183,122,81,181,136,91,0.17334,24.56809851,30,0.78998,33.43176637,41,0.03488,17.63027317,22,0.00098,7.304290035,9,0.00026,4.060994977,5,0.0004,6.439244841,8,0.00016,3.139169533,4,MCHENRY:ALG 35,MCHENRY:ALGONQUIN ALG 35,MCHENRY:ALG 35,1,67.44425801,4.622865602,4.622865602,4.622865602,4.622865602,4.818548383,4.622865602,4.622865602,19.04102879,24.77668222,12.97398707,5.453767874,3.25188393,5.567964862,2.57081248,24.40119677,33.12008708,17.55321067,7.238542228,4.019297258,6.381070368,3.099918813,16.72181427,26.66309349,16.3982318,8.742770661,2.96414719,0.001210189,0.001373483,1,0.3,0.2,1,1,1,1,1.4,1,318.3988963,317.5083136,2.48444551,0.878735373,1.605710136,0.007802934,0.002759857,0.005043077,1337.39,122,1
MCHENRY:ALG 36,MCHENRY:ALGONQUIN ALG 36,MCHENRY:ALG 36,,,,,,,,,,0.768639014,0.161546734,0.011971805,0.039496712,0.023137531,2.49E-05,0.3217,0.8974,0.1026,0.8945,0,0,0,0.103,0.099060077,0.155930677,0.070766491,0.230166043,0.089147057,0.135067873,0.143011579,0.046159659,0.030690544,0.021418569,0.009002141,0.01603196,0.027049889,0.021456612,0.009143123,0.040765219,8.77E-05,0.000215054,0.01136061,0.03375269,0.156229196,0.181264553,0.134285912,0.215645123,0.122291606,,0.059993061,,,,,0.125603865,414,45.7,121169,184.5516389,0.309848978,,,-0.60001283,,,,-0.680662509,-0.258814652,mc_lake_2race,MCHENRY,ALG 36,0,0,0,,0,0,1,167,111,74,155,117,78,0.17484,24.54615471,27,0.78948,33.43297595,37,0.03402,17.60481476,20,0.00088,7.335940918,8,0.00026,4.111804876,5,0.0004,6.43673517,7,0.00012,3.111295393,3,MCHENRY:ALG 36,MCHENRY:ALGONQUIN ALG 36,MCHENRY:ALG 36,1,76.29608769,3.042157638,3.042157638,3.042157638,3.042157638,5.450966484,3.042157638,3.042157638,19.04100276,24.7766427,12.97395962,5.453663404,3.251879772,5.567968702,2.570865386,24.40120859,33.1201094,17.55321965,7.238425102,4.01930888,6.381077027,3.099974537,16.72178824,26.66305397,16.39820435,8.74266619,2.964143032,0.00121403,0.001426389,1,0.3,0.2,1,1,1,1,1.4,1,211.7834143,211.7547561,0.840489018,0.362928121,0.477560897,0.003968625,0.001713676,0.002254949,1469.18,111,0.99840471
MCHENRY:ALG 37,MCHENRY:ALGONQUIN ALG 37,MCHENRY:ALG 37,,,,,,,,,,0.89533344,0.0449276,0.003162029,0.03084038,0.013819137,5.30E-07,0.4069,0.9621,0.0379,0.7626,0.0354,0,0,0.1929,0.054549586,0.227290075,0.064368689,0.101907563,0.189275742,0.160599131,0.149940354,0.045322717,0.006746144,3.63E-05,1.27E-05,1.90E-05,0.019003207,2.19E-05,0.011139049,0.009517451,0.012732573,4.69E-05,0.030137061,0.015807856,0.047598223,0.0452399,0.155142248,0.196825211,0.456720368,,-0.178721464,,,,,-0.146025878,541,48.1,189006,213.6757301,-0.707116492,,,-1.464152658,,,,-0.764172227,-1.180264096,mc_lake_2race,MCHENRY,ALG 37,0,0,0,,0,0,1,207,138,92,142,107,71,0.5148,30.41738382,42,0.4653,29.75293086,41,0.0185,15.63620158,22,0.00048,5.970410932,8,0.0003,5.07401956,7,0.00044,6.529866835,9,0.00018,3.186419227,4,MCHENRY:ALG 37,MCHENRY:ALGONQUIN ALG 37,MCHENRY:ALG 37,1,89.88623575,0.615308496,0.615308496,0.615308496,0.615308496,6.421913276,0.615308496,0.615308496,21.82813736,20.43229027,10.45959919,3.959577733,3.780589982,5.56753026,2.570473073,30.12928143,29.45946814,15.52586642,5.933841938,5.085167026,6.480377303,3.199320942,19.50892284,22.31870153,13.88384392,7.24858052,3.492853242,0.000775587,0.001034075,1,0.3,0.2,1,1,1,1,1.4,1,847.0287342,847.0244476,3.249104187,1.62341772,1.625686467,0.003835884,0.001916603,0.001919281,1712.57,138,0.999491689
MCHENRY:ALG 38,MCHENRY:ALGONQUIN ALG 38,MCHENRY:ALG 38,,,,,,,,,,0.889756542,0.034792783,0.005266865,0.052106112,0.012414171,0,0.4047,0.9743,0.0257,0.7224,0.0114,0,0,0.2526,0.097181029,0.221433798,0.085257068,0.130998324,0.164856885,0.173465381,0.095836952,0.021800333,0.00917023,0.005849841,4.44E-07,0.005849574,0.011114004,0.004680086,0.025037462,0.011114715,0,0,0.028546816,0.027035618,0.028081937,0.072834732,0.04855149,0.25398596,0.47731732,,-0.134507321,,,,,-0.087344029,561,45.6,195535,246.0688519,-0.518756539,,,-1.277467201,,,,-0.695365711,-0.992950703,mc_lake_2race,MCHENRY,ALG 38,0,0,0,,0,0,1,89,59,39,193,145,97,0.51692,30.38385916,18,0.46176,29.67812831,18,0.01976,15.65050824,9,0.00036,6.000037999,4,0.00044,5.112438937,3,0.00052,6.519521752,4,0.00024,3.274061533,2,MCHENRY:ALG 38,MCHENRY:ALGONQUIN ALG 38,MCHENRY:ALG 38,1,88.6258077,0.840388364,0.840388364,0.840388364,0.840388364,6.331862118,0.840388364,0.840388364,21.82790028,20.43193025,10.45934916,3.959576576,3.780552099,5.568062956,2.571185138,30.12892031,29.45892327,15.52549097,5.933834402,5.085212845,6.480909191,3.2000322,19.50868576,22.31834152,13.88359388,7.248579363,3.492815359,0.001308283,0.001746141,1,0.3,0.2,1,1,1,1,1.4,1,180.533913,180.533913,0.691259399,0.345629699,0.345629699,0.003828973,0.001914486,0.001914486,489.38,59,1
MCHENRY:ALG 39,MCHENRY:ALGONQUIN ALG 39,MCHENRY:ALG 39,,,,,,,,,,0.896934906,0.061424614,0.007792212,0.019361142,0.014606938,1.85E-05,0.3421,0.9048,0.0952,0.9427,0.0091,0,0,0.0481,0.080184561,0.182243127,0.058551929,0.194567056,0.125350432,0.135492765,0.146778187,0.048440991,0.028390952,0.018157532,6.58E-05,0.018683754,0.034472933,0.014546754,4.14E-05,0.034389318,1.83E-05,4.37E-05,0.011580176,0.021907751,0.089330508,0.15761268,0.150851731,0.232265049,0.216032658,,-0.050898662,,,,,-0.123434705,559,47,141432,220.510976,-0.162569084,,,-1.392283017,,,,-0.946332068,-0.931140292,mc_lake_2race,MCHENRY,ALG 39,0,0,0,,0,0,1,144,96,64,229,172,115,0.51572,30.41745468,29,0.46224,29.78566109,29,0.02058,15.56577332,15,0.0006,5.980936477,6,0.00038,5.107657658,5,0.00034,6.542333969,6,0.00014,3.247136433,3,MCHENRY:ALG 39,MCHENRY:ALGONQUIN ALG 39,MCHENRY:ALG 39,1,88.10569958,0.933266229,0.933266229,0.933266229,0.933266229,6.294703045,0.933266229,0.933266229,21.82826533,20.4324846,10.45973416,3.959885207,3.780610431,5.567403388,2.570162992,30.12928282,29.45953795,15.52593135,5.934221109,5.08510764,6.480240946,3.199001376,19.50905081,22.31889587,13.88397888,7.248887994,3.492873691,0.000648715,0.000723994,1,0.3,0.2,1,1,1,1,1.4,1,211.2882833,211.2880063,0.809230407,0.404149698,0.405080708,0.003829982,0.001912788,0.001917194,1103.23,96,1
MCHENRY:ALG 4,MCHENRY:ALGONQUIN ALG 04,MCHENRY:ALG 4,,,,,,,,,,0.687273204,0.228900902,0.021420913,0.024217901,0.042229911,9.07E-05,0.1414,0.6407,0.3593,0.8655,0.0407,0,0.017,0.0768,0.150372132,0.110135576,0.118739999,0.167734459,0.144978378,0.095009139,0.134191657,0.043451794,0.035386868,0.096929382,0.020783664,0.000237074,0.007580556,0.034329107,0.018077619,0.004271333,0.036589522,0.053827797,0.119783091,0.16399013,0.140419816,0.07279344,0.096277591,0.109205273,0.024904606,,0.047191761,,,,,0.115124153,443,44.5,69841,202.0855305,0.255313209,,,-0.633352097,,,,-0.623614899,-0.300102607,mc_lake_2race,MCHENRY,ALG 4,0,0,0,,0,0,1,156,104,69,125,94,63,0.16938,24.22184889,25,0.78164,33.12399097,34,0.04748,18.65222297,19,0.00088,6.772785546,7,0.0002,4.220756208,4,0.00036,6.414034152,7,6.00E-05,3.08714661,3,MCHENRY:ALG 4,MCHENRY:ALGONQUIN ALG 04,MCHENRY:ALG 4,1,77.49744008,2.827627155,2.827627155,2.827627155,2.827627155,5.536796988,2.827627155,2.827627155,19.04117309,25.02378768,14.05707022,5.232524069,3.389903169,5.567891408,2.570495009,24.02434855,32.84187807,18.6288385,6.746162167,4.136593335,6.358449074,3.077053502,16.72195857,26.91019895,17.48131495,8.521526855,3.102166429,0.001136735,0.001056012,1,0.3,0.2,1,1,1,1,1.4,1,275.0623973,274.1089349,2.38385082,0.477705597,1.906145224,0.008666582,0.001736717,0.006929865,1663.82,104,1
MCHENRY:ALG 40,MCHENRY:ALGONQUIN ALG 40,MCHENRY:ALG 40,,,,,,,,,,0.847596726,0.073839543,0.00972279,0.04939463,0.008996065,0.002426626,0.3743,0.9515,0.0485,0.8139,0.0411,0,0,0.145,0.125175952,0.150431837,0.127594943,0.146722586,0.137962254,0.166931,0.110468538,0.03465329,5.96E-05,0.082433272,0,0,0.004365042,0.008714624,0,0.073813636,0.043409717,0.052071995,0.03524704,0.047897639,0.126183737,0.123832053,0.086979602,0.15663121,0.158420435,,0.071528475,,,,,0.056521739,460,44.8,105221,207.732038,0.358991851,,,-0.819784847,,,,-0.663468339,-0.377743585,mc_lake_2race,MCHENRY,ALG 40,0,0,0,,0,0,1,81,54,36,212,159,106,0.16654,24.16296335,13,0.7844,33.1657125,18,0.04722,18.70620363,10,0.00094,6.816339083,4,0.00018,4.165925132,2,0.00052,6.330381179,3,0.0002,3.12316395,2,MCHENRY:ALG 40,MCHENRY:ALGONQUIN ALG 40,MCHENRY:ALG 40,1,79.53831668,2.463179351,2.463179351,2.463179351,2.463179351,5.682607216,2.463179351,2.463179351,19.04089242,25.01630756,14.02583332,5.238102551,3.385915572,5.568126675,2.571155212,24.03488382,32.84964483,18.59853798,6.759170034,4.133383615,6.359336777,3.078366141,16.7216779,26.90271883,17.45007805,8.527105337,3.098178832,0.001372002,0.001716215,1,0.3,0.2,1,1,1,1,1.4,1,143.4133997,143.0605992,1.234801719,0.529200737,0.705600982,0.008610086,0.003690037,0.004920049,612.49,54,1
MCHENRY:ALG 41,MCHENRY:ALGONQUIN ALG 41,MCHENRY:ALG 41,,,,,,,,,,0.850707208,0.093678872,0.016027039,0.017256584,0.018137779,0.002137552,0.2528,0.8946,0.1054,0.7752,0.0504,0,0.0046,0.1699,0.09352621,0.131999962,0.138969136,0.136193332,0.083341117,0.151088181,0.139112496,0.10028001,0.025489555,0.043076519,0.047245124,0.006559694,0.071244921,0.055312592,0.030638894,0.013838301,0.013738945,0.029599072,0.098071649,0.047433647,0.143904097,0.093770027,0.127072655,0.06077573,0.117718133,,0.001464745,,,,,0.155642023,514,50.9,82512,232.1011755,0.060508154,,,-0.504451981,,,,-0.766642334,-0.292591931,mc_lake_2race,MCHENRY,ALG 41,0,0,0,,0,0,1,155,103,69,120,90,60,0.17374,24.58968821,25,0.79022,33.45948098,34,0.03418,17.63565349,18,0.00102,7.255637857,7,0.00014,4.027453645,4,0.00046,6.472805028,7,0.00024,3.130614355,3,MCHENRY:ALG 41,MCHENRY:ALGONQUIN ALG 41,MCHENRY:ALG 41,1,77.28511881,2.865542246,2.865542246,2.865542246,2.865542246,5.521627716,2.865542246,2.865542246,19.0412507,24.77701921,12.97422111,5.453997545,3.25191939,5.567585933,2.5702013,24.40141382,33.12041012,17.55344581,7.238809933,4.019254505,6.380686409,3.099302604,16.72203618,26.66343048,16.39846584,8.743000332,2.96418265,0.00083126,0.000762303,1,0.3,0.2,1,1,1,1,1.4,1,245.9486977,245.631454,1.266527822,0.008946763,1.257581059,0.005149561,3.64E-05,0.005113184,1283.34,103,0.999681708
MCHENRY:ALG 42,MCHENRY:ALGONQUIN ALG 42,MCHENRY:ALG 42,,,,,,,,,,0.837460449,0.106395058,0.019075106,0.023317652,0.012135438,0.001187734,0.2708,0.8493,0.1507,0.833,0.0025,0,0.0017,0.1628,0.122205725,0.099315774,0.117850348,0.131880237,0.157903716,0.148800138,0.145162813,0.055649989,0.021231261,0.007662984,2.23E-06,0.009169207,0.033133536,0.012270195,0.023591231,0.042050001,0.019586264,0.006348227,0.030865042,0.039410903,0.093373423,0.183694005,0.138362852,0.249278878,0.111201026,,0.036704222,,,,,0.048148148,540,47.4,124843,224.0771912,0.210634466,,,-0.846423879,,,,-0.789972354,-0.450027,mc_lake_2race,MCHENRY,ALG 42,0,0,0,,0,0,1,167,111,74,171,129,86,0.51672,30.39019797,34,0.4628,29.71086447,33,0.01888,15.58620243,17,0.00062,6.005789021,7,0.00054,5.170399402,6,0.00028,6.587218311,7,0.00016,3.270757775,4,MCHENRY:ALG 42,MCHENRY:ALGONQUIN ALG 42,MCHENRY:ALG 42,1,81.20360553,2.16580181,2.16580181,2.16580181,2.16580181,5.801583614,2.16580181,2.16580181,21.82822122,20.43241762,10.45968764,3.960464557,3.780603383,5.567805976,2.570435791,30.12885009,29.45901293,15.52560136,5.934928171,5.085050713,6.480624646,3.199255288,19.5090067,22.31882889,13.88393236,7.249467344,3.492866643,0.001051303,0.000996794,1,0.3,0.2,1,1,1,1,1.4,1,346.1182462,345.529925,2.522521739,0.822086263,1.700435476,0.007288035,0.00237516,0.004912874,1588.04,111,0.998808479
MCHENRY:ALG 43,MCHENRY:ALGONQUIN ALG 43,MCHENRY:ALG 43,,,,,,,,,,0.783880305,0.141642614,0.016343543,0.044432156,0.011915674,0.002270608,0.2388,0.787,0.213,0.8485,0.0023,0,0.001,0.1411,0.078910012,0.134618157,0.141260173,0.103927989,0.144254066,0.19157416,0.116567057,0.071935828,0.01695256,0.016001405,0.006382572,0.000395298,0.030019368,0.005285833,0.025556297,0.011630571,0.037691813,0.00686888,0.024520466,0.081232126,0.188168697,0.188756723,0.082827858,0.193864579,0.100797514,,0.093667229,,,,,0.089700997,301,48.4,108774,145.9176404,0.453306801,,,-0.714231169,,,,-0.74783401,-0.27640443,mc_lake_2race,MCHENRY,ALG 43,0,0,0,,0,0,1,239,159,106,166,125,83,0.17376,24.5699063,39,0.78964,33.39644687,53,0.03458,17.60616571,28,0.0011,7.297040802,12,0.00032,4.001528561,6,0.0005,6.476713341,10,0.0001,3.178741608,5,MCHENRY:ALG 43,MCHENRY:ALGONQUIN ALG 43,MCHENRY:ALG 43,1,76.81817796,2.948925812,2.948925812,2.948925812,2.948925812,5.488267172,2.948925812,2.948925812,19.04094774,24.77655915,12.9739016,5.453869777,3.25187098,5.568200537,2.571080675,24.40102819,33.11982483,17.55303721,7.238649877,4.019297038,6.381302538,3.100183504,16.72173322,26.66297041,16.39814632,8.742872563,2.96413424,0.001445864,0.001641678,1,0.3,0.2,1,1,1,1,1.4,1,395.4899045,392.3230511,6.335528502,2.815607556,3.519920946,0.016019444,0.007119291,0.008900154,1684.69,159,1
MCHENRY:ALG 44,MCHENRY:ALGONQUIN ALG 44,MCHENRY:ALG 44,,,,,,,,,,0.820188956,0.110186275,0.017765807,0.029822504,0.011416511,0.001115552,0.3024,0.879,0.121,0.7947,0.0025,0,0,0.1845,0.044427397,0.131589198,0.1350308,0.101666624,0.146517349,0.20405775,0.15113173,0.074553863,0.011025288,0.029974223,0.011959084,1.30E-05,0.023265696,0.010812591,0.026368786,0.003183249,0.038171546,0.003170639,0.010783616,0.123915429,0.238958142,0.148389884,0.045604721,0.180289525,0.105139908,,0.042603308,,,,,-0.075675676,370,50.7,97847,199.4108691,0.2357656,,,-1.240346492,,,,-0.666366146,-0.686804457,mc_lake_2race,MCHENRY,ALG 44,0,0,0,,0,0,1,137,91,61,149,112,75,0.51556,30.41670958,28,0.4627,29.74485481,27,0.0202,15.55578612,14,0.00062,5.967181381,5,0.0003,5.212676228,5,0.0004,6.561018387,6,0.00022,3.244583954,3,MCHENRY:ALG 44,MCHENRY:ALGONQUIN ALG 44,MCHENRY:ALG 44,1,85.35552312,1.424376653,1.424376653,1.424376653,1.424376653,6.098216958,1.424376653,1.424376653,21.8281487,20.4323075,10.45961116,3.96036027,3.780591795,5.567914496,2.570628437,30.12880518,29.45892224,15.52553316,5.934798818,5.085076464,6.48073628,3.199451048,19.50893418,22.31871877,13.88385588,7.249363056,3.492855055,0.001159823,0.00118944,1,0.3,0.2,1,1,1,1,1.4,1,269.6788608,268.7736168,2.629922043,1.376045834,1.253876209,0.009752051,0.005102535,0.004649516,872.31,91,1
MCHENRY:ALG 45,MCHENRY:ALGONQUIN ALG 45,MCHENRY:ALG 45,,,,,,,,,,0.763697976,0.163252337,0.01438046,0.028381864,0.030567155,0.000985937,0.2096,0.9065,0.0935,0.7608,0.0098,0,0.0327,0.1957,0.062111514,0.134916805,0.165887874,0.101872844,0.112368751,0.180354251,0.110170875,0.089020007,0.043297079,0.019192421,0.013222793,0.006056515,0.029042765,0.013278754,0.019487011,0.000343506,0.060148698,0.022862053,0.121560857,0.091960781,0.09396827,0.097460833,0.114865174,0.195338405,0.101211163,,0.008517873,,,,,0.076923077,468,50.4,102277,214.2700993,0.090555708,,,-0.75488176,,,,-0.632411154,-0.43784271,mc_lake_2race,MCHENRY,ALG 45,0,0,0,,0,0,1,221,147,98,126,95,63,0.17262,24.56430621,36,0.79064,33.49444301,49,0.03464,17.62701694,26,0.00114,7.254891018,11,0.00034,4.011703268,6,0.00038,6.4599723,9,0.00024,3.190346833,5,MCHENRY:ALG 45,MCHENRY:ALGONQUIN ALG 45,MCHENRY:ALG 45,1,80.93772187,2.213281758,2.213281758,2.213281758,2.213281758,5.782587582,2.213281758,2.213281758,19.04112667,24.77683087,12.97409031,5.453850723,3.251899571,5.567788051,2.57053842,24.40130138,33.1202439,17.55332309,7.238639903,4.019279973,6.380891869,3.099643065,16.72191215,26.66324213,16.39833504,8.74285351,2.964162831,0.001033378,0.001099423,1,0.3,0.2,1,1,1,1,1.4,1,471.6057692,471.1755479,3.238147101,1.08799206,2.150155041,0.006866216,0.002306995,0.004559221,2058.64,147,0.999795424
MCHENRY:ALG 46,MCHENRY:ALGONQUIN ALG 46,MCHENRY:ALG 46,,,,,,,,,,0.832261201,0.093900363,0.027158583,0.036855812,0.012049801,0.001261594,0.1768,0.8002,0.1998,0.7766,0.0203,0,0.022,0.1729,0.073396148,0.150333307,0.130032569,0.094240634,0.125280488,0.17887358,0.128508491,0.081912755,0.037422026,0.018848413,0.026197833,0.010827573,0.009302586,0.016221795,0.023456894,0.003112645,0.054136951,0.014141859,0.080084364,0.117273535,0.148684966,0.080120932,0.146737982,0.134514171,0.1163375,,0.02515725,,,,,0.066945607,478,51.2,96252,236.8561292,0.161442353,,,-0.786623237,,,,-0.778505491,-0.431098641,mc_lake_2race,MCHENRY,ALG 46,0,0,0,,0,0,1,203,135,90,137,103,69,0.17544,24.58397659,33,0.78902,33.43174435,45,0.03384,17.62096796,24,0.0009,7.315448544,10,0.00022,4.066519844,5,0.00038,6.472286708,9,0.0002,3.157354519,4,MCHENRY:ALG 46,MCHENRY:ALGONQUIN ALG 46,MCHENRY:ALG 46,1,80.78803965,2.240011134,2.240011134,2.240011134,2.240011134,5.77189355,2.240011134,2.240011134,19.0410322,24.77668741,12.97399068,5.454485601,3.251884476,5.568333003,2.570975985,24.40085678,33.11953745,17.5528776,7.239336018,4.019235732,6.3814179,3.100061709,16.72181768,26.66309868,16.3982354,8.743488387,2.964147736,0.001578331,0.001536988,1,0.3,0.2,1,1,1,1,1.4,1,348.5639522,348.3405214,2.2658113,1.06198758,1.20382372,0.006500418,0.003046751,0.003453667,1481.01,135,1
MCHENRY:ALG 47,MCHENRY:ALGONQUIN ALG 47,MCHENRY:ALG 47,,,,,,,,,,0.775342919,0.158806088,0.024552285,0.036246749,0.011793361,0.000936113,0.2155,0.7416,0.2584,0.7429,0.0351,0,0.0131,0.2035,0.093164737,0.155316272,0.113667475,0.106032861,0.116262052,0.192310198,0.105444726,0.0740289,0.043772779,0.01147869,0.04411765,0.012663242,6.01E-05,0.029431851,0.009164382,0.001378026,0.078901684,0.009776879,0.072188735,0.112654073,0.161226919,0.079740297,0.202493446,0.076085426,0.098638578,,0.104364069,,,,,0.151376147,436,51.1,93326,219.9166068,0.498877203,,,-0.518023078,,,,-0.620483619,-0.136685472,mc_lake_2race,MCHENRY,ALG 47,0,0,0,,0,0,1,141,94,63,116,87,58,0.1775,24.61449352,23,0.78628,33.388305,31,0.03432,17.62245895,17,0.00102,7.333606054,7,0.00022,4.069504928,4,0.00048,6.444132634,6,0.00018,3.13015385,3,MCHENRY:ALG 47,MCHENRY:ALGONQUIN ALG 47,MCHENRY:ALG 47,1,72.22363969,3.769391578,3.769391578,3.769391578,3.769391578,5.160010838,3.769391578,3.769391578,19.04103899,24.77669772,12.97399784,5.454350151,3.251885561,5.568246803,2.57092279,24.40093191,33.11965797,17.55295197,7.239186677,4.019246566,6.381335642,3.100012455,16.72182447,26.66310899,16.39824256,8.743352938,2.964148821,0.001492131,0.001483792,1,0.3,0.2,1,1,1,1,1.4,1,291.6289173,291.3540403,2.200395267,0.825780349,1.374614918,0.007545189,0.002831613,0.004713575,1389.16,94,1
MCHENRY:ALG 48,MCHENRY:ALGONQUIN ALG 48,MCHENRY:ALG 48,,,,,,,,,,0.80677623,0.133295469,0.012329103,0.020993357,0.029838296,0.000545916,0.2085,0.7729,0.2271,0.9258,0.0133,0,0,0.0609,0.115147837,0.108340533,0.113911032,0.163318492,0.142565368,0.121710283,0.173560344,0.040172674,0.021273437,0.018209691,0.030667954,0.00847543,0.000235936,0.026692822,0.006740467,0.027297712,0.019339167,0.025669676,0.157040088,0.07329448,0.13122891,0.12059803,0.079399981,0.120523771,0.154585886,,-0.00192518,,,,,0.030425963,493,46.3,95258,211.0010686,0.046066483,,,-0.902803736,,,,-0.880861713,-0.546977404,mc_lake_2race,MCHENRY,ALG 48,0,0,0,,0,0,1,201,134,89,123,93,62,0.51646,30.42370125,41,0.46208,29.76247446,40,0.02002,15.60959785,21,0.00066,6.012397557,8,0.00032,5.156710708,7,0.0003,6.534779555,9,0.00016,3.187902422,4,MCHENRY:ALG 48,MCHENRY:ALGONQUIN ALG 48,MCHENRY:ALG 48,1,83.12308846,1.823031776,1.823031776,1.823031776,1.823031776,5.938720883,1.823031776,1.823031776,21.82824713,20.43245697,10.45971496,3.960117946,3.780607523,5.56756619,2.570274015,30.12910825,29.45932594,15.52579803,5.934505143,5.085084863,6.480396159,3.19910481,19.50903261,22.31886824,13.88395969,7.249120733,3.492870783,0.000811517,0.000835018,1,0.3,0.2,1,1,1,1,1.4,1,165.6675845,165.5001261,1.105230598,0.683792876,0.421437722,0.006671375,0.0041275,0.002543876,1760.18,134,1
MCHENRY:ALG 49,MCHENRY:ALGONQUIN ALG 49,MCHENRY:ALG 49,,,,,,,,,,0.840486122,0.092331075,0.011335886,0.040417819,0.009688446,0.002535412,0.251,0.979,0.021,0.743,0.018,0,0.0068,0.2321,0.060815953,0.135879126,0.141518663,0.087288762,0.136263133,0.22079792,0.108109302,0.087397525,0.021929617,0.024555581,0.010414047,3.78E-05,0.026805751,0.005340252,0.028796275,0.003697501,0.016131314,0.008794276,0.010962078,0.097796869,0.230054922,0.158213845,0.069998475,0.18522697,0.123174093,,-0.000126008,,,,,-0.015564202,514,50.9,105785,206.8404842,0.053731269,,,-1.049112946,,,,-0.755759366,-0.635546366,mc_lake_2race,MCHENRY,ALG 49,0,0,0,,0,0,1,231,154,103,199,150,100,0.51986,30.49057218,47,0.4596,29.71386154,46,0.0191,15.59249991,24,0.00062,5.986511914,9,0.00026,5.184349345,8,0.00044,6.564406348,10,0.00012,3.266760348,5,MCHENRY:ALG 49,MCHENRY:ALGONQUIN ALG 49,MCHENRY:ALG 49,1,84.60309049,1.558741671,1.558741671,1.558741671,1.558741671,6.044459483,1.558741671,1.558741671,21.82803059,20.43212813,10.45948658,3.959961729,3.78057292,5.567971516,2.570886861,30.12887627,29.45894167,15.52552473,5.934308588,5.085144235,6.480805763,3.199721935,19.50881606,22.31853939,13.88373131,7.248964515,3.492836181,0.001216843,0.001447864,1,0.3,0.2,1,1,1,1,1.4,1,741.9724364,740.1455266,6.38923931,2.738668547,3.650570763,0.008611155,0.003691065,0.004920089,2175.83,154,1
MCHENRY:ALG 5,MCHENRY:ALGONQUIN ALG 05,MCHENRY:ALG 5,,,,,,,,,,0.669484118,0.261827085,0.018535907,0.036800378,0.029340839,0.002052008,0.175,0.6886,0.3114,0.8713,0.0504,0,0.0109,0.0672,0.097747486,0.159602885,0.14166654,0.099466671,0.146644739,0.120585492,0.107466616,0.097105842,0.029713728,0.065776241,0.043960147,0.016141521,0.008985835,0.071355622,0.023592729,0.011217029,0.01684596,0.01997158,0.084229263,0.062918252,0.252482976,0.126412234,0.052193232,0.080270343,0.063647038,,0.021341361,,,,,0.212962963,432,47,82427,212.4869917,0.145186001,,,-0.322096004,,,,-0.600475538,-0.146865252,mc_lake_2race,MCHENRY,ALG 5,0,0,0,,0,0,1,267,178,119,145,109,73,0.17136,24.51549211,44,0.79222,33.45016046,60,0.03472,17.58914029,31,0.00078,7.284716282,13,0.0003,4.034051814,7,0.00042,6.456370882,11,0.0002,3.157920012,6,MCHENRY:ALG 5,MCHENRY:ALGONQUIN ALG 05,MCHENRY:ALG 5,1,72.59428245,3.703204363,3.703204363,3.703204363,3.703204363,5.186491373,3.703204363,3.703204363,19.04103282,24.77668835,12.97399133,5.454027052,3.251884575,5.568091502,2.570863109,24.40107813,33.11989493,17.55309473,7.23882905,4.019274747,6.381189585,3.099962019,16.7218183,26.66309961,16.39823606,8.743029838,2.964147835,0.001336829,0.001424112,1,0.3,0.2,1,1,1,1,1.4,1,444.1807883,441.256268,5.371637001,2.671001584,2.700635416,0.012093357,0.006013321,0.006080037,2670.24,178,1
MCHENRY:ALG 50,MCHENRY:ALGONQUIN ALG 50,MCHENRY:ALG 50,,,,,,,,,,0.870020974,0.059203226,0.007655369,0.047638651,0.013634733,0.002851732,0.368,0.9777,0.0223,0.798,0.0648,0,0,0.1372,0.089658023,0.135897738,0.126175132,0.131606364,0.135990634,0.177709183,0.138704759,0.057592209,0.006665958,0.057031347,0.002725497,0,0.020829338,0.016738697,0.008721592,0.035834227,0.02263433,0.026697461,0.021199071,0.070409447,0.159079284,0.103124473,0.112380885,0.203569439,0.139024912,,-0.027918905,,,,,0.159519726,583,47.7,114085,236.8561292,-0.064671315,,,-0.492115786,,,,-0.730595454,-0.331824109,mc_lake_2race,MCHENRY,ALG 50,0,0,0,,0,0,1,195,130,87,210,158,105,0.17356,24.55535294,32,0.78946,33.45963337,43,0.0351,17.60756919,23,0.0009,7.23137828,9,0.00024,4.037908408,5,0.00056,6.385618076,8,0.00018,3.143401641,4,MCHENRY:ALG 50,MCHENRY:ALGONQUIN ALG 50,MCHENRY:ALG 50,1,78.3646105,2.672772934,2.672772934,2.672772934,2.672772934,5.598751893,2.672772934,2.672772934,19.040912,24.77650486,12.9738639,5.453390384,3.251865268,5.568029924,2.571072018,24.4012059,33.12011634,17.5532079,7.238117594,4.019341631,6.381145454,3.100188375,16.72169747,26.66291613,16.39810862,8.742393171,2.964128528,0.001275251,0.001633021,1,0.3,0.2,1,1,1,1,1.4,1,151.3606665,150.9883156,1.303228371,0.558526445,0.744701926,0.008610086,0.003690037,0.004920049,691.97,130,1
MCHENRY:ALG 51,MCHENRY:ALGONQUIN ALG 51,MCHENRY:ALG 51,,,,,,,,,,0.879160773,0.064039097,0.003698831,0.035671681,0.008987372,0.003151963,0.2927,0.9911,0.0089,0.7581,0.0481,0,0.0041,0.1897,0.0688341,0.129530364,0.1351839,0.098598108,0.13399816,0.210525301,0.120225779,0.082745877,0.020358412,0.028252014,0.008440535,1.54E-05,0.032530807,0.009985285,0.026626314,0.009357739,0.006954449,0.012937096,0.012476592,0.082049235,0.202605052,0.133012169,0.099226604,0.202770228,0.132760443,,-0.050842927,,,,,0.154362416,596,50.9,112737,248.7435133,-0.162331643,,,-0.508522815,,,,-0.81030605,-0.378701125,mc_lake_2race,MCHENRY,ALG 51,0,0,0,,0,0,1,161,107,71,198,149,99,0.17216,24.55110674,26,0.79164,33.42501114,36,0.03456,17.63435866,19,0.00074,7.332042698,8,0.00024,4.037062538,4,0.00044,6.462863873,7,0.00022,3.106025319,3,MCHENRY:ALG 51,MCHENRY:ALGONQUIN ALG 51,MCHENRY:ALG 51,1,79.56180075,2.458985704,2.458985704,2.458985704,2.458985704,5.684285033,2.458985704,2.458985704,19.0410454,24.77670746,12.9740046,5.453243523,3.251886585,5.567652915,2.5706356,24.40147337,33.12053181,17.55348359,7.237963476,4.019340211,6.380773613,3.099757125,16.72183088,26.66311872,16.39824933,8.74224631,2.964149845,0.000898242,0.001196603,1,0.3,0.2,1,1,1,1,1.4,1,219.0515976,218.5129992,1.88568668,0.808391163,1.077295516,0.008608413,0.003690414,0.004917999,763.86,107,1
MCHENRY:ALG 52,MCHENRY:ALGONQUIN ALG 52,MCHENRY:ALG 52,,,,,,,,,,0.679095884,0.254811047,0.018735653,0.029295724,0.025230021,0.001403793,0.2386,0.7698,0.2302,0.8931,0.0216,0,0.0114,0.0738,0.209166012,0.085023225,0.121265246,0.112709598,0.145823137,0.160911519,0.09417483,0.065592348,0.005334084,0.012309587,0.026734397,0.027200766,0.000321017,0.020174769,3.74E-05,0.005141126,0.001839576,0.007915227,0.063001866,0.212426489,0.153614071,0.204409482,0.044069792,0.062370656,0.158433772,,0.256363062,,,,,0.193205945,471,46.8,95001,224.6715604,1.146419398,,,-0.384949306,,,,-0.57379052,0.189313958,mc_lake_2race,MCHENRY,ALG 52,0,0,0,,0,0,1,206,137,91,127,96,64,0.17344,24.56785952,34,0.78956,33.42135274,46,0.03518,17.65081998,24,0.00094,7.304453144,10,0.00018,4.118222474,6,0.00058,6.356993432,9,0.00012,3.094649928,4,MCHENRY:ALG 52,MCHENRY:ALGONQUIN ALG 52,MCHENRY:ALG 52,1,59.07573073,6.496589945,6.496589945,6.496589945,6.496589945,4.220659774,6.496589945,4.220659774,19.04111648,24.7768154,12.97407956,5.454077616,3.251897944,5.567929777,2.570623965,24.40117727,33.12004469,17.55320036,7.238890145,4.0192617,6.381027,3.099722015,16.72190196,26.66322666,16.39832429,8.743080403,2.964161204,0.001175105,0.001184968,1,0.3,0.2,1,1,1,1,1.4,1,181.30525,181.2020224,0.673749482,0.305225008,0.368524475,0.003716106,0.001683487,0.002032619,1856.9,137,1
MCHENRY:ALG 53,MCHENRY:ALGONQUIN ALG 53,MCHENRY:ALG 53,,,,,,,,,,0.907055465,0.05339254,0.005743521,0.023533986,0.011741913,1.97E-07,0.288,0.9883,0.0117,0.7653,0.0358,0,0,0.1989,0.070153757,0.190346718,0.107106679,0.070819375,0.131309312,0.212608028,0.139546899,0.065758115,0.012351116,0.004949262,0.008527071,0.001791606,0.015073493,0.044402003,0.01074379,0.042721557,0.005123966,0.020791834,0.030766544,0.03065737,0.143304547,0.069622388,0.122535715,0.17741265,0.271576205,,-0.069245253,,,,,-0.19205298,604,51.8,139593,253.498467,-0.240728758,,,-1.610579377,,,,-0.898295613,-1.096885395,mc_lake_2race,MCHENRY,ALG 53,0,0,0,,0,0,1,314,209,139,200,150,100,0.51954,30.44700188,64,0.4597,29.75582939,62,0.01944,15.56577162,33,0.00044,5.970041423,12,0.0004,5.07124278,11,0.00034,6.542966883,14,0.00014,3.26580997,7,MCHENRY:ALG 53,MCHENRY:ALGONQUIN ALG 53,MCHENRY:ALG 53,1,89.37779621,0.706102655,0.706102655,0.706102655,0.706102655,6.385587864,0.706102655,0.706102655,21.82821881,20.43241396,10.45968509,3.959753984,3.780602997,5.567439321,2.570271,30.12929458,29.45952679,15.52591648,5.934059497,5.085131424,6.480280956,3.199113461,19.50900429,22.31882523,13.88392982,7.24875677,3.492866257,0.000684648,0.000832003,1,0.3,0.2,1,1,1,1,1.4,1,810.4318785,808.4377286,2.662657611,0.667512391,1.995145219,0.00328548,0.00082365,0.00246183,2195.82,209,1
MCHENRY:ALG 54,MCHENRY:ALGONQUIN ALG 54,MCHENRY:ALG 54,,,,,,,,,,0.849811446,0.103484463,0.008444858,0.020301793,0.016224541,0.000916335,0.3468,0.7409,0.2591,0.7574,0.0356,0,0,0.1805,0.104747553,0.081941641,0.149866967,0.140734635,0.129591475,0.137074568,0.188906129,0.046325267,0.020811764,0.017553823,0.016650531,0.036995215,0.004189917,0.014428492,0.014067422,0.012750782,0.042152161,0.019694407,0.165185393,0.033529153,0.100178426,0.128460227,0.087045978,0.122195915,0.184922157,,0.082595099,,,,,0.053864169,427,47.5,104403,202.6798997,0.406137598,,,-0.828239415,,,,-0.584743419,-0.365348035,mc_lake_2race,MCHENRY,ALG 54,0,0,0,,0,0,1,228,152,101,158,119,79,0.1749,24.60669394,37,0.78916,33.44294531,51,0.03436,17.61533384,27,0.00088,7.310144201,11,0.00024,4.102356654,6,0.00032,6.40698465,10,0.00014,3.122972615,5,MCHENRY:ALG 54,MCHENRY:ALGONQUIN ALG 54,MCHENRY:ALG 54,1,79.23071484,2.518109087,2.518109087,2.518109087,2.518109087,5.660630633,2.518109087,2.518109087,19.04121675,24.77696766,12.97418531,5.453577865,3.251913965,5.567442542,2.570201697,24.40156548,33.12065932,17.55359112,7.238343787,4.019293818,6.380554843,3.099314825,16.72200223,26.66337893,16.39843004,8.742580652,2.964177225,0.000687869,0.0007627,1,0.3,0.2,1,1,1,1,1.4,1,294.3091619,294.1932764,1.469928607,1.134652452,0.335276155,0.004994505,0.003855308,0.001139197,1527.75,152,1
MCHENRY:ALG 55,MCHENRY:ALGONQUIN ALG 55,MCHENRY:ALG 55,,,,,,,,,,0.87835032,0.050296896,0.011414688,0.035479658,0.017600078,5.13E-05,0.3532,0.9219,0.0781,0.5502,0.0525,0,0,0.3949,0.103968406,0.119287189,0.093456545,0.096755277,0.167266661,0.153922443,0.174705298,0.083674155,0.006964026,0.000800259,0.04647483,0,0.025956201,0,0.055261226,0.000355758,0.026460085,0.020712224,0.040052705,0.022690771,0.095608973,0.110373113,0.146304172,0.200378383,0.208571299,,-0.026452407,,,,,0.029457364,645,51.1,134442,246.0688519,-0.058423778,,,-0.905885154,,,,-0.556149786,-0.588087138,mc_lake_2race,MCHENRY,ALG 55,0,0,0,,0,0,1,147,98,65,160,120,80,0.52104,30.42609851,30,0.45738,29.67278439,29,0.01996,15.6352167,15,0.00056,6.002699279,6,0.0004,5.14637932,5,0.0005,6.557806856,6,0.00016,3.298902106,3,MCHENRY:ALG 55,MCHENRY:ALGONQUIN ALG 55,MCHENRY:ALG 55,1,83.84003476,1.6950037,1.6950037,1.6950037,1.6950037,5.989943041,1.6950037,1.6950037,21.82808564,20.43221173,10.45954464,3.9599922,3.780581717,5.567863632,2.570728823,30.12894107,29.45904612,15.52559836,5.934347258,5.085130185,6.480697091,3.199563108,19.50887112,22.31862299,13.88378937,7.248994986,3.492844977,0.00110896,0.001289826,1,0.3,0.2,1,1,1,1,1.4,1,69.60832993,69.47403733,0.760991388,0.358113594,0.402877794,0.010932476,0.005144695,0.005787781,525.95,98,1
MCHENRY:ALG 56,MCHENRY:ALGONQUIN ALG 56,MCHENRY:ALG 56,,,,,,,,,,0.869336153,0.083123656,0.012725182,0.019044591,0.011919511,0.000261743,0.2552,0.6819,0.3181,0.8461,0.0336,0,0,0.1202,0.122882525,0.147811888,0.142631598,0.116220721,0.117291871,0.159057972,0.126732535,0.055184423,0.012186468,0.024489364,0.044808023,0.007720892,0.014102907,0.036700246,0.014078328,0.017794314,0.009471467,0.017438026,0.062534311,0.073651866,0.143926868,0.087220533,0.060127265,0.141458046,0.244477545,,-0.062276597,,,,,-0.094619666,539,47,109540,206.8404842,-0.211041069,,,-1.300613295,,,,-0.859206432,-0.892023711,mc_lake_2race,MCHENRY,ALG 56,0,0,0,,0,0,1,93,62,41,172,129,86,0.51852,30.42325758,19,0.45886,29.72303377,18,0.02076,15.61557743,10,0.00062,5.925216244,4,0.00058,5.183298139,3,0.00046,6.59263832,4,0.0002,3.289671465,2,MCHENRY:ALG 56,MCHENRY:ALGONQUIN ALG 56,MCHENRY:ALG 56,1,87.7445843,0.997752084,0.997752084,0.997752084,0.997752084,6.268903199,0.997752084,0.997752084,21.82826886,20.43248996,10.45973788,3.960149393,3.780610995,5.567533786,2.57021635,30.12912158,29.45935296,15.52581837,5.934544145,5.085077125,6.480362815,3.199046206,19.50905434,22.31890123,13.88398261,7.24915218,3.492874255,0.000779113,0.000777353,1,0.3,0.2,1,1,1,1,1.4,1,127.2723462,126.9591247,0.4176287,0.104407175,0.313221525,0.003281378,0.000820345,0.002461034,812.85,62,1
MCHENRY:ALG 57,MCHENRY:ALGONQUIN ALG 57,MCHENRY:ALG 57,,,,,,,,,,0.84964867,0.100314134,0.012776689,0.022651356,0.015236978,8.57E-07,0.2458,0.6644,0.3356,0.8512,0.0338,0,0,0.1149,0.126812357,0.147595407,0.141470314,0.109362411,0.123133685,0.16205102,0.124303837,0.05388663,0.011384339,0.029199689,0.066393082,8.81E-05,0.009333,0.060787903,0.006629709,0.017487267,0.000728198,0.025191536,0.03219946,0.086958662,0.142329345,0.072893961,0.070257198,0.135868876,0.243653985,,0.017299078,,,,,0.010416667,576,47.1,107776,230.3180679,0.127965171,,,-0.966459613,,,,-0.842444359,-0.556050319,mc_lake_2race,MCHENRY,ALG 57,0,0,0,,0,0,1,189,126,84,168,126,84,0.51584,30.44751063,38,0.4639,29.82668941,38,0.01896,15.61202795,20,0.00058,5.994222045,8,0.00026,5.148631085,6,0.00034,6.481953362,8,0.00012,3.247931229,4,MCHENRY:ALG 57,MCHENRY:ALGONQUIN ALG 57,MCHENRY:ALG 57,1,83.28599434,1.793940997,1.793940997,1.793940997,1.793940997,5.950359678,1.793940997,1.793940997,21.82822865,20.4324289,10.45969547,3.960132941,3.780604569,5.567615621,2.570333184,30.12907058,29.45927243,15.52576198,5.934522996,5.085086731,6.480445039,3.199163429,19.50901413,22.31884017,13.8839402,7.249135728,3.49286783,0.000860948,0.000894187,1,0.3,0.2,1,1,1,1,1.4,1,192.3850429,191.9123081,0.631450805,0.158147155,0.473303649,0.003282224,0.000822035,0.002460189,1333.4,126,1
MCHENRY:ALG 58,MCHENRY:ALGONQUIN ALG 58,MCHENRY:ALG 58,,,,,,,,,,0.851139928,0.077848077,0.013541753,0.035218916,0.015609785,0.000301005,0.302,0.8156,0.1844,0.7114,0.0842,0,0,0.2015,0.110951495,0.105440703,0.107222008,0.100626853,0.165655276,0.143807495,0.182731148,0.068755751,0.014809272,0.004700198,0.011296396,0.000145372,0.036336884,6.14E-05,0.058147944,0.002135813,0.024433028,0.045015326,0.073983073,0.04806036,0.142804344,0.133379667,0.151804438,0.142194556,0.125501243,,0.082058698,,,,,0.072512648,593,50.5,109912,234.4786523,0.403852436,,,-0.768912725,,,,-0.694022853,-0.32912579,mc_lake_2race,MCHENRY,ALG 58,0,0,0,,0,0,1,188,125,83,152,114,76,0.17442,24.60024921,31,0.78968,33.40763762,42,0.034,17.61046294,22,0.00112,7.316825371,9,0.00018,4.077068143,5,0.00044,6.4160106,8,0.00016,3.19774597,4,MCHENRY:ALG 58,MCHENRY:ALGONQUIN ALG 58,MCHENRY:ALG 58,1,78.29267821,2.685618182,2.685618182,2.685618182,2.685618182,5.593612698,2.685618182,2.685618182,19.04105045,24.77671512,12.97400992,5.45376971,3.251887392,5.567917089,2.570747829,24.40122786,33.1201346,17.55324333,7.238545602,4.019294838,6.381022696,3.099854263,16.72183593,26.66312639,16.39825465,8.742772497,2.964150652,0.001162417,0.001308832,1,0.3,0.2,1,1,1,1,1.4,1,89.13167928,88.96059269,0.969912255,0.457259671,0.512652584,0.01088179,0.005130159,0.005751632,1167.58,125,1
MCHENRY:ALG 59,MCHENRY:ALGONQUIN ALG 59,MCHENRY:ALG 59,,,,,,,,,,0.834746448,0.103192364,0.009545933,0.031162691,0.011476404,0.001027289,0.3276,0.7182,0.2818,0.8312,0.0306,0,0,0.1381,0.094226981,0.134658032,0.130429438,0.123659253,0.175929225,0.199272185,0.11024932,0.030815445,0.000760122,0.000211603,0.022606756,9.33E-05,0.024347149,7.17E-05,0.002969355,0.000205488,0.019492772,0.049595277,0.046819827,0.023141484,0.238682914,0.144386677,0.117412429,0.177226431,0.132736806,,-0.007530083,,,,,-0.036521739,575,46,112425,241.6110828,0.022188619,,,-1.115785477,,,,-0.713794848,-0.689045191,mc_lake_2race,MCHENRY,ALG 59,0,0,0,,0,0,1,228,152,101,137,103,69,0.51618,30.41398936,43,0.46184,29.77333458,43,0.02028,15.61617086,22,0.00078,5.985148047,9,0.00032,5.103030106,7,0.00044,6.549523646,9,0.00016,3.274266978,5,MCHENRY:ALG 59,MCHENRY:ALGONQUIN ALG 59,MCHENRY:ALG 59,1,85.38681635,1.418788491,1.418788491,1.418788491,1.418788491,6.1004527,1.418788491,1.418788491,21.82813376,20.43228481,10.4595954,3.959915729,3.780589407,5.567715329,2.570565702,30.12906276,29.4592128,15.52570901,5.934255021,5.085129547,6.480551431,3.199402631,19.50891924,22.31869608,13.88384013,7.248918515,3.492852668,0.000960656,0.001126704,1,0.3,0.2,1,1,1,1,1.4,1,147.9027612,147.6138715,1.611744423,0.758382573,0.853361851,0.010897325,0.005127575,0.005769749,1614.73,144,0.994840798
MCHENRY:ALG 6,MCHENRY:ALGONQUIN ALG 06,MCHENRY:ALG 6,,,,,,,,,,0.677308596,0.251779306,0.030471018,0.022243386,0.028949787,0.000726734,0.1632,0.6341,0.3659,0.9196,0.0219,0,0.01,0.0484,0.12939721,0.144260365,0.095935541,0.173787566,0.149822626,0.122157967,0.110710134,0.051467484,0.02246111,0.042425243,0.007644593,0.0034019,0.000341823,0.039253471,0.004305359,0.013120694,0.07193951,0.045441537,0.169780116,0.132159254,0.101805111,0.129057336,0.081075263,0.103209819,0.055038973,,0.123810132,,,,,0.130434783,506,44.7,71616,206.5432996,0.58172082,,,-0.584644157,,,,-0.620345595,-0.147257291,mc_lake_2race,MCHENRY,ALG 6,0,0,0,,0,0,1,185,123,82,135,102,68,0.16862,24.17640758,30,0.78142,33.12442811,41,0.04834,18.66270738,23,0.00082,6.836411055,8,8.00E-05,4.262609627,5,0.00062,6.346900546,8,0.0001,3.116640903,4,MCHENRY:ALG 6,MCHENRY:ALGONQUIN ALG 06,MCHENRY:ALG 6,1,72.60843926,3.700676322,3.700676322,3.700676322,3.700676322,5.187502805,3.700676322,3.700676322,19.04119511,25.01911851,14.03646618,5.237239469,3.387278188,5.568099569,2.57054801,24.03121107,32.84676479,18.60847746,6.755938959,4.134349913,6.359065867,3.077515135,16.72198058,26.90552978,17.46071091,8.526242255,3.099541448,0.001344896,0.001109013,1,0.3,0.2,1,1,1,1,1.4,1,373.6380903,372.339009,3.257313815,0.652991025,2.604322789,0.008717831,0.001747656,0.006970175,1653.21,123,1
MCHENRY:ALG 60,MCHENRY:ALGONQUIN ALG 60,MCHENRY:ALG 60,,,,,,,,,,0.873341113,0.042871505,0.008433411,0.063346401,0.00945959,2.69E-05,0.3781,0.9286,0.0714,0.7077,0.0243,0,0,0.2269,0.122521874,0.116235845,0.117909459,0.086083146,0.109975563,0.220825076,0.130767612,0.084395465,0.011285959,0.002701593,0.005969791,8.64E-06,0.000855509,5.75E-06,0.009238098,0.00246789,0.024924322,0.008131682,0.086501874,0.021661558,0.062194669,0.095021724,0.074300388,0.239193111,0.366823394,,-0.268061067,,,,,-0.24025974,616,52.2,172161,251.1209901,-1.087718768,,,-1.763940275,,,,-0.662788688,-1.51035721,mc_lake_2race,MCHENRY,ALG 60,0,0,0,,0,0,1,345,230,153,154,116,77,0.51284,30.38149707,70,0.46536,29.75517255,68,0.02028,15.57632972,36,0.0005,5.987490626,14,0.0005,5.089224818,12,0.0003,6.549984932,15,0.00022,3.216264722,7,MCHENRY:ALG 60,MCHENRY:ALGONQUIN ALG 60,MCHENRY:ALG 60,1,91.29675377,0.363426438,0.363426438,0.363426438,0.363426438,6.522687598,0.363426438,0.363426438,21.82777498,20.43173996,10.459217,3.959685266,3.780532076,5.568401753,2.571587973,30.1286605,29.45855538,15.52524346,5.933964032,5.085224718,6.481244028,3.200431074,19.50856045,22.31815123,13.88346173,7.248688053,3.492795336,0.00164708,0.002148975,1,0.3,0.2,1,1,1,1,1.4,1,1216.087248,1213.742416,13.29009535,6.254033349,7.036062004,0.010928571,0.005142751,0.00578582,2220.13,230,0.9998545
MCHENRY:ALG 61,MCHENRY:ALGONQUIN ALG 61,MCHENRY:ALG 61,,,,,,,,,,0.793686626,0.099079935,0.034258627,0.068685706,0.009570416,1.84E-06,0.3895,0.9531,0.0469,0.742,0.0162,0,0.013,0.228,0.111217368,0.074144696,0.110097674,0.169977882,0.131366663,0.179380207,0.123714697,0.087833826,0.012266986,0.008544752,0.002288551,0.001127195,1.70E-06,0.017582106,0.011864576,0.00852798,0.05114958,2.45E-05,0.022147146,0.033519136,0.091565686,0.153497573,0.169335102,0.146158058,0.282666312,,0.041232936,,,,,0.050709939,493,48.2,139492,210.1095148,0.229927577,,,-0.838274015,,,,-0.499555781,-0.437698418,mc_lake_2race,MCHENRY,ALG 61,0,0,0,,0,0,1,170,113,75,128,96,64,0.1719,24.55256736,28,0.7912,33.39520598,38,0.03532,17.60954191,20,0.00068,7.245501662,8,0.00016,4.061013232,5,0.00058,6.395821614,7,0.00016,3.178928906,4,MCHENRY:ALG 61,MCHENRY:ALGONQUIN ALG 61,MCHENRY:ALG 61,1,80.93453824,2.213850272,2.213850272,2.213850272,2.213850272,5.782360128,2.213850272,2.213850272,19.04067736,24.77614855,12.97361643,5.454694041,3.251827775,5.569240379,2.572092668,24.40023296,33.11857386,17.55223022,7.239544478,4.019255022,6.382316767,3.101169882,16.72146284,26.66255982,16.39786116,8.743696828,2.964091035,0.002485706,0.002653671,1,0.3,0.2,1,1,1,1,1.4,1,259.4021245,259.1573572,1.957798303,0.734194773,1.22360353,0.007547349,0.002830334,0.004717014,923.86,113,0.999921503
MCHENRY:ALG 62,MCHENRY:ALGONQUIN ALG 62,MCHENRY:ALG 62,,,,,,,,,,0.873815876,0.059767064,0.015851193,0.03937703,0.008562155,0.000450353,0.3349,0.9125,0.0875,0.8036,0.0135,0,0.0042,0.1574,0.088583223,0.12274575,0.098079848,0.094897473,0.140582426,0.162831736,0.170240363,0.097349656,0.024689524,0.010263874,0.005789477,0.001900752,0.006226229,0.003745715,0.029324731,0.004896834,0.039963794,0.019146314,0.098283092,0.064011278,0.11287682,0.118244445,0.099864963,0.163686099,0.221775583,,-0.078584429,,,,,-0.109243697,595,52.7,121898,239.5307906,-0.280515275,,,-1.347136947,,,,-0.759542024,-0.94715382,mc_lake_2race,MCHENRY,ALG 62,0,0,0,,0,0,1,189,126,84,167,126,84,0.51674,30.41953795,38,0.46282,29.75535239,37,0.01884,15.58808466,20,0.00082,5.979759575,8,0.00036,5.11811439,6,0.0003,6.505589633,8,0.00012,3.221561046,4,MCHENRY:ALG 62,MCHENRY:ALGONQUIN ALG 62,MCHENRY:ALG 62,1,88.24617745,0.908180513,0.908180513,0.908180513,0.908180513,6.304739472,0.908180513,0.908180513,21.82804219,20.43214575,10.45949882,3.960207543,3.780574775,5.568074131,2.570911512,30.12873894,29.45878869,15.5254328,5.934609373,5.085114237,6.480900473,3.19973868,19.50882767,22.31855701,13.88374355,7.24921033,3.492838035,0.001319459,0.001472514,1,0.3,0.2,1,1,1,1,1.4,1,435.0473324,434.8709373,2.767220319,1.766704602,1.000515717,0.006360734,0.004060948,0.002299786,1226.84,126,1
MCHENRY:ALG 63,MCHENRY:ALGONQUIN ALG 63,MCHENRY:ALG 63,,,,,,,,,,0.868466945,0.076324719,0.010053086,0.021384637,0.013117939,0.000731251,0.3473,0.8908,0.1092,0.8266,0.025,0,0,0.1323,0.085165828,0.102004535,0.115500271,0.104371871,0.118196038,0.148000353,0.223361448,0.083363892,0.020035764,0.01419905,0.02949392,0.013911792,0.007228848,0.024998992,0.022634915,0.002430369,0.019304225,0.022462398,0.052368005,0.057727215,0.136884879,0.131519345,0.1074932,0.121291368,0.236051479,,-0.06400606,,,,,-0.037398374,615,53.5,118316,231.5068063,-0.218408883,,,-1.118574329,,,,-0.787308742,-0.781012287,mc_lake_2race,MCHENRY,ALG 63,0,0,0,,0,0,1,224,149,99,176,132,88,0.5157,30.43566387,45,0.46238,29.79999209,44,0.02034,15.57481489,23,0.00062,5.971427752,9,0.00046,5.132302516,8,0.00026,6.52048853,10,0.00024,3.231971761,5,MCHENRY:ALG 63,MCHENRY:ALGONQUIN ALG 63,MCHENRY:ALG 63,1,86.56529266,1.208343085,1.208343085,1.208343085,1.208343085,6.184648824,1.208343085,1.208343085,21.82824277,20.43245035,10.45971036,3.959994749,3.780606826,5.567511492,2.570257295,30.1291793,29.45940595,15.52584641,5.934354432,5.085099616,6.480345428,3.199092057,19.50902825,22.31886161,13.88395509,7.248997535,3.492870086,0.00075682,0.000818297,1,0.3,0.2,1,1,1,1,1.4,1,268.7511891,268.7511693,1.429553987,1.191267048,0.238286939,0.005319247,0.004432602,0.000886645,1287.42,149,1
MCHENRY:ALG 7,MCHENRY:ALGONQUIN ALG 07,MCHENRY:ALG 7,,,,,,,,,,0.669777088,0.252064152,0.020675792,0.029740619,0.037132273,0.000372288,0.2029,0.7222,0.2778,0.9254,0.0101,0,0.0387,0.0257,0.184097207,0.102211046,0.119416749,0.210406471,0.099198123,0.105861039,0.111542807,0.044837173,0.022429386,0.047969938,0.012691334,0.005338614,0.006561546,0.101042345,0.025289167,0.01219501,0.072560581,0.037103773,0.113642865,0.129661694,0.101818483,0.111676016,0.132447084,0.03621635,0.0537852,,0.078280635,,,,,0.175644028,427,41.5,67590,211.8926225,0.38775723,,,-0.440819299,,,,-0.501274847,-0.130103101,mc_lake_2race,MCHENRY,ALG 7,0,0,0,,0,0,1,204,136,91,116,87,58,0.166,24.06752437,33,0.78072,33.07848024,45,0.05178,18.96949822,26,0.0007,6.651736565,9,0.00014,4.19376708,6,0.00048,6.462386614,9,0.00018,3.138552619,4,MCHENRY:ALG 7,MCHENRY:ALGONQUIN ALG 07,MCHENRY:ALG 7,1,71.9808436,3.812748685,3.812748685,3.812748685,3.812748685,5.142664294,3.812748685,3.812748685,19.04111153,25.09423313,14.36641413,5.16910547,3.429320811,5.567993756,2.570663291,23.91891692,32.7639937,18.92957464,6.608243313,4.169421587,6.352251331,3.070921693,16.721897,26.9806444,17.79065886,8.458108256,3.141584071,0.001239083,0.001224293,1,0.3,0.2,1,1,1,1,1.4,1,390.0222155,388.6566036,3.434499714,0.693296392,2.741203322,0.008805908,0.001777582,0.007028326,1367.69,136,1
MCHENRY:ALG 8,MCHENRY:ALGONQUIN ALG 08,MCHENRY:ALG 8,,,,,,,,,,0.839598636,0.097513052,0.02715744,0.026172368,0.010184723,0.00093912,0.2816,0.9274,0.0726,0.8378,0,0.0059,0,0.1563,0.06277105,0.188956555,0.062748437,0.10906714,0.169305866,0.124611222,0.143399668,0.07981094,0.059329121,0.037696367,2.00E-06,0.03250601,0.000280481,0.030206672,0.032935604,0.031083228,0.016113921,0.015528045,0.068226476,0.177851533,0.065943584,0.15552532,0.097440456,0.114302222,0.12435808,,-0.097107182,,,,,0.044722719,559,51,96825,244.8801135,-0.35942543,,,-0.857321249,,,,-0.766473255,-0.670610317,mc_lake_2race,MCHENRY,ALG 8,0,0,0,,0,0,1,201,134,89,186,140,93,0.5188,30.44242486,41,0.46086,29.78152734,40,0.01854,15.57444012,21,0.00062,6.031581869,8,0.00058,5.117946408,7,0.0005,6.562292864,9,0.0001,3.216466752,4,MCHENRY:ALG 8,MCHENRY:ALGONQUIN ALG 08,MCHENRY:ALG 8,1,85.12546313,1.465459421,1.465459421,1.465459421,1.465459421,6.081780345,1.465459421,1.465459421,21.8281894,20.43236929,10.45965407,3.960879456,3.780598297,5.568094821,2.570631868,30.12853984,29.45863639,15.52536466,5.935434512,5.085009991,6.480899965,3.199437839,19.50897487,22.31878056,13.8838988,7.249882243,3.492861557,0.001340148,0.001192871,1,0.3,0.2,1,1,1,1,1.4,1,217.9491258,217.1670594,2.085545227,1.042695026,1.042850201,0.009568954,0.004784121,0.004784833,1004.06,134,0.999953439
MCHENRY:ALG 9,MCHENRY:ALGONQUIN ALG 09,MCHENRY:ALG 9,,,,,,,,,,0.843957266,0.098659168,0.018934282,0.030723735,0.011296408,0.000759882,0.2789,0.9196,0.0804,0.8767,0,0.008,0,0.1153,0.063664976,0.166802583,0.065171967,0.126872096,0.150170047,0.118703541,0.153141999,0.092773556,0.062699234,0.044391439,1.76E-05,0.035881119,4.80E-06,0.036039122,0.038887296,0.036234665,0.013541629,0.01919442,0.069203172,0.183115339,0.064966887,0.133144985,0.095842312,0.106532823,0.123002432,,-0.116451349,,,,,0.152941176,510,52,84039,216.6475761,-0.441834952,,,-0.513044227,,,,-0.814474093,-0.486340749,mc_lake_2race,MCHENRY,ALG 9,0,0,0,,0,0,1,191,127,85,161,121,81,0.51416,30.36119459,39,0.46326,29.68722657,38,0.021,15.67919542,20,0.00052,5.991734773,8,0.00032,5.149434574,7,0.00054,6.537296398,8,0.0002,3.276705482,4,MCHENRY:ALG 9,MCHENRY:ALGONQUIN ALG 09,MCHENRY:ALG 9,1,81.96233314,2.03031267,2.03031267,2.03031267,2.03031267,5.855790834,2.03031267,2.03031267,21.82813866,20.43229224,10.45960056,3.960417653,3.780590189,5.567967145,2.570672519,30.12875366,29.45885716,15.52549147,5.934868703,5.08507192,6.480787037,3.199493238,19.50892414,22.31870351,13.88384529,7.249420439,3.492853449,0.001212472,0.001233522,1,0.3,0.2,1,1,1,1,1.4,1,232.6173006,231.7825323,2.22607159,1.112872817,1.113198774,0.009569673,0.004784136,0.004785537,1520.16,127,1
